{
"type": "FeatureCollection",
"name": "adm_1",
"crs": { "type": "name", "properties": { "name": "urn:ogc:def:crs:OGC:1.3:CRS84" } },
"xy_coordinate_resolution": 1e-05,
"features": [
{"type":"Feature","properties":{"GID_0":"DEU","COUNTRY":"Germany","GID_1":"DEU.11_1","NAME_1":"Rheinland-Pfalz","VARNAME_1":"Rhineland-Palatinate","NL_NAME_1":"NA","TYPE_1":"Land","ENGTYPE_1":"State","CC_1":"07","HASC_1":"DE.RP","ISO_1":"DE-RP"},"geometry":{"type":"Polygon","coordinates":[[[7.64112,49.05281],[7.63539,49.05401],[7.6312,49.05489],[7.63262,49.05861],[7.63259,49.06073],[7.63255,49.0638],[7.63224,49.06408],[7.63056,49.0657],[7.63095,49.06749],[7.6311,49.06909],[7.63105,49.06965],[7.63052,49.07096],[7.63031,49.07148],[7.63062,49.0722],[7.63082,49.07264],[7.62931,49.07355],[7.62647,49.07372],[7.62094,49.07405],[7.62014,49.07411],[7.61024,49.07842],[7.60772,49.08012],[7.60733,49.08038],[7.60598,49.08126],[7.60405,49.08202],[7.60254,49.08261],[7.60097,49.08323],[7.59866,49.08295],[7.59309,49.08263],[7.58705,49.08178],[7.58538,49.08158],[7.58515,49.08155],[7.5801,49.08097],[7.57763,49.08074],[7.56911,49.07952],[7.56682,49.07991],[7.56362,49.08023],[7.55884,49.08224],[7.55622,49.08334],[7.55534,49.08371],[7.54979,49.08584],[7.54825,49.08661],[7.54459,49.08844],[7.54252,49.08981],[7.54045,49.0911],[7.53569,49.09359],[7.5363,49.09441],[7.5378,49.09642],[7.53728,49.09645],[7.53169,49.09686],[7.5305,49.09695],[7.52868,49.09709],[7.52879,49.09781],[7.52908,49.09963],[7.52946,49.10205],[7.52909,49.10239],[7.52835,49.10361],[7.52632,49.1036],[7.52558,49.10378],[7.52519,49.10387],[7.52453,49.10458],[7.52465,49.10489],[7.52473,49.10511],[7.52435,49.10524],[7.52409,49.10533],[7.52389,49.10559],[7.52373,49.1058],[7.52352,49.10606],[7.52198,49.10786],[7.52087,49.11003],[7.52121,49.11152],[7.52126,49.11177],[7.5201,49.11415],[7.51919,49.11585],[7.51886,49.11647],[7.51683,49.11919],[7.51551,49.12096],[7.51167,49.12243],[7.50911,49.12241],[7.50552,49.12237],[7.5042,49.12487],[7.5036,49.12608],[7.50239,49.12749],[7.50107,49.12904],[7.50104,49.12952],[7.50008,49.1306],[7.49931,49.1324],[7.49832,49.13364],[7.49757,49.13457],[7.49666,49.13537],[7.49539,49.13576],[7.49284,49.13607],[7.48985,49.13644],[7.48957,49.13647],[7.48956,49.13652],[7.48922,49.13821],[7.48908,49.13897],[7.48934,49.14006],[7.48966,49.14143],[7.48986,49.14228],[7.49452,49.14147],[7.49526,49.14135],[7.49664,49.14244],[7.49593,49.14288],[7.49576,49.14299],[7.49523,49.14359],[7.49636,49.14481],[7.49766,49.1462],[7.49821,49.14662],[7.49858,49.14691],[7.50023,49.14807],[7.50064,49.14836],[7.50134,49.14885],[7.50219,49.14944],[7.50238,49.1495],[7.50261,49.14957],[7.50346,49.14984],[7.50447,49.15011],[7.50598,49.15052],[7.50604,49.15115],[7.50615,49.15225],[7.50627,49.15345],[7.50631,49.15383],[7.50633,49.15404],[7.50641,49.15471],[7.50542,49.15479],[7.50292,49.15501],[7.50196,49.15514],[7.50097,49.15527],[7.49761,49.15572],[7.49605,49.15507],[7.4958,49.15553],[7.49553,49.15603],[7.49527,49.15654],[7.49492,49.15719],[7.49445,49.15809],[7.49433,49.15832],[7.49426,49.15846],[7.49333,49.16034],[7.49321,49.16059],[7.49252,49.16428],[7.49272,49.16482],[7.49343,49.16674],[7.49372,49.16754],[7.49379,49.16774],[7.49407,49.16859],[7.49398,49.16936],[7.4912,49.16904],[7.49119,49.16939],[7.48228,49.16967],[7.47736,49.16874],[7.47733,49.16874],[7.47637,49.1687],[7.47538,49.16866],[7.47482,49.16863],[7.47221,49.16852],[7.46734,49.1673],[7.46685,49.16658],[7.46628,49.16573],[7.46439,49.16427],[7.46147,49.16328],[7.45975,49.16282],[7.45771,49.16302],[7.45705,49.16414],[7.45702,49.16418],[7.45654,49.16492],[7.45616,49.16528],[7.45562,49.16563],[7.45519,49.16607],[7.45484,49.16651],[7.45425,49.16689],[7.45352,49.16708],[7.45286,49.16722],[7.45179,49.1674],[7.45172,49.16745],[7.45103,49.16767],[7.44996,49.16809],[7.44905,49.16848],[7.44835,49.1687],[7.44819,49.16875],[7.44722,49.16875],[7.44616,49.16843],[7.44523,49.16796],[7.44433,49.16746],[7.44394,49.16706],[7.44373,49.16684],[7.44281,49.16613],[7.44181,49.16539],[7.44068,49.16489],[7.4397,49.16454],[7.43814,49.16434],[7.43698,49.16434],[7.43588,49.16452],[7.43446,49.16477],[7.43335,49.16518],[7.43279,49.16572],[7.43272,49.16617],[7.4329,49.16665],[7.43302,49.16723],[7.43287,49.1677],[7.43288,49.16812],[7.43338,49.16843],[7.43446,49.16864],[7.43565,49.16888],[7.43687,49.16916],[7.43801,49.16956],[7.43907,49.16993],[7.43969,49.17016],[7.44006,49.1703],[7.44098,49.17085],[7.44151,49.17144],[7.44171,49.17203],[7.44167,49.17268],[7.4415,49.17342],[7.44125,49.17383],[7.44097,49.1743],[7.44032,49.17499],[7.43968,49.17558],[7.43918,49.17591],[7.43869,49.176],[7.43779,49.17619],[7.43717,49.17654],[7.43634,49.17696],[7.43603,49.17738],[7.436,49.1778],[7.43581,49.17834],[7.43567,49.17866],[7.43568,49.17916],[7.43588,49.17966],[7.43666,49.18013],[7.4376,49.1805],[7.43859,49.18077],[7.43935,49.18079],[7.44011,49.18086],[7.44057,49.18116],[7.44127,49.18155],[7.44214,49.18181],[7.44296,49.18207],[7.44399,49.18244],[7.44473,49.18275],[7.44514,49.18318],[7.44532,49.1834],[7.44552,49.18364],[7.44565,49.18415],[7.44437,49.18398],[7.4258,49.18139],[7.41092,49.17929],[7.41069,49.17926],[7.40444,49.17838],[7.39137,49.17652],[7.38639,49.17579],[7.3834,49.17535],[7.38242,49.17521],[7.38186,49.17513],[7.38084,49.17501],[7.37979,49.17491],[7.37929,49.17486],[7.37283,49.17355],[7.36657,49.17227],[7.36514,49.17184],[7.3652,49.17112],[7.36515,49.17042],[7.36496,49.16972],[7.36497,49.16914],[7.36513,49.16862],[7.36514,49.16779],[7.36502,49.16716],[7.36525,49.1662],[7.36527,49.16611],[7.36564,49.1648],[7.36586,49.1643],[7.36627,49.16383],[7.36851,49.16249],[7.36879,49.16222],[7.36887,49.1618],[7.36876,49.16146],[7.36654,49.16191],[7.36577,49.16046],[7.36267,49.15839],[7.36223,49.15925],[7.36117,49.1613],[7.35405,49.16109],[7.35015,49.16284],[7.34872,49.16405],[7.34869,49.1652],[7.34755,49.16525],[7.34625,49.16713],[7.34585,49.16861],[7.34601,49.16947],[7.34502,49.16998],[7.34522,49.17088],[7.34419,49.17125],[7.34312,49.17301],[7.33817,49.17402],[7.33588,49.17587],[7.33561,49.17746],[7.33536,49.17891],[7.33532,49.18058],[7.33621,49.18144],[7.33767,49.18335],[7.33849,49.18443],[7.3372,49.18521],[7.33401,49.18616],[7.33184,49.18658],[7.33118,49.18718],[7.32682,49.18832],[7.32121,49.18852],[7.32034,49.1895],[7.31999,49.18964],[7.31965,49.19001],[7.31934,49.19051],[7.31833,49.19102],[7.31724,49.19146],[7.31513,49.19314],[7.31146,49.1971],[7.31051,49.19813],[7.30574,49.20104],[7.30485,49.20295],[7.30444,49.20459],[7.30354,49.20577],[7.29803,49.20395],[7.2965,49.20471],[7.29576,49.20535],[7.29602,49.20667],[7.3,49.20839],[7.30128,49.20948],[7.29912,49.21053],[7.29841,49.21131],[7.29811,49.21319],[7.29828,49.21402],[7.29935,49.21488],[7.30113,49.21579],[7.30142,49.21663],[7.30265,49.21649],[7.30313,49.21779],[7.30198,49.21807],[7.30239,49.2198],[7.30252,49.22204],[7.304,49.22211],[7.30288,49.22326],[7.29652,49.22608],[7.29425,49.22668],[7.28896,49.23059],[7.29058,49.23127],[7.29252,49.23343],[7.2945,49.23471],[7.28932,49.23631],[7.29131,49.23728],[7.28913,49.23782],[7.28973,49.23867],[7.29206,49.23983],[7.29549,49.24024],[7.29679,49.24123],[7.30149,49.24356],[7.30346,49.2455],[7.3036,49.24663],[7.30293,49.251],[7.30479,49.25212],[7.30439,49.25319],[7.30721,49.25487],[7.30652,49.25614],[7.30953,49.25685],[7.31219,49.25703],[7.31213,49.25513],[7.31267,49.25446],[7.31424,49.25368],[7.3159,49.25149],[7.31937,49.24981],[7.32262,49.2476],[7.32455,49.24814],[7.32694,49.25239],[7.32779,49.25456],[7.32486,49.25746],[7.32687,49.25868],[7.33,49.26044],[7.33083,49.25975],[7.33309,49.26115],[7.33639,49.26239],[7.33766,49.26312],[7.33908,49.26393],[7.33962,49.26494],[7.34186,49.26689],[7.34254,49.26846],[7.34402,49.27044],[7.34434,49.27183],[7.34419,49.27337],[7.34351,49.27428],[7.34129,49.27411],[7.33975,49.27495],[7.33769,49.27572],[7.33578,49.27627],[7.33496,49.27753],[7.33446,49.27829],[7.33666,49.27899],[7.33816,49.27996],[7.34155,49.28146],[7.34446,49.28183],[7.34637,49.28177],[7.3477,49.28109],[7.34977,49.28221],[7.35258,49.28291],[7.35582,49.28372],[7.35496,49.28221],[7.35998,49.27926],[7.36178,49.27884],[7.36377,49.27851],[7.36533,49.27813],[7.36588,49.28017],[7.36511,49.28149],[7.36701,49.28309],[7.36901,49.28266],[7.3717,49.28091],[7.37278,49.28181],[7.37472,49.28291],[7.38543,49.29412],[7.38278,49.29464],[7.37998,49.2976],[7.37968,49.30083],[7.37942,49.30174],[7.38131,49.30375],[7.38054,49.30539],[7.38067,49.30674],[7.38279,49.30797],[7.38353,49.30917],[7.38402,49.30995],[7.38749,49.31051],[7.38977,49.30974],[7.39188,49.3096],[7.39144,49.31042],[7.38994,49.31126],[7.39022,49.31224],[7.39445,49.31466],[7.39449,49.31635],[7.39395,49.31724],[7.39317,49.31846],[7.3924,49.32068],[7.39006,49.32074],[7.38792,49.32067],[7.38554,49.32045],[7.38412,49.31955],[7.38297,49.31889],[7.38229,49.31806],[7.38148,49.31758],[7.3808,49.31663],[7.37772,49.31874],[7.37773,49.32039],[7.3794,49.32004],[7.3805,49.32073],[7.3818,49.32195],[7.38405,49.32184],[7.38816,49.32491],[7.3928,49.32826],[7.3938,49.32951],[7.39326,49.33038],[7.39594,49.33229],[7.39689,49.33515],[7.39645,49.33597],[7.39998,49.33669],[7.40053,49.3377],[7.39951,49.33838],[7.39949,49.33955],[7.40259,49.3431],[7.40089,49.34323],[7.40094,49.34455],[7.40268,49.34477],[7.40377,49.34612],[7.40181,49.34732],[7.40112,49.3465],[7.39834,49.3479],[7.39902,49.3491],[7.39867,49.35049],[7.39754,49.35052],[7.39617,49.35051],[7.39225,49.35018],[7.38989,49.34983],[7.39149,49.35225],[7.39089,49.35344],[7.39392,49.35407],[7.39672,49.3542],[7.39946,49.35406],[7.40263,49.35621],[7.40078,49.35772],[7.39776,49.35916],[7.39384,49.36212],[7.39335,49.36348],[7.39538,49.36465],[7.39979,49.36632],[7.40208,49.36772],[7.40132,49.37052],[7.40035,49.37124],[7.39984,49.37174],[7.398,49.37229],[7.3959,49.37205],[7.38087,49.36666],[7.37902,49.36603],[7.37474,49.36512],[7.37331,49.36468],[7.37176,49.36416],[7.36993,49.3637],[7.36892,49.36353],[7.36687,49.36319],[7.36651,49.36442],[7.36666,49.3691],[7.3685,49.36989],[7.36911,49.37398],[7.36555,49.37466],[7.35912,49.37499],[7.3574,49.37495],[7.35484,49.37442],[7.35582,49.37977],[7.35157,49.38045],[7.34615,49.38084],[7.34069,49.38083],[7.33693,49.38053],[7.33457,49.37991],[7.33136,49.37885],[7.32941,49.38019],[7.32687,49.38027],[7.3233,49.38021],[7.32169,49.38088],[7.31775,49.3814],[7.31603,49.38274],[7.3162,49.38433],[7.31307,49.38514],[7.30297,49.38742],[7.30413,49.38884],[7.30195,49.3894],[7.29926,49.38944],[7.29948,49.38813],[7.29723,49.38832],[7.29677,49.38931],[7.28934,49.38881],[7.28943,49.38964],[7.29214,49.39285],[7.28966,49.3933],[7.29436,49.39589],[7.29894,49.39852],[7.29781,49.3989],[7.29424,49.40101],[7.29722,49.40458],[7.29655,49.40497],[7.2926,49.40822],[7.292,49.40917],[7.29013,49.41115],[7.28939,49.41235],[7.28969,49.41405],[7.29007,49.41471],[7.28853,49.41644],[7.2863,49.4174],[7.2824,49.41751],[7.27891,49.41927],[7.27831,49.42025],[7.27885,49.42076],[7.275,49.42202],[7.27279,49.42421],[7.27039,49.42474],[7.26912,49.42397],[7.26688,49.42442],[7.26538,49.42444],[7.26096,49.42362],[7.26086,49.42493],[7.25961,49.42527],[7.26041,49.42619],[7.25697,49.4261],[7.25584,49.42859],[7.25579,49.42971],[7.25404,49.42988],[7.25259,49.43147],[7.25025,49.43518],[7.25383,49.43614],[7.25241,49.43702],[7.25533,49.4406],[7.25362,49.44055],[7.25273,49.44193],[7.24981,49.44295],[7.24777,49.44395],[7.24644,49.44552],[7.25016,49.44701],[7.2527,49.44805],[7.25811,49.44877],[7.26052,49.44943],[7.26422,49.4507],[7.26652,49.45149],[7.26825,49.45162],[7.27033,49.45125],[7.27347,49.45182],[7.27342,49.45275],[7.27327,49.45433],[7.27481,49.45566],[7.27749,49.45611],[7.28165,49.4569],[7.28693,49.45769],[7.28627,49.46008],[7.28971,49.46136],[7.28982,49.46228],[7.29756,49.46465],[7.29936,49.46595],[7.30109,49.46669],[7.30057,49.46813],[7.3006,49.46895],[7.30141,49.47007],[7.30295,49.47137],[7.30483,49.47245],[7.30492,49.47419],[7.304,49.47556],[7.3012,49.47673],[7.29977,49.4788],[7.29684,49.48355],[7.29506,49.48329],[7.29275,49.48211],[7.29185,49.48258],[7.29093,49.48306],[7.28515,49.4832],[7.28274,49.48368],[7.2795,49.48375],[7.27814,49.48428],[7.27916,49.48465],[7.28192,49.48603],[7.27977,49.48711],[7.28149,49.48846],[7.28235,49.491],[7.28278,49.49229],[7.28307,49.49546],[7.28343,49.49633],[7.28476,49.49804],[7.28707,49.49906],[7.28684,49.50018],[7.28647,49.5009],[7.28561,49.50121],[7.28436,49.50151],[7.28328,49.50166],[7.28289,49.50156],[7.28274,49.50195],[7.28299,49.50275],[7.28387,49.50384],[7.28457,49.50435],[7.28543,49.50465],[7.28201,49.50581],[7.28254,49.50723],[7.28316,49.50854],[7.28277,49.51051],[7.28369,49.51103],[7.28459,49.5114],[7.28566,49.51157],[7.28712,49.51203],[7.28792,49.51231],[7.28931,49.51253],[7.28901,49.51302],[7.28762,49.51411],[7.28569,49.51691],[7.28689,49.51712],[7.28791,49.51858],[7.28951,49.5195],[7.29149,49.52009],[7.29275,49.52033],[7.29232,49.52158],[7.29399,49.52206],[7.29711,49.52289],[7.29842,49.52109],[7.29882,49.52062],[7.30165,49.52163],[7.30236,49.52055],[7.30101,49.52001],[7.29882,49.51913],[7.29867,49.51793],[7.30105,49.51797],[7.30385,49.51876],[7.30783,49.51995],[7.30698,49.52145],[7.30987,49.52322],[7.30692,49.52613],[7.30279,49.5274],[7.30085,49.53028],[7.29971,49.52956],[7.29897,49.53138],[7.30066,49.53314],[7.30241,49.53396],[7.30201,49.53481],[7.2997,49.53475],[7.29709,49.53457],[7.29347,49.53479],[7.29075,49.53484],[7.28843,49.53516],[7.28635,49.53551],[7.28418,49.53611],[7.28318,49.53635],[7.28052,49.53684],[7.2783,49.53702],[7.27704,49.53735],[7.27644,49.53802],[7.27647,49.53899],[7.27651,49.54058],[7.2766,49.54195],[7.27652,49.54317],[7.2755,49.54515],[7.27561,49.5481],[7.27662,49.54862],[7.27474,49.54961],[7.27352,49.55208],[7.27352,49.55262],[7.27331,49.55477],[7.27425,49.55508],[7.27404,49.55895],[7.27473,49.55991],[7.27486,49.56057],[7.27462,49.56107],[7.27307,49.56227],[7.27105,49.56226],[7.26921,49.56223],[7.26748,49.56388],[7.26916,49.56501],[7.26772,49.56808],[7.26605,49.56935],[7.26376,49.57061],[7.26241,49.57191],[7.2621,49.57361],[7.26221,49.57466],[7.26279,49.57593],[7.26419,49.5773],[7.26557,49.57858],[7.26619,49.57969],[7.26663,49.58077],[7.26726,49.58211],[7.26798,49.58313],[7.2687,49.58408],[7.26712,49.58419],[7.26528,49.5843],[7.2636,49.58417],[7.26134,49.58318],[7.26029,49.58231],[7.26019,49.582],[7.25894,49.57851],[7.25754,49.57715],[7.2573,49.57705],[7.25373,49.57538],[7.253,49.5745],[7.25258,49.57399],[7.25136,49.57414],[7.24949,49.57438],[7.24777,49.57423],[7.2422,49.57388],[7.24078,49.57322],[7.24093,49.57177],[7.24191,49.57103],[7.24083,49.56897],[7.23796,49.56858],[7.23585,49.56797],[7.23436,49.56754],[7.23148,49.56805],[7.22828,49.56559],[7.2244,49.56483],[7.22219,49.56504],[7.21896,49.56534],[7.21639,49.56557],[7.21335,49.56585],[7.21254,49.56638],[7.21001,49.56801],[7.20976,49.56817],[7.21037,49.56878],[7.21208,49.57111],[7.21277,49.57275],[7.21401,49.57446],[7.21226,49.57551],[7.21079,49.57632],[7.21,49.57715],[7.2061,49.57754],[7.19991,49.57716],[7.19678,49.57784],[7.19544,49.57677],[7.19298,49.57669],[7.19031,49.5771],[7.18837,49.57566],[7.18716,49.57598],[7.18711,49.57889],[7.18675,49.57972],[7.18535,49.58017],[7.18427,49.58036],[7.18346,49.58078],[7.18214,49.58266],[7.18034,49.58332],[7.17539,49.58514],[7.17345,49.58508],[7.17225,49.58651],[7.1711,49.58788],[7.17284,49.58797],[7.17359,49.5912],[7.17509,49.59463],[7.17499,49.5978],[7.17371,49.59907],[7.16864,49.59715],[7.16544,49.59705],[7.16152,49.59855],[7.15553,49.60272],[7.15434,49.60323],[7.15299,49.6035],[7.15172,49.60371],[7.1509,49.60373],[7.14931,49.60368],[7.14793,49.60353],[7.14708,49.60329],[7.1461,49.60294],[7.1457,49.60257],[7.14466,49.601],[7.1441,49.59996],[7.14358,49.59946],[7.14281,49.59882],[7.14167,49.59828],[7.14005,49.59768],[7.13866,49.59732],[7.13596,49.5967],[7.13436,49.59643],[7.13287,49.59621],[7.13147,49.59604],[7.12992,49.59589],[7.12473,49.59562],[7.1184,49.59598],[7.11436,49.59767],[7.11202,49.59714],[7.11024,49.59861],[7.10906,49.59845],[7.10807,49.59876],[7.1048,49.59903],[7.10459,49.60115],[7.10346,49.60225],[7.10328,49.60442],[7.10198,49.60557],[7.10016,49.60568],[7.09971,49.60479],[7.10064,49.60243],[7.09915,49.60272],[7.09728,49.60269],[7.0957,49.60336],[7.09299,49.60359],[7.0918,49.60228],[7.08898,49.59941],[7.08767,49.59958],[7.08686,49.60124],[7.08697,49.60224],[7.08367,49.60324],[7.08472,49.605],[7.0831,49.60658],[7.07979,49.61133],[7.07963,49.61208],[7.07742,49.61351],[7.07615,49.6146],[7.07527,49.61535],[7.07288,49.61731],[7.07219,49.61805],[7.06827,49.62377],[7.06429,49.62671],[7.06285,49.62778],[7.05908,49.63048],[7.05601,49.6315],[7.0521,49.63204],[7.05058,49.63214],[7.04154,49.63482],[7.03095,49.63833],[7.02798,49.63944],[7.0263,49.63848],[7.02002,49.63293],[7.0171,49.63103],[7.0124,49.62836],[7.00831,49.62948],[7.00521,49.63076],[7.00302,49.63144],[7.00102,49.63088],[7.00082,49.63064],[6.9998,49.62984],[6.99922,49.62932],[6.99808,49.62869],[6.99705,49.62831],[6.99607,49.62788],[6.99497,49.6272],[6.99408,49.6263],[6.99352,49.62542],[6.99286,49.62455],[6.99215,49.62384],[6.99126,49.62351],[6.99013,49.62331],[6.9892,49.62294],[6.98837,49.62244],[6.98732,49.62167],[6.98658,49.62117],[6.98596,49.62073],[6.98578,49.62215],[6.98598,49.62302],[6.98671,49.62384],[6.98772,49.62457],[6.98859,49.62525],[6.98882,49.6258],[6.98818,49.62757],[6.98775,49.62831],[6.98769,49.62909],[6.98808,49.62981],[6.98916,49.63063],[6.99021,49.63122],[6.99113,49.63187],[6.99181,49.63255],[6.99188,49.63348],[6.9916,49.63457],[6.99153,49.63547],[6.98967,49.63475],[6.98889,49.63293],[6.98754,49.63363],[6.98077,49.63293],[6.97768,49.63271],[6.97896,49.63454],[6.9784,49.63589],[6.97508,49.63541],[6.9747,49.6339],[6.97233,49.63341],[6.96874,49.63199],[6.96681,49.63039],[6.96432,49.63068],[6.96022,49.6291],[6.95884,49.63078],[6.95769,49.62981],[6.95646,49.62883],[6.95501,49.62773],[6.9551,49.62655],[6.9514,49.62512],[6.9494,49.62606],[6.94925,49.62866],[6.948,49.63203],[6.94861,49.63513],[6.94516,49.63587],[6.94092,49.63492],[6.93869,49.63385],[6.93276,49.63103],[6.93321,49.63071],[6.93333,49.63028],[6.93314,49.62979],[6.93287,49.62935],[6.9329,49.62889],[6.93309,49.62852],[6.93385,49.62803],[6.93438,49.62764],[6.93459,49.62748],[6.93541,49.62692],[6.93617,49.62626],[6.93683,49.62564],[6.93705,49.62511],[6.93713,49.62453],[6.93694,49.6241],[6.93644,49.62363],[6.9354,49.62332],[6.93453,49.62321],[6.93406,49.623],[6.93397,49.62213],[6.9342,49.62107],[6.93452,49.62009],[6.93509,49.61943],[6.9353,49.61919],[6.93683,49.6182],[6.93778,49.61774],[6.93501,49.61597],[6.93359,49.6167],[6.92769,49.61829],[6.92737,49.61734],[6.92844,49.61651],[6.92816,49.61529],[6.93102,49.61446],[6.92958,49.61243],[6.92807,49.61263],[6.92621,49.6122],[6.92579,49.61359],[6.92476,49.61502],[6.92319,49.61537],[6.92143,49.61666],[6.91838,49.61654],[6.91567,49.61661],[6.91101,49.61605],[6.90632,49.61414],[6.90221,49.61436],[6.89967,49.61463],[6.89654,49.61533],[6.89549,49.61582],[6.8931,49.61665],[6.89145,49.61629],[6.89042,49.61517],[6.89145,49.61342],[6.88887,49.61326],[6.88754,49.61347],[6.88606,49.61293],[6.88509,49.61099],[6.88666,49.61065],[6.88699,49.60922],[6.89072,49.60757],[6.88981,49.60628],[6.88374,49.60855],[6.8826,49.60844],[6.87996,49.60618],[6.87956,49.60117],[6.87928,49.60139],[6.87899,49.60161],[6.87865,49.60179],[6.8783,49.60194],[6.87732,49.60225],[6.87562,49.60286],[6.87506,49.60308],[6.87452,49.60331],[6.874,49.60356],[6.87351,49.60384],[6.8732,49.60403],[6.8729,49.60424],[6.87247,49.60456],[6.8722,49.60478],[6.87184,49.60514],[6.8716,49.60538],[6.87146,49.60564],[6.87134,49.60591],[6.87124,49.60617],[6.87115,49.60645],[6.87104,49.60686],[6.87079,49.60785],[6.87061,49.60839],[6.86822,49.60843],[6.86644,49.60866],[6.86415,49.60787],[6.86025,49.60647],[6.85789,49.60563],[6.85721,49.60518],[6.85516,49.60243],[6.85398,49.60026],[6.85095,49.59612],[6.84817,49.59231],[6.84748,49.59145],[6.84601,49.58962],[6.84535,49.59],[6.84316,49.59131],[6.84217,49.59299],[6.83986,49.59272],[6.83912,49.59264],[6.83934,49.59229],[6.83946,49.5921],[6.83992,49.59024],[6.84033,49.58879],[6.84003,49.58739],[6.839,49.58609],[6.83806,49.58521],[6.83742,49.58491],[6.83675,49.58469],[6.83613,49.58413],[6.83554,49.58335],[6.83542,49.58293],[6.83289,49.58428],[6.82646,49.58708],[6.82426,49.58841],[6.8223,49.58636],[6.82116,49.58749],[6.81977,49.58869],[6.81689,49.59035],[6.81344,49.592],[6.81186,49.59126],[6.80957,49.59061],[6.80573,49.58921],[6.80166,49.58807],[6.80093,49.58662],[6.79821,49.58635],[6.79323,49.58138],[6.7898,49.57988],[6.78712,49.57622],[6.78173,49.57253],[6.77816,49.57022],[6.77469,49.56952],[6.77213,49.56913],[6.76969,49.56886],[6.7675,49.56904],[6.76458,49.56776],[6.76148,49.5649],[6.75844,49.56255],[6.75688,49.56144],[6.7557,49.56112],[6.75419,49.56026],[6.75085,49.55913],[6.7474,49.55781],[6.74604,49.55774],[6.74205,49.5574],[6.73841,49.55774],[6.73535,49.55853],[6.73426,49.5603],[6.72834,49.55899],[6.72281,49.55624],[6.71872,49.55571],[6.7176,49.55548],[6.71006,49.55385],[6.70909,49.55351],[6.70858,49.55331],[6.70798,49.55281],[6.70754,49.55213],[6.70707,49.55138],[6.70647,49.55082],[6.70604,49.55028],[6.70565,49.54966],[6.7052,49.54896],[6.70487,49.5484],[6.70458,49.54757],[6.70422,49.54671],[6.70392,49.54629],[6.70323,49.54579],[6.70277,49.54529],[6.70229,49.54471],[6.70166,49.54424],[6.70154,49.5438],[6.70133,49.54318],[6.70108,49.54268],[6.7009,49.54226],[6.70045,49.54175],[6.69996,49.5412],[6.69944,49.54083],[6.69868,49.54044],[6.69805,49.54017],[6.69625,49.54],[6.69509,49.53986],[6.69425,49.5398],[6.69364,49.53955],[6.69342,49.5391],[6.69348,49.53846],[6.69359,49.53782],[6.6924,49.53659],[6.69045,49.5352],[6.68846,49.53616],[6.68709,49.53975],[6.68713,49.5416],[6.68483,49.54419],[6.68506,49.54684],[6.68348,49.54844],[6.67976,49.54703],[6.67374,49.54585],[6.66736,49.54382],[6.66411,49.54274],[6.65821,49.54395],[6.65764,49.54595],[6.65459,49.54941],[6.65339,49.55053],[6.65295,49.55084],[6.65282,49.55093],[6.65247,49.55116],[6.65043,49.54951],[6.65105,49.54793],[6.65168,49.54648],[6.65152,49.54476],[6.65148,49.54396],[6.65095,49.54338],[6.64955,49.54199],[6.64834,49.54066],[6.64595,49.53914],[6.6442,49.53902],[6.64135,49.53775],[6.6411,49.54024],[6.63603,49.54193],[6.63468,49.5418],[6.63277,49.5419],[6.63088,49.54135],[6.63001,49.54017],[6.6287,49.53947],[6.62782,49.53832],[6.62641,49.53839],[6.62455,49.53792],[6.62166,49.53662],[6.61986,49.53653],[6.61788,49.53592],[6.61837,49.53539],[6.62008,49.53323],[6.6206,49.53239],[6.62106,49.53157],[6.62124,49.53093],[6.62124,49.53026],[6.62085,49.52943],[6.62014,49.52896],[6.61922,49.52866],[6.61786,49.52858],[6.61656,49.52857],[6.61473,49.5287],[6.61295,49.52835],[6.61196,49.52917],[6.60985,49.52967],[6.60632,49.52799],[6.60728,49.52709],[6.60821,49.52607],[6.60899,49.52501],[6.60955,49.524],[6.60999,49.52307],[6.6104,49.52206],[6.61032,49.52108],[6.61005,49.52044],[6.60946,49.51977],[6.6085,49.51908],[6.60718,49.51837],[6.60581,49.51782],[6.60477,49.51731],[6.60468,49.51726],[6.60358,49.518],[6.6014,49.51825],[6.59974,49.51845],[6.59815,49.51863],[6.59534,49.51881],[6.5913,49.51702],[6.58843,49.51747],[6.58688,49.51929],[6.58454,49.51952],[6.57973,49.52219],[6.5802,49.52483],[6.57942,49.52881],[6.57829,49.53013],[6.57421,49.53444],[6.57292,49.53465],[6.57179,49.53613],[6.5687,49.53766],[6.56519,49.53793],[6.56396,49.54056],[6.5617,49.53982],[6.55976,49.53777],[6.5564,49.53728],[6.55475,49.53596],[6.54952,49.53723],[6.5448,49.53764],[6.54124,49.53841],[6.53855,49.53945],[6.53533,49.53738],[6.53264,49.53564],[6.52992,49.53367],[6.52789,49.53218],[6.52521,49.52944],[6.52292,49.52834],[6.52128,49.52855],[6.51958,49.5291],[6.51875,49.52868],[6.51744,49.52755],[6.51614,49.52782],[6.51532,49.52841],[6.51486,49.52922],[6.51507,49.53024],[6.51517,49.53081],[6.51519,49.53094],[6.51518,49.53108],[6.51514,49.53122],[6.51508,49.53136],[6.51497,49.53162],[6.5144,49.53263],[6.51439,49.53318],[6.51448,49.53375],[6.5148,49.53428],[6.51486,49.53441],[6.5149,49.53455],[6.51493,49.53483],[6.51493,49.53508],[6.51358,49.53513],[6.51114,49.53433],[6.50955,49.53544],[6.50756,49.53527],[6.50058,49.53228],[6.49929,49.53036],[6.49751,49.53111],[6.49412,49.53062],[6.49055,49.53182],[6.4873,49.53287],[6.48568,49.53377],[6.48371,49.53559],[6.48183,49.53847],[6.47999,49.53993],[6.47675,49.54167],[6.47324,49.54304],[6.47154,49.54361],[6.46792,49.54436],[6.46701,49.54301],[6.46667,49.54311],[6.46508,49.54361],[6.46361,49.54406],[6.46261,49.54287],[6.45987,49.54214],[6.45975,49.54207],[6.4568,49.54034],[6.45268,49.53841],[6.45033,49.53957],[6.45101,49.54044],[6.44947,49.54204],[6.45052,49.54317],[6.44932,49.54395],[6.44737,49.54233],[6.44406,49.54293],[6.4426,49.54504],[6.43886,49.54478],[6.43835,49.54626],[6.43373,49.54738],[6.43278,49.54782],[6.4303,49.54896],[6.42451,49.54766],[6.42445,49.54669],[6.42087,49.54571],[6.41835,49.54401],[6.41666,49.54395],[6.41432,49.54326],[6.41496,49.54566],[6.41406,49.54636],[6.41091,49.54708],[6.40771,49.5475],[6.4041,49.54859],[6.39956,49.54781],[6.39697,49.5481],[6.39391,49.54745],[6.39147,49.54841],[6.38916,49.54823],[6.38526,49.54949],[6.3825,49.55134],[6.38005,49.55111],[6.38148,49.55379],[6.38182,49.55452],[6.38208,49.55541],[6.38216,49.55569],[6.38222,49.55596],[6.38225,49.5561],[6.38226,49.55637],[6.38223,49.55665],[6.38218,49.55694],[6.3821,49.55722],[6.38197,49.55749],[6.38185,49.55776],[6.38169,49.55801],[6.3814,49.55841],[6.38082,49.55898],[6.38006,49.55951],[6.37673,49.56134],[6.3762,49.56163],[6.37381,49.56288],[6.36995,49.56477],[6.36967,49.56491],[6.36496,49.56722],[6.36136,49.56905],[6.35901,49.5703],[6.3582,49.57089],[6.35777,49.57146],[6.35751,49.57226],[6.35755,49.57291],[6.35785,49.57382],[6.35874,49.57463],[6.35962,49.57537],[6.36126,49.57633],[6.36342,49.57722],[6.36583,49.57805],[6.36768,49.57864],[6.36914,49.57885],[6.37038,49.5789],[6.37149,49.57866],[6.37238,49.57835],[6.37328,49.57786],[6.37438,49.57728],[6.37556,49.57685],[6.37692,49.57647],[6.37831,49.5764],[6.37972,49.57667],[6.38096,49.57718],[6.381,49.57721],[6.38163,49.57776],[6.38205,49.57842],[6.38217,49.57924],[6.38214,49.58007],[6.38189,49.58084],[6.38146,49.58138],[6.38109,49.58164],[6.38066,49.58194],[6.37868,49.58317],[6.37731,49.58411],[6.37628,49.585],[6.37529,49.58599],[6.37465,49.58677],[6.37418,49.58778],[6.37406,49.58832],[6.37396,49.58876],[6.37406,49.58982],[6.37442,49.5911],[6.37493,49.59189],[6.37598,49.59293],[6.37812,49.59465],[6.3782,49.59472],[6.3806,49.59662],[6.38089,49.59685],[6.38463,49.59928],[6.38582,49.59988],[6.38718,49.60015],[6.38842,49.6002],[6.39065,49.60028],[6.39238,49.60033],[6.39359,49.60048],[6.39528,49.60082],[6.39556,49.60091],[6.39695,49.60137],[6.39851,49.60205],[6.39984,49.60272],[6.40119,49.6036],[6.40231,49.60445],[6.40331,49.60554],[6.40444,49.60704],[6.40552,49.60869],[6.40658,49.60966],[6.40766,49.61041],[6.40869,49.61119],[6.40947,49.61215],[6.41016,49.61301],[6.41052,49.61333],[6.41104,49.61382],[6.41218,49.61451],[6.41364,49.61521],[6.41538,49.61597],[6.41547,49.61601],[6.41719,49.61664],[6.41857,49.61728],[6.41965,49.61803],[6.42057,49.619],[6.42143,49.62005],[6.42233,49.62126],[6.4228,49.6223],[6.42292,49.62382],[6.42321,49.62492],[6.42366,49.62586],[6.42425,49.62678],[6.42488,49.62774],[6.42546,49.62881],[6.4259,49.62979],[6.42623,49.63094],[6.42661,49.63201],[6.427,49.63311],[6.42748,49.63412],[6.4282,49.63523],[6.42895,49.63647],[6.43019,49.63815],[6.43194,49.6406],[6.43316,49.64257],[6.4347,49.64467],[6.43554,49.646],[6.43607,49.64707],[6.43691,49.64843],[6.43785,49.64965],[6.43851,49.65085],[6.43943,49.65237],[6.44005,49.65357],[6.44061,49.65486],[6.4408,49.65592],[6.44062,49.65697],[6.4403,49.65789],[6.4397,49.65876],[6.43894,49.65932],[6.43779,49.65993],[6.43656,49.66039],[6.43549,49.66056],[6.43415,49.66061],[6.43182,49.66047],[6.43017,49.66025],[6.42892,49.66033],[6.42785,49.66063],[6.4266,49.66124],[6.42612,49.66184],[6.42596,49.66264],[6.42609,49.66382],[6.42659,49.66477],[6.42753,49.66598],[6.42822,49.66687],[6.4291,49.6678],[6.42996,49.66886],[6.43067,49.66947],[6.43169,49.67004],[6.43346,49.67094],[6.43502,49.67167],[6.43819,49.67298],[6.4405,49.67407],[6.44331,49.67577],[6.44564,49.6771],[6.44731,49.67825],[6.44793,49.67882],[6.44868,49.67951],[6.4498,49.68067],[6.45189,49.68282],[6.45288,49.684],[6.45362,49.68489],[6.45455,49.68576],[6.45544,49.68657],[6.45609,49.68737],[6.45644,49.68792],[6.45685,49.68854],[6.45744,49.68937],[6.45805,49.69007],[6.45914,49.69079],[6.46023,49.69142],[6.46152,49.69196],[6.46182,49.69204],[6.46283,49.69232],[6.46429,49.69255],[6.46642,49.69282],[6.46789,49.69299],[6.4691,49.69331],[6.47031,49.69364],[6.4733,49.69501],[6.47437,49.69539],[6.47582,49.69582],[6.47704,49.69604],[6.47822,49.69621],[6.47933,49.69643],[6.48037,49.69682],[6.48127,49.6974],[6.48226,49.69818],[6.4835,49.69928],[6.48466,49.70031],[6.48559,49.70121],[6.48666,49.70212],[6.48769,49.70287],[6.48904,49.70388],[6.49026,49.70476],[6.49137,49.70567],[6.49216,49.70653],[6.49331,49.70759],[6.49378,49.70793],[6.49449,49.70844],[6.4962,49.70968],[6.49807,49.71077],[6.49985,49.71176],[6.50128,49.71237],[6.50249,49.71272],[6.50367,49.71289],[6.50449,49.71297],[6.50581,49.71294],[6.50702,49.71264],[6.5071,49.71327],[6.50696,49.71391],[6.50677,49.71571],[6.50651,49.71637],[6.50604,49.71682],[6.50533,49.71721],[6.50076,49.71987],[6.49981,49.72046],[6.49924,49.72082],[6.49728,49.72228],[6.49618,49.72309],[6.49551,49.72395],[6.49509,49.72468],[6.49519,49.72531],[6.49598,49.72596],[6.49729,49.72652],[6.49825,49.72666],[6.49898,49.72676],[6.50101,49.72686],[6.50257,49.72671],[6.50385,49.72621],[6.5055,49.72557],[6.50635,49.72496],[6.50793,49.72365],[6.50892,49.72281],[6.50999,49.72189],[6.51073,49.72134],[6.51164,49.72109],[6.51273,49.7212],[6.51425,49.72147],[6.51542,49.72201],[6.51653,49.72276],[6.51716,49.72359],[6.51715,49.72421],[6.51686,49.72461],[6.51623,49.72506],[6.51549,49.7254],[6.51388,49.72602],[6.51247,49.72669],[6.51134,49.72735],[6.51027,49.7277],[6.50986,49.7278],[6.50856,49.72811],[6.5072,49.72863],[6.50605,49.72949],[6.50402,49.73082],[6.50307,49.73148],[6.50303,49.73153],[6.50248,49.73216],[6.5022,49.73261],[6.50195,49.73325],[6.50163,49.73471],[6.50164,49.73478],[6.50174,49.73607],[6.50186,49.73719],[6.50221,49.73828],[6.50242,49.73931],[6.5024,49.74048],[6.5023,49.74164],[6.502,49.74261],[6.50189,49.74349],[6.50211,49.7443],[6.50257,49.74504],[6.50263,49.74539],[6.50267,49.74561],[6.50247,49.74615],[6.50243,49.74625],[6.50191,49.74678],[6.50113,49.74766],[6.50061,49.74862],[6.50045,49.7514],[6.5005,49.75214],[6.50095,49.75285],[6.50166,49.75359],[6.50291,49.75449],[6.50425,49.7552],[6.50576,49.75566],[6.50946,49.75674],[6.51157,49.7573],[6.51252,49.75755],[6.51412,49.75824],[6.51566,49.75911],[6.51701,49.76011],[6.51793,49.761],[6.51843,49.76168],[6.51862,49.76245],[6.51853,49.76307],[6.51846,49.76323],[6.51824,49.76374],[6.51808,49.76431],[6.51786,49.765],[6.5178,49.76574],[6.51804,49.76656],[6.51811,49.7673],[6.51796,49.76801],[6.51755,49.76874],[6.5174,49.76886],[6.51674,49.7694],[6.51353,49.77183],[6.5126,49.77246],[6.51196,49.7727],[6.51114,49.77301],[6.51027,49.77332],[6.50993,49.77371],[6.50976,49.77416],[6.50985,49.77468],[6.51005,49.77549],[6.51044,49.77621],[6.51098,49.77703],[6.51177,49.7776],[6.51302,49.77851],[6.51401,49.77926],[6.5146,49.77971],[6.51559,49.78051],[6.51632,49.78123],[6.51676,49.78184],[6.51694,49.78236],[6.51699,49.78279],[6.51682,49.78325],[6.51655,49.78349],[6.51634,49.78369],[6.51555,49.78415],[6.51472,49.7846],[6.51353,49.78502],[6.51236,49.78532],[6.51105,49.78562],[6.50997,49.78592],[6.50891,49.7864],[6.50803,49.78691],[6.50705,49.78745],[6.50639,49.788],[6.50593,49.78878],[6.50587,49.78941],[6.50603,49.79013],[6.50639,49.79063],[6.50713,49.79129],[6.50792,49.79192],[6.50939,49.79258],[6.50961,49.79268],[6.51086,49.79315],[6.51234,49.79346],[6.51385,49.7939],[6.51521,49.79442],[6.51672,49.79524],[6.51783,49.79561],[6.51906,49.79596],[6.52005,49.79643],[6.521,49.79699],[6.52171,49.79773],[6.52255,49.79864],[6.52326,49.79942],[6.52439,49.8004],[6.52531,49.80133],[6.52627,49.80213],[6.52736,49.80274],[6.52852,49.80342],[6.52974,49.80425],[6.53045,49.80499],[6.53077,49.80558],[6.53068,49.80624],[6.53019,49.80687],[6.52974,49.80778],[6.52946,49.80896],[6.52931,49.80939],[6.52903,49.80973],[6.52877,49.81001],[6.52765,49.81071],[6.52689,49.81129],[6.52542,49.8119],[6.52535,49.81192],[6.52386,49.81244],[6.52315,49.81268],[6.52228,49.81299],[6.52165,49.81317],[6.52094,49.81317],[6.52019,49.81314],[6.51951,49.81289],[6.51898,49.81233],[6.51864,49.81166],[6.5183,49.81093],[6.51819,49.8101],[6.51824,49.80953],[6.51829,49.80899],[6.51812,49.80838],[6.51762,49.80739],[6.51701,49.80622],[6.51643,49.80532],[6.51621,49.80509],[6.51476,49.80357],[6.51395,49.80277],[6.51319,49.80228],[6.5126,49.80195],[6.51195,49.80181],[6.51137,49.80179],[6.51078,49.80206],[6.51012,49.80249],[6.50973,49.80311],[6.50972,49.80313],[6.50887,49.80479],[6.50795,49.80617],[6.50702,49.80782],[6.50638,49.80865],[6.50576,49.80923],[6.50497,49.8096],[6.50412,49.80978],[6.50313,49.80994],[6.5021,49.81013],[6.50106,49.81038],[6.49997,49.81072],[6.49897,49.81105],[6.49809,49.81151],[6.49726,49.81191],[6.49649,49.81219],[6.49613,49.81228],[6.49586,49.81234],[6.49546,49.81236],[6.49502,49.81234],[6.4943,49.81212],[6.49357,49.81169],[6.4931,49.8115],[6.4924,49.81139],[6.49147,49.81142],[6.48999,49.81162],[6.48878,49.81187],[6.48855,49.81195],[6.48773,49.81223],[6.4858,49.81313],[6.48487,49.81367],[6.48416,49.81422],[6.48365,49.81498],[6.48281,49.81606],[6.48201,49.81715],[6.48142,49.81784],[6.48071,49.81847],[6.48,49.81902],[6.47907,49.81948],[6.47496,49.82127],[6.47242,49.8223],[6.47184,49.82245],[6.47085,49.82256],[6.46972,49.82232],[6.46875,49.82184],[6.46872,49.82183],[6.46765,49.82122],[6.46672,49.82067],[6.46588,49.82021],[6.46489,49.81986],[6.46336,49.81912],[6.46204,49.8181],[6.46091,49.81729],[6.45985,49.81622],[6.45855,49.81494],[6.45754,49.81379],[6.45665,49.81284],[6.4561,49.81249],[6.45543,49.81206],[6.4545,49.81154],[6.45364,49.81135],[6.4523,49.81143],[6.45089,49.81141],[6.44946,49.81156],[6.44847,49.81175],[6.44732,49.81179],[6.44618,49.81173],[6.44495,49.8116],[6.44415,49.81157],[6.44349,49.81163],[6.44289,49.81192],[6.44239,49.81256],[6.44216,49.81321],[6.44202,49.81375],[6.44186,49.81415],[6.44145,49.81425],[6.4407,49.81425],[6.43966,49.81395],[6.43845,49.81371],[6.43668,49.81319],[6.43553,49.81265],[6.43392,49.81183],[6.43266,49.81104],[6.43199,49.81059],[6.43117,49.81044],[6.43045,49.81054],[6.42914,49.81086],[6.42818,49.81128],[6.42738,49.81182],[6.42681,49.81229],[6.42645,49.8127],[6.42613,49.81344],[6.42611,49.81418],[6.42602,49.81527],[6.42585,49.81569],[6.42552,49.81591],[6.42498,49.81609],[6.42426,49.81618],[6.42338,49.8162],[6.42108,49.81618],[6.42011,49.8162],[6.41934,49.81631],[6.41572,49.81681],[6.41263,49.81728],[6.41025,49.81765],[6.40931,49.81787],[6.40853,49.8181],[6.4079,49.81831],[6.40585,49.81903],[6.40507,49.81926],[6.40422,49.8194],[6.40324,49.81948],[6.40248,49.81966],[6.40179,49.81989],[6.39841,49.82171],[6.39743,49.8223],[6.3969,49.82283],[6.39582,49.82405],[6.39473,49.82533],[6.39394,49.82627],[6.39298,49.82724],[6.39222,49.82781],[6.39136,49.82817],[6.38986,49.82896],[6.38902,49.82952],[6.38811,49.83032],[6.38796,49.83045],[6.38735,49.83098],[6.38617,49.83174],[6.38506,49.83236],[6.38457,49.83286],[6.38415,49.83364],[6.38337,49.83453],[6.38259,49.83536],[6.38186,49.83607],[6.38115,49.83662],[6.38041,49.83705],[6.37953,49.83748],[6.37891,49.838],[6.37819,49.83863],[6.37764,49.83936],[6.37705,49.84005],[6.37648,49.84048],[6.37555,49.841],[6.37467,49.84142],[6.37371,49.84182],[6.37283,49.8423],[6.37235,49.84277],[6.37165,49.8436],[6.37128,49.84433],[6.37083,49.84492],[6.3702,49.84552],[6.36919,49.84652],[6.36845,49.84735],[6.36781,49.84807],[6.36726,49.84882],[6.36677,49.84943],[6.36592,49.84997],[6.365,49.8504],[6.36417,49.85077],[6.36323,49.85088],[6.36217,49.85084],[6.36068,49.85073],[6.35975,49.85069],[6.35825,49.85072],[6.35709,49.85077],[6.3555,49.8508],[6.35219,49.85065],[6.35025,49.85057],[6.34902,49.85047],[6.34784,49.85032],[6.34662,49.85007],[6.34528,49.84976],[6.34401,49.84954],[6.34219,49.84911],[6.34138,49.84882],[6.34056,49.8485],[6.34006,49.8482],[6.33979,49.84773],[6.3396,49.84689],[6.33906,49.84553],[6.33864,49.8442],[6.3384,49.84287],[6.33823,49.84178],[6.33793,49.84074],[6.33758,49.84015],[6.33706,49.8395],[6.33654,49.83891],[6.33545,49.83821],[6.33456,49.83778],[6.33377,49.83744],[6.33332,49.83725],[6.33173,49.83677],[6.33063,49.83646],[6.32991,49.83627],[6.329,49.83609],[6.32829,49.83607],[6.32745,49.83609],[6.32685,49.83623],[6.32668,49.83627],[6.32591,49.83655],[6.3249,49.83697],[6.32264,49.83803],[6.32156,49.83871],[6.32094,49.83923],[6.32046,49.8397],[6.32009,49.84034],[6.31992,49.84125],[6.31986,49.84199],[6.31973,49.84245],[6.31976,49.84302],[6.32007,49.8436],[6.32014,49.84426],[6.32023,49.84478],[6.3205,49.84528],[6.32101,49.84592],[6.32157,49.84669],[6.32191,49.84731],[6.3223,49.84889],[6.32272,49.85068],[6.32274,49.8514],[6.32251,49.85205],[6.32211,49.85258],[6.32132,49.85329],[6.32059,49.85396],[6.31844,49.85501],[6.31783,49.85548],[6.31744,49.8559],[6.31637,49.85749],[6.31547,49.85863],[6.31454,49.85968],[6.31406,49.86052],[6.31372,49.86137],[6.31365,49.86219],[6.31388,49.86306],[6.31435,49.86425],[6.31441,49.86514],[6.31434,49.86597],[6.314,49.86678],[6.31347,49.86771],[6.31283,49.86848],[6.31197,49.8692],[6.311,49.86995],[6.31003,49.87007],[6.30915,49.87001],[6.30797,49.86985],[6.30694,49.86956],[6.30561,49.86902],[6.30412,49.86834],[6.30374,49.86813],[6.30269,49.86757],[6.30141,49.86695],[6.3006,49.86657],[6.29925,49.86633],[6.29824,49.86623],[6.29735,49.86628],[6.29654,49.86648],[6.29594,49.86678],[6.2954,49.86717],[6.2949,49.86754],[6.29384,49.86847],[6.293,49.86947],[6.29236,49.87022],[6.29206,49.87112],[6.29173,49.87185],[6.29174,49.87266],[6.29192,49.87366],[6.29187,49.87418],[6.29153,49.87457],[6.29088,49.87491],[6.29,49.87518],[6.28921,49.87531],[6.28841,49.87528],[6.28758,49.87516],[6.28697,49.87505],[6.28656,49.87511],[6.286,49.87536],[6.28516,49.87602],[6.28432,49.8768],[6.28357,49.8777],[6.28308,49.87828],[6.28261,49.87855],[6.28197,49.87877],[6.281,49.87883],[6.28008,49.87877],[6.27945,49.87846],[6.27882,49.87801],[6.27791,49.87749],[6.27702,49.87708],[6.27616,49.87681],[6.27557,49.87681],[6.27489,49.87698],[6.27419,49.87695],[6.27352,49.87702],[6.27289,49.87709],[6.27243,49.87734],[6.27209,49.87775],[6.27124,49.8782],[6.27024,49.87871],[6.26917,49.87908],[6.26792,49.87941],[6.26645,49.87976],[6.26407,49.88044],[6.26327,49.88069],[6.26271,49.88079],[6.26207,49.88093],[6.26164,49.8812],[6.26148,49.88174],[6.26101,49.88209],[6.26046,49.88245],[6.25977,49.88276],[6.25922,49.88312],[6.25911,49.88359],[6.25858,49.88443],[6.25829,49.88528],[6.25793,49.88595],[6.2574,49.88658],[6.25643,49.88745],[6.2558,49.88792],[6.25353,49.88894],[6.25099,49.89013],[6.25048,49.89049],[6.25029,49.89094],[6.25012,49.8916],[6.24973,49.89228],[6.24908,49.89292],[6.24817,49.89353],[6.24757,49.8941],[6.24713,49.8949],[6.24672,49.89534],[6.24611,49.8956],[6.24509,49.89563],[6.24375,49.89568],[6.2431,49.89572],[6.24142,49.89595],[6.23996,49.89625],[6.239,49.89667],[6.23813,49.89728],[6.23753,49.89777],[6.23725,49.89801],[6.23638,49.89867],[6.23544,49.89923],[6.23459,49.8997],[6.23401,49.90003],[6.23364,49.90038],[6.23345,49.90084],[6.23314,49.90226],[6.23301,49.90295],[6.2327,49.90351],[6.23226,49.90462],[6.23205,49.9054],[6.23208,49.90621],[6.23188,49.90685],[6.23138,49.90747],[6.23042,49.90827],[6.22878,49.90932],[6.22791,49.90994],[6.22738,49.91011],[6.22709,49.91041],[6.22702,49.91076],[6.22709,49.91127],[6.22736,49.91149],[6.22773,49.91155],[6.2284,49.91143],[6.23002,49.91114],[6.23069,49.91109],[6.23127,49.91111],[6.23164,49.91123],[6.23178,49.91127],[6.23208,49.91157],[6.23289,49.91203],[6.2337,49.91249],[6.234,49.91279],[6.23408,49.91312],[6.23404,49.91358],[6.23382,49.91419],[6.23347,49.91506],[6.23344,49.91512],[6.23293,49.91607],[6.23237,49.91742],[6.23175,49.91852],[6.231,49.91952],[6.22994,49.92058],[6.22954,49.92094],[6.22897,49.92113],[6.22841,49.92119],[6.22697,49.92123],[6.22563,49.92127],[6.22455,49.92142],[6.22185,49.92185],[6.22162,49.92191],[6.21958,49.92241],[6.21872,49.92261],[6.21817,49.92297],[6.21797,49.92354],[6.21805,49.92423],[6.2185,49.92503],[6.21915,49.92561],[6.22003,49.92602],[6.22108,49.92632],[6.22218,49.92675],[6.22315,49.92714],[6.22389,49.92783],[6.22435,49.92781],[6.22455,49.9278],[6.2256,49.92844],[6.22596,49.92877],[6.22617,49.92939],[6.22589,49.93002],[6.2251,49.93136],[6.22486,49.93148],[6.22401,49.93193],[6.2243,49.93275],[6.22504,49.93273],[6.22524,49.93336],[6.2239,49.93357],[6.22355,49.93413],[6.22502,49.9354],[6.22568,49.93574],[6.22732,49.93658],[6.22606,49.93785],[6.22571,49.93831],[6.22539,49.93873],[6.22447,49.93867],[6.22475,49.93925],[6.22402,49.93997],[6.22321,49.94034],[6.22305,49.94093],[6.2217,49.9415],[6.22121,49.94158],[6.22092,49.94238],[6.21981,49.94281],[6.21995,49.94334],[6.21851,49.9437],[6.2166,49.94443],[6.21688,49.94542],[6.21842,49.94548],[6.21863,49.94601],[6.22012,49.94719],[6.22133,49.94784],[6.22361,49.94906],[6.22391,49.94994],[6.22138,49.95002],[6.22007,49.95006],[6.21745,49.95014],[6.21164,49.95023],[6.21104,49.95071],[6.20952,49.95244],[6.20872,49.95305],[6.20858,49.95338],[6.20844,49.95371],[6.20845,49.95448],[6.2081,49.95457],[6.20587,49.95519],[6.2052,49.95519],[6.20466,49.95503],[6.20367,49.95464],[6.20352,49.95457],[6.20261,49.95399],[6.2011,49.95315],[6.20066,49.95266],[6.20038,49.95217],[6.19998,49.9517],[6.19967,49.95142],[6.19957,49.95087],[6.19962,49.94951],[6.19845,49.94859],[6.19825,49.94843],[6.19756,49.94841],[6.19759,49.94858],[6.1977,49.94918],[6.19772,49.94987],[6.19762,49.95047],[6.19734,49.9512],[6.197,49.95201],[6.19653,49.95274],[6.19597,49.95355],[6.19542,49.95427],[6.19463,49.95507],[6.19366,49.95607],[6.1932,49.95674],[6.19316,49.95759],[6.19361,49.95855],[6.19399,49.95923],[6.19405,49.96006],[6.19391,49.96103],[6.19371,49.96185],[6.19319,49.9626],[6.19277,49.96342],[6.19261,49.96413],[6.19259,49.96487],[6.19266,49.96559],[6.19286,49.96631],[6.19274,49.96711],[6.19232,49.96786],[6.19173,49.96841],[6.19099,49.96876],[6.1898,49.96874],[6.18834,49.96863],[6.18691,49.96826],[6.18549,49.96778],[6.18403,49.9668],[6.18256,49.96535],[6.182,49.96473],[6.18177,49.96383],[6.18194,49.96298],[6.18222,49.96227],[6.18308,49.96119],[6.1835,49.96049],[6.18375,49.95967],[6.18391,49.95882],[6.18452,49.95804],[6.18528,49.9575],[6.18628,49.95716],[6.18742,49.95689],[6.18796,49.95674],[6.18822,49.95638],[6.18786,49.95596],[6.18728,49.95551],[6.18516,49.95437],[6.18346,49.95356],[6.18204,49.95308],[6.18064,49.95285],[6.17966,49.95293],[6.1787,49.95327],[6.17779,49.95404],[6.17735,49.95466],[6.17733,49.95473],[6.17715,49.95563],[6.17701,49.95667],[6.17688,49.95774],[6.17667,49.95878],[6.1763,49.95963],[6.17619,49.9602],[6.17603,49.96101],[6.17596,49.96128],[6.17559,49.96179],[6.17509,49.96199],[6.17441,49.96218],[6.17347,49.96226],[6.17262,49.9623],[6.17157,49.9625],[6.17067,49.96296],[6.16988,49.9635],[6.16934,49.96423],[6.16887,49.96495],[6.16877,49.9651],[6.16826,49.96589],[6.16777,49.96695],[6.16726,49.9682],[6.16634,49.96911],[6.16556,49.96962],[6.16493,49.97055],[6.16485,49.97143],[6.16475,49.97254],[6.16479,49.97371],[6.16515,49.97464],[6.16547,49.97545],[6.16597,49.97638],[6.16653,49.97729],[6.1668,49.97803],[6.16679,49.9787],[6.16716,49.97944],[6.1676,49.98009],[6.16843,49.98069],[6.16883,49.98112],[6.16892,49.98169],[6.16887,49.98286],[6.16914,49.98357],[6.16953,49.98419],[6.17001,49.98433],[6.17106,49.98412],[6.172,49.98406],[6.17244,49.98411],[6.17256,49.98436],[6.17237,49.9848],[6.17159,49.98528],[6.17059,49.98553],[6.16945,49.98564],[6.16846,49.98573],[6.1676,49.98595],[6.16628,49.98641],[6.16502,49.98674],[6.1636,49.98704],[6.16259,49.98719],[6.16155,49.98716],[6.1602,49.98696],[6.15904,49.98701],[6.15811,49.98707],[6.15725,49.98721],[6.15651,49.98766],[6.15602,49.98816],[6.15524,49.98856],[6.15443,49.98889],[6.15352,49.98942],[6.15236,49.99184],[6.15173,49.99291],[6.15118,49.99363],[6.15073,49.99419],[6.15027,49.99431],[6.14769,49.99484],[6.14671,49.99495],[6.1453,49.99484],[6.14362,49.99469],[6.14265,49.99468],[6.14188,49.99488],[6.14127,49.99523],[6.14026,49.99605],[6.1395,49.99662],[6.13874,49.99756],[6.13802,49.99822],[6.13784,49.99867],[6.13799,49.99902],[6.13898,49.99983],[6.13931,50.00005],[6.13971,50.00006],[6.14017,49.99994],[6.14169,49.99931],[6.14249,49.99879],[6.14333,49.99834],[6.14402,49.99811],[6.14478,49.99808],[6.14528,49.99841],[6.1458,49.99906],[6.14628,50.00005],[6.14656,50.0009],[6.14658,50.00161],[6.14661,50.0023],[6.14678,50.00285],[6.14729,50.00361],[6.14807,50.00473],[6.14939,50.0063],[6.14955,50.00745],[6.14971,50.0082],[6.14964,50.00888],[6.14916,50.00935],[6.14867,50.00982],[6.14806,50.01022],[6.14729,50.01036],[6.14636,50.01033],[6.14521,50.01029],[6.14369,50.01037],[6.14142,50.01049],[6.14012,50.01061],[6.13912,50.01077],[6.13824,50.01119],[6.13752,50.01172],[6.13713,50.01218],[6.13683,50.01253],[6.13658,50.01282],[6.13593,50.01362],[6.13525,50.01423],[6.13443,50.01494],[6.13334,50.01573],[6.13215,50.01654],[6.13096,50.01741],[6.12994,50.01791],[6.12964,50.01828],[6.12977,50.0188],[6.13023,50.01913],[6.13083,50.01929],[6.13163,50.01933],[6.13245,50.01913],[6.13306,50.01878],[6.13342,50.01822],[6.13441,50.01714],[6.13505,50.01645],[6.13566,50.01608],[6.13648,50.01582],[6.13742,50.01577],[6.13832,50.01615],[6.1388,50.01671],[6.13937,50.01728],[6.14004,50.01773],[6.14089,50.0181],[6.14182,50.0186],[6.14256,50.01923],[6.14366,50.0199],[6.14448,50.02056],[6.14504,50.02127],[6.14552,50.02183],[6.14583,50.02233],[6.14588,50.02273],[6.14544,50.0231],[6.14427,50.0239],[6.14342,50.02441],[6.14259,50.0247],[6.14143,50.0248],[6.14043,50.02501],[6.13929,50.02537],[6.13836,50.02582],[6.13753,50.02616],[6.13678,50.02662],[6.13587,50.02684],[6.13491,50.02709],[6.13393,50.02757],[6.13115,50.02884],[6.13022,50.02934],[6.12967,50.02998],[6.1296,50.03072],[6.12962,50.03149],[6.12999,50.03228],[6.13061,50.03322],[6.13134,50.03402],[6.13199,50.03465],[6.13219,50.03537],[6.13232,50.03638],[6.13249,50.03693],[6.13309,50.03764],[6.13392,50.03873],[6.13431,50.0394],[6.13433,50.04012],[6.13403,50.04097],[6.13347,50.04192],[6.13263,50.04311],[6.13194,50.04389],[6.13089,50.04462],[6.12974,50.04555],[6.12886,50.04646],[6.12794,50.04728],[6.12718,50.0482],[6.12641,50.0493],[6.1258,50.05024],[6.12515,50.05101],[6.12427,50.05141],[6.12317,50.05174],[6.12205,50.05227],[6.12151,50.05288],[6.12131,50.05359],[6.12128,50.05441],[6.12183,50.05518],[6.12268,50.05607],[6.12336,50.05684],[6.12391,50.05809],[6.12414,50.05901],[6.12394,50.05975],[6.12314,50.06021],[6.12215,50.06037],[6.12108,50.06036],[6.12053,50.06005],[6.12032,50.05947],[6.12039,50.05876],[6.12051,50.0579],[6.12049,50.05719],[6.12,50.05665],[6.11931,50.05645],[6.11812,50.05638],[6.11716,50.0566],[6.11602,50.05699],[6.11468,50.05751],[6.11376,50.05784],[6.11307,50.05859],[6.11256,50.05923],[6.11242,50.05983],[6.11235,50.06051],[6.11286,50.06124],[6.1134,50.06221],[6.11373,50.06293],[6.11385,50.06351],[6.11385,50.06416],[6.11366,50.06508],[6.11372,50.0654],[6.11418,50.0657],[6.11466,50.06581],[6.11547,50.06578],[6.11602,50.0656],[6.11667,50.06522],[6.11738,50.06482],[6.11816,50.06459],[6.11901,50.06451],[6.11984,50.06463],[6.12058,50.06486],[6.12098,50.06528],[6.12115,50.06591],[6.12122,50.06795],[6.12126,50.06849],[6.12145,50.06887],[6.1219,50.06923],[6.12263,50.06957],[6.12352,50.06998],[6.12451,50.07036],[6.12575,50.07095],[6.12641,50.07146],[6.12701,50.07175],[6.12827,50.07248],[6.12911,50.073],[6.12929,50.07355],[6.12895,50.07425],[6.12855,50.07478],[6.12789,50.07518],[6.12696,50.07561],[6.12607,50.07615],[6.12544,50.07672],[6.12493,50.0769],[6.12427,50.07679],[6.12359,50.07645],[6.12309,50.07566],[6.12245,50.07492],[6.12206,50.07425],[6.122,50.0735],[6.12169,50.07294],[6.12102,50.07254],[6.12006,50.0724],[6.11912,50.07239],[6.1183,50.07261],[6.11736,50.07318],[6.11663,50.07381],[6.11614,50.07433],[6.11628,50.07479],[6.11687,50.07513],[6.11768,50.07548],[6.11821,50.07598],[6.11821,50.0765],[6.1186,50.07706],[6.11918,50.07751],[6.12014,50.07824],[6.12082,50.07906],[6.12133,50.07974],[6.12171,50.0805],[6.12199,50.08131],[6.12209,50.08212],[6.12214,50.08298],[6.12201,50.08346],[6.12152,50.0839],[6.12081,50.08444],[6.12008,50.08504],[6.1198,50.08566],[6.11968,50.08654],[6.11979,50.08723],[6.11958,50.08803],[6.11957,50.08871],[6.11948,50.08963],[6.11968,50.09041],[6.11995,50.09134],[6.12049,50.09221],[6.12109,50.09286],[6.12172,50.09332],[6.12293,50.09365],[6.12369,50.09368],[6.12439,50.09331],[6.12521,50.09308],[6.12647,50.09293],[6.12737,50.09285],[6.12799,50.09258],[6.12878,50.0925],[6.12964,50.09237],[6.13057,50.09232],[6.13163,50.09247],[6.13245,50.09273],[6.13298,50.09324],[6.13302,50.09381],[6.13293,50.09429],[6.13257,50.0948],[6.13202,50.09494],[6.13113,50.09497],[6.12984,50.09495],[6.12893,50.09514],[6.12827,50.09555],[6.12758,50.09626],[6.12637,50.0979],[6.12574,50.09885],[6.12553,50.09973],[6.1255,50.10048],[6.12557,50.10076],[6.12566,50.1012],[6.12593,50.10161],[6.12631,50.10184],[6.12673,50.1021],[6.12786,50.10242],[6.12934,50.10277],[6.13035,50.10289],[6.13117,50.10275],[6.13207,50.10259],[6.13319,50.10254],[6.13419,50.10275],[6.13502,50.10299],[6.13551,50.10338],[6.13556,50.10387],[6.13516,50.10437],[6.13461,50.10497],[6.13377,50.10537],[6.13304,50.10563],[6.13194,50.10599],[6.13136,50.1064],[6.131,50.10695],[6.13091,50.10749],[6.13088,50.10821],[6.1316,50.10912],[6.13228,50.11001],[6.13323,50.11076],[6.13384,50.11141],[6.13443,50.11218],[6.1349,50.11285],[6.135,50.11332],[6.13442,50.11372],[6.13361,50.11386],[6.1325,50.11379],[6.13162,50.11373],[6.13031,50.11394],[6.12939,50.1143],[6.12884,50.11494],[6.12837,50.1157],[6.12814,50.1162],[6.12827,50.1167],[6.12841,50.11718],[6.12876,50.11817],[6.12898,50.11915],[6.12934,50.12005],[6.12938,50.12106],[6.1296,50.12158],[6.13019,50.12201],[6.1317,50.12252],[6.13312,50.12297],[6.13435,50.12317],[6.13535,50.12343],[6.13629,50.1239],[6.1368,50.1246],[6.13717,50.12548],[6.13715,50.12616],[6.13717,50.12666],[6.1372,50.12708],[6.13753,50.12778],[6.13778,50.12848],[6.13776,50.12913],[6.13768,50.1299],[6.13836,50.13132],[6.13859,50.13188],[6.13863,50.13238],[6.13857,50.13307],[6.13838,50.13398],[6.13839,50.13408],[6.1384,50.1344],[6.13841,50.13447],[6.13851,50.13477],[6.13882,50.13504],[6.14199,50.13504],[6.14221,50.13509],[6.14409,50.13554],[6.14473,50.13536],[6.14584,50.13544],[6.14697,50.13568],[6.14842,50.13626],[6.14901,50.13673],[6.14983,50.13728],[6.15039,50.13761],[6.1509,50.13771],[6.15074,50.13841],[6.15071,50.13881],[6.15088,50.13918],[6.1514,50.13979],[6.15219,50.14048],[6.15292,50.14101],[6.15361,50.14135],[6.15466,50.1419],[6.15408,50.14268],[6.15382,50.14345],[6.15371,50.14428],[6.15333,50.14523],[6.15313,50.14575],[6.15265,50.14694],[6.15246,50.14743],[6.15252,50.1478],[6.15265,50.14865],[6.15283,50.14981],[6.15287,50.15009],[6.15083,50.15049],[6.15015,50.15073],[6.15028,50.15112],[6.14956,50.15129],[6.14853,50.15189],[6.14744,50.15131],[6.14322,50.14906],[6.1425,50.14832],[6.14221,50.14801],[6.14055,50.14798],[6.14059,50.14813],[6.14077,50.14884],[6.14082,50.14918],[6.14064,50.14952],[6.14024,50.14982],[6.13971,50.15017],[6.1394,50.15027],[6.13842,50.15061],[6.13521,50.15152],[6.13465,50.15162],[6.13431,50.15178],[6.13415,50.15202],[6.1341,50.15208],[6.13383,50.15242],[6.13359,50.1526],[6.13306,50.15287],[6.13235,50.15329],[6.13211,50.15355],[6.13198,50.15398],[6.13198,50.15432],[6.13198,50.15488],[6.13208,50.1553],[6.13225,50.15546],[6.13253,50.15554],[6.13349,50.15552],[6.13425,50.15546],[6.13558,50.15535],[6.13567,50.15535],[6.13865,50.15509],[6.13973,50.1552],[6.14157,50.15549],[6.14288,50.1557],[6.14339,50.15586],[6.14361,50.15599],[6.14384,50.15613],[6.14456,50.15666],[6.14503,50.15724],[6.14538,50.15801],[6.14576,50.15848],[6.1465,50.15935],[6.14695,50.15986],[6.14736,50.16039],[6.14752,50.16063],[6.14745,50.16082],[6.14716,50.16105],[6.14657,50.1614],[6.14633,50.16169],[6.14628,50.16195],[6.14628,50.1622],[6.14633,50.16256],[6.14628,50.1628],[6.14593,50.16309],[6.14509,50.16354],[6.1434,50.16429],[6.14275,50.16458],[6.14213,50.16495],[6.14151,50.16542],[6.1408,50.16617],[6.14071,50.16631],[6.14014,50.1672],[6.13982,50.16776],[6.13979,50.16793],[6.13971,50.16833],[6.13971,50.169],[6.13976,50.16916],[6.13979,50.16927],[6.14008,50.1695],[6.1404,50.16959],[6.14056,50.16964],[6.14067,50.16964],[6.14399,50.16969],[6.14419,50.16969],[6.14573,50.16972],[6.14626,50.16979],[6.14668,50.1699],[6.1472,50.17016],[6.14758,50.17046],[6.14768,50.17078],[6.14761,50.17107],[6.14726,50.17126],[6.14547,50.17213],[6.14542,50.17215],[6.14491,50.17242],[6.14454,50.17274],[6.14437,50.17306],[6.14427,50.1735],[6.14435,50.17388],[6.14448,50.17414],[6.14557,50.17609],[6.14583,50.17655],[6.1462,50.17708],[6.14689,50.17778],[6.14835,50.17764],[6.15021,50.17748],[6.15272,50.17625],[6.15426,50.17419],[6.15602,50.17185],[6.15733,50.17184],[6.16034,50.17182],[6.16044,50.17215],[6.16073,50.17311],[6.16119,50.17463],[6.16132,50.17489],[6.16175,50.17585],[6.16167,50.17629],[6.1614,50.17759],[6.16274,50.17809],[6.164,50.17857],[6.16453,50.17877],[6.16532,50.17906],[6.16719,50.17898],[6.16733,50.17939],[6.16766,50.17967],[6.16828,50.17981],[6.16889,50.17893],[6.16904,50.17871],[6.17009,50.17871],[6.17084,50.17872],[6.17509,50.1793],[6.17649,50.17895],[6.17715,50.17879],[6.178,50.1799],[6.17939,50.17871],[6.18013,50.17809],[6.18341,50.17815],[6.18753,50.17894],[6.19132,50.18107],[6.19275,50.18187],[6.19229,50.18192],[6.19071,50.18208],[6.18948,50.18302],[6.18717,50.1834],[6.18583,50.18404],[6.1874,50.1848],[6.18947,50.1858],[6.19008,50.18654],[6.19016,50.18694],[6.19028,50.18761],[6.18936,50.18831],[6.18854,50.18876],[6.18848,50.18879],[6.18829,50.18887],[6.18803,50.18896],[6.1873,50.18915],[6.18714,50.18919],[6.18709,50.1893],[6.18703,50.18946],[6.18693,50.18967],[6.18658,50.19012],[6.18627,50.19047],[6.1855,50.19108],[6.18521,50.19131],[6.18509,50.19148],[6.18491,50.19183],[6.18438,50.19196],[6.18389,50.19207],[6.18395,50.19291],[6.18427,50.19289],[6.18443,50.19288],[6.18443,50.19322],[6.18446,50.19338],[6.1845,50.19353],[6.1846,50.19371],[6.18476,50.19389],[6.18515,50.19423],[6.18579,50.19473],[6.18619,50.19511],[6.1864,50.19543],[6.1865,50.19564],[6.18652,50.19586],[6.18647,50.19609],[6.18634,50.19629],[6.18613,50.19652],[6.18578,50.19701],[6.18531,50.19849],[6.18527,50.19859],[6.1852,50.19903],[6.18522,50.19928],[6.18529,50.19945],[6.18546,50.19963],[6.1855,50.19967],[6.18598,50.20003],[6.18637,50.20036],[6.18651,50.20059],[6.18662,50.20088],[6.18665,50.20107],[6.18653,50.20125],[6.18628,50.2015],[6.18599,50.20176],[6.18567,50.2021],[6.18548,50.20241],[6.18536,50.20271],[6.18529,50.20297],[6.18536,50.20318],[6.18543,50.20324],[6.18555,50.20333],[6.18649,50.20394],[6.18675,50.2041],[6.18723,50.20434],[6.18769,50.20442],[6.18794,50.20446],[6.18867,50.20459],[6.18878,50.20491],[6.18884,50.20508],[6.18891,50.20528],[6.18867,50.20535],[6.1877,50.20562],[6.18558,50.20607],[6.18508,50.20622],[6.18463,50.20639],[6.18423,50.20665],[6.18377,50.207],[6.18308,50.20766],[6.18264,50.20836],[6.18233,50.20904],[6.18227,50.20934],[6.18217,50.20981],[6.18212,50.21045],[6.18206,50.21097],[6.18191,50.21151],[6.18184,50.21173],[6.1817,50.21195],[6.18153,50.21215],[6.18119,50.21244],[6.18029,50.21314],[6.17971,50.21358],[6.17861,50.21444],[6.17871,50.21474],[6.17873,50.21494],[6.17874,50.21503],[6.17872,50.21528],[6.17859,50.21563],[6.17835,50.21605],[6.17797,50.2165],[6.1777,50.21666],[6.17746,50.21669],[6.17724,50.21669],[6.17686,50.21669],[6.17653,50.21678],[6.17615,50.2169],[6.17455,50.2178],[6.17317,50.21858],[6.17191,50.21901],[6.1717,50.21905],[6.17095,50.2192],[6.17043,50.2192],[6.17025,50.2192],[6.16819,50.2192],[6.16803,50.21917],[6.16767,50.21912],[6.16723,50.2192],[6.16676,50.21942],[6.16654,50.21969],[6.16641,50.22004],[6.16633,50.22054],[6.16634,50.22113],[6.16649,50.22174],[6.16676,50.2225],[6.16716,50.22334],[6.16718,50.2234],[6.16768,50.22414],[6.16818,50.22455],[6.16858,50.22472],[6.16932,50.22492],[6.16975,50.22497],[6.17063,50.22487],[6.17272,50.22487],[6.17346,50.22492],[6.1747,50.22519],[6.17491,50.22527],[6.17589,50.22561],[6.17637,50.22585],[6.17669,50.22618],[6.17708,50.22681],[6.17726,50.22728],[6.17728,50.22739],[6.17743,50.22817],[6.17743,50.22852],[6.17735,50.22874],[6.17718,50.22897],[6.17677,50.22928],[6.17491,50.23098],[6.17393,50.23163],[6.17368,50.23183],[6.17358,50.23205],[6.17359,50.23239],[6.17364,50.23273],[6.17376,50.23333],[6.17391,50.2335],[6.17415,50.23362],[6.17514,50.23404],[6.17531,50.23418],[6.17543,50.23436],[6.17548,50.23478],[6.17547,50.235],[6.17546,50.23515],[6.17569,50.23542],[6.1761,50.23566],[6.17678,50.23586],[6.17722,50.23592],[6.1792,50.23603],[6.18019,50.23614],[6.18047,50.23616],[6.18068,50.23628],[6.18101,50.23655],[6.1812,50.23671],[6.18147,50.23688],[6.18173,50.237],[6.18182,50.23703],[6.18215,50.23711],[6.18431,50.2376],[6.18488,50.23771],[6.1853,50.23774],[6.18569,50.23771],[6.18736,50.23742],[6.19126,50.23672],[6.19135,50.23671],[6.19178,50.23663],[6.19324,50.23665],[6.19461,50.23688],[6.19526,50.23702],[6.19575,50.23719],[6.19752,50.23811],[6.20033,50.23979],[6.2005,50.23996],[6.20064,50.24018],[6.20073,50.2405],[6.20098,50.24177],[6.20112,50.24206],[6.20499,50.2466],[6.20514,50.24685],[6.20506,50.24709],[6.20482,50.24729],[6.20459,50.24763],[6.20455,50.2479],[6.2047,50.24807],[6.20666,50.24929],[6.20676,50.24954],[6.20671,50.24975],[6.20567,50.25069],[6.20541,50.25094],[6.20534,50.25121],[6.20571,50.25138],[6.20676,50.2517],[6.20697,50.25185],[6.20728,50.25214],[6.20831,50.25321],[6.20859,50.25343],[6.2089,50.25353],[6.21034,50.25339],[6.21196,50.25294],[6.21249,50.25375],[6.21425,50.25486],[6.21577,50.25701],[6.21704,50.25673],[6.21874,50.25633],[6.21728,50.25487],[6.21844,50.25438],[6.22097,50.25652],[6.22143,50.2564],[6.22283,50.25725],[6.22363,50.25866],[6.22723,50.25869],[6.23043,50.25976],[6.23232,50.26039],[6.23609,50.26253],[6.23895,50.26244],[6.23757,50.26157],[6.2419,50.26177],[6.24391,50.26186],[6.24548,50.26194],[6.24595,50.26277],[6.24865,50.26331],[6.25013,50.2636],[6.25038,50.26371],[6.25511,50.26579],[6.25527,50.26597],[6.25588,50.26672],[6.25873,50.26778],[6.25878,50.26773],[6.26154,50.26507],[6.26189,50.26509],[6.26452,50.26525],[6.26566,50.26501],[6.26654,50.26482],[6.26664,50.2648],[6.26698,50.26506],[6.26729,50.2653],[6.26922,50.26683],[6.26967,50.26685],[6.27049,50.2669],[6.27145,50.26718],[6.27189,50.26743],[6.27236,50.26768],[6.27317,50.26715],[6.27424,50.2672],[6.27441,50.2672],[6.27515,50.26703],[6.2755,50.26694],[6.27585,50.26686],[6.27613,50.26668],[6.27699,50.26613],[6.27748,50.26624],[6.27772,50.26634],[6.27794,50.26643],[6.27827,50.26673],[6.27839,50.2669],[6.27859,50.26717],[6.27882,50.26752],[6.27919,50.26786],[6.2793,50.26796],[6.28023,50.26848],[6.28118,50.2691],[6.28148,50.26944],[6.28167,50.26966],[6.28207,50.27028],[6.28219,50.27065],[6.28216,50.27102],[6.28224,50.27135],[6.28245,50.27151],[6.28443,50.27277],[6.28471,50.27303],[6.28479,50.2733],[6.28487,50.27351],[6.28509,50.2737],[6.28603,50.2743],[6.28646,50.27452],[6.28687,50.27462],[6.28733,50.2747],[6.2881,50.27485],[6.28874,50.27491],[6.28911,50.27506],[6.28935,50.27529],[6.28958,50.2756],[6.28994,50.27585],[6.29,50.27589],[6.29081,50.27649],[6.29089,50.27662],[6.29108,50.27694],[6.2912,50.27731],[6.29123,50.2774],[6.29138,50.27806],[6.29148,50.27837],[6.29178,50.27859],[6.29209,50.27883],[6.29132,50.27975],[6.28971,50.28115],[6.28924,50.28197],[6.28625,50.2825],[6.2861,50.2832],[6.28516,50.28432],[6.28537,50.28602],[6.2858,50.28687],[6.28606,50.2874],[6.28688,50.28822],[6.28698,50.28832],[6.2882,50.28883],[6.28743,50.28966],[6.28724,50.28986],[6.28689,50.29025],[6.28753,50.29047],[6.28762,50.29047],[6.28861,50.29052],[6.28818,50.29091],[6.288,50.29108],[6.28654,50.29242],[6.2865,50.29246],[6.28586,50.29406],[6.28951,50.29508],[6.2915,50.29564],[6.29261,50.2968],[6.29271,50.29691],[6.29108,50.2977],[6.29418,50.29828],[6.2947,50.29838],[6.29465,50.29846],[6.29429,50.29909],[6.29488,50.29936],[6.29565,50.29971],[6.29521,50.30043],[6.29465,50.30132],[6.29639,50.30199],[6.29674,50.30202],[6.29809,50.30215],[6.29782,50.30238],[6.29733,50.30279],[6.29825,50.30415],[6.29791,50.30431],[6.29604,50.30524],[6.29588,50.30532],[6.29644,50.30644],[6.29661,50.30677],[6.29683,50.30721],[6.29686,50.30727],[6.29564,50.30763],[6.29556,50.30765],[6.29612,50.30901],[6.2963,50.30902],[6.29842,50.30903],[6.29931,50.30953],[6.30079,50.31038],[6.30099,50.31038],[6.30193,50.31038],[6.30257,50.31039],[6.3036,50.31004],[6.30423,50.30982],[6.30581,50.30974],[6.30662,50.3097],[6.30844,50.3111],[6.30923,50.3117],[6.30902,50.31192],[6.30877,50.31218],[6.30865,50.3123],[6.3072,50.31372],[6.30681,50.31412],[6.30759,50.31548],[6.30786,50.31593],[6.3064,50.31696],[6.30548,50.31761],[6.30546,50.31853],[6.30557,50.31871],[6.30604,50.31945],[6.30647,50.32014],[6.30801,50.32035],[6.3128,50.32187],[6.31499,50.32084],[6.3155,50.3206],[6.3156,50.32067],[6.31675,50.3215],[6.31766,50.32117],[6.31698,50.32002],[6.31785,50.31921],[6.31789,50.31918],[6.31801,50.31907],[6.31832,50.31923],[6.32044,50.32033],[6.32253,50.32141],[6.32521,50.3228],[6.32546,50.32293],[6.32727,50.32454],[6.32786,50.32427],[6.33061,50.32303],[6.33091,50.32289],[6.33131,50.32294],[6.33202,50.32302],[6.33332,50.32316],[6.3338,50.32206],[6.3341,50.32136],[6.33431,50.32076],[6.33286,50.32078],[6.33301,50.31936],[6.33426,50.31877],[6.33565,50.31881],[6.33592,50.3175],[6.33484,50.31718],[6.33489,50.31642],[6.34072,50.31812],[6.34133,50.31863],[6.34292,50.31844],[6.34202,50.31794],[6.34244,50.31738],[6.34316,50.31778],[6.34385,50.31725],[6.34289,50.3169],[6.34265,50.31628],[6.3423,50.31615],[6.34196,50.3162],[6.34175,50.31638],[6.34149,50.31647],[6.34114,50.31647],[6.34078,50.31629],[6.34053,50.31599],[6.34048,50.31577],[6.3419,50.31549],[6.34299,50.31523],[6.34521,50.31486],[6.34536,50.3148],[6.34567,50.31469],[6.34614,50.31469],[6.34624,50.31474],[6.34635,50.31479],[6.34704,50.31498],[6.3479,50.31494],[6.34798,50.31499],[6.34838,50.31496],[6.34875,50.31474],[6.3489,50.3145],[6.34895,50.31413],[6.34896,50.31408],[6.34893,50.31399],[6.34901,50.31366],[6.34929,50.31296],[6.34964,50.31243],[6.34999,50.31236],[6.35032,50.31229],[6.3507,50.31155],[6.35076,50.31148],[6.35131,50.3108],[6.35184,50.3106],[6.35219,50.31047],[6.35418,50.30996],[6.35586,50.30939],[6.35695,50.30883],[6.35748,50.30854],[6.35784,50.30824],[6.35851,50.30762],[6.35872,50.30728],[6.35942,50.30689],[6.36047,50.30648],[6.36146,50.30634],[6.36273,50.30569],[6.36281,50.30566],[6.36332,50.30543],[6.36357,50.30556],[6.36315,50.30587],[6.36296,50.30602],[6.36244,50.30629],[6.3619,50.3068],[6.3613,50.30706],[6.36073,50.30737],[6.3605,50.30789],[6.36026,50.30849],[6.35993,50.30888],[6.3592,50.30917],[6.35897,50.30927],[6.35834,50.30982],[6.35933,50.31015],[6.35789,50.31126],[6.35853,50.31133],[6.35922,50.31091],[6.35898,50.31171],[6.35882,50.31228],[6.35869,50.31287],[6.35885,50.3133],[6.35896,50.3135],[6.35932,50.31298],[6.3597,50.31324],[6.36058,50.3134],[6.36098,50.31347],[6.36131,50.31352],[6.36134,50.31372],[6.36136,50.31391],[6.36142,50.31432],[6.36146,50.31457],[6.36156,50.31471],[6.36228,50.31456],[6.36715,50.31351],[6.37052,50.31278],[6.3727,50.31339],[6.37507,50.3138],[6.37605,50.31512],[6.37507,50.3158],[6.37582,50.31596],[6.37666,50.31658],[6.37591,50.31751],[6.37893,50.31911],[6.38144,50.31931],[6.3813,50.31989],[6.38094,50.32142],[6.38258,50.32204],[6.38939,50.32109],[6.3962,50.32199],[6.40298,50.323],[6.40329,50.32305],[6.40388,50.32314],[6.40503,50.32331],[6.4069,50.32353],[6.40957,50.3231],[6.41291,50.32372],[6.41518,50.32454],[6.42045,50.32334],[6.42529,50.32301],[6.42498,50.32401],[6.42403,50.32499],[6.42429,50.32616],[6.42516,50.32684],[6.42367,50.32799],[6.42287,50.32906],[6.42223,50.3306],[6.42244,50.33162],[6.42349,50.33224],[6.42406,50.33289],[6.42406,50.33383],[6.42266,50.33376],[6.41817,50.33354],[6.4181,50.33351],[6.41642,50.33284],[6.415,50.33266],[6.41052,50.33684],[6.41039,50.33697],[6.40791,50.33938],[6.40682,50.34087],[6.40465,50.34386],[6.40368,50.34545],[6.40373,50.34936],[6.40506,50.35006],[6.40469,50.35049],[6.40434,50.35089],[6.4034,50.35185],[6.39718,50.35791],[6.39946,50.35988],[6.40216,50.36056],[6.40598,50.36382],[6.39545,50.36142],[6.39425,50.36338],[6.39483,50.36435],[6.39799,50.3661],[6.3973,50.36768],[6.3948,50.36726],[6.39249,50.37063],[6.389,50.37169],[6.3895,50.37258],[6.38934,50.37715],[6.39187,50.37984],[6.3906,50.38029],[6.38975,50.38055],[6.38823,50.38131],[6.38684,50.38252],[6.38501,50.38419],[6.39328,50.38568],[6.39486,50.38597],[6.39563,50.38612],[6.41304,50.38948],[6.41383,50.38852],[6.41541,50.38658],[6.41551,50.38544],[6.4166,50.38424],[6.41824,50.38279],[6.42134,50.38267],[6.42203,50.38195],[6.4217,50.38065],[6.42062,50.38054],[6.41992,50.38047],[6.41972,50.37915],[6.41691,50.377],[6.41631,50.37635],[6.4147,50.3746],[6.41482,50.37456],[6.41485,50.37455],[6.41582,50.37422],[6.41623,50.37412],[6.41643,50.37406],[6.41705,50.37393],[6.41831,50.37368],[6.41998,50.37336],[6.42038,50.37329],[6.42084,50.3732],[6.42087,50.36972],[6.42171,50.36884],[6.42349,50.36871],[6.42754,50.36597],[6.43002,50.36319],[6.43111,50.36385],[6.43168,50.3642],[6.43315,50.36429],[6.43235,50.36689],[6.43254,50.36705],[6.43405,50.36838],[6.43539,50.36877],[6.43646,50.36909],[6.43539,50.37032],[6.43799,50.37112],[6.43918,50.37148],[6.44053,50.37156],[6.44292,50.3717],[6.44662,50.37162],[6.44824,50.37138],[6.44856,50.37134],[6.44879,50.37034],[6.44876,50.37006],[6.44874,50.37],[6.44868,50.36978],[6.44864,50.36963],[6.44862,50.3695],[6.4486,50.36939],[6.44846,50.36866],[6.44839,50.36824],[6.44836,50.36796],[6.44837,50.3674],[6.44843,50.36684],[6.44852,50.36628],[6.44863,50.36572],[6.44865,50.36565],[6.44876,50.36531],[6.44891,50.36493],[6.44894,50.36486],[6.44918,50.36436],[6.44933,50.3641],[6.44952,50.36384],[6.44974,50.3636],[6.44986,50.36348],[6.45,50.36338],[6.45035,50.36322],[6.45083,50.36291],[6.451,50.36282],[6.45128,50.36274],[6.45139,50.36272],[6.45161,50.36269],[6.45162,50.36269],[6.45204,50.36266],[6.45222,50.36265],[6.45299,50.36299],[6.45332,50.36314],[6.454,50.36253],[6.45434,50.36222],[6.45469,50.36227],[6.4552,50.36233],[6.45563,50.36237],[6.45583,50.36238],[6.45607,50.36239],[6.45635,50.36238],[6.45647,50.36238],[6.45695,50.36236],[6.45715,50.36234],[6.45723,50.36233],[6.45737,50.36231],[6.45759,50.36228],[6.45771,50.36227],[6.45781,50.36225],[6.45796,50.36223],[6.45814,50.3622],[6.45817,50.3622],[6.45824,50.36219],[6.45846,50.36214],[6.45866,50.3621],[6.45885,50.36204],[6.45892,50.36201],[6.46116,50.35903],[6.45955,50.35581],[6.45715,50.35177],[6.4571,50.34781],[6.45827,50.34494],[6.45867,50.34397],[6.45439,50.3418],[6.45373,50.34146],[6.45337,50.34107],[6.45203,50.33959],[6.44959,50.33835],[6.45085,50.33693],[6.45162,50.33643],[6.45303,50.33636],[6.45906,50.33892],[6.4644,50.34233],[6.46598,50.34259],[6.46805,50.34249],[6.47026,50.3418],[6.47145,50.34043],[6.47195,50.33935],[6.47522,50.33845],[6.48283,50.33839],[6.48474,50.33856],[6.48413,50.33936],[6.48795,50.3406],[6.48695,50.34312],[6.48868,50.3441],[6.49083,50.34533],[6.49128,50.34613],[6.49138,50.34629],[6.49178,50.347],[6.49317,50.34761],[6.49372,50.34785],[6.49485,50.34835],[6.50228,50.35118],[6.50479,50.35235],[6.50411,50.35276],[6.5036,50.35353],[6.50341,50.3545],[6.50349,50.35549],[6.50388,50.35656],[6.50421,50.35765],[6.50712,50.35988],[6.51332,50.35759],[6.51522,50.35611],[6.5164,50.35539],[6.51588,50.35791],[6.51542,50.35875],[6.51486,50.35935],[6.51787,50.36106],[6.51662,50.36219],[6.52105,50.36306],[6.5229,50.36398],[6.52552,50.36546],[6.52953,50.36862],[6.53045,50.36935],[6.5328,50.37004],[6.53305,50.36938],[6.53697,50.36992],[6.53903,50.37102],[6.54218,50.37106],[6.54469,50.37005],[6.5427,50.36769],[6.54318,50.36625],[6.55267,50.36818],[6.55612,50.36885],[6.55902,50.36941],[6.56086,50.37034],[6.5619,50.37127],[6.56652,50.37249],[6.56679,50.3741],[6.56919,50.37663],[6.57518,50.3764],[6.57956,50.37709],[6.58185,50.37754],[6.58204,50.37865],[6.5835,50.38091],[6.58517,50.3825],[6.58883,50.38393],[6.58918,50.38396],[6.59213,50.38439],[6.59555,50.38523],[6.59761,50.38575],[6.60309,50.38822],[6.60676,50.38097],[6.6012,50.37838],[6.60309,50.37624],[6.60409,50.37512],[6.60954,50.37597],[6.61339,50.37657],[6.61627,50.37702],[6.61801,50.37593],[6.62147,50.37426],[6.62296,50.3745],[6.62535,50.37488],[6.62743,50.37192],[6.62547,50.37171],[6.6263,50.36749],[6.62552,50.36353],[6.62447,50.36327],[6.62503,50.36221],[6.62181,50.36],[6.62321,50.35887],[6.62204,50.35694],[6.62155,50.35612],[6.62325,50.35444],[6.62225,50.35366],[6.62304,50.35242],[6.62356,50.35163],[6.62546,50.35207],[6.62626,50.3521],[6.62678,50.35199],[6.62761,50.35176],[6.62862,50.35142],[6.62984,50.35123],[6.62887,50.35048],[6.63143,50.3482],[6.63259,50.34878],[6.63621,50.34537],[6.6379,50.34527],[6.64096,50.34731],[6.64458,50.34727],[6.64996,50.34817],[6.65162,50.34972],[6.65423,50.35108],[6.65227,50.35232],[6.65497,50.35322],[6.65753,50.35699],[6.65661,50.35873],[6.65601,50.36744],[6.65658,50.36781],[6.65803,50.36879],[6.65929,50.36941],[6.6596,50.36956],[6.66182,50.37035],[6.66313,50.37073],[6.66438,50.37094],[6.66605,50.37148],[6.66735,50.37197],[6.66868,50.37142],[6.66999,50.36988],[6.67239,50.36902],[6.67377,50.36689],[6.67497,50.36699],[6.67713,50.36496],[6.68069,50.3624],[6.6818,50.36296],[6.68566,50.35931],[6.68677,50.35838],[6.68845,50.35384],[6.69049,50.35139],[6.69147,50.35022],[6.69636,50.34639],[6.69661,50.34546],[6.69632,50.34407],[6.69566,50.34336],[6.69635,50.34038],[6.69798,50.3382],[6.69924,50.3361],[6.70189,50.33819],[6.70259,50.3389],[6.70303,50.33955],[6.70329,50.34024],[6.70381,50.34094],[6.70465,50.34163],[6.70532,50.34225],[6.70603,50.34279],[6.70637,50.34294],[6.70694,50.34319],[6.70794,50.34357],[6.70818,50.34365],[6.70894,50.34389],[6.70976,50.34394],[6.7101,50.34396],[6.71072,50.34398],[6.7113,50.34405],[6.71161,50.34409],[6.71257,50.3443],[6.71336,50.34458],[6.71363,50.34467],[6.71423,50.34486],[6.7147,50.3451],[6.715,50.34526],[6.71573,50.34557],[6.71652,50.34583],[6.71729,50.3462],[6.71807,50.34648],[6.71887,50.34665],[6.71993,50.34684],[6.72074,50.34707],[6.72255,50.34759],[6.72314,50.34777],[6.72354,50.3479],[6.72411,50.3481],[6.72467,50.3483],[6.72712,50.34926],[6.72958,50.35104],[6.72997,50.3513],[6.7308,50.35152],[6.73152,50.3517],[6.7324,50.3525],[6.73453,50.35238],[6.73598,50.35326],[6.74019,50.35375],[6.74386,50.35403],[6.746,50.35419],[6.75207,50.3555],[6.75352,50.35411],[6.76484,50.35829],[6.76541,50.35856],[6.77089,50.36121],[6.77229,50.36028],[6.77308,50.35975],[6.77438,50.35888],[6.7759,50.35823],[6.77677,50.35809],[6.77806,50.36185],[6.77698,50.36337],[6.77713,50.36362],[6.77729,50.36388],[6.77769,50.36443],[6.77785,50.36435],[6.77801,50.36429],[6.78088,50.36329],[6.78119,50.36309],[6.78132,50.36301],[6.78308,50.36192],[6.78551,50.36221],[6.78817,50.36254],[6.79153,50.36145],[6.7952,50.36197],[6.7954,50.36054],[6.79559,50.35954],[6.80071,50.36178],[6.80038,50.364],[6.80252,50.36742],[6.80275,50.3693],[6.7985,50.3697],[6.7962,50.36994],[6.79057,50.37302],[6.78469,50.37475],[6.78543,50.37546],[6.78059,50.38131],[6.77712,50.38492],[6.77562,50.38704],[6.77461,50.38846],[6.77387,50.38951],[6.76931,50.39275],[6.77048,50.39772],[6.77364,50.40126],[6.77931,50.40497],[6.77915,50.41186],[6.77923,50.4136],[6.78116,50.41702],[6.78309,50.41914],[6.78512,50.42063],[6.7836,50.42122],[6.78044,50.42329],[6.77867,50.42414],[6.77531,50.42427],[6.77201,50.4244],[6.77069,50.42505],[6.77122,50.42651],[6.77041,50.4289],[6.76931,50.43105],[6.76924,50.43248],[6.76984,50.43406],[6.7712,50.43605],[6.76673,50.4343],[6.76392,50.43338],[6.7606,50.43154],[6.76032,50.43139],[6.75782,50.43405],[6.75522,50.43427],[6.75325,50.4337],[6.75148,50.43375],[6.74997,50.43398],[6.74806,50.43454],[6.74838,50.43517],[6.74691,50.4357],[6.74552,50.43593],[6.74537,50.43627],[6.74529,50.43652],[6.74506,50.43697],[6.74549,50.4376],[6.74563,50.43774],[6.74599,50.43806],[6.74594,50.43811],[6.7457,50.43843],[6.74534,50.43887],[6.74511,50.43921],[6.7449,50.43943],[6.74478,50.43957],[6.74465,50.43975],[6.74451,50.43991],[6.74423,50.44027],[6.74393,50.44064],[6.7437,50.44093],[6.74508,50.44176],[6.74567,50.44207],[6.74651,50.44249],[6.74725,50.44287],[6.74788,50.44319],[6.74836,50.44344],[6.74911,50.44389],[6.75194,50.44527],[6.7569,50.44713],[6.75968,50.44841],[6.76046,50.44865],[6.76158,50.44928],[6.76411,50.45053],[6.76463,50.45079],[6.76453,50.455],[6.76294,50.4557],[6.76398,50.45674],[6.76471,50.45731],[6.76495,50.45749],[6.76622,50.45792],[6.76662,50.45864],[6.76463,50.46043],[6.76466,50.46169],[6.76374,50.46204],[6.76274,50.46263],[6.75933,50.46178],[6.75809,50.46264],[6.75707,50.46303],[6.75711,50.46383],[6.75644,50.46492],[6.75845,50.4661],[6.75794,50.46708],[6.75872,50.46769],[6.75815,50.46826],[6.75809,50.46955],[6.75815,50.47093],[6.75674,50.47117],[6.75385,50.47142],[6.7527,50.47067],[6.75148,50.47023],[6.7518,50.46806],[6.75109,50.46799],[6.75074,50.46665],[6.74773,50.46616],[6.7456,50.46648],[6.74339,50.46766],[6.74324,50.46775],[6.7446,50.47263],[6.75136,50.47514],[6.75913,50.47459],[6.76756,50.48234],[6.76828,50.48428],[6.77538,50.48249],[6.77867,50.48517],[6.77986,50.48658],[6.78792,50.48825],[6.78938,50.48911],[6.79092,50.48887],[6.79631,50.48999],[6.80094,50.49132],[6.80379,50.48911],[6.80619,50.48824],[6.80687,50.48268],[6.80749,50.4791],[6.80921,50.47557],[6.81207,50.47224],[6.8169,50.47083],[6.8184,50.46963],[6.8256,50.46724],[6.82859,50.46703],[6.8316,50.46605],[6.83654,50.46552],[6.84054,50.46395],[6.84359,50.46038],[6.84748,50.45934],[6.85017,50.45716],[6.85281,50.45755],[6.85343,50.45644],[6.85505,50.45418],[6.85606,50.45346],[6.85679,50.45322],[6.85753,50.45313],[6.85857,50.45327],[6.85953,50.45379],[6.86065,50.45485],[6.86199,50.45619],[6.86256,50.45668],[6.86311,50.45696],[6.8651,50.45659],[6.86674,50.45625],[6.86776,50.45712],[6.86876,50.45801],[6.86943,50.45868],[6.87012,50.45956],[6.873,50.4623],[6.8767,50.46479],[6.87834,50.46523],[6.88053,50.46581],[6.88199,50.4662],[6.88541,50.4668],[6.88784,50.46738],[6.88897,50.46628],[6.89131,50.46738],[6.89436,50.467],[6.89782,50.46809],[6.90148,50.46909],[6.89988,50.47099],[6.90321,50.47528],[6.89921,50.47804],[6.9018,50.48143],[6.90284,50.48174],[6.90411,50.48211],[6.90447,50.48292],[6.90559,50.48505],[6.90423,50.48695],[6.90036,50.48977],[6.90175,50.49191],[6.90028,50.49241],[6.89963,50.49227],[6.89852,50.49204],[6.89787,50.49226],[6.89877,50.49339],[6.90032,50.49485],[6.90106,50.49742],[6.90485,50.49986],[6.9063,50.50168],[6.90707,50.50264],[6.90154,50.5035],[6.89954,50.5038],[6.89753,50.50639],[6.89231,50.50624],[6.88855,50.50701],[6.88897,50.50827],[6.89153,50.511],[6.89419,50.51383],[6.8962,50.51451],[6.89647,50.51662],[6.89782,50.5177],[6.89382,50.51776],[6.89264,50.51832],[6.88725,50.51867],[6.88449,50.51994],[6.88383,50.52176],[6.88396,50.52338],[6.88446,50.52473],[6.8821,50.52695],[6.88526,50.52843],[6.88608,50.52932],[6.88827,50.52942],[6.89462,50.52973],[6.89757,50.53069],[6.90075,50.53078],[6.90031,50.52996],[6.90018,50.52975],[6.89944,50.52913],[6.89886,50.52839],[6.89867,50.52743],[6.89873,50.52713],[6.90012,50.52708],[6.90445,50.5272],[6.9058,50.52576],[6.909,50.5255],[6.91256,50.52738],[6.9165,50.52798],[6.91598,50.52911],[6.92383,50.53159],[6.92317,50.53285],[6.9269,50.5334],[6.92935,50.53314],[6.93048,50.53403],[6.93137,50.53556],[6.92897,50.54262],[6.92758,50.5429],[6.92586,50.54403],[6.92486,50.54801],[6.92426,50.54996],[6.92338,50.55169],[6.92205,50.55428],[6.9242,50.55549],[6.92462,50.55639],[6.9279,50.55862],[6.93097,50.56045],[6.9367,50.56049],[6.93937,50.56117],[6.93934,50.56145],[6.93922,50.56229],[6.94405,50.56342],[6.94586,50.56348],[6.94732,50.56367],[6.94848,50.56242],[6.95138,50.56338],[6.95309,50.56258],[6.95373,50.56125],[6.95614,50.56088],[6.95652,50.55703],[6.95909,50.55681],[6.96044,50.55622],[6.96704,50.55663],[6.96835,50.55727],[6.9721,50.55591],[6.97511,50.55729],[6.9761,50.55778],[6.97686,50.56143],[6.97658,50.56282],[6.97729,50.56345],[6.98103,50.56448],[6.98358,50.56573],[6.98568,50.56485],[6.99186,50.56423],[6.9981,50.56505],[7.00608,50.57022],[7.01024,50.57291],[7.01272,50.57466],[7.01591,50.57699],[7.02237,50.5827],[7.03197,50.58997],[7.03528,50.59436],[7.04381,50.59999],[7.04901,50.60321],[7.04919,50.60434],[7.05118,50.60461],[7.0515,50.60343],[7.05546,50.60516],[7.05613,50.60624],[7.05907,50.6038],[7.05925,50.60037],[7.06135,50.60047],[7.06635,50.6007],[7.06646,50.59758],[7.06824,50.59379],[7.06903,50.59274],[7.07148,50.59306],[7.07251,50.59206],[7.08548,50.58818],[7.08487,50.58644],[7.08743,50.58601],[7.09081,50.58591],[7.0934,50.58604],[7.09527,50.58637],[7.09509,50.58744],[7.10004,50.58908],[7.1038,50.59132],[7.10472,50.5924],[7.10505,50.59487],[7.10532,50.59665],[7.1119,50.60195],[7.11028,50.60255],[7.1113,50.60391],[7.11265,50.60571],[7.11279,50.60822],[7.11182,50.60926],[7.11512,50.61179],[7.11939,50.61231],[7.12143,50.61053],[7.12516,50.60828],[7.12585,50.60636],[7.12749,50.60554],[7.13123,50.60368],[7.1356,50.60297],[7.13543,50.60217],[7.14,50.60176],[7.13981,50.60064],[7.14151,50.60055],[7.14785,50.60029],[7.14811,50.60617],[7.14884,50.60848],[7.14922,50.60949],[7.15012,50.60985],[7.1509,50.61016],[7.15147,50.61038],[7.15186,50.61052],[7.15222,50.61304],[7.15472,50.6147],[7.15716,50.61421],[7.15741,50.61415],[7.16472,50.6124],[7.16798,50.61264],[7.16931,50.61227],[7.17302,50.61255],[7.1738,50.61363],[7.17398,50.61891],[7.18021,50.62245],[7.18386,50.62293],[7.18687,50.62228],[7.18984,50.62389],[7.18938,50.62557],[7.1904,50.62653],[7.18925,50.62943],[7.19064,50.63604],[7.19373,50.63773],[7.1952,50.64272],[7.19726,50.64567],[7.199,50.64678],[7.19849,50.64821],[7.20131,50.64892],[7.20379,50.64966],[7.20462,50.64865],[7.21087,50.64954],[7.21146,50.64816],[7.21185,50.64692],[7.21208,50.64552],[7.2121,50.64332],[7.21197,50.63943],[7.21145,50.63404],[7.21147,50.63252],[7.21153,50.63008],[7.2124,50.62341],[7.21489,50.62337],[7.21647,50.62489],[7.21572,50.6279],[7.21703,50.62807],[7.2219,50.62805],[7.2278,50.62741],[7.22982,50.6275],[7.2347,50.62767],[7.23705,50.62822],[7.24019,50.62822],[7.24041,50.62711],[7.24576,50.62722],[7.24736,50.6274],[7.24798,50.62684],[7.24998,50.62712],[7.25154,50.62671],[7.25196,50.62784],[7.25374,50.62606],[7.25515,50.62516],[7.25658,50.62468],[7.25742,50.62487],[7.25839,50.62519],[7.25964,50.62523],[7.26094,50.62529],[7.26196,50.62552],[7.26282,50.62608],[7.26322,50.62675],[7.26364,50.62725],[7.2643,50.62744],[7.2647,50.62751],[7.26639,50.62644],[7.26715,50.62644],[7.27005,50.62643],[7.27206,50.6275],[7.27691,50.62797],[7.28294,50.62884],[7.29732,50.63182],[7.29888,50.63385],[7.30141,50.63514],[7.3051,50.63758],[7.30822,50.63819],[7.31118,50.63805],[7.3131,50.63701],[7.31467,50.63744],[7.31463,50.6386],[7.31646,50.63871],[7.31874,50.64059],[7.32218,50.64172],[7.32303,50.64095],[7.32313,50.64085],[7.32415,50.64043],[7.32524,50.64023],[7.32627,50.64016],[7.32642,50.64014],[7.32746,50.64003],[7.32815,50.63982],[7.32888,50.63972],[7.32977,50.63975],[7.33059,50.6396],[7.3312,50.63933],[7.33222,50.63879],[7.33287,50.63855],[7.33348,50.6384],[7.33548,50.64084],[7.33721,50.64178],[7.33805,50.64224],[7.33932,50.64265],[7.34064,50.64308],[7.34148,50.64335],[7.35055,50.64627],[7.35898,50.64949],[7.35877,50.65077],[7.35856,50.65216],[7.35767,50.65492],[7.35566,50.65535],[7.35531,50.65866],[7.35517,50.66168],[7.35603,50.66299],[7.35649,50.66368],[7.35582,50.66523],[7.36295,50.6712],[7.36364,50.67231],[7.36432,50.6727],[7.36542,50.67297],[7.36932,50.67255],[7.36999,50.67797],[7.36742,50.6795],[7.36618,50.68071],[7.37185,50.6811],[7.37206,50.68211],[7.36736,50.68549],[7.36512,50.68761],[7.36721,50.68933],[7.36712,50.69065],[7.36464,50.69223],[7.36634,50.69383],[7.36808,50.69669],[7.36831,50.69709],[7.36741,50.69722],[7.366,50.69718],[7.36415,50.69713],[7.36018,50.69711],[7.35915,50.69727],[7.35801,50.69776],[7.35714,50.6979],[7.35847,50.69899],[7.35941,50.69989],[7.36023,50.70049],[7.36133,50.70077],[7.36243,50.70112],[7.36289,50.7017],[7.36302,50.70248],[7.36292,50.70322],[7.36247,50.70392],[7.36243,50.70449],[7.36307,50.70505],[7.36412,50.70557],[7.36544,50.70603],[7.3665,50.70626],[7.36719,50.70671],[7.36768,50.70744],[7.36776,50.70835],[7.36802,50.70916],[7.36869,50.70992],[7.36926,50.71071],[7.36963,50.71126],[7.36999,50.71199],[7.36862,50.71229],[7.36928,50.71323],[7.37175,50.71284],[7.37317,50.71472],[7.37088,50.71523],[7.37401,50.71822],[7.37616,50.71765],[7.37633,50.71755],[7.37677,50.71725],[7.37702,50.7169],[7.37706,50.71678],[7.37719,50.71652],[7.3777,50.71616],[7.37813,50.71595],[7.37892,50.71583],[7.37974,50.7159],[7.38029,50.7162],[7.38037,50.71623],[7.38084,50.71638],[7.38136,50.71643],[7.38225,50.71651],[7.38296,50.71648],[7.38754,50.71749],[7.38761,50.71573],[7.39728,50.71427],[7.39811,50.71525],[7.40052,50.71637],[7.4028,50.71748],[7.40705,50.71819],[7.41138,50.71686],[7.41492,50.71498],[7.41637,50.71365],[7.41811,50.71208],[7.4234,50.70995],[7.43282,50.70988],[7.43566,50.7105],[7.43913,50.71119],[7.44077,50.71144],[7.44309,50.71182],[7.44487,50.71383],[7.44498,50.71611],[7.44862,50.71745],[7.44894,50.71581],[7.45389,50.7158],[7.45646,50.71808],[7.46133,50.71862],[7.46434,50.71855],[7.46495,50.71775],[7.46746,50.71796],[7.46828,50.71849],[7.47833,50.71815],[7.47982,50.71825],[7.48234,50.71982],[7.48491,50.72243],[7.49297,50.72366],[7.49156,50.72591],[7.49389,50.72549],[7.4965,50.72649],[7.49816,50.72655],[7.50194,50.73001],[7.50443,50.72997],[7.50744,50.72941],[7.50794,50.73042],[7.51617,50.72911],[7.52012,50.729],[7.51831,50.73126],[7.51916,50.73391],[7.51952,50.73563],[7.51939,50.73741],[7.52192,50.7361],[7.52153,50.73365],[7.52967,50.73818],[7.5346,50.74034],[7.53897,50.74214],[7.54652,50.74387],[7.55026,50.74597],[7.5519,50.74634],[7.5573,50.74348],[7.55801,50.7431],[7.55837,50.743],[7.56078,50.74319],[7.56306,50.74338],[7.56616,50.74173],[7.57409,50.74032],[7.58025,50.73814],[7.58331,50.73791],[7.58492,50.73845],[7.58627,50.7392],[7.58728,50.73999],[7.58873,50.74025],[7.58933,50.74029],[7.59013,50.74034],[7.59152,50.74028],[7.59234,50.74059],[7.59288,50.7408],[7.59301,50.74094],[7.59378,50.74176],[7.59389,50.74287],[7.59375,50.74344],[7.59365,50.74386],[7.5933,50.74523],[7.59308,50.74642],[7.59305,50.74654],[7.59311,50.74694],[7.59322,50.74782],[7.59463,50.74891],[7.5951,50.7496],[7.59528,50.74986],[7.5953,50.75097],[7.59471,50.75195],[7.59352,50.75281],[7.59251,50.75377],[7.59164,50.75497],[7.59151,50.75578],[7.5916,50.75603],[7.59171,50.75629],[7.59179,50.75645],[7.59211,50.75719],[7.59309,50.75838],[7.59444,50.75907],[7.59503,50.75932],[7.59588,50.75966],[7.59744,50.75992],[7.59845,50.76044],[7.59903,50.76107],[7.59897,50.76195],[7.59866,50.76262],[7.59851,50.76365],[7.59875,50.76414],[7.59901,50.76469],[7.59905,50.76477],[7.59918,50.76494],[7.59927,50.76507],[7.59937,50.76519],[7.59947,50.76533],[7.59985,50.76584],[7.60104,50.76631],[7.60244,50.76623],[7.60305,50.76602],[7.60377,50.76577],[7.60491,50.76574],[7.60553,50.76603],[7.60602,50.76627],[7.60702,50.76707],[7.6082,50.76765],[7.6092,50.76823],[7.61068,50.76837],[7.61172,50.76834],[7.61266,50.76815],[7.61296,50.7681],[7.61414,50.76808],[7.61435,50.76808],[7.6153,50.76837],[7.61572,50.7685],[7.6161,50.76939],[7.61817,50.77017],[7.62177,50.76935],[7.62581,50.76968],[7.62775,50.76965],[7.6292,50.76885],[7.636,50.76952],[7.64041,50.76912],[7.64083,50.76916],[7.64457,50.76955],[7.64539,50.77088],[7.65382,50.76836],[7.65545,50.76787],[7.65568,50.76827],[7.65602,50.76886],[7.65481,50.76976],[7.65691,50.76964],[7.65784,50.76991],[7.65868,50.77015],[7.65947,50.7707],[7.66044,50.77139],[7.66157,50.77238],[7.66216,50.77316],[7.66231,50.77405],[7.66168,50.77497],[7.6607,50.77619],[7.66059,50.77636],[7.65996,50.77742],[7.65921,50.77892],[7.65887,50.78014],[7.65874,50.78054],[7.65872,50.7824],[7.65858,50.7835],[7.65855,50.7837],[7.65894,50.78483],[7.66001,50.78556],[7.66195,50.78603],[7.66416,50.78626],[7.6663,50.78643],[7.66846,50.78619],[7.66988,50.78563],[7.67109,50.78424],[7.67252,50.78221],[7.67393,50.78094],[7.67418,50.78077],[7.67594,50.77933],[7.67644,50.77989],[7.67696,50.78046],[7.67783,50.78173],[7.67827,50.78325],[7.67865,50.78458],[7.67864,50.78691],[7.67903,50.7895],[7.67915,50.79036],[7.67976,50.79225],[7.68097,50.79365],[7.68212,50.79469],[7.68222,50.79537],[7.68181,50.79677],[7.68061,50.79723],[7.67988,50.79807],[7.68006,50.79882],[7.67881,50.79945],[7.67859,50.80004],[7.6771,50.80163],[7.67557,50.80222],[7.67505,50.80267],[7.67619,50.8047],[7.67576,50.80574],[7.67499,50.80653],[7.67874,50.8091],[7.67951,50.81005],[7.67698,50.81153],[7.67636,50.81234],[7.67441,50.81218],[7.67227,50.81201],[7.6699,50.81244],[7.66872,50.81324],[7.66776,50.81421],[7.66411,50.81535],[7.66252,50.8171],[7.66289,50.81879],[7.661,50.82037],[7.66641,50.82076],[7.6675,50.81921],[7.66833,50.8188],[7.66921,50.81862],[7.67007,50.81875],[7.67053,50.81918],[7.67093,50.81931],[7.67123,50.8195],[7.6723,50.81973],[7.67309,50.81948],[7.67365,50.81924],[7.67463,50.81919],[7.67555,50.81948],[7.67654,50.81966],[7.67783,50.82009],[7.67909,50.82081],[7.68172,50.82199],[7.68544,50.82237],[7.68778,50.82265],[7.69163,50.82352],[7.70002,50.82542],[7.70283,50.82759],[7.70538,50.82966],[7.7065,50.83057],[7.70639,50.83385],[7.70948,50.83445],[7.71361,50.83361],[7.71398,50.83767],[7.71429,50.84045],[7.72008,50.84258],[7.72169,50.84316],[7.72387,50.84475],[7.7253,50.84612],[7.72674,50.84749],[7.72934,50.85052],[7.73461,50.84807],[7.73692,50.84724],[7.74128,50.84707],[7.74674,50.84686],[7.75388,50.84449],[7.75804,50.84348],[7.76103,50.84451],[7.76219,50.84513],[7.7607,50.84627],[7.76034,50.84858],[7.75482,50.84918],[7.7534,50.85046],[7.75319,50.85137],[7.75386,50.85201],[7.7571,50.85362],[7.75909,50.85406],[7.76067,50.85403],[7.76206,50.85501],[7.76597,50.85682],[7.76403,50.85752],[7.76016,50.8617],[7.75745,50.86212],[7.75548,50.86316],[7.75414,50.86529],[7.74831,50.86722],[7.74872,50.86831],[7.75188,50.87147],[7.75283,50.87518],[7.75775,50.87794],[7.75877,50.87977],[7.75302,50.88838],[7.75354,50.89232],[7.75653,50.89398],[7.76043,50.90039],[7.7588,50.90271],[7.75249,50.90456],[7.7506,50.90566],[7.74506,50.9052],[7.74687,50.91239],[7.74557,50.91287],[7.74281,50.91389],[7.73579,50.91572],[7.73546,50.91777],[7.74236,50.91976],[7.7485,50.91912],[7.7504,50.91995],[7.75449,50.92162],[7.75728,50.92016],[7.76128,50.92223],[7.7636,50.92295],[7.76762,50.92536],[7.77622,50.92904],[7.78099,50.9344],[7.7859,50.93991],[7.79281,50.94233],[7.80301,50.9409],[7.80414,50.94054],[7.80719,50.93983],[7.80879,50.9388],[7.81241,50.93858],[7.81327,50.94003],[7.8189,50.9333],[7.8285,50.92889],[7.83579,50.92957],[7.83633,50.92866],[7.83763,50.929],[7.83831,50.92629],[7.84117,50.92711],[7.84077,50.92781],[7.84468,50.93039],[7.84553,50.93082],[7.84653,50.93074],[7.8484,50.92989],[7.84918,50.92888],[7.8515,50.92583],[7.85075,50.92439],[7.84822,50.92209],[7.84681,50.92081],[7.84632,50.92037],[7.84153,50.91602],[7.83948,50.91282],[7.83838,50.91034],[7.83624,50.90966],[7.83637,50.9092],[7.83371,50.90835],[7.83324,50.90726],[7.83551,50.90329],[7.83496,50.90186],[7.83267,50.89666],[7.83128,50.89584],[7.82982,50.89499],[7.8267,50.89083],[7.82805,50.88963],[7.82777,50.88664],[7.82832,50.88506],[7.82926,50.88239],[7.83002,50.88275],[7.83309,50.88161],[7.83553,50.88111],[7.83805,50.88059],[7.84527,50.87838],[7.84714,50.8785],[7.84815,50.87856],[7.84934,50.87819],[7.85083,50.87771],[7.86044,50.87701],[7.86215,50.87751],[7.86586,50.87761],[7.86798,50.87836],[7.869,50.87907],[7.86988,50.87817],[7.87161,50.8764],[7.87189,50.87611],[7.87224,50.87584],[7.87283,50.87559],[7.87495,50.87506],[7.87635,50.87479],[7.87718,50.8747],[7.87784,50.87479],[7.8789,50.87494],[7.88,50.87506],[7.88083,50.87508],[7.88091,50.87508],[7.88111,50.87507],[7.88168,50.87503],[7.88246,50.87489],[7.88301,50.87471],[7.88355,50.8744],[7.884,50.87398],[7.88431,50.87358],[7.88457,50.8732],[7.88502,50.87256],[7.88568,50.87169],[7.88608,50.87066],[7.88658,50.86783],[7.88671,50.86732],[7.88678,50.86706],[7.88684,50.86684],[7.88692,50.86639],[7.8871,50.8654],[7.88836,50.86552],[7.8893,50.86563],[7.89056,50.86539],[7.89243,50.86501],[7.89396,50.86473],[7.89403,50.86094],[7.893,50.85948],[7.89731,50.85747],[7.90069,50.85262],[7.90089,50.8524],[7.90267,50.85143],[7.90435,50.85052],[7.90585,50.84811],[7.9078,50.84754],[7.9086,50.84731],[7.90964,50.847],[7.91296,50.84691],[7.91348,50.84689],[7.91452,50.84663],[7.91561,50.84522],[7.91864,50.84463],[7.92035,50.84483],[7.92285,50.84466],[7.92574,50.84483],[7.9271,50.84504],[7.92761,50.8456],[7.92801,50.84606],[7.93001,50.84662],[7.93432,50.8469],[7.93602,50.8472],[7.9383,50.84838],[7.9455,50.84768],[7.94931,50.84582],[7.9529,50.84601],[7.95362,50.84644],[7.95674,50.84831],[7.95769,50.84887],[7.9605,50.84796],[7.96119,50.84758],[7.96182,50.84722],[7.96394,50.84604],[7.96477,50.84505],[7.96698,50.84404],[7.96816,50.8417],[7.96834,50.84112],[7.96855,50.83979],[7.96838,50.83865],[7.96757,50.83772],[7.96776,50.83685],[7.96807,50.83604],[7.97015,50.83499],[7.97206,50.83453],[7.97364,50.83343],[7.97743,50.83407],[7.97831,50.83331],[7.97747,50.83236],[7.97651,50.83047],[7.97406,50.82865],[7.9758,50.8264],[7.97658,50.82505],[7.97665,50.82493],[7.97563,50.82382],[7.97597,50.82059],[7.97383,50.81869],[7.97337,50.81694],[7.97196,50.8147],[7.97321,50.81437],[7.97378,50.81395],[7.97435,50.81233],[7.97465,50.81088],[7.97378,50.80629],[7.97394,50.80417],[7.97296,50.80227],[7.96969,50.80019],[7.96828,50.79879],[7.96731,50.79825],[7.96684,50.79438],[7.9668,50.79195],[7.96833,50.78875],[7.96834,50.78844],[7.96836,50.78782],[7.9684,50.78708],[7.96867,50.78643],[7.96898,50.78562],[7.96865,50.78521],[7.9679,50.78428],[7.96425,50.78382],[7.96679,50.78076],[7.96783,50.77886],[7.96792,50.77844],[7.96803,50.77791],[7.96886,50.77392],[7.96978,50.77314],[7.97339,50.76968],[7.97757,50.7678],[7.97989,50.7645],[7.98298,50.7624],[7.98504,50.7619],[7.98403,50.76099],[7.98613,50.76051],[7.98728,50.75952],[7.99483,50.75701],[7.99741,50.75609],[8.00023,50.75508],[8.00126,50.75433],[8.00369,50.75122],[8.00375,50.75115],[8.01032,50.74548],[8.0121,50.74409],[8.01265,50.74356],[8.01299,50.74324],[8.01331,50.74293],[8.01344,50.74286],[8.01369,50.74272],[8.01828,50.74012],[8.01917,50.73954],[8.01988,50.7389],[8.02116,50.73767],[8.02206,50.73694],[8.02263,50.73638],[8.02315,50.73579],[8.02382,50.73512],[8.02455,50.73465],[8.02763,50.73341],[8.03382,50.73093],[8.03628,50.7294],[8.03837,50.72745],[8.04033,50.72566],[8.04111,50.72079],[8.04167,50.71798],[8.04189,50.71581],[8.04198,50.71494],[8.04285,50.71329],[8.04305,50.71172],[8.04287,50.71109],[8.04235,50.70922],[8.04031,50.70233],[8.03941,50.6993],[8.03916,50.69846],[8.03969,50.69738],[8.04139,50.69666],[8.05966,50.69504],[8.06421,50.69939],[8.07077,50.7002],[8.07127,50.7006],[8.07132,50.70102],[8.0711,50.70167],[8.07506,50.70485],[8.07702,50.70538],[8.07958,50.70609],[8.08047,50.70511],[8.08248,50.7029],[8.08529,50.7032],[8.08872,50.7036],[8.09231,50.70361],[8.09839,50.70359],[8.09917,50.70356],[8.10414,50.70098],[8.10752,50.69921],[8.10897,50.69845],[8.10982,50.69801],[8.11144,50.69646],[8.11364,50.69452],[8.1183,50.69041],[8.12069,50.68829],[8.12106,50.68542],[8.12578,50.68581],[8.12574,50.68492],[8.1258,50.68456],[8.12586,50.68417],[8.12581,50.68341],[8.12552,50.68284],[8.12473,50.68236],[8.12441,50.68182],[8.12399,50.68121],[8.12329,50.68068],[8.12274,50.68003],[8.12201,50.67937],[8.12193,50.67926],[8.12168,50.6789],[8.1209,50.67828],[8.12034,50.67775],[8.1197,50.67715],[8.11882,50.67667],[8.11753,50.67638],[8.11642,50.67613],[8.11517,50.67594],[8.11378,50.67567],[8.11258,50.67557],[8.11023,50.6709],[8.10969,50.66516],[8.10991,50.66002],[8.11009,50.65725],[8.11269,50.65405],[8.11396,50.6525],[8.11556,50.65186],[8.1183,50.65078],[8.12032,50.64877],[8.12095,50.64813],[8.12379,50.6453],[8.12749,50.64509],[8.12704,50.64342],[8.1265,50.64146],[8.12876,50.6385],[8.13098,50.63624],[8.13198,50.63689],[8.13752,50.63343],[8.14027,50.63171],[8.14088,50.63023],[8.13918,50.62954],[8.1414,50.62674],[8.13965,50.62583],[8.13975,50.62563],[8.14037,50.62436],[8.1378,50.62339],[8.13798,50.62273],[8.13816,50.62204],[8.13868,50.62005],[8.13745,50.6195],[8.13556,50.61952],[8.13534,50.61843],[8.13774,50.61822],[8.13149,50.61289],[8.1275,50.61085],[8.12602,50.61009],[8.12796,50.60772],[8.13372,50.60603],[8.13806,50.60493],[8.14108,50.60416],[8.14341,50.60351],[8.14751,50.60212],[8.14867,50.60028],[8.14926,50.59937],[8.15159,50.59937],[8.15216,50.59367],[8.15176,50.5928],[8.15091,50.59097],[8.15003,50.58908],[8.14757,50.5859],[8.14695,50.5839],[8.14714,50.58211],[8.14296,50.57606],[8.14174,50.57349],[8.14019,50.57201],[8.1396,50.568],[8.13967,50.56651],[8.13791,50.56581],[8.13613,50.56548],[8.13641,50.56446],[8.13467,50.56395],[8.13513,50.56244],[8.13335,50.56182],[8.13252,50.55903],[8.13219,50.55796],[8.13194,50.55703],[8.13419,50.55632],[8.13469,50.55557],[8.13565,50.55414],[8.13713,50.55201],[8.13791,50.55095],[8.13583,50.55004],[8.13256,50.54953],[8.12622,50.54854],[8.12181,50.54884],[8.11899,50.54847],[8.11887,50.54733],[8.11881,50.54682],[8.11647,50.5453],[8.11458,50.54512],[8.11324,50.54499],[8.11228,50.54438],[8.11117,50.54366],[8.11081,50.54187],[8.1112,50.54139],[8.11146,50.54108],[8.11173,50.54077],[8.11212,50.54029],[8.11302,50.53978],[8.11349,50.53952],[8.11375,50.53938],[8.11408,50.53919],[8.11431,50.53912],[8.11573,50.53868],[8.11608,50.53858],[8.11786,50.5388],[8.11833,50.5392],[8.119,50.53978],[8.12088,50.53966],[8.1184,50.53559],[8.11774,50.53451],[8.11601,50.53537],[8.11503,50.53585],[8.10796,50.53428],[8.10536,50.53415],[8.10343,50.53263],[8.10244,50.53315],[8.10113,50.53385],[8.10083,50.53478],[8.09882,50.53463],[8.09837,50.53513],[8.09456,50.53535],[8.09261,50.53666],[8.09152,50.53604],[8.09071,50.53539],[8.0873,50.53854],[8.08003,50.53847],[8.07693,50.53918],[8.07257,50.5388],[8.07052,50.538],[8.06975,50.54225],[8.06905,50.54594],[8.06799,50.54631],[8.06701,50.54709],[8.06642,50.54893],[8.06453,50.54919],[8.0603,50.54979],[8.05804,50.55029],[8.05722,50.55125],[8.05613,50.55099],[8.05512,50.5518],[8.05428,50.55164],[8.05381,50.5526],[8.04935,50.5528],[8.04774,50.55378],[8.04776,50.55498],[8.0461,50.55702],[8.04161,50.55699],[8.04291,50.55382],[8.041,50.55257],[8.03924,50.55204],[8.03752,50.55151],[8.03545,50.55154],[8.03397,50.55191],[8.03324,50.55122],[8.02814,50.55058],[8.02834,50.55002],[8.02843,50.54998],[8.02924,50.54963],[8.02913,50.54855],[8.02771,50.54666],[8.02829,50.5445],[8.02384,50.54214],[8.02447,50.54194],[8.02494,50.54165],[8.01846,50.53648],[8.01721,50.53692],[8.01454,50.53496],[8.01323,50.53357],[8.01215,50.53241],[8.01281,50.53177],[8.01108,50.5306],[8.01031,50.53069],[8.00906,50.5295],[8.00465,50.53065],[8.00342,50.52956],[8.00279,50.52836],[8.00144,50.52794],[7.99923,50.52726],[7.9973,50.52544],[7.9963,50.52451],[7.99476,50.52344],[7.99286,50.52211],[7.99326,50.52173],[7.99568,50.51948],[7.99623,50.51809],[7.99656,50.51723],[7.99455,50.51601],[7.99211,50.51516],[7.99076,50.51468],[7.98957,50.51307],[7.98547,50.5118],[7.984,50.51187],[7.98294,50.51146],[7.98406,50.51027],[7.98466,50.50964],[7.98453,50.50802],[7.98588,50.50341],[7.98645,50.50243],[7.98689,50.50167],[7.98773,50.50061],[7.9885,50.49963],[7.98851,50.49961],[7.98997,50.49857],[7.98795,50.49755],[7.9867,50.49692],[7.98435,50.49626],[7.98297,50.49588],[7.98143,50.49579],[7.98049,50.49574],[7.98002,50.49564],[7.9789,50.49538],[7.98013,50.49452],[7.98124,50.49374],[7.98038,50.49228],[7.98098,50.49063],[7.97873,50.4878],[7.97898,50.4863],[7.98008,50.48557],[7.9792,50.48464],[7.98206,50.48264],[7.98562,50.48259],[7.98626,50.47987],[7.98748,50.47984],[7.98739,50.47853],[7.98581,50.47664],[7.98651,50.47505],[7.98898,50.47546],[7.98737,50.47411],[7.98767,50.47272],[7.9917,50.47224],[7.99279,50.47166],[7.99482,50.4706],[7.99511,50.46935],[7.9946,50.46834],[7.99612,50.46736],[7.99874,50.46566],[7.99995,50.46294],[8.00106,50.46237],[8.00474,50.46177],[8.00652,50.4614],[8.00695,50.46131],[8.01013,50.46064],[8.01048,50.46057],[8.00952,50.45832],[8.00965,50.45775],[8.01047,50.454],[8.01077,50.45269],[8.00911,50.452],[8.00854,50.45176],[8.00752,50.4507],[8.00811,50.4488],[8.00012,50.44748],[8.00102,50.4453],[7.99692,50.44473],[7.99063,50.44394],[7.98939,50.44289],[7.98926,50.44228],[7.98885,50.44055],[7.98939,50.43973],[7.97988,50.43843],[7.97783,50.43815],[7.97518,50.43762],[7.97512,50.4359],[7.97822,50.43435],[7.97968,50.43558],[7.98282,50.43602],[7.98581,50.43557],[7.9881,50.43551],[7.98903,50.43378],[7.98516,50.43338],[7.98438,50.43231],[7.98458,50.4316],[7.9861,50.43089],[7.98751,50.42949],[7.98778,50.42792],[7.98567,50.42628],[7.98386,50.42587],[7.98379,50.42486],[7.98303,50.42271],[7.98159,50.4207],[7.98217,50.41986],[7.98124,50.418],[7.97493,50.41422],[7.97134,50.41483],[7.96617,50.41521],[7.96419,50.41222],[7.9644,50.41023],[7.96938,50.40989],[7.96976,50.40858],[7.97029,50.40699],[7.97156,50.40622],[7.97833,50.40633],[7.97988,50.40739],[7.98242,50.4081],[7.98442,50.40528],[7.98549,50.40551],[7.98698,50.40368],[7.98844,50.4019],[7.98964,50.40103],[7.98947,50.40066],[7.98866,50.40022],[7.98747,50.39957],[7.9843,50.39901],[7.98715,50.39806],[7.98963,50.39817],[7.99074,50.39955],[7.99389,50.39905],[7.99709,50.39854],[8.0034,50.39861],[8.00518,50.39864],[8.00471,50.39982],[8.0075,50.3988],[8.00782,50.39924],[8.00819,50.39975],[8.00836,50.39997],[8.00888,50.40064],[8.01369,50.39993],[8.014,50.40094],[8.02376,50.40076],[8.02308,50.39919],[8.02263,50.39909],[8.02105,50.39875],[8.02109,50.39769],[8.02064,50.39627],[8.02052,50.39591],[8.0211,50.39366],[8.02125,50.39307],[8.02036,50.38849],[8.02024,50.38766],[8.02017,50.38717],[8.02014,50.38694],[8.02002,50.38612],[8.01979,50.3861],[8.01927,50.38602],[8.01879,50.38586],[8.01876,50.38585],[8.01858,50.38579],[8.01535,50.38469],[8.01456,50.38453],[8.01444,50.3845],[8.01438,50.38449],[8.01432,50.38448],[8.01549,50.38385],[8.01753,50.38275],[8.02236,50.38216],[8.02487,50.38231],[8.02754,50.38248],[8.02981,50.38287],[8.03051,50.38166],[8.03139,50.38168],[8.0325,50.38172],[8.03361,50.38175],[8.03363,50.38175],[8.03472,50.38195],[8.03787,50.38252],[8.03816,50.38453],[8.04022,50.38475],[8.03976,50.38603],[8.04256,50.38605],[8.04296,50.38526],[8.04329,50.38463],[8.04428,50.38271],[8.0454,50.38059],[8.04556,50.38029],[8.04556,50.38028],[8.0456,50.38021],[8.04586,50.37972],[8.04612,50.37923],[8.0464,50.37867],[8.04678,50.3786],[8.04849,50.37828],[8.04848,50.37827],[8.04781,50.37734],[8.04718,50.37702],[8.04657,50.37672],[8.04477,50.37581],[8.04495,50.37565],[8.04605,50.37466],[8.04864,50.37557],[8.04922,50.37656],[8.05042,50.37863],[8.05093,50.37951],[8.05355,50.37885],[8.051,50.37592],[8.05253,50.37534],[8.05752,50.3734],[8.0584,50.37332],[8.05976,50.37531],[8.06385,50.36882],[8.0645,50.36773],[8.06564,50.36731],[8.06585,50.36724],[8.06589,50.36722],[8.06603,50.36631],[8.06617,50.36536],[8.06648,50.3633],[8.0666,50.36253],[8.06664,50.36229],[8.06668,50.36198],[8.06691,50.36043],[8.06727,50.35805],[8.0673,50.35788],[8.06731,50.35784],[8.06732,50.35775],[8.06998,50.35814],[8.07043,50.35575],[8.07163,50.35372],[8.07288,50.35406],[8.07308,50.35411],[8.0736,50.35313],[8.07511,50.35025],[8.07552,50.3498],[8.07677,50.3484],[8.07598,50.34784],[8.07572,50.34766],[8.07573,50.34488],[8.07668,50.34438],[8.07558,50.34335],[8.07692,50.34272],[8.07693,50.34231],[8.07608,50.34152],[8.07696,50.34069],[8.07721,50.34043],[8.07722,50.33902],[8.07699,50.33895],[8.07652,50.33879],[8.07685,50.33802],[8.07711,50.33743],[8.07638,50.33722],[8.07609,50.33712],[8.07619,50.3369],[8.07667,50.33587],[8.07506,50.33521],[8.0727,50.33426],[8.07144,50.33263],[8.07241,50.33253],[8.07236,50.33244],[8.07194,50.33177],[8.07248,50.33172],[8.07384,50.33158],[8.0741,50.33056],[8.07439,50.32944],[8.07503,50.32948],[8.0759,50.32958],[8.07761,50.3298],[8.07801,50.32985],[8.07827,50.32988],[8.07957,50.33017],[8.08061,50.33051],[8.08082,50.33057],[8.08221,50.33076],[8.08231,50.33075],[8.08255,50.33075],[8.08322,50.33072],[8.08466,50.33042],[8.08565,50.33014],[8.0863,50.32995],[8.08646,50.32991],[8.08721,50.32975],[8.08788,50.32961],[8.08899,50.32949],[8.0899,50.32961],[8.09045,50.32983],[8.09091,50.32999],[8.09109,50.33005],[8.09171,50.33027],[8.09407,50.33035],[8.09359,50.32809],[8.09624,50.32781],[8.09659,50.32777],[8.09674,50.32759],[8.09748,50.32662],[8.10268,50.32702],[8.10254,50.32367],[8.10566,50.32315],[8.10716,50.32158],[8.10573,50.31869],[8.10564,50.31752],[8.1055,50.3158],[8.10539,50.31455],[8.10241,50.30983],[8.10452,50.3093],[8.10389,50.30798],[8.10435,50.30701],[8.10796,50.30529],[8.1111,50.30318],[8.11355,50.30303],[8.11552,50.30283],[8.11642,50.30177],[8.11681,50.30068],[8.11723,50.29939],[8.1186,50.29968],[8.12057,50.29594],[8.11945,50.29465],[8.11987,50.29308],[8.12092,50.2917],[8.12278,50.29047],[8.12074,50.28931],[8.11964,50.28875],[8.12227,50.28618],[8.11978,50.28304],[8.12191,50.27723],[8.11634,50.27376],[8.11255,50.27132],[8.11191,50.27058],[8.11146,50.27006],[8.11227,50.26986],[8.11173,50.26896],[8.10678,50.26091],[8.10312,50.25979],[8.09338,50.26362],[8.09445,50.26478],[8.092,50.26524],[8.08958,50.26421],[8.08547,50.26222],[8.08367,50.26138],[8.08157,50.26076],[8.07903,50.261],[8.08056,50.26218],[8.08299,50.2659],[8.07471,50.26719],[8.07339,50.26974],[8.07351,50.27115],[8.07209,50.27315],[8.07112,50.27291],[8.06713,50.27198],[8.0664,50.27236],[8.0652,50.27223],[8.06418,50.27339],[8.0623,50.27291],[8.06118,50.27262],[8.05933,50.2734],[8.05697,50.27371],[8.05653,50.27265],[8.05304,50.27322],[8.05295,50.27413],[8.04908,50.27389],[8.04492,50.27249],[8.04372,50.27268],[8.04249,50.27243],[8.03589,50.27119],[8.03638,50.26947],[8.03532,50.26889],[8.03514,50.26606],[8.03577,50.26457],[8.03212,50.26382],[8.02975,50.26326],[8.02985,50.26203],[8.02559,50.26174],[8.02511,50.25993],[8.02165,50.25835],[8.02494,50.25419],[8.03152,50.25595],[8.0351,50.25224],[8.03608,50.25104],[8.03646,50.25057],[8.03788,50.24911],[8.03498,50.24594],[8.03614,50.24509],[8.03853,50.2462],[8.03945,50.24551],[8.04409,50.24247],[8.04708,50.24416],[8.04944,50.24437],[8.0484,50.24065],[8.05022,50.23978],[8.05126,50.23986],[8.05169,50.23793],[8.05348,50.23702],[8.05635,50.2361],[8.05891,50.23441],[8.05612,50.23375],[8.05476,50.23294],[8.05202,50.2311],[8.04779,50.22825],[8.04667,50.22763],[8.0454,50.2273],[8.04418,50.22728],[8.04346,50.22959],[8.04099,50.22923],[8.03972,50.22858],[8.03805,50.22693],[8.04141,50.22636],[8.04078,50.22565],[8.04073,50.22559],[8.04001,50.22487],[8.03873,50.22406],[8.03799,50.22376],[8.03784,50.22366],[8.03765,50.2236],[8.0375,50.2235],[8.03732,50.22342],[8.03655,50.22313],[8.03619,50.22297],[8.0355,50.22263],[8.03498,50.22236],[8.03449,50.22209],[8.03417,50.22189],[8.03389,50.22169],[8.03307,50.22104],[8.03287,50.22082],[8.0328,50.22056],[8.03285,50.22032],[8.03312,50.22009],[8.03355,50.21986],[8.03415,50.21965],[8.03609,50.21934],[8.03651,50.21928],[8.03677,50.21911],[8.03693,50.2189],[8.03697,50.21869],[8.03696,50.21853],[8.03688,50.21838],[8.03675,50.21819],[8.03638,50.21775],[8.03569,50.21696],[8.03548,50.2167],[8.03524,50.21634],[8.03511,50.21603],[8.03504,50.21579],[8.03505,50.21559],[8.03459,50.21556],[8.03058,50.21531],[8.0285,50.21566],[8.02561,50.21671],[8.02342,50.21751],[8.01991,50.21797],[8.0161,50.21716],[8.01415,50.21733],[8.01177,50.21803],[8.01295,50.21963],[8.0127,50.22063],[8.01153,50.22238],[8.01079,50.22256],[8.00539,50.22377],[8.00271,50.22438],[8.00428,50.22672],[8.00556,50.22734],[8.0061,50.22824],[8.00637,50.2287],[8.00546,50.22912],[8.00106,50.22878],[8.00002,50.22923],[7.99919,50.23043],[7.9951,50.23192],[7.99352,50.23172],[7.99255,50.23232],[7.99707,50.23619],[7.99444,50.23695],[7.99108,50.23645],[7.99052,50.23785],[7.9902,50.23867],[7.9886,50.23828],[7.98806,50.23724],[7.98804,50.2369],[7.98792,50.23491],[7.98675,50.23464],[7.98691,50.23305],[7.98883,50.23186],[7.98887,50.23104],[7.98656,50.22809],[7.98456,50.22686],[7.98083,50.22631],[7.97784,50.22498],[7.97381,50.22524],[7.97241,50.22446],[7.9722,50.22409],[7.97134,50.22248],[7.97004,50.22239],[7.96868,50.2223],[7.96446,50.22092],[7.96153,50.22068],[7.96017,50.22004],[7.95488,50.22],[7.95305,50.2204],[7.94809,50.21762],[7.94869,50.21705],[7.95156,50.21426],[7.95137,50.21389],[7.94691,50.21178],[7.94699,50.21156],[7.9474,50.21007],[7.94656,50.20988],[7.94324,50.20911],[7.94228,50.20889],[7.941,50.20934],[7.93894,50.21006],[7.93669,50.20938],[7.93589,50.20924],[7.9347,50.20904],[7.93261,50.20869],[7.92819,50.20792],[7.9208,50.20796],[7.91913,50.20738],[7.9174,50.20669],[7.91527,50.20589],[7.91298,50.20391],[7.91273,50.20369],[7.91114,50.20373],[7.90974,50.2021],[7.90783,50.20076],[7.90773,50.19953],[7.90897,50.19905],[7.90941,50.19889],[7.91046,50.19849],[7.91174,50.19733],[7.9125,50.19643],[7.91251,50.19587],[7.91251,50.19546],[7.91101,50.1945],[7.91075,50.19434],[7.91022,50.19349],[7.90794,50.19273],[7.9075,50.19186],[7.90592,50.19137],[7.90441,50.19065],[7.90233,50.1904],[7.90062,50.18985],[7.89916,50.18884],[7.89755,50.18909],[7.89502,50.18726],[7.89431,50.18636],[7.89237,50.186],[7.89144,50.18524],[7.89071,50.18388],[7.88962,50.18397],[7.88651,50.18275],[7.88283,50.18132],[7.88309,50.18039],[7.88368,50.17935],[7.88388,50.179],[7.88477,50.17688],[7.88503,50.17625],[7.88718,50.17636],[7.88773,50.17538],[7.88866,50.17371],[7.88659,50.17297],[7.88675,50.17212],[7.88538,50.17149],[7.88504,50.17102],[7.88401,50.16957],[7.88521,50.16916],[7.88466,50.16832],[7.88499,50.16758],[7.88631,50.16682],[7.88722,50.1663],[7.89052,50.16294],[7.89238,50.1618],[7.8989,50.15956],[7.90273,50.15846],[7.90817,50.15626],[7.90933,50.15527],[7.91124,50.15366],[7.91158,50.15228],[7.9138,50.15107],[7.91576,50.15071],[7.91686,50.1505],[7.91708,50.14989],[7.91734,50.14916],[7.91812,50.14895],[7.91885,50.14876],[7.91964,50.1478],[7.92257,50.14651],[7.92374,50.14631],[7.92987,50.14525],[7.93251,50.14407],[7.93294,50.14388],[7.9327,50.14359],[7.93263,50.1435],[7.93257,50.14321],[7.93236,50.14297],[7.93214,50.14284],[7.93175,50.14272],[7.92953,50.14224],[7.92915,50.14207],[7.92879,50.1419],[7.92847,50.14171],[7.92833,50.14162],[7.92803,50.14141],[7.92777,50.14119],[7.92726,50.14072],[7.92719,50.14066],[7.92667,50.14013],[7.92624,50.13964],[7.92583,50.13914],[7.92552,50.1387],[7.92547,50.13863],[7.92559,50.13745],[7.92559,50.13732],[7.9256,50.13716],[7.92557,50.137],[7.92551,50.13686],[7.92547,50.13681],[7.92498,50.13625],[7.92485,50.13611],[7.92477,50.13603],[7.92467,50.13595],[7.92451,50.13583],[7.92431,50.13571],[7.92423,50.13566],[7.92392,50.13549],[7.92339,50.13533],[7.9231,50.13513],[7.92295,50.13502],[7.92275,50.13482],[7.92262,50.13467],[7.92252,50.13457],[7.92249,50.13446],[7.9225,50.13424],[7.92292,50.13325],[7.92298,50.13318],[7.92303,50.13312],[7.92304,50.13308],[7.92308,50.13292],[7.92302,50.13273],[7.92266,50.13188],[7.92259,50.13172],[7.9225,50.13148],[7.92243,50.13131],[7.92245,50.13107],[7.92298,50.12666],[7.92307,50.12636],[7.92317,50.12599],[7.92337,50.1257],[7.9241,50.12498],[7.92433,50.12485],[7.92446,50.12478],[7.92481,50.12451],[7.92485,50.12442],[7.92496,50.12422],[7.92506,50.12396],[7.92506,50.1239],[7.92503,50.1237],[7.9249,50.12343],[7.92474,50.12296],[7.92469,50.1225],[7.92475,50.12205],[7.92485,50.12168],[7.92489,50.12162],[7.9251,50.12122],[7.92544,50.1209],[7.92591,50.1205],[7.92653,50.1201],[7.92675,50.11996],[7.92733,50.11959],[7.92756,50.11942],[7.92764,50.11935],[7.92773,50.11928],[7.92776,50.11914],[7.92774,50.11899],[7.92756,50.1188],[7.92629,50.11781],[7.92625,50.11777],[7.92621,50.11774],[7.92604,50.11763],[7.926,50.1176],[7.92585,50.11743],[7.92474,50.11549],[7.92464,50.11526],[7.92458,50.11504],[7.92441,50.11379],[7.92442,50.11349],[7.92445,50.11294],[7.92456,50.11268],[7.9248,50.11243],[7.92491,50.11229],[7.92625,50.11081],[7.92642,50.11063],[7.92643,50.11045],[7.92639,50.11032],[7.92637,50.11027],[7.92579,50.1098],[7.92551,50.10958],[7.9253,50.10936],[7.92528,50.1091],[7.92533,50.10884],[7.9255,50.10854],[7.92618,50.10749],[7.92631,50.10728],[7.92643,50.10708],[7.92647,50.10682],[7.92647,50.10669],[7.92646,50.10653],[7.92636,50.10629],[7.92629,50.10597],[7.92624,50.10571],[7.92625,50.10556],[7.92625,50.10548],[7.9263,50.10527],[7.92645,50.10513],[7.9268,50.1049],[7.92722,50.10474],[7.92737,50.10471],[7.92748,50.10469],[7.92767,50.10467],[7.92782,50.10465],[7.92819,50.10461],[7.9286,50.10455],[7.92879,50.10449],[7.92894,50.10444],[7.92924,50.10428],[7.9301,50.10374],[7.92935,50.10337],[7.92906,50.10323],[7.92903,50.10322],[7.92861,50.10308],[7.9283,50.10303],[7.92801,50.10299],[7.92735,50.10303],[7.9266,50.10313],[7.92443,50.10353],[7.92399,50.10356],[7.92361,50.10351],[7.92348,50.10337],[7.92348,50.10334],[7.92349,50.1032],[7.92357,50.10299],[7.92374,50.10285],[7.92316,50.10223],[7.92115,50.10327],[7.92036,50.10368],[7.92062,50.10543],[7.92042,50.10655],[7.92009,50.10842],[7.91344,50.11528],[7.91319,50.11538],[7.91293,50.11548],[7.9114,50.11642],[7.91105,50.11673],[7.90916,50.1184],[7.90824,50.11877],[7.90765,50.119],[7.906,50.11994],[7.90557,50.12018],[7.90534,50.12031],[7.90322,50.12155],[7.90169,50.12198],[7.90073,50.12225],[7.89889,50.12185],[7.89744,50.12153],[7.8964,50.1204],[7.89578,50.12011],[7.89484,50.11968],[7.89166,50.11824],[7.89075,50.11691],[7.88671,50.11565],[7.88637,50.11481],[7.88472,50.11438],[7.88434,50.11462],[7.88354,50.11514],[7.88263,50.11611],[7.88134,50.11668],[7.87994,50.1163],[7.87872,50.11556],[7.87733,50.11748],[7.87686,50.11793],[7.87528,50.11945],[7.87434,50.11942],[7.87222,50.11935],[7.86933,50.11993],[7.8684,50.1209],[7.86666,50.12064],[7.86539,50.1208],[7.8654,50.1211],[7.86544,50.1218],[7.86544,50.12208],[7.86543,50.12222],[7.86538,50.12251],[7.86529,50.12278],[7.86523,50.12292],[7.86515,50.12306],[7.86506,50.12318],[7.86494,50.12329],[7.8648,50.12339],[7.86464,50.12349],[7.86374,50.12392],[7.86366,50.12395],[7.86295,50.12429],[7.86261,50.12446],[7.86196,50.12482],[7.86145,50.12511],[7.86116,50.12531],[7.86101,50.12542],[7.86078,50.12565],[7.86029,50.12613],[7.86008,50.12651],[7.86003,50.12666],[7.85995,50.12693],[7.85993,50.12707],[7.85993,50.12749],[7.85994,50.12763],[7.8562,50.12817],[7.85402,50.12833],[7.85295,50.12783],[7.85213,50.12742],[7.84892,50.12568],[7.84638,50.1243],[7.84492,50.1235],[7.84442,50.11563],[7.84309,50.11166],[7.8412,50.1117],[7.83908,50.11034],[7.83847,50.10995],[7.83703,50.10998],[7.83523,50.11002],[7.83526,50.11],[7.83574,50.10966],[7.83647,50.10914],[7.83754,50.10853],[7.83764,50.10784],[7.83772,50.10732],[7.83726,50.10704],[7.83716,50.10698],[7.83707,50.10692],[7.83681,50.10677],[7.83627,50.10661],[7.83457,50.1061],[7.83474,50.10582],[7.83548,50.10456],[7.83458,50.10371],[7.83659,50.10273],[7.83717,50.10241],[7.8375,50.10223],[7.83854,50.10166],[7.83823,50.10118],[7.83725,50.0997],[7.83628,50.09933],[7.83434,50.09939],[7.8324,50.09946],[7.83133,50.09949],[7.83007,50.09803],[7.8316,50.09772],[7.83172,50.09551],[7.83088,50.09432],[7.83006,50.09318],[7.83143,50.09275],[7.83487,50.09529],[7.83675,50.09443],[7.83333,50.09227],[7.83617,50.09091],[7.8351,50.08998],[7.83645,50.08916],[7.83923,50.08748],[7.83804,50.08504],[7.83719,50.08413],[7.83486,50.08334],[7.83448,50.0832],[7.83319,50.08317],[7.83217,50.08233],[7.83156,50.08181],[7.83018,50.08174],[7.82718,50.08157],[7.82455,50.08274],[7.82325,50.08329],[7.82209,50.08401],[7.82177,50.08353],[7.82149,50.08297],[7.82127,50.0827],[7.82092,50.08224],[7.8208,50.08181],[7.82076,50.08139],[7.81862,50.0807],[7.81675,50.08068],[7.81464,50.08342],[7.80852,50.08439],[7.80748,50.08422],[7.80346,50.08458],[7.80064,50.08259],[7.79987,50.0805],[7.79621,50.07658],[7.7951,50.07588],[7.79488,50.07575],[7.79362,50.07496],[7.79298,50.07471],[7.79225,50.07443],[7.79037,50.07372],[7.7888,50.07312],[7.7871,50.07201],[7.78653,50.07118],[7.78663,50.07106],[7.78707,50.0705],[7.78736,50.07016],[7.78746,50.06975],[7.78758,50.06927],[7.78314,50.06709],[7.78218,50.06661],[7.77913,50.06656],[7.77744,50.06654],[7.7757,50.06654],[7.774,50.06654],[7.77265,50.06161],[7.77262,50.05846],[7.77372,50.05631],[7.7765,50.05352],[7.77966,50.05111],[7.78471,50.04841],[7.79221,50.04418],[7.80168,50.04054],[7.80588,50.03934],[7.8087,50.03651],[7.82788,50.0228],[7.82936,50.02194],[7.83005,50.02155],[7.83125,50.02092],[7.83336,50.01989],[7.83603,50.01892],[7.83884,50.01802],[7.84229,50.01689],[7.84368,50.0165],[7.8455,50.016],[7.84844,50.015],[7.85056,50.01394],[7.85286,50.01216],[7.8545,50.01084],[7.85572,50.00974],[7.85608,50.00942],[7.85701,50.0084],[7.85721,50.00819],[7.85789,50.00713],[7.85825,50.00635],[7.85837,50.00604],[7.85873,50.00492],[7.85874,50.00432],[7.85865,50.00377],[7.85845,50.00241],[7.85841,50.00196],[7.85843,50.00154],[7.85848,50.00118],[7.8586,50.00081],[7.85874,50.00044],[7.85902,49.99977],[7.8593,49.99922],[7.86085,49.99603],[7.86099,49.9957],[7.86131,49.99503],[7.86173,49.99346],[7.86192,49.99251],[7.86204,49.99191],[7.86208,49.99171],[7.86227,49.99064],[7.86236,49.99017],[7.86269,49.98824],[7.86325,49.98603],[7.86366,49.98433],[7.86419,49.98306],[7.8644,49.98268],[7.86465,49.98221],[7.86523,49.98147],[7.86557,49.98106],[7.86687,49.9798],[7.86727,49.97941],[7.86773,49.97897],[7.86804,49.97868],[7.87064,49.97563],[7.87749,49.97287],[7.88659,49.9719],[7.89172,49.97202],[7.89552,49.97243],[7.9043,49.97294],[7.90945,49.9736],[7.91289,49.97387],[7.91775,49.97417],[7.9204,49.97432],[7.92104,49.97437],[7.92607,49.97456],[7.92896,49.97459],[7.9316,49.97454],[7.93314,49.97451],[7.93354,49.9745],[7.93402,49.97451],[7.93405,49.97441],[7.93423,49.97429],[7.93441,49.97423],[7.93461,49.97417],[7.93502,49.97407],[7.93628,49.97382],[7.93789,49.97387],[7.93877,49.97392],[7.9392,49.97396],[7.93963,49.97402],[7.94027,49.97411],[7.94087,49.97426],[7.94138,49.97441],[7.94145,49.97443],[7.94296,49.97483],[7.94694,49.97503],[7.95212,49.97623],[7.95739,49.97697],[7.9674,49.97777],[7.97638,49.98039],[7.98722,49.98441],[7.99241,49.9861],[8.00663,49.99026],[8.0092,49.99134],[8.03027,50.00015],[8.03298,50.00123],[8.03636,50.00231],[8.03667,50.00238],[8.0405,50.0032],[8.04599,50.00434],[8.05008,50.00487],[8.05434,50.00513],[8.06213,50.00547],[8.07252,50.00592],[8.07473,50.00614],[8.07737,50.00651],[8.07957,50.0069],[8.08779,50.00916],[8.09318,50.01071],[8.09626,50.0118],[8.09943,50.01316],[8.1047,50.01586],[8.10596,50.0166],[8.10736,50.01727],[8.11143,50.01893],[8.11316,50.01937],[8.12976,50.02441],[8.13808,50.02551],[8.14496,50.02641],[8.15197,50.02804],[8.15823,50.02988],[8.16158,50.03086],[8.16483,50.03182],[8.17027,50.03316],[8.17514,50.03426],[8.18095,50.03521],[8.18635,50.03555],[8.19004,50.0353],[8.19162,50.03523],[8.19294,50.03518],[8.19553,50.03502],[8.19645,50.035],[8.19752,50.0349],[8.19951,50.03477],[8.20536,50.03413],[8.21052,50.03321],[8.21453,50.03253],[8.21813,50.03203],[8.2222,50.03171],[8.22538,50.0316],[8.22947,50.03143],[8.23269,50.031],[8.23471,50.03056],[8.2364,50.03013],[8.24117,50.02861],[8.24178,50.02845],[8.2426,50.02821],[8.24345,50.02796],[8.24456,50.02763],[8.24636,50.02646],[8.24829,50.02517],[8.25053,50.02378],[8.25289,50.02244],[8.2557,50.02077],[8.25918,50.01872],[8.26217,50.0169],[8.26503,50.01505],[8.26688,50.01394],[8.26952,50.01229],[8.27235,50.0103],[8.27756,50.00536],[8.28366,49.99899],[8.28559,49.99702],[8.28825,49.99513],[8.29021,49.99352],[8.29661,49.98993],[8.30145,49.98739],[8.30772,49.98412],[8.31042,49.98211],[8.31877,49.97613],[8.32234,49.97359],[8.32528,49.97099],[8.32944,49.96672],[8.33197,49.96379],[8.3345,49.9607],[8.33763,49.9561],[8.34096,49.95108],[8.34216,49.94904],[8.34235,49.94785],[8.34277,49.94165],[8.34303,49.94051],[8.34628,49.93357],[8.34644,49.93308],[8.34664,49.93252],[8.34776,49.93023],[8.35016,49.92604],[8.35165,49.92344],[8.35344,49.92002],[8.35424,49.91762],[8.3546,49.91584],[8.35472,49.91321],[8.35431,49.91063],[8.35362,49.90828],[8.35238,49.90592],[8.34901,49.90224],[8.34814,49.90118],[8.3476,49.90052],[8.34751,49.90041],[8.34696,49.89974],[8.34645,49.89902],[8.34559,49.8977],[8.34476,49.89614],[8.34425,49.89498],[8.34356,49.89287],[8.34283,49.88993],[8.34258,49.88859],[8.34251,49.88763],[8.34248,49.88681],[8.3426,49.8857],[8.34277,49.8844],[8.34308,49.8831],[8.34337,49.88219],[8.34365,49.88126],[8.34401,49.88011],[8.34463,49.87873],[8.3455,49.87693],[8.34652,49.87482],[8.34824,49.87307],[8.35067,49.87074],[8.35273,49.86881],[8.35481,49.86703],[8.35559,49.86645],[8.35752,49.8649],[8.35906,49.86425],[8.36063,49.86374],[8.36325,49.86338],[8.36565,49.86323],[8.36813,49.86308],[8.37035,49.86277],[8.37273,49.86221],[8.37456,49.86162],[8.37636,49.86086],[8.37726,49.8605],[8.37862,49.85981],[8.37998,49.85898],[8.38108,49.85814],[8.38279,49.85672],[8.38358,49.85568],[8.38433,49.85455],[8.38475,49.85335],[8.38519,49.85207],[8.38538,49.85091],[8.38526,49.84956],[8.3851,49.84822],[8.38457,49.84644],[8.38356,49.8441],[8.38074,49.83856],[8.37953,49.83605],[8.37888,49.8345],[8.3784,49.83325],[8.3783,49.83287],[8.3782,49.83248],[8.37796,49.8314],[8.37781,49.83011],[8.37774,49.82887],[8.37778,49.82792],[8.37784,49.8275],[8.37788,49.82715],[8.37845,49.82482],[8.37961,49.82256],[8.38101,49.82082],[8.38259,49.81904],[8.38465,49.81734],[8.38497,49.81705],[8.38554,49.81651],[8.39062,49.81231],[8.39103,49.81197],[8.39351,49.80998],[8.39516,49.8085],[8.39743,49.80611],[8.39925,49.80442],[8.40005,49.80368],[8.40123,49.80245],[8.40132,49.80235],[8.40337,49.80001],[8.40608,49.79657],[8.40829,49.79352],[8.41027,49.79013],[8.41097,49.78877],[8.41207,49.78671],[8.41312,49.78392],[8.41355,49.7821],[8.41366,49.77971],[8.41389,49.77837],[8.41421,49.77711],[8.41488,49.77583],[8.4163,49.77387],[8.41755,49.77246],[8.41925,49.77092],[8.42071,49.76983],[8.4227,49.76867],[8.42415,49.76793],[8.4262,49.76719],[8.4292,49.76645],[8.43266,49.76596],[8.43553,49.76579],[8.43898,49.76571],[8.4431,49.76572],[8.4486,49.76618],[8.45369,49.7669],[8.46367,49.7688],[8.46547,49.76907],[8.46655,49.7692],[8.46736,49.76921],[8.4682,49.76923],[8.46955,49.76918],[8.47074,49.76907],[8.47198,49.76889],[8.47347,49.76849],[8.47426,49.76825],[8.47504,49.76796],[8.47569,49.76759],[8.47709,49.76651],[8.4774,49.76628],[8.47839,49.7654],[8.47856,49.76524],[8.47919,49.76421],[8.47957,49.76295],[8.47985,49.76176],[8.47985,49.76079],[8.47938,49.75936],[8.47863,49.75823],[8.4774,49.75718],[8.4704,49.75248],[8.46033,49.74576],[8.4571,49.74349],[8.45514,49.74184],[8.45417,49.74099],[8.45315,49.73989],[8.45151,49.73798],[8.44837,49.73366],[8.44779,49.73282],[8.44638,49.7308],[8.44514,49.7292],[8.44264,49.72635],[8.44118,49.72485],[8.43981,49.72371],[8.43821,49.72232],[8.43596,49.72099],[8.43355,49.71982],[8.43073,49.71856],[8.42763,49.71745],[8.42555,49.71684],[8.42377,49.71631],[8.42153,49.71569],[8.41933,49.71516],[8.4093,49.71359],[8.40137,49.71214],[8.39471,49.71085],[8.38829,49.70929],[8.38152,49.70704],[8.375,49.70449],[8.37125,49.70267],[8.36926,49.70156],[8.36529,49.69975],[8.36336,49.69864],[8.36141,49.69726],[8.35982,49.69595],[8.3587,49.69457],[8.35788,49.69334],[8.35727,49.69214],[8.35692,49.69088],[8.35624,49.68382],[8.35616,49.68289],[8.35615,49.68251],[8.35613,49.68184],[8.35614,49.68084],[8.3561,49.67972],[8.35649,49.67799],[8.35735,49.67646],[8.3583,49.67476],[8.35839,49.67461],[8.35949,49.67281],[8.36055,49.67086],[8.36094,49.67009],[8.36166,49.66865],[8.36309,49.66628],[8.36592,49.66316],[8.3662,49.66282],[8.36741,49.66158],[8.36896,49.66002],[8.36963,49.65917],[8.37084,49.65637],[8.3723,49.65304],[8.37329,49.64976],[8.3738,49.64774],[8.37441,49.64531],[8.37521,49.64252],[8.37576,49.6408],[8.37668,49.63881],[8.37793,49.63601],[8.37837,49.63487],[8.37939,49.63227],[8.38083,49.6293],[8.38198,49.62729],[8.38339,49.62519],[8.38439,49.624],[8.38537,49.62283],[8.38601,49.6221],[8.38775,49.62138],[8.3912,49.61694],[8.39285,49.61528],[8.39439,49.61426],[8.39606,49.61315],[8.3981,49.61207],[8.39841,49.61192],[8.40129,49.6105],[8.40359,49.60925],[8.40414,49.609],[8.40508,49.60843],[8.40639,49.60753],[8.4078,49.60633],[8.40905,49.60505],[8.41053,49.60342],[8.41147,49.60191],[8.41224,49.60051],[8.41275,49.59896],[8.41347,49.59724],[8.41477,49.59505],[8.42244,49.58339],[8.4231,49.58192],[8.42387,49.57974],[8.42388,49.57914],[8.4239,49.57784],[8.42349,49.57611],[8.42293,49.57466],[8.4227,49.57419],[8.42253,49.57386],[8.42241,49.57359],[8.42101,49.57192],[8.41866,49.56905],[8.41767,49.56802],[8.41756,49.56788],[8.41653,49.5665],[8.41645,49.5664],[8.41566,49.56483],[8.41507,49.56328],[8.41458,49.56199],[8.41431,49.56043],[8.41414,49.55826],[8.41424,49.55603],[8.41473,49.5539],[8.41567,49.55143],[8.41726,49.54906],[8.42022,49.54568],[8.42198,49.54357],[8.42307,49.54182],[8.42391,49.5406],[8.43384,49.51651],[8.43419,49.51546],[8.4374,49.50809],[8.43817,49.50584],[8.43961,49.50255],[8.43974,49.50227],[8.44065,49.4996],[8.44121,49.49784],[8.4416,49.49587],[8.44229,49.49408],[8.44296,49.49269],[8.44395,49.49117],[8.44534,49.48951],[8.4472,49.48809],[8.44974,49.48608],[8.45269,49.48379],[8.45708,49.4798],[8.45877,49.47791],[8.46053,49.47597],[8.46294,49.47289],[8.4638,49.4704],[8.46371,49.46977],[8.46358,49.46894],[8.46355,49.46877],[8.46344,49.46806],[8.46239,49.46632],[8.46088,49.46502],[8.45992,49.46451],[8.45808,49.46395],[8.45614,49.46349],[8.45193,49.4623],[8.44933,49.46156],[8.44731,49.46099],[8.44526,49.45977],[8.44432,49.45919],[8.44353,49.45837],[8.44286,49.45764],[8.44229,49.45672],[8.44192,49.45594],[8.44157,49.45479],[8.44153,49.45387],[8.44157,49.45294],[8.44187,49.45197],[8.44227,49.45103],[8.44269,49.45024],[8.44348,49.44927],[8.4444,49.4483],[8.44499,49.4478],[8.44625,49.44696],[8.44733,49.44638],[8.44836,49.44586],[8.44947,49.44533],[8.45086,49.44484],[8.45237,49.44441],[8.45419,49.44402],[8.45553,49.44376],[8.45976,49.44334],[8.46424,49.44316],[8.46923,49.44331],[8.47251,49.44351],[8.48182,49.44405],[8.48796,49.44396],[8.49191,49.44372],[8.49556,49.44327],[8.49888,49.44265],[8.50083,49.44202],[8.50262,49.44122],[8.50446,49.44014],[8.50569,49.43908],[8.50702,49.4375],[8.50783,49.43597],[8.50824,49.43449],[8.50836,49.43278],[8.50799,49.43114],[8.50734,49.42994],[8.50635,49.42832],[8.50334,49.42381],[8.50171,49.42106],[8.4998,49.41734],[8.4986,49.41455],[8.49732,49.41135],[8.49672,49.40947],[8.49645,49.40808],[8.49619,49.40663],[8.496,49.40438],[8.496,49.40425],[8.49619,49.40214],[8.49421,49.40022],[8.49076,49.39835],[8.4882,49.39694],[8.47994,49.39336],[8.4748,49.39105],[8.47044,49.38984],[8.46538,49.38725],[8.46382,49.38496],[8.46353,49.38443],[8.4637,49.38191],[8.46334,49.3804],[8.46354,49.37805],[8.46452,49.37639],[8.46633,49.37518],[8.47154,49.37329],[8.47323,49.37336],[8.4752,49.37404],[8.47753,49.37507],[8.48186,49.37786],[8.48375,49.37944],[8.48553,49.38103],[8.48832,49.38384],[8.4913,49.38575],[8.49378,49.3872],[8.49549,49.38786],[8.49856,49.38858],[8.5004,49.38902],[8.50089,49.38693],[8.50136,49.38358],[8.50137,49.38044],[8.50092,49.37636],[8.49976,49.37148],[8.49681,49.36418],[8.4951,49.36123],[8.49207,49.35718],[8.48927,49.35401],[8.48637,49.35119],[8.48329,49.34859],[8.47977,49.34596],[8.47517,49.34307],[8.47092,49.34071],[8.46726,49.33896],[8.46301,49.33694],[8.4596,49.33493],[8.45756,49.33361],[8.45552,49.33209],[8.45426,49.33095],[8.45263,49.32912],[8.45157,49.32733],[8.4508,49.32503],[8.45048,49.32314],[8.4505,49.32171],[8.45088,49.32026],[8.45127,49.31898],[8.45198,49.31768],[8.45405,49.31546],[8.4558,49.31421],[8.45857,49.31295],[8.46175,49.31212],[8.47105,49.31029],[8.47502,49.30933],[8.47622,49.30897],[8.47811,49.30827],[8.47992,49.30742],[8.4813,49.30669],[8.4827,49.30583],[8.48385,49.30495],[8.48508,49.30394],[8.48621,49.30282],[8.48715,49.30165],[8.48774,49.30046],[8.48815,49.29949],[8.48888,49.29761],[8.48921,49.29613],[8.48924,49.29449],[8.48907,49.29313],[8.48833,49.29174],[8.48727,49.29003],[8.4858,49.28858],[8.48405,49.28743],[8.48225,49.28654],[8.48051,49.28594],[8.47859,49.28546],[8.47641,49.28515],[8.47455,49.28486],[8.4726,49.28453],[8.47082,49.28413],[8.46931,49.28374],[8.46699,49.28297],[8.46518,49.28234],[8.46321,49.28151],[8.46085,49.2805],[8.45819,49.27911],[8.45616,49.27772],[8.45405,49.27603],[8.45091,49.2725],[8.44802,49.26933],[8.44555,49.26688],[8.44276,49.2646],[8.4398,49.26235],[8.43602,49.25993],[8.43162,49.25768],[8.42734,49.25587],[8.42625,49.25536],[8.41307,49.24982],[8.40708,49.2472],[8.40069,49.24416],[8.39747,49.24197],[8.3953,49.24032],[8.39294,49.23833],[8.39082,49.2361],[8.38929,49.23398],[8.38759,49.23115],[8.38638,49.22832],[8.38549,49.22568],[8.38502,49.22261],[8.3848,49.21963],[8.38718,49.21971],[8.38817,49.21995],[8.38934,49.22061],[8.39006,49.22138],[8.39071,49.22226],[8.39134,49.22321],[8.39193,49.22387],[8.39277,49.22449],[8.39375,49.22493],[8.3951,49.22534],[8.39674,49.2256],[8.39853,49.22575],[8.40012,49.22577],[8.40354,49.22472],[8.40438,49.22268],[8.40502,49.22036],[8.40474,49.2193],[8.40276,49.21465],[8.40235,49.21367],[8.3985,49.20772],[8.39313,49.20273],[8.38624,49.19826],[8.38502,49.1983],[8.38295,49.19016],[8.38202,49.18742],[8.38121,49.18569],[8.38002,49.18395],[8.37745,49.18062],[8.36984,49.17076],[8.36895,49.16928],[8.36843,49.16805],[8.36763,49.16425],[8.36874,49.16082],[8.37058,49.15802],[8.37105,49.15732],[8.37202,49.15563],[8.37254,49.15373],[8.37271,49.15198],[8.3717,49.14754],[8.37111,49.14523],[8.36738,49.12946],[8.36416,49.11673],[8.36191,49.10863],[8.36037,49.10321],[8.35955,49.10126],[8.35809,49.09779],[8.35461,49.09313],[8.35052,49.08895],[8.34997,49.0884],[8.34591,49.08462],[8.34204,49.08164],[8.34078,49.08072],[8.33997,49.08015],[8.33483,49.07657],[8.32811,49.07221],[8.32399,49.06845],[8.32054,49.06496],[8.31826,49.06255],[8.31644,49.06048],[8.31442,49.05793],[8.31169,49.05431],[8.30871,49.04996],[8.30621,49.04537],[8.30414,49.04065],[8.30262,49.03523],[8.30185,49.03071],[8.30112,49.02714],[8.30062,49.02432],[8.30019,49.02174],[8.29961,49.01966],[8.29866,49.01682],[8.29737,49.0135],[8.29594,49.01076],[8.2931,49.00585],[8.29153,49.00359],[8.2876,48.99843],[8.28582,48.99656],[8.28419,48.99499],[8.28181,48.993],[8.27988,48.99156],[8.27735,48.98994],[8.27204,48.9869],[8.26963,48.98561],[8.26128,48.98092],[8.25548,48.97792],[8.25264,48.97635],[8.24679,48.97328],[8.23923,48.96926],[8.23678,48.96819],[8.23533,48.96756],[8.23263,48.96657],[8.23149,48.96755],[8.23013,48.96836],[8.22971,48.96867],[8.22969,48.96872],[8.22953,48.9689],[8.22939,48.96916],[8.22929,48.96957],[8.22928,48.96969],[8.22921,48.97015],[8.22913,48.97043],[8.22874,48.97123],[8.22851,48.97163],[8.22816,48.97217],[8.22729,48.97336],[8.22665,48.97401],[8.22589,48.9746],[8.22511,48.97511],[8.22405,48.97555],[8.22328,48.97581],[8.2226,48.97593],[8.22182,48.97594],[8.22069,48.97594],[8.21926,48.97584],[8.21796,48.97566],[8.21667,48.97543],[8.21584,48.97536],[8.21513,48.97519],[8.21435,48.97486],[8.21374,48.97456],[8.21347,48.97429],[8.21309,48.97403],[8.2124,48.97371],[8.21176,48.97339],[8.21136,48.97308],[8.21118,48.97279],[8.21089,48.97247],[8.21056,48.97227],[8.20952,48.97193],[8.20902,48.97173],[8.20873,48.97147],[8.20855,48.97116],[8.20814,48.97045],[8.20798,48.97022],[8.20779,48.9701],[8.20749,48.97006],[8.20719,48.97007],[8.20696,48.97016],[8.20656,48.97021],[8.20624,48.97016],[8.20585,48.97004],[8.20536,48.96999],[8.20498,48.96996],[8.2045,48.96981],[8.20403,48.96968],[8.20363,48.96953],[8.20319,48.96919],[8.20273,48.96883],[8.20244,48.96857],[8.20042,48.96734],[8.20018,48.96719],[8.19974,48.96696],[8.19948,48.9669],[8.19927,48.96694],[8.19551,48.96893],[8.19539,48.96905],[8.19536,48.96925],[8.19546,48.96953],[8.19596,48.97062],[8.19619,48.97091],[8.19677,48.97136],[8.19692,48.97149],[8.19728,48.97183],[8.1974,48.972],[8.19745,48.9726],[8.19618,48.97319],[8.19594,48.97343],[8.19591,48.97374],[8.19604,48.97413],[8.19613,48.97453],[8.19614,48.97484],[8.196,48.97502],[8.19557,48.97523],[8.19552,48.9754],[8.19566,48.97569],[8.19595,48.97591],[8.19621,48.97605],[8.1962,48.97625],[8.19601,48.97638],[8.19568,48.97656],[8.1951,48.97686],[8.19439,48.97713],[8.19357,48.9772],[8.1927,48.97713],[8.19188,48.97699],[8.19106,48.97698],[8.19064,48.97674],[8.19042,48.97657],[8.19034,48.97651],[8.18961,48.97649],[8.18882,48.97653],[8.18873,48.97662],[8.18846,48.97689],[8.18711,48.97695],[8.18582,48.97764],[8.18607,48.97793],[8.18469,48.97847],[8.18263,48.97811],[8.18061,48.97759],[8.18023,48.97827],[8.177,48.9788],[8.17434,48.97897],[8.17256,48.97902],[8.17056,48.97895],[8.17072,48.97717],[8.17077,48.97659],[8.1699,48.97645],[8.16916,48.97649],[8.16842,48.97668],[8.16801,48.97698],[8.16783,48.97726],[8.16773,48.97741],[8.16716,48.97765],[8.16658,48.97787],[8.16606,48.97783],[8.16591,48.97742],[8.16586,48.97732],[8.16579,48.97714],[8.16532,48.97704],[8.16499,48.97734],[8.16496,48.97738],[8.16442,48.97762],[8.16385,48.9777],[8.1631,48.97762],[8.16243,48.97755],[8.16181,48.97771],[8.1615,48.97793],[8.1614,48.97822],[8.16086,48.97858],[8.16021,48.97857],[8.15991,48.97839],[8.15976,48.97807],[8.15942,48.9778],[8.15895,48.97774],[8.15842,48.9779],[8.15834,48.97793],[8.15806,48.97806],[8.15735,48.97835],[8.15662,48.97837],[8.15619,48.97831],[8.15614,48.9782],[8.15611,48.97813],[8.15577,48.97787],[8.15534,48.97786],[8.15473,48.97782],[8.1543,48.97773],[8.15406,48.97738],[8.15351,48.97711],[8.15264,48.97709],[8.15216,48.97714],[8.15168,48.97733],[8.15107,48.97734],[8.15046,48.97736],[8.15027,48.97758],[8.14996,48.97781],[8.14944,48.97779],[8.14906,48.97758],[8.14841,48.97749],[8.14767,48.97753],[8.14689,48.97765],[8.14618,48.9779],[8.1456,48.97823],[8.14498,48.97839],[8.14446,48.97852],[8.14419,48.9786],[8.14367,48.97853],[8.14307,48.9784],[8.14229,48.97836],[8.1419,48.97846],[8.14154,48.97877],[8.14106,48.97882],[8.1408,48.97864],[8.14046,48.97849],[8.1399,48.97845],[8.13959,48.97859],[8.13958,48.97884],[8.1394,48.97904],[8.13909,48.97909],[8.13844,48.97913],[8.13778,48.97921],[8.13704,48.97936],[8.13655,48.97958],[8.13619,48.97984],[8.13565,48.98019],[8.13559,48.98062],[8.13557,48.98074],[8.13552,48.98101],[8.13511,48.98138],[8.13472,48.98154],[8.13398,48.98153],[8.13339,48.98123],[8.13287,48.98116],[8.13251,48.98141],[8.13249,48.98178],[8.13218,48.982],[8.13169,48.98211],[8.13146,48.9825],[8.13139,48.98296],[8.13103,48.98318],[8.13038,48.98325],[8.12973,48.98312],[8.12921,48.98282],[8.12906,48.98273],[8.12859,48.98252],[8.12807,48.98263],[8.12783,48.98291],[8.12774,48.98317],[8.12729,48.98338],[8.1268,48.98366],[8.12653,48.98385],[8.126,48.98396],[8.12569,48.98423],[8.12547,48.98462],[8.1254,48.98474],[8.12491,48.98493],[8.12443,48.98507],[8.12403,48.98529],[8.12406,48.98554],[8.12426,48.98586],[8.12411,48.98623],[8.1238,48.98637],[8.12333,48.98627],[8.12303,48.98606],[8.12266,48.9858],[8.12218,48.98576],[8.12154,48.98566],[8.12113,48.98537],[8.12074,48.9851],[8.12023,48.98486],[8.11997,48.98477],[8.11953,48.98479],[8.11918,48.98501],[8.11925,48.98544],[8.11916,48.98563],[8.1191,48.98578],[8.11852,48.986],[8.11814,48.98587],[8.11799,48.98579],[8.11784,48.98569],[8.11715,48.98565],[8.11696,48.98594],[8.11681,48.98639],[8.11637,48.98658],[8.11588,48.98682],[8.11531,48.98693],[8.11493,48.98669],[8.11494,48.9864],[8.11473,48.98621],[8.11461,48.98621],[8.11421,48.98622],[8.11414,48.98629],[8.11394,48.98647],[8.11362,48.98675],[8.11314,48.98685],[8.11249,48.98687],[8.11184,48.98685],[8.11149,48.98663],[8.11146,48.98662],[8.11129,48.98647],[8.11065,48.9864],[8.11055,48.98663],[8.11049,48.98691],[8.11026,48.98713],[8.10961,48.98724],[8.10908,48.98725],[8.10883,48.98708],[8.10882,48.98698],[8.1088,48.98676],[8.1086,48.9865],[8.10817,48.98643],[8.10773,48.98662],[8.10758,48.98702],[8.10762,48.98714],[8.10765,48.98722],[8.10777,48.98745],[8.10771,48.98774],[8.10732,48.9879],[8.10679,48.98806],[8.10639,48.98828],[8.10633,48.98856],[8.10644,48.98885],[8.10635,48.98908],[8.10595,48.98913],[8.10557,48.98906],[8.10488,48.98896],[8.104,48.98903],[8.10268,48.9894],[8.10176,48.9897],[8.10114,48.98988],[8.10062,48.9899],[8.10032,48.98972],[8.10034,48.98946],[8.10017,48.9892],[8.09992,48.98908],[8.09968,48.98901],[8.09941,48.98893],[8.09885,48.98883],[8.09824,48.98879],[8.09763,48.98886],[8.09727,48.98917],[8.09704,48.98948],[8.09668,48.98959],[8.09625,48.98952],[8.09582,48.98943],[8.09513,48.98944],[8.09452,48.98951],[8.09408,48.98947],[8.09374,48.98938],[8.09309,48.98934],[8.09248,48.98932],[8.09179,48.98931],[8.09122,48.98944],[8.09081,48.98972],[8.09037,48.98991],[8.08985,48.98992],[8.08972,48.98992],[8.08953,48.99004],[8.08944,48.9901],[8.08939,48.99043],[8.08899,48.99062],[8.08847,48.99061],[8.08844,48.99053],[8.08835,48.99032],[8.08836,48.99009],[8.0882,48.98986],[8.08768,48.98982],[8.08737,48.99001],[8.08722,48.99044],[8.0872,48.99084],[8.08731,48.99102],[8.08744,48.99125],[8.08745,48.99135],[8.08746,48.99162],[8.0871,48.99198],[8.08657,48.9922],[8.08599,48.99244],[8.08567,48.99277],[8.0857,48.99303],[8.08552,48.9932],[8.08513,48.99322],[8.08439,48.99312],[8.0837,48.99316],[8.08334,48.99333],[8.08328,48.99364],[8.0831,48.99389],[8.08257,48.99388],[8.08193,48.99381],[8.08119,48.99379],[8.0809,48.99379],[8.0805,48.99378],[8.07984,48.99379],[8.07923,48.99389],[8.07857,48.99411],[8.07811,48.99453],[8.07797,48.99481],[8.07777,48.99514],[8.07773,48.9952],[8.07757,48.99523],[8.07725,48.99528],[8.07643,48.99529],[8.07555,48.99533],[8.07477,48.99543],[8.07433,48.99559],[8.07383,48.99592],[8.07343,48.99608],[8.07295,48.99627],[8.07254,48.99655],[8.07185,48.99653],[8.07147,48.9963],[8.07109,48.996],[8.07066,48.99596],[8.07012,48.9963],[8.07009,48.99698],[8.06998,48.99735],[8.0698,48.99749],[8.06932,48.99751],[8.06866,48.99775],[8.06855,48.99818],[8.06853,48.99863],[8.06851,48.99892],[8.06845,48.99918],[8.06841,48.99932],[8.06801,48.99948],[8.06788,48.99951],[8.06735,48.99964],[8.0667,48.99954],[8.06592,48.99949],[8.06526,48.99971],[8.06494,48.99998],[8.06502,49.00024],[8.06518,49.00045],[8.06508,49.0007],[8.06464,49.00092],[8.06442,49.00111],[8.06448,49.00136],[8.0646,49.00163],[8.06476,49.00198],[8.06486,49.00244],[8.06487,49.0031],[8.06486,49.00334],[8.06485,49.00358],[8.0647,49.00398],[8.06437,49.0044],[8.06409,49.00476],[8.06403,49.00517],[8.06393,49.00554],[8.06344,49.0057],[8.06265,49.00585],[8.06191,49.00595],[8.06129,49.00622],[8.06083,49.00655],[8.06017,49.00685],[8.05951,49.00689],[8.05869,49.00688],[8.0585,49.00693],[8.05794,49.00709],[8.05736,49.00742],[8.05682,49.00786],[8.05674,49.00794],[8.05636,49.00831],[8.05582,49.0087],[8.05553,49.00921],[8.05552,49.00929],[8.05541,49.0098],[8.05526,49.01029],[8.05481,49.01068],[8.0545,49.01076],[8.05415,49.01072],[8.05377,49.01068],[8.05355,49.01065],[8.05301,49.01089],[8.05261,49.01123],[8.05237,49.01162],[8.05232,49.01182],[8.05226,49.01205],[8.05189,49.01244],[8.05139,49.01289],[8.05063,49.01333],[8.05004,49.01383],[8.04946,49.0141],[8.04898,49.01429],[8.04854,49.01437],[8.04819,49.01439],[8.04763,49.01426],[8.04721,49.01408],[8.04678,49.0139],[8.04635,49.01384],[8.04618,49.01383],[8.0457,49.01382],[8.04512,49.01401],[8.04505,49.01408],[8.04485,49.01426],[8.04479,49.01454],[8.04456,49.01477],[8.04413,49.01482],[8.04374,49.01472],[8.04314,49.01465],[8.04257,49.01469],[8.04222,49.01483],[8.04212,49.01503],[8.04211,49.01529],[8.04205,49.01557],[8.04169,49.01579],[8.04138,49.01581],[8.04088,49.01546],[8.04049,49.01536],[8.0398,49.01535],[8.03918,49.01551],[8.03861,49.01566],[8.03799,49.01588],[8.03746,49.01604],[8.03671,49.01622],[8.0361,49.01638],[8.03526,49.01662],[8.0346,49.01683],[8.03394,49.01702],[8.0338,49.01713],[8.03401,49.01739],[8.03434,49.0176],[8.03442,49.01786],[8.03397,49.01814],[8.03339,49.01835],[8.03287,49.01839],[8.03239,49.01833],[8.03197,49.01815],[8.03149,49.01822],[8.03143,49.01845],[8.03133,49.0187],[8.03102,49.01887],[8.03041,49.01886],[8.02976,49.01884],[8.02938,49.01869],[8.02899,49.01857],[8.02852,49.01855],[8.02778,49.01854],[8.0273,49.01856],[8.02647,49.01854],[8.02591,49.01853],[8.02539,49.01849],[8.02504,49.01841],[8.02466,49.01833],[8.0241,49.0182],[8.02363,49.0181],[8.02328,49.0181],[8.02281,49.01809],[8.0224,49.01831],[8.02213,49.01862],[8.02173,49.01872],[8.02125,49.01874],[8.02067,49.01915],[8.0206,49.01938],[8.02056,49.01952],[8.02055,49.01978],[8.02075,49.0201],[8.0209,49.02045],[8.02076,49.02064],[8.02045,49.02078],[8.02024,49.02077],[8.01971,49.02087],[8.0193,49.02121],[8.01911,49.02152],[8.01867,49.02165],[8.01829,49.02147],[8.01817,49.02116],[8.01819,49.02076],[8.01799,49.02052],[8.01777,49.02046],[8.01766,49.02046],[8.01743,49.02045],[8.01695,49.02044],[8.01638,49.02046],[8.01577,49.02059],[8.01524,49.02069],[8.01493,49.02085],[8.01436,49.02098],[8.01379,49.02103],[8.01317,49.0213],[8.01276,49.02164],[8.0127,49.02195],[8.01265,49.02232],[8.01264,49.0224],[8.01266,49.0228],[8.01282,49.02301],[8.01311,49.02322],[8.01332,49.02351],[8.01325,49.02388],[8.01293,49.02424],[8.0124,49.02446],[8.01191,49.02467],[8.01155,49.02489],[8.01127,49.0252],[8.01122,49.02552],[8.01073,49.0257],[8.01029,49.0257],[8.00978,49.02554],[8.0094,49.02539],[8.00919,49.02522],[8.00894,49.02492],[8.00865,49.02475],[8.00809,49.0247],[8.00769,49.02484],[8.00715,49.02514],[8.00692,49.02533],[8.00674,49.02556],[8.00664,49.02578],[8.00615,49.026],[8.00576,49.02605],[8.00523,49.02613],[8.00491,49.02637],[8.00412,49.02656],[8.0036,49.02666],[8.00316,49.02665],[8.0026,49.02664],[8.00211,49.02683],[8.00158,49.02707],[8.00139,49.0273],[8.00125,49.02752],[8.00105,49.02797],[8.00056,49.02825],[8.00012,49.02827],[7.99969,49.02817],[7.99909,49.02813],[7.99839,49.0282],[7.99765,49.02821],[7.99721,49.02826],[7.99699,49.02843],[7.99633,49.02905],[7.99549,49.02908],[7.99484,49.02906],[7.99403,49.029],[7.99331,49.02871],[7.99227,49.02861],[7.99158,49.02843],[7.99094,49.02834],[7.99008,49.02848],[7.98954,49.02868],[7.98897,49.02869],[7.98863,49.02831],[7.98858,49.02814],[7.98853,49.02791],[7.98813,49.02774],[7.98752,49.02783],[7.987,49.02769],[7.98632,49.02743],[7.98581,49.0271],[7.98542,49.02677],[7.98482,49.02657],[7.98427,49.02627],[7.98331,49.02603],[7.98234,49.02593],[7.98141,49.02594],[7.9807,49.02618],[7.98017,49.02631],[7.97951,49.02656],[7.97891,49.02709],[7.97825,49.02731],[7.97769,49.02721],[7.97661,49.02697],[7.97585,49.02669],[7.97524,49.02665],[7.97479,49.0268],[7.97452,49.02719],[7.9745,49.02919],[7.97517,49.02959],[7.97521,49.02961],[7.97514,49.02962],[7.97435,49.02972],[7.97335,49.03021],[7.97255,49.03086],[7.97342,49.03125],[7.97358,49.03136],[7.97377,49.0315],[7.97378,49.03203],[7.97351,49.03256],[7.97243,49.03386],[7.97206,49.03432],[7.97217,49.03534],[7.97202,49.03589],[7.97153,49.03611],[7.96972,49.03568],[7.96916,49.03554],[7.96766,49.0358],[7.96685,49.0364],[7.96725,49.0381],[7.9673,49.03838],[7.96734,49.0386],[7.96652,49.04057],[7.96653,49.04154],[7.9644,49.04288],[7.96234,49.04293],[7.96107,49.0429],[7.96057,49.04289],[7.96025,49.04296],[7.95686,49.04306],[7.95737,49.04488],[7.95483,49.04604],[7.95365,49.0461],[7.9531,49.04613],[7.95038,49.04703],[7.94902,49.0472],[7.94963,49.04859],[7.9473,49.04915],[7.94737,49.04955],[7.94532,49.04966],[7.94604,49.05124],[7.94623,49.05163],[7.94586,49.05229],[7.94595,49.05351],[7.94559,49.05481],[7.94514,49.0554],[7.94268,49.05495],[7.94287,49.05444],[7.9407,49.0542],[7.94008,49.05614],[7.93865,49.05678],[7.93769,49.05695],[7.93565,49.05766],[7.93279,49.05806],[7.93175,49.05805],[7.93095,49.05668],[7.93139,49.05499],[7.93116,49.05429],[7.93001,49.053],[7.92884,49.05172],[7.92648,49.04985],[7.92623,49.04912],[7.92545,49.0468],[7.92434,49.04578],[7.92345,49.04406],[7.92304,49.04367],[7.92183,49.04343],[7.92066,49.04321],[7.91858,49.04154],[7.91802,49.04131],[7.91698,49.04088],[7.91575,49.04086],[7.91435,49.04063],[7.91311,49.04012],[7.91315,49.04073],[7.91345,49.04131],[7.91383,49.04156],[7.91312,49.04204],[7.91247,49.04204],[7.91171,49.04261],[7.91163,49.04278],[7.91151,49.04303],[7.91074,49.04353],[7.91038,49.0442],[7.91069,49.0451],[7.90912,49.04504],[7.90796,49.045],[7.90648,49.04494],[7.90615,49.04464],[7.90449,49.04475],[7.90342,49.04491],[7.90317,49.04481],[7.90254,49.04454],[7.90204,49.0447],[7.9017,49.045],[7.90159,49.04519],[7.9015,49.04533],[7.90095,49.04553],[7.89996,49.04558],[7.89942,49.04571],[7.89909,49.04577],[7.89891,49.04583],[7.8982,49.04606],[7.89788,49.04608],[7.89755,49.04609],[7.89668,49.04617],[7.89594,49.04644],[7.89472,49.04676],[7.89355,49.04698],[7.89263,49.04729],[7.89253,49.04736],[7.89199,49.04775],[7.89149,49.04824],[7.89059,49.04891],[7.88996,49.04906],[7.88913,49.04904],[7.88842,49.04883],[7.88792,49.0484],[7.88765,49.04819],[7.8868,49.04775],[7.88502,49.04682],[7.88496,49.04679],[7.88447,49.04654],[7.88303,49.04616],[7.88128,49.04604],[7.88101,49.04438],[7.88031,49.04373],[7.87949,49.04321],[7.87898,49.04301],[7.87821,49.04277],[7.87745,49.04253],[7.87717,49.04233],[7.8757,49.04099],[7.87446,49.04055],[7.87402,49.03991],[7.87363,49.03928],[7.87211,49.03837],[7.87148,49.03701],[7.86988,49.03537],[7.86965,49.03513],[7.86878,49.03427],[7.8681,49.03315],[7.86735,49.03301],[7.86683,49.03292],[7.86585,49.03317],[7.86337,49.03383],[7.86223,49.03433],[7.86209,49.03439],[7.86083,49.03495],[7.85802,49.03501],[7.85746,49.03502],[7.85634,49.0352],[7.85537,49.03536],[7.85465,49.03548],[7.85398,49.03606],[7.85219,49.03775],[7.85203,49.03893],[7.85175,49.04099],[7.85157,49.04227],[7.84986,49.04401],[7.8481,49.04292],[7.84571,49.04259],[7.84372,49.04315],[7.84404,49.04462],[7.84406,49.04472],[7.84234,49.04552],[7.83808,49.0464],[7.83626,49.04728],[7.83449,49.04728],[7.83328,49.04729],[7.83051,49.04728],[7.82636,49.051],[7.82612,49.05121],[7.82594,49.05219],[7.82322,49.05297],[7.82138,49.05347],[7.81956,49.05397],[7.81869,49.05453],[7.81656,49.05476],[7.81572,49.05496],[7.81502,49.05545],[7.81401,49.05614],[7.81263,49.05711],[7.8123,49.058],[7.81136,49.0605],[7.81048,49.06126],[7.80827,49.06176],[7.80661,49.06194],[7.8044,49.06244],[7.80195,49.06356],[7.80134,49.06374],[7.80008,49.06409],[7.80001,49.06413],[7.79987,49.06416],[7.79876,49.06449],[7.79748,49.06486],[7.7965,49.0652],[7.7944,49.06569],[7.79318,49.06353],[7.79264,49.06233],[7.79207,49.06107],[7.79153,49.06108],[7.79087,49.06027],[7.79001,49.0598],[7.7892,49.05936],[7.78929,49.05911],[7.78943,49.05872],[7.78816,49.05797],[7.78604,49.05834],[7.78557,49.05843],[7.78394,49.0584],[7.78002,49.05832],[7.77893,49.05769],[7.77854,49.05746],[7.7784,49.05738],[7.77785,49.05715],[7.7763,49.05648],[7.77435,49.0547],[7.7702,49.05029],[7.77024,49.05016],[7.77051,49.04941],[7.76927,49.04758],[7.76535,49.0463],[7.76109,49.04552],[7.75771,49.04543],[7.75666,49.04548],[7.75632,49.04567],[7.75508,49.04634],[7.75431,49.04677],[7.75368,49.04712],[7.75262,49.04769],[7.75154,49.04786],[7.75023,49.04771],[7.74806,49.04681],[7.74799,49.04679],[7.74696,49.04636],[7.74643,49.04644],[7.74443,49.04675],[7.74376,49.04685],[7.74075,49.04731],[7.73944,49.04634],[7.73753,49.04493],[7.73698,49.04435],[7.73582,49.04407],[7.7348,49.04415],[7.73227,49.04396],[7.73215,49.04425],[7.73202,49.04456],[7.73155,49.04688],[7.73155,49.04736],[7.73155,49.04856],[7.73156,49.04993],[7.73175,49.05088],[7.73209,49.05157],[7.73135,49.05349],[7.7314,49.05486],[7.73143,49.05553],[7.7271,49.05495],[7.72527,49.05405],[7.72439,49.05338],[7.72354,49.05273],[7.72279,49.05119],[7.72183,49.05124],[7.72117,49.05127],[7.72023,49.05158],[7.71846,49.05264],[7.71827,49.05307],[7.718,49.05372],[7.71772,49.0539],[7.71631,49.05389],[7.71579,49.05389],[7.7143,49.05365],[7.71379,49.05356],[7.71288,49.05325],[7.71201,49.05296],[7.70989,49.05269],[7.70824,49.05248],[7.70694,49.05471],[7.70648,49.0555],[7.70563,49.05615],[7.70082,49.05695],[7.69825,49.05595],[7.69805,49.05588],[7.69786,49.05601],[7.69703,49.05662],[7.69647,49.05702],[7.69595,49.0578],[7.69425,49.0567],[7.69245,49.05412],[7.69662,49.0522],[7.69737,49.05185],[7.69762,49.0497],[7.69708,49.04961],[7.69605,49.04945],[7.69416,49.04918],[7.69228,49.04889],[7.69143,49.04893],[7.68942,49.04902],[7.68726,49.04911],[7.68572,49.04918],[7.68405,49.04832],[7.68095,49.04895],[7.67828,49.04702],[7.67636,49.04563],[7.67632,49.04522],[7.67472,49.04497],[7.67337,49.04509],[7.67294,49.0452],[7.66892,49.0463],[7.66472,49.04743],[7.66266,49.04799],[7.65905,49.04893],[7.64957,49.05104],[7.64826,49.05133],[7.64223,49.05258],[7.64112,49.05281]]]}}
]
}
