{
"type": "FeatureCollection",
"name": "forests",
"crs": { "type": "name", "properties": { "name": "urn:ogc:def:crs:OGC:1.3:CRS84" } },
"xy_coordinate_resolution": 1e-06,
"features": [
{"type":"Feature","properties":{},"geometry":{"type":"Polygon","coordinates":[[[2.77717,3.977645],[2.773638,3.971053],[2.765561,3.969276],[2.762277,3.976627],[2.745114,3.96496],[2.725927,3.971038],[2.737788,3.983211],[2.751923,3.988793],[2.747125,3.992848],[2.745606,4.008059],[2.76706,4.022009],[2.771858,4.018968],[2.771608,4.010094],[2.78272,3.992098],[2.782469,3.988041],[2.77212,3.983728],[2.77717,3.977645]]]}},
{"type":"Feature","properties":{},"geometry":{"type":"Polygon","coordinates":[[[2.805811,4.024617],[2.802026,4.020307],[2.790918,4.01929],[2.784605,4.024105],[2.774255,4.023595],[2.771978,4.039566],[2.791923,4.03729],[2.799999,4.049461],[2.805811,4.024617]]]}},
{"type":"Feature","properties":{},"geometry":{"type":"Polygon","coordinates":[[[3.003927,4.136413],[3.001655,4.13223],[2.978173,4.129567],[2.975143,4.144018],[2.955069,4.155426],[2.956204,4.166834],[2.9759,4.166835],[2.980823,4.172159],[2.987262,4.172159],[2.98802,4.156187],[2.998625,4.153906],[3.003927,4.136413]]]}},
{"type":"Feature","properties":{},"geometry":{"type":"Polygon","coordinates":[[[2.695199,7.154102],[2.690636,7.147254],[2.681499,7.148389],[2.676363,7.142682],[2.663228,7.144954],[2.658656,7.150084],[2.659214,7.167195],[2.6712,7.176329],[2.676339,7.176903],[2.678056,7.171771],[2.691189,7.174062],[2.695199,7.154102]]]}},
{"type":"Feature","properties":{},"geometry":{"type":"Polygon","coordinates":[[[3.003567,7.187854],[2.998427,7.206677],[2.988718,7.209528],[2.988147,7.218654],[3.013277,7.223787],[3.019559,7.22892],[3.020132,7.253445],[3.025844,7.254016],[3.035552,7.237475],[3.030981,7.208956],[3.026983,7.200972],[3.014989,7.199832],[3.009278,7.189565],[3.003567,7.187854]]]}},
{"type":"Feature","properties":{},"geometry":{"type":"Polygon","coordinates":[[[2.914405,7.560292],[2.918983,7.529493],[2.894408,7.526066],[2.888115,7.550589],[2.900685,7.569414],[2.905829,7.569415],[2.909832,7.560861],[2.914405,7.560292]]]}},
{"type":"Feature","properties":{},"geometry":{"type":"Polygon","coordinates":[[[2.413616,7.350119],[2.402189,7.351245],[2.395349,7.33983],[2.380111,7.343231],[2.359933,7.338259],[2.347731,7.348888],[2.330971,7.350764],[2.313021,7.383816],[2.308783,7.415367],[2.290486,7.423703],[2.282464,7.438138],[2.286168,7.50278],[2.273954,7.516827],[2.272792,7.527851],[2.276969,7.536603],[2.267804,7.549135],[2.264728,7.565859],[2.26888,7.588678],[2.282948,7.607332],[2.275246,7.655415],[2.289687,7.679773],[2.307971,7.685886],[2.310239,7.697676],[2.31481,7.699584],[2.32047,7.735523],[2.316264,7.743501],[2.316607,7.766884],[2.289503,7.790032],[2.279941,7.808266],[2.279531,7.825374],[2.28446,7.840971],[2.27223,7.857679],[2.2699,7.881818],[2.276358,7.895896],[2.266409,7.915649],[2.270571,7.934286],[2.265964,7.951768],[2.276983,7.974599],[2.286899,7.974997],[2.298679,8.00049],[2.31239,8.01249],[2.335293,8.001501],[2.339122,7.992382],[2.364288,7.996984],[2.382941,8.021346],[2.390954,8.019838],[2.410764,8.037356],[2.422588,8.038133],[2.425632,8.04365],[2.440135,8.038348],[2.443963,8.028467],[2.433297,8.018187],[2.431042,7.99385],[2.424571,7.984336],[2.417363,7.956951],[2.436456,7.939487],[2.436846,7.933024],[2.420861,7.91019],[2.42239,7.90715],[2.433454,7.903363],[2.460505,7.922409],[2.485289,7.925483],[2.50131,7.92246],[2.513531,7.907646],[2.511642,7.892435],[2.529571,7.886372],[2.531106,7.878009],[2.549032,7.874037],[2.559354,7.849713],[2.570416,7.844782],[2.573867,7.826155],[2.563964,7.816639],[2.562453,7.802569],[2.539972,7.791519],[2.528908,7.79835],[2.527005,7.795306],[2.521662,7.799863],[2.514803,7.796814],[2.504878,7.808209],[2.511784,7.770195],[2.526287,7.756143],[2.526306,7.738272],[2.521744,7.727621],[2.512216,7.72609],[2.501562,7.709728],[2.507291,7.699849],[2.508456,7.681219],[2.495129,7.670557],[2.493615,7.661811],[2.483716,7.653434],[2.474183,7.657225],[2.475337,7.648861],[2.465818,7.641625],[2.464307,7.630217],[2.454027,7.62336],[2.448325,7.611946],[2.454065,7.592943],[2.452184,7.573929],[2.465549,7.551133],[2.461384,7.529835],[2.471694,7.511027],[2.463362,7.469572],[2.451172,7.469557],[2.44318,7.463464],[2.433654,7.464973],[2.419158,7.480543],[2.404636,7.513982],[2.401966,7.51626],[2.393213,7.509024],[2.397065,7.478612],[2.390978,7.47214],[2.390237,7.45693],[2.397489,7.446674],[2.395215,7.438306],[2.401702,7.42995],[2.403253,7.4098],[2.420025,7.400318],[2.419284,7.384157],[2.412825,7.371981],[2.415879,7.367042],[2.413616,7.350119]]]}},
{"type":"Feature","properties":{},"geometry":{"type":"Polygon","coordinates":[[[2.610134,7.776427],[2.598705,7.769002],[2.585538,7.783819],[2.584387,7.790662],[2.602651,7.828321],[2.623239,7.830051],[2.627825,7.817508],[2.6244,7.811231],[2.616395,7.808943],[2.615833,7.798676],[2.610689,7.794679],[2.610134,7.776427]]]}},
{"type":"Feature","properties":{},"geometry":{"type":"Polygon","coordinates":[[[2.138934,7.85372],[2.12239,7.834296],[2.096075,7.838233],[2.09834,7.848503],[2.118907,7.858811],[2.138922,7.859423],[2.138934,7.85372]]]}},
{"type":"Feature","properties":{},"geometry":{"type":"Polygon","coordinates":[[[2.058155,7.916277],[2.049012,7.912265],[2.042702,7.920234],[2.039239,7.933912],[2.042051,7.954448],[2.053496,7.952764],[2.058104,7.938517],[2.058155,7.916277]]]}},
{"type":"Feature","properties":{},"geometry":{"type":"Polygon","coordinates":[[[1.841178,7.989291],[1.832054,7.979002],[1.820048,7.976685],[1.817752,7.97953],[1.835968,8.010945],[1.842259,8.011533],[1.843413,8.008115],[1.841178,7.989291]]]}},
{"type":"Feature","properties":{},"geometry":{"type":"Polygon","coordinates":[[[1.628189,8.048508],[1.615605,8.047895],[1.609865,8.053578],[1.615526,8.071273],[1.625802,8.07758],[1.62984,8.0679],[1.628189,8.048508]]]}},
{"type":"Feature","properties":{},"geometry":{"type":"Polygon","coordinates":[[[1.563688,8.159186],[1.547144,8.145443],[1.541422,8.145422],[1.536177,8.17163],[1.540143,8.182478],[1.557893,8.179691],[1.563688,8.159186]]]}},
{"type":"Feature","properties":{},"geometry":{"type":"Polygon","coordinates":[[[1.521949,8.150483],[1.502615,8.117914],[1.486629,8.108732],[1.476912,8.106415],[1.466005,8.116067],[1.465411,8.121766],[1.48598,8.129254],[1.491066,8.146378],[1.485897,8.15149],[1.484712,8.162318],[1.504162,8.163532],[1.50175,8.196592],[1.494864,8.201696],[1.493108,8.211952],[1.497091,8.218239],[1.511376,8.223995],[1.494163,8.235903],[1.492392,8.25015],[1.492912,8.263835],[1.504912,8.269013],[1.526763,8.241726],[1.533702,8.222366],[1.532597,8.211529],[1.520081,8.191528],[1.521949,8.150483]]]}},
{"type":"Feature","properties":{},"geometry":{"type":"Polygon","coordinates":[[[1.421508,8.228782],[1.420963,8.221939],[1.407819,8.217326],[1.392934,8.218977],[1.392382,8.213845],[1.383819,8.208679],[1.370653,8.209766],[1.356294,8.222819],[1.359134,8.227962],[1.367711,8.229707],[1.367064,8.247949],[1.389385,8.247469],[1.397358,8.257193],[1.411641,8.263521],[1.419099,8.258989],[1.419708,8.24987],[1.414028,8.239015],[1.421508,8.228782]]]}},
{"type":"Feature","properties":{},"geometry":{"type":"Polygon","coordinates":[[[1.265578,8.176832],[1.257077,8.157983],[1.241122,8.143092],[1.233773,8.123106],[1.214338,8.119601],[1.203992,8.130388],[1.18455,8.128592],[1.178803,8.134266],[1.178752,8.145667],[1.183298,8.152529],[1.181507,8.169052],[1.196962,8.167411],[1.202708,8.161736],[1.22615,8.165259],[1.254667,8.185907],[1.260961,8.185933],[1.265578,8.176832]]]}},
{"type":"Feature","properties":{},"geometry":{"type":"Polygon","coordinates":[[[1.113414,8.277833],[1.101625,8.2725],[1.102954,8.250186],[1.094879,8.235133],[1.069639,8.231767],[1.067984,8.237034],[1.076501,8.244786],[1.076466,8.25209],[1.070731,8.258556],[1.073132,8.267495],[1.065756,8.276388],[1.069359,8.28939],[1.085263,8.28622],[1.088098,8.289886],[1.10805,8.292011],[1.113368,8.287573],[1.113414,8.277833]]]}},
{"type":"Feature","properties":{},"geometry":{"type":"Polygon","coordinates":[[[1.071873,8.105976],[1.059335,8.088062],[1.047534,8.086382],[1.040998,8.090814],[1.042589,8.098532],[1.05885,8.104291],[1.062893,8.110398],[1.069404,8.11124],[1.071873,8.105976]]]}},
{"type":"Feature","properties":{},"geometry":{"type":"Polygon","coordinates":[[[0.981792,8.204553],[0.983055,8.196443],[0.945227,8.18692],[0.937481,8.188503],[0.932144,8.196592],[0.936584,8.204324],[0.956107,8.209698],[0.956466,8.219033],[0.962969,8.221906],[0.968677,8.220718],[0.981792,8.204553]]]}},
{"type":"Feature","properties":{},"geometry":{"type":"Polygon","coordinates":[[[0.597806,8.474594],[0.592149,8.466987],[0.583679,8.474776],[0.575814,8.472834],[0.578744,8.482047],[0.570836,8.486866],[0.564884,8.483043],[0.564266,8.494939],[0.547967,8.494837],[0.544661,8.502119],[0.547869,8.510252],[0.556253,8.516255],[0.573634,8.517174],[0.583605,8.529948],[0.592871,8.525409],[0.596727,8.517049],[0.577251,8.503674],[0.590352,8.49375],[0.597806,8.474594]]]}},
{"type":"Feature","properties":{},"geometry":{"type":"Polygon","coordinates":[[[0.524075,8.933022],[0.520889,8.921642],[0.507524,8.91398],[0.49998,8.903653],[0.488405,8.899609],[0.47533,8.902766],[0.473646,8.910326],[0.487746,8.916371],[0.489491,8.926299],[0.508661,8.933459],[0.524075,8.933022]]]}},
{"type":"Feature","properties":{},"geometry":{"type":"Polygon","coordinates":[[[0.519791,9.038718],[0.51749,9.021514],[0.503318,9.025385],[0.492343,9.021464],[0.486749,9.026233],[0.490189,9.035752],[0.481451,9.040379],[0.490123,9.045246],[0.490697,9.049697],[0.464905,9.055049],[0.461,9.06019],[0.462771,9.066332],[0.467582,9.069971],[0.477988,9.068841],[0.489528,9.078715],[0.499816,9.077343],[0.497479,9.065548],[0.504333,9.053576],[0.498875,9.038515],[0.519791,9.038718]]]}},
{"type":"Feature","properties":{},"geometry":{"type":"Polygon","coordinates":[[[0.602936,9.693366],[0.598784,9.702261],[0.603267,9.704321],[0.595406,9.717247],[0.599071,9.719302],[0.603575,9.718522],[0.60815,9.7076],[0.608245,9.694215],[0.602936,9.693366]]]}},
{"type":"Feature","properties":{},"geometry":{"type":"Polygon","coordinates":[[[0.58274,9.715941],[0.564689,9.724331],[0.552731,9.738038],[0.529729,9.75207],[0.529649,9.763022],[0.551807,9.752635],[0.567013,9.742196],[0.574043,9.731293],[0.582644,9.729327],[0.58274,9.715941]]]}},
{"type":"Feature","properties":{},"geometry":{"type":"Polygon","coordinates":[[[0.507525,9.768741],[0.486555,9.784001],[0.479072,9.800171],[0.457603,9.826782],[0.456723,9.834887],[0.451388,9.837281],[0.44389,9.85507],[0.449425,9.879856],[0.456809,9.877072],[0.456602,9.850706],[0.463248,9.83737],[0.510287,9.782148],[0.512416,9.770805],[0.507525,9.768741]]]}},
{"type":"Feature","properties":{},"geometry":{"type":"Polygon","coordinates":[[[0.439319,9.89073],[0.434889,9.881772],[0.406699,9.877501],[0.397783,9.866886],[0.376053,9.873612],[0.396317,9.897295],[0.413471,9.900673],[0.42455,9.896295],[0.435578,9.898408],[0.439319,9.89073]]]}},
{"type":"Feature","properties":{},"geometry":{"type":"Polygon","coordinates":[[[0.460464,9.907115],[0.450915,9.925295],[0.456214,9.92777],[0.463358,9.956217],[0.469411,9.967214],[0.476338,9.970917],[0.480305,9.987172],[0.510475,10.001596],[0.5519,10.043685],[0.563326,10.04823],[0.57102,10.059239],[0.577159,10.059284],[0.575625,10.045481],[0.567124,10.032844],[0.556499,10.030737],[0.536572,10.01396],[0.530928,10.00256],[0.486161,9.970585],[0.481766,9.956761],[0.468774,9.943684],[0.464942,9.909989],[0.460464,9.907115]]]}},
{"type":"Feature","properties":{},"geometry":{"type":"Polygon","coordinates":[[[0.569713,10.069776],[0.556881,10.088747],[0.559691,10.09607],[0.557092,10.115116],[0.545342,10.152753],[0.539586,10.155955],[0.527892,10.185884],[0.519918,10.210973],[0.519802,10.22598],[0.526369,10.224001],[0.540225,10.179486],[0.558905,10.145957],[0.559006,10.132573],[0.568165,10.112358],[0.568373,10.084776],[0.573788,10.07224],[0.569713,10.069776]]]}},
{"type":"Feature","properties":{},"geometry":{"type":"Polygon","coordinates":[[[0.57174,10.126988],[0.569949,10.147257],[0.560835,10.161387],[0.571984,10.148894],[0.575424,10.127014],[0.57174,10.126988]]]}},
{"type":"Feature","properties":{},"geometry":{"type":"Polygon","coordinates":[[[0.428391,10.135632],[0.423498,10.13316],[0.413626,10.139167],[0.405901,10.132617],[0.40057,10.133791],[0.395157,10.145105],[0.398805,10.149596],[0.390981,10.155211],[0.392582,10.159686],[0.408885,10.168738],[0.435459,10.173408],[0.423551,10.177777],[0.415792,10.175282],[0.439446,10.186824],[0.456234,10.186551],[0.462424,10.180515],[0.460096,10.164273],[0.425838,10.14778],[0.428391,10.135632]]]}},
{"type":"Feature","properties":{},"geometry":{"type":"Polygon","coordinates":[[[0.292434,10.093577],[0.287448,10.102459],[0.289846,10.109373],[0.31107,10.116441],[0.309903,10.109131],[0.300521,10.105405],[0.292434,10.093577]]]}},
{"type":"Feature","properties":{},"geometry":{"type":"Polygon","coordinates":[[[0.260237,10.174017],[0.255214,10.186952],[0.257941,10.203197],[0.274212,10.2155],[0.277154,10.206602],[0.266749,10.178532],[0.260237,10.174017]]]}},
{"type":"Feature","properties":{},"geometry":{"type":"Polygon","coordinates":[[[0.178952,10.725111],[0.150607,10.735487],[0.15144,10.743785],[0.167676,10.742131],[0.179443,10.731064],[0.178952,10.725111]]]}},
{"type":"Feature","properties":{},"geometry":{"type":"Polygon","coordinates":[[[0.194772,10.748685],[0.179167,10.741154],[0.167764,10.752224],[0.169705,10.759091],[0.185925,10.759239],[0.195096,10.753014],[0.194772,10.748685]]]}},
{"type":"Feature","properties":{},"geometry":{"type":"Polygon","coordinates":[[[0.134192,10.756062],[0.12097,10.766572],[0.11242,10.76487],[0.101603,10.771437],[0.102276,10.777391],[0.126134,10.779416],[0.136088,10.767613],[0.134192,10.756062]]]}},
{"type":"Feature","properties":{},"geometry":{"type":"Polygon","coordinates":[[[0.116805,11.066099],[0.115069,11.057072],[0.102864,11.055153],[0.105254,11.071936],[0.113273,11.072733],[0.116805,11.066099]]]}},
{"type":"Feature","properties":{},"geometry":{"type":"Polygon","coordinates":[[[0.110556,11.052141],[0.114415,11.049294],[0.11113,11.049443],[0.110556,11.052141]]]}},
{"type":"Feature","properties":{},"geometry":{"type":"Polygon","coordinates":[[[0.099432,11.051673],[0.10112,11.047004],[0.098378,11.047518],[0.099432,11.051673]]]}},
{"type":"Feature","properties":{},"geometry":{"type":"Polygon","coordinates":[[[0.089826,11.045274],[0.093515,11.041164],[0.090969,11.040419],[0.089826,11.045274]]]}},
{"type":"Feature","properties":{},"geometry":{"type":"Polygon","coordinates":[[[0.093198,11.054858],[0.095598,11.051997],[0.092121,11.053045],[0.093198,11.054858]]]}},
{"type":"Feature","properties":{},"geometry":{"type":"Polygon","coordinates":[[[0.091847,11.062413],[0.095699,11.060288],[0.092428,11.058995],[0.091847,11.062413]]]}},
{"type":"Feature","properties":{},"geometry":{"type":"Polygon","coordinates":[[[0.085375,11.05262],[0.084683,11.048829],[0.082312,11.048806],[0.082094,11.052408],[0.085375,11.05262]]]}},
{"type":"Feature","properties":{},"geometry":{"type":"Polygon","coordinates":[[[0.079248,11.044991],[0.078189,11.041377],[0.077095,11.041366],[0.075053,11.044951],[0.079248,11.044991]]]}},
{"type":"Feature","properties":{},"geometry":{"type":"Polygon","coordinates":[[[0.07278,11.053399],[0.076455,11.050731],[0.073175,11.050339],[0.07278,11.053399]]]}},
{"type":"Feature","properties":{},"geometry":{"type":"Polygon","coordinates":[[[0.067095,11.056407],[0.067315,11.052625],[0.06514,11.051162],[0.063827,11.054753],[0.067095,11.056407]]]}},
{"type":"Feature","properties":{},"geometry":{"type":"Polygon","coordinates":[[[0.08051,11.065007],[0.080375,11.06014],[0.078553,11.059942],[0.076128,11.065326],[0.08051,11.065007]]]}},
{"type":"Feature","properties":{},"geometry":{"type":"Polygon","coordinates":[[[0.074713,11.079188],[0.072083,11.06853],[0.060281,11.062829],[0.067452,11.075513],[0.074713,11.079188]]]}},
{"type":"Feature","properties":{},"geometry":{"type":"Polygon","coordinates":[[[-0.008465,11.01503],[-0.008412,11.009865],[-0.01192,11.008028],[-0.013439,11.0139],[-0.008465,11.01503]]]}},
{"type":"Feature","properties":{},"geometry":{"type":"Polygon","coordinates":[[[0.595877,11.326031],[0.593951,11.335143],[0.603779,11.339482],[0.605109,11.327932],[0.595877,11.326031]]]}},
{"type":"Feature","properties":{},"geometry":{"type":"Polygon","coordinates":[[[0.641356,11.039204],[0.618548,11.04146],[0.596789,11.066234],[0.596734,11.072926],[0.604135,11.071769],[0.610181,11.085811],[0.617026,11.077347],[0.631179,11.079283],[0.634904,11.075661],[0.637461,11.064121],[0.645531,11.056274],[0.636952,11.05073],[0.64686,11.044115],[0.641356,11.039204]]]}},
{"type":"Feature","properties":{},"geometry":{"type":"Polygon","coordinates":[[[0.619408,11.036599],[0.613794,11.019923],[0.61251,11.026403],[0.593591,11.03031],[0.593627,11.025848],[0.602709,11.019835],[0.59952,11.008047],[0.589654,11.009591],[0.575976,11.025302],[0.563709,11.019119],[0.562047,11.02154],[0.565659,11.03171],[0.579178,11.035468],[0.575042,11.039086],[0.560288,11.035722],[0.571283,11.046763],[0.585634,11.049312],[0.577372,11.055329],[0.580624,11.059411],[0.594171,11.059926],[0.606614,11.04461],[0.619408,11.036599]]]}},
{"type":"Feature","properties":{},"geometry":{"type":"Polygon","coordinates":[[[0.587059,10.615497],[0.57474,10.617835],[0.571078,10.614156],[0.56899,10.619008],[0.574266,10.625944],[0.563957,10.633166],[0.565943,10.641294],[0.546102,10.661015],[0.548511,10.667524],[0.561174,10.673707],[0.554978,10.679338],[0.560244,10.687492],[0.554457,10.693125],[0.565029,10.704565],[0.552638,10.71542],[0.560736,10.728465],[0.589905,10.722607],[0.591581,10.718158],[0.582331,10.694965],[0.574155,10.691656],[0.582031,10.681171],[0.585693,10.684851],[0.590229,10.68164],[0.59564,10.671541],[0.5953,10.662614],[0.583392,10.66455],[0.582184,10.661702],[0.590895,10.649194],[0.591035,10.631347],[0.587059,10.615497]]]}},
{"type":"Feature","properties":{},"geometry":{"type":"Polygon","coordinates":[[[0.62724,10.455164],[0.61412,10.455878],[0.609951,10.465176],[0.619654,10.482692],[0.625413,10.479895],[0.632756,10.484412],[0.635751,10.467803],[0.62724,10.455164]]]}},
{"type":"Feature","properties":{},"geometry":{"type":"Polygon","coordinates":[[[0.624075,10.331822],[0.622595,10.310717],[0.602172,10.302859],[0.594793,10.303615],[0.587359,10.311673],[0.59017,10.318996],[0.6061,10.325199],[0.604769,10.338575],[0.613776,10.339453],[0.624075,10.331822]]]}},
{"type":"Feature","properties":{},"geometry":{"type":"Polygon","coordinates":[[[3.169864,4.322976],[3.169053,4.31323],[3.158534,4.307547],[3.139521,4.307551],[3.139926,4.31486],[3.153276,4.31567],[3.1553,4.320136],[3.149232,4.32298],[3.15166,4.327853],[3.169864,4.322976]]]}},
{"type":"Feature","properties":{},"geometry":{"type":"Polygon","coordinates":[[[3.118491,4.345321],[3.107973,4.350196],[3.114448,4.362377],[3.120921,4.365219],[3.127394,4.362375],[3.128606,4.351411],[3.118491,4.345321]]]}},
{"type":"Feature","properties":{},"geometry":{"type":"Polygon","coordinates":[[[3.22734,4.42692],[3.211963,4.419614],[3.19821,4.433831],[3.169486,4.441554],[3.166251,4.450083],[3.173536,4.457797],[3.185269,4.456982],[3.187696,4.453327],[3.200644,4.456977],[3.204688,4.446824],[3.220465,4.439916],[3.22734,4.42692]]]}},
{"type":"Feature","properties":{},"geometry":{"type":"Polygon","coordinates":[[[3.524769,4.217437],[3.52436,4.21094],[3.513437,4.206481],[3.502119,4.217858],[3.508191,4.225976],[3.524769,4.217437]]]}},
{"type":"Feature","properties":{},"geometry":{"type":"Polygon","coordinates":[[[3.584221,4.212116],[3.57249,4.208875],[3.573305,4.217808],[3.566027,4.221874],[3.581409,4.2377],[3.587071,4.23729],[3.584221,4.212116]]]}},
{"type":"Feature","properties":{},"geometry":{"type":"Polygon","coordinates":[[[3.475056,4.277974],[3.482722,4.247108],[3.467352,4.247929],[3.459679,4.267832],[3.460897,4.275953],[3.475056,4.277974]]]}},
{"type":"Feature","properties":{},"geometry":{"type":"Polygon","coordinates":[[[3.446337,4.278398],[3.444308,4.268247],[3.436217,4.266628],[3.432579,4.27069],[3.431776,4.280843],[3.435418,4.283277],[3.446337,4.278398]]]}},
{"type":"Feature","properties":{},"geometry":{"type":"Polygon","coordinates":[[[3.473172,4.284743],[3.439466,4.288283],[3.424361,4.28396],[3.413851,4.29696],[3.406029,4.294799],[3.400631,4.284514],[3.385532,4.290478],[3.389044,4.303201],[3.383389,4.319717],[3.390142,4.341101],[3.394728,4.342181],[3.404429,4.328098],[3.412517,4.323762],[3.413591,4.314828],[3.422489,4.311033],[3.426265,4.312926],[3.433274,4.307508],[3.435166,4.315087],[3.441911,4.319144],[3.454576,4.302352],[3.472638,4.292594],[3.473172,4.284743]]]}},
{"type":"Feature","properties":{},"geometry":{"type":"Polygon","coordinates":[[[3.442185,4.327536],[3.432202,4.318608],[3.428696,4.319422],[3.430323,4.335123],[3.44273,4.336469],[3.442185,4.327536]]]}},
{"type":"Feature","properties":{},"geometry":{"type":"Polygon","coordinates":[[[3.418196,4.351644],[3.41873,4.342439],[3.410367,4.33757],[3.397428,4.347865],[3.396891,4.354091],[3.403368,4.361127],[3.402026,4.374122],[3.409041,4.379262],[3.422791,4.369779],[3.419281,4.36193],[3.410648,4.358686],[3.418196,4.351644]]]}},
{"type":"Feature","properties":{},"geometry":{"type":"Polygon","coordinates":[[[3.378284,4.358568],[3.369927,4.364799],[3.375062,4.385913],[3.368863,4.395932],[3.369139,4.408927],[3.374538,4.417858],[3.377225,4.397553],[3.388547,4.385635],[3.385837,4.360731],[3.378284,4.358568]]]}},
{"type":"Feature","properties":{},"geometry":{"type":"Polygon","coordinates":[[[3.3705,4.433021],[3.362945,4.427339],[3.355395,4.432487],[3.35459,4.441421],[3.359447,4.446021],[3.356493,4.471199],[3.366742,4.470653],[3.36539,4.463615],[3.371054,4.461717],[3.374287,4.454135],[3.3705,4.433021]]]}},
{"type":"Feature","properties":{},"geometry":{"type":"Polygon","coordinates":[[[3.370261,4.493798],[3.365667,4.477015],[3.347056,4.481627],[3.347329,4.488665],[3.365949,4.501921],[3.370261,4.493798]]]}},
{"type":"Feature","properties":{},"geometry":{"type":"Polygon","coordinates":[[[3.378639,4.523979],[3.37243,4.515319],[3.367575,4.516946],[3.368119,4.527233],[3.378639,4.523979]]]}},
{"type":"Feature","properties":{},"geometry":{"type":"Polygon","coordinates":[[[3.363805,4.530484],[3.351397,4.532655],[3.347894,4.540779],[3.331704,4.531582],[3.315519,4.533755],[3.317681,4.542418],[3.339538,4.556214],[3.322005,4.561095],[3.316881,4.565429],[3.317693,4.570843],[3.331183,4.573002],[3.34198,4.585992],[3.348996,4.588154],[3.353041,4.585716],[3.353844,4.571638],[3.361665,4.565949],[3.359768,4.55079],[3.368125,4.538603],[3.363805,4.530484]]]}},
{"type":"Feature","properties":{},"geometry":{"type":"Polygon","coordinates":[[[3.375447,4.611288],[3.37706,4.601541],[3.368964,4.595589],[3.3606,4.596135],[3.351971,4.60399],[3.356562,4.61238],[3.366815,4.615083],[3.375447,4.611288]]]}},
{"type":"Feature","properties":{},"geometry":{"type":"Polygon","coordinates":[[[3.341994,4.615365],[3.344418,4.605889],[3.340099,4.600477],[3.315544,4.591284],[3.298011,4.599684],[3.30395,4.608074],[3.341994,4.615365]]]}},
{"type":"Feature","properties":{},"geometry":{"type":"Polygon","coordinates":[[[3.335263,4.64393],[3.303293,4.648817],[3.30532,4.657344],[3.31949,4.667896],[3.319087,4.672363],[3.304923,4.675212],[3.305332,4.68577],[3.328401,4.682105],[3.334878,4.685756],[3.34135,4.677631],[3.354299,4.673564],[3.353078,4.66057],[3.335263,4.64393]]]}},
{"type":"Feature","properties":{},"geometry":{"type":"Polygon","coordinates":[[[3.291571,4.685776],[3.282663,4.675221],[3.276591,4.673193],[3.275382,4.686594],[3.282671,4.694307],[3.290766,4.69471],[3.291571,4.685776]]]}},
{"type":"Feature","properties":{},"geometry":{"type":"Polygon","coordinates":[[[3.378581,4.669897],[3.374931,4.656904],[3.361573,4.652445],[3.358746,4.663816],[3.37413,4.67193],[3.378581,4.669897]]]}},
{"type":"Feature","properties":{},"geometry":{"type":"Polygon","coordinates":[[[3.47043,4.636543],[3.461525,4.633706],[3.448981,4.636558],[3.438049,4.628443],[3.420242,4.628453],[3.396368,4.633746],[3.384639,4.645935],[3.393144,4.657707],[3.420258,4.654848],[3.432402,4.658902],[3.466387,4.642637],[3.47043,4.636543]]]}},
{"type":"Feature","properties":{},"geometry":{"type":"Polygon","coordinates":[[[3.467064,4.647103],[3.449532,4.654695],[3.444953,4.667422],[3.464113,4.672553],[3.486233,4.664958],[3.481102,4.658734],[3.48541,4.646279],[3.467064,4.647103]]]}},
{"type":"Feature","properties":{},"geometry":{"type":"Polygon","coordinates":[[[3.413652,4.662839],[3.397738,4.670427],[3.371578,4.694266],[3.373474,4.70753],[3.383193,4.715646],[3.377259,4.721335],[3.376454,4.729457],[3.388062,4.737301],[3.388606,4.745152],[3.394815,4.750021],[3.403178,4.747038],[3.411545,4.750011],[3.438792,4.738083],[3.432852,4.732131],[3.410725,4.732144],[3.396417,4.71997],[3.413141,4.711026],[3.402608,4.694248],[3.427428,4.688007],[3.443352,4.694765],[3.45279,4.686909],[3.450896,4.677705],[3.413652,4.662839]]]}},
{"type":"Feature","properties":{},"geometry":{"type":"Polygon","coordinates":[[[3.348098,4.683178],[3.31249,4.701063],[3.30358,4.688613],[3.29333,4.69701],[3.308716,4.709998],[3.345144,4.712417],[3.356745,4.708621],[3.358629,4.699687],[3.348098,4.683178]]]}},
{"type":"Feature","properties":{},"geometry":{"type":"Polygon","coordinates":[[[3.372952,4.739881],[3.369437,4.727159],[3.361881,4.724997],[3.355136,4.728791],[3.35541,4.73583],[3.361619,4.741241],[3.372952,4.739881]]]}},
{"type":"Feature","properties":{},"geometry":{"type":"Polygon","coordinates":[[[3.364863,4.753151],[3.355685,4.745846],[3.3457,4.745038],[3.342735,4.750725],[3.343278,4.757222],[3.352186,4.763445],[3.36109,4.761815],[3.364863,4.753151]]]}},
{"type":"Feature","properties":{},"geometry":{"type":"Polygon","coordinates":[[[3.463901,4.758776],[3.430432,4.746074],[3.423957,4.748244],[3.428282,4.760423],[3.442319,4.768536],[3.459587,4.765005],[3.463901,4.758776]]]}},
{"type":"Feature","properties":{},"geometry":{"type":"Polygon","coordinates":[[[3.293606,4.710681],[3.29064,4.717992],[3.296313,4.730985],[3.293353,4.750748],[3.276086,4.761313],[3.27906,4.775119],[3.293095,4.779715],[3.308736,4.756427],[3.31628,4.729351],[3.309528,4.71663],[3.304132,4.717986],[3.30278,4.710948],[3.293606,4.710681]]]}},
{"type":"Feature","properties":{},"geometry":{"type":"Polygon","coordinates":[[[3.46054,4.777661],[3.422756,4.771188],[3.416005,4.76307],[3.379571,4.755241],[3.372557,4.758493],[3.366359,4.77501],[3.376888,4.783668],[3.372305,4.791251],[3.378787,4.801264],[3.389043,4.803694],[3.392015,4.809919],[3.402543,4.815327],[3.37746,4.841872],[3.376657,4.854326],[3.391237,4.864605],[3.407971,4.865948],[3.396377,4.885176],[3.401245,4.901686],[3.378033,4.901971],[3.368061,4.927018],[3.374815,4.938655],[3.394521,4.941892],[3.394797,4.95245],[3.420986,4.962315],[3.410738,4.976398],[3.416685,4.990607],[3.408593,4.999817],[3.421838,5.027286],[3.411854,5.033925],[3.408623,5.048004],[3.396746,5.050177],[3.376779,5.069004],[3.382733,5.093365],[3.370312,5.090395],[3.365454,5.093511],[3.351161,5.123974],[3.354133,5.126951],[3.342528,5.13589],[3.341183,5.145501],[3.329847,5.1539],[3.32958,5.159044],[3.332283,5.164998],[3.359286,5.168773],[3.356321,5.176626],[3.350381,5.178253],[3.341737,5.172843],[3.338231,5.179884],[3.342553,5.183671],[3.353353,5.180959],[3.357679,5.190973],[3.377668,5.203143],[3.37552,5.223178],[3.382543,5.226964],[3.397409,5.249423],[3.413883,5.251037],[3.415767,5.240749],[3.403605,5.225867],[3.401707,5.213144],[3.413589,5.214491],[3.413587,5.210701],[3.391697,5.183644],[3.384135,5.1804],[3.391691,5.173356],[3.397078,5.151425],[3.392751,5.141005],[3.375192,5.125044],[3.378699,5.120168],[3.387608,5.119622],[3.392732,5.109061],[3.419174,5.08292],[3.40999,5.07521],[3.411336,5.070066],[3.436975,5.057055],[3.434268,5.045551],[3.44506,5.037152],[3.450178,5.020364],[3.439643,5.01049],[3.445038,5.003448],[3.455024,5.001005],[3.448273,4.998032],[3.438814,4.981389],[3.44933,4.964056],[3.432578,4.938485],[3.446869,4.916953],[3.434446,4.906133],[3.424989,4.888948],[3.422283,4.877309],[3.425244,4.866479],[3.413095,4.860124],[3.415251,4.854167],[3.403641,4.845782],[3.423058,4.82303],[3.438437,4.816929],[3.428719,4.812604],[3.432761,4.802043],[3.414948,4.799076],[3.403065,4.784465],[3.40873,4.78013],[3.413589,4.783917],[3.440575,4.784442],[3.441932,4.796353],[3.460559,4.805274],[3.468917,4.794981],[3.460007,4.786865],[3.46054,4.777661]]]}},
{"type":"Feature","properties":{},"geometry":{"type":"Polygon","coordinates":[[[3.350766,4.889668],[3.33835,4.888321],[3.335655,4.89509],[3.346186,4.904289],[3.352931,4.899413],[3.350766,4.889668]]]}},
{"type":"Feature","properties":{},"geometry":{"type":"Polygon","coordinates":[[[3.331611,4.905921],[3.326755,4.910255],[3.335127,4.919996],[3.338365,4.917288],[3.337011,4.908084],[3.331611,4.905921]]]}},
{"type":"Feature","properties":{},"geometry":{"type":"Polygon","coordinates":[[[3.41115,5.201498],[3.415744,5.206639],[3.422495,5.206093],[3.423314,5.219086],[3.410352,5.219366],[3.411437,5.226945],[3.419814,5.235331],[3.424675,5.235058],[3.434116,5.220704],[3.433018,5.193633],[3.418167,5.194726],[3.41115,5.201498]]]}},
{"type":"Feature","properties":{},"geometry":{"type":"Polygon","coordinates":[[[3.396341,5.267562],[3.388225,5.245369],[3.380392,5.243208],[3.3696,5.259457],[3.359339,5.260546],[3.356912,5.267586],[3.363126,5.272726],[3.392291,5.26946],[3.396341,5.267562]]]}},
{"type":"Feature","properties":{},"geometry":{"type":"Polygon","coordinates":[[[3.405514,5.255374],[3.402008,5.261061],[3.408225,5.270802],[3.411726,5.255911],[3.405514,5.255374]]]}},
{"type":"Feature","properties":{},"geometry":{"type":"Polygon","coordinates":[[[3.433188,5.24561],[3.443452,5.248581],[3.479083,5.229063],[3.49394,5.234466],[3.472337,5.235565],[3.468291,5.241253],[3.447234,5.250202],[3.443998,5.257243],[3.436433,5.251293],[3.428331,5.251569],[3.423473,5.255362],[3.421591,5.268087],[3.435102,5.279177],[3.460751,5.269683],[3.481003,5.267232],[3.495855,5.266679],[3.502611,5.271817],[3.518268,5.264224],[3.549596,5.266362],[3.561736,5.253087],[3.586577,5.249816],[3.59926,5.240058],[3.590364,5.256851],[3.580645,5.259297],[3.572,5.255785],[3.559586,5.264729],[3.562832,5.270411],[3.577961,5.276895],[3.603874,5.264146],[3.604667,5.24655],[3.610612,5.251688],[3.624387,5.253569],[3.6422,5.244077],[3.645699,5.233786],[3.636246,5.23136],[3.610602,5.240589],[3.605194,5.233285],[3.59304,5.230319],[3.53282,5.228207],[3.511469,5.206027],[3.49121,5.196298],[3.454758,5.199303],[3.442335,5.195522],[3.439097,5.199584],[3.440732,5.220428],[3.431563,5.238302],[3.433188,5.24561]]]}},
{"type":"Feature","properties":{},"geometry":{"type":"Polygon","coordinates":[[[3.618133,5.255651],[3.605995,5.271002],[3.590521,5.27968],[3.594127,5.285632],[3.607449,5.284536],[3.616277,5.291385],[3.64112,5.288293],[3.658589,5.293868],[3.665786,5.28989],[3.660006,5.271489],[3.636679,5.259061],[3.618133,5.255651]]]}},
{"type":"Feature","properties":{},"geometry":{"type":"Polygon","coordinates":[[[3.369044,5.309269],[3.35311,5.309549],[3.351763,5.316046],[3.354468,5.323084],[3.364463,5.326597],[3.370133,5.323346],[3.370938,5.314412],[3.369044,5.309269]]]}},
{"type":"Feature","properties":{},"geometry":{"type":"Polygon","coordinates":[[[3.392544,5.314398],[3.376341,5.316574],[3.377698,5.327943],[3.393907,5.333618],[3.392544,5.314398]]]}},
{"type":"Feature","properties":{},"geometry":{"type":"Polygon","coordinates":[[[3.422788,5.306527],[3.413606,5.308428],[3.409833,5.320071],[3.415781,5.329542],[3.427667,5.332783],[3.438736,5.326549],[3.439539,5.315991],[3.422788,5.306527]]]}},
{"type":"Feature","properties":{},"geometry":{"type":"Polygon","coordinates":[[[3.450815,5.316524],[3.443612,5.325606],[3.453871,5.34119],[3.500674,5.353336],[3.504332,5.367951],[3.526819,5.36915],[3.526837,5.390468],[3.554802,5.400798],[3.552382,5.412982],[3.557865,5.426986],[3.578539,5.437322],[3.562137,5.445864],[3.558498,5.453786],[3.57006,5.469002],[3.567032,5.480578],[3.553049,5.476936],[3.528131,5.480613],[3.515386,5.50377],[3.492896,5.504398],[3.490482,5.525109],[3.481363,5.523898],[3.471035,5.531824],[3.460094,5.533661],[3.449759,5.531233],[3.442467,5.535502],[3.444908,5.547682],[3.477133,5.556183],[3.539144,5.560394],[3.564076,5.568898],[3.590215,5.567045],[3.597513,5.570083],[3.599325,5.559117],[3.629726,5.564568],[3.637623,5.558469],[3.626668,5.546299],[3.606605,5.544492],[3.589592,5.552428],[3.568923,5.551839],[3.554932,5.541193],[3.559182,5.536316],[3.587748,5.532025],[3.607203,5.535051],[3.610841,5.525302],[3.62421,5.521634],[3.621152,5.503973],[3.633898,5.485688],[3.647214,5.433902],[3.624079,5.394945],[3.610696,5.382167],[3.58881,5.373662],[3.584546,5.363312],[3.589398,5.353561],[3.607627,5.351716],[3.613698,5.345619],[3.603356,5.333447],[3.611248,5.326131],[3.628875,5.330377],[3.651349,5.321218],[3.650118,5.305992],[3.593604,5.303612],[3.581446,5.297533],[3.512809,5.331094],[3.479991,5.326247],[3.467826,5.311029],[3.464183,5.315295],[3.450815,5.316524]],[[3.548621,5.334845],[3.557382,5.333273],[3.56135,5.34109],[3.551515,5.3494],[3.541671,5.349168],[3.540346,5.343274],[3.548621,5.334845]]]}},
{"type":"Feature","properties":{},"geometry":{"type":"Polygon","coordinates":[[[3.548621,5.334845],[3.540346,5.343274],[3.541671,5.349168],[3.551515,5.3494],[3.56135,5.34109],[3.557382,5.333273],[3.548621,5.334845]]]}},
{"type":"Feature","properties":{},"geometry":{"type":"Polygon","coordinates":[[[3.426044,5.532316],[3.421458,5.541794],[3.412815,5.54586],[3.411469,5.55317],[3.420659,5.558308],[3.442271,5.554232],[3.4328,5.534477],[3.426044,5.532316]]]}},
{"type":"Feature","properties":{},"geometry":{"type":"Polygon","coordinates":[[[3.496267,5.559693],[3.433766,5.56281],[3.4181,5.569499],[3.409993,5.56788],[3.406397,5.577628],[3.39685,5.577093],[3.389649,5.583055],[3.38732,5.602367],[3.39867,5.604704],[3.406594,5.601631],[3.409109,5.590981],[3.416309,5.584299],[3.437743,5.582118],[3.458281,5.585712],[3.477005,5.574146],[3.498267,5.582611],[3.505107,5.576108],[3.496267,5.559693]]]}},
{"type":"Feature","properties":{},"geometry":{"type":"Polygon","coordinates":[[[3.496655,5.592989],[3.478272,5.581635],[3.468916,5.594817],[3.4264,5.588533],[3.412536,5.598469],[3.42299,5.60568],[3.437222,5.608197],[3.45523,5.600784],[3.484596,5.605091],[3.490718,5.601477],[3.501168,5.603814],[3.508548,5.598033],[3.533586,5.597288],[3.531055,5.587184],[3.517724,5.585572],[3.509793,5.579804],[3.496655,5.592989]]]}},
{"type":"Feature","properties":{},"geometry":{"type":"Polygon","coordinates":[[[3.525002,5.566616],[3.521226,5.574019],[3.525015,5.580693],[3.54538,5.591863],[3.551502,5.589873],[3.553111,5.576697],[3.533107,5.565165],[3.525002,5.566616]]]}},
{"type":"Feature","properties":{},"geometry":{"type":"Polygon","coordinates":[[[3.556214,5.619826],[3.538186,5.604503],[3.527739,5.605415],[3.515679,5.615352],[3.504512,5.617527],[3.453705,5.608184],[3.436238,5.617221],[3.433363,5.626067],[3.44147,5.627504],[3.441293,5.631114],[3.459125,5.628393],[3.475164,5.636321],[3.486326,5.62819],[3.497318,5.630708],[3.499666,5.637925],[3.517863,5.641157],[3.537842,5.622189],[3.550637,5.627952],[3.556214,5.619826]]]}},
{"type":"Feature","properties":{},"geometry":{"type":"Polygon","coordinates":[[[3.59504,5.581167],[3.587647,5.573415],[3.57162,5.577582],[3.573609,5.58534],[3.584781,5.590021],[3.59504,5.581167]]]}},
{"type":"Feature","properties":{},"geometry":{"type":"Polygon","coordinates":[[[3.578298,5.591111],[3.555961,5.590229],[3.557952,5.600334],[3.577222,5.596525],[3.578298,5.591111]]]}},
{"type":"Feature","properties":{},"geometry":{"type":"Polygon","coordinates":[[[3.611084,5.594145],[3.612694,5.583315],[3.599368,5.586216],[3.594512,5.593801],[3.611084,5.594145]]]}},
{"type":"Feature","properties":{},"geometry":{"type":"Polygon","coordinates":[[[3.665015,5.577844],[3.661758,5.565215],[3.65455,5.562336],[3.645193,5.570648],[3.616016,5.572844],[3.6144,5.577899],[3.625038,5.588355],[3.642876,5.592667],[3.64917,5.583276],[3.665015,5.577844]]]}},
{"type":"Feature","properties":{},"geometry":{"type":"Polygon","coordinates":[[[3.568313,5.604384],[3.579854,5.616104],[3.605804,5.626183],[3.635332,5.613159],[3.661635,5.616197],[3.681799,5.606789],[3.674949,5.601925],[3.641982,5.598714],[3.626497,5.605047],[3.613705,5.602173],[3.585789,5.606894],[3.568313,5.604384]]]}},
{"type":"Feature","properties":{},"geometry":{"type":"Polygon","coordinates":[[[3.567962,5.61395],[3.561121,5.617385],[3.552309,5.633636],[3.559713,5.652939],[3.566914,5.647698],[3.573926,5.633254],[3.571235,5.644266],[3.574664,5.651481],[3.56585,5.665025],[3.574508,5.676025],[3.584414,5.673308],[3.592148,5.660847],[3.60764,5.66029],[3.618276,5.666595],[3.611809,5.683927],[3.617222,5.691861],[3.624698,5.691493],[3.654445,5.709326],[3.681104,5.705505],[3.695342,5.709458],[3.699655,5.70043],[3.6946,5.691594],[3.667205,5.682421],[3.663067,5.687479],[3.653695,5.68352],[3.644305,5.66368],[3.647363,5.659887],[3.661959,5.663298],[3.671699,5.673393],[3.679983,5.671037],[3.682648,5.639633],[3.677054,5.630797],[3.66768,5.625033],[3.660115,5.625763],[3.655441,5.63407],[3.662117,5.644349],[3.646806,5.64527],[3.643017,5.639138],[3.64931,5.628303],[3.641374,5.61983],[3.633989,5.619837],[3.613467,5.633213],[3.59022,5.624756],[3.583735,5.624943],[3.578878,5.631264],[3.576525,5.620438],[3.567962,5.61395]]]}},
{"type":"Feature","properties":{},"geometry":{"type":"Polygon","coordinates":[[[3.536336,5.649983],[3.523643,5.657845],[3.524729,5.663258],[3.537164,5.668119],[3.545263,5.65972],[3.543093,5.651601],[3.536336,5.649983]]]}},
{"type":"Feature","properties":{},"geometry":{"type":"Polygon","coordinates":[[[3.506643,5.685743],[3.494749,5.682234],[3.486654,5.696047],[3.501526,5.706051],[3.509624,5.695757],[3.506643,5.685743]]]}},
{"type":"Feature","properties":{},"geometry":{"type":"Polygon","coordinates":[[[3.545541,5.668382],[3.523673,5.690872],[3.52584,5.697096],[3.522335,5.705491],[3.510445,5.707397],[3.503155,5.714712],[3.505862,5.719583],[3.498032,5.729064],[3.500206,5.741515],[3.511839,5.755581],[3.531838,5.753396],[3.534251,5.732821],[3.542885,5.717383],[3.551528,5.712502],[3.551522,5.705734],[3.545303,5.702762],[3.543946,5.696266],[3.557986,5.683259],[3.562562,5.665118],[3.545541,5.668382]]]}},
{"type":"Feature","properties":{},"geometry":{"type":"Polygon","coordinates":[[[3.490329,5.78073],[3.476467,5.795901],[3.499178,5.803462],[3.5035,5.799307],[3.502408,5.787578],[3.497716,5.77928],[3.490329,5.78073]]]}},
{"type":"Feature","properties":{},"geometry":{"type":"Polygon","coordinates":[[[3.646698,5.710266],[3.643542,5.706587],[3.633276,5.710117],[3.62493,5.73882],[3.607915,5.749937],[3.607388,5.76239],[3.582007,5.786509],[3.582289,5.797878],[3.598776,5.79786],[3.615239,5.775104],[3.625235,5.770492],[3.628457,5.75181],[3.638183,5.74801],[3.646698,5.710266]]]}},
{"type":"Feature","properties":{},"geometry":{"type":"Polygon","coordinates":[[[3.635783,5.777789],[3.615523,5.787015],[3.612558,5.794868],[3.631487,5.802969],[3.64527,5.801059],[3.635783,5.777789]]]}},
{"type":"Feature","properties":{},"geometry":{"type":"Polygon","coordinates":[[[3.65277,5.741767],[3.644404,5.752875],[3.647385,5.759369],[3.661433,5.75502],[3.661424,5.746358],[3.65277,5.741767]]]}},
{"type":"Feature","properties":{},"geometry":{"type":"Polygon","coordinates":[[[3.81305,5.75469],[3.807363,5.746035],[3.785479,5.750938],[3.771388,5.722806],[3.772727,5.714142],[3.78492,5.737676],[3.798166,5.740363],[3.796507,5.713026],[3.777853,5.70791],[3.797844,5.703279],[3.771621,5.695195],[3.77513,5.691943],[3.789994,5.693275],[3.788083,5.679472],[3.792648,5.658081],[3.786159,5.655113],[3.778865,5.656206],[3.767811,5.674898],[3.74891,5.686562],[3.742172,5.700106],[3.753527,5.703881],[3.765952,5.700075],[3.764875,5.702784],[3.746506,5.70795],[3.732475,5.724751],[3.723557,5.725304],[3.713008,5.717468],[3.676251,5.714805],[3.66842,5.720228],[3.659231,5.719968],[3.652484,5.728368],[3.655734,5.734589],[3.669512,5.729701],[3.662763,5.736205],[3.66412,5.741076],[3.66953,5.745401],[3.678714,5.74133],[3.679539,5.752699],[3.705205,5.745901],[3.707105,5.752395],[3.715756,5.75455],[3.723852,5.745064],[3.742234,5.74856],[3.756015,5.746377],[3.761429,5.753678],[3.757667,5.769925],[3.749839,5.776973],[3.739836,5.77455],[3.736057,5.778885],[3.743647,5.79593],[3.762022,5.792657],[3.81305,5.75469]]]}},
{"type":"Feature","properties":{},"geometry":{"type":"Polygon","coordinates":[[[3.740283,5.702544],[3.720292,5.707714],[3.721114,5.716916],[3.725982,5.719346],[3.734894,5.715003],[3.740283,5.702544]]]}},
{"type":"Feature","properties":{},"geometry":{"type":"Polygon","coordinates":[[[3.708106,5.687156],[3.70325,5.693658],[3.705421,5.700965],[3.711909,5.702852],[3.714867,5.690937],[3.708106,5.687156]]]}},
{"type":"Feature","properties":{},"geometry":{"type":"Polygon","coordinates":[[[3.695083,5.644131],[3.687521,5.647388],[3.686183,5.658488],[3.69026,5.678244],[3.695126,5.679862],[3.70484,5.667941],[3.695083,5.644131]]]}},
{"type":"Feature","properties":{},"geometry":{"type":"Polygon","coordinates":[[[3.798771,5.5904],[3.782305,5.601792],[3.791775,5.611794],[3.773148,5.624001],[3.759369,5.625102],[3.743959,5.618895],[3.742058,5.610506],[3.76068,5.594241],[3.76094,5.586661],[3.74499,5.579102],[3.735265,5.580196],[3.73258,5.593735],[3.719359,5.60864],[3.739371,5.622961],[3.720722,5.618654],[3.718302,5.627861],[3.708587,5.63843],[3.709137,5.646009],[3.716172,5.654121],[3.712961,5.67957],[3.726757,5.690921],[3.744033,5.676553],[3.760508,5.669494],[3.763197,5.659475],[3.795306,5.625865],[3.802559,5.594726],[3.798771,5.5904]]]}},
{"type":"Feature","properties":{},"geometry":{"type":"Polygon","coordinates":[[[3.713668,5.595112],[3.689901,5.602991],[3.69937,5.613537],[3.699928,5.628425],[3.708297,5.622188],[3.708823,5.609736],[3.716645,5.598628],[3.713668,5.595112]]]}},
{"type":"Feature","properties":{},"geometry":{"type":"Polygon","coordinates":[[[3.729856,5.575601],[3.699598,5.577534],[3.681504,5.584863],[3.680431,5.591903],[3.697725,5.592966],[3.719599,5.584277],[3.729856,5.575601]]]}},
{"type":"Feature","properties":{},"geometry":{"type":"Polygon","coordinates":[[[3.86972,5.699386],[3.838119,5.70999],[3.81756,5.695402],[3.827259,5.674545],[3.816131,5.639912],[3.819894,5.625561],[3.813401,5.619885],[3.807191,5.623142],[3.791821,5.645901],[3.799677,5.660237],[3.795934,5.689477],[3.801085,5.701651],[3.816513,5.718954],[3.804909,5.730609],[3.808433,5.738184],[3.821683,5.744121],[3.837625,5.741932],[3.866229,5.714008],[3.86972,5.699386]]]}},
{"type":"Feature","properties":{},"geometry":{"type":"Polygon","coordinates":[[[3.887535,5.686096],[3.875897,5.673932],[3.859161,5.685867],[3.861331,5.691278],[3.871326,5.689098],[3.876469,5.695045],[3.887535,5.686096]]]}},
{"type":"Feature","properties":{},"geometry":{"type":"Polygon","coordinates":[[[3.935236,5.60671],[3.928479,5.605367],[3.897158,5.617868],[3.873648,5.615467],[3.866415,5.657976],[3.878845,5.658228],[3.891294,5.670661],[3.892624,5.656854],[3.915299,5.643013],[3.910949,5.625697],[3.927693,5.620526],[3.928224,5.614841],[3.934978,5.61456],[3.935236,5.60671]]]}},
{"type":"Feature","properties":{},"geometry":{"type":"Polygon","coordinates":[[[3.943675,5.64581],[3.935292,5.641492],[3.92747,5.650708],[3.917473,5.650453],[3.912081,5.658583],[3.93885,5.669908],[3.945318,5.659612],[3.943675,5.64581]]]}},
{"type":"Feature","properties":{},"geometry":{"type":"Polygon","coordinates":[[[3.961508,5.646052],[3.953399,5.6439],[3.948554,5.655276],[3.960713,5.655527],[3.961508,5.646052]]]}},
{"type":"Feature","properties":{},"geometry":{"type":"Polygon","coordinates":[[[3.779215,5.423703],[3.748277,5.435313],[3.740365,5.444346],[3.739664,5.460228],[3.754614,5.462916],[3.708167,5.475606],[3.699158,5.471826],[3.691964,5.479956],[3.692153,5.486994],[3.697016,5.487529],[3.690179,5.493312],[3.690011,5.503779],[3.696859,5.507381],[3.720629,5.505367],[3.725678,5.510594],[3.728765,5.530802],[3.743867,5.509489],[3.803448,5.485861],[3.806859,5.477736],[3.800907,5.471428],[3.813877,5.473757],[3.817826,5.464909],[3.81782,5.460036],[3.811873,5.457157],[3.814192,5.440551],[3.808602,5.434784],[3.785741,5.441672],[3.779215,5.423703]]]}},
{"type":"Feature","properties":{},"geometry":{"type":"Polygon","coordinates":[[[3.881326,5.275946],[3.879293,5.270264],[3.859847,5.267855],[3.827866,5.281705],[3.814492,5.276443],[3.801945,5.283768],[3.80317,5.291887],[3.810469,5.297563],[3.802382,5.308942],[3.823053,5.317442],[3.831145,5.310123],[3.859497,5.307647],[3.874465,5.293821],[3.881326,5.275946]]]}},
{"type":"Feature","properties":{},"geometry":{"type":"Polygon","coordinates":[[[3.763334,5.176824],[3.751987,5.171153],[3.731748,5.181328],[3.717563,5.172411],[3.706223,5.172018],[3.701771,5.174866],[3.70178,5.182987],[3.715971,5.197182],[3.690454,5.196804],[3.681954,5.202092],[3.690074,5.21995],[3.716406,5.223575],[3.733408,5.21584],[3.741489,5.198776],[3.762139,5.19388],[3.763334,5.176824]]]}},
{"type":"Feature","properties":{},"geometry":{"type":"Polygon","coordinates":[[[3.800927,5.119525],[3.781091,5.125641],[3.765281,5.112261],[3.735323,5.120416],[3.732497,5.127728],[3.759638,5.1346],[3.746683,5.138269],[3.741022,5.145179],[3.752371,5.153287],[3.764521,5.153678],[3.766963,5.163421],[3.772231,5.166663],[3.777896,5.16219],[3.781119,5.148786],[3.802976,5.139013],[3.806196,5.123579],[3.800927,5.119525]]]}},
{"type":"Feature","properties":{},"geometry":{"type":"Polygon","coordinates":[[[3.752449,5.046496],[3.743134,5.045288],[3.692939,5.05915],[3.592108,5.058843],[3.584418,5.062506],[3.580784,5.073878],[3.584432,5.077936],[3.603869,5.077917],[3.609949,5.083596],[3.639913,5.08032],[3.651258,5.087211],[3.662591,5.081108],[3.679198,5.085558],[3.711594,5.085118],[3.717677,5.092825],[3.699859,5.093251],[3.688931,5.098135],[3.705959,5.11639],[3.714463,5.11638],[3.723766,5.106218],[3.739148,5.100515],[3.741152,5.082647],[3.75571,5.065576],[3.752449,5.046496]]]}},
{"type":"Feature","properties":{},"geometry":{"type":"Polygon","coordinates":[[[3.671534,4.91624],[3.670308,4.904466],[3.661399,4.902038],[3.659381,4.908537],[3.647644,4.91261],[3.645222,4.919109],[3.635506,4.919524],[3.63025,4.92765],[3.622156,4.930906],[3.61122,4.925637],[3.584093,4.924444],[3.578833,4.928104],[3.607591,4.942289],[3.582497,4.951246],[3.58372,4.960178],[3.627441,4.954453],[3.650913,4.942655],[3.671534,4.91624]]]}},
{"type":"Feature","properties":{},"geometry":{"type":"Polygon","coordinates":[[[3.579702,4.839174],[3.556486,4.831613],[3.550555,4.838657],[3.5619,4.851642],[3.575662,4.849735],[3.579702,4.839174]]]}},
{"type":"Feature","properties":{},"geometry":{"type":"Polygon","coordinates":[[[3.663857,4.793482],[3.664112,4.778593],[3.659521,4.774266],[3.66167,4.763977],[3.634686,4.764545],[3.643314,4.756957],[3.640071,4.750734],[3.629546,4.74966],[3.627923,4.745601],[3.634664,4.73991],[3.639252,4.740989],[3.634119,4.734497],[3.663798,4.732303],[3.671616,4.724986],[3.678631,4.724709],[3.68563,4.707918],[3.692101,4.702769],[3.687772,4.691132],[3.673741,4.690334],[3.664035,4.697652],[3.659174,4.692784],[3.647842,4.692795],[3.634089,4.70147],[3.633286,4.708509],[3.659459,4.709026],[3.66243,4.712542],[3.608208,4.725586],[3.587715,4.742118],[3.574494,4.742941],[3.567484,4.749714],[3.572079,4.759998],[3.58368,4.75674],[3.590433,4.765396],[3.600954,4.761867],[3.621738,4.769429],[3.603668,4.780273],[3.607724,4.789745],[3.623375,4.788648],[3.625807,4.792436],[3.64118,4.782676],[3.663857,4.793482]]]}},
{"type":"Feature","properties":{},"geometry":{"type":"Polygon","coordinates":[[[3.630019,4.675215],[3.61545,4.67604],[3.611679,4.684165],[3.629762,4.690646],[3.635961,4.68306],[3.630019,4.675215]]]}},
{"type":"Feature","properties":{},"geometry":{"type":"Polygon","coordinates":[[[3.701786,4.674606],[3.699348,4.664862],[3.683695,4.659734],[3.679641,4.652158],[3.673164,4.650269],[3.671812,4.647022],[3.68746,4.647008],[3.681513,4.635373],[3.652107,4.636754],[3.634026,4.631086],[3.627013,4.633258],[3.620278,4.644092],[3.635937,4.655448],[3.629467,4.661409],[3.631092,4.668988],[3.640538,4.671957],[3.664815,4.66652],[3.66536,4.672204],[3.674537,4.676256],[3.681277,4.670294],[3.689376,4.675971],[3.701786,4.674606]]]}},
{"type":"Feature","properties":{},"geometry":{"type":"Polygon","coordinates":[[[3.795876,4.48965],[3.788869,4.49453],[3.778884,4.48994],[3.758929,4.494833],[3.761095,4.502952],[3.779713,4.508888],[3.782412,4.51078],[3.779179,4.513761],[3.739793,4.50947],[3.71606,4.513556],[3.71202,4.520327],[3.736854,4.537356],[3.754113,4.532466],[3.768691,4.543821],[3.777051,4.542187],[3.777038,4.530006],[3.794044,4.541085],[3.800248,4.540537],[3.799695,4.528898],[3.823435,4.530495],[3.829082,4.51533],[3.809918,4.504253],[3.805318,4.490993],[3.795876,4.48965]]]}},
{"type":"Feature","properties":{},"geometry":{"type":"Polygon","coordinates":[[[3.86943,4.362609],[3.854593,4.358296],[3.825209,4.368074],[3.810387,4.377565],[3.805276,4.390022],[3.829287,4.397034],[3.828487,4.405427],[3.841436,4.408932],[3.85059,4.395656],[3.836825,4.385927],[3.837091,4.381867],[3.854618,4.379951],[3.855955,4.369934],[3.870514,4.366669],[3.86943,4.362609]]]}},
{"type":"Feature","properties":{},"geometry":{"type":"Polygon","coordinates":[[[3.911169,4.31167],[3.902539,4.310598],[3.896076,4.318455],[3.879366,4.326054],[3.877757,4.333365],[3.889364,4.343367],[3.883705,4.347163],[3.884252,4.353118],[3.89019,4.357443],[3.917685,4.348205],[3.914168,4.338736],[3.902293,4.3309],[3.909297,4.324936],[3.911169,4.31167]]]}},
{"type":"Feature","properties":{},"geometry":{"type":"Polygon","coordinates":[[[4.019106,5.575458],[4.006379,5.598013],[3.975399,5.611465],[3.974197,5.619384],[3.985149,5.625455],[4.020407,5.624786],[4.022238,5.629046],[4.036225,5.632067],[4.02469,5.640613],[4.028956,5.646696],[4.039904,5.649721],[4.031416,5.662526],[4.036897,5.667998],[4.051487,5.667361],[4.05634,5.661871],[4.05445,5.625333],[4.047136,5.614385],[4.048307,5.589414],[4.037972,5.588824],[4.03431,5.580304],[4.019106,5.575458]]]}},
{"type":"Feature","properties":{},"geometry":{"type":"Polygon","coordinates":[[[4.05098,5.722782],[4.035157,5.714895],[4.041841,5.712446],[4.040602,5.69966],[4.036952,5.698448],[3.995026,5.713137],[3.996265,5.726534],[4.018172,5.736849],[4.028494,5.728914],[4.042489,5.734369],[4.047348,5.731924],[4.05098,5.722782]]]}},
{"type":"Feature","properties":{},"geometry":{"type":"Polygon","coordinates":[[[3.841875,5.76028],[3.837622,5.762722],[3.837638,5.774294],[3.862605,5.797399],[3.870515,5.799824],[3.873548,5.794947],[3.871087,5.776679],[3.841875,5.76028]]]}},
{"type":"Feature","properties":{},"geometry":{"type":"Polygon","coordinates":[[[4.128858,5.750648],[4.117291,5.743363],[4.11239,5.724494],[4.098399,5.720258],[4.093539,5.722703],[4.092342,5.73245],[4.077114,5.717862],[4.060098,5.722156],[4.060109,5.727637],[4.071669,5.731879],[4.070473,5.742843],[4.101496,5.750093],[4.091782,5.75742],[4.103959,5.765922],[4.128892,5.768309],[4.133749,5.764036],[4.128858,5.750648]]]}},
{"type":"Feature","properties":{},"geometry":{"type":"Polygon","coordinates":[[[4.142946,5.802384],[4.143543,5.796902],[4.117966,5.777465],[4.105219,5.789062],[4.122252,5.792681],[4.125313,5.803028],[4.133212,5.799968],[4.142946,5.802384]]]}},
{"type":"Feature","properties":{},"geometry":{"type":"Polygon","coordinates":[[[4.045104,5.834242],[4.048134,5.828755],[4.043252,5.81963],[4.015286,5.823335],[4.034769,5.836089],[4.045104,5.834242]]]}},
{"type":"Feature","properties":{},"geometry":{"type":"Polygon","coordinates":[[[4.109561,5.832292],[4.103463,5.823778],[4.09069,5.822585],[4.06215,5.844563],[4.021421,5.853165],[4.030529,5.845232],[4.029867,5.837011],[4.016542,5.845257],[3.988574,5.849569],[3.979467,5.858112],[3.977658,5.866642],[4.036655,5.869581],[4.048809,5.864685],[4.048188,5.857379],[4.068255,5.856732],[4.072496,5.848198],[4.091339,5.84329],[4.109561,5.832292]]]}},
{"type":"Feature","properties":{},"geometry":{"type":"Polygon","coordinates":[[[4.154168,5.838698],[4.142407,5.836692],[4.131073,5.845241],[4.094605,5.855463],[4.092992,5.859527],[4.107202,5.869649],[4.140036,5.86674],[4.129923,5.878128],[4.142504,5.884193],[4.157886,5.871982],[4.155022,5.859808],[4.160678,5.850053],[4.154168,5.838698]]]}},
{"type":"Feature","properties":{},"geometry":{"type":"Polygon","coordinates":[[[4.118166,5.878558],[4.02248,5.87793],[4.011949,5.884039],[3.99776,5.885282],[3.99331,5.890568],[4.000207,5.893398],[4.02858,5.887663],[4.050891,5.893711],[4.054123,5.887614],[4.062227,5.884757],[4.078859,5.889192],[4.086151,5.886336],[4.091028,5.89201],[4.100755,5.889962],[4.107658,5.895226],[4.121437,5.892355],[4.118166,5.878558]]]}},
{"type":"Feature","properties":{},"geometry":{"type":"Polygon","coordinates":[[[4.093103,5.916367],[4.07202,5.917219],[4.044841,5.910775],[4.013231,5.920172],[3.998635,5.920604],[3.980377,5.914547],[3.972272,5.916997],[3.984467,5.934434],[4.005152,5.937238],[4.018527,5.93356],[4.029079,5.938413],[4.038803,5.934335],[4.047321,5.935943],[4.06393,5.92779],[4.074481,5.93183],[4.088671,5.930585],[4.097196,5.935846],[4.109348,5.929732],[4.109339,5.925266],[4.093103,5.916367]]]}},
{"type":"Feature","properties":{},"geometry":{"type":"Polygon","coordinates":[[[4.173707,5.877024],[4.163969,5.872985],[4.159929,5.879895],[4.131979,5.892131],[4.101611,5.912899],[4.112977,5.919777],[4.115035,5.934795],[4.123959,5.936806],[4.134493,5.932319],[4.141001,5.94205],[4.147084,5.942443],[4.145467,5.944883],[4.130468,5.946943],[4.112617,5.942514],[4.084655,5.95069],[4.05627,5.950338],[4.049795,5.957253],[4.068049,5.960466],[4.126017,5.951418],[4.155639,5.961914],[4.162839,5.914804],[4.171719,5.895298],[4.173707,5.877024]]]}},
{"type":"Feature","properties":{},"geometry":{"type":"Polygon","coordinates":[[[4.145896,5.965791],[4.128067,5.972593],[4.110217,5.96857],[4.06778,5.971902],[4.054008,5.980048],[4.07349,5.988402],[4.089962,5.978896],[4.12567,5.990191],[4.135936,5.986381],[4.140268,5.98962],[4.15378,5.987427],[4.158364,5.981463],[4.156171,5.967393],[4.145896,5.965791]]]}},
{"type":"Feature","properties":{},"geometry":{"type":"Polygon","coordinates":[[[3.997546,5.977718],[3.992672,5.973756],[3.956808,5.974904],[3.931193,5.962135],[3.923823,5.973696],[3.934848,5.991542],[3.917554,5.997527],[3.917561,6.001497],[3.925323,6.00816],[3.938464,5.998574],[3.966054,6.005384],[3.979202,6.000127],[3.997957,6.005326],[4.002627,5.996475],[3.997546,5.977718]]]}},
{"type":"Feature","properties":{},"geometry":{"type":"Polygon","coordinates":[[[4.148811,6.002459],[4.13556,6.000591],[4.107185,6.006605],[4.07095,6.002887],[4.019351,6.024369],[4.01449,6.027626],[4.014772,6.033851],[4.025605,6.043304],[4.031545,6.038692],[4.054258,6.03973],[4.067495,6.03375],[4.077506,6.037249],[4.086421,6.033713],[4.102646,6.035035],[4.109147,6.040704],[4.126437,6.034443],[4.147272,6.041978],[4.151581,6.034121],[4.144776,6.012211],[4.148811,6.002459]]]}},
{"type":"Feature","properties":{},"geometry":{"type":"Polygon","coordinates":[[[4.147285,6.04861],[4.119444,6.052186],[4.105101,6.04545],[4.073219,6.057152],[4.083247,6.06877],[4.107301,6.06385],[4.115431,6.072765],[4.125693,6.066788],[4.147057,6.068368],[4.147285,6.04861]]]}},
{"type":"Feature","properties":{},"geometry":{"type":"Polygon","coordinates":[[[4.154121,6.084323],[4.150048,6.076211],[4.145721,6.075679],[4.116795,6.078717],[4.097077,6.088501],[4.102766,6.093903],[4.103059,6.105],[4.115779,6.110386],[4.122523,6.102522],[4.12983,6.105484],[4.13685,6.100598],[4.149558,6.10003],[4.154121,6.084323]]]}},
{"type":"Feature","properties":{},"geometry":{"type":"Polygon","coordinates":[[[4.088698,6.090413],[4.081929,6.086096],[4.075983,6.08719],[4.080323,6.09449],[4.088698,6.090413]]]}},
{"type":"Feature","properties":{},"geometry":{"type":"Polygon","coordinates":[[[4.06978,6.095593],[4.075185,6.093958],[4.070045,6.092615],[4.06978,6.095593]]]}},
{"type":"Feature","properties":{},"geometry":{"type":"Polygon","coordinates":[[[3.980343,6.132575],[3.948141,6.120994],[3.940869,6.137788],[3.960094,6.151559],[3.971995,6.15235],[3.981983,6.142316],[3.980343,6.132575]]]}},
{"type":"Feature","properties":{},"geometry":{"type":"Polygon","coordinates":[[[4.152285,6.110851],[4.127697,6.120105],[4.102272,6.117182],[4.084708,6.123171],[4.057129,6.12512],[4.026597,6.138444],[4.022553,6.144947],[4.028786,6.151973],[4.042303,6.14924],[4.047726,6.156807],[4.054748,6.151921],[4.06098,6.158134],[4.065296,6.152442],[4.078268,6.148356],[4.090441,6.150226],[4.09124,6.144],[4.105318,6.151549],[4.122616,6.147452],[4.12776,6.150148],[4.125569,6.137161],[4.108262,6.136927],[4.101763,6.13261],[4.080129,6.132383],[4.059865,6.141626],[4.042552,6.138142],[4.078771,6.129408],[4.127726,6.134179],[4.142048,6.129007],[4.153652,6.118156],[4.152285,6.110851]]]}},
{"type":"Feature","properties":{},"geometry":{"type":"Polygon","coordinates":[[[3.674476,6.423162],[3.668365,6.406116],[3.658621,6.403692],[3.651909,6.39213],[3.641558,6.390924],[3.62754,6.37876],[3.608058,6.378174],[3.599542,6.384275],[3.60203,6.429952],[3.6325,6.451233],[3.650775,6.45791],[3.66173,6.453631],[3.673884,6.435953],[3.674476,6.423162]]]}},
{"type":"Feature","properties":{},"geometry":{"type":"Polygon","coordinates":[[[3.623242,6.348312],[3.626861,6.320291],[3.607977,6.30935],[3.593945,6.281349],[3.555587,6.271647],[3.554358,6.260684],[3.548878,6.258863],[3.530009,6.258882],[3.522711,6.264981],[3.522724,6.277771],[3.534909,6.289331],[3.534307,6.295422],[3.52457,6.297869],[3.524584,6.312487],[3.534944,6.323438],[3.544077,6.324648],[3.541042,6.333178],[3.547749,6.343525],[3.572114,6.356289],[3.586109,6.350184],[3.604986,6.354424],[3.623242,6.348312]]]}},
{"type":"Feature","properties":{},"geometry":{"type":"Polygon","coordinates":[[[3.501404,6.261956],[3.485587,6.271107],[3.486207,6.283287],[3.497174,6.294241],[3.505084,6.290579],[3.510552,6.280219],[3.510543,6.271083],[3.501404,6.261956]]]}},
{"type":"Feature","properties":{},"geometry":{"type":"Polygon","coordinates":[[[3.493454,6.221764],[3.477025,6.227261],[3.478862,6.239441],[3.491652,6.247956],[3.500773,6.238812],[3.500767,6.231503],[3.493454,6.221764]]]}},
{"type":"Feature","properties":{},"geometry":{"type":"Polygon","coordinates":[[[3.463649,6.243109],[3.450873,6.249211],[3.448444,6.256523],[3.453329,6.27479],[3.462458,6.272955],[3.47158,6.263201],[3.472177,6.25041],[3.463649,6.243109]]]}},
{"type":"Feature","properties":{},"geometry":{"type":"Polygon","coordinates":[[[3.290171,6.228615],[3.281651,6.231665],[3.272531,6.249942],[3.279234,6.263948],[3.291406,6.260896],[3.299922,6.250537],[3.299305,6.236528],[3.290171,6.228615]]]}},
{"type":"Feature","properties":{},"geometry":{"type":"Polygon","coordinates":[[[3.71878,6.096954],[3.687737,6.087858],[3.683485,6.093954],[3.687162,6.114048],[3.698729,6.118907],[3.712724,6.118279],[3.720009,6.105479],[3.71878,6.096954]]]}},
{"type":"Feature","properties":{},"geometry":{"type":"Polygon","coordinates":[[[3.612859,6.055059],[3.604949,6.055676],[3.600089,6.061773],[3.601312,6.067862],[3.615917,6.069673],[3.62078,6.065404],[3.612859,6.055059]]]}},
{"type":"Feature","properties":{},"geometry":{"type":"Polygon","coordinates":[[[3.598282,6.078219],[3.592799,6.072135],[3.57516,6.077636],[3.578824,6.090423],[3.587951,6.090413],[3.596477,6.097103],[3.611075,6.092214],[3.608627,6.079426],[3.598282,6.078219]]]}},
{"type":"Feature","properties":{},"geometry":{"type":"Polygon","coordinates":[[[3.7617,5.893776],[3.730707,5.915134],[3.728889,5.920008],[3.739838,5.919994],[3.739842,5.923648],[3.727687,5.930973],[3.718592,5.95413],[3.728328,5.955944],[3.744726,5.936432],[3.754451,5.930938],[3.757472,5.915708],[3.767182,5.899859],[3.7617,5.893776]]]}},
{"type":"Feature","properties":{},"geometry":{"type":"Polygon","coordinates":[[[3.519519,6.504492],[3.494865,6.513653],[3.493051,6.527359],[3.482994,6.518232],[3.482988,6.511837],[3.472933,6.504537],[3.458309,6.494502],[3.447347,6.494512],[3.438219,6.500915],[3.437315,6.511879],[3.424527,6.512803],[3.424535,6.522853],[3.413585,6.536566],[3.41999,6.549352],[3.404452,6.540228],[3.397145,6.541147],[3.394394,6.528359],[3.38708,6.520143],[3.357834,6.500064],[3.352347,6.490931],[3.342304,6.498247],[3.339568,6.505558],[3.330431,6.500996],[3.324952,6.504655],[3.336839,6.522919],[3.327709,6.530234],[3.337767,6.543931],[3.334119,6.55307],[3.345093,6.569508],[3.341448,6.583215],[3.354255,6.60696],[3.354263,6.61701],[3.381694,6.644399],[3.414606,6.666299],[3.420105,6.686393],[3.402753,6.698284],[3.396368,6.711994],[3.392732,6.736665],[3.415596,6.755832],[3.444852,6.767683],[3.467699,6.765834],[3.479572,6.7576],[3.485977,6.765816],[3.503349,6.772194],[3.523475,6.790445],[3.569178,6.794047],[3.586519,6.773928],[3.605711,6.773903],[3.620325,6.766577],[3.613901,6.745572],[3.64315,6.74919],[3.647711,6.742789],[3.655934,6.741864],[3.659571,6.728155],[3.670517,6.713523],[3.671416,6.702559],[3.665921,6.69343],[3.657695,6.691614],[3.625681,6.66699],[3.596434,6.66063],[3.59186,6.656069],[3.56628,6.659753],[3.569014,6.653355],[3.576322,6.651519],[3.589098,6.638714],[3.60189,6.638698],[3.602787,6.624993],[3.589963,6.597601],[3.579002,6.599441],[3.576268,6.604926],[3.578056,6.571121],[3.571649,6.561079],[3.551546,6.556533],[3.552467,6.562927],[3.545161,6.565676],[3.535104,6.557464],[3.52412,6.537377],[3.529578,6.515444],[3.519519,6.504492]]]}},
{"type":"Feature","properties":{},"geometry":{"type":"Polygon","coordinates":[[[4.167438,6.10853],[4.176023,6.139365],[4.17324,6.164949],[4.167986,6.173892],[4.162716,6.175528],[4.161085,6.171471],[4.165528,6.162936],[4.165883,6.139388],[4.165853,6.125585],[4.161788,6.121533],[4.134648,6.139048],[4.135073,6.147979],[4.150095,6.154037],[4.151334,6.16459],[4.116067,6.176032],[4.115264,6.180094],[4.126226,6.184537],[4.096235,6.197999],[4.110846,6.201622],[4.11167,6.207304],[4.123447,6.213368],[4.09386,6.226829],[4.091437,6.232112],[4.104013,6.23168],[4.11092,6.236537],[4.119436,6.234894],[4.12226,6.22758],[4.12471,6.234883],[4.143374,6.235249],[4.142977,6.239716],[4.124733,6.245844],[4.121093,6.250724],[4.12475,6.253558],[4.147876,6.253509],[4.159608,6.238462],[4.160441,6.248204],[4.171404,6.251833],[4.183515,6.225011],[4.178623,6.214466],[4.191971,6.196978],[4.180169,6.179954],[4.184925,6.129601],[4.179613,6.11175],[4.167438,6.10853]]]}},
{"type":"Feature","properties":{},"geometry":{"type":"Polygon","coordinates":[[[4.164442,6.035509],[4.158412,6.060287],[4.168164,6.069198],[4.174193,6.044014],[4.172966,6.039145],[4.164442,6.035509]]]}},
{"type":"Feature","properties":{},"geometry":{"type":"Polygon","coordinates":[[[4.17169,5.818949],[4.162792,5.828712],[4.165681,5.853471],[4.169333,5.854682],[4.18189,5.850189],[4.190779,5.83596],[4.18669,5.818917],[4.17169,5.818949]]]}},
{"type":"Feature","properties":{},"geometry":{"type":"Polygon","coordinates":[[[4.18009,5.764123],[4.16793,5.764555],[4.160661,5.777967],[4.178083,5.773871],[4.18009,5.764123]]]}},
{"type":"Feature","properties":{},"geometry":{"type":"Polygon","coordinates":[[[4.105287,5.650188],[4.090703,5.653463],[4.086659,5.658342],[4.084648,5.666872],[4.089932,5.674983],[4.099658,5.674152],[4.113414,5.66154],[4.115019,5.653416],[4.105287,5.650188]]]}},
{"type":"Feature","properties":{},"geometry":{"type":"Polygon","coordinates":[[[4.143683,5.596724],[4.141645,5.590232],[4.133943,5.589029],[4.113283,5.592722],[4.120591,5.600422],[4.140045,5.601197],[4.143683,5.596724]]]}},
{"type":"Feature","properties":{},"geometry":{"type":"Polygon","coordinates":[[[4.162135,5.499859],[4.144707,5.49705],[4.141049,5.491373],[4.121604,5.493033],[4.105813,5.498342],[4.102579,5.502408],[4.10462,5.510524],[4.078692,5.512601],[4.079111,5.520315],[4.089664,5.53004],[4.075097,5.541434],[4.077541,5.548738],[4.087677,5.551156],[4.074327,5.563766],[4.079605,5.569034],[4.152973,5.581076],[4.175645,5.57088],[4.188572,5.55096],[4.188934,5.529442],[4.197015,5.518058],[4.171071,5.511615],[4.162135,5.499859]]]}},
{"type":"Feature","properties":{},"geometry":{"type":"Polygon","coordinates":[[[4.288464,5.366997],[4.281164,5.362749],[4.269025,5.368864],[4.271463,5.372513],[4.28544,5.373702],[4.288464,5.366997]]]}},
{"type":"Feature","properties":{},"geometry":{"type":"Polygon","coordinates":[[[4.233794,5.062923],[4.214937,5.046515],[4.194892,5.044725],[4.168757,5.032593],[4.140202,5.025944],[4.11769,5.001013],[4.106154,5.002252],[4.107404,5.023565],[4.123824,5.036934],[4.118978,5.044251],[4.139665,5.06614],[4.145735,5.064302],[4.146334,5.059429],[4.161514,5.057576],[4.222879,5.071469],[4.228344,5.07085],[4.233794,5.062923]]]}},
{"type":"Feature","properties":{},"geometry":{"type":"Polygon","coordinates":[[[4.087306,4.988885],[4.07518,5.001085],[4.0916,5.015066],[4.094618,5.00349],[4.087306,4.988885]]]}},
{"type":"Feature","properties":{},"geometry":{"type":"Polygon","coordinates":[[[4.072771,5.01327],[4.063681,5.025464],[4.067944,5.032157],[4.080686,5.025437],[4.072771,5.01327]]]}},
{"type":"Feature","properties":{},"geometry":{"type":"Polygon","coordinates":[[[4.041113,4.963381],[4.018016,4.950018],[4.013139,4.937236],[4.002211,4.939079],[3.995548,4.950052],[4.003462,4.96283],[3.998614,4.969536],[4.033235,4.973747],[4.013213,4.985958],[4.013831,4.992657],[4.027804,4.99568],[4.040579,5.010277],[4.062448,5.013895],[4.065458,4.997446],[4.055131,4.995636],[4.04963,4.973111],[4.041113,4.963381]]]}},
{"type":"Feature","properties":{},"geometry":{"type":"Polygon","coordinates":[[[3.961464,4.895974],[3.946908,4.908175],[3.949347,4.914872],[3.959071,4.920948],[3.963929,4.920941],[3.969984,4.908752],[3.961464,4.895974]]]}},
{"type":"Feature","properties":{},"geometry":{"type":"Polygon","coordinates":[[[4.130792,4.848206],[4.116835,4.852492],[4.112603,4.863462],[4.130214,4.865868],[4.139314,4.86159],[4.142951,4.85793],[4.140511,4.851235],[4.130792,4.848206]]]}},
{"type":"Feature","properties":{},"geometry":{"type":"Polygon","coordinates":[[[4.014332,4.787488],[4.00786,4.790339],[4.009893,4.796833],[4.018794,4.794383],[4.014332,4.787488]]]}},
{"type":"Feature","properties":{},"geometry":{"type":"Polygon","coordinates":[[[3.953162,4.748191],[3.946289,4.753478],[3.958044,4.766861],[3.963702,4.760763],[3.953162,4.748191]]]}},
{"type":"Feature","properties":{},"geometry":{"type":"Polygon","coordinates":[[[4.221263,5.996022],[4.26425,5.997345],[4.290578,5.984699],[4.299477,5.975341],[4.340824,5.970775],[4.353373,5.96222],[4.399566,5.950534],[4.406022,5.938339],[4.416965,5.936688],[4.430321,5.927723],[4.465988,5.923975],[4.429455,5.90621],[4.444423,5.893789],[4.434258,5.882044],[4.450432,5.866169],[4.425291,5.862987],[4.423646,5.854061],[4.434568,5.844695],[4.424415,5.837415],[4.438168,5.826012],[4.430842,5.814259],[4.441774,5.809359],[4.437703,5.802469],[4.461206,5.799973],[4.460782,5.792666],[4.470091,5.787772],[4.465211,5.781289],[4.480176,5.769073],[4.495988,5.771061],[4.497627,5.777957],[4.501679,5.77754],[4.504069,5.761703],[4.495945,5.754824],[4.479733,5.75446],[4.463729,5.75653],[4.450786,5.767117],[4.4443,5.766728],[4.430081,5.753369],[4.430418,5.725763],[4.417416,5.712399],[4.405666,5.713645],[4.402794,5.699444],[4.395493,5.69662],[4.42302,5.683969],[4.419325,5.664492],[4.411207,5.659234],[4.397437,5.662515],[4.38086,5.678792],[4.378457,5.690571],[4.382132,5.701929],[4.363103,5.710095],[4.357463,5.72452],[4.358705,5.735478],[4.347776,5.741593],[4.349845,5.75945],[4.340952,5.76962],[4.337699,5.765365],[4.328782,5.765386],[4.315822,5.769881],[4.311424,5.79628],[4.284302,5.812582],[4.266114,5.836777],[4.231655,5.836043],[4.212637,5.852729],[4.191949,5.847089],[4.180627,5.860917],[4.179022,5.868634],[4.185533,5.880393],[4.166997,5.934836],[4.171091,5.953097],[4.163438,5.977472],[4.169548,5.990451],[4.157828,6.009557],[4.161106,6.025384],[4.165983,6.030246],[4.179358,6.026562],[4.19756,6.005208],[4.221263,5.996022]],[[4.431549,5.77285],[4.418615,5.787497],[4.404423,5.785502],[4.405624,5.77941],[4.418171,5.772072],[4.431549,5.77285]],[[4.3996,5.801752],[4.398397,5.807439],[4.378967,5.818041],[4.384605,5.803006],[4.391891,5.798929],[4.3996,5.801752]],[[4.361171,5.83473],[4.355114,5.844487],[4.342554,5.847359],[4.351848,5.834752],[4.361171,5.83473]]]}},
{"type":"Feature","properties":{},"geometry":{"type":"Polygon","coordinates":[[[4.431549,5.77285],[4.418171,5.772072],[4.405624,5.77941],[4.404423,5.785502],[4.418615,5.787497],[4.431549,5.77285]]]}},
{"type":"Feature","properties":{},"geometry":{"type":"Polygon","coordinates":[[[4.3996,5.801752],[4.391891,5.798929],[4.384605,5.803006],[4.378967,5.818041],[4.398397,5.807439],[4.3996,5.801752]]]}},
{"type":"Feature","properties":{},"geometry":{"type":"Polygon","coordinates":[[[4.361171,5.83473],[4.351848,5.834752],[4.342554,5.847359],[4.355114,5.844487],[4.361171,5.83473]]]}},
{"type":"Feature","properties":{},"geometry":{"type":"Polygon","coordinates":[[[4.137237,6.827762],[4.127845,6.806673],[4.116448,6.796144],[4.116026,6.789244],[4.104619,6.773844],[4.095256,6.764121],[4.085503,6.761707],[4.053039,6.773957],[4.016895,6.775658],[4.007168,6.785422],[4.00718,6.791512],[4.021831,6.80488],[4.00479,6.813847],[3.999912,6.812233],[3.992219,6.824022],[3.984503,6.824851],[3.975961,6.819185],[3.961352,6.826116],[3.95768,6.818003],[3.952807,6.818419],[3.944315,6.837923],[3.949209,6.847658],[3.961002,6.854131],[3.965926,6.878481],[3.982188,6.884538],[3.97979,6.903625],[3.987527,6.91254],[4.020037,6.916532],[4.025757,6.931135],[4.038366,6.937604],[4.052992,6.937571],[4.068418,6.931853],[4.076519,6.921279],[4.09073,6.917593],[4.098413,6.902149],[4.104909,6.900104],[4.107734,6.891978],[4.117468,6.885458],[4.137237,6.827762]]]}},
{"type":"Feature","properties":{},"geometry":{"type":"Polygon","coordinates":[[[3.591244,7.037228],[3.588176,7.021397],[3.567428,7.00376],[3.546094,7.005002],[3.548551,7.020835],[3.560144,7.029349],[3.560761,7.036047],[3.577246,7.056126],[3.583338,7.052465],[3.591244,7.037228]]]}},
{"type":"Feature","properties":{},"geometry":{"type":"Polygon","coordinates":[[[3.898569,7.080588],[3.885186,7.095838],[3.894369,7.115309],[3.902897,7.111639],[3.906565,7.116504],[3.913261,7.111009],[3.911396,7.092743],[3.898569,7.080588]]]}},
{"type":"Feature","properties":{},"geometry":{"type":"Polygon","coordinates":[[[3.497539,7.202391],[3.488379,7.190829],[3.482282,7.192053],[3.461537,7.181721],[3.459702,7.176241],[3.470057,7.164658],[3.468826,7.154305],[3.465157,7.143955],[3.455388,7.130567],[3.446847,7.12692],[3.443181,7.118397],[3.427934,7.114757],[3.422452,7.121462],[3.408404,7.094066],[3.39072,7.091645],[3.382786,7.083125],[3.375471,7.08374],[3.36205,7.074614],[3.355958,7.081928],[3.350469,7.079495],[3.344376,7.083764],[3.338915,7.120312],[3.330995,7.130063],[3.335883,7.143459],[3.320635,7.138597],[3.300548,7.192818],[3.30787,7.199513],[3.315189,7.200117],[3.314598,7.227525],[3.320703,7.235439],[3.334123,7.238474],[3.337188,7.25918],[3.352454,7.281095],[3.377476,7.29752],[3.404931,7.303586],[3.4153,7.302359],[3.432977,7.289552],[3.434814,7.29625],[3.451293,7.30537],[3.45191,7.312678],[3.476317,7.319352],[3.49522,7.312632],[3.505564,7.289477],[3.500667,7.273647],[3.495172,7.26878],[3.500652,7.260248],[3.49881,7.249287],[3.506118,7.239534],[3.497539,7.202391]]]}},
{"type":"Feature","properties":{},"geometry":{"type":"Polygon","coordinates":[[[3.851251,7.526775],[3.853947,7.501192],[3.834722,7.499402],[3.830128,7.490276],[3.807254,7.494885],[3.790761,7.485779],[3.779789,7.492195],[3.778893,7.503159],[3.784399,7.510457],[3.799052,7.514997],[3.800892,7.519561],[3.816449,7.517706],[3.832031,7.528639],[3.844849,7.529529],[3.851251,7.526775]]]}},
{"type":"Feature","properties":{},"geometry":{"type":"Polygon","coordinates":[[[3.998588,7.510934],[3.979362,7.509152],[3.970222,7.514653],[3.977589,7.534734],[3.995902,7.537431],[4.00045,7.524633],[3.998588,7.510934]]]}},
{"type":"Feature","properties":{},"geometry":{"type":"Polygon","coordinates":[[[3.809181,7.546952],[3.795493,7.570728],[3.829402,7.589849],[3.835804,7.586183],[3.835786,7.577048],[3.829336,7.555136],[3.809181,7.546952]]]}},
{"type":"Feature","properties":{},"geometry":{"type":"Polygon","coordinates":[[[3.437478,7.523729],[3.431998,7.536525],[3.433845,7.552054],[3.442108,7.575799],[3.449433,7.575791],[3.457663,7.566647],[3.456722,7.541981],[3.446636,7.527374],[3.437478,7.523729]]]}},
{"type":"Feature","properties":{},"geometry":{"type":"Polygon","coordinates":[[[3.902063,7.530785],[3.874605,7.532667],[3.859065,7.543659],[3.85725,7.551884],[3.868283,7.575613],[3.886611,7.584712],[3.886628,7.592933],[3.876572,7.600261],[3.879352,7.616699],[3.9087,7.640389],[3.909651,7.65683],[3.902345,7.665981],[3.905107,7.673283],[3.915203,7.684223],[3.928944,7.686933],[3.929876,7.694239],[3.953721,7.710629],[3.96471,7.710605],[3.984818,7.694117],[4.003145,7.699554],[4.021454,7.697685],[4.03149,7.682132],[4.027805,7.673007],[4.03511,7.664768],[4.043249,7.62273],[4.034917,7.584385],[4.020236,7.569804],[4.0211,7.547879],[3.997297,7.547019],[3.984488,7.549789],[3.979926,7.556195],[3.970762,7.551648],[3.966205,7.560793],[3.962543,7.5608],[3.938717,7.548976],[3.935939,7.534366],[3.924931,7.523428],[3.911203,7.524372],[3.902063,7.530785]]]}},
{"type":"Feature","properties":{},"geometry":{"type":"Polygon","coordinates":[[[3.995838,7.707792],[3.980311,7.725185],[3.983105,7.745275],[3.989533,7.752566],[4.023416,7.751574],[4.021547,7.736049],[4.026114,7.731471],[4.027004,7.720508],[4.014179,7.718712],[4.007747,7.709592],[3.995838,7.707792]]]}},
{"type":"Feature","properties":{},"geometry":{"type":"Polygon","coordinates":[[[3.925428,7.754538],[3.91446,7.764611],[3.916337,7.785617],[3.924589,7.789251],[3.941049,7.77734],[3.936427,7.758168],[3.925428,7.754538]]]}},
{"type":"Feature","properties":{},"geometry":{"type":"Polygon","coordinates":[[[4.016188,7.792696],[4.009801,7.802759],[4.010737,7.810978],[4.022664,7.819171],[4.034546,7.809095],[4.034533,7.803614],[4.02902,7.79632],[4.016188,7.792696]]]}},
{"type":"Feature","properties":{},"geometry":{"type":"Polygon","coordinates":[[[3.797133,7.714603],[3.787992,7.723756],[3.798081,7.731958],[3.804492,7.731946],[3.808136,7.721891],[3.805378,7.716415],[3.797133,7.714603]]]}},
{"type":"Feature","properties":{},"geometry":{"type":"Polygon","coordinates":[[[3.694556,7.710215],[3.688156,7.71662],[3.68817,7.725755],[3.692755,7.729402],[3.687266,7.733065],[3.688194,7.740371],[3.695522,7.741273],[3.708337,7.736685],[3.709232,7.723894],[3.705551,7.713851],[3.694556,7.710215]]]}},
{"type":"Feature","properties":{},"geometry":{"type":"Polygon","coordinates":[[[3.826883,7.940638],[3.817735,7.947963],[3.815917,7.955275],[3.821448,7.971707],[3.835202,7.976248],[3.84709,7.964348],[3.846157,7.956129],[3.836961,7.939705],[3.826883,7.940638]]]}},
{"type":"Feature","properties":{},"geometry":{"type":"Polygon","coordinates":[[[3.275259,7.946849],[3.267937,7.960558],[3.267943,7.969694],[3.290863,7.982468],[3.299111,7.982463],[3.30093,7.96419],[3.296341,7.954144],[3.275259,7.946849]]]}},
{"type":"Feature","properties":{},"geometry":{"type":"Polygon","coordinates":[[[2.753177,7.903016],[2.744009,7.911537],[2.742167,7.926153],[2.747658,7.938338],[2.764148,7.945047],[2.771485,7.934697],[2.769666,7.909116],[2.763557,7.91033],[2.762949,7.905458],[2.753177,7.903016]]]}},
{"type":"Feature","properties":{},"geometry":{"type":"Polygon","coordinates":[[[2.707281,8.018096],[2.709706,8.044897],[2.703586,8.057681],[2.706024,8.06682],[2.712745,8.068652],[2.721308,8.057695],[2.721313,8.049168],[2.715222,8.021757],[2.707281,8.018096]]]}},
{"type":"Feature","properties":{},"geometry":{"type":"Polygon","coordinates":[[[2.715497,8.173256],[2.705706,8.188475],[2.708142,8.201876],[2.722809,8.207977],[2.736877,8.195197],[2.73199,8.19093],[2.734437,8.187277],[2.730167,8.174484],[2.724663,8.177526],[2.715497,8.173256]]]}},
{"type":"Feature","properties":{},"geometry":{"type":"Polygon","coordinates":[[[2.55717,8.185295],[2.556548,8.195039],[2.565708,8.204184],[2.570601,8.201144],[2.569997,8.195053],[2.55717,8.185295]]]}},
{"type":"Feature","properties":{},"geometry":{"type":"Polygon","coordinates":[[[1.925836,8.104489],[1.922119,8.123661],[1.931229,8.144694],[1.938551,8.14928],[1.946834,8.136513],[1.946872,8.121899],[1.939578,8.107266],[1.925836,8.104489]]]}},
{"type":"Feature","properties":{},"geometry":{"type":"Polygon","coordinates":[[[2.151959,8.237476],[2.131796,8.232866],[2.107002,8.249254],[2.102368,8.271167],[2.10692,8.285793],[2.09765,8.329617],[2.102204,8.343329],[2.086589,8.353341],[2.092988,8.362491],[2.113152,8.368931],[2.111303,8.375322],[2.098453,8.378946],[2.062692,8.374296],[1.96913,8.37589],[1.956284,8.377682],[1.949849,8.383145],[1.950744,8.391368],[1.989233,8.405171],[2.030518,8.402534],[2.050672,8.413545],[2.069036,8.406281],[2.101144,8.405442],[2.121352,8.393613],[2.130507,8.401854],[2.132325,8.409166],[2.136906,8.411917],[2.146085,8.409195],[2.151593,8.407381],[2.152564,8.382719],[2.1663,8.393711],[2.1874,8.392841],[2.193842,8.382806],[2.193864,8.371845],[2.174625,8.360843],[2.217744,8.356363],[2.218692,8.340836],[2.209546,8.328028],[2.217824,8.31617],[2.215103,8.300636],[2.204113,8.293305],[2.20506,8.278692],[2.19957,8.272287],[2.191311,8.27501],[2.184898,8.272257],[2.176629,8.279548],[2.150045,8.274924],[2.1473,8.272178],[2.157431,8.251191],[2.151959,8.237476]]]}},
{"type":"Feature","properties":{},"geometry":{"type":"Polygon","coordinates":[[[2.091603,8.166094],[2.064077,8.176079],[2.061307,8.184294],[2.046636,8.185173],[2.025526,8.195171],[2.009892,8.214315],[1.986068,8.208775],[1.966794,8.216947],[1.963098,8.227899],[1.975904,8.239806],[1.964915,8.234297],[1.960321,8.237939],[1.952028,8.253445],[1.958404,8.269904],[1.955605,8.288165],[1.936318,8.299075],[1.933545,8.307288],[1.997718,8.315676],[1.997699,8.322983],[1.978395,8.340289],[2.018747,8.341305],[2.027934,8.334934],[2.060962,8.330446],[2.071063,8.324988],[2.072006,8.31403],[2.080288,8.302173],[2.077571,8.287553],[2.067507,8.277481],[2.046416,8.277432],[2.04368,8.271031],[2.058406,8.248229],[2.074922,8.2437],[2.10065,8.220009],[2.101599,8.205396],[2.093348,8.205377],[2.11263,8.192632],[2.112676,8.171622],[2.104438,8.166124],[2.091603,8.166094]]]}},
{"type":"Feature","properties":{},"geometry":{"type":"Polygon","coordinates":[[[1.903647,8.174764],[1.89079,8.182948],[1.891669,8.196652],[1.883403,8.20211],[1.884276,8.217639],[1.89252,8.220403],[1.886085,8.226778],[1.878737,8.231325],[1.869584,8.22582],[1.861327,8.227623],[1.844792,8.238537],[1.81547,8.232971],[1.809033,8.239346],[1.800671,8.275855],[1.807075,8.280441],[1.779534,8.291319],[1.771233,8.306821],[1.780335,8.32877],[1.778464,8.340637],[1.772036,8.343358],[1.773853,8.348844],[1.79125,8.358031],[1.799518,8.353489],[1.81052,8.354435],[1.821556,8.344421],[1.824291,8.34991],[1.842635,8.349051],[1.848162,8.340846],[1.827115,8.325257],[1.841823,8.313426],[1.856506,8.309815],[1.856525,8.303421],[1.842788,8.296988],[1.843724,8.290597],[1.850143,8.290615],[1.861181,8.278773],[1.86029,8.269637],[1.871301,8.266927],[1.884123,8.272443],[1.893262,8.28343],[1.908855,8.281647],[1.912563,8.267042],[1.932778,8.251568],[1.93555,8.243355],[1.927387,8.21045],[1.918246,8.200378],[1.912805,8.178441],[1.903647,8.174764]]]}},
{"type":"Feature","properties":{},"geometry":{"type":"Polygon","coordinates":[[[1.773357,8.21275],[1.76784,8.218214],[1.771487,8.224619],[1.778822,8.224641],[1.791626,8.234726],[1.784359,8.212784],[1.773357,8.21275]]]}},
{"type":"Feature","properties":{},"geometry":{"type":"Polygon","coordinates":[[[1.758978,8.267051],[1.75469,8.270082],[1.765618,8.293865],[1.769897,8.293877],[1.775454,8.276237],[1.771809,8.268918],[1.765074,8.272551],[1.758978,8.267051]]]}},
{"type":"Feature","properties":{},"geometry":{"type":"Polygon","coordinates":[[[1.710793,8.234628],[1.688752,8.246125],[1.707049,8.258363],[1.697882,8.257724],[1.689902,8.268049],[1.655627,8.28133],[1.65926,8.291694],[1.672696,8.295392],[1.697181,8.285121],[1.703316,8.278444],[1.720426,8.280326],[1.726548,8.277301],[1.744873,8.281621],[1.740642,8.266385],[1.727196,8.265734],[1.735174,8.256016],[1.73522,8.241403],[1.731561,8.238956],[1.71869,8.249875],[1.713195,8.248031],[1.715673,8.237687],[1.710793,8.234628]]]}},
{"type":"Feature","properties":{},"geometry":{"type":"Polygon","coordinates":[[[1.752179,8.290777],[1.723407,8.303474],[1.737456,8.307171],[1.752076,8.323658],[1.737374,8.332745],[1.721488,8.32965],[1.712282,8.340581],[1.746511,8.343125],[1.76242,8.338913],[1.763093,8.319431],[1.752179,8.290777]]]}},
{"type":"Feature","properties":{},"geometry":{"type":"Polygon","coordinates":[[[1.662285,8.300837],[1.632946,8.300129],[1.623762,8.304359],[1.623131,8.309837],[1.633498,8.317179],[1.636519,8.327541],[1.675683,8.316104],[1.662285,8.300837]]]}},
{"type":"Feature","properties":{},"geometry":{"type":"Polygon","coordinates":[[[1.566287,8.308114],[1.550313,8.329975],[1.554539,8.344602],[1.564307,8.348292],[1.588765,8.347163],[1.594282,8.34292],[1.592466,8.338043],[1.587594,8.332546],[1.57904,8.331297],[1.57484,8.309363],[1.566287,8.308114]]]}},
{"type":"Feature","properties":{},"geometry":{"type":"Polygon","coordinates":[[[1.402558,8.36137],[1.400766,8.351014],[1.378832,8.33327],[1.34953,8.324016],[1.341543,8.333723],[1.342095,8.347728],[1.34819,8.352016],[1.367148,8.350268],[1.389695,8.367407],[1.402558,8.36137]]]}},
{"type":"Feature","properties":{},"geometry":{"type":"Polygon","coordinates":[[[1.253807,8.273999],[1.247339,8.280966],[1.242369,8.299206],[1.248438,8.308973],[1.254547,8.309609],[1.244102,8.321739],[1.247713,8.334538],[1.244015,8.341219],[1.250093,8.349159],[1.272757,8.338301],[1.271724,8.295073],[1.263811,8.287733],[1.262642,8.275553],[1.253807,8.273999]]]}},
{"type":"Feature","properties":{},"geometry":{"type":"Polygon","coordinates":[[[1.286803,8.341405],[1.275757,8.351098],[1.278784,8.357807],[1.275095,8.362662],[1.28486,8.366357],[1.295275,8.360922],[1.300756,8.365816],[1.298282,8.372502],[1.309807,8.393252],[1.317736,8.397547],[1.317694,8.407288],[1.323771,8.415837],[1.317001,8.426157],[1.326133,8.435328],[1.341392,8.44148],[1.359126,8.440945],[1.362113,8.457396],[1.383468,8.468444],[1.388921,8.480643],[1.403622,8.474615],[1.393366,8.441088],[1.383626,8.430699],[1.386703,8.425841],[1.380682,8.403291],[1.373975,8.399001],[1.369138,8.386196],[1.355092,8.382484],[1.352696,8.370907],[1.318522,8.356761],[1.31179,8.35856],[1.297199,8.340232],[1.286803,8.341405]]]}},
{"type":"Feature","properties":{},"geometry":{"type":"Polygon","coordinates":[[[1.402093,8.400333],[1.397794,8.405186],[1.402617,8.421644],[1.408729,8.422278],[1.415472,8.418042],[1.415506,8.409519],[1.411259,8.401588],[1.402093,8.400333]]]}},
{"type":"Feature","properties":{},"geometry":{"type":"Polygon","coordinates":[[[1.443036,8.405369],[1.43322,8.413852],[1.434401,8.424207],[1.447799,8.437655],[1.457577,8.438911],[1.461872,8.435275],[1.458867,8.421869],[1.443036,8.405369]]]}},
{"type":"Feature","properties":{},"geometry":{"type":"Polygon","coordinates":[[[1.446542,8.446174],[1.429355,8.462542],[1.429266,8.484459],[1.442097,8.486947],[1.448836,8.48393],[1.45378,8.471164],[1.465422,8.465122],[1.456927,8.44865],[1.446542,8.446174]]]}},
{"type":"Feature","properties":{},"geometry":{"type":"Polygon","coordinates":[[[1.58277,8.356578],[1.541036,8.345264],[1.505584,8.343915],[1.490065,8.352378],[1.488052,8.345876],[1.474197,8.345418],[1.469283,8.351488],[1.461127,8.352674],[1.45743,8.359966],[1.469192,8.374623],[1.477347,8.373842],[1.481808,8.379542],[1.460584,8.387172],[1.459263,8.411926],[1.469422,8.420083],[1.480443,8.416067],[1.486866,8.441663],[1.505211,8.441329],[1.50393,8.456545],[1.50797,8.465896],[1.537678,8.479807],[1.542191,8.472518],[1.5357,8.463971],[1.545504,8.45873],[1.545542,8.448583],[1.512612,8.424917],[1.509388,8.415164],[1.492312,8.403733],[1.50945,8.398929],[1.520898,8.389635],[1.518879,8.384757],[1.524994,8.384374],[1.547386,8.391357],[1.584887,8.391088],[1.573028,8.401599],[1.576247,8.412976],[1.595822,8.410611],[1.603549,8.415915],[1.618225,8.41556],[1.623541,8.410708],[1.623589,8.397313],[1.630939,8.393686],[1.631382,8.38354],[1.62691,8.380276],[1.617929,8.383898],[1.598373,8.381394],[1.589434,8.37365],[1.58277,8.356578]]]}},
{"type":"Feature","properties":{},"geometry":{"type":"Polygon","coordinates":[[[1.664329,8.344278],[1.641119,8.337705],[1.636618,8.342967],[1.637406,8.350682],[1.652864,8.359664],[1.664627,8.376347],[1.665832,8.381627],[1.659302,8.384041],[1.655999,8.396208],[1.659649,8.401497],[1.680013,8.406843],[1.685694,8.414574],[1.67995,8.425515],[1.684421,8.429589],[1.743143,8.424099],[1.750095,8.417626],[1.745239,8.406244],[1.728564,8.394419],[1.700838,8.396359],[1.691885,8.391863],[1.70984,8.38624],[1.710676,8.379748],[1.683001,8.367072],[1.664329,8.344278]]]}},
{"type":"Feature","properties":{},"geometry":{"type":"Polygon","coordinates":[[[1.760619,8.441203],[1.745559,8.433443],[1.704384,8.433309],[1.692532,8.4422],[1.674989,8.445794],[1.671684,8.458367],[1.680228,8.463673],[1.690421,8.463707],[1.694923,8.458445],[1.711246,8.454035],[1.756905,8.454993],[1.760619,8.441203]]]}},
{"type":"Feature","properties":{},"geometry":{"type":"Polygon","coordinates":[[[1.462818,8.543143],[1.462835,8.539084],[1.450642,8.529294],[1.43801,8.527215],[1.413626,8.508039],[1.396076,8.512432],[1.38059,8.510744],[1.379386,8.506274],[1.388376,8.501441],[1.389222,8.494139],[1.367642,8.487555],[1.362372,8.480633],[1.350975,8.476526],[1.336308,8.474435],[1.329758,8.480901],[1.311867,8.470272],[1.293493,8.47709],[1.27968,8.466479],[1.267004,8.475351],[1.266975,8.481844],[1.27266,8.48674],[1.272196,8.499319],[1.290911,8.507924],[1.323516,8.510096],[1.346304,8.519934],[1.360923,8.533795],[1.381735,8.529419],[1.412299,8.533198],[1.423684,8.540955],[1.441224,8.538998],[1.462818,8.543143]]]}},
{"type":"Feature","properties":{},"geometry":{"type":"Polygon","coordinates":[[[1.419712,8.564835],[1.408325,8.557483],[1.389993,8.553349],[1.357768,8.556459],[1.323587,8.540485],[1.313747,8.553024],[1.316531,8.568865],[1.327071,8.583115],[1.345794,8.590907],[1.328205,8.603413],[1.322451,8.613534],[1.306962,8.611844],[1.289796,8.620695],[1.2852,8.645025],[1.296566,8.656845],[1.300994,8.669852],[1.313641,8.669098],[1.287432,8.69252],[1.289422,8.703284],[1.317983,8.701383],[1.321627,8.707486],[1.347415,8.6869],[1.362894,8.691837],[1.415923,8.69125],[1.423657,8.694934],[1.435496,8.692548],[1.447366,8.682857],[1.444552,8.672698],[1.412333,8.671753],[1.413576,8.667294],[1.429904,8.664113],[1.434859,8.649523],[1.3994,8.643694],[1.372538,8.630594],[1.395801,8.626632],[1.412893,8.635633],[1.426761,8.635284],[1.448401,8.629284],[1.45986,8.619589],[1.432156,8.612577],[1.397149,8.597009],[1.394315,8.592127],[1.41886,8.573558],[1.419712,8.564835]]]}},
{"type":"Feature","properties":{},"geometry":{"type":"Polygon","coordinates":[[[1.270785,8.586317],[1.236141,8.582913],[1.221032,8.587713],[1.20107,8.583969],[1.193706,8.58921],[1.194895,8.596521],[1.220151,8.601913],[1.23476,8.616996],[1.248621,8.617872],[1.256345,8.623184],[1.271457,8.617976],[1.271497,8.609047],[1.246249,8.601628],[1.272372,8.596064],[1.270785,8.586317]]]}},
{"type":"Feature","properties":{},"geometry":{"type":"Polygon","coordinates":[[[1.217906,8.645733],[1.21093,8.655034],[1.242256,8.671414],[1.239477,8.655167],[1.217906,8.645733]]]}},
{"type":"Feature","properties":{},"geometry":{"type":"Polygon","coordinates":[[[1.419817,8.735303],[1.354157,8.730964],[1.347213,8.732965],[1.339416,8.743483],[1.33252,8.734523],[1.308429,8.739693],[1.310015,8.749847],[1.317342,8.753532],[1.318126,8.760435],[1.332389,8.76415],[1.337663,8.770668],[1.315631,8.770976],[1.313542,8.781925],[1.330243,8.787681],[1.377987,8.78586],[1.393128,8.775372],[1.408229,8.774218],[1.40744,8.767722],[1.392776,8.762383],[1.348714,8.762598],[1.342611,8.758919],[1.34916,8.754077],[1.362619,8.754947],[1.376524,8.746891],[1.418147,8.744225],[1.419817,8.735303]]]}},
{"type":"Feature","properties":{},"geometry":{"type":"Polygon","coordinates":[[[1.282551,8.778538],[1.23773,8.766967],[1.213184,8.781462],[1.209057,8.791183],[1.266943,8.801194],[1.28205,8.798827],[1.282551,8.778538]]]}},
{"type":"Feature","properties":{},"geometry":{"type":"Polygon","coordinates":[[[1.237276,8.819723],[1.223062,8.805858],[1.212447,8.807432],[1.200563,8.818332],[1.193268,8.808153],[1.191297,8.793939],[1.172535,8.793036],[1.168074,8.787738],[1.159067,8.794187],[1.178516,8.821474],[1.179664,8.836901],[1.191353,8.866176],[1.203188,8.865827],[1.21151,8.832589],[1.225025,8.822101],[1.237276,8.819723]]]}},
{"type":"Feature","properties":{},"geometry":{"type":"Polygon","coordinates":[[[1.150996,8.776292],[1.12235,8.794413],[1.120257,8.804954],[1.130886,8.800542],[1.145962,8.804269],[1.151686,8.801862],[1.154634,8.783209],[1.150996,8.776292]]]}},
{"type":"Feature","properties":{},"geometry":{"type":"Polygon","coordinates":[[[1.156368,8.936565],[1.131871,8.938472],[1.113452,8.948931],[1.106117,8.946864],[1.097902,8.956966],[1.111357,8.959471],[1.115397,8.967607],[1.124353,8.972117],[1.153727,8.974699],[1.156368,8.936565]]]}},
{"type":"Feature","properties":{},"geometry":{"type":"Polygon","coordinates":[[[1.262918,8.930587],[1.254783,8.924867],[1.246199,8.927669],[1.242422,8.949159],[1.247695,8.956083],[1.258305,8.95654],[1.265691,8.948457],[1.284877,8.947734],[1.284505,8.940022],[1.293139,8.926669],[1.276007,8.92456],[1.262918,8.930587]]]}},
{"type":"Feature","properties":{},"geometry":{"type":"Polygon","coordinates":[[[1.092104,8.973168],[1.092144,8.965459],[1.065728,8.94422],[1.042911,8.937202],[1.031134,8.926589],[0.990414,8.910546],[0.977379,8.906417],[0.973689,8.909642],[0.978108,8.922247],[1.01763,8.933416],[1.024526,8.941162],[1.03717,8.942446],[1.040394,8.950174],[1.061582,8.956373],[1.080266,8.973513],[1.092104,8.973168]]]}},
{"type":"Feature","properties":{},"geometry":{"type":"Polygon","coordinates":[[[0.939004,8.909858],[0.924645,8.923575],[0.925326,8.947519],[0.953322,8.976484],[0.968293,8.999694],[0.97319,8.999722],[0.966005,8.970872],[0.934338,8.941482],[0.934821,8.928094],[0.943887,8.91232],[0.939004,8.909858]]]}},
{"type":"Feature","properties":{},"geometry":{"type":"Polygon","coordinates":[[[0.998496,8.581703],[0.985787,8.595027],[0.991418,8.609665],[0.976741,8.609587],[0.985266,8.616531],[0.970148,8.622537],[0.986813,8.632364],[0.992062,8.642131],[0.999828,8.638519],[0.998682,8.623905],[1.006418,8.625974],[1.017098,8.611015],[1.016734,8.602491],[1.004936,8.597561],[1.004579,8.58782],[0.998496,8.581703]]]}},
{"type":"Feature","properties":{},"geometry":{"type":"Polygon","coordinates":[[[1.098812,8.488517],[1.085426,8.502655],[1.081558,8.515352],[1.090374,8.545966],[1.101457,8.558194],[1.10465,8.572007],[1.11927,8.583714],[1.124925,8.594563],[1.136308,8.601382],[1.149978,8.585214],[1.148721,8.564241],[1.157754,8.551027],[1.146661,8.540423],[1.128444,8.541959],[1.107875,8.524273],[1.109563,8.512648],[1.105505,8.508841],[1.103427,8.489351],[1.098812,8.488517]]]}},
{"type":"Feature","properties":{},"geometry":{"type":"Polygon","coordinates":[[[1.123138,8.708385],[1.124032,8.692562],[1.118363,8.684419],[1.128789,8.637801],[1.1248,8.619926],[1.115082,8.606081],[1.102063,8.600334],[1.095223,8.582038],[1.078185,8.564911],[1.062859,8.531965],[1.044169,8.519697],[1.052579,8.549363],[1.049585,8.576942],[1.060142,8.585517],[1.056023,8.593613],[1.067789,8.605034],[1.073903,8.60547],[1.074618,8.625358],[1.094567,8.631545],[1.092033,8.648982],[1.087134,8.650174],[1.084644,8.658684],[1.095615,8.666449],[1.107845,8.667322],[1.09919,8.68554],[1.099952,8.696095],[1.113763,8.707122],[1.123138,8.708385]]]}},
{"type":"Feature","properties":{},"geometry":{"type":"Polygon","coordinates":[[[1.038101,8.520528],[1.037746,8.510381],[1.010872,8.504565],[1.001123,8.498022],[0.990507,8.50162],[0.966555,8.483234],[0.945778,8.481503],[0.935118,8.493214],[0.920408,8.500034],[0.904158,8.490207],[0.897613,8.494635],[0.900794,8.50926],[0.908104,8.514169],[0.908465,8.522692],[0.919794,8.538174],[0.920447,8.568204],[0.923697,8.57025],[0.93512,8.568688],[0.948551,8.572816],[0.954276,8.5696],[0.947417,8.556174],[0.936025,8.552056],[0.947075,8.543999],[0.943044,8.535456],[0.930848,8.529305],[0.931696,8.523223],[0.93742,8.520008],[0.970389,8.529107],[0.980225,8.519015],[0.992023,8.52354],[1.000608,8.518714],[1.015245,8.526094],[1.023032,8.518017],[1.038101,8.520528]]]}},
{"type":"Feature","properties":{},"geometry":{"type":"Polygon","coordinates":[[[0.766364,8.549895],[0.737871,8.543239],[0.733761,8.548895],[0.737303,8.57042],[0.747857,8.577784],[0.763743,8.579904],[0.766138,8.588439],[0.774258,8.594165],[0.784453,8.593414],[0.789373,8.588574],[0.786206,8.572326],[0.79237,8.563841],[0.78913,8.560171],[0.763435,8.562862],[0.766364,8.549895]]]}},
{"type":"Feature","properties":{},"geometry":{"type":"Polygon","coordinates":[[[0.78183,8.71647],[0.777527,8.7086],[0.754167,8.705488],[0.734417,8.689683],[0.725156,8.692875],[0.714316,8.687399],[0.706108,8.696275],[0.704408,8.707625],[0.721508,8.711786],[0.718215,8.716904],[0.724968,8.723978],[0.733134,8.722133],[0.739626,8.727582],[0.780094,8.734312],[0.78183,8.71647]]]}},
{"type":"Feature","properties":{},"geometry":{"type":"Polygon","coordinates":[[[0.822001,8.727657],[0.800233,8.730778],[0.794218,8.736424],[0.794993,8.743461],[0.807992,8.752191],[0.784572,8.758547],[0.780181,8.765553],[0.787512,8.76722],[0.790467,8.773188],[0.799726,8.770808],[0.813262,8.780894],[0.816525,8.780913],[0.821782,8.765254],[0.835091,8.767764],[0.838121,8.76102],[0.831435,8.741776],[0.821151,8.733603],[0.822001,8.727657]]]}},
{"type":"Feature","properties":{},"geometry":{"type":"Polygon","coordinates":[[[0.709221,8.814997],[0.704111,8.80577],[0.676702,8.797219],[0.657639,8.80197],[0.650517,8.810308],[0.631169,8.817218],[0.629489,8.82478],[0.638161,8.829433],[0.636497,8.834561],[0.64295,8.845961],[0.673324,8.858863],[0.688053,8.851922],[0.689715,8.847064],[0.699514,8.845502],[0.701732,8.838753],[0.697687,8.83332],[0.679738,8.833479],[0.66825,8.844227],[0.658464,8.843625],[0.651429,8.838172],[0.657691,8.836859],[0.660742,8.827412],[0.666447,8.828259],[0.668563,8.837738],[0.674071,8.826683],[0.690691,8.821376],[0.702371,8.82334],[0.709221,8.814997]]]}},
{"type":"Feature","properties":{},"geometry":{"type":"Polygon","coordinates":[[[1.606698,8.729835],[1.594354,8.757797],[1.601671,8.76513],[1.607791,8.765153],[1.606517,8.778543],[1.617493,8.789543],[1.62851,8.789583],[1.632212,8.781681],[1.624899,8.773131],[1.619547,8.73049],[1.606698,8.729835]]]}},
{"type":"Feature","properties":{},"geometry":{"type":"Polygon","coordinates":[[[1.475093,9.034956],[1.466454,9.050141],[1.471349,9.051379],[1.474975,9.062962],[1.479872,9.06359],[1.48725,9.056925],[1.488546,9.039882],[1.487341,9.035007],[1.475093,9.034956]]]}},
{"type":"Feature","properties":{},"geometry":{"type":"Polygon","coordinates":[[[1.694626,9.044936],[1.663994,9.046652],[1.634012,9.038627],[1.627254,9.044081],[1.591113,9.045162],[1.589197,9.065247],[1.609359,9.078718],[1.598938,9.080505],[1.590944,9.08839],[1.584781,9.098107],[1.585984,9.103591],[1.591478,9.108484],[1.609849,9.11038],[1.620906,9.102507],[1.634394,9.099515],[1.647307,9.086776],[1.66017,9.086824],[1.659519,9.097172],[1.671127,9.105738],[1.685217,9.105789],[1.694446,9.094863],[1.724476,9.091316],[1.725752,9.076707],[1.690881,9.064407],[1.696431,9.054077],[1.694626,9.044936]]]}},
{"type":"Feature","properties":{},"geometry":{"type":"Polygon","coordinates":[[[2.031248,9.034715],[2.022647,9.043826],[2.003646,9.048038],[1.998108,9.057157],[2.007894,9.062664],[2.012136,9.079725],[2.04766,9.082864],[2.050129,9.076172],[2.039782,9.05057],[2.040433,9.035958],[2.031248,9.034715]]]}},
{"type":"Feature","properties":{},"geometry":{"type":"Polygon","coordinates":[[[2.126555,9.139695],[2.109432,9.125647],[2.0978,9.121964],[2.091063,9.12073],[2.076337,9.128609],[2.075704,9.136523],[2.08181,9.145064],[2.090992,9.148741],[2.119786,9.151248],[2.126534,9.14822],[2.126555,9.139695]]]}},
{"type":"Feature","properties":{},"geometry":{"type":"Polygon","coordinates":[[[2.28024,9.04625],[2.264939,9.038911],[2.260633,9.047429],[2.230614,9.047976],[2.202384,9.070447],[2.195649,9.068606],[2.183979,9.081976],[2.181493,9.097195],[2.186993,9.103906],[2.207231,9.095425],[2.240938,9.091235],[2.243397,9.086977],[2.239125,9.079051],[2.245271,9.06993],[2.276531,9.062685],[2.28024,9.04625]]]}},
{"type":"Feature","properties":{},"geometry":{"type":"Polygon","coordinates":[[[1.996274,8.431566],[1.999896,8.450249],[2.021905,8.453552],[2.024328,8.462897],[2.028808,8.464938],[2.039835,8.458063],[2.044749,8.449144],[2.044771,8.440213],[2.032984,8.425568],[1.996274,8.431566]]]}},
{"type":"Feature","properties":{},"geometry":{"type":"Polygon","coordinates":[[[2.056586,8.4443],[2.052893,8.453629],[2.056955,8.460134],[2.076535,8.456933],[2.08264,8.461413],[2.092852,8.453723],[2.093681,8.448042],[2.085143,8.437466],[2.075768,8.436632],[2.056586,8.4443]]]}},
{"type":"Feature","properties":{},"geometry":{"type":"Polygon","coordinates":[[[2.133247,8.441635],[2.112048,8.439965],[2.110802,8.450111],[2.102636,8.454558],[2.102195,8.469173],[2.084631,8.481716],[2.082189,8.47968],[2.087109,8.468325],[2.074469,8.468295],[2.060154,8.486124],[2.06136,8.493029],[2.079289,8.499161],[2.096828,8.497173],[2.105004,8.488666],[2.147851,8.475364],[2.155612,8.469292],[2.151965,8.458728],[2.134863,8.448135],[2.133247,8.441635]]]}},
{"type":"Feature","properties":{},"geometry":{"type":"Polygon","coordinates":[[[2.160589,8.430733],[2.149966,8.44086],[2.152799,8.45061],[2.165037,8.447795],[2.172396,8.438878],[2.168743,8.430751],[2.160589,8.430733]]]}},
{"type":"Feature","properties":{},"geometry":{"type":"Polygon","coordinates":[[[2.213968,8.447489],[2.205383,8.458434],[2.207809,8.468589],[2.226974,8.468628],[2.231062,8.463763],[2.229857,8.454423],[2.213968,8.447489]]]}},
{"type":"Feature","properties":{},"geometry":{"type":"Polygon","coordinates":[[[2.117552,8.529647],[2.115122,8.521928],[2.069874,8.513703],[2.025786,8.531458],[2.020065,8.535909],[2.02046,8.540781],[2.0555,8.554672],[2.055479,8.563197],[2.060768,8.568488],[2.089307,8.573427],[2.10274,8.584827],[2.133734,8.587739],[2.139461,8.580038],[2.120721,8.570253],[2.126457,8.558898],[2.124841,8.552399],[2.110999,8.541406],[2.117552,8.529647]]]}},
{"type":"Feature","properties":{},"geometry":{"type":"Polygon","coordinates":[[[2.08926,8.59332],[2.077416,8.599381],[2.074515,8.618455],[2.103463,8.624614],[2.114074,8.622202],[2.117754,8.618557],[2.114519,8.60637],[2.08926,8.59332]]]}},
{"type":"Feature","properties":{},"geometry":{"type":"Polygon","coordinates":[[[2.101754,8.656986],[2.099685,8.669567],[2.113127,8.678529],[2.110662,8.685831],[2.115541,8.692745],[2.134326,8.685479],[2.134774,8.66843],[2.125405,8.661912],[2.111946,8.660258],[2.109508,8.655787],[2.101754,8.656986]]]}},
{"type":"Feature","properties":{},"geometry":{"type":"Polygon","coordinates":[[[2.585653,8.444519],[2.567897,8.460335],[2.565443,8.467032],[2.569718,8.473126],[2.590522,8.468276],[2.595421,8.4628],[2.59421,8.450619],[2.585653,8.444519]]]}},
{"type":"Feature","properties":{},"geometry":{"type":"Polygon","coordinates":[[[2.921125,8.605517],[2.919286,8.619524],[2.927853,8.62318],[2.938257,8.620136],[2.934587,8.606128],[2.921125,8.605517]]]}},
{"type":"Feature","properties":{},"geometry":{"type":"Polygon","coordinates":[[[2.985384,8.470927],[2.984771,8.492852],[2.992723,8.499552],[3.003736,8.498943],[3.004347,8.488589],[2.997618,8.474581],[2.985384,8.470927]]]}},
{"type":"Feature","properties":{},"geometry":{"type":"Polygon","coordinates":[[[2.716842,8.739253],[2.710303,8.751835],[2.716009,8.761178],[2.724172,8.760779],[2.732339,8.754288],[2.732346,8.744949],[2.724189,8.738447],[2.716842,8.739253]]]}},
{"type":"Feature","properties":{},"geometry":{"type":"Polygon","coordinates":[[[2.715957,8.829389],[2.701251,8.842776],[2.701653,8.85049],[2.708988,8.867142],[2.720419,8.867557],[2.725729,8.863095],[2.730239,8.836708],[2.726164,8.82696],[2.715957,8.829389]]]}},
{"type":"Feature","properties":{},"geometry":{"type":"Polygon","coordinates":[[[2.762873,8.871241],[2.758786,8.878141],[2.760819,8.890728],[2.749794,8.894375],[2.759585,8.904938],[2.763251,8.919151],[2.768558,8.920778],[2.777133,8.918347],[2.786535,8.89927],[2.78083,8.882214],[2.772262,8.872871],[2.762873,8.871241]]]}},
{"type":"Feature","properties":{},"geometry":{"type":"Polygon","coordinates":[[[0.833024,9.600442],[0.829383,9.594333],[0.807352,9.5875],[0.795572,9.607508],[0.781397,9.618373],[0.730494,9.619258],[0.723022,9.636249],[0.725446,9.640524],[0.73471,9.630849],[0.783751,9.633602],[0.805937,9.616703],[0.810308,9.604559],[0.814616,9.602151],[0.826849,9.607098],[0.833024,9.600442]]]}},
{"type":"Feature","properties":{},"geometry":{"type":"Polygon","coordinates":[[[0.713039,9.661741],[0.683411,9.689535],[0.672254,9.706498],[0.675909,9.710174],[0.684504,9.709014],[0.703016,9.692709],[0.718508,9.669081],[0.719155,9.664216],[0.713039,9.661741]]]}},
{"type":"Feature","properties":{},"geometry":{"type":"Polygon","coordinates":[[[0.879044,9.693843],[0.88141,9.707856],[0.892432,9.710967],[0.894296,9.707327],[0.886397,9.695106],[0.879044,9.693843]]]}},
{"type":"Feature","properties":{},"geometry":{"type":"Polygon","coordinates":[[[1.126374,9.56259],[1.126324,9.57172],[1.128127,9.578425],[1.139229,9.56692],[1.133126,9.561409],[1.126374,9.56259]]]}},
{"type":"Feature","properties":{},"geometry":{"type":"Polygon","coordinates":[[[0.951848,9.72563],[0.951205,9.730496],[0.958552,9.732974],[0.956001,9.748783],[0.962136,9.74882],[0.967699,9.742158],[0.96472,9.727533],[0.951848,9.72563]]]}},
{"type":"Feature","properties":{},"geometry":{"type":"Polygon","coordinates":[[[0.861473,9.756115],[0.844194,9.77183],[0.846601,9.779149],[0.864413,9.776218],[0.865733,9.76162],[0.861473,9.756115]]]}},
{"type":"Feature","properties":{},"geometry":{"type":"Polygon","coordinates":[[[0.928315,9.761398],[0.928842,9.775399],[0.937424,9.776668],[0.938101,9.766326],[0.928315,9.761398]]]}},
{"type":"Feature","properties":{},"geometry":{"type":"Polygon","coordinates":[[[0.811705,10.045252],[0.812819,10.062298],[0.828776,10.063621],[0.830683,10.053896],[0.823969,10.047766],[0.811705,10.045252]]]}},
{"type":"Feature","properties":{},"geometry":{"type":"Polygon","coordinates":[[[0.852711,10.158107],[0.849579,10.167215],[0.860583,10.175199],[0.862365,10.184339],[0.881432,10.180812],[0.882086,10.17473],[0.871728,10.161883],[0.852711,10.158107]]]}},
{"type":"Feature","properties":{},"geometry":{"type":"Polygon","coordinates":[[[0.952694,10.465791],[0.935558,10.453508],[0.928795,10.453464],[0.926303,10.458317],[0.92867,10.472331],[0.935417,10.474808],[0.952694,10.465791]]]}},
{"type":"Feature","properties":{},"geometry":{"type":"Polygon","coordinates":[[[0.829205,10.539521],[0.8182,10.530318],[0.810214,10.529046],[0.803355,10.542386],[0.805785,10.546663],[0.81808,10.547356],[0.829205,10.539521]]]}},
{"type":"Feature","properties":{},"geometry":{"type":"Polygon","coordinates":[[[0.841513,10.538389],[0.840834,10.547513],[0.835906,10.548696],[0.838951,10.552977],[0.84695,10.552423],[0.851352,10.538456],[0.841513,10.538389]]]}},
{"type":"Feature","properties":{},"geometry":{"type":"Polygon","coordinates":[[[0.81635,10.617937],[0.808241,10.633702],[0.815588,10.638622],[0.823048,10.62772],[0.823095,10.621026],[0.81635,10.617937]]]}},
{"type":"Feature","properties":{},"geometry":{"type":"Polygon","coordinates":[[[0.805706,10.644029],[0.794577,10.651863],[0.795104,10.664037],[0.789515,10.6713],[0.791277,10.682875],[0.800532,10.679289],[0.808045,10.661086],[0.812356,10.660507],[0.813617,10.656256],[0.805706,10.644029]]]}},
{"type":"Feature","properties":{},"geometry":{"type":"Polygon","coordinates":[[[0.696289,10.795674],[0.684535,10.803497],[0.684414,10.819317],[0.694252,10.820607],[0.707265,10.809142],[0.707353,10.797582],[0.696289,10.795674]]]}},
{"type":"Feature","properties":{},"geometry":{"type":"Polygon","coordinates":[[[0.93179,10.830203],[0.924357,10.836847],[0.92617,10.841728],[0.939061,10.847292],[0.938998,10.85642],[0.971628,10.856637],[0.962951,10.8651],[0.96848,10.866963],[1.002367,10.863533],[0.998717,10.856814],[0.983366,10.850628],[0.975469,10.834753],[0.954526,10.83644],[0.93179,10.830203]]]}},
{"type":"Feature","properties":{},"geometry":{"type":"Polygon","coordinates":[[[1.121761,10.872806],[1.104447,10.884264],[1.098902,10.884838],[1.09401,10.87933],[1.081052,10.88351],[1.094475,10.90307],[1.069721,10.921783],[1.067846,10.926032],[1.072722,10.933975],[1.086832,10.942584],[1.120671,10.948272],[1.125618,10.94526],[1.125656,10.939173],[1.110882,10.937865],[1.106002,10.930531],[1.131864,10.931299],[1.154104,10.920478],[1.157232,10.912584],[1.152951,10.907689],[1.129542,10.908765],[1.153094,10.884561],[1.121761,10.872806]]]}},
{"type":"Feature","properties":{},"geometry":{"type":"Polygon","coordinates":[[[1.250529,11.225538],[1.241971,11.213314],[1.227204,11.208357],[1.140376,11.193222],[1.145974,11.185344],[1.141686,11.181057],[1.10848,11.168676],[1.130735,11.158469],[1.130142,11.154814],[1.117831,11.152302],[1.117854,11.14865],[1.133891,11.146925],[1.140709,11.14088],[1.148844,11.121454],[1.142735,11.112895],[1.126751,11.106709],[1.125008,11.090265],[1.104791,11.07188],[1.075267,11.063781],[1.072218,11.058892],[1.079035,11.05285],[1.099983,11.052983],[1.106784,11.049372],[1.103773,11.038398],[1.073637,11.030296],[1.057748,11.010719],[1.024487,11.009895],[0.99855,11.019463],[0.984994,11.019982],[0.964716,11.012543],[0.940706,11.010556],[0.930315,10.998922],[0.913727,10.992722],[0.907547,10.995723],[0.885391,10.993136],[0.873012,11.001569],[0.866861,11.000309],[0.859972,11.016082],[0.859224,11.034334],[0.849315,11.041567],[0.846758,11.054328],[0.854607,11.076291],[0.868134,11.080039],[0.876029,11.095917],[0.883999,11.10145],[0.91472,11.113835],[0.917736,11.122985],[0.906618,11.126559],[0.86782,11.123243],[0.852278,11.141998],[0.836284,11.138232],[0.825156,11.14302],[0.803849,11.190329],[0.80745,11.203135],[0.813577,11.208049],[0.825241,11.214219],[0.836952,11.214304],[0.841542,11.177216],[0.851469,11.16816],[0.851983,11.18216],[0.846391,11.188205],[0.845059,11.201583],[0.856037,11.217484],[0.858372,11.235149],[0.871325,11.234025],[0.882363,11.242015],[0.916232,11.247122],[0.919883,11.253842],[0.931635,11.248447],[0.940852,11.252771],[0.968589,11.253571],[0.998827,11.249515],[1.021541,11.263666],[1.0425,11.264413],[1.04677,11.271135],[1.064634,11.273687],[1.071371,11.280426],[1.079387,11.280477],[1.088108,11.267144],[1.096756,11.264765],[1.106692,11.253873],[1.114708,11.253925],[1.118442,11.24847],[1.110487,11.23929],[1.119778,11.232654],[1.146315,11.22856],[1.208549,11.234419],[1.235691,11.232146],[1.250529,11.225538]],[[1.101455,11.23761],[1.101431,11.241262],[1.088255,11.244829],[1.024944,11.24685],[1.019621,11.243974],[1.024186,11.237513],[1.059569,11.232065],[1.08999,11.231045],[1.101455,11.23761]],[[1.037878,11.096],[1.020658,11.091018],[1.020283,11.085741],[1.026444,11.085782],[1.037878,11.096]],[[0.986063,11.223057],[0.967556,11.224961],[0.952785,11.221613],[0.944207,11.214251],[0.986063,11.223057]],[[0.951957,11.075751],[0.963668,11.075222],[0.972205,11.088059],[0.968466,11.09412],[0.964132,11.097133],[0.954924,11.092203],[0.95005,11.084258],[0.951957,11.075751]]]}},
{"type":"Feature","properties":{},"geometry":{"type":"Polygon","coordinates":[[[0.951957,11.075751],[0.95005,11.084258],[0.954924,11.092203],[0.964132,11.097133],[0.968466,11.09412],[0.972205,11.088059],[0.963668,11.075222],[0.951957,11.075751]]]}},
{"type":"Feature","properties":{},"geometry":{"type":"Polygon","coordinates":[[[1.037878,11.096],[1.026444,11.085782],[1.020283,11.085741],[1.020658,11.091018],[1.037878,11.096]]]}},
{"type":"Feature","properties":{},"geometry":{"type":"Polygon","coordinates":[[[1.101455,11.23761],[1.08999,11.231045],[1.059569,11.232065],[1.024186,11.237513],[1.019621,11.243974],[1.024944,11.24685],[1.088255,11.244829],[1.101431,11.241262],[1.101455,11.23761]]]}},
{"type":"Feature","properties":{},"geometry":{"type":"Polygon","coordinates":[[[0.986063,11.223057],[0.956124,11.214333],[0.944207,11.214251],[0.952785,11.221613],[0.967556,11.224961],[0.986063,11.223057]]]}},
{"type":"Feature","properties":{},"geometry":{"type":"Polygon","coordinates":[[[1.134674,10.594955],[1.134688,10.582578],[1.143867,10.575401],[1.181695,10.58141],[1.19978,10.574615],[1.182615,10.564372],[1.14695,10.561933],[1.152713,10.558315],[1.165035,10.55514],[1.195773,10.558563],[1.22454,10.548176],[1.224633,10.531944],[1.21813,10.521763],[1.189873,10.515516],[1.168631,10.501801],[1.152252,10.498053],[1.149821,10.49317],[1.167101,10.483125],[1.188425,10.482436],[1.211855,10.472018],[1.207403,10.462051],[1.198828,10.455915],[1.18288,10.448927],[1.164828,10.451258],[1.155426,10.44674],[1.175984,10.436308],[1.193183,10.439652],[1.205921,10.434449],[1.207999,10.429591],[1.195326,10.423432],[1.195352,10.418969],[1.206906,10.405642],[1.221713,10.396797],[1.218926,10.382174],[1.189491,10.369024],[1.191577,10.362543],[1.21249,10.360631],[1.228546,10.347936],[1.189764,10.321344],[1.210731,10.30949],[1.216925,10.301003],[1.191599,10.287065],[1.189626,10.273663],[1.192557,10.26252],[1.214798,10.241947],[1.22142,10.230012],[1.231686,10.225604],[1.218624,10.217011],[1.188333,10.212786],[1.230585,10.202467],[1.234314,10.194777],[1.228188,10.191497],[1.181866,10.197331],[1.09912,10.19767],[1.111053,10.188407],[1.134429,10.183672],[1.149975,10.187006],[1.185652,10.179902],[1.230699,10.181772],[1.23608,10.171656],[1.222646,10.156569],[1.180194,10.130974],[1.204406,10.122179],[1.211451,10.107202],[1.201679,10.097005],[1.185342,10.089407],[1.220593,10.083106],[1.220204,10.079452],[1.192407,10.070779],[1.198981,10.066757],[1.193694,10.060236],[1.2335,10.044015],[1.23475,10.039964],[1.211473,10.028883],[1.185271,10.02874],[1.177526,10.022612],[1.18862,10.015367],[1.212799,10.011034],[1.216129,10.001109],[1.225181,9.992636],[1.220289,9.988958],[1.163408,9.984996],[1.169576,9.980161],[1.195371,9.979085],[1.233491,9.969955],[1.23804,9.961458],[1.197679,9.931415],[1.199381,9.919656],[1.189264,9.898703],[1.198356,9.882519],[1.170088,9.888048],[1.148001,9.885898],[1.156619,9.881481],[1.166927,9.867538],[1.187801,9.86684],[1.19603,9.858767],[1.203138,9.830805],[1.199497,9.823075],[1.187232,9.821184],[1.186847,9.816718],[1.204489,9.807884],[1.234384,9.802765],[1.2295,9.797869],[1.198424,9.79446],[1.191906,9.78915],[1.22103,9.774897],[1.241581,9.756742],[1.241219,9.747813],[1.2335,9.737627],[1.214707,9.733065],[1.20003,9.723858],[1.203746,9.717384],[1.2344,9.722008],[1.234437,9.715109],[1.22626,9.714255],[1.202626,9.697291],[1.217832,9.683572],[1.213833,9.666507],[1.194676,9.654234],[1.194304,9.647333],[1.20866,9.639291],[1.222563,9.639363],[1.227922,9.631274],[1.237745,9.629702],[1.237395,9.618337],[1.224365,9.607718],[1.14832,9.605697],[1.14834,9.602044],[1.170821,9.603381],[1.197437,9.596217],[1.19638,9.564152],[1.185258,9.554085],[1.164968,9.576567],[1.147269,9.573227],[1.136869,9.581017],[1.13846,9.589277],[1.131626,9.592757],[1.124183,9.607867],[1.124623,9.626941],[1.100023,9.638709],[1.101032,9.653188],[1.083559,9.65769],[1.076705,9.664415],[1.070026,9.688183],[1.073231,9.699969],[1.060681,9.701252],[1.040434,9.713444],[1.034161,9.713679],[1.032275,9.70988],[1.009629,9.712455],[0.984732,9.726647],[0.982179,9.742997],[0.985128,9.7514],[0.97629,9.770012],[0.981851,9.797502],[0.968799,9.791202],[0.963307,9.797391],[0.944506,9.794572],[0.941851,9.782925],[0.92677,9.796088],[0.930549,9.802332],[0.919639,9.802536],[0.915056,9.794123],[0.887693,9.808695],[0.886124,9.798136],[0.873645,9.78778],[0.866786,9.794228],[0.866448,9.804505],[0.840283,9.802175],[0.823544,9.818026],[0.824058,9.822898],[0.829234,9.823743],[0.827557,9.829953],[0.836978,9.849082],[0.838759,9.868838],[0.840642,9.872773],[0.848554,9.872554],[0.849888,9.877161],[0.8417,9.877919],[0.838912,9.887097],[0.812854,9.908973],[0.80266,9.924053],[0.809442,9.929778],[0.807644,9.953974],[0.816073,9.958356],[0.83529,9.981607],[0.830374,9.982386],[0.825899,9.998721],[0.835401,10.006086],[0.844954,10.005743],[0.848736,10.011448],[0.841851,10.021139],[0.847491,10.034701],[0.855895,10.043275],[0.861084,10.042768],[0.856384,10.051934],[0.86179,10.059813],[0.856811,10.069924],[0.868442,10.085957],[0.865282,10.109874],[0.918375,10.130907],[0.92103,10.142555],[0.932719,10.150338],[0.963816,10.154589],[0.982294,10.1685],[1.014186,10.17708],[1.048164,10.179854],[1.069907,10.196755],[1.072026,10.207588],[1.090016,10.21324],[1.09757,10.228703],[1.1033,10.229549],[1.133733,10.2561],[1.137732,10.272896],[1.12982,10.271362],[1.110119,10.2772],[1.098404,10.27199],[1.091243,10.281958],[1.097747,10.290653],[1.091401,10.301166],[1.111776,10.319951],[1.10698,10.345352],[1.129869,10.355494],[1.132825,10.363897],[1.123457,10.377099],[1.099099,10.383718],[1.084554,10.394046],[1.074445,10.393986],[1.041789,10.416511],[1.039581,10.463565],[1.043894,10.473059],[1.055076,10.476915],[1.0411,10.48278],[1.037982,10.500479],[1.025679,10.500943],[1.019065,10.509558],[0.986814,10.509085],[0.962709,10.517046],[0.943347,10.510429],[0.931591,10.510894],[0.925826,10.514643],[0.922747,10.525443],[0.91231,10.532947],[0.886276,10.542782],[0.876181,10.540009],[0.855627,10.547715],[0.852561,10.556349],[0.857366,10.572881],[0.851601,10.576358],[0.849073,10.586078],[0.856135,10.592752],[0.856301,10.60817],[0.840893,10.62213],[0.831317,10.623145],[0.825498,10.633924],[0.828942,10.649634],[0.822303,10.660407],[0.809382,10.670054],[0.791659,10.70083],[0.776855,10.705999],[0.77061,10.71853],[0.797964,10.736575],[0.820085,10.741193],[0.840412,10.738496],[0.848176,10.743012],[0.854395,10.733724],[0.886417,10.730698],[0.912369,10.715456],[0.933477,10.718436],[0.954747,10.727909],[0.970404,10.717868],[0.986601,10.71919],[0.994833,10.715186],[1.005881,10.71972],[1.064969,10.686415],[1.077258,10.689331],[1.127783,10.679088],[1.138857,10.67956],[1.153984,10.688172],[1.192561,10.686368],[1.203679,10.679534],[1.203761,10.665535],[1.190278,10.656124],[1.172663,10.651964],[1.134494,10.654985],[1.150966,10.644533],[1.175591,10.642444],[1.183073,10.625851],[1.179065,10.610003],[1.158278,10.609834],[1.152862,10.598954],[1.134674,10.594955]],[[1.134674,10.594955],[1.145229,10.597904],[1.148882,10.606823],[1.157414,10.608809],[1.138073,10.615656],[1.125944,10.611736],[1.124924,10.599466],[1.134674,10.594955]],[[1.162369,10.285632],[1.177547,10.282472],[1.180807,10.285736],[1.169725,10.288921],[1.162369,10.285632]],[[1.147425,10.248417],[1.165877,10.245682],[1.167888,10.252186],[1.15313,10.253725],[1.147425,10.248417]],[[1.143712,10.039619],[1.140006,10.04325],[1.116291,10.037841],[1.115103,10.030936],[1.12166,10.029756],[1.143712,10.039619]],[[1.132802,10.503569],[1.100365,10.511087],[1.06265,10.510048],[1.06842,10.505214],[1.108634,10.499775],[1.132802,10.503569]],[[1.126954,10.645286],[1.112686,10.653045],[1.095729,10.653213],[1.082552,10.661248],[1.027403,10.646839],[1.00166,10.652627],[0.982263,10.649797],[0.984746,10.646568],[1.019764,10.644086],[1.032386,10.637403],[1.049608,10.638322],[1.05777,10.644865],[1.080157,10.650683],[1.090279,10.650204],[1.103203,10.638651],[1.126954,10.645286]],[[1.123701,10.584671],[1.115483,10.587056],[1.10279,10.583735],[1.116751,10.580978],[1.123701,10.584671]],[[1.01872,10.583217],[1.035155,10.57845],[1.045791,10.582575],[1.030582,10.58816],[1.01872,10.583217]],[[0.917833,9.9904],[0.938298,9.990527],[0.944791,9.999493],[0.927193,9.998979],[0.917833,9.9904]],[[0.901137,9.880746],[0.894541,9.888413],[0.881477,9.883869],[0.886428,9.877408],[0.901137,9.880746]]]}},
{"type":"Feature","properties":{},"geometry":{"type":"Polygon","coordinates":[[[0.901137,9.880746],[0.886428,9.877408],[0.881477,9.883869],[0.894541,9.888413],[0.901137,9.880746]]]}},
{"type":"Feature","properties":{},"geometry":{"type":"Polygon","coordinates":[[[0.917833,9.9904],[0.927193,9.998979],[0.944791,9.999493],[0.938298,9.990527],[0.917833,9.9904]]]}},
{"type":"Feature","properties":{},"geometry":{"type":"Polygon","coordinates":[[[1.143712,10.039619],[1.12166,10.029756],[1.115103,10.030936],[1.116291,10.037841],[1.140006,10.04325],[1.143712,10.039619]]]}},
{"type":"Feature","properties":{},"geometry":{"type":"Polygon","coordinates":[[[1.147425,10.248417],[1.15313,10.253725],[1.167888,10.252186],[1.165877,10.245682],[1.147425,10.248417]]]}},
{"type":"Feature","properties":{},"geometry":{"type":"Polygon","coordinates":[[[1.162369,10.285632],[1.169725,10.288921],[1.180807,10.285736],[1.177547,10.282472],[1.162369,10.285632]]]}},
{"type":"Feature","properties":{},"geometry":{"type":"Polygon","coordinates":[[[1.132802,10.503569],[1.108634,10.499775],[1.06842,10.505214],[1.06265,10.510048],[1.100365,10.511087],[1.132802,10.503569]]]}},
{"type":"Feature","properties":{},"geometry":{"type":"Polygon","coordinates":[[[1.01872,10.583217],[1.030582,10.58816],[1.045791,10.582575],[1.035155,10.57845],[1.01872,10.583217]]]}},
{"type":"Feature","properties":{},"geometry":{"type":"Polygon","coordinates":[[[1.123701,10.584671],[1.116751,10.580978],[1.10279,10.583735],[1.115483,10.587056],[1.123701,10.584671]]]}},
{"type":"Feature","properties":{},"geometry":{"type":"Polygon","coordinates":[[[1.157414,10.608809],[1.148882,10.606823],[1.145229,10.597904],[1.134674,10.594955],[1.123203,10.602823],[1.125944,10.611736],[1.135159,10.615157],[1.157414,10.608809]]]}},
{"type":"Feature","properties":{},"geometry":{"type":"Polygon","coordinates":[[[1.126954,10.645286],[1.103203,10.638651],[1.090279,10.650204],[1.080157,10.650683],[1.05777,10.644865],[1.049608,10.638322],[1.032386,10.637403],[1.019764,10.644086],[0.984746,10.646568],[0.982263,10.649797],[1.00166,10.652627],[1.027403,10.646839],[1.082552,10.661248],[1.095729,10.653213],[1.112686,10.653045],[1.126954,10.645286]]]}},
{"type":"Feature","properties":{},"geometry":{"type":"Polygon","coordinates":[[[4.465735,4.825594],[4.452415,4.842063],[4.457304,4.857276],[4.463994,4.862742],[4.480953,4.845047],[4.476666,4.827397],[4.465735,4.825594]]]}},
{"type":"Feature","properties":{},"geometry":{"type":"Polygon","coordinates":[[[4.460016,4.941607],[4.445439,4.938797],[4.424409,4.946963],[4.413066,4.942521],[4.409428,4.944965],[4.415535,4.961596],[4.397313,4.958387],[4.396121,4.96935],[4.403837,4.980701],[4.424907,4.9904],[4.439482,4.991585],[4.443149,5.002538],[4.458567,5.018336],[4.48651,5.023551],[4.50674,5.019038],[4.479997,5.007327],[4.47674,4.999216],[4.463376,4.996404],[4.454411,4.96963],[4.436592,4.96561],[4.441028,4.957887],[4.447911,4.958684],[4.460016,4.941607]]]}},
{"type":"Feature","properties":{},"geometry":{"type":"Polygon","coordinates":[[[4.288582,5.038993],[4.284552,5.048339],[4.290644,5.058071],[4.320613,5.063286],[4.328319,5.069766],[4.343298,5.068924],[4.350573,5.063226],[4.3457,5.055928],[4.321793,5.046233],[4.314104,5.047467],[4.30194,5.038154],[4.288582,5.038993]]]}},
{"type":"Feature","properties":{},"geometry":{"type":"Polygon","coordinates":[[[4.405643,5.06798],[4.400814,5.081387],[4.405684,5.086654],[4.432822,5.092683],[4.433597,5.07685],[4.430351,5.073609],[4.405643,5.06798]]]}},
{"type":"Feature","properties":{},"geometry":{"type":"Polygon","coordinates":[[[4.364306,5.238169],[4.359867,5.245081],[4.363121,5.251569],[4.369586,5.245465],[4.364306,5.238169]]]}},
{"type":"Feature","properties":{},"geometry":{"type":"Polygon","coordinates":[[[4.378905,5.247474],[4.411297,5.244966],[4.419786,5.238452],[4.418962,5.231959],[4.400732,5.228751],[4.378874,5.233265],[4.372809,5.237338],[4.378905,5.247474]]]}},
{"type":"Feature","properties":{},"geometry":{"type":"Polygon","coordinates":[[[4.42384,5.240067],[4.421018,5.245757],[4.424673,5.250214],[4.420636,5.255906],[4.452244,5.265169],[4.455867,5.255824],[4.442464,5.238805],[4.42384,5.240067]]]}},
{"type":"Feature","properties":{},"geometry":{"type":"Polygon","coordinates":[[[4.510932,5.252445],[4.508068,5.239869],[4.49997,5.240294],[4.487799,5.230581],[4.469183,5.235496],[4.475707,5.25456],[4.490301,5.261021],[4.497167,5.253291],[4.510932,5.252445]]]}},
{"type":"Feature","properties":{},"geometry":{"type":"Polygon","coordinates":[[[4.581768,5.241107],[4.578519,5.237056],[4.568397,5.237488],[4.559113,5.249284],[4.562363,5.253335],[4.576936,5.251673],[4.581768,5.241107]]]}},
{"type":"Feature","properties":{},"geometry":{"type":"Polygon","coordinates":[[[4.62912,5.23165],[4.606865,5.237797],[4.604463,5.248357],[4.617011,5.246295],[4.62912,5.23165]]]}},
{"type":"Feature","properties":{},"geometry":{"type":"Polygon","coordinates":[[[4.600874,5.270285],[4.590339,5.26747],[4.585508,5.278848],[4.602118,5.281648],[4.600874,5.270285]]]}},
{"type":"Feature","properties":{},"geometry":{"type":"Polygon","coordinates":[[[4.615433,5.262536],[4.614662,5.277557],[4.621166,5.287282],[4.625632,5.291735],[4.640612,5.290883],[4.64303,5.286411],[4.638533,5.269781],[4.624337,5.260889],[4.615433,5.262536]]]}},
{"type":"Feature","properties":{},"geometry":{"type":"Polygon","coordinates":[[[4.652749,5.286386],[4.65075,5.296133],[4.660489,5.303414],[4.66899,5.302579],[4.673834,5.296884],[4.67097,5.285932],[4.661244,5.283116],[4.652749,5.286386]]]}},
{"type":"Feature","properties":{},"geometry":{"type":"Polygon","coordinates":[[[4.453166,5.313272],[4.452739,5.303936],[4.422354,5.299137],[4.424011,5.315371],[4.419196,5.334868],[4.428917,5.335252],[4.441029,5.318579],[4.453166,5.313272]]]}},
{"type":"Feature","properties":{},"geometry":{"type":"Polygon","coordinates":[[[4.727013,5.344227],[4.718902,5.339784],[4.709996,5.341027],[4.683699,5.350437],[4.681282,5.355315],[4.714912,5.361308],[4.727013,5.344227]]]}},
{"type":"Feature","properties":{},"geometry":{"type":"Polygon","coordinates":[[[4.375119,5.366227],[4.350053,5.387394],[4.350882,5.396323],[4.378811,5.387328],[4.384043,5.372295],[4.38079,5.36662],[4.375119,5.366227]]]}},
{"type":"Feature","properties":{},"geometry":{"type":"Polygon","coordinates":[[[4.327017,5.411802],[4.323391,5.421147],[4.327442,5.421138],[4.318548,5.429277],[4.296673,5.429325],[4.293443,5.43461],[4.296701,5.442317],[4.310893,5.448781],[4.327085,5.443061],[4.333956,5.435739],[4.335142,5.42234],[4.327017,5.411802]]]}},
{"type":"Feature","properties":{},"geometry":{"type":"Polygon","coordinates":[[[4.351326,5.413779],[4.345676,5.423534],[4.34731,5.429214],[4.35298,5.428796],[4.355801,5.422294],[4.351326,5.413779]]]}},
{"type":"Feature","properties":{},"geometry":{"type":"Polygon","coordinates":[[[4.513684,5.384166],[4.506824,5.394332],[4.495901,5.399637],[4.499989,5.415053],[4.487835,5.414271],[4.47692,5.422822],[4.480986,5.429307],[4.495988,5.43536],[4.52188,5.422304],[4.524633,5.389416],[4.513684,5.384166]]]}},
{"type":"Feature","properties":{},"geometry":{"type":"Polygon","coordinates":[[[4.537499,5.511165],[4.518067,5.516491],[4.519703,5.522576],[4.511628,5.533557],[4.513258,5.537206],[4.524602,5.537177],[4.532283,5.531069],[4.538723,5.514409],[4.537499,5.511165]]]}},
{"type":"Feature","properties":{},"geometry":{"type":"Polygon","coordinates":[[[4.511695,5.55974],[4.49955,5.563425],[4.487421,5.573605],[4.493942,5.589014],[4.511748,5.580442],[4.516169,5.566629],[4.511695,5.55974]]]}},
{"type":"Feature","properties":{},"geometry":{"type":"Polygon","coordinates":[[[4.661312,5.602973],[4.648345,5.602197],[4.646349,5.612756],[4.657733,5.626932],[4.663404,5.626104],[4.665379,5.608239],[4.661312,5.602973]]]}},
{"type":"Feature","properties":{},"geometry":{"type":"Polygon","coordinates":[[[4.478161,5.597375],[4.470483,5.605513],[4.471305,5.609977],[4.476179,5.614836],[4.487931,5.615212],[4.492358,5.603429],[4.478161,5.597375]]]}},
{"type":"Feature","properties":{},"geometry":{"type":"Polygon","coordinates":[[[4.417875,5.633248],[4.413457,5.649497],[4.419959,5.656789],[4.427646,5.651898],[4.427608,5.636472],[4.417875,5.633248]]]}},
{"type":"Feature","properties":{},"geometry":{"type":"Polygon","coordinates":[[[4.610535,5.70155],[4.604447,5.697914],[4.58906,5.702421],[4.585436,5.710955],[4.587483,5.718662],[4.604091,5.715775],[4.610535,5.70155]]]}},
{"type":"Feature","properties":{},"geometry":{"type":"Polygon","coordinates":[[[4.600503,5.737299],[4.598441,5.724315],[4.591566,5.729611],[4.588361,5.743015],[4.600503,5.737299]]]}},
{"type":"Feature","properties":{},"geometry":{"type":"Polygon","coordinates":[[[4.583852,5.724355],[4.574107,5.717482],[4.56641,5.718315],[4.554279,5.728091],[4.531567,5.721656],[4.526324,5.731412],[4.50324,5.737563],[4.495149,5.742862],[4.494758,5.748546],[4.508551,5.753786],[4.513843,5.762702],[4.551093,5.748802],[4.569332,5.749563],[4.580651,5.739383],[4.583852,5.724355]]]}},
{"type":"Feature","properties":{},"geometry":{"type":"Polygon","coordinates":[[[4.482462,5.736039],[4.475165,5.747243],[4.489584,5.750454],[4.491595,5.738661],[4.482462,5.736039]]]}},
{"type":"Feature","properties":{},"geometry":{"type":"Polygon","coordinates":[[[4.453042,5.736233],[4.445133,5.742749],[4.44551,5.749604],[4.459197,5.748487],[4.453042,5.736233]]]}},
{"type":"Feature","properties":{},"geometry":{"type":"Polygon","coordinates":[[[4.437573,5.745174],[4.435544,5.750111],[4.440969,5.758516],[4.442271,5.750935],[4.437573,5.745174]]]}},
{"type":"Feature","properties":{},"geometry":{"type":"Polygon","coordinates":[[[4.492379,5.785808],[4.481033,5.787101],[4.475854,5.804615],[4.492788,5.80439],[4.492379,5.785808]]]}},
{"type":"Feature","properties":{},"geometry":{"type":"Polygon","coordinates":[[[4.463452,5.815471],[4.446535,5.82219],[4.445648,5.827425],[4.468373,5.837109],[4.472357,5.845218],[4.481544,5.844472],[4.482398,5.826969],[4.474085,5.816887],[4.463452,5.815471]]]}},
{"type":"Feature","properties":{},"geometry":{"type":"Polygon","coordinates":[[[4.50913,5.852877],[4.505729,5.861186],[4.484868,5.875134],[4.508647,5.874348],[4.517495,5.88154],[4.532098,5.885109],[4.535552,5.896285],[4.547984,5.896432],[4.549386,5.882175],[4.546307,5.87623],[4.528449,5.868341],[4.526607,5.853732],[4.50913,5.852877]]]}},
{"type":"Feature","properties":{},"geometry":{"type":"Polygon","coordinates":[[[4.605457,5.896134],[4.60076,5.891817],[4.591047,5.897437],[4.587108,5.906108],[4.591277,5.914756],[4.579222,5.920743],[4.555783,5.914677],[4.539936,5.917968],[4.519028,5.915319],[4.498333,5.924758],[4.51078,5.930136],[4.520133,5.923976],[4.526442,5.925041],[4.553155,5.941746],[4.554252,5.947155],[4.545977,5.952049],[4.544734,5.958728],[4.574288,5.959726],[4.58397,5.94292],[4.582856,5.931377],[4.595255,5.919796],[4.605876,5.916699],[4.605457,5.896134]]]}},
{"type":"Feature","properties":{},"geometry":{"type":"Polygon","coordinates":[[[4.384943,5.976142],[4.377837,5.968702],[4.366656,5.965604],[4.370414,5.979306],[4.384943,5.976142]]]}},
{"type":"Feature","properties":{},"geometry":{"type":"Polygon","coordinates":[[[4.361261,5.970068],[4.35562,5.972487],[4.35264,5.981997],[4.360346,5.988594],[4.361261,5.970068]]]}},
{"type":"Feature","properties":{},"geometry":{"type":"Polygon","coordinates":[[[4.348548,5.978879],[4.329683,5.978083],[4.328255,5.983619],[4.33717,5.993582],[4.346184,5.994763],[4.348548,5.978879]]]}},
{"type":"Feature","properties":{},"geometry":{"type":"Polygon","coordinates":[[[4.333819,5.998972],[4.32501,6.007834],[4.335327,6.026033],[4.343253,6.02439],[4.34867,6.028707],[4.358395,6.025796],[4.365575,6.01387],[4.358165,6.005589],[4.359775,6.000534],[4.348773,5.996952],[4.333819,5.998972]]]}},
{"type":"Feature","properties":{},"geometry":{"type":"Polygon","coordinates":[[[4.318164,6.120574],[4.296806,6.12171],[4.294659,6.12821],[4.304956,6.137387],[4.312523,6.135743],[4.320645,6.139783],[4.331181,6.135968],[4.336331,6.140827],[4.34363,6.140268],[4.368484,6.131004],[4.373859,6.11827],[4.324079,6.106756],[4.313001,6.109761],[4.311389,6.114095],[4.318164,6.120574]]]}},
{"type":"Feature","properties":{},"geometry":{"type":"Polygon","coordinates":[[[4.488865,6.103621],[4.505926,6.113856],[4.508647,6.120072],[4.524862,6.117591],[4.541044,6.103473],[4.553471,6.100191],[4.547239,6.095608],[4.534804,6.095914],[4.492366,6.09874],[4.488865,6.103621]]]}},
{"type":"Feature","properties":{},"geometry":{"type":"Polygon","coordinates":[[[4.345121,6.195339],[4.363517,6.197999],[4.346771,6.20589],[4.353013,6.214535],[4.367618,6.215309],[4.388142,6.204159],[4.384874,6.195507],[4.362391,6.180411],[4.342941,6.188579],[4.345121,6.195339]]]}},
{"type":"Feature","properties":{},"geometry":{"type":"Polygon","coordinates":[[[4.549616,6.239095],[4.552491,6.251264],[4.567127,6.26218],[4.552964,6.273994],[4.555817,6.278451],[4.583815,6.2808],[4.587387,6.254812],[4.583702,6.243457],[4.567855,6.234169],[4.566651,6.238638],[4.558122,6.235011],[4.549616,6.239095]]]}},
{"type":"Feature","properties":{},"geometry":{"type":"Polygon","coordinates":[[[4.678445,6.188775],[4.674766,6.179451],[4.663409,6.17908],[4.63671,6.201487],[4.639976,6.208377],[4.649304,6.208348],[4.658662,6.217655],[4.660267,6.211967],[4.673237,6.209085],[4.670367,6.199353],[4.678445,6.188775]]]}},
{"type":"Feature","properties":{},"geometry":{"type":"Polygon","coordinates":[[[4.736858,6.188947],[4.763865,6.179838],[4.764193,6.170096],[4.757516,6.167774],[4.754945,6.153171],[4.738366,6.153946],[4.736226,6.160988],[4.747246,6.16871],[4.727984,6.176348],[4.736858,6.188947]]]}},
{"type":"Feature","properties":{},"geometry":{"type":"Polygon","coordinates":[[[4.767308,6.076057],[4.758689,6.085556],[4.768176,6.093372],[4.759549,6.100436],[4.766596,6.106365],[4.78145,6.101986],[4.785192,6.088986],[4.767308,6.076057]]]}},
{"type":"Feature","properties":{},"geometry":{"type":"Polygon","coordinates":[[[4.790798,5.985334],[4.788863,5.972082],[4.766143,5.966473],[4.75345,5.969221],[4.742143,5.983057],[4.747585,5.994675],[4.740874,6.009037],[4.742795,6.018231],[4.766037,6.017344],[4.789569,6.022949],[4.792252,6.016717],[4.787047,5.995358],[4.790798,5.985334]]]}},
{"type":"Feature","properties":{},"geometry":{"type":"Polygon","coordinates":[[[4.813249,5.908552],[4.802685,5.900739],[4.80084,5.915356],[4.807353,5.923724],[4.81382,5.91802],[4.813249,5.908552]]]}},
{"type":"Feature","properties":{},"geometry":{"type":"Polygon","coordinates":[[[4.960027,5.923475],[4.90506,5.890386],[4.884283,5.898575],[4.877571,5.911585],[4.885468,5.929416],[4.902257,5.939909],[4.916828,5.933636],[4.961158,5.93754],[4.965743,5.935359],[4.960027,5.923475]]]}},
{"type":"Feature","properties":{},"geometry":{"type":"Polygon","coordinates":[[[4.822949,5.559605],[4.814871,5.567342],[4.816909,5.571395],[4.824624,5.577052],[4.83595,5.571741],[4.837959,5.566458],[4.822949,5.559605]]]}},
{"type":"Feature","properties":{},"geometry":{"type":"Polygon","coordinates":[[[4.904368,5.558941],[4.901919,5.553267],[4.875169,5.548078],[4.845614,5.55304],[4.840365,5.558738],[4.85176,5.575344],[4.863529,5.582207],[4.87687,5.573642],[4.871184,5.568789],[4.873192,5.563507],[4.904368,5.558941]]]}},
{"type":"Feature","properties":{},"geometry":{"type":"Polygon","coordinates":[[[4.8738,5.499379],[4.875486,5.520072],[4.89534,5.522443],[4.892029,5.500132],[4.8738,5.499379]]]}},
{"type":"Feature","properties":{},"geometry":{"type":"Polygon","coordinates":[[[4.821931,5.491422],[4.822715,5.482896],[4.807312,5.478884],[4.803634,5.467936],[4.768751,5.450992],[4.752958,5.451851],[4.755836,5.46686],[4.74205,5.461624],[4.736395,5.467323],[4.736423,5.477064],[4.740481,5.479488],[4.76803,5.481436],[4.783459,5.493972],[4.789524,5.490301],[4.821931,5.491422]]]}},
{"type":"Feature","properties":{},"geometry":{"type":"Polygon","coordinates":[[[4.749936,5.38712],[4.731343,5.400161],[4.734595,5.404211],[4.757296,5.411452],[4.769892,5.42562],[4.78162,5.419903],[4.780359,5.404078],[4.772662,5.403289],[4.763311,5.390734],[4.749936,5.38712]]]}},
{"type":"Feature","properties":{},"geometry":{"type":"Polygon","coordinates":[[[4.806018,5.029983],[4.793486,5.035293],[4.783409,5.050744],[4.774115,5.056452],[4.778594,5.066181],[4.776185,5.073494],[4.785912,5.077932],[4.802044,5.056376],[4.809289,5.041745],[4.806018,5.029983]]]}},
{"type":"Feature","properties":{},"geometry":{"type":"Polygon","coordinates":[[[4.775885,5.029568],[4.784722,5.037482],[4.789928,5.03368],[4.786318,5.02936],[4.775885,5.029568]]]}},
{"type":"Feature","properties":{},"geometry":{"type":"Polygon","coordinates":[[[4.782212,5.040555],[4.767285,5.04222],[4.778093,5.047602],[4.782212,5.040555]]]}},
{"type":"Feature","properties":{},"geometry":{"type":"Polygon","coordinates":[[[5.100301,5.323415],[5.09731,5.336817],[5.106453,5.346524],[5.111297,5.342247],[5.111261,5.331899],[5.105769,5.324004],[5.100301,5.323415]]]}},
{"type":"Feature","properties":{},"geometry":{"type":"Polygon","coordinates":[[[5.282013,5.361722],[5.277176,5.367218],[5.284488,5.373885],[5.299053,5.371395],[5.299021,5.362875],[5.282013,5.361722]]]}},
{"type":"Feature","properties":{},"geometry":{"type":"Polygon","coordinates":[[[5.123421,5.452381],[5.118171,5.456458],[5.119409,5.462947],[5.14007,5.465309],[5.140039,5.456381],[5.123421,5.452381]]]}},
{"type":"Feature","properties":{},"geometry":{"type":"Polygon","coordinates":[[[5.148619,5.477857],[5.137256,5.471],[5.122682,5.472268],[5.106517,5.482064],[5.102911,5.493034],[5.137367,5.502246],[5.138194,5.507113],[5.122423,5.513661],[5.13176,5.519715],[5.15808,5.518808],[5.171426,5.513889],[5.167733,5.500512],[5.152316,5.492452],[5.148619,5.477857]]]}},
{"type":"Feature","properties":{},"geometry":{"type":"Polygon","coordinates":[[[5.025701,5.992059],[5.02289,5.998968],[5.028191,6.007471],[5.024146,6.009921],[5.034716,6.017998],[5.041601,6.016348],[5.047242,6.007399],[5.045994,5.998882],[5.032614,5.997714],[5.025701,5.992059]]]}},
{"type":"Feature","properties":{},"geometry":{"type":"Polygon","coordinates":[[[5.087449,6.027538],[5.072053,6.029627],[5.076965,6.042188],[5.05834,6.04794],[5.058763,6.052808],[5.093651,6.059167],[5.099686,6.047375],[5.096013,6.040896],[5.088301,6.038492],[5.087449,6.027538]]]}},
{"type":"Feature","properties":{},"geometry":{"type":"Polygon","coordinates":[[[5.164624,6.067409],[5.166298,6.080793],[5.175625,6.081567],[5.175566,6.066959],[5.164624,6.067409]]]}},
{"type":"Feature","properties":{},"geometry":{"type":"Polygon","coordinates":[[[5.122486,6.072852],[5.1181,6.091536],[5.13847,6.116615],[5.160792,6.123017],[5.165274,6.12868],[5.185553,6.130627],[5.186748,6.125347],[5.178183,6.112802],[5.162754,6.106778],[5.13998,6.08861],[5.130196,6.074851],[5.122486,6.072852]]]}},
{"type":"Feature","properties":{},"geometry":{"type":"Polygon","coordinates":[[[5.211266,6.220806],[5.208294,6.237252],[5.188878,6.248897],[5.188896,6.253158],[5.20046,6.254936],[5.19988,6.261634],[5.205983,6.266478],[5.219926,6.255463],[5.232091,6.25541],[5.237539,6.2493],[5.233799,6.228014],[5.225883,6.225613],[5.224038,6.220751],[5.211266,6.220806]]]}},
{"type":"Feature","properties":{},"geometry":{"type":"Polygon","coordinates":[[[5.301253,6.215146],[5.299203,6.20988],[5.285023,6.212376],[5.280651,6.232683],[5.284351,6.244434],[5.301253,6.215146]]]}},
{"type":"Feature","properties":{},"geometry":{"type":"Polygon","coordinates":[[[5.483868,6.078615],[5.482186,6.065235],[5.47486,6.058372],[5.426214,6.055751],[5.461976,6.077094],[5.483868,6.078615]]]}},
{"type":"Feature","properties":{},"geometry":{"type":"Polygon","coordinates":[[[5.507758,5.712979],[5.500404,5.698405],[5.489471,5.698859],[5.486301,5.715101],[5.49606,5.723983],[5.503755,5.72395],[5.507758,5.712979]]]}},
{"type":"Feature","properties":{},"geometry":{"type":"Polygon","coordinates":[[[5.444933,5.605534],[5.448502,5.587262],[5.439559,5.579184],[5.43024,5.578006],[5.436422,5.603946],[5.444933,5.605534]]]}},
{"type":"Feature","properties":{},"geometry":{"type":"Polygon","coordinates":[[[5.382702,5.538439],[5.370162,5.541735],[5.367347,5.546615],[5.371011,5.551469],[5.365347,5.552709],[5.362123,5.556779],[5.364564,5.55961],[5.386453,5.564797],[5.387573,5.54126],[5.382702,5.538439]]]}},
{"type":"Feature","properties":{},"geometry":{"type":"Polygon","coordinates":[[[5.389872,5.508793],[5.38342,5.51531],[5.372497,5.517787],[5.374042,5.499118],[5.352203,5.505697],[5.335567,5.496836],[5.31531,5.494074],[5.308836,5.495316],[5.304841,5.509533],[5.305265,5.5144],[5.316226,5.521256],[5.319508,5.532199],[5.330848,5.53256],[5.335321,5.537412],[5.357577,5.533671],[5.364072,5.537702],[5.394424,5.533119],[5.397639,5.527019],[5.389872,5.508793]]]}},
{"type":"Feature","properties":{},"geometry":{"type":"Polygon","coordinates":[[[5.453952,5.12696],[5.442616,5.12538],[5.430492,5.129483],[5.427698,5.139637],[5.455208,5.13791],[5.458427,5.133029],[5.453952,5.12696]]]}},
{"type":"Feature","properties":{},"geometry":{"type":"Polygon","coordinates":[[[5.648096,5.444216],[5.641991,5.436535],[5.6327,5.441037],[5.618936,5.440692],[5.61005,5.445193],[5.608871,5.453311],[5.613359,5.461405],[5.63319,5.460507],[5.635576,5.450761],[5.645702,5.451934],[5.648096,5.444216]]]}},
{"type":"Feature","properties":{},"geometry":{"type":"Polygon","coordinates":[[[5.726717,5.553789],[5.723521,5.563133],[5.730024,5.568782],[5.737708,5.567123],[5.737234,5.552118],[5.726717,5.553789]]]}},
{"type":"Feature","properties":{},"geometry":{"type":"Polygon","coordinates":[[[5.599246,5.836908],[5.591988,5.844244],[5.594951,5.871815],[5.60707,5.864457],[5.611884,5.854292],[5.608182,5.84214],[5.599246,5.836908]]]}},
{"type":"Feature","properties":{},"geometry":{"type":"Polygon","coordinates":[[[5.539438,5.868824],[5.535367,5.86438],[5.493254,5.869031],[5.504214,5.873851],[5.511145,5.883556],[5.531792,5.880219],[5.539438,5.868824]]]}},
{"type":"Feature","properties":{},"geometry":{"type":"Polygon","coordinates":[[[5.551126,5.944429],[5.535369,5.953833],[5.560971,5.970346],[5.550078,5.980539],[5.587848,5.999024],[5.597882,5.978693],[5.597842,5.970174],[5.592147,5.965333],[5.576333,5.962973],[5.578331,5.956879],[5.57466,5.951622],[5.567363,5.950844],[5.566524,5.944763],[5.551126,5.944429]]]}},
{"type":"Feature","properties":{},"geometry":{"type":"Polygon","coordinates":[[[5.647143,6.02754],[5.633251,6.003674],[5.616226,6.002133],[5.605319,6.009082],[5.604576,6.023283],[5.619617,6.033352],[5.63744,6.032049],[5.647143,6.02754]]]}},
{"type":"Feature","properties":{},"geometry":{"type":"Polygon","coordinates":[[[5.50555,6.078515],[5.502965,6.074605],[5.50727,6.070528],[5.523188,6.065587],[5.550775,6.071948],[5.563163,6.063505],[5.565554,6.054839],[5.53336,6.045256],[5.51071,6.054826],[5.48668,6.058453],[5.483996,6.062252],[5.49215,6.072897],[5.50555,6.078515]]]}},
{"type":"Feature","properties":{},"geometry":{"type":"Polygon","coordinates":[[[5.5453,6.23066],[5.511244,6.230012],[5.456557,6.239196],[5.448473,6.244507],[5.44527,6.253041],[5.460289,6.257029],[5.457077,6.263535],[5.463162,6.264319],[5.474106,6.263861],[5.479348,6.25775],[5.490712,6.260536],[5.501226,6.254806],[5.516646,6.257573],[5.555469,6.237913],[5.5453,6.23066]]]}},
{"type":"Feature","properties":{},"geometry":{"type":"Polygon","coordinates":[[[5.618175,6.129701],[5.634839,6.139355],[5.648215,6.139695],[5.651076,6.144549],[5.66445,6.144483],[5.670909,6.139177],[5.661517,6.125027],[5.629058,6.117478],[5.616109,6.121599],[5.618175,6.129701]]]}},
{"type":"Feature","properties":{},"geometry":{"type":"Polygon","coordinates":[[[5.689372,6.103388],[5.714512,6.106508],[5.71361,6.088259],[5.707118,6.086669],[5.689339,6.096899],[5.689372,6.103388]]]}},
{"type":"Feature","properties":{},"geometry":{"type":"Polygon","coordinates":[[[5.741342,6.123002],[5.723499,6.120659],[5.71179,6.129236],[5.717089,6.135294],[5.740161,6.129903],[5.741342,6.123002]]]}},
{"type":"Feature","properties":{},"geometry":{"type":"Polygon","coordinates":[[[5.728869,6.060601],[5.733259,6.047193],[5.716189,6.036733],[5.715079,6.057831],[5.728869,6.060601]]]}},
{"type":"Feature","properties":{},"geometry":{"type":"Polygon","coordinates":[[[5.751321,6.093341],[5.78582,6.104116],[5.800776,6.097142],[5.813748,6.098291],[5.813294,6.088965],[5.804346,6.082522],[5.774323,6.074971],[5.75936,6.080725],[5.751321,6.093341]]]}},
{"type":"Feature","properties":{},"geometry":{"type":"Polygon","coordinates":[[[5.897606,6.244658],[5.898365,6.235326],[5.880494,6.228124],[5.846036,6.226284],[5.836749,6.232822],[5.842878,6.242118],[5.862361,6.247285],[5.869689,6.253328],[5.876585,6.254507],[5.897606,6.244658]]]}},
{"type":"Feature","properties":{},"geometry":{"type":"Polygon","coordinates":[[[5.897568,6.163546],[5.88696,6.15022],[5.858217,6.155243],[5.860688,6.16253],[5.879375,6.171351],[5.893145,6.170059],[5.897568,6.163546]]]}},
{"type":"Feature","properties":{},"geometry":{"type":"Polygon","coordinates":[[[5.856641,6.087521],[5.846542,6.093253],[5.840906,6.100176],[5.866455,6.104503],[5.869649,6.095563],[5.856641,6.087521]]]}},
{"type":"Feature","properties":{},"geometry":{"type":"Polygon","coordinates":[[[5.860257,6.081824],[5.873272,6.091082],[5.882588,6.090626],[5.893192,6.103547],[5.903689,6.096597],[5.900027,6.093778],[5.901201,6.086066],[5.880015,6.063873],[5.867882,6.067994],[5.860257,6.081824]]]}},
{"type":"Feature","properties":{},"geometry":{"type":"Polygon","coordinates":[[[5.909664,6.152531],[5.908922,6.165107],[5.912988,6.167519],[5.919843,6.161398],[5.920614,6.154094],[5.909664,6.152531]]]}},
{"type":"Feature","properties":{},"geometry":{"type":"Polygon","coordinates":[[[5.840637,5.970798],[5.821284,5.988743],[5.847677,6.000369],[5.851203,5.977233],[5.840637,5.970798]]]}},
{"type":"Feature","properties":{},"geometry":{"type":"Polygon","coordinates":[[[5.808899,5.943381],[5.806488,5.947044],[5.814213,5.952682],[5.807382,5.963668],[5.814684,5.965659],[5.817563,5.974161],[5.821614,5.97414],[5.833305,5.963129],[5.825986,5.957894],[5.822678,5.944527],[5.808899,5.943381]]]}},
{"type":"Feature","properties":{},"geometry":{"type":"Polygon","coordinates":[[[6.067154,5.495956],[6.054242,5.503322],[6.040487,5.504203],[6.025966,5.513603],[6.014704,5.527448],[6.013958,5.540023],[6.018024,5.543652],[6.03259,5.542767],[6.041846,5.532583],[6.052777,5.533337],[6.070929,5.521889],[6.075335,5.512945],[6.067154,5.495956]]]}},
{"type":"Feature","properties":{},"geometry":{"type":"Polygon","coordinates":[[[6.039785,6.198237],[6.032832,6.186922],[6.01863,6.183353],[5.998415,6.191173],[5.978558,6.19088],[5.974944,6.196577],[6.003738,6.200875],[6.013087,6.206093],[6.039785,6.198237]]]}},
{"type":"Feature","properties":{},"geometry":{"type":"Polygon","coordinates":[[[6.0059,6.224788],[6.002227,6.220349],[5.94994,6.21821],[5.932955,6.224388],[5.930965,6.230888],[5.954914,6.238053],[5.997452,6.235786],[6.0059,6.224788]]]}},
{"type":"Feature","properties":{},"geometry":{"type":"Polygon","coordinates":[[[6.269874,6.192508],[6.263467,6.20471],[6.270394,6.211154],[6.282854,6.195265],[6.278775,6.190831],[6.269874,6.192508]]]}},
{"type":"Feature","properties":{},"geometry":{"type":"Polygon","coordinates":[[[6.250354,6.11357],[6.249608,6.124116],[6.25492,6.131786],[6.264997,6.123617],[6.264967,6.118752],[6.259672,6.113919],[6.250354,6.11357]]]}},
{"type":"Feature","properties":{},"geometry":{"type":"Polygon","coordinates":[[[6.205734,6.034371],[6.195262,6.044164],[6.193682,6.051065],[6.196955,6.056722],[6.207912,6.060306],[6.219411,6.086997],[6.234851,6.095014],[6.244557,6.092523],[6.246643,6.102646],[6.260858,6.109046],[6.269771,6.109398],[6.279852,6.102038],[6.272846,6.082216],[6.267163,6.080223],[6.261416,6.067285],[6.24841,6.05966],[6.242241,6.043886],[6.229645,6.037067],[6.221154,6.03955],[6.205734,6.034371]]]}},
{"type":"Feature","properties":{},"geometry":{"type":"Polygon","coordinates":[[[6.313937,6.04629],[6.312375,6.055624],[6.320501,6.060033],[6.323268,6.049071],[6.313937,6.04629]]]}},
{"type":"Feature","properties":{},"geometry":{"type":"Polygon","coordinates":[[[6.397346,5.979294],[6.390924,5.988252],[6.395402,5.992278],[6.411957,5.984878],[6.407053,5.977612],[6.397346,5.979294]]]}},
{"type":"Feature","properties":{},"geometry":{"type":"Polygon","coordinates":[[[6.160589,5.931242],[6.156165,5.936538],[6.163501,5.944606],[6.16313,5.95069],[6.185955,5.976102],[6.20382,5.984107],[6.205826,5.980851],[6.200088,5.969127],[6.189496,5.958242],[6.182523,5.942875],[6.167474,5.931203],[6.160589,5.931242]]]}},
{"type":"Feature","properties":{},"geometry":{"type":"Polygon","coordinates":[[[6.216007,5.921192],[6.216471,5.931325],[6.225379,5.931273],[6.223686,5.918715],[6.216007,5.921192]]]}},
{"type":"Feature","properties":{},"geometry":{"type":"Polygon","coordinates":[[[6.290256,5.596019],[6.278198,5.610682],[6.279875,5.621214],[6.29442,5.617078],[6.294864,5.623968],[6.31146,5.624685],[6.325526,5.607577],[6.325066,5.59785],[6.290256,5.596019]]]}},
{"type":"Feature","properties":{},"geometry":{"type":"Polygon","coordinates":[[[6.348126,5.453196],[6.331601,5.464234],[6.334586,5.491784],[6.351595,5.494932],[6.358154,5.5103],[6.397456,5.520617],[6.411526,5.505132],[6.413057,5.489719],[6.396017,5.480898],[6.385503,5.481769],[6.378983,5.473293],[6.376868,5.456684],[6.36835,5.452678],[6.357041,5.455984],[6.348126,5.453196]]]}},
{"type":"Feature","properties":{},"geometry":{"type":"Polygon","coordinates":[[[6.268588,5.097467],[6.267004,5.103961],[6.259734,5.10562],[6.258142,5.110494],[6.248848,5.111757],[6.248489,5.120679],[6.258213,5.124683],[6.261083,5.132372],[6.269576,5.132734],[6.273238,5.137175],[6.295414,5.124898],[6.297339,5.105834],[6.281116,5.096186],[6.274266,5.100681],[6.268588,5.097467]]]}},
{"type":"Feature","properties":{},"geometry":{"type":"Polygon","coordinates":[[[6.414487,4.688297],[6.412428,4.680199],[6.393039,4.681105],[6.394706,4.691636],[6.414487,4.688297]]]}},
{"type":"Feature","properties":{},"geometry":{"type":"Polygon","coordinates":[[[6.673279,4.419309],[6.632899,4.418697],[6.623244,4.42604],[6.62974,4.433303],[6.629782,4.441813],[6.637481,4.447449],[6.65401,4.442099],[6.656803,4.435196],[6.672938,4.431873],[6.673279,4.419309]]]}},
{"type":"Feature","properties":{},"geometry":{"type":"Polygon","coordinates":[[[6.478538,4.482673],[6.466458,4.490432],[6.480261,4.505364],[6.508964,4.510901],[6.511352,4.503593],[6.493098,4.487062],[6.492671,4.4822],[6.478538,4.482673]]]}},
{"type":"Feature","properties":{},"geometry":{"type":"Polygon","coordinates":[[[6.533009,4.555167],[6.526123,4.551147],[6.503916,4.552878],[6.476426,4.548147],[6.448195,4.557201],[6.441351,4.562098],[6.43897,4.571027],[6.440611,4.576289],[6.450735,4.58151],[6.457176,4.577019],[6.46851,4.581829],[6.482228,4.578519],[6.489065,4.572406],[6.500001,4.578433],[6.508859,4.572715],[6.523818,4.575478],[6.535072,4.564074],[6.533009,4.555167]]]}},
{"type":"Feature","properties":{},"geometry":{"type":"Polygon","coordinates":[[[6.484437,4.617422],[6.483685,4.628775],[6.496237,4.634793],[6.509557,4.6327],[6.515955,4.619293],[6.501797,4.615309],[6.484437,4.617422]]]}},
{"type":"Feature","properties":{},"geometry":{"type":"Polygon","coordinates":[[[6.665078,4.634747],[6.645306,4.638497],[6.635257,4.64787],[6.636494,4.652727],[6.645002,4.657952],[6.649433,4.655497],[6.656676,4.650191],[6.654625,4.644122],[6.667934,4.640406],[6.665078,4.634747]]]}},
{"type":"Feature","properties":{},"geometry":{"type":"Polygon","coordinates":[[[6.551159,4.790767],[6.55001,4.802932],[6.564569,4.805694],[6.567831,4.811351],[6.572671,4.809704],[6.571396,4.797552],[6.564485,4.789482],[6.551159,4.790767]]]}},
{"type":"Feature","properties":{},"geometry":{"type":"Polygon","coordinates":[[[6.55113,4.785093],[6.533332,4.781132],[6.51398,4.789338],[6.529762,4.794121],[6.546711,4.78998],[6.55113,4.785093]]]}},
{"type":"Feature","properties":{},"geometry":{"type":"Polygon","coordinates":[[[6.538341,4.812315],[6.538299,4.804209],[6.500256,4.791841],[6.492997,4.794715],[6.491435,4.805262],[6.516121,4.812836],[6.538341,4.812315]]]}},
{"type":"Feature","properties":{},"geometry":{"type":"Polygon","coordinates":[[[6.584226,4.855847],[6.58093,4.843706],[6.569192,4.839715],[6.459159,4.815155],[6.441428,4.824974],[6.442263,4.830239],[6.451178,4.835058],[6.467743,4.834568],[6.504962,4.842889],[6.505387,4.84694],[6.48562,4.853527],[6.484453,4.862451],[6.490121,4.864448],[6.532518,4.858147],[6.574153,4.86117],[6.584226,4.855847]]]}},
{"type":"Feature","properties":{},"geometry":{"type":"Polygon","coordinates":[[[6.662048,4.974779],[6.655087,4.958202],[6.6409,4.950175],[6.607789,4.954814],[6.598963,4.966616],[6.611528,4.973437],[6.619601,4.971772],[6.651977,4.980509],[6.662048,4.974779]]]}},
{"type":"Feature","properties":{},"geometry":{"type":"Polygon","coordinates":[[[6.680015,5.62065],[6.689209,5.603167],[6.677454,5.599188],[6.636631,5.604307],[6.641156,5.616436],[6.664659,5.623178],[6.67151,5.619082],[6.680015,5.62065]]]}},
{"type":"Feature","properties":{},"geometry":{"type":"Polygon","coordinates":[[[6.654685,5.645125],[6.633635,5.642826],[6.615066,5.649426],[6.608633,5.65595],[6.620795,5.659928],[6.642221,5.657361],[6.653102,5.650809],[6.654685,5.645125]]]}},
{"type":"Feature","properties":{},"geometry":{"type":"Polygon","coordinates":[[[6.481986,5.918571],[6.477579,5.925895],[6.491765,5.928643],[6.492529,5.921343],[6.481986,5.918571]]]}},
{"type":"Feature","properties":{},"geometry":{"type":"Polygon","coordinates":[[[6.700177,5.922426],[6.672982,5.910449],[6.662071,5.912953],[6.657675,5.921493],[6.682847,5.933483],[6.697417,5.933386],[6.700177,5.922426]]]}},
{"type":"Feature","properties":{},"geometry":{"type":"Polygon","coordinates":[[[6.461643,5.934507],[6.456679,5.917514],[6.447768,5.916759],[6.446192,5.92366],[6.440935,5.924503],[6.443301,5.914355],[6.433156,5.910364],[6.42957,5.919709],[6.420273,5.922198],[6.421036,5.914492],[6.399487,5.89922],[6.37035,5.90102],[6.357427,5.906368],[6.344547,5.919012],[6.346945,5.913728],[6.31208,5.905829],[6.308807,5.900174],[6.277669,5.906438],[6.280462,5.899529],[6.261443,5.901264],[6.23914,5.895313],[6.234354,5.907909],[6.236873,5.923301],[6.254774,5.937791],[6.239795,5.938285],[6.239097,5.957345],[6.254186,5.9755],[6.253008,5.981588],[6.238437,5.982891],[6.2295,5.978077],[6.215615,5.958292],[6.211149,5.956291],[6.205099,5.960381],[6.20718,5.970099],[6.220624,5.983805],[6.223527,5.995546],[6.235734,6.005205],[6.267797,6.017177],[6.275872,6.013074],[6.295166,5.989039],[6.310163,5.991381],[6.317004,5.984448],[6.329986,5.988423],[6.346127,5.979405],[6.368849,5.98697],[6.403425,5.947435],[6.445931,5.946766],[6.458442,5.940608],[6.461643,5.934507]],[[6.394025,5.918351],[6.385058,5.92309],[6.375513,5.921708],[6.383763,5.917333],[6.394025,5.918351]],[[6.326993,5.932451],[6.319452,5.935199],[6.30648,5.932575],[6.318526,5.9307],[6.326993,5.932451]]]}},
{"type":"Feature","properties":{},"geometry":{"type":"Polygon","coordinates":[[[6.394025,5.918351],[6.383763,5.917333],[6.375513,5.921708],[6.385058,5.92309],[6.394025,5.918351]]]}},
{"type":"Feature","properties":{},"geometry":{"type":"Polygon","coordinates":[[[6.326993,5.932451],[6.318526,5.9307],[6.30648,5.932575],[6.319452,5.935199],[6.326993,5.932451]]]}},
{"type":"Feature","properties":{},"geometry":{"type":"Polygon","coordinates":[[[6.532106,6.241185],[6.515911,6.242105],[6.512466,6.251855],[6.516557,6.258043],[6.528186,6.260666],[6.527585,6.251483],[6.534828,6.244409],[6.532106,6.241185]]]}},
{"type":"Feature","properties":{},"geometry":{"type":"Polygon","coordinates":[[[6.614948,6.194421],[6.6011,6.182627],[6.592189,6.182417],[6.588173,6.187308],[6.595533,6.197796],[6.602297,6.199911],[6.614948,6.194421]]]}},
{"type":"Feature","properties":{},"geometry":{"type":"Polygon","coordinates":[[[6.757815,4.480444],[6.746517,4.481853],[6.735266,4.492446],[6.735562,4.497848],[6.750903,4.497229],[6.757815,4.480444]]]}},
{"type":"Feature","properties":{},"geometry":{"type":"Polygon","coordinates":[[[6.72634,4.536798],[6.700232,4.537743],[6.694875,4.543174],[6.717291,4.557107],[6.730134,4.541641],[6.72634,4.536798]]]}},
{"type":"Feature","properties":{},"geometry":{"type":"Polygon","coordinates":[[[6.795711,4.917327],[6.783846,4.914693],[6.758077,4.930237],[6.745435,4.933281],[6.74547,4.939494],[6.764392,4.951543],[6.768117,4.943417],[6.798198,4.928388],[6.795711,4.917327]]]}},
{"type":"Feature","properties":{},"geometry":{"type":"Polygon","coordinates":[[[6.776809,5.409223],[6.780121,5.421628],[6.771471,5.417631],[6.745068,5.419955],[6.746797,5.438045],[6.758169,5.446078],[6.767875,5.446288],[6.783096,5.466182],[6.791465,5.46829],[6.804616,5.459022],[6.812433,5.458973],[6.814528,5.449235],[6.798527,5.433939],[6.803323,5.424994],[6.798399,5.41341],[6.776809,5.409223]]]}},
{"type":"Feature","properties":{},"geometry":{"type":"Polygon","coordinates":[[[6.758386,6.014591],[6.744888,6.013873],[6.743965,6.036571],[6.757971,6.032693],[6.758386,6.014591]]]}},
{"type":"Feature","properties":{},"geometry":{"type":"Polygon","coordinates":[[[6.676656,6.099304],[6.651242,6.092993],[6.644556,6.102224],[6.649737,6.110025],[6.677236,6.105243],[6.676656,6.099304]]]}},
{"type":"Feature","properties":{},"geometry":{"type":"Polygon","coordinates":[[[7.000286,6.235065],[6.969793,6.235566],[6.96201,6.241297],[6.962126,6.25669],[6.969453,6.262036],[6.993231,6.265636],[7.002883,6.25719],[7.019847,6.2522],[7.022496,6.245698],[7.017332,6.240877],[7.000286,6.235065]]]}},
{"type":"Feature","properties":{},"geometry":{"type":"Polygon","coordinates":[[[6.847071,5.944351],[6.827423,5.95097],[6.833448,5.963894],[6.846603,5.954618],[6.847071,5.944351]]]}},
{"type":"Feature","properties":{},"geometry":{"type":"Polygon","coordinates":[[[6.987581,5.977382],[6.970064,5.97967],[6.966065,5.98618],[6.969372,5.995879],[6.982574,5.993622],[7.002568,5.998067],[7.009559,5.995045],[7.004887,5.983197],[6.987581,5.977382]]]}},
{"type":"Feature","properties":{},"geometry":{"type":"Polygon","coordinates":[[[6.92914,5.855099],[6.919879,5.863756],[6.917523,5.874036],[6.927575,5.884229],[6.944761,5.873574],[6.94384,5.857646],[6.92914,5.855099]]]}},
{"type":"Feature","properties":{},"geometry":{"type":"Polygon","coordinates":[[[6.832141,5.568854],[6.810036,5.569267],[6.806376,5.58685],[6.816702,5.599209],[6.813275,5.611386],[6.821668,5.616734],[6.835109,5.610433],[6.84259,5.60012],[6.830353,5.583993],[6.832141,5.568854]]]}},
{"type":"Feature","properties":{},"geometry":{"type":"Polygon","coordinates":[[[7.044727,5.165323],[7.026611,5.154365],[7.024651,5.142495],[7.001445,5.13589],[6.995191,5.126477],[6.957229,5.129414],[6.95521,5.151303],[6.966804,5.153121],[6.971723,5.164434],[6.980067,5.163301],[6.985762,5.169477],[7.005932,5.164219],[7.012718,5.172547],[7.028914,5.177846],[7.043165,5.173974],[7.044727,5.165323]]]}},
{"type":"Feature","properties":{},"geometry":{"type":"Polygon","coordinates":[[[6.789891,5.006302],[6.80645,5.028357],[6.837053,5.010349],[6.814646,5.001836],[6.789891,5.006302]]]}},
{"type":"Feature","properties":{},"geometry":{"type":"Polygon","coordinates":[[[6.993068,4.726379],[6.967498,4.727066],[6.943915,4.745837],[6.946664,4.755814],[6.982403,4.744265],[6.993372,4.732589],[6.993068,4.726379]]]}},
{"type":"Feature","properties":{},"geometry":{"type":"Polygon","coordinates":[[[6.894875,4.641585],[6.89136,4.638634],[6.860952,4.640692],[6.838408,4.653511],[6.836282,4.658654],[6.851949,4.668293],[6.889829,4.654038],[6.894875,4.641585]]]}},
{"type":"Feature","properties":{},"geometry":{"type":"Polygon","coordinates":[[[6.863377,4.591383],[6.8566,4.582505],[6.839927,4.585567],[6.818444,4.595407],[6.81551,4.600555],[6.824419,4.605369],[6.853215,4.603863],[6.863377,4.591383]]]}},
{"type":"Feature","properties":{},"geometry":{"type":"Polygon","coordinates":[[[7.086763,3.942859],[7.0743,3.951022],[7.089276,3.961885],[7.092819,3.944044],[7.086763,3.942859]]]}},
{"type":"Feature","properties":{},"geometry":{"type":"Polygon","coordinates":[[[7.076382,3.881339],[7.073588,3.887429],[7.081685,3.893871],[7.072429,3.897967],[7.071252,3.904859],[7.096664,3.905545],[7.09617,3.886914],[7.076382,3.881339]]]}},
{"type":"Feature","properties":{},"geometry":{"type":"Polygon","coordinates":[[[7.061539,3.812953],[7.062369,3.81781],[7.070434,3.817772],[7.069608,3.813725],[7.061539,3.812953]]]}},
{"type":"Feature","properties":{},"geometry":{"type":"Polygon","coordinates":[[[7.001714,3.782851],[6.994903,3.792606],[6.995762,3.803945],[7.013964,3.815607],[7.011184,3.824938],[7.016054,3.831397],[7.013656,3.836269],[6.997954,3.842015],[7.001674,3.861038],[7.006938,3.865469],[7.014191,3.864219],[7.012955,3.858553],[7.021797,3.85203],[7.027785,3.839038],[7.027702,3.821214],[7.034117,3.813083],[7.034469,3.802143],[7.032429,3.796887],[7.025978,3.797322],[7.021917,3.791264],[7.001714,3.782851]]]}},
{"type":"Feature","properties":{},"geometry":{"type":"Polygon","coordinates":[[[7.173159,6.169259],[7.14723,6.165412],[7.127019,6.168404],[7.108877,6.177456],[7.105316,6.188014],[7.108993,6.192441],[7.139389,6.197875],[7.146714,6.203083],[7.149914,6.198197],[7.158402,6.196916],[7.160761,6.187987],[7.171626,6.180206],[7.173159,6.169259]]]}},
{"type":"Feature","properties":{},"geometry":{"type":"Polygon","coordinates":[[[7.157224,5.718395],[7.12408,5.720255],[7.124987,5.73402],[7.156526,5.733791],[7.157224,5.718395]]]}},
{"type":"Feature","properties":{},"geometry":{"type":"Polygon","coordinates":[[[7.174798,5.34201],[7.166405,5.355838],[7.176664,5.378854],[7.187182,5.380402],[7.196953,5.390864],[7.211928,5.394406],[7.223542,5.37934],[7.224283,5.369615],[7.215363,5.365222],[7.200696,5.347503],[7.174798,5.34201]]]}},
{"type":"Feature","properties":{},"geometry":{"type":"Polygon","coordinates":[[[7.382771,5.299461],[7.376288,5.296672],[7.320222,5.30881],[7.312627,5.320202],[7.333334,5.335038],[7.352309,5.333285],[7.358801,5.337288],[7.382046,5.311208],[7.382771,5.299461]]]}},
{"type":"Feature","properties":{},"geometry":{"type":"Polygon","coordinates":[[[7.320963,5.240775],[7.307664,5.245322],[7.312974,5.253789],[7.303731,5.260736],[7.332857,5.266609],[7.337229,5.256455],[7.334371,5.25202],[7.324671,5.251278],[7.320963,5.240775]]]}},
{"type":"Feature","properties":{},"geometry":{"type":"Polygon","coordinates":[[[7.322698,5.079598],[7.313849,5.084921],[7.313489,5.091403],[7.334544,5.099765],[7.334848,5.08478],[7.322698,5.079598]]]}},
{"type":"Feature","properties":{},"geometry":{"type":"Polygon","coordinates":[[[7.264573,5.02248],[7.263716,5.014791],[7.248725,5.007194],[7.249055,4.995852],[7.240932,4.988615],[7.241242,4.974034],[7.234331,4.966789],[7.226646,4.964813],[7.221855,4.973349],[7.205756,4.981957],[7.20742,4.989641],[7.222398,4.995215],[7.22243,5.000075],[7.232181,5.009326],[7.229417,5.019064],[7.241978,5.025462],[7.24599,5.021386],[7.257342,5.028196],[7.264573,5.02248]]]}},
{"type":"Feature","properties":{},"geometry":{"type":"Polygon","coordinates":[[[7.260155,4.90041],[7.239615,4.90864],[7.240856,4.913492],[7.261085,4.919842],[7.25265,4.926781],[7.247399,4.92641],[7.245336,4.919538],[7.235656,4.92122],[7.246289,4.942211],[7.282147,4.930235],[7.293776,4.917607],[7.281565,4.902297],[7.260155,4.90041]]]}},
{"type":"Feature","properties":{},"geometry":{"type":"Polygon","coordinates":[[[7.337926,4.877232],[7.337189,4.88817],[7.359109,4.906654],[7.362724,4.903796],[7.36427,4.893258],[7.356993,4.891686],[7.346411,4.878392],[7.337926,4.877232]]]}},
{"type":"Feature","properties":{},"geometry":{"type":"Polygon","coordinates":[[[7.181863,4.501763],[7.180189,4.491242],[7.162759,4.477976],[7.163214,4.486884],[7.181863,4.501763]]]}},
{"type":"Feature","properties":{},"geometry":{"type":"Polygon","coordinates":[[[7.594921,4.584374],[7.590612,4.572865],[7.577891,4.570519],[7.56693,4.559658],[7.541662,4.582894],[7.529721,4.608474],[7.570718,4.58453],[7.594921,4.584374]]]}},
{"type":"Feature","properties":{},"geometry":{"type":"Polygon","coordinates":[[[7.62729,5.158234],[7.622858,5.131551],[7.612555,5.130411],[7.600966,5.118958],[7.596811,5.130524],[7.600566,5.147498],[7.616987,5.157094],[7.62729,5.158234]]]}},
{"type":"Feature","properties":{},"geometry":{"type":"Polygon","coordinates":[[[7.489685,5.140397],[7.482439,5.143484],[7.478902,5.157477],[7.481995,5.166564],[7.4912,5.183502],[7.509462,5.196125],[7.516656,5.18575],[7.5166,5.177857],[7.512961,5.177275],[7.510436,5.162719],[7.501926,5.158529],[7.502481,5.151237],[7.489685,5.140397]]]}},
{"type":"Feature","properties":{},"geometry":{"type":"Polygon","coordinates":[[[7.492399,5.432474],[7.485173,5.438601],[7.480444,5.454425],[7.479435,5.48176],[7.496339,5.473132],[7.490831,5.465886],[7.507142,5.459084],[7.507005,5.440867],[7.492399,5.432474]]]}},
{"type":"Feature","properties":{},"geometry":{"type":"Polygon","coordinates":[[[7.651571,5.487731],[7.648608,5.496254],[7.651713,5.505944],[7.66869,5.507631],[7.679563,5.503296],[7.679486,5.493583],[7.651571,5.487731]]]}},
{"type":"Feature","properties":{},"geometry":{"type":"Polygon","coordinates":[[[7.463432,5.529857],[7.454364,5.532962],[7.448367,5.541509],[7.44664,5.553668],[7.449693,5.556681],[7.462913,5.541399],[7.463432,5.529857]]]}},
{"type":"Feature","properties":{},"geometry":{"type":"Polygon","coordinates":[[[7.59435,5.531891],[7.581602,5.528954],[7.577402,5.534451],[7.583687,5.563548],[7.59032,5.559246],[7.59435,5.531891]]]}},
{"type":"Feature","properties":{},"geometry":{"type":"Polygon","coordinates":[[[7.579804,5.609725],[7.57015,5.615265],[7.584203,5.629728],[7.573958,5.637094],[7.5953,5.65332],[7.597618,5.639943],[7.588919,5.61269],[7.579804,5.609725]]]}},
{"type":"Feature","properties":{},"geometry":{"type":"Polygon","coordinates":[[[7.506974,6.052372],[7.505891,6.068169],[7.499841,6.070041],[7.504229,6.087008],[7.518217,6.091142],[7.518375,6.109965],[7.51294,6.113047],[7.525124,6.119016],[7.526399,6.126292],[7.514928,6.133069],[7.50461,6.132548],[7.466805,6.109789],[7.414032,6.11144],[7.447913,6.099622],[7.450901,6.094131],[7.446003,6.088706],[7.433844,6.08577],[7.413247,6.089582],[7.404231,6.099981],[7.395135,6.100663],[7.400491,6.087865],[7.396811,6.083037],[7.357459,6.093681],[7.352037,6.098584],[7.352713,6.107082],[7.342491,6.118705],[7.34986,6.129578],[7.321957,6.131019],[7.317166,6.138954],[7.316614,6.14564],[7.327596,6.15284],[7.285699,6.150141],[7.276038,6.156293],[7.276766,6.171473],[7.283472,6.175064],[7.297014,6.198643],[7.310327,6.193676],[7.315236,6.200317],[7.303168,6.20892],[7.303864,6.219847],[7.328862,6.233613],[7.354849,6.220036],[7.378081,6.240494],[7.404248,6.248778],[7.425015,6.264393],[7.45473,6.261712],[7.460841,6.266519],[7.472329,6.261562],[7.476623,6.266991],[7.492401,6.266856],[7.498511,6.271661],[7.512468,6.271542],[7.512426,6.266684],[7.522129,6.265993],[7.52664,6.225876],[7.560276,6.186118],[7.568023,6.169657],[7.567291,6.15509],[7.58412,6.13673],[7.592333,6.103872],[7.585972,6.069317],[7.56638,6.047624],[7.506974,6.052372]]]}},
{"type":"Feature","properties":{},"geometry":{"type":"Polygon","coordinates":[[[7.735185,4.890536],[7.734077,4.905113],[7.745032,4.913534],[7.760776,4.914636],[7.758244,4.898871],[7.735185,4.890536]]]}},
{"type":"Feature","properties":{},"geometry":{"type":"Polygon","coordinates":[[[7.886177,5.1741],[7.881898,5.168671],[7.815936,5.172211],[7.812327,5.175274],[7.800187,5.171116],[7.795971,5.174184],[7.790005,5.185763],[7.793152,5.201521],[7.801656,5.205098],[7.804137,5.21297],[7.811421,5.215342],[7.816228,5.210449],[7.826548,5.214013],[7.809222,5.244495],[7.809879,5.251167],[7.819548,5.248665],[7.845386,5.222973],[7.851337,5.209573],[7.868795,5.196691],[7.875346,5.182681],[7.886177,5.1741]]]}},
{"type":"Feature","properties":{},"geometry":{"type":"Polygon","coordinates":[[[7.897215,5.192223],[7.884483,5.189894],[7.876712,5.202699],[7.883427,5.209931],[7.876242,5.220304],[7.892696,5.234136],[7.904766,5.229186],[7.905793,5.205509],[7.897215,5.192223]]]}},
{"type":"Feature","properties":{},"geometry":{"type":"Polygon","coordinates":[[[7.962528,5.260894],[7.962422,5.247544],[7.958761,5.243932],[7.947332,5.253125],[7.94121,5.244678],[7.935181,5.247759],[7.942253,5.299895],[7.955665,5.311319],[7.960503,5.310673],[7.961588,5.294886],[7.978529,5.293536],[7.979037,5.281395],[7.97234,5.276594],[7.972282,5.269312],[7.966819,5.267535],[7.968606,5.26388],[7.962528,5.260894]]]}},
{"type":"Feature","properties":{},"geometry":{"type":"Polygon","coordinates":[[[7.978775,5.47225],[7.963631,5.471769],[7.960693,5.482717],[7.94679,5.485866],[7.940213,5.496237],[7.948228,5.513164],[7.965816,5.516052],[7.965917,5.528188],[7.970182,5.531186],[7.976218,5.528709],[7.978775,5.47225]]]}},
{"type":"Feature","properties":{},"geometry":{"type":"Polygon","coordinates":[[[7.88764,5.584069],[7.885126,5.573165],[7.866388,5.578176],[7.861597,5.584892],[7.860591,5.609786],[7.882925,5.599889],[7.88764,5.584069]]]}},
{"type":"Feature","properties":{},"geometry":{"type":"Polygon","coordinates":[[[7.821363,5.983711],[7.816465,5.978291],[7.797018,5.972998],[7.785036,5.989493],[7.786386,6.005264],[7.797319,6.007595],[7.802707,5.999656],[7.821479,5.997064],[7.821363,5.983711]]]}},
{"type":"Feature","properties":{},"geometry":{"type":"Polygon","coordinates":[[[7.889367,6.063222],[7.883949,6.067519],[7.882825,6.07724],[7.885955,6.088137],[7.890823,6.089913],[7.903999,6.072193],[7.902743,6.067349],[7.889367,6.063222]]]}},
{"type":"Feature","properties":{},"geometry":{"type":"Polygon","coordinates":[[[8.006854,5.916813],[7.997235,5.925396],[7.996094,5.933294],[8.008246,5.936826],[8.013188,5.947097],[8.056219,5.94731],[8.054951,5.941254],[8.01959,5.917912],[8.006854,5.916813]]]}},
{"type":"Feature","properties":{},"geometry":{"type":"Polygon","coordinates":[[[8.078067,5.884614],[8.070279,5.894393],[8.095288,5.912367],[8.099452,5.903834],[8.090802,5.885711],[8.078067,5.884614]]]}},
{"type":"Feature","properties":{},"geometry":{"type":"Polygon","coordinates":[[[8.163941,5.932358],[8.158585,5.942721],[8.164701,5.948731],[8.171279,5.939569],[8.170617,5.933509],[8.163941,5.932358]]]}},
{"type":"Feature","properties":{},"geometry":{"type":"Polygon","coordinates":[[[8.182332,5.890326],[8.162256,5.881413],[8.144705,5.883395],[8.130266,5.894449],[8.121323,5.910306],[8.112281,5.915244],[8.108745,5.926198],[8.111881,5.937696],[8.125204,5.936965],[8.173427,5.909823],[8.181335,5.913388],[8.182332,5.890326]]]}},
{"type":"Feature","properties":{},"geometry":{"type":"Polygon","coordinates":[[[8.121996,5.648807],[8.085006,5.643672],[8.077181,5.649201],[8.080273,5.656455],[8.099712,5.662959],[8.103342,5.658038],[8.120248,5.656709],[8.121996,5.648807]]]}},
{"type":"Feature","properties":{},"geometry":{"type":"Polygon","coordinates":[[[8.18606,5.634284],[8.185967,5.623972],[8.176167,5.61132],[8.166474,5.610799],[8.165376,5.623549],[8.169052,5.62837],[8.18606,5.634284]]]}},
{"type":"Feature","properties":{},"geometry":{"type":"Polygon","coordinates":[[[8.15804,5.615727],[8.13487,5.59773],[8.125792,5.598416],[8.124039,5.605712],[8.128926,5.610523],[8.155103,5.626067],[8.15804,5.615727]]]}},
{"type":"Feature","properties":{},"geometry":{"type":"Polygon","coordinates":[[[8.141882,5.568547],[8.135174,5.563145],[8.129735,5.564406],[8.128014,5.575342],[8.135912,5.578306],[8.141882,5.568547]]]}},
{"type":"Feature","properties":{},"geometry":{"type":"Polygon","coordinates":[[[8.139268,5.558153],[8.142406,5.54761],[8.131065,5.543258],[8.129366,5.533566],[8.121284,5.532423],[8.117599,5.526388],[8.105922,5.529725],[8.090959,5.526618],[8.093694,5.516077],[8.087991,5.510059],[8.06491,5.501761],[8.058447,5.501411],[8.053248,5.507119],[8.054925,5.514386],[8.065041,5.517131],[8.054193,5.523291],[8.057467,5.528522],[8.023065,5.518298],[8.013407,5.52202],[8.008929,5.517608],[8.004105,5.520076],[8.003179,5.554066],[8.007257,5.558886],[8.019735,5.55433],[8.042361,5.55616],[8.044732,5.550071],[8.068097,5.544207],[8.111673,5.541405],[8.11333,5.546245],[8.087516,5.548895],[8.083562,5.558637],[8.115916,5.565232],[8.128768,5.55784],[8.139268,5.558153]],[[8.06112,5.541435],[8.045169,5.54337],[8.036871,5.538227],[8.04958,5.534703],[8.06112,5.541435]]]}},
{"type":"Feature","properties":{},"geometry":{"type":"Polygon","coordinates":[[[8.06112,5.541435],[8.04958,5.534703],[8.036871,5.538227],[8.045169,5.54337],[8.06112,5.541435]]]}},
{"type":"Feature","properties":{},"geometry":{"type":"Polygon","coordinates":[[[8.214047,5.55453],[8.206454,5.547857],[8.172472,5.538989],[8.169856,5.54764],[8.178216,5.549723],[8.173953,5.554614],[8.161278,5.55149],[8.164849,5.559817],[8.1606,5.566326],[8.178637,5.566976],[8.18691,5.559353],[8.190173,5.563098],[8.192842,5.560648],[8.212259,5.56533],[8.215478,5.564223],[8.214047,5.55453]]]}},
{"type":"Feature","properties":{},"geometry":{"type":"Polygon","coordinates":[[[8.134618,5.455593],[8.12742,5.463474],[8.110208,5.464431],[8.113836,5.47977],[8.119762,5.480528],[8.123314,5.486969],[8.11794,5.487824],[8.108934,5.504351],[8.114099,5.510509],[8.122716,5.511243],[8.125725,5.516879],[8.136444,5.511663],[8.136901,5.502222],[8.148532,5.477855],[8.144323,5.457668],[8.134618,5.455593]]]}},
{"type":"Feature","properties":{},"geometry":{"type":"Polygon","coordinates":[[[8.165378,5.402482],[8.159021,5.4144],[8.162851,5.421917],[8.160743,5.427058],[8.17194,5.446376],[8.175955,5.443914],[8.181172,5.424995],[8.165378,5.402482]]]}},
{"type":"Feature","properties":{},"geometry":{"type":"Polygon","coordinates":[[[8.067213,4.412798],[8.059955,4.412443],[8.046737,4.424265],[8.044043,4.442892],[8.051697,4.442434],[8.062915,4.432648],[8.068093,4.423714],[8.067213,4.412798]]]}},
{"type":"Feature","properties":{},"geometry":{"type":"Polygon","coordinates":[[[8.753749,4.455104],[8.742846,4.450645],[8.72753,4.461674],[8.7231,4.474437],[8.728557,4.477121],[8.742116,4.473379],[8.745776,4.477896],[8.753927,4.477831],[8.753749,4.455104]]]}},
{"type":"Feature","properties":{},"geometry":{"type":"Polygon","coordinates":[[[9.010906,4.450767],[8.999085,4.444503],[8.976458,4.445596],[8.97112,4.457453],[8.991982,4.461827],[9.005526,4.457173],[9.010906,4.450767]]]}},
{"type":"Feature","properties":{},"geometry":{"type":"Polygon","coordinates":[[[8.512421,4.820306],[8.502536,4.8313],[8.503486,4.83675],[8.513496,4.841215],[8.517181,4.848461],[8.532609,4.850154],[8.531636,4.841977],[8.512421,4.820306]]]}},
{"type":"Feature","properties":{},"geometry":{"type":"Polygon","coordinates":[[[9.056358,4.739792],[9.047238,4.732603],[9.045331,4.721715],[9.037134,4.716336],[9.028991,4.717315],[9.027235,4.723692],[9.017321,4.72923],[8.989213,4.72584],[8.988401,4.736751],[9.003926,4.751157],[8.997648,4.758481],[8.997711,4.765751],[9.005878,4.767496],[9.012156,4.760172],[9.014007,4.764699],[9.018513,4.762135],[9.026997,4.765695],[9.041799,4.755064],[9.053903,4.758189],[9.056358,4.739792]]]}},
{"type":"Feature","properties":{},"geometry":{"type":"Polygon","coordinates":[[[9.024456,4.887885],[9.015996,4.887356],[9.011197,4.891034],[9.011251,4.897092],[9.02229,4.915771],[9.027133,4.916939],[9.024456,4.887885]]]}},
{"type":"Feature","properties":{},"geometry":{"type":"Polygon","coordinates":[[[8.770468,4.927098],[8.766391,4.944709],[8.783955,4.949404],[8.788721,4.941484],[8.786198,4.929384],[8.770468,4.927098]]]}},
{"type":"Feature","properties":{},"geometry":{"type":"Polygon","coordinates":[[[8.923305,5.253543],[8.911199,5.25184],[8.904471,5.243421],[8.897858,5.24712],[8.89475,5.23806],[8.885045,5.234517],[8.884989,5.228458],[8.863235,5.229268],[8.873181,5.258261],[8.896153,5.258649],[8.916194,5.268758],[8.922205,5.265066],[8.923305,5.253543]]]}},
{"type":"Feature","properties":{},"geometry":{"type":"Polygon","coordinates":[[[8.359538,5.565439],[8.359483,5.559374],[8.348056,5.545326],[8.349179,5.535612],[8.333046,5.536566],[8.321416,5.544757],[8.322082,5.528982],[8.313213,5.529871],[8.312366,5.525431],[8.301472,5.525529],[8.293863,5.532067],[8.270839,5.529845],[8.270928,5.539954],[8.277421,5.54394],[8.279921,5.552814],[8.287993,5.552742],[8.291682,5.559179],[8.307413,5.558229],[8.314735,5.564631],[8.342619,5.568827],[8.359538,5.565439]]]}},
{"type":"Feature","properties":{},"geometry":{"type":"Polygon","coordinates":[[[8.380047,5.513094],[8.369652,5.523701],[8.371343,5.532177],[8.38579,5.523554],[8.384089,5.513866],[8.380047,5.513094]]]}},
{"type":"Feature","properties":{},"geometry":{"type":"Polygon","coordinates":[[[8.401702,5.586884],[8.401628,5.578799],[8.387038,5.572059],[8.374564,5.575813],[8.371006,5.583932],[8.375082,5.588342],[8.401702,5.586884]]]}},
{"type":"Feature","properties":{},"geometry":{"type":"Polygon","coordinates":[[[8.492057,5.540366],[8.48995,5.530684],[8.479877,5.53199],[8.468488,5.521988],[8.462443,5.522852],[8.456292,5.511994],[8.4454,5.512094],[8.430785,5.502122],[8.406975,5.50153],[8.407464,5.510824],[8.423687,5.519975],[8.409624,5.526572],[8.41371,5.532195],[8.469028,5.53694],[8.478815,5.548169],[8.492057,5.540366]]]}},
{"type":"Feature","properties":{},"geometry":{"type":"Polygon","coordinates":[[[8.577418,5.629696],[8.569607,5.614413],[8.547378,5.610179],[8.547857,5.618258],[8.561275,5.629044],[8.577418,5.629696]]]}},
{"type":"Feature","properties":{},"geometry":{"type":"Polygon","coordinates":[[[8.59808,5.680625],[8.585504,5.673471],[8.568242,5.682531],[8.536642,5.71113],[8.535175,5.726504],[8.551739,5.728365],[8.576257,5.718425],[8.596034,5.71904],[8.601134,5.704036],[8.59808,5.680625]]]}},
{"type":"Feature","properties":{},"geometry":{"type":"Polygon","coordinates":[[[8.603916,5.741192],[8.597836,5.738423],[8.577686,5.741045],[8.572065,5.74393],[8.572524,5.749583],[8.574992,5.754409],[8.601267,5.759001],[8.603916,5.741192]]]}},
{"type":"Feature","properties":{},"geometry":{"type":"Polygon","coordinates":[[[8.512378,5.747946],[8.511897,5.739866],[8.50089,5.72825],[8.485932,5.725564],[8.365795,5.78331],[8.297167,5.826818],[8.279588,5.846798],[8.271513,5.868508],[8.254652,5.879181],[8.244875,5.869973],[8.219348,5.86091],[8.192707,5.862371],[8.162675,5.846473],[8.165184,5.855752],[8.17175,5.867016],[8.18678,5.876582],[8.197892,5.898722],[8.201112,5.897478],[8.204392,5.902705],[8.218121,5.902374],[8.227753,5.895813],[8.237505,5.902192],[8.241632,5.911454],[8.250957,5.915409],[8.268226,5.905135],[8.269509,5.912807],[8.261848,5.914092],[8.245837,5.929207],[8.245468,5.93285],[8.256008,5.937198],[8.311858,5.928172],[8.418024,5.924716],[8.451041,5.915497],[8.468308,5.906028],[8.470271,5.90035],[8.46898,5.892277],[8.457122,5.877032],[8.412167,5.862108],[8.390572,5.841697],[8.393786,5.840049],[8.421021,5.859193],[8.445698,5.864612],[8.462738,5.873339],[8.47462,5.891009],[8.491566,5.890034],[8.503048,5.867284],[8.534686,5.84191],[8.543169,5.842634],[8.555613,5.83564],[8.553815,5.817065],[8.530731,5.809208],[8.503677,5.807856],[8.493486,5.797446],[8.455726,5.816406],[8.425921,5.823164],[8.414739,5.835805],[8.407877,5.835871],[8.398491,5.825449],[8.446811,5.812855],[8.492612,5.790582],[8.518122,5.799225],[8.526452,5.784188],[8.530884,5.783337],[8.532608,5.794637],[8.548746,5.794076],[8.555508,5.783905],[8.551845,5.780707],[8.558657,5.77579],[8.562187,5.765246],[8.562047,5.751101],[8.557573,5.747508],[8.541412,5.745643],[8.521687,5.750684],[8.468672,5.777473],[8.42357,5.788419],[8.407901,5.79625],[8.399001,5.794313],[8.341183,5.827614],[8.324634,5.828175],[8.395749,5.791918],[8.47986,5.765643],[8.512378,5.747946]]]}},
{"type":"Feature","properties":{},"geometry":{"type":"Polygon","coordinates":[[[8.235053,5.913404],[8.235264,5.907201],[8.226858,5.900809],[8.225071,5.911341],[8.235053,5.913404]]]}},
{"type":"Feature","properties":{},"geometry":{"type":"Polygon","coordinates":[[[8.208336,5.906915],[8.199279,5.917514],[8.209081,5.929016],[8.221497,5.932134],[8.219971,5.913006],[8.216964,5.908182],[8.208336,5.906915]]]}},
{"type":"Feature","properties":{},"geometry":{"type":"Polygon","coordinates":[[[8.241297,5.947314],[8.23708,5.95679],[8.242247,5.962133],[8.24789,5.961],[8.250518,5.954235],[8.246959,5.948069],[8.241297,5.947314]]]}},
{"type":"Feature","properties":{},"geometry":{"type":"Polygon","coordinates":[[[8.29559,5.993297],[8.295953,6.002998],[8.300015,6.005385],[8.302912,5.998618],[8.29559,5.993297]]]}},
{"type":"Feature","properties":{},"geometry":{"type":"Polygon","coordinates":[[[8.321336,5.982802],[8.318717,5.990375],[8.323597,5.993832],[8.326731,5.983828],[8.321336,5.982802]]]}},
{"type":"Feature","properties":{},"geometry":{"type":"Polygon","coordinates":[[[8.380396,5.937751],[8.352099,5.934523],[8.294507,5.936696],[8.265213,5.942367],[8.260183,5.951312],[8.284554,5.965636],[8.300156,5.964138],[8.322588,5.973085],[8.341402,5.969668],[8.351531,5.959057],[8.370849,5.952401],[8.380191,5.944222],[8.380396,5.937751]]]}},
{"type":"Feature","properties":{},"geometry":{"type":"Polygon","coordinates":[[[8.400254,5.945104],[8.398777,5.931642],[8.387537,5.938489],[8.388237,5.954924],[8.394609,5.945968],[8.400254,5.945104]]]}},
{"type":"Feature","properties":{},"geometry":{"type":"Polygon","coordinates":[[[8.47375,5.932521],[8.451107,5.92924],[8.447175,5.939791],[8.458828,5.94776],[8.474381,5.941947],[8.47375,5.932521]]]}},
{"type":"Feature","properties":{},"geometry":{"type":"Polygon","coordinates":[[[8.512635,5.877563],[8.50948,5.88514],[8.512755,5.889689],[8.51755,5.884791],[8.517222,5.878865],[8.512635,5.877563]]]}},
{"type":"Feature","properties":{},"geometry":{"type":"Polygon","coordinates":[[[8.538703,5.874071],[8.533391,5.88113],[8.541308,5.89237],[8.548035,5.892303],[8.550387,5.885273],[8.54681,5.877494],[8.538703,5.874071]]]}},
{"type":"Feature","properties":{},"geometry":{"type":"Polygon","coordinates":[[[8.584507,5.7851],[8.57025,5.785241],[8.569496,5.790638],[8.584571,5.791566],[8.584507,5.7851]]]}},
{"type":"Feature","properties":{},"geometry":{"type":"Polygon","coordinates":[[[8.48057,5.893193],[8.47684,5.903051],[8.487256,5.904027],[8.490159,5.895135],[8.48057,5.893193]]]}},
{"type":"Feature","properties":{},"geometry":{"type":"Polygon","coordinates":[[[8.347551,6.04314],[8.344583,6.051795],[8.338861,6.054008],[8.341087,6.061354],[8.350846,6.067907],[8.355307,6.065167],[8.363625,6.071195],[8.370068,6.069154],[8.367217,6.05319],[8.354009,6.042718],[8.347551,6.04314]]]}},
{"type":"Feature","properties":{},"geometry":{"type":"Polygon","coordinates":[[[8.750689,5.522928],[8.739023,5.52587],[8.735475,5.534389],[8.754971,5.548746],[8.75477,5.569355],[8.765353,5.579352],[8.770957,5.575256],[8.771676,5.56636],[8.762025,5.527666],[8.750689,5.522928]]]}},
{"type":"Feature","properties":{},"geometry":{"type":"Polygon","coordinates":[[[8.929907,5.583365],[8.930615,5.573664],[8.908678,5.557323],[8.865101,5.55372],[8.85861,5.549744],[8.844208,5.561198],[8.852421,5.576064],[8.873806,5.577467],[8.898304,5.56793],[8.90852,5.581561],[8.929907,5.583365]]]}},
{"type":"Feature","properties":{},"geometry":{"type":"Polygon","coordinates":[[[8.968436,5.526427],[8.950651,5.521356],[8.947506,5.529466],[8.956092,5.541497],[8.967329,5.536536],[8.968436,5.526427]]]}},
{"type":"Feature","properties":{},"geometry":{"type":"Polygon","coordinates":[[[8.841644,5.641046],[8.86016,5.637628],[8.858428,5.625795],[8.852495,5.62397],[8.840743,5.631629],[8.841644,5.641046]]]}},
{"type":"Feature","properties":{},"geometry":{"type":"Polygon","coordinates":[[[8.822681,5.653358],[8.825866,5.649286],[8.818783,5.639931],[8.80748,5.638966],[8.801765,5.63202],[8.785843,5.626253],[8.780797,5.632498],[8.78252,5.643524],[8.822681,5.653358]]]}},
{"type":"Feature","properties":{},"geometry":{"type":"Polygon","coordinates":[[[8.995178,5.722949],[8.995575,5.683634],[8.992038,5.679631],[8.995061,5.659945],[8.986036,5.644959],[8.984576,5.633665],[8.963261,5.599418],[8.941997,5.596135],[8.922495,5.608181],[8.924527,5.622971],[8.929404,5.626692],[8.953047,5.625643],[8.954975,5.630201],[8.95177,5.632119],[8.934838,5.632292],[8.929769,5.636113],[8.91814,5.62923],[8.914409,5.632499],[8.912051,5.612056],[8.890018,5.61282],[8.885048,5.626336],[8.891065,5.636508],[8.882855,5.648711],[8.882144,5.658144],[8.888617,5.660232],[8.892863,5.654802],[8.894362,5.670137],[8.900649,5.680306],[8.913653,5.690136],[8.930068,5.691583],[8.940383,5.701171],[8.94439,5.698707],[8.956317,5.708277],[8.96384,5.707928],[8.977952,5.720975],[8.995178,5.722949]]]}},
{"type":"Feature","properties":{},"geometry":{"type":"Polygon","coordinates":[[[8.740516,5.745768],[8.737911,5.754145],[8.748226,5.790137],[8.758348,5.780336],[8.757543,5.753947],[8.748323,5.746498],[8.740516,5.745768]]]}},
{"type":"Feature","properties":{},"geometry":{"type":"Polygon","coordinates":[[[8.984203,5.753086],[8.976036,5.743478],[8.942841,5.730902],[8.934515,5.731796],[8.916381,5.720134],[8.895373,5.716312],[8.861886,5.701843],[8.849145,5.691739],[8.841915,5.694506],[8.827065,5.688463],[8.820147,5.695536],[8.811823,5.696698],[8.805851,5.691101],[8.794556,5.690945],[8.784178,5.701824],[8.779021,5.697027],[8.758605,5.699119],[8.753057,5.708872],[8.757606,5.733609],[8.761392,5.735725],[8.759331,5.744635],[8.766132,5.752377],[8.761905,5.812759],[8.774496,5.834178],[8.78855,5.840767],[8.809791,5.840009],[8.814951,5.844804],[8.847797,5.848231],[8.862985,5.860461],[8.873201,5.860085],[8.893921,5.886663],[8.901224,5.890624],[8.917349,5.889644],[8.949731,5.874759],[8.947525,5.869666],[8.919013,5.86916],[8.924866,5.863174],[8.957667,5.862556],[8.959706,5.852033],[8.970482,5.841281],[8.970013,5.822437],[8.982733,5.805069],[8.988738,5.788042],[8.984646,5.782431],[8.987507,5.773246],[8.984203,5.753086]],[[8.888261,5.730659],[8.855401,5.725071],[8.846314,5.73055],[8.84427,5.741075],[8.836657,5.732804],[8.836032,5.724192],[8.842934,5.715503],[8.853686,5.715123],[8.890365,5.726059],[8.888261,5.730659]]]}},
{"type":"Feature","properties":{},"geometry":{"type":"Polygon","coordinates":[[[8.855401,5.725071],[8.888261,5.730659],[8.890365,5.726059],[8.853686,5.715123],[8.842934,5.715503],[8.836032,5.724192],[8.836657,5.732804],[8.84427,5.741075],[8.846314,5.73055],[8.855401,5.725071]]]}},
{"type":"Feature","properties":{},"geometry":{"type":"Polygon","coordinates":[[[9.001814,5.842024],[9.002098,5.830712],[8.993152,5.823941],[8.986726,5.826433],[8.984388,5.834132],[8.987696,5.841771],[9.001814,5.842024]]]}},
{"type":"Feature","properties":{},"geometry":{"type":"Polygon","coordinates":[[[8.956401,5.895018],[8.95432,5.888981],[8.945035,5.888273],[8.940716,5.899225],[8.948812,5.901966],[8.956401,5.895018]]]}},
{"type":"Feature","properties":{},"geometry":{"type":"Polygon","coordinates":[[[8.947451,5.92561],[8.940846,5.949108],[8.943775,5.958771],[8.949817,5.957898],[8.955385,5.950566],[8.9539,5.925136],[8.947451,5.92561]]]}},
{"type":"Feature","properties":{},"geometry":{"type":"Polygon","coordinates":[[[8.925585,5.993099],[8.915271,6.009368],[8.914974,6.019065],[8.919061,6.023868],[8.933063,6.012811],[8.931225,5.99223],[8.925585,5.993099]]]}},
{"type":"Feature","properties":{},"geometry":{"type":"Polygon","coordinates":[[[8.919548,6.031538],[8.912793,6.041306],[8.914938,6.052997],[8.920631,6.056974],[8.923192,6.03271],[8.919548,6.031538]]]}},
{"type":"Feature","properties":{},"geometry":{"type":"Polygon","coordinates":[[[8.938068,5.915814],[8.928262,5.904205],[8.889055,5.896948],[8.868608,5.870906],[8.806252,5.848934],[8.786507,5.85136],[8.746687,5.823892],[8.741838,5.823133],[8.73866,5.828014],[8.731764,5.864046],[8.739552,5.914879],[8.735183,5.960584],[8.738938,5.972263],[8.745806,5.972999],[8.747463,5.977023],[8.748821,5.99115],[8.76628,6.03925],[8.797842,6.084568],[8.823044,6.100861],[8.844738,6.128903],[8.854174,6.142737],[8.862109,6.166889],[8.875175,6.180481],[8.885306,6.184004],[8.884976,6.154114],[8.894536,6.142697],[8.898685,6.116394],[8.89601,6.093196],[8.900821,6.090315],[8.900657,6.075371],[8.897354,6.06854],[8.902874,6.056765],[8.900695,6.041843],[8.906595,6.027842],[8.905241,6.014526],[8.917499,5.99157],[8.918544,5.976209],[8.930927,5.964564],[8.937887,5.936618],[8.938068,5.915814]],[[8.850681,5.892505],[8.850787,5.902603],[8.837063,5.90194],[8.816796,5.892862],[8.818767,5.888398],[8.82723,5.887501],[8.850681,5.892505]]]}},
{"type":"Feature","properties":{},"geometry":{"type":"Polygon","coordinates":[[[8.850787,5.902603],[8.850681,5.892505],[8.82723,5.887501],[8.818767,5.888398],[8.816796,5.892862],[8.837063,5.90194],[8.850787,5.902603]]]}},
{"type":"Feature","properties":{},"geometry":{"type":"Polygon","coordinates":[[[8.734424,5.984533],[8.728351,5.982778],[8.726005,5.990076],[8.725463,5.996142],[8.732733,5.996672],[8.732778,6.000915],[8.702274,6.036391],[8.699985,6.049144],[8.711545,6.054477],[8.711583,6.058113],[8.703235,6.070325],[8.692364,6.072865],[8.68399,6.082651],[8.641905,6.169174],[8.633735,6.198359],[8.644049,6.200067],[8.652658,6.212098],[8.667807,6.212542],[8.670908,6.219177],[8.704276,6.224272],[8.711147,6.243593],[8.699733,6.252204],[8.699326,6.270393],[8.732264,6.291245],[8.725174,6.307688],[8.732146,6.335492],[8.771633,6.345357],[8.775953,6.352581],[8.797166,6.353555],[8.798323,6.348694],[8.781139,6.328886],[8.777289,6.309535],[8.788602,6.291834],[8.787296,6.283364],[8.770724,6.263548],[8.770011,6.253859],[8.779861,6.268294],[8.793299,6.278449],[8.806615,6.277696],[8.824912,6.289006],[8.839397,6.284601],[8.845949,6.274831],[8.839792,6.265811],[8.841546,6.260337],[8.852835,6.240819],[8.860088,6.239527],[8.864804,6.227961],[8.866263,6.195829],[8.858171,6.175921],[8.849181,6.16592],[8.84699,6.150189],[8.832245,6.130555],[8.824546,6.127812],[8.802408,6.096134],[8.789436,6.091021],[8.780049,6.081425],[8.761186,6.053749],[8.754907,6.032401],[8.747283,6.023862],[8.743806,6.000463],[8.734424,5.984533]],[[8.718153,6.131923],[8.714715,6.137617],[8.712951,6.14868],[8.708439,6.129602],[8.714883,6.128186],[8.718153,6.131923]]]}},
{"type":"Feature","properties":{},"geometry":{"type":"Polygon","coordinates":[[[8.718153,6.131923],[8.714883,6.128186],[8.708439,6.129602],[8.712951,6.14868],[8.718153,6.131923]]]}},
{"type":"Feature","properties":{},"geometry":{"type":"Polygon","coordinates":[[[8.836535,6.318759],[8.835229,6.31029],[8.825506,6.307369],[8.818124,6.29715],[8.806631,6.29849],[8.803119,6.309437],[8.805601,6.314864],[8.812876,6.315389],[8.81538,6.322633],[8.831154,6.324879],[8.836535,6.318759]]]}},
{"type":"Feature","properties":{},"geometry":{"type":"Polygon","coordinates":[[[8.671625,6.249667],[8.660873,6.263725],[8.664001,6.272784],[8.681487,6.265321],[8.671625,6.249667]]]}},
{"type":"Feature","properties":{},"geometry":{"type":"Polygon","coordinates":[[[8.62831,6.221036],[8.624779,6.230773],[8.629103,6.238608],[8.632041,6.23009],[8.62831,6.221036]]]}},
{"type":"Feature","properties":{},"geometry":{"type":"Polygon","coordinates":[[[8.589225,6.248733],[8.578372,6.253699],[8.569423,6.266527],[8.570725,6.275],[8.580392,6.272471],[8.591172,6.260837],[8.593549,6.256568],[8.589225,6.248733]]]}},
{"type":"Feature","properties":{},"geometry":{"type":"Polygon","coordinates":[[[8.631677,6.308901],[8.628154,6.319245],[8.636959,6.348853],[8.64243,6.350611],[8.676257,6.341148],[8.674346,6.332683],[8.648822,6.325687],[8.650573,6.319606],[8.641362,6.308189],[8.637154,6.311266],[8.631677,6.308901]]]}},
{"type":"Feature","properties":{},"geometry":{"type":"Polygon","coordinates":[[[8.671188,6.430917],[8.671074,6.420613],[8.666813,6.418842],[8.657192,6.425616],[8.655522,6.438971],[8.661621,6.44254],[8.671188,6.430917]]]}},
{"type":"Feature","properties":{},"geometry":{"type":"Polygon","coordinates":[[[8.506849,6.30842],[8.489372,6.3177],[8.497978,6.32913],[8.511342,6.332019],[8.517349,6.327104],[8.506849,6.30842]]]}},
{"type":"Feature","properties":{},"geometry":{"type":"Polygon","coordinates":[[[8.42284,6.330529],[8.417282,6.339885],[8.426328,6.354749],[8.430722,6.349852],[8.430122,6.331261],[8.42284,6.330529]]]}},
{"type":"Feature","properties":{},"geometry":{"type":"Polygon","coordinates":[[[8.467615,6.361589],[8.46229,6.354773],[8.447392,6.359782],[8.446252,6.366666],[8.464059,6.369307],[8.467615,6.361589]]]}},
{"type":"Feature","properties":{},"geometry":{"type":"Polygon","coordinates":[[[8.435063,6.378509],[8.431951,6.389862],[8.442091,6.393392],[8.444446,6.386899],[8.435063,6.378509]]]}},
{"type":"Feature","properties":{},"geometry":{"type":"Polygon","coordinates":[[[8.420013,6.407372],[8.416007,6.410648],[8.418963,6.422746],[8.415445,6.434103],[8.423593,6.440081],[8.431181,6.43151],[8.430648,6.419388],[8.427738,6.411737],[8.420013,6.407372]]]}},
{"type":"Feature","properties":{},"geometry":{"type":"Polygon","coordinates":[[[8.257279,6.442027],[8.25249,6.448142],[8.263889,6.455707],[8.268184,6.441105],[8.257279,6.442027]]]}},
{"type":"Feature","properties":{},"geometry":{"type":"Polygon","coordinates":[[[8.371682,6.518664],[8.365984,6.515086],[8.364023,6.520767],[8.369717,6.523941],[8.371682,6.518664]]]}},
{"type":"Feature","properties":{},"geometry":{"type":"Polygon","coordinates":[[[8.349631,6.53588],[8.344875,6.544826],[8.349769,6.548817],[8.358976,6.540228],[8.349631,6.53588]]]}},
{"type":"Feature","properties":{},"geometry":{"type":"Polygon","coordinates":[[[8.369225,6.553461],[8.360378,6.558004],[8.360947,6.573362],[8.366593,6.572088],[8.371754,6.563138],[8.369225,6.553461]]]}},
{"type":"Feature","properties":{},"geometry":{"type":"Polygon","coordinates":[[[8.510549,6.575774],[8.505993,6.565719],[8.495964,6.572702],[8.496933,6.587243],[8.503405,6.587576],[8.510549,6.575774]]]}},
{"type":"Feature","properties":{},"geometry":{"type":"Polygon","coordinates":[[[8.276274,6.671515],[8.267881,6.680906],[8.272446,6.691776],[8.282539,6.69005],[8.287318,6.683124],[8.285197,6.673846],[8.276274,6.671515]]]}},
{"type":"Feature","properties":{},"geometry":{"type":"Polygon","coordinates":[[[8.631086,6.923795],[8.611041,6.921607],[8.607017,6.940448],[8.618592,6.944555],[8.628883,6.942614],[8.634877,6.93648],[8.631086,6.923795]]]}},
{"type":"Feature","properties":{},"geometry":{"type":"Polygon","coordinates":[[[8.981185,6.88982],[8.977034,6.897142],[8.982551,6.90192],[8.988535,6.895786],[8.988444,6.888517],[8.981185,6.88982]]]}},
{"type":"Feature","properties":{},"geometry":{"type":"Polygon","coordinates":[[[9.372581,6.838127],[9.35984,6.83648],[9.346113,6.851799],[9.341452,6.865786],[9.35014,6.881412],[9.364086,6.882435],[9.37422,6.870191],[9.372581,6.838127]]]}},
{"type":"Feature","properties":{},"geometry":{"type":"Polygon","coordinates":[[[9.777209,6.88188],[9.770353,6.846589],[9.759473,6.84765],[9.756905,6.858576],[9.745922,6.852379],[9.726898,6.855371],[9.724315,6.865389],[9.743481,6.872378],[9.758223,6.887594],[9.76913,6.888346],[9.777209,6.88188]]]}},
{"type":"Feature","properties":{},"geometry":{"type":"Polygon","coordinates":[[[10.149157,6.810254],[10.126391,6.804246],[10.115656,6.814379],[10.115884,6.829791],[10.143052,6.826665],[10.149157,6.810254]]]}},
{"type":"Feature","properties":{},"geometry":{"type":"Polygon","coordinates":[[[4.301297,6.723328],[4.298841,6.716027],[4.293965,6.714822],[4.279975,6.722166],[4.270827,6.717926],[4.262306,6.720384],[4.24279,6.710691],[4.236104,6.716189],[4.222065,6.704654],[4.211123,6.713206],[4.194062,6.710812],[4.142977,6.745645],[4.139965,6.759658],[4.144245,6.766347],[4.145548,6.802273],[4.161439,6.82355],[4.16757,6.839368],[4.191342,6.843571],[4.210251,6.85205],[4.219383,6.848983],[4.219404,6.857508],[4.225511,6.862973],[4.236482,6.864163],[4.261422,6.848873],[4.30041,6.846944],[4.306468,6.834139],[4.342392,6.826733],[4.343584,6.816987],[4.333155,6.790832],[4.334353,6.783522],[4.325207,6.780501],[4.31296,6.756787],[4.299542,6.750735],[4.293429,6.742226],[4.301297,6.723328]]]}},
{"type":"Feature","properties":{},"geometry":{"type":"Polygon","coordinates":[[[4.401967,6.568385],[4.397135,6.582403],[4.390437,6.582422],[4.386797,6.587303],[4.387421,6.592782],[4.393556,6.609206],[4.408795,6.614644],[4.4191,6.598174],[4.418445,6.581735],[4.411131,6.57932],[4.401967,6.568385]]]}},
{"type":"Feature","properties":{},"geometry":{"type":"Polygon","coordinates":[[[4.413726,6.635333],[4.404043,6.656671],[4.410167,6.668833],[4.419282,6.6615],[4.424722,6.64748],[4.421646,6.636528],[4.413726,6.635333]]]}},
{"type":"Feature","properties":{},"geometry":{"type":"Polygon","coordinates":[[[4.353142,6.749371],[4.341628,6.770714],[4.347751,6.782267],[4.365373,6.766386],[4.364734,6.756037],[4.353142,6.749371]]]}},
{"type":"Feature","properties":{},"geometry":{"type":"Polygon","coordinates":[[[4.455937,6.802656],[4.451108,6.817284],[4.461491,6.826386],[4.471823,6.81844],[4.471186,6.809309],[4.466906,6.803841],[4.455937,6.802656]]]}},
{"type":"Feature","properties":{},"geometry":{"type":"Polygon","coordinates":[[[4.461352,7.173453],[4.429728,7.19791],[4.427919,7.204613],[4.429158,7.210699],[4.448076,7.216117],[4.458483,7.22948],[4.463975,7.23068],[4.47918,7.219063],[4.479113,7.198361],[4.470501,7.174642],[4.461352,7.173453]]]}},
{"type":"Feature","properties":{},"geometry":{"type":"Polygon","coordinates":[[[4.277331,7.631457],[4.271269,7.645277],[4.283113,7.660262],[4.294082,7.65414],[4.29691,7.647637],[4.28872,7.630205],[4.277331,7.631457]]]}},
{"type":"Feature","properties":{},"geometry":{"type":"Polygon","coordinates":[[[4.324869,7.609798],[4.315957,7.62241],[4.316416,7.639457],[4.322525,7.641468],[4.330246,7.638198],[4.334671,7.621947],[4.331792,7.611807],[4.324869,7.609798]]]}},
{"type":"Feature","properties":{},"geometry":{"type":"Polygon","coordinates":[[[4.386192,7.701346],[4.396642,7.661532],[4.386464,7.65994],[4.357644,7.681548],[4.35525,7.696575],[4.358937,7.704276],[4.369524,7.706272],[4.386192,7.701346]]]}},
{"type":"Feature","properties":{},"geometry":{"type":"Polygon","coordinates":[[[4.457078,7.605721],[4.454996,7.591521],[4.447248,7.585864],[4.442788,7.590344],[4.426104,7.588776],[4.420856,7.601377],[4.417192,7.600577],[4.400397,7.564909],[4.390204,7.557635],[4.384926,7.560899],[4.382112,7.571462],[4.382129,7.576739],[4.388653,7.58159],[4.378896,7.583651],[4.378102,7.589742],[4.36509,7.591814],[4.365958,7.608861],[4.379403,7.614905],[4.385978,7.635181],[4.400229,7.638788],[4.412488,7.65458],[4.42509,7.651292],[4.444626,7.653255],[4.457627,7.647528],[4.459208,7.633722],[4.442059,7.615513],[4.447312,7.604942],[4.457078,7.605721]]]}},
{"type":"Feature","properties":{},"geometry":{"type":"Polygon","coordinates":[[[4.24896,7.80772],[4.24451,7.817071],[4.260029,7.834074],[4.264826,7.804832],[4.257086,7.802825],[4.24896,7.80772]]]}},
{"type":"Feature","properties":{},"geometry":{"type":"Polygon","coordinates":[[[4.539013,7.984751],[4.523482,7.968977],[4.518196,7.971026],[4.513359,7.984438],[4.525232,8.001849],[4.531345,8.003044],[4.539013,7.984751]]]}},
{"type":"Feature","properties":{},"geometry":{"type":"Polygon","coordinates":[[[4.596917,7.686813],[4.590793,7.681153],[4.57695,7.678768],[4.570397,7.667022],[4.562254,7.665429],[4.560595,7.656912],[4.552022,7.648824],[4.548785,7.653706],[4.523546,7.649736],[4.520714,7.654211],[4.512168,7.653835],[4.506092,7.661569],[4.49181,7.649442],[4.474711,7.646253],[4.45646,7.663363],[4.441836,7.670313],[4.423921,7.666721],[4.414578,7.671622],[4.379747,7.721663],[4.388728,7.730564],[4.400507,7.723626],[4.42737,7.724755],[4.438423,7.744202],[4.448626,7.752691],[4.44502,7.769346],[4.450763,7.782315],[4.471133,7.788335],[4.483336,7.786263],[4.485825,7.799649],[4.491532,7.802065],[4.502108,7.800403],[4.510198,7.786573],[4.521185,7.786128],[4.524085,7.800324],[4.530611,7.803954],[4.543201,7.796602],[4.552565,7.79738],[4.553723,7.780329],[4.548811,7.772634],[4.560982,7.762443],[4.560952,7.754325],[4.578053,7.756696],[4.581335,7.763989],[4.603687,7.755789],[4.606492,7.744414],[4.597069,7.727401],[4.599887,7.719273],[4.594169,7.713611],[4.596917,7.686813]]]}},
{"type":"Feature","properties":{},"geometry":{"type":"Polygon","coordinates":[[[4.503083,7.615475],[4.498447,7.608186],[4.483268,7.610673],[4.469741,7.620461],[4.468969,7.632911],[4.480641,7.635578],[4.486314,7.628794],[4.48851,7.636363],[4.496642,7.634982],[4.503083,7.615475]]]}},
{"type":"Feature","properties":{},"geometry":{"type":"Polygon","coordinates":[[[4.535226,7.57829],[4.523067,7.591051],[4.523143,7.612699],[4.526411,7.616205],[4.536166,7.614006],[4.54779,7.603142],[4.546645,7.586368],[4.535226,7.57829]]]}},
{"type":"Feature","properties":{},"geometry":{"type":"Polygon","coordinates":[[[4.605945,7.488198],[4.595362,7.485801],[4.585647,7.498418],[4.58527,7.506537],[4.594651,7.51381],[4.606,7.503216],[4.605945,7.488198]]]}},
{"type":"Feature","properties":{},"geometry":{"type":"Polygon","coordinates":[[[4.663192,6.991032],[4.657138,7.002011],[4.659657,7.025138],[4.680413,7.035415],[4.68829,7.022602],[4.687658,7.016516],[4.67788,7.008636],[4.671786,7.008658],[4.663192,6.991032]]]}},
{"type":"Feature","properties":{},"geometry":{"type":"Polygon","coordinates":[[[4.844572,6.661463],[4.842682,6.64412],[4.833526,6.637762],[4.827975,6.618606],[4.817903,6.611339],[4.813347,6.614095],[4.812494,6.630535],[4.807014,6.630555],[4.802488,6.64153],[4.804341,6.648828],[4.809824,6.649722],[4.817245,6.680743],[4.830031,6.680695],[4.829981,6.666998],[4.840937,6.666043],[4.844572,6.661463]]]}},
{"type":"Feature","properties":{},"geometry":{"type":"Polygon","coordinates":[[[4.978683,6.626246],[4.978639,6.615289],[4.953971,6.611735],[4.946684,6.61633],[4.95131,6.631835],[4.970486,6.631758],[4.978683,6.626246]]]}},
{"type":"Feature","properties":{},"geometry":{"type":"Polygon","coordinates":[[[5.176392,6.525903],[5.162676,6.520484],[5.156329,6.530555],[5.160941,6.541491],[5.17099,6.543273],[5.176392,6.525903]]]}},
{"type":"Feature","properties":{},"geometry":{"type":"Polygon","coordinates":[[[4.854193,6.868868],[4.842034,6.875002],[4.842723,6.895698],[4.852441,6.888355],[4.853682,6.894438],[4.867722,6.90169],[4.876298,6.913832],[4.881157,6.91016],[4.878013,6.885213],[4.854193,6.868868]]]}},
{"type":"Feature","properties":{},"geometry":{"type":"Polygon","coordinates":[[[4.947384,7.197066],[4.939984,7.177009],[4.930849,7.178873],[4.925418,7.191679],[4.925503,7.211767],[4.938295,7.209888],[4.947384,7.197066]]]}},
{"type":"Feature","properties":{},"geometry":{"type":"Polygon","coordinates":[[[4.673423,7.533304],[4.662484,7.544304],[4.665299,7.562558],[4.670808,7.567103],[4.686369,7.567957],[4.68904,7.548769],[4.685341,7.538738],[4.673423,7.533304]]]}},
{"type":"Feature","properties":{},"geometry":{"type":"Polygon","coordinates":[[[4.841258,7.622117],[4.839389,7.612994],[4.822916,7.613065],[4.815618,7.618574],[4.814729,7.62497],[4.81749,7.628611],[4.837629,7.629438],[4.841258,7.622117]]]}},
{"type":"Feature","properties":{},"geometry":{"type":"Polygon","coordinates":[[[4.938588,7.488382],[4.934977,7.499355],[4.942325,7.505714],[4.945915,7.490176],[4.938588,7.488382]]]}},
{"type":"Feature","properties":{},"geometry":{"type":"Polygon","coordinates":[[[5.201549,7.386721],[5.175116,7.405109],[5.172395,7.409687],[5.175166,7.415151],[5.198945,7.415035],[5.207154,7.410431],[5.208901,7.393989],[5.201549,7.386721]]]}},
{"type":"Feature","properties":{},"geometry":{"type":"Polygon","coordinates":[[[5.199471,6.855236],[5.1976,6.845506],[5.19028,6.843104],[5.190831,6.83032],[5.167079,6.829818],[5.167044,6.821905],[5.153582,6.807359],[5.138353,6.80621],[5.123181,6.81784],[5.125687,6.833655],[5.137958,6.854296],[5.17089,6.864494],[5.194023,6.862564],[5.199471,6.855236]]]}},
{"type":"Feature","properties":{},"geometry":{"type":"Polygon","coordinates":[[[5.364638,6.633534],[5.357378,6.642698],[5.358036,6.653041],[5.366001,6.663957],[5.378809,6.669373],[5.378109,6.65051],[5.371956,6.636542],[5.364638,6.633534]]]}},
{"type":"Feature","properties":{},"geometry":{"type":"Polygon","coordinates":[[[5.362147,6.492354],[5.353011,6.490572],[5.347561,6.496075],[5.350031,6.503975],[5.361009,6.5094],[5.362147,6.492354]]]}},
{"type":"Feature","properties":{},"geometry":{"type":"Polygon","coordinates":[[[5.532732,6.774488],[5.531489,6.769626],[5.526007,6.769046],[5.519311,6.769081],[5.516901,6.773961],[5.502894,6.772815],[5.493797,6.779556],[5.493226,6.786861],[5.500531,6.786823],[5.501796,6.795944],[5.507291,6.798959],[5.513344,6.792234],[5.521251,6.790977],[5.532732,6.774488]]]}},
{"type":"Feature","properties":{},"geometry":{"type":"Polygon","coordinates":[[[5.524955,6.800694],[5.51341,6.805013],[5.509805,6.814159],[5.512275,6.82084],[5.521381,6.815925],[5.524955,6.800694]]]}},
{"type":"Feature","properties":{},"geometry":{"type":"Polygon","coordinates":[[[5.376299,7.25909],[5.367655,7.237835],[5.353027,7.237304],[5.343293,7.240397],[5.339699,7.252588],[5.342168,7.258661],[5.365913,7.254276],[5.366564,7.262183],[5.376299,7.25909]]]}},
{"type":"Feature","properties":{},"geometry":{"type":"Polygon","coordinates":[[[5.561058,7.278774],[5.550582,7.258145],[5.538985,7.25456],[5.531598,7.241215],[5.527945,7.241843],[5.526168,7.25098],[5.530481,7.259475],[5.520775,7.267439],[5.523264,7.276553],[5.539091,7.273422],[5.549481,7.27884],[5.561058,7.278774]]]}},
{"type":"Feature","properties":{},"geometry":{"type":"Polygon","coordinates":[[[5.491818,7.320539],[5.491777,7.313237],[5.48137,7.304776],[5.431332,7.293485],[5.432611,7.304432],[5.444227,7.311063],[5.446115,7.322007],[5.458898,7.318896],[5.465036,7.326773],[5.470508,7.324309],[5.47968,7.329735],[5.491818,7.320539]]]}},
{"type":"Feature","properties":{},"geometry":{"type":"Polygon","coordinates":[[[5.543441,7.395704],[5.548206,7.376205],[5.54333,7.376233],[5.511087,7.387367],[5.509341,7.401981],[5.514893,7.413512],[5.521626,7.418342],[5.532578,7.41463],[5.533121,7.403065],[5.543441,7.395704]]]}},
{"type":"Feature","properties":{},"geometry":{"type":"Polygon","coordinates":[[[5.48299,7.485496],[5.467582,7.492345],[5.455912,7.489164],[5.429923,7.493905],[5.420749,7.500988],[5.40964,7.501321],[5.408036,7.505387],[5.38152,7.513374],[5.380232,7.525552],[5.391157,7.540909],[5.40634,7.541909],[5.407216,7.553263],[5.39229,7.549829],[5.378078,7.528268],[5.369921,7.523443],[5.356912,7.523514],[5.333389,7.533919],[5.32348,7.556421],[5.309646,7.5546],[5.306138,7.557594],[5.306748,7.570303],[5.300831,7.57899],[5.28381,7.58963],[5.259435,7.594085],[5.259455,7.597872],[5.268205,7.612163],[5.290226,7.623947],[5.328082,7.630779],[5.353019,7.630102],[5.393575,7.610677],[5.426602,7.602919],[5.446927,7.578194],[5.453029,7.578768],[5.45489,7.584235],[5.44516,7.589157],[5.436693,7.601983],[5.402622,7.616781],[5.391637,7.615623],[5.385588,7.624784],[5.36796,7.635835],[5.367994,7.64192],[5.374727,7.646143],[5.388756,7.646067],[5.39367,7.652125],[5.416831,7.648953],[5.429054,7.653143],[5.435129,7.648849],[5.48699,7.651596],[5.499834,7.657606],[5.507206,7.666691],[5.546256,7.668897],[5.551785,7.675557],[5.557884,7.67552],[5.567018,7.673031],[5.59191,7.654022],[5.602278,7.653959],[5.621124,7.644109],[5.640452,7.613568],[5.676233,7.581712],[5.668247,7.572027],[5.556696,7.578171],[5.474886,7.561607],[5.487534,7.534151],[5.48565,7.524425],[5.481995,7.525055],[5.48318,7.518963],[5.492935,7.518907],[5.499611,7.513392],[5.499468,7.488444],[5.48299,7.485496]]]}},
{"type":"Feature","properties":{},"geometry":{"type":"Polygon","coordinates":[[[5.619606,7.684072],[5.606318,7.705247],[5.614891,7.710873],[5.614565,7.723856],[5.633714,7.729821],[5.643855,7.725703],[5.647065,7.718788],[5.628681,7.705109],[5.627803,7.694568],[5.619606,7.684072]]]}},
{"type":"Feature","properties":{},"geometry":{"type":"Polygon","coordinates":[[[5.652036,7.668055],[5.630916,7.671834],[5.633493,7.694127],[5.65576,7.678578],[5.652036,7.668055]]]}},
{"type":"Feature","properties":{},"geometry":{"type":"Polygon","coordinates":[[[5.927837,7.825993],[5.920467,7.818745],[5.893002,7.816499],[5.852617,7.797917],[5.816654,7.801807],[5.813437,7.776886],[5.829198,7.76218],[5.810129,7.737974],[5.787464,7.722914],[5.776482,7.722377],[5.754621,7.737119],[5.702233,7.747797],[5.666404,7.772971],[5.610376,7.788529],[5.599444,7.796507],[5.590364,7.808122],[5.595908,7.816607],[5.592402,7.841575],[5.601546,7.840302],[5.611865,7.83172],[5.614336,7.836572],[5.607109,7.851828],[5.607772,7.860342],[5.595618,7.868327],[5.593299,7.887812],[5.687353,7.900603],[5.710504,7.894977],[5.718357,7.882759],[5.732346,7.875977],[5.737139,7.862561],[5.736318,7.830322],[5.745421,7.822961],[5.752617,7.804054],[5.758183,7.815576],[5.74446,7.862512],[5.748125,7.863097],[5.790123,7.84822],[5.912656,7.83583],[5.923614,7.832714],[5.927837,7.825993]]]}},
{"type":"Feature","properties":{},"geometry":{"type":"Polygon","coordinates":[[[5.781203,7.882955],[5.776225,7.868387],[5.757376,7.878244],[5.753081,7.874623],[5.751348,7.889235],[5.763586,7.894629],[5.781203,7.882955]]]}},
{"type":"Feature","properties":{},"geometry":{"type":"Polygon","coordinates":[[[5.968849,7.220169],[5.959716,7.220836],[5.95003,7.230024],[5.940284,7.230087],[5.93125,7.245962],[5.933098,7.248991],[5.941605,7.245894],[5.946498,7.248904],[5.953772,7.243381],[5.95868,7.248824],[5.966595,7.248165],[5.964696,7.237228],[5.968932,7.232942],[5.968849,7.220169]]]}},
{"type":"Feature","properties":{},"geometry":{"type":"Polygon","coordinates":[[[6.053992,6.922941],[6.049834,6.938782],[6.063255,6.943561],[6.06192,6.925323],[6.053992,6.922941]]]}},
{"type":"Feature","properties":{},"geometry":{"type":"Polygon","coordinates":[[[5.806691,6.686592],[5.803082,6.693913],[5.820403,6.743091],[5.836285,6.753341],[5.838624,6.736902],[5.829443,6.727829],[5.813398,6.688987],[5.806691,6.686592]]]}},
{"type":"Feature","properties":{},"geometry":{"type":"Polygon","coordinates":[[[5.876424,6.645126],[5.872827,6.654272],[5.890527,6.663901],[5.873517,6.66826],[5.873563,6.676168],[5.899106,6.674193],[5.904478,6.65652],[5.888602,6.646879],[5.876424,6.645126]]]}},
{"type":"Feature","properties":{},"geometry":{"type":"Polygon","coordinates":[[[5.915066,6.489779],[5.913891,6.497086],[5.900549,6.503853],[5.894516,6.512403],[5.900066,6.525755],[5.907991,6.528752],[5.92126,6.509209],[5.921168,6.493394],[5.915066,6.489779]]]}},
{"type":"Feature","properties":{},"geometry":{"type":"Polygon","coordinates":[[[6.069132,6.42257],[6.067876,6.415887],[6.042853,6.400222],[6.02521,6.3985],[6.024052,6.408239],[6.032007,6.416708],[6.026602,6.428297],[6.029679,6.434361],[6.059462,6.43236],[6.069132,6.42257]]]}},
{"type":"Feature","properties":{},"geometry":{"type":"Polygon","coordinates":[[[6.160791,6.398292],[6.152914,6.402597],[6.155414,6.413529],[6.168226,6.420749],[6.199238,6.421772],[6.196693,6.403544],[6.160791,6.398292]]]}},
{"type":"Feature","properties":{},"geometry":{"type":"Polygon","coordinates":[[[6.2459,6.493544],[6.241695,6.501476],[6.247775,6.501437],[6.244189,6.51119],[6.269137,6.514069],[6.273977,6.510389],[6.275726,6.498823],[6.272047,6.493982],[6.2459,6.493544]]]}},
{"type":"Feature","properties":{},"geometry":{"type":"Polygon","coordinates":[[[6.300571,6.485892],[6.297653,6.504762],[6.304369,6.508976],[6.311633,6.504063],[6.312149,6.490074],[6.308466,6.484625],[6.300571,6.485892]]]}},
{"type":"Feature","properties":{},"geometry":{"type":"Polygon","coordinates":[[[6.330064,6.440701],[6.326954,6.429775],[6.316012,6.429847],[6.306914,6.432947],[6.302718,6.442095],[6.319147,6.44442],[6.330064,6.440701]]]}},
{"type":"Feature","properties":{},"geometry":{"type":"Polygon","coordinates":[[[6.252049,7.220824],[6.246647,7.231808],[6.272984,7.252902],[6.27846,7.252254],[6.288723,7.240017],[6.286795,7.226045],[6.267915,7.225574],[6.2636,7.218308],[6.252049,7.220824]]]}},
{"type":"Feature","properties":{},"geometry":{"type":"Polygon","coordinates":[[[6.308765,7.232577],[6.298457,7.238732],[6.298515,7.246637],[6.310027,7.238649],[6.308765,7.232577]]]}},
{"type":"Feature","properties":{},"geometry":{"type":"Polygon","coordinates":[[[6.258961,7.250571],[6.251346,7.264309],[6.25955,7.276006],[6.272074,7.267402],[6.272024,7.26051],[6.258961,7.250571]]]}},
{"type":"Feature","properties":{},"geometry":{"type":"Polygon","coordinates":[[[5.983563,7.265543],[5.970155,7.264616],[5.9714,7.268663],[5.962532,7.278858],[5.966245,7.287755],[5.978446,7.290109],[5.988698,7.305046],[5.985944,7.318446],[5.978273,7.32539],[5.977924,7.333909],[5.962637,7.356312],[5.967159,7.364393],[5.981763,7.361458],[5.994281,7.350426],[6.001671,7.362136],[6.008962,7.359248],[6.014283,7.365294],[6.029717,7.365189],[6.030566,7.370455],[6.046907,7.384132],[6.059103,7.385671],[6.066929,7.40143],[6.077478,7.399735],[6.081627,7.412276],[6.06219,7.420926],[6.050494,7.433172],[6.04048,7.453717],[6.04097,7.465878],[6.033721,7.475254],[6.013495,7.487963],[6.012754,7.498309],[5.999413,7.508133],[5.997443,7.517068],[6.009684,7.524688],[6.02019,7.516099],[6.034018,7.518032],[6.07663,7.510842],[6.084768,7.512609],[6.098258,7.524272],[6.112839,7.517683],[6.119005,7.527776],[6.139379,7.536144],[6.144713,7.543403],[6.14393,7.547463],[6.126095,7.553269],[6.120854,7.558983],[6.127982,7.589544],[6.117891,7.598943],[6.117181,7.613138],[6.128567,7.614272],[6.138679,7.607711],[6.160046,7.61242],[6.174615,7.604206],[6.212085,7.615889],[6.211736,7.623595],[6.202446,7.630962],[6.203313,7.638253],[6.211906,7.646298],[6.202225,7.655898],[6.201958,7.674549],[6.186613,7.687638],[6.186678,7.696355],[6.194906,7.709672],[6.16375,7.728553],[6.157735,7.739544],[6.168315,7.741088],[6.192635,7.731988],[6.220651,7.728127],[6.237327,7.729623],[6.251827,7.739041],[6.259249,7.752767],[6.275213,7.767238],[6.273253,7.776577],[6.270836,7.779434],[6.263898,7.77584],[6.230997,7.778928],[6.218061,7.788351],[6.212854,7.798526],[6.231971,7.800003],[6.253459,7.792542],[6.269762,7.798091],[6.284572,7.794732],[6.294828,7.806814],[6.276229,7.819526],[6.266594,7.835007],[6.268696,7.843909],[6.288233,7.846999],[6.311773,7.841952],[6.33171,7.844226],[6.335823,7.850274],[6.318828,7.860138],[6.316441,7.866643],[6.327235,7.894731],[6.323667,7.90611],[6.32823,7.917424],[6.324677,7.930627],[6.331254,7.939492],[6.342595,7.934131],[6.363416,7.944503],[6.375168,7.939544],[6.373235,7.926994],[6.386476,7.905403],[6.385557,7.892439],[6.396069,7.885259],[6.400014,7.870635],[6.393798,7.856093],[6.39483,7.832979],[6.406194,7.83086],[6.413159,7.837694],[6.422104,7.838027],[6.426932,7.831908],[6.446855,7.832558],[6.45991,7.838529],[6.48007,7.818907],[6.482024,7.809569],[6.487364,7.816415],[6.502811,7.816693],[6.517127,7.827518],[6.53792,7.835448],[6.54684,7.832941],[6.558505,7.818658],[6.57683,7.822963],[6.588181,7.819623],[6.591501,7.8277],[6.613804,7.82224],[6.637257,7.832172],[6.651896,7.83326],[6.663786,7.845313],[6.679219,7.844367],[6.69639,7.855969],[6.706701,7.850206],[6.706662,7.845749],[6.721688,7.844805],[6.732586,7.836604],[6.746379,7.834049],[6.751279,7.836842],[6.766832,7.826575],[6.781263,7.804971],[6.781343,7.791194],[6.772707,7.779521],[6.779188,7.777437],[6.793899,7.741851],[6.784891,7.733829],[6.765765,7.729947],[6.752555,7.706155],[6.754531,7.699857],[6.764143,7.684377],[6.778753,7.683033],[6.798155,7.672528],[6.798004,7.655512],[6.80729,7.649352],[6.803784,7.620211],[6.809287,7.599701],[6.821675,7.576903],[6.831428,7.577831],[6.844755,7.56961],[6.863045,7.571878],[6.866986,7.558473],[6.877822,7.544399],[6.879287,7.52656],[6.890611,7.521599],[6.878063,7.480182],[6.869016,7.466892],[6.85272,7.460148],[6.851856,7.454078],[6.832183,7.432371],[6.83904,7.380451],[6.834936,7.375219],[6.836888,7.366289],[6.825482,7.313917],[6.816468,7.303863],[6.807115,7.301511],[6.797078,7.266143],[6.786011,7.252865],[6.771749,7.245691],[6.769426,7.210255],[6.751814,7.190139],[6.743943,7.170348],[6.736587,7.163925],[6.721557,7.161617],[6.709417,7.165362],[6.686537,7.195938],[6.671106,7.194441],[6.656957,7.201039],[6.648768,7.191784],[6.639036,7.192672],[6.628741,7.199238],[6.616699,7.215948],[6.611756,7.206666],[6.599181,7.207171],[6.574223,7.232901],[6.572853,7.213458],[6.576825,7.202484],[6.567412,7.192426],[6.55605,7.192513],[6.53021,7.183391],[6.511953,7.183938],[6.496988,7.190537],[6.482728,7.183349],[6.47179,7.185864],[6.464845,7.179837],[6.446562,7.177138],[6.421116,7.193541],[6.399585,7.190865],[6.39151,7.1966],[6.388777,7.211213],[6.384292,7.20841],[6.367713,7.217044],[6.357425,7.225632],[6.35266,7.239855],[6.344529,7.238294],[6.332809,7.245272],[6.328403,7.253412],[6.291441,7.250843],[6.285799,7.256559],[6.292871,7.280021],[6.281713,7.280913],[6.266785,7.293995],[6.25585,7.297723],[6.248519,7.294533],[6.240054,7.303107],[6.20401,7.316338],[6.190147,7.308328],[6.172323,7.314535],[6.167436,7.312542],[6.148629,7.294428],[6.127898,7.29133],[6.123364,7.28163],[6.092385,7.264406],[6.076955,7.264511],[6.070228,7.260503],[6.057698,7.269103],[6.049547,7.264698],[6.030121,7.274558],[6.023708,7.287171],[6.020413,7.2803],[5.99562,7.277222],[5.983563,7.265543]],[[6.77175,7.479588],[6.781083,7.479102],[6.784789,7.485148],[6.782833,7.493674],[6.774707,7.492934],[6.77175,7.479588]],[[6.725985,7.372393],[6.732901,7.374361],[6.733392,7.384487],[6.728474,7.378855],[6.725985,7.372393]],[[6.721437,7.435036],[6.728354,7.437004],[6.728784,7.439837],[6.722286,7.439487],[6.721437,7.435036]],[[6.712659,7.596387],[6.720444,7.604424],[6.71967,7.608888],[6.70788,7.607369],[6.712659,7.596387]],[[6.682727,7.658033],[6.692069,7.657954],[6.703158,7.672043],[6.693067,7.679422],[6.667936,7.685716],[6.669078,7.676791],[6.682727,7.658033]],[[6.653623,7.359213],[6.664169,7.358315],[6.666641,7.362753],[6.66018,7.366859],[6.653623,7.359213]],[[6.639326,7.569047],[6.649093,7.571396],[6.651178,7.577863],[6.641445,7.579565],[6.639326,7.569047]],[[6.583763,7.404764],[6.593942,7.408328],[6.582654,7.418146],[6.581406,7.414509],[6.583763,7.404764]],[[6.56865,7.56801],[6.579233,7.570761],[6.571606,7.581766],[6.567129,7.580586],[6.56865,7.56801]],[[6.538561,7.259218],[6.543041,7.26121],[6.54314,7.273773],[6.537413,7.268144],[6.538561,7.259218]],[[6.52464,7.347278],[6.533164,7.34721],[6.529182,7.356969],[6.525094,7.353354],[6.52464,7.347278]],[[6.48845,7.443214],[6.493336,7.444798],[6.49788,7.45449],[6.488096,7.449702],[6.48845,7.443214]],[[6.449735,7.320704],[6.455875,7.327142],[6.45307,7.332027],[6.448549,7.324766],[6.449735,7.320704]],[[6.426308,7.571179],[6.43321,7.570721],[6.436492,7.574748],[6.430425,7.578038],[6.426308,7.571179]],[[6.437122,7.679117],[6.435149,7.686429],[6.428672,7.689317],[6.424553,7.682459],[6.427751,7.675948],[6.437122,7.679117]],[[6.354175,7.672069],[6.363946,7.674426],[6.362775,7.680515],[6.355496,7.685031],[6.350166,7.678992],[6.354175,7.672069]],[[6.339572,7.356599],[6.329,7.354652],[6.328979,7.351814],[6.333424,7.348943],[6.339572,7.356599]],[[6.327177,7.43635],[6.332905,7.441981],[6.326462,7.449327],[6.323165,7.442866],[6.327177,7.43635]],[[6.322184,7.554556],[6.329131,7.559773],[6.329596,7.567472],[6.322278,7.566717],[6.322184,7.554556]],[[6.298563,7.626692],[6.302664,7.631525],[6.297438,7.638862],[6.284432,7.638555],[6.285608,7.63287],[6.298563,7.626692]],[[6.264499,7.418573],[6.270182,7.418125],[6.269424,7.425428],[6.260898,7.425896],[6.264499,7.418573]],[[6.265696,7.360388],[6.260041,7.364484],[6.254351,7.363714],[6.257154,7.358423],[6.265696,7.360388]],[[6.136655,7.403478],[6.13344,7.408367],[6.12127,7.41048],[6.110624,7.39839],[6.119909,7.390217],[6.133758,7.395795],[6.136655,7.403478]]]}},
{"type":"Feature","properties":{},"geometry":{"type":"Polygon","coordinates":[[[6.136655,7.403478],[6.133758,7.395795],[6.119909,7.390217],[6.110624,7.39839],[6.12127,7.41048],[6.13344,7.408367],[6.136655,7.403478]]]}},
{"type":"Feature","properties":{},"geometry":{"type":"Polygon","coordinates":[[[6.265696,7.360388],[6.257154,7.358423],[6.254351,7.363714],[6.260041,7.364484],[6.265696,7.360388]]]}},
{"type":"Feature","properties":{},"geometry":{"type":"Polygon","coordinates":[[[6.339572,7.356599],[6.333424,7.348943],[6.328979,7.351814],[6.329,7.354652],[6.339572,7.356599]]]}},
{"type":"Feature","properties":{},"geometry":{"type":"Polygon","coordinates":[[[6.449735,7.320704],[6.448549,7.324766],[6.45307,7.332027],[6.455875,7.327142],[6.449735,7.320704]]]}},
{"type":"Feature","properties":{},"geometry":{"type":"Polygon","coordinates":[[[6.538561,7.259218],[6.537413,7.268144],[6.54314,7.273773],[6.543041,7.26121],[6.538561,7.259218]]]}},
{"type":"Feature","properties":{},"geometry":{"type":"Polygon","coordinates":[[[6.52464,7.347278],[6.525094,7.353354],[6.529182,7.356969],[6.533164,7.34721],[6.52464,7.347278]]]}},
{"type":"Feature","properties":{},"geometry":{"type":"Polygon","coordinates":[[[6.653623,7.359213],[6.66018,7.366859],[6.666641,7.362753],[6.664169,7.358315],[6.653623,7.359213]]]}},
{"type":"Feature","properties":{},"geometry":{"type":"Polygon","coordinates":[[[6.725985,7.372393],[6.728474,7.378855],[6.733392,7.384487],[6.732901,7.374361],[6.725985,7.372393]]]}},
{"type":"Feature","properties":{},"geometry":{"type":"Polygon","coordinates":[[[6.583763,7.404764],[6.581406,7.414509],[6.582654,7.418146],[6.593942,7.408328],[6.583763,7.404764]]]}},
{"type":"Feature","properties":{},"geometry":{"type":"Polygon","coordinates":[[[6.48845,7.443214],[6.488096,7.449702],[6.49788,7.45449],[6.493336,7.444798],[6.48845,7.443214]]]}},
{"type":"Feature","properties":{},"geometry":{"type":"Polygon","coordinates":[[[6.327177,7.43635],[6.323165,7.442866],[6.326462,7.449327],[6.332905,7.441981],[6.327177,7.43635]]]}},
{"type":"Feature","properties":{},"geometry":{"type":"Polygon","coordinates":[[[6.264499,7.418573],[6.260898,7.425896],[6.269424,7.425428],[6.270182,7.418125],[6.264499,7.418573]]]}},
{"type":"Feature","properties":{},"geometry":{"type":"Polygon","coordinates":[[[6.322184,7.554556],[6.322278,7.566717],[6.329596,7.567472],[6.329131,7.559773],[6.322184,7.554556]]]}},
{"type":"Feature","properties":{},"geometry":{"type":"Polygon","coordinates":[[[6.426308,7.571179],[6.430425,7.578038],[6.436492,7.574748],[6.43321,7.570721],[6.426308,7.571179]]]}},
{"type":"Feature","properties":{},"geometry":{"type":"Polygon","coordinates":[[[6.56865,7.56801],[6.567129,7.580586],[6.571606,7.581766],[6.579233,7.570761],[6.56865,7.56801]]]}},
{"type":"Feature","properties":{},"geometry":{"type":"Polygon","coordinates":[[[6.639326,7.569047],[6.641445,7.579565],[6.651178,7.577863],[6.649093,7.571396],[6.639326,7.569047]]]}},
{"type":"Feature","properties":{},"geometry":{"type":"Polygon","coordinates":[[[6.77175,7.479588],[6.774707,7.492934],[6.782833,7.493674],[6.784789,7.485148],[6.781083,7.479102],[6.77175,7.479588]]]}},
{"type":"Feature","properties":{},"geometry":{"type":"Polygon","coordinates":[[[6.721437,7.435036],[6.722286,7.439487],[6.728784,7.439837],[6.728354,7.437004],[6.721437,7.435036]]]}},
{"type":"Feature","properties":{},"geometry":{"type":"Polygon","coordinates":[[[6.712659,7.596387],[6.70788,7.607369],[6.71967,7.608888],[6.720444,7.604424],[6.712659,7.596387]]]}},
{"type":"Feature","properties":{},"geometry":{"type":"Polygon","coordinates":[[[6.682727,7.658033],[6.669078,7.676791],[6.667936,7.685716],[6.693067,7.679422],[6.703158,7.672043],[6.692069,7.657954],[6.682727,7.658033]]]}},
{"type":"Feature","properties":{},"geometry":{"type":"Polygon","coordinates":[[[6.437122,7.679117],[6.427751,7.675948],[6.424553,7.682459],[6.428672,7.689317],[6.435149,7.686429],[6.437122,7.679117]]]}},
{"type":"Feature","properties":{},"geometry":{"type":"Polygon","coordinates":[[[6.298563,7.626692],[6.285608,7.63287],[6.284432,7.638555],[6.297438,7.638862],[6.302664,7.631525],[6.298563,7.626692]]]}},
{"type":"Feature","properties":{},"geometry":{"type":"Polygon","coordinates":[[[6.354175,7.672069],[6.350166,7.678992],[6.355496,7.685031],[6.362775,7.680515],[6.363946,7.674426],[6.354175,7.672069]]]}},
{"type":"Feature","properties":{},"geometry":{"type":"Polygon","coordinates":[[[6.508459,7.171628],[6.505129,7.16071],[6.494523,7.153494],[6.480579,7.134144],[6.465554,7.132636],[6.464846,7.146423],[6.477883,7.153214],[6.472284,7.164201],[6.474778,7.171883],[6.485759,7.175042],[6.491391,7.168515],[6.502014,7.177757],[6.508459,7.171628]]]}},
{"type":"Feature","properties":{},"geometry":{"type":"Polygon","coordinates":[[[6.6679,7.167949],[6.657846,7.178971],[6.661539,7.184209],[6.67412,7.184514],[6.677242,7.16909],[6.6679,7.167949]]]}},
{"type":"Feature","properties":{},"geometry":{"type":"Polygon","coordinates":[[[6.707177,7.107661],[6.69308,7.120336],[6.691532,7.129668],[6.708975,7.129529],[6.707177,7.107661]]]}},
{"type":"Feature","properties":{},"geometry":{"type":"Polygon","coordinates":[[[6.821855,7.093358],[6.813408,7.101935],[6.810659,7.112897],[6.815993,7.120146],[6.82207,7.119287],[6.830085,7.107471],[6.829572,7.09451],[6.821855,7.093358]]]}},
{"type":"Feature","properties":{},"geometry":{"type":"Polygon","coordinates":[[[6.787221,7.221681],[6.784172,7.245207],[6.794369,7.251605],[6.805242,7.241789],[6.805603,7.236518],[6.794111,7.220813],[6.787221,7.221681]]]}},
{"type":"Feature","properties":{},"geometry":{"type":"Polygon","coordinates":[[[6.882463,7.459304],[6.87803,7.462989],[6.878508,7.471088],[6.884298,7.483191],[6.889984,7.483547],[6.894007,7.479461],[6.893494,7.467311],[6.882463,7.459304]]]}},
{"type":"Feature","properties":{},"geometry":{"type":"Polygon","coordinates":[[[6.886864,7.543535],[6.880112,7.560205],[6.883034,7.569092],[6.906189,7.570506],[6.907722,7.560365],[6.8958,7.543861],[6.886864,7.543535]]]}},
{"type":"Feature","properties":{},"geometry":{"type":"Polygon","coordinates":[[[6.776577,7.699082],[6.768968,7.711305],[6.774726,7.719358],[6.787353,7.723297],[6.79338,7.71595],[6.79205,7.703402],[6.786727,7.698587],[6.776577,7.699082]]]}},
{"type":"Feature","properties":{},"geometry":{"type":"Polygon","coordinates":[[[6.581926,7.834698],[6.572662,7.844503],[6.58576,7.855333],[6.590098,7.839896],[6.581926,7.834698]]]}},
{"type":"Feature","properties":{},"geometry":{"type":"Polygon","coordinates":[[[6.568716,7.858316],[6.553271,7.858445],[6.552142,7.868992],[6.556679,7.876654],[6.566044,7.878602],[6.568716,7.858316]]]}},
{"type":"Feature","properties":{},"geometry":{"type":"Polygon","coordinates":[[[6.48093,7.828148],[6.471394,7.836635],[6.465828,7.851678],[6.481682,7.851952],[6.480812,7.845069],[6.486488,7.843401],[6.487254,7.83772],[6.48093,7.828148]]]}},
{"type":"Feature","properties":{},"geometry":{"type":"Polygon","coordinates":[[[6.417407,7.845589],[6.414284,7.861423],[6.42206,7.867845],[6.433375,7.859647],[6.436944,7.848674],[6.433646,7.843026],[6.417407,7.845589]]]}},
{"type":"Feature","properties":{},"geometry":{"type":"Polygon","coordinates":[[[6.401972,7.896789],[6.3968,7.910613],[6.401322,7.916656],[6.405771,7.913782],[6.41638,7.918558],[6.419555,7.909209],[6.412528,7.895081],[6.401972,7.896789]]]}},
{"type":"Feature","properties":{},"geometry":{"type":"Polygon","coordinates":[[[6.465918,7.91126],[6.463197,7.926279],[6.46813,7.932723],[6.473312,7.92052],[6.465918,7.91126]]]}},
{"type":"Feature","properties":{},"geometry":{"type":"Polygon","coordinates":[[[6.609643,7.9147],[6.602016,7.925709],[6.602101,7.935434],[6.615243,7.950719],[6.625711,7.939282],[6.626446,7.93036],[6.609643,7.9147]]]}},
{"type":"Feature","properties":{},"geometry":{"type":"Polygon","coordinates":[[[6.587621,7.952987],[6.582411,7.961542],[6.593498,7.974415],[6.596287,7.967906],[6.592919,7.954561],[6.587621,7.952987]]]}},
{"type":"Feature","properties":{},"geometry":{"type":"Polygon","coordinates":[[[6.434595,7.982249],[6.42976,7.987559],[6.443314,8.00366],[6.445481,8.01945],[6.456435,8.01652],[6.464464,8.004293],[6.472161,8.000985],[6.471676,7.991667],[6.463469,7.982819],[6.452933,7.986961],[6.434595,7.982249]]]}},
{"type":"Feature","properties":{},"geometry":{"type":"Polygon","coordinates":[[[6.609964,7.997775],[6.59334,8.002784],[6.580018,8.013439],[6.577235,8.020757],[6.605328,8.025171],[6.612035,8.002012],[6.609964,7.997775]]]}},
{"type":"Feature","properties":{},"geometry":{"type":"Polygon","coordinates":[[[7.043644,7.838591],[7.042314,7.82706],[7.02142,7.808424],[6.994567,7.803817],[6.9922,7.811131],[6.999087,7.830509],[7.019889,7.839426],[7.023064,7.852763],[7.028548,7.852711],[7.043644,7.838591]]]}},
{"type":"Feature","properties":{},"geometry":{"type":"Polygon","coordinates":[[[7.233886,7.854943],[7.201694,7.864377],[7.195701,7.874157],[7.1989,7.889311],[7.223883,7.889669],[7.234656,7.870728],[7.233886,7.854943]]]}},
{"type":"Feature","properties":{},"geometry":{"type":"Polygon","coordinates":[[[7.02144,7.617331],[7.012385,7.62592],[7.00947,7.639923],[7.0291,7.654932],[7.035133,7.648799],[7.02144,7.617331]]]}},
{"type":"Feature","properties":{},"geometry":{"type":"Polygon","coordinates":[[[7.105654,7.376862],[7.100837,7.382374],[7.102216,7.39998],[7.103472,7.404222],[7.113209,7.404131],[7.111751,7.378021],[7.105654,7.376862]]]}},
{"type":"Feature","properties":{},"geometry":{"type":"Polygon","coordinates":[[[7.103498,7.341036],[7.103074,7.361089],[7.119487,7.359115],[7.119402,7.350003],[7.113239,7.341554],[7.103498,7.341036]]]}},
{"type":"Feature","properties":{},"geometry":{"type":"Polygon","coordinates":[[[6.822443,6.687445],[6.817015,6.692957],[6.820738,6.702652],[6.831043,6.698925],[6.83036,6.689207],[6.822443,6.687445]]]}},
{"type":"Feature","properties":{},"geometry":{"type":"Polygon","coordinates":[[[6.859412,6.673178],[6.854578,6.676862],[6.856458,6.68414],[6.86615,6.67981],[6.866111,6.674948],[6.859412,6.673178]]]}},
{"type":"Feature","properties":{},"geometry":{"type":"Polygon","coordinates":[[[6.873567,6.643997],[6.831768,6.635815],[6.797398,6.645398],[6.765293,6.633488],[6.755571,6.633967],[6.756437,6.641254],[6.767873,6.652918],[6.782904,6.657665],[6.789858,6.666121],[6.806092,6.669237],[6.839697,6.66533],[6.849054,6.670119],[6.869302,6.668339],[6.873692,6.659797],[6.873567,6.643997]]]}},
{"type":"Feature","properties":{},"geometry":{"type":"Polygon","coordinates":[[[6.908272,6.574446],[6.89578,6.583052],[6.897081,6.59398],[6.909257,6.596721],[6.913286,6.593853],[6.912348,6.577655],[6.908272,6.574446]]]}},
{"type":"Feature","properties":{},"geometry":{"type":"Polygon","coordinates":[[[6.846334,6.527928],[6.811793,6.514008],[6.810298,6.530632],[6.800545,6.526654],[6.778319,6.534115],[6.775188,6.548726],[6.754078,6.543211],[6.746047,6.552996],[6.748662,6.577695],[6.740224,6.587078],[6.740364,6.605716],[6.774991,6.629768],[6.7977,6.632025],[6.801313,6.62754],[6.832457,6.620007],[6.86209,6.62707],[6.870507,6.615255],[6.881424,6.612333],[6.885428,6.606225],[6.883629,6.583551],[6.864816,6.560603],[6.859035,6.546467],[6.850089,6.542079],[6.846334,6.527928]]]}},
{"type":"Feature","properties":{},"geometry":{"type":"Polygon","coordinates":[[[6.709605,6.556307],[6.704809,6.565258],[6.721091,6.575267],[6.733615,6.570311],[6.735118,6.554496],[6.730205,6.547644],[6.724521,6.546065],[6.721727,6.551759],[6.709605,6.556307]]]}},
{"type":"Feature","properties":{},"geometry":{"type":"Polygon","coordinates":[[[6.753381,6.504114],[6.745323,6.510252],[6.741773,6.523245],[6.74505,6.528083],[6.769822,6.535598],[6.77786,6.527028],[6.777392,6.518522],[6.761888,6.504051],[6.753381,6.504114]]]}},
{"type":"Feature","properties":{},"geometry":{"type":"Polygon","coordinates":[[[6.520447,6.441955],[6.556894,6.43927],[6.561684,6.428902],[6.543364,6.416262],[6.518477,6.42069],[6.513083,6.431671],[6.516155,6.436514],[6.520447,6.441955]]]}},
{"type":"Feature","properties":{},"geometry":{"type":"Polygon","coordinates":[[[6.804998,6.29769],[6.809183,6.288543],[6.798224,6.284976],[6.769677,6.285184],[6.732693,6.295174],[6.692692,6.308225],[6.684867,6.318613],[6.68376,6.333818],[6.689883,6.340461],[6.70994,6.341533],[6.716714,6.354249],[6.722156,6.350563],[6.725831,6.354791],[6.751981,6.358249],[6.752495,6.345481],[6.745769,6.339451],[6.749365,6.332739],[6.777128,6.307618],[6.787467,6.309366],[6.804998,6.29769]]]}},
{"type":"Feature","properties":{},"geometry":{"type":"Polygon","coordinates":[[[7.239136,7.906826],[7.225527,7.916532],[7.218799,7.928901],[7.222982,7.935692],[7.240829,7.938244],[7.26936,7.913349],[7.267877,7.902431],[7.239136,7.906826]]]}},
{"type":"Feature","properties":{},"geometry":{"type":"Polygon","coordinates":[[[8.599095,7.100662],[8.588339,7.114432],[8.592617,7.129385],[8.605121,7.146966],[8.622956,7.153568],[8.615596,7.11001],[8.599095,7.100662]]]}},
{"type":"Feature","properties":{},"geometry":{"type":"Polygon","coordinates":[[[8.833122,7.251846],[8.830673,7.273694],[8.840531,7.296745],[8.851525,7.302056],[8.858494,7.312873],[8.846525,7.337571],[8.847981,7.344369],[8.861689,7.34828],[8.865984,7.363222],[8.881058,7.367114],[8.882063,7.339833],[8.888817,7.334291],[8.888728,7.327475],[8.876333,7.319457],[8.87892,7.308516],[8.874467,7.281306],[8.8567,7.280173],[8.854999,7.25429],[8.833122,7.251846]]]}},
{"type":"Feature","properties":{},"geometry":{"type":"Polygon","coordinates":[[[9.37731,6.929853],[9.365008,6.927295],[9.355559,6.934234],[9.355742,6.947854],[9.370733,6.94765],[9.37731,6.929853]]]}},
{"type":"Feature","properties":{},"geometry":{"type":"Polygon","coordinates":[[[9.401128,6.977206],[9.387516,6.978753],[9.376815,6.993881],[9.375563,7.002071],[9.387924,7.008714],[9.3936,7.024982],[9.40585,7.023453],[9.405533,7.000302],[9.401332,6.992186],[9.40531,6.98396],[9.401128,6.977206]]]}},
{"type":"Feature","properties":{},"geometry":{"type":"Polygon","coordinates":[[[9.370707,7.045726],[9.362678,7.056735],[9.362807,7.066268],[9.368316,7.070278],[9.36432,7.077145],[9.36589,7.092107],[9.382515,7.110948],[9.393479,7.114883],[9.400221,7.109341],[9.397228,7.090314],[9.38335,7.072796],[9.383088,7.05373],[9.370707,7.045726]]]}},
{"type":"Feature","properties":{},"geometry":{"type":"Polygon","coordinates":[[[9.808114,6.993264],[9.80016,7.008352],[9.799137,7.031504],[9.79515,7.038367],[9.79531,7.049253],[9.8022,7.054596],[9.813036,7.050354],[9.818264,7.035306],[9.829158,7.035146],[9.82187,7.00259],[9.808114,6.993264]]]}},
{"type":"Feature","properties":{},"geometry":{"type":"Polygon","coordinates":[[[9.489909,7.232018],[9.475029,7.240402],[9.467002,7.251412],[9.465775,7.260963],[9.478381,7.283935],[9.498992,7.294532],[9.503477,7.321703],[9.509011,7.32707],[9.518518,7.324209],[9.519822,7.320105],[9.516521,7.28066],[9.497175,7.263236],[9.496784,7.236004],[9.489909,7.232018]]]}},
{"type":"Feature","properties":{},"geometry":{"type":"Polygon","coordinates":[[[9.546965,7.403456],[9.530841,7.420034],[9.532527,7.441797],[9.554412,7.445558],[9.559806,7.441392],[9.577576,7.44385],[9.596529,7.434037],[9.596406,7.425869],[9.567623,7.416765],[9.56333,7.403213],[9.546965,7.403456]]]}},
{"type":"Feature","properties":{},"geometry":{"type":"Polygon","coordinates":[[[9.01709,7.479116],[9.006429,7.498344],[9.038287,7.530619],[9.043882,7.540082],[9.044073,7.553709],[9.05644,7.558989],[9.071461,7.55878],[9.082368,7.557265],[9.093157,7.547575],[9.088926,7.538093],[9.07379,7.530126],[9.075042,7.521931],[9.069448,7.512469],[9.07199,7.498804],[9.04599,7.495073],[9.04178,7.486954],[9.036357,7.489755],[9.030744,7.478929],[9.01709,7.479116]]]}},
{"type":"Feature","properties":{},"geometry":{"type":"Polygon","coordinates":[[[9.067006,7.582012],[9.053349,7.582203],[9.042519,7.589169],[9.039941,7.600109],[9.049943,7.631317],[9.069372,7.652852],[9.07751,7.648648],[9.077375,7.63911],[9.070353,7.625579],[9.071217,7.590131],[9.067006,7.582012]]]}},
{"type":"Feature","properties":{},"geometry":{"type":"Polygon","coordinates":[[[9.53796,7.576529],[9.532256,7.560273],[9.522747,7.563139],[9.509491,7.589212],[9.522269,7.621703],[9.537092,7.609224],[9.529918,7.586182],[9.53796,7.576529]]]}},
{"type":"Feature","properties":{},"geometry":{"type":"Polygon","coordinates":[[[9.85809,7.416445],[9.847038,7.407089],[9.838628,7.392248],[9.827724,7.392416],[9.815563,7.399408],[9.799164,7.396939],[9.791048,7.401146],[9.784337,7.408053],[9.785826,7.416197],[9.795452,7.421494],[9.786224,7.442051],[9.789182,7.456978],[9.804179,7.456747],[9.814915,7.445692],[9.823135,7.448286],[9.832509,7.437253],[9.85285,7.430134],[9.85809,7.416445]]]}},
{"type":"Feature","properties":{},"geometry":{"type":"Polygon","coordinates":[[[9.676773,7.698828],[9.66474,7.705067],[9.660031,7.714216],[9.671109,7.724329],[9.673899,7.747278],[9.685412,7.746491],[9.695538,7.734835],[9.694134,7.722756],[9.681853,7.71327],[9.676773,7.698828]]]}},
{"type":"Feature","properties":{},"geometry":{"type":"Polygon","coordinates":[[[10.279326,6.965676],[10.288479,6.970972],[10.312075,6.971513],[10.329389,6.976681],[10.342835,6.966501],[10.352865,6.969969],[10.359171,6.967151],[10.354438,6.954537],[10.345271,6.948336],[10.349663,6.939205],[10.344989,6.930215],[10.334987,6.928558],[10.326982,6.938652],[10.312431,6.93616],[10.305274,6.942614],[10.295284,6.941861],[10.284528,6.950185],[10.279326,6.965676]]]}},
{"type":"Feature","properties":{},"geometry":{"type":"Polygon","coordinates":[[[10.353791,6.945384],[10.364388,6.952872],[10.377594,6.946625],[10.370787,6.923773],[10.357966,6.928804],[10.353791,6.945384]]]}},
{"type":"Feature","properties":{},"geometry":{"type":"Polygon","coordinates":[[[10.457116,6.941749],[10.44959,6.924552],[10.424911,6.918495],[10.39509,6.91856],[10.385671,6.934818],[10.390204,6.941191],[10.410754,6.940868],[10.430323,6.955058],[10.44719,6.951168],[10.457116,6.941749]]]}},
{"type":"Feature","properties":{},"geometry":{"type":"Polygon","coordinates":[[[10.363337,7.010973],[10.344115,7.00958],[10.32904,7.025125],[10.32559,7.036458],[10.356614,7.035162],[10.365354,7.026968],[10.363337,7.010973]]]}},
{"type":"Feature","properties":{},"geometry":{"type":"Polygon","coordinates":[[[10.420667,7.132614],[10.414076,7.14883],[10.425097,7.157109],[10.425657,7.166765],[10.432994,7.17148],[10.449119,7.171218],[10.44702,7.141451],[10.437723,7.139991],[10.429906,7.130452],[10.420667,7.132614]]]}},
{"type":"Feature","properties":{},"geometry":{"type":"Polygon","coordinates":[[[7.63566,6.355968],[7.629126,6.371813],[7.631017,6.379689],[7.638289,6.378409],[7.642482,6.3723],[7.642406,6.363801],[7.63566,6.355968]]]}},
{"type":"Feature","properties":{},"geometry":{"type":"Polygon","coordinates":[[[7.458873,7.989418],[7.442615,8.006902],[7.442684,8.013277],[7.483823,8.014654],[7.486434,8.002784],[7.475329,7.990151],[7.458873,7.989418]]]}},
{"type":"Feature","properties":{},"geometry":{"type":"Polygon","coordinates":[[[7.451519,8.04142],[7.451374,8.028061],[7.433648,8.022788],[7.421537,8.029599],[7.41553,8.037558],[7.414469,8.052145],[7.402991,8.061378],[7.3935,8.085165],[7.383181,8.088921],[7.380246,8.099277],[7.366899,8.104887],[7.346789,8.105101],[7.324587,8.137528],[7.312788,8.174097],[7.301357,8.18819],[7.278279,8.196331],[7.25184,8.175351],[7.20231,8.161291],[7.179762,8.162133],[7.155918,8.155696],[7.14928,8.162447],[7.086144,8.159445],[7.072693,8.155934],[7.05978,8.145127],[7.047642,8.150718],[6.978863,8.163553],[6.927475,8.147039],[6.906907,8.132656],[6.887956,8.127974],[6.876897,8.119572],[6.830548,8.119405],[6.820687,8.108557],[6.814589,8.108614],[6.809596,8.096505],[6.801002,8.090509],[6.792733,8.119151],[6.787285,8.123456],[6.744012,8.126895],[6.723148,8.113109],[6.724334,8.109451],[6.702423,8.114515],[6.696391,8.121862],[6.693492,8.1383],[6.679901,8.153011],[6.679219,8.145115],[6.661454,8.136767],[6.645617,8.139342],[6.624751,8.125546],[6.617295,8.110416],[6.576286,8.129017],[6.574548,8.139366],[6.569694,8.142449],[6.565435,8.143702],[6.564765,8.13702],[6.541017,8.142091],[6.522053,8.136177],[6.516059,8.148389],[6.524069,8.157438],[6.536025,8.198672],[6.55381,8.208849],[6.567239,8.20934],[6.586877,8.221932],[6.593061,8.230995],[6.583375,8.239592],[6.580243,8.230502],[6.560635,8.221555],[6.553292,8.219189],[6.545392,8.222906],[6.547282,8.229576],[6.568126,8.240336],[6.569527,8.260384],[6.586701,8.269957],[6.61356,8.270929],[6.634262,8.265879],[6.641651,8.273107],[6.648341,8.270614],[6.660375,8.252268],[6.654828,8.246241],[6.660151,8.227956],[6.671681,8.221164],[6.672806,8.21082],[6.680082,8.205891],[6.683602,8.190663],[6.701718,8.17044],[6.768721,8.160096],[6.84214,8.162444],[6.863867,8.180873],[6.873233,8.182403],[6.895735,8.196367],[6.911738,8.211201],[6.938082,8.223096],[6.951479,8.220939],[6.960062,8.225311],[6.973044,8.222349],[6.980823,8.207282],[6.988117,8.204779],[7.001162,8.208295],[7.014899,8.199651],[7.051366,8.18754],[7.174213,8.195198],[7.188087,8.200318],[7.197165,8.213181],[7.226367,8.226241],[7.252643,8.250664],[7.266479,8.252136],[7.29116,8.241346],[7.311663,8.220474],[7.319367,8.218771],[7.330539,8.199619],[7.351922,8.185218],[7.356627,8.169377],[7.381509,8.159389],[7.389917,8.147961],[7.388577,8.136841],[7.413397,8.102968],[7.423107,8.099219],[7.435667,8.059001],[7.451519,8.04142]]]}},
{"type":"Feature","properties":{},"geometry":{"type":"Polygon","coordinates":[[[6.703542,8.125698],[6.703595,8.131371],[6.709705,8.132531],[6.710462,8.126445],[6.703542,8.125698]]]}},
{"type":"Feature","properties":{},"geometry":{"type":"Polygon","coordinates":[[[7.451473,8.076491],[7.450081,8.09776],[7.443309,8.10998],[7.419533,8.127649],[7.411803,8.163766],[7.407334,8.163815],[7.395354,8.182974],[7.386415,8.183072],[7.369863,8.19297],[7.367196,8.209195],[7.353101,8.221089],[7.34458,8.222395],[7.342433,8.249143],[7.336072,8.262168],[7.335375,8.272703],[7.339514,8.279542],[7.353798,8.284652],[7.374352,8.268635],[7.374454,8.241102],[7.386449,8.223155],[7.399792,8.216935],[7.413748,8.192693],[7.431499,8.181163],[7.430954,8.168619],[7.439776,8.157995],[7.440897,8.149076],[7.454949,8.133941],[7.461215,8.11282],[7.473624,8.096086],[7.472209,8.078288],[7.451473,8.076491]]]}},
{"type":"Feature","properties":{},"geometry":{"type":"Polygon","coordinates":[[[7.31179,8.281261],[7.313128,8.248583],[7.290833,8.266641],[7.25809,8.271309],[7.227855,8.257054],[7.207587,8.224192],[7.189957,8.222757],[7.177444,8.205339],[7.156269,8.201778],[7.142886,8.204885],[7.112741,8.198716],[7.10058,8.20208],[7.089827,8.197464],[7.055963,8.198886],[6.996837,8.222161],[6.985427,8.219575],[6.979279,8.228278],[6.957558,8.238485],[6.945835,8.231848],[6.929856,8.233356],[6.915266,8.224587],[6.910411,8.227065],[6.900331,8.222032],[6.900013,8.217173],[6.891981,8.213739],[6.892182,8.206445],[6.872301,8.197182],[6.868717,8.191005],[6.848185,8.184181],[6.835316,8.170799],[6.821532,8.175249],[6.820149,8.172291],[6.775116,8.168934],[6.754817,8.172634],[6.741782,8.170323],[6.727211,8.177752],[6.702029,8.181226],[6.682805,8.213548],[6.679156,8.22952],[6.66836,8.235022],[6.665868,8.25882],[6.638621,8.289192],[6.64314,8.294014],[6.635948,8.308262],[6.643585,8.320148],[6.671617,8.315836],[6.677894,8.334417],[6.686935,8.344058],[6.682939,8.351794],[6.689939,8.360645],[6.723241,8.375529],[6.721722,8.386889],[6.738931,8.399286],[6.769638,8.397779],[6.802907,8.388138],[6.824943,8.394812],[6.829494,8.402467],[6.827116,8.408972],[6.802453,8.425012],[6.800478,8.431109],[6.807861,8.437114],[6.805926,8.447262],[6.814112,8.452045],[6.83226,8.476583],[6.8468,8.485961],[6.850563,8.496052],[6.861642,8.50526],[6.872708,8.533103],[6.887534,8.550376],[6.854067,8.581502],[6.854634,8.597297],[6.863625,8.600852],[6.890368,8.588834],[6.911682,8.603203],[6.980076,8.604526],[7.007091,8.599788],[7.017107,8.584696],[7.036117,8.573563],[7.043848,8.573481],[7.062748,8.552219],[7.095925,8.572526],[7.117719,8.574724],[7.139008,8.586644],[7.175157,8.580586],[7.178532,8.554428],[7.217623,8.52039],[7.225171,8.503907],[7.230865,8.503847],[7.253834,8.484157],[7.288268,8.471631],[7.30505,8.444722],[7.312285,8.400302],[7.330712,8.375399],[7.340428,8.371648],[7.338498,8.344135],[7.342487,8.337209],[7.320092,8.296963],[7.319181,8.288064],[7.31179,8.281261]],[[7.299194,8.330572],[7.308077,8.333353],[7.309349,8.350437],[7.295951,8.348064],[7.299194,8.330572]],[[7.259698,8.30454],[7.271565,8.31575],[7.26879,8.326399],[7.255138,8.333925],[7.244501,8.319461],[7.247992,8.308086],[7.259698,8.30454]],[[7.152405,8.560219],[7.159991,8.559327],[7.163337,8.567662],[7.15387,8.570193],[7.152405,8.560219]],[[7.114576,8.40215],[7.136469,8.404078],[7.143338,8.421106],[7.13951,8.435187],[7.132647,8.435799],[7.118665,8.446928],[7.119098,8.436663],[7.112658,8.42593],[7.114576,8.40215]],[[7.015675,8.381072],[7.008409,8.386546],[7.002698,8.384985],[7.001008,8.378791],[7.008284,8.374396],[7.015675,8.381072]],[[6.84461,8.437678],[6.852205,8.437602],[6.852546,8.444621],[6.845491,8.444421],[6.84461,8.437678]],[[6.786487,8.291232],[6.793844,8.294944],[6.785482,8.299616],[6.786487,8.291232]]]}},
{"type":"Feature","properties":{},"geometry":{"type":"Polygon","coordinates":[[[6.793844,8.294944],[6.786487,8.291232],[6.785482,8.299616],[6.793844,8.294944]]]}},
{"type":"Feature","properties":{},"geometry":{"type":"Polygon","coordinates":[[[7.015675,8.381072],[7.008284,8.374396],[7.001008,8.378791],[7.002698,8.384985],[7.008409,8.386546],[7.015675,8.381072]]]}},
{"type":"Feature","properties":{},"geometry":{"type":"Polygon","coordinates":[[[7.259698,8.30454],[7.247992,8.308086],[7.244501,8.319461],[7.255138,8.333925],[7.26879,8.326399],[7.271565,8.31575],[7.259698,8.30454]]]}},
{"type":"Feature","properties":{},"geometry":{"type":"Polygon","coordinates":[[[7.299194,8.330572],[7.295951,8.348064],[7.309349,8.350437],[7.308077,8.333353],[7.299194,8.330572]]]}},
{"type":"Feature","properties":{},"geometry":{"type":"Polygon","coordinates":[[[7.114576,8.40215],[7.112658,8.42593],[7.119098,8.436663],[7.118665,8.446928],[7.132647,8.435799],[7.13951,8.435187],[7.143338,8.421106],[7.136469,8.404078],[7.114576,8.40215]]]}},
{"type":"Feature","properties":{},"geometry":{"type":"Polygon","coordinates":[[[6.84461,8.437678],[6.845491,8.444421],[6.852546,8.444621],[6.852205,8.437602],[6.84461,8.437678]]]}},
{"type":"Feature","properties":{},"geometry":{"type":"Polygon","coordinates":[[[7.152405,8.560219],[7.15387,8.570193],[7.163337,8.567662],[7.159991,8.559327],[7.152405,8.560219]]]}},
{"type":"Feature","properties":{},"geometry":{"type":"Polygon","coordinates":[[[7.395972,8.292259],[7.368586,8.296813],[7.363789,8.304155],[7.352855,8.307919],[7.362122,8.318749],[7.367792,8.335084],[7.382479,8.33978],[7.394178,8.349974],[7.414088,8.330927],[7.413259,8.311502],[7.400361,8.303142],[7.395972,8.292259]]]}},
{"type":"Feature","properties":{},"geometry":{"type":"Polygon","coordinates":[[[7.387603,8.252269],[7.3883,8.260156],[7.391965,8.260723],[7.393699,8.252202],[7.387603,8.252269]]]}},
{"type":"Feature","properties":{},"geometry":{"type":"Polygon","coordinates":[[[7.442713,8.219475],[7.441657,8.234062],[7.453873,8.236354],[7.458092,8.232056],[7.454327,8.222382],[7.442713,8.219475]]]}},
{"type":"Feature","properties":{},"geometry":{"type":"Polygon","coordinates":[[[7.479196,8.319266],[7.480235,8.303466],[7.467426,8.303002],[7.46268,8.314593],[7.457221,8.317083],[7.456785,8.332271],[7.459909,8.338915],[7.469081,8.34124],[7.47411,8.354543],[7.493114,8.363438],[7.496965,8.326959],[7.479196,8.319266]]]}},
{"type":"Feature","properties":{},"geometry":{"type":"Polygon","coordinates":[[[7.539118,8.439417],[7.534433,8.455866],[7.547431,8.47211],[7.577389,8.478438],[7.573063,8.473631],[7.576636,8.466303],[7.575803,8.447491],[7.562862,8.436106],[7.539118,8.439417]]]}},
{"type":"Feature","properties":{},"geometry":{"type":"Polygon","coordinates":[[[7.545762,8.563095],[7.533061,8.572351],[7.530436,8.582401],[7.538768,8.5905],[7.531556,8.599693],[7.523354,8.602523],[7.524312,8.606154],[7.536402,8.622406],[7.551055,8.623144],[7.547548,8.635937],[7.563291,8.651233],[7.575198,8.652001],[7.582452,8.646449],[7.585042,8.633667],[7.596804,8.622597],[7.597576,8.610749],[7.580648,8.5727],[7.545762,8.563095]]]}},
{"type":"Feature","properties":{},"geometry":{"type":"Polygon","coordinates":[[[7.181547,8.651047],[7.179826,8.661089],[7.18537,8.665584],[7.190823,8.66188],[7.189796,8.651867],[7.181547,8.651047]]]}},
{"type":"Feature","properties":{},"geometry":{"type":"Polygon","coordinates":[[[7.221293,8.846511],[7.215942,8.859327],[7.228757,8.858272],[7.228674,8.850984],[7.221293,8.846511]]]}},
{"type":"Feature","properties":{},"geometry":{"type":"Polygon","coordinates":[[[7.127004,8.935045],[7.119756,8.942417],[7.125408,8.956022],[7.14461,8.952161],[7.142571,8.933959],[7.127004,8.935045]]]}},
{"type":"Feature","properties":{},"geometry":{"type":"Polygon","coordinates":[[[7.367173,8.943224],[7.352505,8.942485],[7.350759,8.949794],[7.343474,8.953522],[7.34175,8.962653],[7.345458,8.966254],[7.357369,8.966114],[7.362789,8.959674],[7.368286,8.959609],[7.367173,8.943224]]]}},
{"type":"Feature","properties":{},"geometry":{"type":"Polygon","coordinates":[[[7.220359,9.004152],[7.215861,9.011493],[7.218706,9.019661],[7.235245,9.023117],[7.235022,9.003986],[7.220359,9.004152]]]}},
{"type":"Feature","properties":{},"geometry":{"type":"Polygon","coordinates":[[[7.361307,9.027106],[7.343145,9.040985],[7.345065,9.04825],[7.37898,9.048758],[7.37887,9.039649],[7.361307,9.027106]]]}},
{"type":"Feature","properties":{},"geometry":{"type":"Polygon","coordinates":[[[7.741006,9.057902],[7.715564,9.073712],[7.709356,9.089272],[7.711271,9.09562],[7.717695,9.096448],[7.722454,9.110044],[7.737086,9.108033],[7.736822,9.088004],[7.743778,9.059688],[7.741006,9.057902]]]}},
{"type":"Feature","properties":{},"geometry":{"type":"Polygon","coordinates":[[[7.686361,9.152401],[7.68366,9.156079],[7.688469,9.173317],[7.708637,9.173965],[7.702888,9.154918],[7.686361,9.152401]]]}},
{"type":"Feature","properties":{},"geometry":{"type":"Polygon","coordinates":[[[7.605779,9.157077],[7.598378,9.151707],[7.586467,9.151859],[7.56559,9.167608],[7.539026,9.168851],[7.533573,9.172563],[7.535522,9.181645],[7.52819,9.181738],[7.525568,9.19179],[7.531102,9.194453],[7.536554,9.190741],[7.540278,9.195248],[7.559583,9.19956],[7.593314,9.185468],[7.59967,9.180833],[7.598625,9.170829],[7.605779,9.157077]]]}},
{"type":"Feature","properties":{},"geometry":{"type":"Polygon","coordinates":[[[7.482734,9.211454],[7.478531,9.241565],[7.493313,9.25049],[7.49777,9.240415],[7.511438,9.233866],[7.514072,9.224725],[7.51956,9.223745],[7.513955,9.215619],[7.482734,9.211454]]]}},
{"type":"Feature","properties":{},"geometry":{"type":"Polygon","coordinates":[[[7.421161,9.199465],[7.414982,9.21867],[7.401288,9.223391],[7.397746,9.233455],[7.40148,9.238875],[7.414406,9.246005],[7.452864,9.241885],[7.454525,9.228201],[7.45079,9.222782],[7.43884,9.220198],[7.434028,9.20204],[7.421161,9.199465]]]}},
{"type":"Feature","properties":{},"geometry":{"type":"Polygon","coordinates":[[[7.528245,9.257789],[7.511711,9.255268],[7.479811,9.270241],[7.480612,9.261123],[7.474125,9.255738],[7.460374,9.25591],[7.441215,9.263437],[7.435806,9.270792],[7.435074,9.285375],[7.451588,9.28608],[7.450729,9.290645],[7.437011,9.293549],[7.440874,9.308986],[7.454696,9.314278],[7.465686,9.313228],[7.466557,9.309573],[7.491347,9.311996],[7.505749,9.290865],[7.524894,9.282424],[7.52936,9.273259],[7.528245,9.257789]]]}},
{"type":"Feature","properties":{},"geometry":{"type":"Polygon","coordinates":[[[7.250233,9.319515],[7.233768,9.323355],[7.225601,9.330741],[7.228463,9.339819],[7.239437,9.336956],[7.249581,9.341389],[7.26052,9.335791],[7.261271,9.322115],[7.250233,9.319515]]]}},
{"type":"Feature","properties":{},"geometry":{"type":"Polygon","coordinates":[[[7.64228,9.21535],[7.640508,9.219926],[7.646173,9.232602],[7.640008,9.251806],[7.641961,9.260887],[7.648472,9.268087],[7.674061,9.262289],[7.69461,9.221956],[7.693561,9.211953],[7.680659,9.206656],[7.64228,9.21535]]]}},
{"type":"Feature","properties":{},"geometry":{"type":"Polygon","coordinates":[[[7.764138,9.212844],[7.750101,9.191178],[7.731788,9.192327],[7.713622,9.204404],[7.708609,9.240893],[7.716291,9.267198],[7.740142,9.268703],[7.744334,9.239511],[7.761708,9.23655],[7.764138,9.212844]]]}},
{"type":"Feature","properties":{},"geometry":{"type":"Polygon","coordinates":[[[7.711917,9.282736],[7.709986,9.275477],[7.69982,9.269237],[7.683336,9.270364],[7.66427,9.284271],[7.698256,9.289291],[7.700944,9.284703],[7.711917,9.282736]]]}},
{"type":"Feature","properties":{},"geometry":{"type":"Polygon","coordinates":[[[7.607382,9.280458],[7.588229,9.287991],[7.580157,9.301756],[7.562634,9.293786],[7.552549,9.293913],[7.551726,9.30121],[7.540819,9.308634],[7.534566,9.321465],[7.537446,9.331447],[7.54946,9.33858],[7.552342,9.348562],[7.565262,9.354772],[7.598338,9.359806],[7.606494,9.352415],[7.612719,9.337763],[7.632743,9.326576],[7.636193,9.310138],[7.626632,9.28021],[7.607382,9.280458]]]}},
{"type":"Feature","properties":{},"geometry":{"type":"Polygon","coordinates":[[[7.812139,9.372442],[7.812352,9.387918],[7.817915,9.392394],[7.834415,9.392169],[7.828688,9.37586],[7.812139,9.372442]]]}},
{"type":"Feature","properties":{},"geometry":{"type":"Polygon","coordinates":[[[7.660163,9.389049],[7.654724,9.393674],[7.647658,9.413802],[7.635739,9.41396],[7.631325,9.426768],[7.639747,9.439406],[7.673723,9.442596],[7.693737,9.430493],[7.690925,9.425977],[7.693453,9.409553],[7.685872,9.391442],[7.660163,9.389049]]]}},
{"type":"Feature","properties":{},"geometry":{"type":"Polygon","coordinates":[[[7.711874,9.43804],[7.689896,9.440359],[7.683644,9.460272],[7.668337,9.47383],[7.668866,9.482727],[7.689047,9.497838],[7.725154,9.485209],[7.728935,9.463709],[7.720277,9.456542],[7.716945,9.451327],[7.720155,9.44764],[7.711874,9.43804]]]}},
{"type":"Feature","properties":{},"geometry":{"type":"Polygon","coordinates":[[[7.863815,9.61268],[7.856005,9.622502],[7.859855,9.635193],[7.86721,9.636302],[7.87509,9.631337],[7.877974,9.619158],[7.863815,9.61268]]]}},
{"type":"Feature","properties":{},"geometry":{"type":"Polygon","coordinates":[[[7.707941,9.750521],[7.706199,9.757224],[7.712402,9.763207],[7.710031,9.768704],[7.679099,9.788556],[7.70872,9.805752],[7.735254,9.778063],[7.730328,9.732605],[7.707941,9.750521]]]}},
{"type":"Feature","properties":{},"geometry":{"type":"Polygon","coordinates":[[[7.721743,9.860809],[7.710133,9.862187],[7.687073,9.876471],[7.685442,9.891063],[7.697254,9.903647],[7.705694,9.894423],[7.716142,9.897311],[7.721572,9.89177],[7.721743,9.860809]]]}},
{"type":"Feature","properties":{},"geometry":{"type":"Polygon","coordinates":[[[7.790222,10.023422],[7.792274,10.03796],[7.799693,10.042707],[7.805752,10.038371],[7.804987,10.028063],[7.790222,10.023422]]]}},
{"type":"Feature","properties":{},"geometry":{"type":"Polygon","coordinates":[[[7.655608,10.03202],[7.645277,10.03763],[7.600679,10.089249],[7.582252,10.085865],[7.57378,10.093269],[7.569206,10.116404],[7.577887,10.12357],[7.591364,10.12338],[7.608638,10.131637],[7.635979,10.115469],[7.644896,10.096523],[7.660558,10.078087],[7.665765,10.056766],[7.66433,10.042216],[7.655608,10.03202]]]}},
{"type":"Feature","properties":{},"geometry":{"type":"Polygon","coordinates":[[[7.798064,10.221179],[7.796455,10.236378],[7.80634,10.241694],[7.814121,10.229441],[7.806019,10.220456],[7.798064,10.221179]]]}},
{"type":"Feature","properties":{},"geometry":{"type":"Polygon","coordinates":[[[7.656197,10.115485],[7.647018,10.116224],[7.642827,10.122962],[7.645985,10.129594],[7.656915,10.12276],[7.656197,10.115485]]]}},
{"type":"Feature","properties":{},"geometry":{"type":"Polygon","coordinates":[[[7.632613,10.137069],[7.627186,10.143216],[7.629128,10.150474],[7.635238,10.149173],[7.641181,10.136341],[7.632613,10.137069]]]}},
{"type":"Feature","properties":{},"geometry":{"type":"Polygon","coordinates":[[[7.871966,10.285627],[7.86662,10.296631],[7.858126,10.302222],[7.862648,10.317326],[7.861693,10.334941],[7.855018,10.339291],[7.854733,10.360537],[7.85543,10.365989],[7.88068,10.373496],[7.884951,10.372218],[7.8889,10.35031],[7.885264,10.313345],[7.888018,10.293276],[7.885473,10.287244],[7.871966,10.285627]]]}},
{"type":"Feature","properties":{},"geometry":{"type":"Polygon","coordinates":[[[7.848466,10.311674],[7.847414,10.32302],[7.856036,10.325721],[7.854637,10.314413],[7.848466,10.311674]]]}},
{"type":"Feature","properties":{},"geometry":{"type":"Polygon","coordinates":[[[7.853736,10.335602],[7.851755,10.330776],[7.837742,10.322897],[7.835901,10.32724],[7.841455,10.33417],[7.853736,10.335602]]]}},
{"type":"Feature","properties":{},"geometry":{"type":"Polygon","coordinates":[[[7.831374,10.334051],[7.830169,10.34432],[7.849723,10.358051],[7.847831,10.341357],[7.831374,10.334051]]]}},
{"type":"Feature","properties":{},"geometry":{"type":"Polygon","coordinates":[[[7.516917,10.394617],[7.491922,10.405289],[7.488399,10.416269],[7.470261,10.434739],[7.467412,10.44996],[7.470643,10.461452],[7.482315,10.462503],[7.494969,10.446538],[7.527333,10.436364],[7.55158,10.416589],[7.54959,10.406295],[7.539157,10.405836],[7.528882,10.416304],[7.517862,10.417676],[7.520631,10.396992],[7.516917,10.394617]]]}},
{"type":"Feature","properties":{},"geometry":{"type":"Polygon","coordinates":[[[7.547159,10.533836],[7.542466,10.548475],[7.554149,10.550128],[7.553329,10.536175],[7.547159,10.533836]]]}},
{"type":"Feature","properties":{},"geometry":{"type":"Polygon","coordinates":[[[7.410097,10.668163],[7.408449,10.681547],[7.418359,10.687479],[7.428795,10.687332],[7.43303,10.68302],[7.435905,10.66962],[7.419884,10.665596],[7.410097,10.668163]]]}},
{"type":"Feature","properties":{},"geometry":{"type":"Polygon","coordinates":[[[7.473738,10.695797],[7.472093,10.709179],[7.486933,10.716254],[7.494699,10.701568],[7.473738,10.695797]]]}},
{"type":"Feature","properties":{},"geometry":{"type":"Polygon","coordinates":[[[7.406347,10.748376],[7.382296,10.741432],[7.374454,10.751259],[7.378911,10.762127],[7.393622,10.760097],[7.406347,10.748376]]]}},
{"type":"Feature","properties":{},"geometry":{"type":"Polygon","coordinates":[[[7.524205,10.868117],[7.520659,10.877278],[7.507862,10.884145],[7.506725,10.890233],[7.517267,10.896758],[7.545418,10.88966],[7.539659,10.874566],[7.524205,10.868117]]]}},
{"type":"Feature","properties":{},"geometry":{"type":"Polygon","coordinates":[[[7.32076,10.960731],[7.316296,10.970815],[7.329373,10.982472],[7.342265,10.981375],[7.345859,10.974948],[7.336469,10.963239],[7.32076,10.960731]]]}},
{"type":"Feature","properties":{},"geometry":{"type":"Polygon","coordinates":[[[7.656308,10.903877],[7.652765,10.913038],[7.66029,10.922939],[7.666767,10.92466],[7.670281,10.91368],[7.656308,10.903877]]]}},
{"type":"Feature","properties":{},"geometry":{"type":"Polygon","coordinates":[[[7.792613,10.843502],[7.786298,10.851795],[7.787378,10.861794],[7.770905,10.868423],[7.765699,10.888534],[7.749179,10.892433],[7.739408,10.915347],[7.754654,10.946977],[7.766776,10.955893],[7.783298,10.951993],[7.791309,10.934567],[7.804115,10.928902],[7.809114,10.896049],[7.808586,10.863281],[7.806497,10.847837],[7.802741,10.843343],[7.792613,10.843502]]]}},
{"type":"Feature","properties":{},"geometry":{"type":"Polygon","coordinates":[[[7.126497,11.146124],[7.122,11.154387],[7.108994,11.148188],[7.093309,11.148402],[7.08785,11.153943],[7.089925,11.170318],[7.124412,11.194447],[7.145699,11.198707],[7.155575,11.179435],[7.150845,11.1713],[7.156979,11.148436],[7.149522,11.143072],[7.126497,11.146124]]]}},
{"type":"Feature","properties":{},"geometry":{"type":"Polygon","coordinates":[[[7.267299,11.184239],[7.246214,11.19365],[7.25564,11.207181],[7.263035,11.207988],[7.273075,11.200554],[7.272968,11.193267],[7.267299,11.184239]]]}},
{"type":"Feature","properties":{},"geometry":{"type":"Polygon","coordinates":[[[7.941347,11.092833],[7.92209,11.098612],[7.916821,11.114173],[7.919754,11.124138],[7.936478,11.132054],[7.946017,11.151012],[7.951592,11.153651],[7.96265,11.153468],[7.97844,11.160488],[7.993152,11.158421],[7.991045,11.142983],[7.969635,11.130597],[7.96022,11.118919],[7.96475,11.114294],[7.961723,11.09887],[7.955182,11.093516],[7.941347,11.092833]]]}},
{"type":"Feature","properties":{},"geometry":{"type":"Polygon","coordinates":[[[8.021803,10.480218],[7.996352,10.498821],[7.990954,10.506189],[7.990209,10.517123],[8.035993,10.504568],[8.038486,10.488145],[8.033755,10.480029],[8.021803,10.480218]]]}},
{"type":"Feature","properties":{},"geometry":{"type":"Polygon","coordinates":[[[7.988265,10.376376],[7.983498,10.384946],[7.997017,10.387161],[7.995034,10.37809],[7.988265,10.376376]]]}},
{"type":"Feature","properties":{},"geometry":{"type":"Polygon","coordinates":[[[8.018229,10.256373],[8.0122,10.262534],[8.017214,10.269738],[8.022621,10.26298],[8.018229,10.256373]]]}},
{"type":"Feature","properties":{},"geometry":{"type":"Polygon","coordinates":[[[8.091072,10.252811],[8.062479,10.265392],[8.054818,10.28432],[8.057568,10.303087],[8.049217,10.317173],[8.051763,10.323201],[8.044702,10.341515],[8.042818,10.376736],[8.044869,10.390052],[8.059749,10.400737],[8.075572,10.393813],[8.079885,10.357342],[8.087673,10.346298],[8.090316,10.320168],[8.105929,10.300506],[8.109417,10.288924],[8.107208,10.265904],[8.101551,10.256894],[8.091072,10.252811]]]}},
{"type":"Feature","properties":{},"geometry":{"type":"Polygon","coordinates":[[[8.110354,10.156346],[8.093319,10.163286],[8.089217,10.174877],[8.080167,10.183511],[8.047868,10.193721],[8.04073,10.20718],[8.043993,10.219872],[8.082173,10.232625],[8.104179,10.229853],[8.128312,10.168803],[8.123268,10.159782],[8.110354,10.156346]]]}},
{"type":"Feature","properties":{},"geometry":{"type":"Polygon","coordinates":[[[8.057468,10.133649],[8.046084,10.144313],[8.051484,10.172274],[8.061842,10.188472],[8.082143,10.17941],[8.087503,10.174053],[8.087537,10.164825],[8.068593,10.137253],[8.057468,10.133649]]]}},
{"type":"Feature","properties":{},"geometry":{"type":"Polygon","coordinates":[[[8.079024,10.123669],[8.0709,10.137816],[8.081805,10.154307],[8.096775,10.152398],[8.100951,10.141186],[8.096338,10.132391],[8.086899,10.124507],[8.079024,10.123669]]]}},
{"type":"Feature","properties":{},"geometry":{"type":"Polygon","coordinates":[[[8.145764,10.103336],[8.134256,10.109747],[8.121213,10.126128],[8.120109,10.140406],[8.130643,10.156299],[8.151954,10.142545],[8.154202,10.131844],[8.160392,10.125636],[8.160486,10.108858],[8.145764,10.103336]]]}},
{"type":"Feature","properties":{},"geometry":{"type":"Polygon","coordinates":[[[8.217662,10.014088],[8.199878,10.01194],[8.186037,10.026716],[8.183959,10.049801],[8.192681,10.059369],[8.212166,10.052997],[8.212603,10.042072],[8.223402,10.028558],[8.217662,10.014088]]]}},
{"type":"Feature","properties":{},"geometry":{"type":"Polygon","coordinates":[[[8.179577,9.531953],[8.155996,9.548685],[8.154902,9.557194],[8.162417,9.569215],[8.170971,9.569086],[8.184887,9.559778],[8.195693,9.546877],[8.195535,9.536567],[8.189954,9.53119],[8.179577,9.531953]]]}},
{"type":"Feature","properties":{},"geometry":{"type":"Polygon","coordinates":[[[8.240708,9.412752],[8.216179,9.406446],[8.198502,9.409133],[8.178018,9.42824],[8.180777,9.449431],[8.207135,9.455108],[8.215422,9.437395],[8.231293,9.436551],[8.239724,9.428539],[8.240708,9.412752]]]}},
{"type":"Feature","properties":{},"geometry":{"type":"Polygon","coordinates":[[[8.242903,9.274116],[8.231485,9.286417],[8.226781,9.298617],[8.24155,9.306285],[8.247481,9.335313],[8.261615,9.341169],[8.275494,9.330046],[8.276496,9.315474],[8.286638,9.299553],[8.283266,9.278374],[8.273399,9.271848],[8.258228,9.278135],[8.253891,9.273954],[8.242903,9.274116]]]}},
{"type":"Feature","properties":{},"geometry":{"type":"Polygon","coordinates":[[[7.940679,9.280856],[7.934647,9.2864],[7.937218,9.295468],[7.948875,9.298949],[7.951793,9.289199],[7.940679,9.280856]]]}},
{"type":"Feature","properties":{},"geometry":{"type":"Polygon","coordinates":[[[7.939882,9.31121],[7.934478,9.317959],[7.935235,9.328266],[7.94451,9.336026],[7.946102,9.319013],[7.939882,9.31121]]]}},
{"type":"Feature","properties":{},"geometry":{"type":"Polygon","coordinates":[[[7.847507,9.30277],[7.843423,9.316785],[7.852645,9.320907],[7.86017,9.334763],[7.859168,9.350557],[7.872083,9.35645],[7.877549,9.353947],[7.880544,9.349658],[7.877336,9.338778],[7.883293,9.327772],[7.87878,9.31084],[7.871968,9.304256],[7.853574,9.299652],[7.847507,9.30277]]]}},
{"type":"Feature","properties":{},"geometry":{"type":"Polygon","coordinates":[[[7.802447,9.224473],[7.792194,9.234322],[7.796716,9.252471],[7.806597,9.26023],[7.804864,9.267537],[7.812947,9.277747],[7.824588,9.280018],[7.826246,9.267251],[7.835919,9.259836],[7.831543,9.252612],[7.832558,9.237424],[7.820318,9.235768],[7.816496,9.224286],[7.802447,9.224473]]]}},
{"type":"Feature","properties":{},"geometry":{"type":"Polygon","coordinates":[[[7.832634,9.228015],[7.84787,9.240352],[7.860014,9.234927],[7.856105,9.217176],[7.845943,9.218528],[7.841007,9.214954],[7.832634,9.228015]]]}},
{"type":"Feature","properties":{},"geometry":{"type":"Polygon","coordinates":[[[7.905175,9.172815],[7.903356,9.188619],[7.894383,9.187528],[7.88923,9.197713],[7.898449,9.216603],[7.909832,9.215233],[7.906811,9.232268],[7.924446,9.24133],[7.937137,9.216881],[7.93092,9.179745],[7.910846,9.170715],[7.905175,9.172815]]]}},
{"type":"Feature","properties":{},"geometry":{"type":"Polygon","coordinates":[[[7.771782,9.124425],[7.764697,9.142729],[7.778707,9.155088],[7.775096,9.189533],[7.781268,9.194307],[7.790578,9.190136],[7.797777,9.180327],[7.792273,9.164619],[7.79441,9.14193],[7.786426,9.123423],[7.771782,9.124425]]]}},
{"type":"Feature","properties":{},"geometry":{"type":"Polygon","coordinates":[[[8.176478,9.147387],[8.170063,9.168105],[8.179909,9.173424],[8.173858,9.17715],[8.162235,9.175498],[8.157413,9.179814],[8.154651,9.199874],[8.166302,9.203346],[8.169301,9.199663],[8.181633,9.207977],[8.182996,9.217663],[8.189772,9.221811],[8.223626,9.198878],[8.225376,9.193393],[8.219572,9.172247],[8.209711,9.165716],[8.193186,9.162919],[8.186871,9.148451],[8.176478,9.147387]]]}},
{"type":"Feature","properties":{},"geometry":{"type":"Polygon","coordinates":[[[8.28207,9.063978],[8.27246,9.074428],[8.259691,9.077644],[8.254812,9.119567],[8.266629,9.134561],[8.25034,9.147535],[8.244408,9.159146],[8.245178,9.170053],[8.250123,9.174227],[8.273889,9.171457],[8.284012,9.154325],[8.304677,9.148563],[8.304963,9.126724],[8.298027,9.111661],[8.299967,9.077668],[8.294899,9.065004],[8.28207,9.063978]]]}},
{"type":"Feature","properties":{},"geometry":{"type":"Polygon","coordinates":[[[8.323835,8.915987],[8.321291,8.908746],[8.309617,8.902848],[8.276645,8.900287],[8.25652,8.900571],[8.245699,8.911643],[8.245838,8.921346],[8.251962,8.923079],[8.257721,8.9418],[8.274877,8.947017],[8.28217,8.945093],[8.295384,8.930953],[8.30697,8.930786],[8.310463,8.919212],[8.323835,8.915987]]]}},
{"type":"Feature","properties":{},"geometry":{"type":"Polygon","coordinates":[[[8.157895,8.871015],[8.148858,8.879028],[8.136642,8.877982],[8.124707,8.896953],[8.134628,8.908344],[8.128036,8.916928],[8.129908,8.919936],[8.143346,8.920964],[8.157264,8.912884],[8.158305,8.90013],[8.173364,8.886573],[8.170677,8.869018],[8.163426,8.873971],[8.157895,8.871015]]]}},
{"type":"Feature","properties":{},"geometry":{"type":"Polygon","coordinates":[[[7.802879,8.878189],[7.786078,8.900257],[7.788614,8.907508],[7.796666,8.916508],[7.806985,8.912126],[7.821046,8.913766],[7.825793,8.903387],[7.819611,8.897397],[7.812898,8.897483],[7.816432,8.887727],[7.802879,8.878189]]]}},
{"type":"Feature","properties":{},"geometry":{"type":"Polygon","coordinates":[[[7.761143,8.907256],[7.756591,8.932809],[7.746919,8.940216],[7.751342,8.951694],[7.769845,8.966023],[7.77835,8.962878],[7.778633,8.937987],[7.784634,8.930018],[7.775782,8.90646],[7.761143,8.907256]]]}},
{"type":"Feature","properties":{},"geometry":{"type":"Polygon","coordinates":[[[8.08526,8.643884],[8.044556,8.60923],[8.013293,8.596292],[8.003381,8.584284],[7.988205,8.589335],[7.998854,8.611041],[8.005473,8.650398],[8.020754,8.653232],[8.029826,8.647651],[8.036612,8.653629],[8.036798,8.667583],[8.043056,8.679635],[8.068109,8.68355],[8.073337,8.664064],[8.081205,8.659713],[8.08526,8.643884]]]}},
{"type":"Feature","properties":{},"geometry":{"type":"Polygon","coordinates":[[[7.931239,8.616165],[7.9191,8.620569],[7.917834,8.616944],[7.900373,8.634161],[7.885059,8.628896],[7.877313,8.642954],[7.867642,8.649752],[7.867157,8.659469],[7.855007,8.663265],[7.846641,8.676725],[7.857704,8.683259],[7.857774,8.688721],[7.873029,8.689133],[7.885022,8.673201],[7.898374,8.668173],[7.90498,8.660199],[7.912297,8.660104],[7.920318,8.667283],[7.955098,8.668654],[7.952968,8.645622],[7.939443,8.6373],[7.936956,8.633691],[7.942333,8.625126],[7.931239,8.616165]]]}},
{"type":"Feature","properties":{},"geometry":{"type":"Polygon","coordinates":[[[7.759095,8.50483],[7.737236,8.512381],[7.732553,8.52822],[7.74002,8.54027],[7.741397,8.553001],[7.789138,8.566979],[7.791227,8.539032],[7.767932,8.529002],[7.764808,8.522971],[7.767698,8.510188],[7.759095,8.50483]]]}},
{"type":"Feature","properties":{},"geometry":{"type":"Polygon","coordinates":[[[7.922992,8.266938],[7.915148,8.273104],[7.912817,8.281629],[7.920292,8.294887],[7.917375,8.30524],[7.921099,8.310656],[7.931463,8.311135],[7.948262,8.290294],[7.930918,8.267447],[7.922992,8.266938]]]}},
{"type":"Feature","properties":{},"geometry":{"type":"Polygon","coordinates":[[[7.952406,8.2806],[7.958838,8.296972],[7.969694,8.298993],[7.977162,8.29],[7.975088,8.275731],[7.959025,8.268649],[7.953174,8.255507],[7.939602,8.252708],[7.936231,8.264617],[7.941787,8.275877],[7.952406,8.2806]]]}},
{"type":"Feature","properties":{},"geometry":{"type":"Polygon","coordinates":[[[7.940112,8.184733],[7.930231,8.195642],[7.913095,8.189109],[7.898528,8.193332],[7.90045,8.217585],[7.892966,8.225499],[7.895585,8.240302],[7.916146,8.238971],[7.933862,8.226615],[7.946839,8.225108],[7.964269,8.211676],[7.964737,8.205737],[7.95791,8.200966],[7.954251,8.189684],[7.949311,8.18435],[7.940112,8.184733]]]}},
{"type":"Feature","properties":{},"geometry":{"type":"Polygon","coordinates":[[[8.085515,8.135194],[8.084548,8.144375],[8.070012,8.15049],[8.063897,8.159195],[8.043547,8.155135],[8.019342,8.188877],[8.005312,8.192559],[7.976057,8.212608],[7.968646,8.226186],[7.988029,8.23916],[7.991173,8.252336],[8.009882,8.25453],[8.015792,8.25095],[8.020318,8.24496],[8.019633,8.233642],[8.034813,8.213765],[8.039708,8.215591],[8.044775,8.209594],[8.066855,8.200418],[8.084188,8.201278],[8.108432,8.192341],[8.134286,8.161274],[8.136045,8.150736],[8.131363,8.144323],[8.112318,8.136205],[8.085515,8.135194]]]}},
{"type":"Feature","properties":{},"geometry":{"type":"Polygon","coordinates":[[[8.028873,8.229346],[8.023535,8.235346],[8.023951,8.239656],[8.031312,8.236686],[8.028873,8.229346]]]}},
{"type":"Feature","properties":{},"geometry":{"type":"Polygon","coordinates":[[[8.034708,8.219744],[8.031174,8.225721],[8.037345,8.22852],[8.039453,8.223999],[8.034708,8.219744]]]}},
{"type":"Feature","properties":{},"geometry":{"type":"Polygon","coordinates":[[[7.990059,8.185061],[7.981006,8.19704],[7.984137,8.202035],[8.002054,8.191744],[8.000346,8.185113],[7.990059,8.185061]]]}},
{"type":"Feature","properties":{},"geometry":{"type":"Polygon","coordinates":[[[8.028147,8.157259],[8.015292,8.168207],[8.009122,8.17979],[8.011508,8.182998],[8.018353,8.182013],[8.026908,8.173636],[8.028147,8.157259]]]}},
{"type":"Feature","properties":{},"geometry":{"type":"Polygon","coordinates":[[[8.156244,8.119689],[8.138605,8.128728],[8.135712,8.135236],[8.140987,8.145684],[8.160734,8.145163],[8.172506,8.134767],[8.172897,8.123168],[8.156244,8.119689]]]}},
{"type":"Feature","properties":{},"geometry":{"type":"Polygon","coordinates":[[[8.343825,8.031058],[8.300036,8.032839],[8.28644,8.047976],[8.283758,8.060141],[8.218477,8.063406],[8.212063,8.069555],[8.209057,8.088196],[8.223824,8.100543],[8.252282,8.104624],[8.282517,8.120408],[8.301216,8.122995],[8.31248,8.115569],[8.31802,8.104984],[8.309664,8.086492],[8.311628,8.081614],[8.346429,8.074691],[8.369189,8.047303],[8.367076,8.040861],[8.343825,8.031058]]]}},
{"type":"Feature","properties":{},"geometry":{"type":"Polygon","coordinates":[[[8.501012,8.092039],[8.496205,8.09655],[8.48365,8.097933],[8.467697,8.088041],[8.453102,8.088641],[8.450609,8.084228],[8.457769,8.073621],[8.482018,8.067232],[8.486742,8.056659],[8.48009,8.044621],[8.466346,8.048039],[8.451217,8.038943],[8.417644,8.045857],[8.407608,8.053671],[8.403688,8.063829],[8.406326,8.079158],[8.392482,8.075298],[8.364094,8.076076],[8.346391,8.087225],[8.342115,8.101433],[8.343028,8.109103],[8.352514,8.120704],[8.400798,8.120873],[8.420393,8.12991],[8.456148,8.133877],[8.479871,8.14811],[8.490033,8.149589],[8.519547,8.142315],[8.541231,8.126255],[8.541086,8.115748],[8.53528,8.10653],[8.512361,8.091482],[8.501012,8.092039]]]}},
{"type":"Feature","properties":{},"geometry":{"type":"Polygon","coordinates":[[[8.473453,8.018434],[8.471528,8.02614],[8.497871,8.054893],[8.496453,8.069868],[8.508782,8.081829],[8.536435,8.087113],[8.557421,8.109058],[8.586077,8.098965],[8.596786,8.081439],[8.59744,8.070113],[8.593618,8.057636],[8.58001,8.041251],[8.55519,8.035121],[8.546352,8.041304],[8.542572,8.031655],[8.506209,8.011529],[8.494035,8.010883],[8.473453,8.018434]]]}},
{"type":"Feature","properties":{},"geometry":{"type":"Polygon","coordinates":[[[8.732847,7.732665],[8.728463,7.737977],[8.732689,7.75085],[8.742465,7.754759],[8.74293,7.759197],[8.757972,7.763034],[8.76154,7.757329],[8.756016,7.738413],[8.745507,7.740171],[8.732847,7.732665]]]}},
{"type":"Feature","properties":{},"geometry":{"type":"Polygon","coordinates":[[[8.793726,7.800121],[8.78779,7.810303],[8.77642,7.80844],[8.774302,7.831095],[8.784934,7.838221],[8.795427,7.835248],[8.800782,7.841639],[8.816569,7.840612],[8.818067,7.831704],[8.808611,7.821734],[8.807187,7.806804],[8.803047,7.800397],[8.799036,7.80328],[8.793726,7.800121]]]}},
{"type":"Feature","properties":{},"geometry":{"type":"Polygon","coordinates":[[[8.805955,7.892878],[8.799541,7.897815],[8.799293,7.909132],[8.807898,7.91588],[8.828224,7.920444],[8.82803,7.90671],[8.805955,7.892878]]]}},
{"type":"Feature","properties":{},"geometry":{"type":"Polygon","coordinates":[[[8.847938,7.824016],[8.838842,7.839899],[8.860463,7.850505],[8.851671,7.859112],[8.854261,7.870387],[8.880156,7.868004],[8.879985,7.855887],[8.896545,7.852423],[8.896025,7.844351],[8.888627,7.83678],[8.882226,7.842525],[8.873585,7.832951],[8.865422,7.828621],[8.862255,7.833917],[8.858188,7.832761],[8.847938,7.824016]]]}},
{"type":"Feature","properties":{},"geometry":{"type":"Polygon","coordinates":[[[8.981263,7.856473],[8.980342,7.848812],[8.971353,7.843286],[8.941367,7.8425],[8.937467,7.853057],[8.938023,7.863551],[8.950283,7.871052],[8.96116,7.866858],[8.960061,7.874951],[8.969498,7.883299],[8.984852,7.880655],[8.982658,7.868974],[8.975316,7.865444],[8.981263,7.856473]]]}},
{"type":"Feature","properties":{},"geometry":{"type":"Polygon","coordinates":[[[8.992521,7.822385],[8.985735,7.829348],[8.991073,7.834523],[8.990784,7.842604],[8.995262,7.844156],[8.993741,7.851044],[9.00924,7.858496],[9.022614,7.859112],[9.021646,7.848221],[9.013819,7.839044],[9.010806,7.826567],[9.003043,7.821831],[8.992521,7.822385]]]}},
{"type":"Feature","properties":{},"geometry":{"type":"Polygon","coordinates":[[[9.052159,7.872416],[9.046232,7.882598],[9.052083,7.895032],[9.061098,7.90217],[9.072425,7.901198],[9.075071,7.888237],[9.071344,7.882637],[9.052159,7.872416]]]}},
{"type":"Feature","properties":{},"geometry":{"type":"Polygon","coordinates":[[[9.073348,7.862798],[9.069436,7.866085],[9.069965,7.877565],[9.082069,7.880619],[9.083656,7.866059],[9.073348,7.862798]]]}},
{"type":"Feature","properties":{},"geometry":{"type":"Polygon","coordinates":[[[9.17575,7.910826],[9.167685,7.901077],[9.159303,7.906226],[9.149734,7.904214],[9.134367,7.887391],[9.113213,7.905469],[9.123813,7.91626],[9.149203,7.928986],[9.166783,7.924957],[9.17575,7.910826]]]}},
{"type":"Feature","properties":{},"geometry":{"type":"Polygon","coordinates":[[[9.195996,7.904783],[9.181449,7.918816],[9.19744,7.928986],[9.205859,7.914326],[9.204854,7.907343],[9.195996,7.904783]]]}},
{"type":"Feature","properties":{},"geometry":{"type":"Polygon","coordinates":[[[9.210992,7.92053],[9.206002,7.923834],[9.208976,7.93007],[9.213065,7.926779],[9.210992,7.92053]]]}},
{"type":"Feature","properties":{},"geometry":{"type":"Polygon","coordinates":[[[9.199111,7.959286],[9.189142,7.978547],[9.195763,7.987868],[9.195902,7.997017],[9.219479,8.002583],[9.23172,7.990825],[9.231784,7.977367],[9.220489,7.962465],[9.199111,7.959286]]]}},
{"type":"Feature","properties":{},"geometry":{"type":"Polygon","coordinates":[[[9.24955,7.938342],[9.226687,7.9438],[9.226406,7.96103],[9.234312,7.966024],[9.242662,7.964821],[9.243517,7.985531],[9.264044,7.986028],[9.272222,7.973524],[9.271803,7.963842],[9.266863,7.958534],[9.255495,7.956553],[9.24955,7.938342]]]}},
{"type":"Feature","properties":{},"geometry":{"type":"Polygon","coordinates":[[[9.107605,7.721595],[9.098848,7.731817],[9.095386,7.744385],[9.097879,7.748791],[9.10768,7.754706],[9.121824,7.752887],[9.127636,7.762898],[9.141046,7.766338],[9.144941,7.755784],[9.136559,7.73612],[9.120264,7.729086],[9.11489,7.72149],[9.107605,7.721595]]]}},
{"type":"Feature","properties":{},"geometry":{"type":"Polygon","coordinates":[[[9.270976,7.840226],[9.261488,7.855304],[9.265779,7.871387],[9.258487,7.871093],[9.255733,7.876382],[9.259921,7.885604],[9.269762,7.893934],[9.302923,7.891415],[9.304836,7.910762],[9.31595,7.922702],[9.322439,7.923411],[9.33358,7.910729],[9.330298,7.881313],[9.307375,7.864706],[9.290782,7.864957],[9.284307,7.838412],[9.270976,7.840226]]]}},
{"type":"Feature","properties":{},"geometry":{"type":"Polygon","coordinates":[[[9.408954,7.810697],[9.411675,7.803392],[9.40143,7.795072],[9.388483,7.795268],[9.370081,7.809269],[9.349446,7.809582],[9.316236,7.835106],[9.314819,7.848448],[9.333159,7.856648],[9.355742,7.851059],[9.360101,7.844939],[9.37021,7.844381],[9.379424,7.838186],[9.39043,7.843266],[9.402949,7.841461],[9.420891,7.823834],[9.419485,7.811344],[9.408954,7.810697]]]}},
{"type":"Feature","properties":{},"geometry":{"type":"Polygon","coordinates":[[[9.410283,7.883927],[9.399044,7.890153],[9.369821,7.884949],[9.360955,7.887508],[9.353426,7.898116],[9.353998,7.909005],[9.365524,7.921341],[9.359316,7.938792],[9.367323,7.959253],[9.374297,7.965199],[9.395414,7.969312],[9.415659,7.995231],[9.426815,7.983757],[9.439341,7.982349],[9.442831,7.97261],[9.436906,7.956156],[9.419367,7.947552],[9.407347,7.929577],[9.419818,7.924541],[9.429169,7.927221],[9.439095,7.940787],[9.44471,7.937471],[9.446,7.916467],[9.443756,7.902377],[9.433858,7.890424],[9.425722,7.887725],[9.418899,7.891462],[9.416782,7.885442],[9.410283,7.883927]]]}},
{"type":"Feature","properties":{},"geometry":{"type":"Polygon","coordinates":[[[9.4552,8.075926],[9.460704,8.06575],[9.460511,8.053647],[9.444339,8.029689],[9.387847,7.990214],[9.36874,7.985264],[9.364921,7.974022],[9.334885,7.969237],[9.312688,7.974016],[9.31125,7.985744],[9.315511,7.999403],[9.332422,8.019326],[9.342543,8.019169],[9.354472,8.031094],[9.377579,8.032751],[9.387182,8.051168],[9.419684,8.057923],[9.433748,8.076669],[9.4552,8.075926]]]}},
{"type":"Feature","properties":{},"geometry":{"type":"Polygon","coordinates":[[[9.477176,7.929905],[9.467262,7.942972],[9.473905,7.979186],[9.46248,7.999139],[9.462229,8.008827],[9.468814,8.015584],[9.476845,8.011422],[9.484212,8.016552],[9.497852,8.008669],[9.497902,7.986475],[9.502276,7.981563],[9.495231,7.971184],[9.493838,7.959908],[9.486998,7.962437],[9.491676,7.951064],[9.485686,7.930579],[9.477176,7.929905]]]}},
{"type":"Feature","properties":{},"geometry":{"type":"Polygon","coordinates":[[[9.479695,8.075941],[9.474285,8.092169],[9.484254,8.107747],[9.498108,8.113175],[9.502927,8.110676],[9.499298,8.086523],[9.479695,8.075941]]]}},
{"type":"Feature","properties":{},"geometry":{"type":"Polygon","coordinates":[[[9.50491,8.057784],[9.504758,8.073524],[9.512552,8.079856],[9.511519,8.09117],[9.51571,8.09998],[9.5263,8.103845],[9.538365,8.09881],[9.541552,8.095531],[9.536291,8.070599],[9.523685,8.067169],[9.513403,8.057246],[9.50491,8.057784]]]}},
{"type":"Feature","properties":{},"geometry":{"type":"Polygon","coordinates":[[[9.998219,7.926682],[9.972168,7.964208],[9.975609,7.976243],[9.984935,7.977699],[9.997261,7.965397],[10.009423,7.967206],[10.019836,7.961384],[10.021115,7.941611],[10.009572,7.928506],[9.998219,7.926682]]]}},
{"type":"Feature","properties":{},"geometry":{"type":"Polygon","coordinates":[[[10.039421,8.018691],[10.015,8.009436],[10.006113,8.009991],[9.989059,8.029631],[9.985985,8.038955],[9.972195,8.03677],[9.95871,8.05232],[9.959197,8.057149],[9.96614,8.061062],[9.975392,8.058082],[9.977916,8.063682],[10.000142,8.062497],[10.006842,8.052305],[10.029446,8.049898],[10.040041,8.031175],[10.039421,8.018691]]]}},
{"type":"Feature","properties":{},"geometry":{"type":"Polygon","coordinates":[[[9.976304,8.110876],[9.971116,8.091615],[9.942028,8.093727],[9.933734,8.128944],[9.931,8.134634],[9.921362,8.138831],[9.922847,8.15453],[9.939048,8.155462],[9.941768,8.148964],[9.95024,8.147609],[9.959953,8.124461],[9.96961,8.121473],[9.976304,8.110876]]]}},
{"type":"Feature","properties":{},"geometry":{"type":"Polygon","coordinates":[[[9.67086,8.127313],[9.64914,8.135737],[9.63221,8.164657],[9.639224,8.17261],[9.640168,8.180662],[9.649167,8.186161],[9.658713,8.200122],[9.671706,8.202327],[9.676516,8.199423],[9.677939,8.187702],[9.690371,8.180638],[9.68981,8.17137],[9.686296,8.154891],[9.681048,8.155784],[9.67485,8.148222],[9.67086,8.127313]]]}},
{"type":"Feature","properties":{},"geometry":{"type":"Polygon","coordinates":[[[9.631573,8.199361],[9.617127,8.207265],[9.590727,8.202455],[9.579591,8.21474],[9.577428,8.230914],[9.591084,8.248441],[9.588877,8.261791],[9.597143,8.295946],[9.613016,8.300524],[9.624649,8.293876],[9.636291,8.311832],[9.648933,8.316865],[9.655295,8.3099],[9.660574,8.286819],[9.658009,8.278795],[9.65031,8.27852],[9.650417,8.260769],[9.641469,8.258497],[9.660555,8.237606],[9.660101,8.210587],[9.631573,8.199361]]]}},
{"type":"Feature","properties":{},"geometry":{"type":"Polygon","coordinates":[[[9.759835,8.336968],[9.736126,8.324064],[9.733133,8.314838],[9.716843,8.309467],[9.693885,8.316713],[9.675261,8.317028],[9.666532,8.327663],[9.661638,8.349528],[9.669133,8.361503],[9.677603,8.359343],[9.688726,8.34665],[9.702066,8.345212],[9.715662,8.358695],[9.721763,8.360204],[9.733778,8.352336],[9.742412,8.359852],[9.750111,8.360124],[9.757734,8.35596],[9.759835,8.336968]]]}},
{"type":"Feature","properties":{},"geometry":{"type":"Polygon","coordinates":[[[9.929405,8.49439],[9.923607,8.487236],[9.913153,8.491454],[9.895715,8.490152],[9.887879,8.504807],[9.898731,8.522757],[9.909758,8.527801],[9.92757,8.504905],[9.929405,8.49439]]]}},
{"type":"Feature","properties":{},"geometry":{"type":"Polygon","coordinates":[[[10.457687,8.290265],[10.450772,8.309424],[10.455405,8.313867],[10.45103,8.323011],[10.451341,8.339315],[10.458703,8.343707],[10.449833,8.355654],[10.44939,8.380128],[10.454025,8.384571],[10.465797,8.381629],[10.466395,8.365308],[10.480408,8.336952],[10.478808,8.30074],[10.464945,8.289223],[10.457687,8.290265]]]}},
{"type":"Feature","properties":{},"geometry":{"type":"Polygon","coordinates":[[[10.413186,8.437904],[10.413013,8.428845],[10.403006,8.429036],[10.394956,8.436438],[10.378543,8.434936],[10.369548,8.440543],[10.358577,8.438031],[10.343213,8.44376],[10.3422,8.438341],[10.326576,8.430478],[10.313854,8.431622],[10.313269,8.448855],[10.323417,8.455916],[10.323624,8.466789],[10.33489,8.484703],[10.329672,8.497491],[10.329948,8.511988],[10.334093,8.538194],[10.341531,8.54621],[10.347832,8.542464],[10.350022,8.514325],[10.358618,8.487878],[10.352076,8.478939],[10.362735,8.465142],[10.387201,8.459241],[10.390718,8.452831],[10.39896,8.455393],[10.413186,8.437904]]]}},
{"type":"Feature","properties":{},"geometry":{"type":"Polygon","coordinates":[[[10.28216,8.343382],[10.264166,8.354593],[10.268245,8.378085],[10.304037,8.393736],[10.314063,8.394456],[10.324811,8.385192],[10.339283,8.38039],[10.321537,8.356248],[10.28216,8.343382]]]}},
{"type":"Feature","properties":{},"geometry":{"type":"Polygon","coordinates":[[[10.253471,8.355997],[10.258547,8.360605],[10.260344,8.355737],[10.257022,8.351098],[10.253471,8.355997]]]}},
{"type":"Feature","properties":{},"geometry":{"type":"Polygon","coordinates":[[[10.255721,8.368178],[10.253703,8.375736],[10.258352,8.379141],[10.260054,8.369172],[10.255721,8.368178]]]}},
{"type":"Feature","properties":{},"geometry":{"type":"Polygon","coordinates":[[[10.265687,8.38196],[10.266352,8.388663],[10.270935,8.388579],[10.269727,8.381617],[10.265687,8.38196]]]}},
{"type":"Feature","properties":{},"geometry":{"type":"Polygon","coordinates":[[[10.330309,8.390696],[10.323904,8.394307],[10.327729,8.396921],[10.330309,8.390696]]]}},
{"type":"Feature","properties":{},"geometry":{"type":"Polygon","coordinates":[[[10.334709,8.395179],[10.343315,8.393943],[10.343467,8.387764],[10.334358,8.390889],[10.334709,8.395179]]]}},
{"type":"Feature","properties":{},"geometry":{"type":"Polygon","coordinates":[[[10.341699,8.382157],[10.349469,8.384338],[10.348212,8.374874],[10.343025,8.376225],[10.341699,8.382157]]]}},
{"type":"Feature","properties":{},"geometry":{"type":"Polygon","coordinates":[[[10.366681,8.381867],[10.369111,8.386834],[10.376574,8.382219],[10.370007,8.37715],[10.366681,8.381867]]]}},
{"type":"Feature","properties":{},"geometry":{"type":"Polygon","coordinates":[[[10.407021,8.390417],[10.427211,8.384127],[10.429451,8.379073],[10.425094,8.376827],[10.421579,8.381011],[10.415631,8.38005],[10.415166,8.383998],[10.408508,8.383587],[10.407021,8.390417]]]}},
{"type":"Feature","properties":{},"geometry":{"type":"Polygon","coordinates":[[[10.419392,8.398238],[10.415915,8.404389],[10.42427,8.408884],[10.425553,8.400805],[10.419392,8.398238]]]}},
{"type":"Feature","properties":{},"geometry":{"type":"Polygon","coordinates":[[[10.441796,8.413564],[10.440102,8.418966],[10.442469,8.420531],[10.445255,8.415825],[10.441796,8.413564]]]}},
{"type":"Feature","properties":{},"geometry":{"type":"Polygon","coordinates":[[[10.088652,8.525052],[10.065258,8.529913],[10.061771,8.538442],[10.061717,8.557387],[10.068021,8.569766],[10.060134,8.581196],[10.063192,8.593232],[10.060172,8.626742],[10.065369,8.644783],[10.080873,8.629181],[10.090764,8.595141],[10.09473,8.590633],[10.103725,8.595303],[10.108619,8.575464],[10.104307,8.561438],[10.092308,8.547553],[10.091161,8.529438],[10.088652,8.525052]]]}},
{"type":"Feature","properties":{},"geometry":{"type":"Polygon","coordinates":[[[9.661856,8.818551],[9.65791,8.824672],[9.660156,8.836734],[9.65301,8.845332],[9.653119,8.851381],[9.656632,8.866245],[9.669652,8.868432],[9.685555,8.850802],[9.684741,8.828227],[9.682199,8.822222],[9.671969,8.817161],[9.661856,8.818551]]]}},
{"type":"Feature","properties":{},"geometry":{"type":"Polygon","coordinates":[[[9.712562,8.797073],[9.709502,8.807212],[9.71432,8.82689],[9.736785,8.835763],[9.741945,8.829619],[9.735747,8.801095],[9.724693,8.795243],[9.712562,8.797073]]]}},
{"type":"Feature","properties":{},"geometry":{"type":"Polygon","coordinates":[[[9.755034,8.835835],[9.751996,8.847183],[9.765927,8.854997],[9.770312,8.850884],[9.769346,8.842432],[9.755034,8.835835]]]}},
{"type":"Feature","properties":{},"geometry":{"type":"Polygon","coordinates":[[[9.844609,8.779363],[9.837883,8.788356],[9.831258,8.82477],[9.852204,8.839306],[9.870846,8.838964],[9.873931,8.830439],[9.872137,8.821198],[9.862652,8.812501],[9.865655,8.799543],[9.863089,8.792332],[9.844609,8.779363]]]}},
{"type":"Feature","properties":{},"geometry":{"type":"Polygon","coordinates":[[[9.925393,8.851058],[9.920278,8.859217],[9.927784,8.870367],[9.920702,8.881788],[9.926406,8.883294],[9.94192,8.910419],[9.955837,8.917415],[9.965471,8.912396],[9.970662,8.908266],[9.96742,8.88696],[9.956235,8.87427],[9.950554,8.873973],[9.934729,8.851691],[9.925393,8.851058]]]}},
{"type":"Feature","properties":{},"geometry":{"type":"Polygon","coordinates":[[[10.060758,8.831992],[10.049585,8.84107],[10.054107,8.865572],[10.048045,8.866493],[10.043461,8.881091],[10.051781,8.892219],[10.064997,8.883907],[10.071244,8.892655],[10.063288,8.921424],[10.072242,8.944228],[10.079217,8.948527],[10.094394,8.93695],[10.107375,8.937506],[10.112284,8.93983],[10.115006,8.954689],[10.12322,8.960172],[10.133628,8.953523],[10.139753,8.955822],[10.137955,8.926035],[10.131307,8.9177],[10.102253,8.903347],[10.100382,8.890485],[10.094212,8.885767],[10.089445,8.869737],[10.082824,8.862609],[10.083425,8.851715],[10.075612,8.845818],[10.06967,8.831823],[10.060758,8.831992]]]}},
{"type":"Feature","properties":{},"geometry":{"type":"Polygon","coordinates":[[[10.247171,8.834059],[10.242573,8.847445],[10.246424,8.857846],[10.253824,8.863342],[10.263775,8.89538],[10.286694,8.907016],[10.289708,8.895676],[10.284974,8.881669],[10.289252,8.872721],[10.287346,8.858255],[10.256468,8.833073],[10.247171,8.834059]]]}},
{"type":"Feature","properties":{},"geometry":{"type":"Polygon","coordinates":[[[10.40179,8.814108],[10.396374,8.816632],[10.396069,8.831742],[10.407046,8.833942],[10.413034,8.8598],[10.394817,8.860163],[10.372204,8.85336],[10.349908,8.83205],[10.341408,8.832217],[10.327872,8.854237],[10.328077,8.864505],[10.33302,8.868637],[10.350499,8.861645],[10.361065,8.87352],[10.384809,8.87607],[10.412502,8.893643],[10.413514,8.91356],[10.401637,8.927089],[10.398943,8.94406],[10.398379,8.976092],[10.403276,8.977806],[10.416515,8.971497],[10.420297,8.948463],[10.428652,8.941044],[10.439707,8.946863],[10.445595,8.937683],[10.444122,8.925026],[10.434718,8.910717],[10.427984,8.878229],[10.436506,8.849061],[10.430944,8.844339],[10.424471,8.824531],[10.40179,8.814108]]]}},
{"type":"Feature","properties":{},"geometry":{"type":"Polygon","coordinates":[[[10.036612,9.066339],[10.033199,9.078497],[10.052549,9.103517],[10.079675,9.12173],[10.089989,9.120319],[10.095722,9.102674],[10.087674,9.095577],[10.078649,9.10059],[10.0706,9.093492],[10.071483,9.076546],[10.064688,9.071237],[10.053159,9.072669],[10.046948,9.066139],[10.036612,9.066339]]]}},
{"type":"Feature","properties":{},"geometry":{"type":"Polygon","coordinates":[[[10.129048,9.126806],[10.11746,9.125221],[10.118845,9.133656],[10.12799,9.134685],[10.129048,9.126806]]]}},
{"type":"Feature","properties":{},"geometry":{"type":"Polygon","coordinates":[[[10.054137,9.11976],[10.050178,9.124674],[10.050114,9.142007],[10.067924,9.160603],[10.082139,9.161533],[10.088272,9.143679],[10.086857,9.13363],[10.063477,9.120384],[10.054137,9.11976]]]}},
{"type":"Feature","properties":{},"geometry":{"type":"Polygon","coordinates":[[[10.068562,9.17228],[10.064796,9.186864],[10.081128,9.192185],[10.081552,9.172831],[10.077815,9.168471],[10.068562,9.17228]]]}},
{"type":"Feature","properties":{},"geometry":{"type":"Polygon","coordinates":[[[10.377979,9.202925],[10.376238,9.216657],[10.384588,9.228165],[10.38935,9.2039],[10.385619,9.199949],[10.377979,9.202925]]]}},
{"type":"Feature","properties":{},"geometry":{"type":"Polygon","coordinates":[[[10.461909,9.184677],[10.451983,9.194548],[10.460493,9.213703],[10.47075,9.219529],[10.482439,9.216466],[10.494505,9.231114],[10.492616,9.237596],[10.47835,9.233868],[10.467474,9.256246],[10.473309,9.263775],[10.473557,9.275449],[10.480618,9.283354],[10.489385,9.276323],[10.495886,9.276992],[10.499731,9.267246],[10.49625,9.256044],[10.499277,9.245913],[10.511295,9.239217],[10.508271,9.230422],[10.511409,9.225524],[10.527346,9.231632],[10.532862,9.224267],[10.5443,9.228456],[10.547852,9.205027],[10.5195,9.186698],[10.505279,9.184981],[10.49896,9.192764],[10.483145,9.19229],[10.473305,9.206186],[10.468002,9.185356],[10.461909,9.184677]]]}},
{"type":"Feature","properties":{},"geometry":{"type":"Polygon","coordinates":[[[10.439541,9.296299],[10.431674,9.307741],[10.435758,9.328196],[10.454867,9.330613],[10.468535,9.325089],[10.472779,9.314932],[10.468719,9.295687],[10.451191,9.291222],[10.439541,9.296299]]]}},
{"type":"Feature","properties":{},"geometry":{"type":"Polygon","coordinates":[[[10.391704,9.392357],[10.394371,9.384245],[10.390214,9.379499],[10.368279,9.377945],[10.358761,9.388214],[10.363038,9.398598],[10.36792,9.399301],[10.391704,9.392357]]]}},
{"type":"Feature","properties":{},"geometry":{"type":"Polygon","coordinates":[[[10.269732,9.379188],[10.241387,9.381786],[10.238218,9.385478],[10.238005,9.39475],[10.249487,9.400557],[10.250458,9.408192],[10.25748,9.414091],[10.276845,9.408855],[10.288352,9.39653],[10.285657,9.384096],[10.269732,9.379188]]]}},
{"type":"Feature","properties":{},"geometry":{"type":"Polygon","coordinates":[[[10.379366,9.43189],[10.356317,9.435395],[10.348123,9.450674],[10.347759,9.490561],[10.359461,9.496961],[10.37098,9.494905],[10.382849,9.480756],[10.37842,9.472995],[10.384309,9.463808],[10.382549,9.438468],[10.379366,9.43189]]]}},
{"type":"Feature","properties":{},"geometry":{"type":"Polygon","coordinates":[[[10.2053,9.547636],[10.183576,9.576296],[10.185776,9.58431],[10.203973,9.600049],[10.215622,9.594163],[10.222213,9.579519],[10.217373,9.56189],[10.221538,9.5477],[10.2053,9.547636]]]}},
{"type":"Feature","properties":{},"geometry":{"type":"Polygon","coordinates":[[[10.830765,9.422086],[10.822357,9.413219],[10.812333,9.413444],[10.806035,9.417206],[10.801785,9.430883],[10.814606,9.433312],[10.830765,9.422086]]]}},
{"type":"Feature","properties":{},"geometry":{"type":"Polygon","coordinates":[[[10.864211,9.489237],[10.865137,9.503098],[10.879279,9.51002],[10.88309,9.517175],[10.903667,9.513086],[10.919521,9.515138],[10.921839,9.510257],[10.920332,9.497619],[10.905184,9.499774],[10.887466,9.495952],[10.881487,9.500312],[10.877634,9.491347],[10.864211,9.489237]]]}},
{"type":"Feature","properties":{},"geometry":{"type":"Polygon","coordinates":[[[11.076089,9.478953],[11.070936,9.492345],[11.078351,9.497601],[11.089818,9.494317],[11.100522,9.484416],[11.091228,9.47679],[11.076089,9.478953]]]}},
{"type":"Feature","properties":{},"geometry":{"type":"Polygon","coordinates":[[[10.221837,9.6718],[10.216201,9.693074],[10.224908,9.701351],[10.236179,9.687212],[10.236619,9.679346],[10.23224,9.673998],[10.221837,9.6718]]]}},
{"type":"Feature","properties":{},"geometry":{"type":"Polygon","coordinates":[[[10.21019,9.66842],[10.196795,9.668702],[10.13786,9.733411],[10.117625,9.784619],[10.104986,9.792139],[10.103599,9.812723],[10.112712,9.811323],[10.125298,9.801384],[10.128084,9.789234],[10.139646,9.788385],[10.150754,9.7948],[10.188571,9.768006],[10.193065,9.750381],[10.199595,9.742385],[10.198621,9.725482],[10.209932,9.713153],[10.21019,9.66842]]]}},
{"type":"Feature","properties":{},"geometry":{"type":"Polygon","coordinates":[[[10.044246,9.816586],[10.035543,9.808704],[10.020037,9.80908],[9.991267,9.818658],[9.973139,9.81766],[9.969592,9.822974],[9.979057,9.828424],[9.990391,9.826172],[10.003485,9.830334],[10.036291,9.824813],[10.044246,9.816586]]]}},
{"type":"Feature","properties":{},"geometry":{"type":"Polygon","coordinates":[[[9.985591,9.734624],[9.984157,9.730892],[9.967627,9.730692],[9.914273,9.744685],[9.907171,9.755044],[9.846672,9.764874],[9.833368,9.763796],[9.822876,9.754329],[9.839894,9.751568],[9.85246,9.756422],[9.882709,9.751508],[9.880254,9.73758],[9.889978,9.736038],[9.891204,9.72983],[9.822188,9.73391],[9.796921,9.744096],[9.789839,9.742357],[9.786649,9.745378],[9.789234,9.752586],[9.773011,9.754522],[9.764991,9.760059],[9.763491,9.766273],[9.77156,9.763154],[9.812568,9.767172],[9.817262,9.77138],[9.807559,9.773995],[9.830089,9.775691],[9.838083,9.782251],[9.876906,9.772325],[9.876569,9.769105],[9.936565,9.748261],[9.959877,9.748858],[9.985591,9.734624]]]}},
{"type":"Feature","properties":{},"geometry":{"type":"Polygon","coordinates":[[[10.043531,9.854626],[10.036616,9.848051],[10.027659,9.847431],[10.023232,9.855855],[10.029403,9.865669],[10.027149,9.874315],[10.016901,9.87668],[10.01121,9.889431],[10.029814,9.89764],[10.038161,9.895047],[10.044422,9.883629],[10.043531,9.854626]]]}},
{"type":"Feature","properties":{},"geometry":{"type":"Polygon","coordinates":[[[10.035604,9.678099],[10.02782,9.675034],[10.023404,9.677543],[10.017996,9.690957],[10.031059,9.693914],[10.036686,9.690977],[10.035604,9.678099]]]}},
{"type":"Feature","properties":{},"geometry":{"type":"Polygon","coordinates":[[[10.036465,9.958084],[10.022781,9.974093],[10.030711,10.002344],[10.039922,10.005173],[10.047987,9.983236],[10.043833,9.960347],[10.036465,9.958084]]]}},
{"type":"Feature","properties":{},"geometry":{"type":"Polygon","coordinates":[[[9.946191,9.958167],[9.93951,9.959516],[9.936019,9.967452],[9.91596,9.970895],[9.911806,9.976423],[9.894234,9.982231],[9.886588,9.995696],[9.888507,9.99989],[9.910137,10.012747],[9.918002,10.009559],[9.926269,9.996686],[9.931148,9.996583],[9.936207,10.004944],[9.942279,10.003606],[9.954204,9.990656],[9.956994,9.978502],[9.946191,9.958167]]]}},
{"type":"Feature","properties":{},"geometry":{"type":"Polygon","coordinates":[[[9.864785,10.003408],[9.849181,10.015829],[9.84575,10.026788],[9.849209,10.046072],[9.844572,10.057661],[9.849619,10.06542],[9.860613,10.065797],[9.895568,10.045104],[9.896505,10.031778],[9.889033,10.024677],[9.886946,10.012625],[9.880071,10.004905],[9.864785,10.003408]]]}},
{"type":"Feature","properties":{},"geometry":{"type":"Polygon","coordinates":[[[9.887247,10.112718],[9.867633,10.108897],[9.861206,10.122339],[9.850326,10.127406],[9.844558,10.143252],[9.846012,10.15411],[9.834415,10.154351],[9.823547,10.160024],[9.810628,10.155455],[9.798795,10.173246],[9.797922,10.189598],[9.803622,10.199157],[9.800372,10.218584],[9.811565,10.228027],[9.828072,10.228888],[9.83441,10.239642],[9.85323,10.234408],[9.858346,10.216758],[9.859333,10.20585],[9.852398,10.195713],[9.844399,10.192857],[9.844866,10.186193],[9.851398,10.177588],[9.857631,10.183506],[9.863098,10.182181],[9.87129,10.165676],[9.882053,10.155166],[9.883702,10.146664],[9.890971,10.14409],[9.887247,10.112718]]]}},
{"type":"Feature","properties":{},"geometry":{"type":"Polygon","coordinates":[[[9.786866,10.258189],[9.774257,10.268433],[9.768156,10.28308],[9.769537,10.30483],[9.77975,10.310969],[9.809663,10.295819],[9.808572,10.287676],[9.814826,10.280283],[9.811767,10.265831],[9.801654,10.26423],[9.79879,10.258845],[9.786866,10.258189]]]}},
{"type":"Feature","properties":{},"geometry":{"type":"Polygon","coordinates":[[[10.105682,10.081606],[10.107181,10.094269],[10.122043,10.104225],[10.126708,10.094451],[10.105682,10.081606]]]}},
{"type":"Feature","properties":{},"geometry":{"type":"Polygon","coordinates":[[[10.130021,10.215891],[10.117158,10.213755],[10.113807,10.227734],[10.117752,10.240343],[10.126998,10.244371],[10.136648,10.239321],[10.130021,10.215891]]]}},
{"type":"Feature","properties":{},"geometry":{"type":"Polygon","coordinates":[[[10.110458,10.241712],[10.105903,10.229115],[10.099259,10.232283],[10.096384,10.240205],[10.094906,10.255957],[10.099394,10.265532],[10.104289,10.266029],[10.108438,10.260497],[10.110458,10.241712]]]}},
{"type":"Feature","properties":{},"geometry":{"type":"Polygon","coordinates":[[[10.635654,10.065341],[10.62964,10.068701],[10.62097,10.062861],[10.61506,10.070648],[10.622408,10.0894],[10.632704,10.095202],[10.639086,10.090222],[10.645658,10.093289],[10.652351,10.084276],[10.652218,10.078643],[10.635654,10.065341]]]}},
{"type":"Feature","properties":{},"geometry":{"type":"Polygon","coordinates":[[[11.423841,8.726358],[11.38975,8.725762],[11.362803,8.739924],[11.351901,8.740165],[11.335822,8.75273],[11.324137,8.778763],[11.325774,8.790935],[11.334072,8.796175],[11.366812,8.796801],[11.382738,8.777457],[11.390944,8.778628],[11.402867,8.763441],[11.412374,8.761873],[11.426932,8.742562],[11.423841,8.726358]]]}},
{"type":"Feature","properties":{},"geometry":{"type":"Polygon","coordinates":[[[12.021785,8.727413],[12.009574,8.729058],[12.004428,8.741368],[11.99225,8.744368],[11.975025,8.76374],[11.972501,8.771925],[11.987487,8.82844],[12.014667,8.82643],[12.018451,8.814153],[12.039588,8.787915],[12.0447,8.77425],[12.045069,8.733623],[12.021785,8.727413]]]}},
{"type":"Feature","properties":{},"geometry":{"type":"Polygon","coordinates":[[[11.295864,9.269114],[11.28244,9.278923],[11.283114,9.307396],[11.294067,9.308498],[11.309468,9.324416],[11.320323,9.321448],[11.325913,9.326742],[11.36439,9.336684],[11.375047,9.325581],[11.385901,9.322611],[11.384308,9.313155],[11.395161,9.310184],[11.401723,9.299179],[11.411177,9.294885],[11.404191,9.288269],[11.395419,9.264066],[11.378884,9.257674],[11.295864,9.269114]]]}},
{"type":"Feature","properties":{},"geometry":{"type":"Polygon","coordinates":[[[11.260035,9.69065],[11.238947,9.685733],[11.234656,9.696691],[11.213987,9.70895],[11.205164,9.720924],[11.210809,9.728024],[11.218145,9.729656],[11.218301,9.735984],[11.232148,9.742885],[11.238416,9.73821],[11.247618,9.741604],[11.256641,9.737767],[11.272661,9.722],[11.269413,9.701276],[11.260035,9.69065]]]}},
{"type":"Feature","properties":{},"geometry":{"type":"Polygon","coordinates":[[[11.543415,9.866245],[11.538183,9.875417],[11.541809,9.909672],[11.549428,9.922131],[11.548753,9.931187],[11.551604,9.935634],[11.566228,9.937065],[11.571836,9.942343],[11.581574,9.931246],[11.587476,9.913018],[11.564552,9.872935],[11.543415,9.866245]]]}},
{"type":"Feature","properties":{},"geometry":{"type":"Polygon","coordinates":[[[11.097858,9.845655],[11.081666,9.855094],[11.079196,9.866013],[11.082597,9.893077],[11.089518,9.914627],[11.096993,9.921685],[11.105202,9.921485],[11.113515,9.851611],[11.097858,9.845655]]]}},
{"type":"Feature","properties":{},"geometry":{"type":"Polygon","coordinates":[[[11.051011,9.981621],[11.033833,9.988374],[11.027758,10.001191],[11.035237,10.00825],[11.029918,10.014714],[11.033814,10.024575],[11.060164,10.019407],[11.059828,10.005841],[11.065969,9.995736],[11.051011,9.981621]]]}},
{"type":"Feature","properties":{},"geometry":{"type":"Polygon","coordinates":[[[11.080913,10.058111],[11.076467,10.075113],[11.0857,10.079109],[11.101079,10.061236],[11.0967,10.056518],[11.080913,10.058111]]]}},
{"type":"Feature","properties":{},"geometry":{"type":"Polygon","coordinates":[[[11.085225,10.132811],[11.079975,10.14199],[11.087978,10.145412],[11.092617,10.136248],[11.085225,10.132811]]]}},
{"type":"Feature","properties":{},"geometry":{"type":"Polygon","coordinates":[[[11.089301,10.149602],[11.081538,10.153011],[11.080836,10.146593],[11.068327,10.144222],[11.063445,10.154532],[11.06634,10.161968],[11.063622,10.172224],[11.080648,10.171266],[11.095016,10.161525],[11.097806,10.154217],[11.089301,10.149602]]]}},
{"type":"Feature","properties":{},"geometry":{"type":"Polygon","coordinates":[[[11.089502,10.178822],[11.085297,10.194477],[11.101614,10.197556],[11.104808,10.174151],[11.098277,10.172705],[11.089502,10.178822]]]}},
{"type":"Feature","properties":{},"geometry":{"type":"Polygon","coordinates":[[[11.028669,10.341543],[11.030197,10.337751],[11.01597,10.321479],[11.010912,10.303638],[10.995335,10.2874],[11.000672,10.316229],[11.016324,10.335415],[11.028669,10.341543]]]}},
{"type":"Feature","properties":{},"geometry":{"type":"Polygon","coordinates":[[[11.034429,10.351409],[11.025361,10.370945],[11.03056,10.39763],[11.037718,10.395125],[11.042679,10.37033],[11.042658,10.355493],[11.034429,10.351409]]]}},
{"type":"Feature","properties":{},"geometry":{"type":"Polygon","coordinates":[[[11.072607,10.438439],[11.06713,10.436165],[11.051124,10.445689],[11.05081,10.465004],[11.061834,10.451315],[11.067769,10.450359],[11.072607,10.438439]]]}},
{"type":"Feature","properties":{},"geometry":{"type":"Polygon","coordinates":[[[11.07166,10.480213],[11.044388,10.478496],[11.046922,10.497739],[11.043696,10.514313],[11.027572,10.530921],[11.031847,10.543174],[11.050971,10.543891],[11.08902,10.522402],[11.08103,10.512149],[11.06491,10.517389],[11.059515,10.513103],[11.077122,10.502596],[11.070008,10.494735],[11.081295,10.491228],[11.080345,10.486024],[11.07166,10.480213]]]}},
{"type":"Feature","properties":{},"geometry":{"type":"Polygon","coordinates":[[[11.039533,10.553176],[11.035477,10.556943],[11.037567,10.567734],[11.056714,10.574512],[11.062771,10.564345],[11.07668,10.564344],[11.077281,10.559681],[11.072517,10.557122],[11.039533,10.553176]]]}},
{"type":"Feature","properties":{},"geometry":{"type":"Polygon","coordinates":[[[11.032758,10.584245],[11.024165,10.594297],[11.025042,10.600174],[11.03016,10.602368],[11.039067,10.597491],[11.051027,10.598792],[11.058204,10.590025],[11.032758,10.584245]]]}},
{"type":"Feature","properties":{},"geometry":{"type":"Polygon","coordinates":[[[11.008967,10.607378],[10.995222,10.620724],[10.995423,10.623818],[11.027414,10.617038],[11.008967,10.607378]]]}},
{"type":"Feature","properties":{},"geometry":{"type":"Polygon","coordinates":[[[10.986129,10.623162],[10.95872,10.618676],[10.945989,10.629549],[10.961771,10.638625],[10.98481,10.628024],[10.986129,10.623162]]]}},
{"type":"Feature","properties":{},"geometry":{"type":"Polygon","coordinates":[[[11.014715,10.576078],[10.999371,10.576651],[11.001446,10.586967],[11.008776,10.590891],[11.014715,10.576078]]]}},
{"type":"Feature","properties":{},"geometry":{"type":"Polygon","coordinates":[[[11.018384,10.543626],[11.012436,10.551108],[11.017824,10.563664],[11.020881,10.549284],[11.018384,10.543626]]]}},
{"type":"Feature","properties":{},"geometry":{"type":"Polygon","coordinates":[[[11.033012,10.508573],[11.020105,10.512476],[11.016239,10.523658],[11.02478,10.525587],[11.034077,10.514803],[11.033012,10.508573]]]}},
{"type":"Feature","properties":{},"geometry":{"type":"Polygon","coordinates":[[[11.036638,10.48828],[11.025862,10.490698],[11.02765,10.49691],[11.037407,10.497019],[11.036638,10.48828]]]}},
{"type":"Feature","properties":{},"geometry":{"type":"Polygon","coordinates":[[[11.008148,10.497225],[10.991673,10.502828],[10.984321,10.511955],[10.979492,10.555703],[10.996571,10.552407],[10.997158,10.512344],[11.012772,10.508371],[11.012554,10.499973],[11.008148,10.497225]]]}},
{"type":"Feature","properties":{},"geometry":{"type":"Polygon","coordinates":[[[10.978034,10.562176],[10.963468,10.564871],[10.95289,10.561204],[10.95005,10.584163],[10.952648,10.579806],[10.961379,10.58191],[10.96249,10.575981],[10.973067,10.579647],[10.971479,10.574145],[10.979337,10.570547],[10.978034,10.562176]]]}},
{"type":"Feature","properties":{},"geometry":{"type":"Polygon","coordinates":[[[10.94469,10.539418],[10.912517,10.553106],[10.909058,10.559095],[10.911446,10.567618],[10.933632,10.565983],[10.951169,10.545334],[10.94469,10.539418]]]}},
{"type":"Feature","properties":{},"geometry":{"type":"Polygon","coordinates":[[[10.893679,10.558497],[10.913498,10.542084],[10.945139,10.528768],[10.945931,10.524456],[10.928765,10.517379],[10.901549,10.534159],[10.889067,10.533755],[10.885716,10.544032],[10.896247,10.545915],[10.888539,10.555407],[10.893679,10.558497]]]}},
{"type":"Feature","properties":{},"geometry":{"type":"Polygon","coordinates":[[[10.929484,10.496083],[10.929078,10.508431],[10.937107,10.504474],[10.943148,10.507539],[10.947372,10.503141],[10.940781,10.492758],[10.929484,10.496083]]]}},
{"type":"Feature","properties":{},"geometry":{"type":"Polygon","coordinates":[[[10.96649,10.522867],[10.971672,10.520589],[10.976461,10.503125],[10.965888,10.506432],[10.963102,10.517588],[10.96649,10.522867]]]}},
{"type":"Feature","properties":{},"geometry":{"type":"Polygon","coordinates":[[[10.990223,10.490439],[10.978664,10.490554],[10.976905,10.499359],[10.982691,10.49957],[10.990223,10.490439]]]}},
{"type":"Feature","properties":{},"geometry":{"type":"Polygon","coordinates":[[[10.819082,10.588086],[10.79448,10.596347],[10.79504,10.60237],[10.813759,10.602706],[10.827808,10.61121],[10.85519,10.616157],[10.88184,10.608644],[10.881664,10.601808],[10.867618,10.59331],[10.855425,10.593616],[10.839389,10.586776],[10.819082,10.588086]]]}},
{"type":"Feature","properties":{},"geometry":{"type":"Polygon","coordinates":[[[10.831093,10.516559],[10.83091,10.525417],[10.808617,10.528383],[10.806402,10.537292],[10.788347,10.546998],[10.761,10.543246],[10.738692,10.545808],[10.735166,10.551128],[10.743631,10.564201],[10.77461,10.566658],[10.778594,10.579437],[10.76282,10.583047],[10.75294,10.578461],[10.749464,10.585792],[10.771216,10.593304],[10.779743,10.59269],[10.784896,10.58733],[10.79514,10.590294],[10.798614,10.582963],[10.809285,10.586721],[10.811917,10.578204],[10.794101,10.565367],[10.793115,10.558551],[10.807483,10.563826],[10.813762,10.554817],[10.821297,10.579177],[10.842872,10.579848],[10.854149,10.57554],[10.855204,10.569075],[10.843943,10.558091],[10.853229,10.555444],[10.851741,10.545018],[10.839936,10.544509],[10.834061,10.537411],[10.85183,10.532541],[10.857965,10.517901],[10.842177,10.520711],[10.831093,10.516559]]]}},
{"type":"Feature","properties":{},"geometry":{"type":"Polygon","coordinates":[[[10.838535,10.473316],[10.836656,10.479399],[10.800642,10.486325],[10.793845,10.49092],[10.795613,10.49651],[10.808871,10.506243],[10.815302,10.503266],[10.816348,10.496398],[10.839838,10.492599],[10.845849,10.473134],[10.838535,10.473316]]]}},
{"type":"Feature","properties":{},"geometry":{"type":"Polygon","coordinates":[[[10.783289,10.507682],[10.763259,10.519846],[10.739367,10.524056],[10.73587,10.530582],[10.738063,10.536968],[10.778744,10.537174],[10.786548,10.524102],[10.798182,10.517776],[10.794343,10.510627],[10.783289,10.507682]]]}},
{"type":"Feature","properties":{},"geometry":{"type":"Polygon","coordinates":[[[10.712275,10.538609],[10.700239,10.545344],[10.690898,10.545974],[10.689504,10.555267],[10.704609,10.557313],[10.716684,10.552187],[10.716868,10.543327],[10.712275,10.538609]]]}},
{"type":"Feature","properties":{},"geometry":{"type":"Polygon","coordinates":[[[10.691699,10.561654],[10.627216,10.570071],[10.620749,10.571837],[10.620868,10.576666],[10.660039,10.580948],[10.672107,10.575418],[10.702248,10.576693],[10.708236,10.572118],[10.691699,10.561654]]]}},
{"type":"Feature","properties":{},"geometry":{"type":"Polygon","coordinates":[[[10.62827,10.587962],[10.584298,10.603526],[10.576322,10.610162],[10.578943,10.617346],[10.644317,10.611326],[10.646666,10.607645],[10.635941,10.601867],[10.636514,10.59219],[10.62827,10.587962]]]}},
{"type":"Feature","properties":{},"geometry":{"type":"Polygon","coordinates":[[[10.545803,10.593985],[10.536924,10.597019],[10.537925,10.604645],[10.544067,10.606108],[10.545972,10.617337],[10.556668,10.621909],[10.565548,10.618877],[10.565338,10.610427],[10.570845,10.602643],[10.545803,10.593985]]]}},
{"type":"Feature","properties":{},"geometry":{"type":"Polygon","coordinates":[[[10.691712,10.635119],[10.691001,10.62306],[10.684332,10.616782],[10.656951,10.628326],[10.648677,10.622894],[10.631247,10.625734],[10.614083,10.622931],[10.60863,10.632728],[10.616082,10.63778],[10.642849,10.633906],[10.657641,10.639581],[10.691712,10.635119]]]}},
{"type":"Feature","properties":{},"geometry":{"type":"Polygon","coordinates":[[[10.665335,10.654287],[10.650522,10.647809],[10.644542,10.652787],[10.6216,10.646904],[10.619656,10.650576],[10.625236,10.662116],[10.613926,10.665613],[10.625438,10.670163],[10.645587,10.662021],[10.675399,10.666116],[10.680555,10.660755],[10.669688,10.649349],[10.665335,10.654287]]]}},
{"type":"Feature","properties":{},"geometry":{"type":"Polygon","coordinates":[[[10.598475,10.649887],[10.593724,10.655237],[10.596801,10.664423],[10.608418,10.65689],[10.598475,10.649887]]]}},
{"type":"Feature","properties":{},"geometry":{"type":"Polygon","coordinates":[[[10.71385,10.689721],[10.713095,10.676054],[10.704796,10.669818],[10.686564,10.673085],[10.647843,10.670823],[10.62028,10.675522],[10.613294,10.672876],[10.583372,10.680857],[10.56251,10.676934],[10.54841,10.682914],[10.551022,10.689696],[10.561355,10.695887],[10.61456,10.707067],[10.621701,10.699644],[10.596195,10.688998],[10.606661,10.684312],[10.65555,10.68593],[10.65611,10.691955],[10.679123,10.700644],[10.692465,10.697093],[10.678786,10.687367],[10.6815,10.682066],[10.692301,10.690656],[10.697874,10.685688],[10.71385,10.689721]]]}},
{"type":"Feature","properties":{},"geometry":{"type":"Polygon","coordinates":[[[10.49804,10.646278],[10.494505,10.651598],[10.51362,10.667248],[10.529914,10.667659],[10.537913,10.661827],[10.537337,10.654995],[10.530322,10.651139],[10.49804,10.646278]]]}},
{"type":"Feature","properties":{},"geometry":{"type":"Polygon","coordinates":[[[10.547457,10.701863],[10.521475,10.704913],[10.522975,10.716152],[10.538985,10.721399],[10.562547,10.719213],[10.573238,10.723382],[10.579161,10.715991],[10.547457,10.701863]]]}},
{"type":"Feature","properties":{},"geometry":{"type":"Polygon","coordinates":[[[10.839303,10.780543],[10.835188,10.786684],[10.840821,10.791973],[10.841153,10.804641],[10.893043,10.804518],[10.899595,10.798314],[10.899356,10.789267],[10.892598,10.787629],[10.873844,10.794145],[10.87012,10.791826],[10.872918,10.782098],[10.869806,10.779763],[10.857699,10.783695],[10.839303,10.780543]]]}},
{"type":"Feature","properties":{},"geometry":{"type":"Polygon","coordinates":[[[10.348779,10.67904],[10.343342,10.681586],[10.343606,10.692456],[10.35909,10.701153],[10.360556,10.686012],[10.348779,10.67904]]]}},
{"type":"Feature","properties":{},"geometry":{"type":"Polygon","coordinates":[[[10.421522,10.891494],[10.421241,10.904793],[10.415147,10.905546],[10.415877,10.910362],[10.422152,10.916855],[10.439917,10.918235],[10.441388,10.903699],[10.4369,10.89535],[10.421522,10.891494]]]}},
{"type":"Feature","properties":{},"geometry":{"type":"Polygon","coordinates":[[[10.380475,10.937206],[10.380595,10.942037],[10.366539,10.942377],[10.371669,10.951921],[10.382761,10.955277],[10.402044,10.943932],[10.401907,10.938497],[10.396959,10.936202],[10.380475,10.937206]]]}},
{"type":"Feature","properties":{},"geometry":{"type":"Polygon","coordinates":[[[10.247391,11.00901],[10.233565,11.01901],[10.230641,11.02452],[10.23507,11.030458],[10.245451,11.029606],[10.262871,11.016497],[10.261499,11.010486],[10.247391,11.00901]]]}},
{"type":"Feature","properties":{},"geometry":{"type":"Polygon","coordinates":[[[10.33244,11.058928],[10.322334,11.070656],[10.325527,11.076017],[10.356112,11.075871],[10.357702,11.066164],[10.352675,11.060849],[10.346456,11.056771],[10.33244,11.058928]]]}},
{"type":"Feature","properties":{},"geometry":{"type":"Polygon","coordinates":[[[11.004704,11.040729],[11.001157,11.045048],[11.003236,11.054044],[11.015476,11.054923],[11.022042,11.049318],[11.020508,11.037895],[11.004704,11.040729]]]}},
{"type":"Feature","properties":{},"geometry":{"type":"Polygon","coordinates":[[[10.944369,11.045949],[10.937109,11.048555],[10.937883,11.05457],[10.957763,11.066717],[10.946229,11.069436],[10.948405,11.082051],[10.969165,11.081503],[10.981211,11.075149],[10.980964,11.066104],[10.975948,11.061409],[10.944369,11.045949]]]}},
{"type":"Feature","properties":{},"geometry":{"type":"Polygon","coordinates":[[[10.58927,11.168973],[10.584506,11.173925],[10.588443,11.184093],[10.598866,11.185035],[10.606089,11.180621],[10.605836,11.170965],[10.58927,11.168973]]]}},
{"type":"Feature","properties":{},"geometry":{"type":"Polygon","coordinates":[[[10.592928,11.19183],[10.591221,11.196706],[10.596897,11.203205],[10.617632,11.200858],[10.613098,11.191313],[10.592928,11.19183]]]}},
{"type":"Feature","properties":{},"geometry":{"type":"Polygon","coordinates":[[[10.493632,11.278923],[10.499404,11.289046],[10.509128,11.286383],[10.506994,11.27496],[10.493632,11.278923]]]}},
{"type":"Feature","properties":{},"geometry":{"type":"Polygon","coordinates":[[[10.678041,11.355705],[10.672959,11.371539],[10.675519,11.375699],[10.686493,11.374202],[10.701424,11.360525],[10.691975,11.350508],[10.678041,11.355705]]]}},
{"type":"Feature","properties":{},"geometry":{"type":"Polygon","coordinates":[[[10.750772,11.352582],[10.751678,11.363425],[10.758519,11.367471],[10.768848,11.364784],[10.777524,11.36878],[10.782879,11.363204],[10.774007,11.351969],[10.750772,11.352582]]]}},
{"type":"Feature","properties":{},"geometry":{"type":"Polygon","coordinates":[[[11.080696,11.356193],[11.078474,11.364097],[11.068055,11.363179],[11.060997,11.373028],[11.053055,11.373248],[11.049576,11.37998],[11.053602,11.39254],[11.098094,11.365969],[11.096701,11.359974],[11.080696,11.356193]]]}},
{"type":"Feature","properties":{},"geometry":{"type":"Polygon","coordinates":[[[10.128749,11.050593],[10.120579,11.050248],[10.112903,11.059027],[10.102585,11.059808],[10.103123,11.070812],[10.108142,11.075799],[10.114421,11.076726],[10.130368,11.061302],[10.128749,11.050593]]]}},
{"type":"Feature","properties":{},"geometry":{"type":"Polygon","coordinates":[[[10.092676,11.122383],[10.077909,11.130528],[10.077025,11.138879],[10.065203,11.145071],[10.063028,11.156409],[10.078078,11.159814],[10.086978,11.14536],[10.093731,11.143317],[10.095998,11.124723],[10.092676,11.122383]]]}},
{"type":"Feature","properties":{},"geometry":{"type":"Polygon","coordinates":[[[10.084359,11.171891],[10.070729,11.182159],[10.07496,11.188239],[10.084485,11.18828],[10.08925,11.182791],[10.106831,11.178341],[10.105002,11.170323],[10.084359,11.171891]]]}},
{"type":"Feature","properties":{},"geometry":{"type":"Polygon","coordinates":[[[10.03999,11.171598],[10.036822,11.175704],[10.027826,11.17511],[10.026584,11.179977],[10.032264,11.189786],[10.048127,11.192905],[10.059103,11.174104],[10.054394,11.170721],[10.03999,11.171598]]]}},
{"type":"Feature","properties":{},"geometry":{"type":"Polygon","coordinates":[[[9.922811,11.207341],[9.908309,11.215742],[9.912497,11.22008],[9.932887,11.2188],[9.930217,11.209588],[9.922811,11.207341]]]}},
{"type":"Feature","properties":{},"geometry":{"type":"Polygon","coordinates":[[[9.695554,11.177631],[9.679131,11.156217],[9.654166,11.154353],[9.646286,11.167034],[9.650581,11.176217],[9.658275,11.173222],[9.663713,11.178749],[9.672633,11.175726],[9.6826,11.182765],[9.682925,11.179126],[9.695554,11.177631]]]}},
{"type":"Feature","properties":{},"geometry":{"type":"Polygon","coordinates":[[[9.08983,11.086897],[9.064131,11.089839],[9.060566,11.095362],[9.062593,11.104408],[9.084127,11.107608],[9.09685,11.100081],[9.08983,11.086897]]]}},
{"type":"Feature","properties":{},"geometry":{"type":"Polygon","coordinates":[[[9.026034,11.086365],[9.023743,11.094287],[9.030599,11.099601],[9.042236,11.09876],[9.044612,11.095077],[9.044475,11.088416],[9.039484,11.084277],[9.026034,11.086365]]]}},
{"type":"Feature","properties":{},"geometry":{"type":"Polygon","coordinates":[[[9.017298,11.108955],[9.014468,11.120522],[9.025818,11.13544],[9.033214,11.137108],[9.050144,11.125255],[9.049279,11.113157],[9.043649,11.107818],[9.017298,11.108955]]]}},
{"type":"Feature","properties":{},"geometry":{"type":"Polygon","coordinates":[[[13.271445,7.900675],[13.263534,7.908966],[13.235487,7.923829],[13.214486,7.976975],[13.21119,8.007418],[13.218505,8.055812],[13.210796,8.072198],[13.186849,8.088994],[13.179346,8.113474],[13.198081,8.131219],[13.204793,8.155338],[13.193078,8.173854],[13.200734,8.234384],[13.188863,8.246833],[13.187252,8.263069],[13.210222,8.286768],[13.241263,8.308227],[13.281553,8.371936],[13.29663,8.403917],[13.291076,8.4243],[13.297493,8.436272],[13.297981,8.454472],[13.283981,8.462939],[13.263668,8.463478],[13.126901,8.442787],[13.116581,8.436982],[13.095465,8.407161],[13.062581,8.393836],[13.012602,8.34854],[12.990038,8.341012],[12.963668,8.343709],[12.945013,8.330002],[12.910714,8.340998],[12.875821,8.408741],[12.871906,8.49394],[12.881354,8.544353],[12.899924,8.554005],[12.924491,8.559446],[12.9414,8.583317],[12.968482,8.606919],[12.995244,8.618371],[13.003289,8.691075],[12.987775,8.719845],[12.988319,8.740087],[12.999255,8.768152],[12.970047,8.817549],[12.980827,8.839541],[12.999529,8.853217],[12.976822,8.916624],[12.995865,8.942441],[13.005184,8.984723],[13.046236,9.068657],[13.071066,9.082144],[13.118406,9.099045],[13.153068,9.100096],[13.209475,9.07826],[13.247153,9.042784],[13.260816,9.022158],[13.28976,9.03753],[13.304057,9.039148],[13.330384,9.034352],[13.348279,9.019678],[13.366582,9.019157],[13.393371,9.030532],[13.417831,9.031853],[13.506693,9.009067],[13.553498,9.009735],[13.59468,9.026735],[13.617752,9.050323],[13.640464,9.061785],[13.668792,9.056909],[13.719643,9.057426],[13.738412,9.073038],[13.787345,9.077642],[13.804086,9.093307],[13.814854,9.113189],[13.863906,9.121811],[13.886554,9.131226],[13.907359,9.146753],[13.937882,9.147843],[13.955906,9.139214],[13.987327,9.103921],[14.034851,9.064103],[14.050402,9.041419],[14.045461,8.946676],[14.032184,8.910733],[13.968591,8.821761],[13.918296,8.70004],[13.89122,8.676587],[13.85742,8.631098],[13.850115,8.588883],[13.77597,8.479854],[13.765207,8.457927],[13.760469,8.433811],[13.765989,8.41345],[13.76886,8.370937],[13.760192,8.35097],[13.776816,8.291915],[13.763879,8.26398],[13.760362,8.209519],[13.771913,8.186979],[13.769892,8.112272],[13.777238,8.083789],[13.776586,8.059561],[13.766025,8.043676],[13.765757,8.033581],[13.757171,8.015624],[13.736539,8.002024],[13.702793,7.952384],[13.650621,7.895125],[13.605529,7.876071],[13.55451,7.863219],[13.533732,7.843527],[13.509565,7.850202],[13.469495,7.869417],[13.420845,7.870642],[13.400673,7.875194],[13.368638,7.892179],[13.326206,7.89931],[13.271445,7.900675]]]}},
{"type":"Feature","properties":{},"geometry":{"type":"Polygon","coordinates":[[[11.132329,11.773523],[11.129502,11.781447],[11.139432,11.785986],[11.156614,11.7873],[11.165,11.781027],[11.157966,11.770973],[11.132329,11.773523]]]}},
{"type":"Feature","properties":{},"geometry":{"type":"Polygon","coordinates":[[[11.151911,11.791591],[11.118668,11.790136],[11.111659,11.773981],[11.103029,11.776642],[11.095544,11.772028],[11.087872,11.779487],[11.090347,11.789606],[11.086559,11.799636],[11.091565,11.803247],[11.111067,11.800007],[11.118007,11.804634],[11.127166,11.801422],[11.132149,11.804228],[11.15586,11.796303],[11.151911,11.791591]]]}},
{"type":"Feature","properties":{},"geometry":{"type":"Polygon","coordinates":[[[11.14615,11.817495],[11.135027,11.809507],[11.102089,11.809381],[11.096395,11.81008],[11.093313,11.816336],[11.100663,11.825511],[11.125235,11.828022],[11.137911,11.842402],[11.144317,11.838194],[11.14615,11.817495]]]}},
{"type":"Feature","properties":{},"geometry":{"type":"Polygon","coordinates":[[[10.692737,11.727438],[10.682072,11.725849],[10.683134,11.734677],[10.693882,11.739216],[10.692737,11.727438]]]}},
{"type":"Feature","properties":{},"geometry":{"type":"Polygon","coordinates":[[[10.68719,11.743423],[10.669706,11.741482],[10.661664,11.736331],[10.659996,11.744965],[10.666049,11.756879],[10.68492,11.749926],[10.68719,11.743423]]]}},
{"type":"Feature","properties":{},"geometry":{"type":"Polygon","coordinates":[[[10.653363,11.720271],[10.652685,11.716979],[10.630647,11.717838],[10.625403,11.725226],[10.634409,11.735721],[10.657824,11.73536],[10.637527,11.730269],[10.659551,11.728872],[10.639195,11.721635],[10.653363,11.720271]]]}},
{"type":"Feature","properties":{},"geometry":{"type":"Polygon","coordinates":[[[9.799413,11.761354],[9.792527,11.780879],[9.755974,11.792643],[9.753202,11.804809],[9.773425,11.803116],[9.795865,11.791688],[9.804486,11.792691],[9.815307,11.783357],[9.817567,11.775439],[9.813017,11.765263],[9.799413,11.761354]]]}},
{"type":"Feature","properties":{},"geometry":{"type":"Polygon","coordinates":[[[9.785002,11.749599],[9.761774,11.753784],[9.760828,11.765301],[9.782424,11.769625],[9.787051,11.75802],[9.785002,11.749599]]]}},
{"type":"Feature","properties":{},"geometry":{"type":"Polygon","coordinates":[[[9.610763,11.756127],[9.606331,11.776202],[9.60943,11.77734],[9.628198,11.766009],[9.62481,11.752774],[9.610763,11.756127]]]}},
{"type":"Feature","properties":{},"geometry":{"type":"Polygon","coordinates":[[[9.581993,11.734402],[9.578722,11.726005],[9.544876,11.723153],[9.548217,11.734576],[9.566048,11.735376],[9.574258,11.74487],[9.579725,11.742322],[9.581993,11.734402]]]}},
{"type":"Feature","properties":{},"geometry":{"type":"Polygon","coordinates":[[[9.587166,11.693734],[9.560547,11.684664],[9.544975,11.675336],[9.529088,11.678725],[9.527389,11.684816],[9.514443,11.682691],[9.506147,11.69559],[9.516139,11.702626],[9.517566,11.711068],[9.524989,11.71332],[9.548143,11.705526],[9.581373,11.708392],[9.587938,11.700373],[9.587166,11.693734]]]}},
{"type":"Feature","properties":{},"geometry":{"type":"Polygon","coordinates":[[[9.574294,11.823548],[9.570272,11.835141],[9.550225,11.844686],[9.537877,11.867972],[9.505186,11.888704],[9.496232,11.899807],[9.498147,11.90279],[9.513388,11.897593],[9.532517,11.900782],[9.533001,11.895323],[9.524871,11.889458],[9.554649,11.875451],[9.555645,11.865744],[9.567241,11.862447],[9.567711,11.856385],[9.56211,11.853488],[9.591383,11.844332],[9.588417,11.823219],[9.574294,11.823548]]]}},
{"type":"Feature","properties":{},"geometry":{"type":"Polygon","coordinates":[[[9.495736,11.917675],[9.483239,11.934913],[9.478612,11.947127],[9.486585,11.946337],[9.512454,11.922735],[9.511081,11.916714],[9.495736,11.917675]]]}},
{"type":"Feature","properties":{},"geometry":{"type":"Polygon","coordinates":[[[9.275622,11.695074],[9.251098,11.697429],[9.24639,11.706615],[9.254524,11.713099],[9.256708,11.72819],[9.262851,11.728055],[9.272417,11.716339],[9.264159,11.704409],[9.275745,11.700521],[9.275622,11.695074]]]}},
{"type":"Feature","properties":{},"geometry":{"type":"Polygon","coordinates":[[[9.160006,11.663068],[9.159553,11.670346],[9.152917,11.675939],[9.136158,11.668425],[9.133943,11.679375],[9.124728,11.679572],[9.119347,11.686351],[9.128774,11.69584],[9.150943,11.697786],[9.162492,11.692087],[9.167325,11.688349],[9.164708,11.681137],[9.177005,11.681477],[9.174974,11.673041],[9.182344,11.672882],[9.18281,11.66621],[9.160006,11.663068]]]}},
{"type":"Feature","properties":{},"geometry":{"type":"Polygon","coordinates":[[[9.1718,11.751241],[9.158446,11.758798],[9.157339,11.764273],[9.163072,11.773234],[9.174253,11.778442],[9.178527,11.777137],[9.178977,11.76986],[9.187592,11.770278],[9.195213,11.753759],[9.193289,11.750167],[9.187145,11.750301],[9.18541,11.755184],[9.1718,11.751241]]]}},
{"type":"Feature","properties":{},"geometry":{"type":"Polygon","coordinates":[[[9.106007,11.778101],[9.084634,11.784618],[9.083669,11.797766],[9.094701,11.801127],[9.100826,11.793962],[9.10999,11.791342],[9.112968,11.787037],[9.106007,11.778101]]]}},
{"type":"Feature","properties":{},"geometry":{"type":"Polygon","coordinates":[[[9.024006,11.65445],[9.008855,11.664461],[9.007771,11.671148],[9.014712,11.679484],[9.026935,11.676199],[9.035365,11.668145],[9.035207,11.660879],[9.024006,11.65445]]]}},
{"type":"Feature","properties":{},"geometry":{"type":"Polygon","coordinates":[[[8.895356,11.68924],[8.883078,11.690099],[8.867931,11.700712],[8.863873,11.712308],[8.869673,11.724914],[8.882542,11.722832],[8.882427,11.717381],[8.892132,11.71112],[8.883361,11.703424],[8.894909,11.697127],[8.895356,11.68924]]]}},
{"type":"Feature","properties":{},"geometry":{"type":"Polygon","coordinates":[[[8.856459,11.73973],[8.840554,11.743693],[8.83949,11.751593],[8.847317,11.772642],[8.857051,11.767593],[8.865283,11.74985],[8.856459,11.73973]]]}},
{"type":"Feature","properties":{},"geometry":{"type":"Polygon","coordinates":[[[8.891885,11.670527],[8.869864,11.675827],[8.852311,11.688912],[8.845538,11.688445],[8.833565,11.70384],[8.8356,11.712889],[8.816147,11.723588],[8.809613,11.73463],[8.827594,11.741535],[8.84382,11.723628],[8.851812,11.694376],[8.890183,11.677228],[8.891885,11.670527]]]}},
{"type":"Feature","properties":{},"geometry":{"type":"Polygon","coordinates":[[[8.617097,11.78032],[8.618057,11.797275],[8.645735,11.796725],[8.649227,11.786957],[8.64299,11.782838],[8.617097,11.78032]]]}},
{"type":"Feature","properties":{},"geometry":{"type":"Polygon","coordinates":[[[8.538295,11.624231],[8.513943,11.636826],[8.482998,11.627109],[8.473327,11.635783],[8.477159,11.642986],[8.490131,11.64577],[8.493325,11.651772],[8.459363,11.645144],[8.454503,11.648269],[8.45461,11.653724],[8.457779,11.658514],[8.465158,11.658374],[8.46718,11.667431],[8.483844,11.670144],[8.491127,11.665154],[8.512071,11.666571],[8.519305,11.659156],[8.541417,11.657517],[8.538198,11.650303],[8.523936,11.644516],[8.526938,11.640819],[8.541067,11.639941],[8.543309,11.628984],[8.538295,11.624231]]]}},
{"type":"Feature","properties":{},"geometry":{"type":"Polygon","coordinates":[[[8.444357,11.679994],[8.411679,11.707902],[8.418681,11.719897],[8.428297,11.708193],[8.449634,11.698084],[8.451808,11.68349],[8.444357,11.679994]]]}},
{"type":"Feature","properties":{},"geometry":{"type":"Polygon","coordinates":[[[8.395049,11.675469],[8.394717,11.69003],[8.391297,11.704042],[8.399896,11.703273],[8.411429,11.695171],[8.412554,11.689692],[8.403695,11.677125],[8.395049,11.675469]]]}},
{"type":"Feature","properties":{},"geometry":{"type":"Polygon","coordinates":[[[8.40102,11.760863],[8.383462,11.744215],[8.375536,11.748003],[8.36911,11.765711],[8.374139,11.771075],[8.401186,11.769349],[8.40102,11.760863]]]}},
{"type":"Feature","properties":{},"geometry":{"type":"Polygon","coordinates":[[[8.398951,11.780913],[8.390455,11.787139],[8.394289,11.794344],[8.406135,11.802002],[8.415967,11.801208],[8.419516,11.793863],[8.41186,11.780062],[8.398951,11.780913]]]}},
{"type":"Feature","properties":{},"geometry":{"type":"Polygon","coordinates":[[[8.232196,11.571733],[8.21347,11.590269],[8.202489,11.59532],[8.195332,11.607582],[8.185569,11.612004],[8.177831,11.626096],[8.165037,11.632999],[8.167621,11.639625],[8.181178,11.640595],[8.194485,11.628222],[8.211049,11.625496],[8.220161,11.619265],[8.208853,11.606731],[8.221747,11.605285],[8.226498,11.5961],[8.241659,11.584299],[8.241466,11.573991],[8.232196,11.571733]]]}},
{"type":"Feature","properties":{},"geometry":{"type":"Polygon","coordinates":[[[8.021243,11.645255],[8.009121,11.655782],[8.010439,11.660613],[8.018462,11.661686],[8.017339,11.667773],[8.009361,11.669127],[8.013723,11.672084],[8.011294,11.673947],[7.999558,11.671725],[7.994732,11.67727],[7.99983,11.686889],[8.021327,11.684087],[8.039472,11.666172],[8.033747,11.655958],[8.034176,11.645636],[8.021243,11.645255]]]}},
{"type":"Feature","properties":{},"geometry":{"type":"Polygon","coordinates":[[[8.022568,11.71865],[8.004774,11.721996],[8.003761,11.73415],[8.013741,11.741255],[8.026063,11.741645],[8.022568,11.71865]]]}},
{"type":"Feature","properties":{},"geometry":{"type":"Polygon","coordinates":[[[7.712957,11.600097],[7.711242,11.608017],[7.717993,11.606692],[7.723604,11.610849],[7.734602,11.605812],[7.730766,11.597377],[7.712957,11.600097]]]}},
{"type":"Feature","properties":{},"geometry":{"type":"Polygon","coordinates":[[[7.271354,11.690945],[7.2723,11.699029],[7.256112,11.715062],[7.258216,11.71827],[7.270527,11.717276],[7.277635,11.725268],[7.281661,11.719944],[7.294016,11.721782],[7.293897,11.714091],[7.30673,11.720377],[7.307881,11.715096],[7.294865,11.697071],[7.271354,11.690945]]]}},
{"type":"Feature","properties":{},"geometry":{"type":"Polygon","coordinates":[[[7.165753,11.853673],[7.170587,11.847122],[7.168863,11.841884],[7.163041,11.837515],[7.151165,11.840524],[7.151238,11.845383],[7.165753,11.853673]]]}},
{"type":"Feature","properties":{},"geometry":{"type":"Polygon","coordinates":[[[7.269357,11.748066],[7.268224,11.754562],[7.271162,11.758567],[7.274735,11.750415],[7.269357,11.748066]]]}},
{"type":"Feature","properties":{},"geometry":{"type":"Polygon","coordinates":[[[7.017358,11.55762],[7.012013,11.571668],[7.024369,11.573926],[7.031657,11.566535],[7.030303,11.558048],[7.017358,11.55762]]]}},
{"type":"Feature","properties":{},"geometry":{"type":"Polygon","coordinates":[[[6.687118,11.841583],[6.67759,11.867232],[6.678954,11.876938],[6.6851,11.875036],[6.698913,11.846899],[6.697605,11.841446],[6.687118,11.841583]]]}},
{"type":"Feature","properties":{},"geometry":{"type":"Polygon","coordinates":[[[9.696088,10.376146],[9.695422,10.402177],[9.697359,10.406977],[9.702857,10.406861],[9.71366,10.397559],[9.713529,10.391512],[9.705966,10.380779],[9.696088,10.376146]]]}},
{"type":"Feature","properties":{},"geometry":{"type":"Polygon","coordinates":[[[9.689505,10.363577],[9.676676,10.354165],[9.660939,10.361351],[9.643765,10.358478],[9.630843,10.36399],[9.631013,10.372055],[9.612321,10.374461],[9.600653,10.381561],[9.580642,10.379551],[9.570304,10.391867],[9.563413,10.393623],[9.545202,10.380279],[9.513849,10.381725],[9.502958,10.387192],[9.504465,10.400881],[9.488651,10.404836],[9.481593,10.418297],[9.461967,10.415468],[9.450249,10.420547],[9.447173,10.429487],[9.429358,10.435497],[9.428684,10.422597],[9.420069,10.419946],[9.406811,10.429497],[9.379236,10.436909],[9.368803,10.445191],[9.307423,10.454891],[9.285051,10.477943],[9.195515,10.508574],[9.181922,10.522566],[9.122006,10.546347],[9.117799,10.560562],[9.123623,10.566102],[9.131798,10.566751],[9.134208,10.585279],[9.148564,10.609227],[9.148638,10.61286],[9.134013,10.616375],[9.127634,10.644362],[9.098965,10.639673],[9.094621,10.647027],[9.0724,10.638172],[9.059125,10.627525],[9.069759,10.607935],[9.081098,10.603274],[9.07501,10.584411],[9.067609,10.581727],[9.031394,10.608272],[9.015004,10.625954],[8.960148,10.639525],[8.94452,10.654768],[8.925466,10.661996],[8.881106,10.691115],[8.863241,10.696702],[8.838428,10.72343],[8.827519,10.729697],[8.797006,10.768447],[8.786119,10.797337],[8.765688,10.82944],[8.757232,10.836064],[8.755013,10.848226],[8.737211,10.857853],[8.707303,10.886495],[8.684207,10.897432],[8.678469,10.918148],[8.657283,10.954507],[8.654744,10.971527],[8.643512,10.983053],[8.642505,11.005299],[8.638147,11.012655],[8.60458,11.054502],[8.560564,11.085228],[8.521592,11.156074],[8.513955,11.163492],[8.500244,11.196084],[8.499717,11.211453],[8.488156,11.228038],[8.481998,11.248767],[8.483472,11.261675],[8.497155,11.270517],[8.514254,11.265348],[8.533934,11.266597],[8.567282,11.254656],[8.58103,11.266926],[8.59745,11.269041],[8.598197,11.26539],[8.638056,11.272718],[8.646146,11.267713],[8.644815,11.262484],[8.660271,11.257339],[8.66264,11.252849],[8.681183,11.258961],[8.716504,11.244137],[8.742387,11.248892],[8.744729,11.243189],[8.752511,11.243442],[8.758102,11.236465],[8.773521,11.229701],[8.772999,11.224054],[8.781484,11.218636],[8.809319,11.218902],[8.837494,11.236127],[8.901245,11.251833],[8.905249,11.267506],[8.926,11.281634],[8.931226,11.296878],[8.957984,11.304419],[8.970228,11.312653],[8.987409,11.312303],[8.989211,11.300554],[8.966887,11.289699],[8.966762,11.283642],[8.994892,11.278629],[9.018059,11.29068],[9.026155,11.286476],[9.021209,11.265171],[9.026075,11.263053],[9.025797,11.249731],[9.034275,11.244308],[9.039127,11.221996],[9.044349,11.217445],[9.049374,11.222998],[9.039549,11.231321],[9.033395,11.25873],[9.0364,11.272041],[9.046691,11.277214],[9.060189,11.270477],[9.057967,11.259933],[9.062773,11.254988],[9.058049,11.237853],[9.060311,11.21564],[9.054298,11.20625],[9.061593,11.194345],[9.059304,11.176084],[9.065131,11.167888],[9.063572,11.158497],[9.046057,11.142159],[9.03772,11.147712],[9.03197,11.146484],[8.997933,11.122261],[9.01602,11.100224],[9.019165,11.080775],[9.070701,11.081623],[9.086443,11.078344],[9.107524,11.08949],[9.114009,11.099858],[9.11638,11.108963],[9.109443,11.116103],[9.087628,11.115741],[9.06697,11.131775],[9.067511,11.144686],[9.077279,11.155527],[9.092682,11.161945],[9.087316,11.166092],[9.078681,11.209478],[9.069495,11.226627],[9.073893,11.24121],[9.079441,11.245673],[9.094259,11.249946],[9.107036,11.248066],[9.118894,11.254283],[9.134648,11.251265],[9.156832,11.262112],[9.187266,11.25071],[9.187945,11.244235],[9.216035,11.244456],[9.235526,11.231665],[9.23744,11.219244],[9.272734,11.193606],[9.285121,11.173969],[9.3103,11.153655],[9.318452,11.140028],[9.314558,11.11118],[9.293691,11.103816],[9.287284,11.084574],[9.294756,11.077285],[9.296893,11.062573],[9.285683,11.048006],[9.289324,11.039856],[9.28779,11.031815],[9.281724,11.028442],[9.280406,11.017704],[9.264889,11.005376],[9.266101,10.985435],[9.270626,10.980497],[9.300655,10.958075],[9.307182,10.957669],[9.311372,10.949779],[9.329159,10.947391],[9.334988,10.939736],[9.349833,10.933508],[9.365259,10.929147],[9.394982,10.931215],[9.40522,10.926158],[9.426586,10.932164],[9.454904,10.932372],[9.456183,10.928578],[9.461661,10.930076],[9.472956,10.92365],[9.48037,10.914077],[9.524922,10.903844],[9.53688,10.890543],[9.5472,10.889515],[9.561631,10.877502],[9.561065,10.851691],[9.56909,10.820585],[9.565518,10.794033],[9.57742,10.79082],[9.580804,10.783889],[9.590097,10.785842],[9.588704,10.771885],[9.596537,10.769298],[9.604447,10.757833],[9.598975,10.743963],[9.612837,10.731026],[9.620234,10.652332],[9.609878,10.626059],[9.602095,10.618155],[9.596185,10.621506],[9.594664,10.614008],[9.598926,10.609883],[9.601562,10.593421],[9.609795,10.597013],[9.612784,10.609591],[9.621075,10.61587],[9.62181,10.612088],[9.646894,10.60295],[9.663871,10.583497],[9.664517,10.575684],[9.653869,10.554663],[9.633006,10.54515],[9.63463,10.519566],[9.649963,10.499478],[9.648758,10.481349],[9.68112,10.450952],[9.690405,10.427897],[9.692209,10.410648],[9.685621,10.373542],[9.689505,10.363577]]]}},
{"type":"Feature","properties":{},"geometry":{"type":"Polygon","coordinates":[[[8.906691,7.858482],[8.878225,7.876848],[8.854618,7.875563],[8.837659,7.89241],[8.835149,7.906091],[8.83923,7.914473],[8.855559,7.923041],[8.855347,7.933457],[8.822099,7.951164],[8.811853,7.965403],[8.789877,7.965352],[8.777112,7.979897],[8.736135,7.999505],[8.70868,7.994499],[8.704086,7.988097],[8.708686,7.982107],[8.724644,7.976677],[8.741999,7.980926],[8.794583,7.954153],[8.795508,7.943007],[8.778688,7.925285],[8.767268,7.932986],[8.744401,7.933662],[8.730307,7.930445],[8.717725,7.919483],[8.687123,7.920981],[8.68546,7.931061],[8.654672,7.925734],[8.62436,7.92902],[8.606396,7.919563],[8.5763,7.919069],[8.569927,7.927418],[8.571845,7.936015],[8.561117,7.942087],[8.560987,7.959154],[8.529246,7.970718],[8.515222,7.986535],[8.511462,8.001676],[8.521324,8.011245],[8.537989,8.017489],[8.540246,8.024464],[8.550059,8.03044],[8.577627,8.029886],[8.588328,8.03486],[8.600706,8.030739],[8.614271,8.034326],[8.601915,8.053086],[8.615506,8.071401],[8.616904,8.081261],[8.60291,8.0925],[8.592779,8.115812],[8.585383,8.108908],[8.562761,8.115505],[8.548179,8.136454],[8.54052,8.15632],[8.530069,8.150175],[8.505915,8.163799],[8.484748,8.158518],[8.466014,8.15985],[8.456454,8.172916],[8.463865,8.187368],[8.460803,8.187589],[8.433313,8.161908],[8.397299,8.145501],[8.357838,8.138837],[8.32614,8.119368],[8.306757,8.126451],[8.305499,8.131379],[8.271863,8.119837],[8.250286,8.106457],[8.206492,8.10783],[8.193082,8.116898],[8.185976,8.132357],[8.172555,8.140618],[8.167276,8.16158],[8.153293,8.178881],[8.125474,8.18328],[8.102206,8.204878],[8.079382,8.208538],[8.055699,8.219353],[8.018071,8.261898],[8.005339,8.282824],[8.001471,8.29811],[7.992088,8.305509],[7.991386,8.292842],[7.980879,8.29702],[7.967301,8.31526],[7.951923,8.319768],[7.930245,8.340266],[7.923219,8.341432],[7.913087,8.354236],[7.910243,8.365061],[7.914699,8.396158],[7.934892,8.408043],[7.913362,8.419102],[7.914441,8.440127],[7.922838,8.461329],[7.943399,8.480355],[7.947638,8.494057],[7.943982,8.504623],[7.948885,8.506718],[7.961628,8.549438],[7.981968,8.581943],[7.990106,8.582647],[7.995732,8.57772],[8.009314,8.580241],[8.017287,8.589037],[8.080352,8.624748],[8.097313,8.65688],[8.129126,8.694877],[8.144901,8.69898],[8.158622,8.691782],[8.179839,8.697694],[8.195447,8.689931],[8.225687,8.721061],[8.221514,8.771534],[8.226584,8.785213],[8.214741,8.79104],[8.203326,8.808184],[8.197961,8.831443],[8.202445,8.861173],[8.213836,8.880697],[8.23613,8.894806],[8.24454,8.895226],[8.306024,8.891658],[8.34266,8.894638],[8.363419,8.887061],[8.395131,8.887141],[8.413368,8.892537],[8.42339,8.901284],[8.448106,8.904963],[8.467078,8.941338],[8.47585,8.947945],[8.462818,8.964577],[8.450134,8.968268],[8.441827,8.983752],[8.442206,8.991024],[8.427547,8.989624],[8.412971,8.993883],[8.388152,9.011226],[8.381624,9.028033],[8.390994,9.038137],[8.386878,9.053157],[8.3184,9.080038],[8.309339,9.099984],[8.310108,9.115338],[8.321947,9.127294],[8.319967,9.139992],[8.325272,9.150158],[8.295987,9.187386],[8.302144,9.236222],[8.301453,9.262515],[8.295477,9.280125],[8.305897,9.323236],[8.320955,9.331905],[8.331768,9.329047],[8.332976,9.337116],[8.301842,9.342166],[8.273977,9.384097],[8.273266,9.41767],[8.24712,9.44812],[8.228341,9.480888],[8.224236,9.496722],[8.225781,9.5091],[8.241001,9.527607],[8.21684,9.528242],[8.206394,9.555761],[8.182384,9.566636],[8.161223,9.586366],[8.165336,9.642386],[8.169283,9.651763],[8.177453,9.652988],[8.192303,9.664625],[8.198954,9.690677],[8.21021,9.698057],[8.216367,9.709556],[8.221727,9.757059],[8.201353,9.827467],[8.202875,9.855079],[8.207279,9.858516],[8.213365,9.882416],[8.200198,9.892325],[8.195688,9.91666],[8.201764,9.939752],[8.238543,9.977999],[8.249427,9.978366],[8.248445,10.001836],[8.243654,10.008382],[8.23563,10.050566],[8.230464,10.050648],[8.203352,10.073318],[8.203425,10.0779],[8.173691,10.106814],[8.175159,10.11353],[8.167556,10.131446],[8.17264,10.143094],[8.171523,10.15821],[8.16019,10.181039],[8.142511,10.198842],[8.130285,10.225593],[8.132542,10.247398],[8.114503,10.268312],[8.114472,10.300129],[8.09647,10.331964],[8.095446,10.369596],[8.085585,10.382966],[8.080867,10.402859],[8.060608,10.413426],[8.044978,10.440643],[8.045942,10.449796],[8.040076,10.45771],[8.037623,10.474469],[8.05245,10.481512],[8.054457,10.487682],[8.031857,10.522157],[8.016023,10.53724],[8.013352,10.523798],[8.003816,10.523949],[7.976397,10.547442],[7.967896,10.578052],[7.967504,10.604488],[7.954887,10.616554],[7.954599,10.632471],[7.959697,10.644257],[7.955333,10.661048],[7.962009,10.669168],[7.962176,10.679414],[7.954825,10.696791],[7.95377,10.715822],[7.924827,10.730576],[7.918911,10.752518],[7.935681,10.794055],[7.965536,10.81785],[7.974615,10.83901],[7.984681,10.845589],[7.984033,10.855847],[7.990736,10.865177],[7.992709,10.885235],[8.002364,10.907866],[7.991868,10.916668],[7.99093,10.942034],[8.013,10.96419],[8.035659,10.964626],[8.036728,10.987395],[8.064345,11.006349],[8.073594,11.020486],[8.090989,11.063608],[8.104236,11.071879],[8.112799,11.093305],[8.110967,11.113559],[8.1223,11.129273],[8.111737,11.149678],[8.114034,11.171748],[8.120182,11.179731],[8.138041,11.185895],[8.141833,11.199581],[8.160051,11.210456],[8.170555,11.232921],[8.201092,11.245329],[8.279237,11.247453],[8.292286,11.244256],[8.304094,11.247819],[8.317455,11.261597],[8.340252,11.268734],[8.388361,11.271366],[8.43069,11.286226],[8.459298,11.275726],[8.477897,11.248704],[8.48242,11.213587],[8.497191,11.193642],[8.499091,11.164234],[8.510341,11.152978],[8.512925,11.138109],[8.524779,11.115657],[8.518466,11.106477],[8.53055,11.096149],[8.534065,11.087193],[8.602281,11.042685],[8.619365,11.023149],[8.634721,10.994126],[8.642311,10.95357],[8.669432,10.907895],[8.678828,10.895508],[8.739801,10.848664],[8.744286,10.836189],[8.762615,10.816183],[8.779832,10.785869],[8.789876,10.755513],[8.845129,10.696837],[8.895836,10.666886],[8.907063,10.665595],[8.950894,10.632808],[8.991205,10.624857],[9.008474,10.617078],[9.042134,10.585017],[9.110359,10.540085],[9.163212,10.521112],[9.197893,10.496209],[9.277825,10.46817],[9.290827,10.452302],[9.307125,10.442648],[9.36377,10.434076],[9.401583,10.422198],[9.405784,10.414939],[9.432525,10.40256],[9.449468,10.389483],[9.437937,10.379401],[9.42229,10.37613],[9.393467,10.357515],[9.377485,10.355678],[9.359219,10.339359],[9.332434,10.327242],[9.32709,10.295682],[9.290149,10.264558],[9.261076,10.227893],[9.258288,10.196637],[9.23438,10.18274],[9.204708,10.151638],[9.191105,10.131886],[9.189752,10.118004],[9.177432,10.098944],[9.161505,10.089913],[9.143775,10.071762],[9.131233,10.050101],[9.12836,10.032207],[9.137394,10.002429],[9.140044,9.950784],[9.155064,9.921613],[9.180148,9.903294],[9.278905,9.862613],[9.283655,9.855527],[9.289923,9.756643],[9.279529,9.742482],[9.231342,9.728655],[9.246409,9.721919],[9.261255,9.727569],[9.26331,9.721431],[9.278469,9.719716],[9.295041,9.725868],[9.297989,9.719175],[9.282449,9.710133],[9.261218,9.715907],[9.249172,9.710026],[9.274277,9.698622],[9.282622,9.700082],[9.283921,9.692165],[9.292701,9.687876],[9.306214,9.694982],[9.31156,9.690757],[9.326084,9.69381],[9.303915,9.707314],[9.303377,9.717191],[9.309929,9.719403],[9.346948,9.697548],[9.372967,9.696702],[9.375706,9.698087],[9.372346,9.702096],[9.33729,9.712707],[9.345167,9.718121],[9.367917,9.71644],[9.389841,9.72823],[9.317833,9.726164],[9.305132,9.743173],[9.306742,9.751844],[9.301925,9.755343],[9.300067,9.771883],[9.330459,9.772215],[9.359752,9.762517],[9.36394,9.768717],[9.333096,9.777728],[9.310505,9.778686],[9.309908,9.785335],[9.299036,9.784281],[9.299048,9.794508],[9.293368,9.800176],[9.303588,9.809762],[9.298787,9.814158],[9.300938,9.841657],[9.293592,9.845383],[9.284977,9.867972],[9.261931,9.873966],[9.250176,9.883872],[9.222721,9.896046],[9.202977,9.899824],[9.196211,9.905691],[9.18429,9.906986],[9.168725,9.916605],[9.156545,9.933072],[9.146772,9.962055],[9.14712,9.999736],[9.136889,10.042728],[9.140784,10.057192],[9.182988,10.095879],[9.202938,10.139738],[9.217229,10.148259],[9.227342,10.16547],[9.236366,10.168471],[9.24108,10.159498],[9.247327,10.15938],[9.265445,10.168993],[9.274468,10.178911],[9.291258,10.217609],[9.284527,10.2207],[9.272349,10.209364],[9.269894,10.222599],[9.298201,10.25959],[9.306707,10.26373],[9.319262,10.28017],[9.328025,10.283498],[9.335794,10.311871],[9.341926,10.319554],[9.375848,10.344174],[9.387806,10.344207],[9.403571,10.351024],[9.426761,10.368854],[9.444521,10.373608],[9.468747,10.388726],[9.480809,10.380679],[9.493087,10.383119],[9.509099,10.369073],[9.543081,10.369997],[9.585323,10.363346],[9.597793,10.349105],[9.618631,10.345446],[9.691737,10.347424],[9.717161,10.336138],[9.716978,10.327537],[9.721529,10.324484],[9.745715,10.325321],[9.75179,10.317395],[9.750987,10.298859],[9.769239,10.263655],[9.784348,10.246536],[9.792625,10.201865],[9.791758,10.167469],[9.796089,10.154204],[9.807005,10.144296],[9.810097,10.123799],[9.814737,10.125046],[9.825159,10.14311],[9.833047,10.14402],[9.842283,10.13173],[9.846984,10.110395],[9.853632,10.104073],[9.86318,10.106561],[9.8658,10.102205],[9.86542,10.084336],[9.85712,10.076714],[9.822095,10.088195],[9.827534,10.075983],[9.825055,10.061382],[9.830725,10.047284],[9.831075,10.025232],[9.842685,10.009804],[9.854123,9.999084],[9.879104,9.987811],[9.911498,9.961603],[9.951874,9.947859],[9.974891,9.946571],[9.99249,9.932765],[10.003943,9.936018],[9.996505,9.955793],[10.008617,9.964406],[10.027705,9.957015],[10.029728,9.950254],[10.042475,9.950523],[10.04425,9.944843],[10.034322,9.911728],[10.030979,9.907498],[10.010917,9.907249],[10.004845,9.889371],[9.986492,9.880214],[9.977085,9.858372],[9.955995,9.854373],[9.942179,9.841757],[9.925481,9.833769],[9.914435,9.836954],[9.911337,9.831372],[9.903441,9.829652],[9.89622,9.834369],[9.88547,9.825719],[9.899502,9.822744],[9.920176,9.826353],[9.935172,9.817712],[9.961741,9.818237],[9.969686,9.809474],[9.996998,9.806759],[9.986034,9.800805],[9.96419,9.805823],[9.935732,9.805605],[9.931274,9.799782],[9.934209,9.797572],[9.966611,9.792067],[9.970742,9.795208],[10.019555,9.797152],[10.019616,9.787207],[10.010774,9.77906],[10.010627,9.772076],[9.999998,9.769071],[10.002701,9.742946],[9.95512,9.760856],[9.948217,9.780619],[9.924219,9.792805],[9.915048,9.794874],[9.912526,9.790895],[9.916737,9.784894],[9.909141,9.784512],[9.880367,9.795312],[9.881319,9.802014],[9.886804,9.805127],[9.921159,9.802006],[9.92218,9.80548],[9.893918,9.814927],[9.879837,9.815484],[9.875645,9.809388],[9.86859,9.808994],[9.833191,9.827455],[9.834214,9.831063],[9.850828,9.83476],[9.877396,9.835023],[9.876402,9.839345],[9.829628,9.851857],[9.823883,9.849286],[9.822649,9.842052],[9.805146,9.847785],[9.786034,9.841181],[9.756951,9.850907],[9.743728,9.840686],[9.732888,9.840904],[9.716373,9.855487],[9.701823,9.860078],[9.702778,9.86705],[9.732373,9.86888],[9.74577,9.874257],[9.733379,9.878271],[9.732714,9.885544],[9.749557,9.887087],[9.754043,9.894256],[9.745165,9.897663],[9.732912,9.89522],[9.729259,9.902285],[9.737264,9.909115],[9.760763,9.904606],[9.770323,9.907909],[9.792257,9.90639],[9.809505,9.914372],[9.798752,9.918894],[9.79187,9.913926],[9.769473,9.912765],[9.738344,9.928723],[9.730738,9.92807],[9.715817,9.914657],[9.693546,9.919808],[9.68584,9.914315],[9.685692,9.907058],[9.670527,9.908169],[9.649485,9.900385],[9.64544,9.888094],[9.637273,9.886641],[9.604119,9.89698],[9.59938,9.890619],[9.605058,9.8897],[9.60135,9.880628],[9.605103,9.878402],[9.610829,9.879902],[9.622905,9.873478],[9.6406,9.876759],[9.637455,9.868753],[9.656103,9.865426],[9.660342,9.860502],[9.645151,9.846817],[9.671146,9.844958],[9.67879,9.834049],[9.684537,9.836623],[9.696256,9.826171],[9.695095,9.822429],[9.670844,9.816457],[9.667286,9.810342],[9.675688,9.805694],[9.693825,9.80874],[9.685655,9.797966],[9.677579,9.800816],[9.660684,9.796579],[9.637885,9.786447],[9.631784,9.779574],[9.667216,9.779775],[9.709875,9.771045],[9.713402,9.766673],[9.712535,9.759519],[9.705789,9.756604],[9.668623,9.768812],[9.653994,9.760314],[9.632955,9.765744],[9.616087,9.762848],[9.608342,9.755109],[9.595475,9.753388],[9.588319,9.747969],[9.629133,9.746276],[9.632041,9.747115],[9.628851,9.750227],[9.613879,9.751774],[9.615233,9.756231],[9.65552,9.755265],[9.657428,9.760247],[9.665957,9.762051],[9.676395,9.75073],[9.66776,9.743728],[9.689482,9.745452],[9.691209,9.741474],[9.686784,9.737079],[9.620989,9.72743],[9.60361,9.73512],[9.558425,9.739939],[9.53729,9.73138],[9.541128,9.742783],[9.508357,9.749509],[9.507958,9.75687],[9.515042,9.758528],[9.514451,9.765354],[9.518797,9.76563],[9.529077,9.782828],[9.50749,9.788443],[9.498754,9.785561],[9.489731,9.76789],[9.484757,9.744491],[9.474131,9.737161],[9.456896,9.734083],[9.453157,9.727696],[9.469884,9.723253],[9.535133,9.727387],[9.53834,9.724993],[9.527248,9.72162],[9.53437,9.716103],[9.596748,9.707908],[9.643589,9.691399],[9.673624,9.693324],[9.682929,9.697803],[9.702421,9.696703],[9.73484,9.70951],[9.742237,9.704434],[9.784927,9.706994],[9.784863,9.712731],[9.771342,9.714254],[9.745631,9.729463],[9.739851,9.738541],[9.742969,9.740809],[9.797907,9.727885],[9.802559,9.730122],[9.816186,9.725009],[9.819843,9.718305],[9.819703,9.724759],[9.824461,9.727711],[9.836177,9.726401],[9.843099,9.720348],[9.876838,9.722714],[9.905965,9.720512],[9.916342,9.715642],[9.925601,9.717963],[9.949645,9.710304],[9.959828,9.71368],[9.970914,9.708257],[9.976039,9.711558],[9.982994,9.707294],[9.980634,9.698026],[10.006277,9.698037],[10.010147,9.693119],[10.008453,9.68115],[9.998094,9.677959],[9.991892,9.68364],[9.997694,9.684775],[9.998506,9.689059],[9.977092,9.692723],[9.964774,9.699602],[9.956284,9.690817],[9.966396,9.68201],[9.973661,9.684013],[9.980796,9.679747],[9.974023,9.666626],[10.037862,9.66281],[10.046724,9.672123],[10.046193,9.681271],[10.053705,9.68649],[10.080037,9.67654],[10.085811,9.667821],[10.119356,9.66623],[10.140009,9.652723],[10.150007,9.651798],[10.153291,9.644923],[10.144243,9.635261],[10.143738,9.628465],[10.152309,9.624078],[10.161311,9.631591],[10.16996,9.630874],[10.183674,9.613752],[10.183495,9.596831],[10.17912,9.586176],[10.171292,9.582936],[10.185121,9.562768],[10.1865,9.525487],[10.190468,9.525406],[10.201647,9.542187],[10.219134,9.533047],[10.218581,9.523925],[10.208688,9.508192],[10.216802,9.499428],[10.215363,9.49104],[10.200461,9.485797],[10.195491,9.498257],[10.187095,9.502192],[10.20145,9.455511],[10.222079,9.424193],[10.223243,9.410917],[10.218106,9.398039],[10.227173,9.383167],[10.221028,9.365117],[10.21241,9.358219],[10.209298,9.338583],[10.200664,9.322104],[10.210331,9.301223],[10.208979,9.270537],[10.190835,9.247174],[10.166783,9.243448],[10.162837,9.226691],[10.156576,9.220189],[10.156424,9.212671],[10.148012,9.206749],[10.147892,9.20084],[10.155677,9.202476],[10.167445,9.222838],[10.175271,9.226442],[10.177067,9.235003],[10.197376,9.240863],[10.203858,9.249329],[10.218666,9.250641],[10.222694,9.236054],[10.207219,9.215324],[10.195168,9.207686],[10.192658,9.199498],[10.176088,9.186755],[10.157004,9.187852],[10.141231,9.178852],[10.12394,9.179554],[10.124553,9.196558],[10.106337,9.205159],[10.102884,9.217229],[10.07474,9.234267],[10.044471,9.20835],[10.04524,9.174476],[10.03137,9.129421],[10.012224,9.118327],[10.00035,9.105747],[9.997314,9.088695],[9.989734,9.078988],[9.992117,9.053231],[9.978752,9.0052],[9.966614,8.99253],[9.95919,8.990701],[9.958254,8.970113],[9.950107,8.949303],[9.939419,8.932124],[9.922506,8.91927],[9.91083,8.892609],[9.892928,8.88443],[9.892043,8.875666],[9.887419,8.8693],[9.880471,8.868712],[9.881811,8.863311],[9.878345,8.861045],[9.847853,8.85408],[9.792258,8.854022],[9.775273,8.861322],[9.770809,8.873413],[9.754873,8.879081],[9.730141,8.852372],[9.713759,8.843525],[9.70051,8.848424],[9.673649,8.882969],[9.653853,8.879918],[9.639251,8.869959],[9.615926,8.871092],[9.597509,8.859585],[9.585588,8.858362],[9.556529,8.826059],[9.560078,8.812727],[9.552331,8.80282],[9.546543,8.771002],[9.531546,8.758709],[9.524036,8.741624],[9.532761,8.714754],[9.546315,8.701429],[9.550458,8.690956],[9.545713,8.666829],[9.56037,8.649542],[9.574188,8.641144],[9.575553,8.626417],[9.579625,8.622223],[9.607542,8.621742],[9.620159,8.611752],[9.628858,8.614649],[9.64899,8.612147],[9.665056,8.603801],[9.679341,8.586341],[9.680782,8.576098],[9.695566,8.566698],[9.814154,8.581822],[9.824852,8.575896],[9.83342,8.581836],[9.859969,8.576255],[9.884118,8.557546],[9.887804,8.542337],[9.88394,8.517675],[9.862963,8.507385],[9.850745,8.508677],[9.844489,8.50108],[9.81701,8.489557],[9.807085,8.478082],[9.800979,8.478905],[9.799267,8.473737],[9.780192,8.463943],[9.77272,8.427955],[9.76358,8.419958],[9.746279,8.418823],[9.707401,8.393229],[9.686628,8.389013],[9.674009,8.393351],[9.656264,8.387377],[9.652469,8.376057],[9.642802,8.36869],[9.634873,8.368285],[9.627198,8.350935],[9.602491,8.327053],[9.590315,8.320263],[9.576478,8.321748],[9.573711,8.30709],[9.579191,8.290233],[9.575612,8.269941],[9.567275,8.255644],[9.566579,8.224544],[9.543382,8.193005],[9.542725,8.185843],[9.547297,8.179313],[9.568268,8.174129],[9.580674,8.195264],[9.611066,8.183022],[9.610106,8.157577],[9.628368,8.141141],[9.629801,8.129821],[9.617819,8.10151],[9.60664,8.094519],[9.60378,8.084704],[9.6087,8.077452],[9.600658,8.069693],[9.601822,8.05282],[9.591128,8.036855],[9.576811,8.03045],[9.556141,8.0315],[9.54827,8.034315],[9.538588,8.047561],[9.537646,8.067212],[9.556577,8.080716],[9.558783,8.100226],[9.54909,8.112755],[9.543161,8.113389],[9.528709,8.126533],[9.513671,8.120319],[9.481361,8.119941],[9.45403,8.104683],[9.439957,8.091274],[9.420389,8.082976],[9.402319,8.089897],[9.397629,8.100553],[9.393142,8.101341],[9.389368,8.078979],[9.378669,8.062463],[9.356807,8.045585],[9.334072,8.041991],[9.316377,8.026835],[9.307994,8.008395],[9.311501,8.002422],[9.309582,7.994736],[9.293146,7.979201],[9.253276,7.990752],[9.238412,8.001563],[9.229238,8.001882],[9.221701,8.015274],[9.208015,8.014943],[9.202251,8.002828],[9.194486,7.997323],[9.193245,7.986694],[9.184908,7.979044],[9.163273,7.967839],[9.144683,7.970538],[9.140947,7.964537],[9.106132,7.952131],[9.089521,7.924513],[9.063391,7.910356],[9.045815,7.913438],[9.031817,7.897892],[9.004562,7.889804],[8.949204,7.913621],[8.945074,7.879751],[8.938067,7.871368],[8.926662,7.867086],[8.925361,7.861045],[8.906691,7.858482]],[[10.033574,9.622537],[10.020085,9.624963],[10.013341,9.621875],[10.025059,9.621098],[10.033574,9.622537]],[[10.01696,9.61356],[10.004951,9.617747],[9.987414,9.616492],[9.993869,9.614389],[10.01696,9.61356]],[[10.006983,9.648633],[9.98193,9.653685],[9.968278,9.651334],[9.995098,9.644337],[10.006983,9.648633]],[[10.001212,9.556522],[9.998899,9.566961],[9.993162,9.568868],[9.979063,9.55912],[9.967139,9.558643],[9.957595,9.550951],[9.956572,9.545059],[9.958134,9.541981],[9.996035,9.550535],[10.001212,9.556522]],[[9.993311,9.627771],[9.967595,9.6357],[9.945864,9.632675],[9.950381,9.629836],[9.993311,9.627771]],[[9.992282,9.607434],[9.962445,9.613951],[9.949374,9.610453],[9.984105,9.604913],[9.992282,9.607434]],[[9.988815,9.75993],[9.987297,9.765068],[9.981639,9.766528],[9.964784,9.763917],[9.988815,9.75993]],[[9.9615,9.678691],[9.939501,9.686068],[9.899098,9.688678],[9.888062,9.684839],[9.924494,9.676458],[9.938655,9.680112],[9.9615,9.678691]],[[9.901357,9.650629],[9.919883,9.645386],[9.942542,9.646719],[9.95252,9.651893],[9.933434,9.654549],[9.901357,9.650629]],[[9.948247,9.577505],[9.931,9.581615],[9.918685,9.579712],[9.941862,9.57423],[9.948247,9.577505]],[[9.948457,9.600974],[9.939105,9.602776],[9.914357,9.602199],[9.938218,9.59473],[9.948457,9.600974]],[[9.924128,9.589907],[9.906352,9.594743],[9.890428,9.59309],[9.910107,9.584096],[9.924128,9.589907]],[[9.920996,9.564614],[9.905194,9.568872],[9.885987,9.565492],[9.89601,9.56117],[9.920996,9.564614]],[[9.915643,9.708595],[9.904327,9.71169],[9.873044,9.709993],[9.878929,9.70629],[9.915643,9.708595]],[[9.875739,9.497838],[9.901408,9.50862],[9.912045,9.525791],[9.86394,9.503626],[9.875739,9.497838]],[[9.859547,9.552577],[9.887856,9.550759],[9.893483,9.55226],[9.866661,9.556199],[9.859547,9.552577]],[[9.805943,9.649104],[9.847786,9.643488],[9.860818,9.656728],[9.892033,9.658251],[9.850363,9.663629],[9.826904,9.652865],[9.805943,9.649104]],[[9.861695,9.879265],[9.877073,9.875723],[9.878517,9.879995],[9.864781,9.884309],[9.859616,9.883608],[9.861695,9.879265]],[[9.866759,9.69417],[9.819792,9.702997],[9.780147,9.69895],[9.800362,9.698009],[9.814504,9.691633],[9.824673,9.694297],[9.829457,9.689719],[9.841798,9.692521],[9.856351,9.688645],[9.866759,9.69417]],[[9.845408,9.852177],[9.858923,9.850288],[9.869811,9.852484],[9.851747,9.857156],[9.846593,9.856992],[9.845408,9.852177]],[[9.854587,9.543521],[9.834661,9.545182],[9.826648,9.541755],[9.841557,9.537878],[9.854587,9.543521]],[[9.840434,9.873785],[9.85906,9.86991],[9.849998,9.877354],[9.842416,9.877777],[9.840434,9.873785]],[[9.839636,9.861434],[9.84025,9.864917],[9.83566,9.865815],[9.822868,9.863388],[9.839636,9.861434]],[[9.833278,9.594339],[9.81302,9.601732],[9.80064,9.596779],[9.802767,9.594764],[9.833278,9.594339]],[[9.827355,9.618563],[9.808808,9.621262],[9.797925,9.618969],[9.819546,9.616388],[9.827355,9.618563]],[[9.818665,9.5308],[9.809893,9.534558],[9.784918,9.531642],[9.803221,9.525906],[9.818665,9.5308]],[[9.823847,9.9302],[9.794553,9.942898],[9.788094,9.958355],[9.770022,9.950118],[9.763897,9.942445],[9.759543,9.941726],[9.757508,9.948221],[9.737104,9.945141],[9.677827,9.977798],[9.654893,9.983907],[9.649277,9.974607],[9.627037,9.961602],[9.63483,9.95795],[9.606883,9.9577],[9.597261,9.951437],[9.620452,9.94452],[9.629764,9.948906],[9.624976,9.953574],[9.676454,9.950395],[9.680348,9.955158],[9.666336,9.959742],[9.675621,9.962783],[9.690706,9.957638],[9.692472,9.951149],[9.697657,9.952657],[9.704325,9.947145],[9.711419,9.949155],[9.7286,9.940472],[9.765905,9.934607],[9.783362,9.939363],[9.786612,9.926122],[9.82125,9.922726],[9.823847,9.9302]],[[9.776762,9.585777],[9.808672,9.582998],[9.810339,9.585116],[9.784232,9.589036],[9.776762,9.585777]],[[9.778528,9.642415],[9.80373,9.638211],[9.811125,9.640692],[9.789067,9.645552],[9.778528,9.642415]],[[9.774397,9.570206],[9.782443,9.566106],[9.803942,9.566579],[9.790666,9.570962],[9.774397,9.570206]],[[9.79663,9.608419],[9.789466,9.611428],[9.772076,9.608902],[9.788296,9.60715],[9.79663,9.608419]],[[9.794428,9.630688],[9.775358,9.63453],[9.757473,9.631416],[9.763454,9.629386],[9.794428,9.630688]],[[9.739218,9.521777],[9.76877,9.518692],[9.780978,9.524191],[9.755555,9.526119],[9.739218,9.521777]],[[9.776613,9.578252],[9.772704,9.581555],[9.746123,9.579924],[9.768817,9.57679],[9.776613,9.578252]],[[9.773848,9.560717],[9.746893,9.567518],[9.726369,9.561644],[9.768009,9.557783],[9.773848,9.560717]],[[9.755789,9.637544],[9.741885,9.640806],[9.729181,9.637828],[9.750341,9.636098],[9.755789,9.637544]],[[9.736588,9.606462],[9.735399,9.610249],[9.712953,9.60782],[9.728814,9.606076],[9.736588,9.606462]],[[9.730897,9.48169],[9.713846,9.482288],[9.695916,9.46569],[9.677193,9.463898],[9.675724,9.458009],[9.699529,9.456478],[9.729443,9.47661],[9.730897,9.48169]],[[9.68325,9.511262],[9.701708,9.506009],[9.727471,9.512146],[9.695211,9.515457],[9.68325,9.511262]],[[9.670334,9.554841],[9.701134,9.55048],[9.721072,9.554038],[9.694227,9.557426],[9.670334,9.554841]],[[9.711011,9.61467],[9.704931,9.617835],[9.65315,9.621173],[9.665827,9.613577],[9.704612,9.61085],[9.711011,9.61467]],[[9.66599,9.9211],[9.702014,9.931941],[9.680872,9.932635],[9.643258,9.923704],[9.66599,9.9211]],[[9.691076,9.657911],[9.675211,9.655813],[9.671267,9.66194],[9.677451,9.666257],[9.672239,9.669989],[9.652693,9.668354],[9.650184,9.664772],[9.65404,9.654209],[9.66702,9.652746],[9.67341,9.646973],[9.690596,9.652689],[9.691076,9.657911]],[[9.636661,9.502705],[9.650412,9.496328],[9.68299,9.500005],[9.652183,9.503824],[9.636661,9.502705]],[[9.634045,9.546393],[9.641597,9.544635],[9.669132,9.548768],[9.646234,9.550822],[9.634045,9.546393]],[[9.620216,9.937879],[9.633692,9.933576],[9.660148,9.940581],[9.650479,9.945345],[9.620216,9.937879]],[[9.650598,9.82923],[9.651493,9.833246],[9.64706,9.83535],[9.629168,9.835702],[9.624998,9.830539],[9.650598,9.82923]],[[9.647381,9.62747],[9.64022,9.630835],[9.591864,9.634278],[9.629125,9.627103],[9.647381,9.62747]],[[9.576319,9.816969],[9.601898,9.814453],[9.649095,9.815139],[9.623121,9.818069],[9.615484,9.822658],[9.582939,9.822489],[9.576319,9.816969]],[[9.633156,9.491276],[9.601785,9.494025],[9.586196,9.491093],[9.628039,9.488146],[9.633156,9.491276]],[[9.636936,9.857916],[9.626456,9.862784],[9.610867,9.856234],[9.629946,9.854243],[9.636936,9.857916]],[[9.588769,9.549769],[9.610887,9.544505],[9.628055,9.544894],[9.603965,9.550913],[9.588769,9.549769]],[[9.626249,9.685282],[9.605605,9.692317],[9.567008,9.687142],[9.603042,9.681429],[9.626249,9.685282]],[[9.558076,9.840725],[9.577939,9.83711],[9.621165,9.842314],[9.600141,9.84878],[9.589854,9.84293],[9.56023,9.846735],[9.558076,9.840725]],[[9.598572,9.446296],[9.572816,9.445166],[9.560808,9.44055],[9.561293,9.437582],[9.580725,9.433721],[9.597406,9.442014],[9.598572,9.446296]],[[9.60079,9.860871],[9.601659,9.863678],[9.58583,9.865603],[9.567926,9.865547],[9.566219,9.861547],[9.60079,9.860871]],[[9.536398,9.479746],[9.541205,9.476069],[9.556535,9.474884],[9.585867,9.478637],[9.567518,9.482567],[9.536398,9.479746]],[[9.588566,9.900649],[9.584587,9.905166],[9.569471,9.902233],[9.577095,9.896839],[9.588566,9.900649]],[[9.523567,9.536387],[9.530205,9.53393],[9.555987,9.531291],[9.570815,9.532086],[9.577287,9.54918],[9.555229,9.557666],[9.536103,9.558925],[9.523726,9.554139],[9.523664,9.550911],[9.534071,9.547128],[9.523567,9.536387]],[[9.575626,9.6703],[9.5451,9.68039],[9.509733,9.674071],[9.55262,9.667514],[9.575626,9.6703]],[[9.533884,9.810531],[9.57285,9.806142],[9.576558,9.808491],[9.566488,9.813528],[9.536412,9.814921],[9.533884,9.810531]],[[9.52602,9.64704],[9.560442,9.642258],[9.570461,9.64637],[9.540583,9.652502],[9.52602,9.64704]],[[9.571015,9.918342],[9.569468,9.922406],[9.554011,9.922712],[9.54861,9.917169],[9.571015,9.918342]],[[9.564391,9.624581],[9.538678,9.631169],[9.490947,9.6301],[9.506391,9.624966],[9.564391,9.624581]],[[9.558018,9.694129],[9.538635,9.701137],[9.517294,9.70047],[9.508697,9.695253],[9.533756,9.691906],[9.558018,9.694129]],[[9.528573,9.830002],[9.54437,9.826467],[9.556146,9.825431],[9.550588,9.832398],[9.538452,9.835863],[9.529083,9.835238],[9.528573,9.830002]],[[9.549876,9.602801],[9.520755,9.610708],[9.50697,9.608097],[9.5177,9.602157],[9.549876,9.602801]],[[9.55617,9.908547],[9.551337,9.911063],[9.533423,9.910608],[9.534532,9.904937],[9.55617,9.908547]],[[9.46825,9.86623],[9.518353,9.85737],[9.550255,9.861231],[9.53225,9.86517],[9.513223,9.863207],[9.478483,9.871591],[9.46825,9.86623]],[[9.499047,9.797482],[9.543295,9.792595],[9.548621,9.794509],[9.543015,9.799057],[9.50931,9.802127],[9.499931,9.801097],[9.499047,9.797482]],[[9.543498,9.926079],[9.515498,9.935519],[9.499896,9.930203],[9.533356,9.920898],[9.543498,9.926079]],[[9.533465,9.467965],[9.525603,9.472416],[9.5021,9.471419],[9.513175,9.464757],[9.533465,9.467965]],[[9.524252,9.524897],[9.512237,9.529606],[9.4936,9.52816],[9.507758,9.522156],[9.524252,9.524897]],[[9.50563,9.562188],[9.524252,9.562736],[9.513191,9.570118],[9.490577,9.568749],[9.50563,9.562188]],[[9.520598,9.588383],[9.504425,9.59317],[9.483959,9.590686],[9.498856,9.585384],[9.520598,9.588383]],[[9.498188,9.932468],[9.527533,9.948037],[9.527305,9.950194],[9.502892,9.950668],[9.492191,9.95841],[9.47824,9.952765],[9.475368,9.93103],[9.488467,9.93481],[9.498188,9.932468]],[[9.520846,9.659872],[9.506912,9.668385],[9.491582,9.670112],[9.47741,9.666256],[9.490093,9.658482],[9.520846,9.659872]],[[9.517908,9.54277],[9.509314,9.546876],[9.491981,9.54756],[9.494609,9.543206],[9.517908,9.54277]],[[9.490187,9.519286],[9.475682,9.522906],[9.468313,9.521728],[9.477591,9.515577],[9.490187,9.519286]],[[9.489702,9.614611],[9.473582,9.622179],[9.458557,9.623269],[9.422707,9.619904],[9.418573,9.616349],[9.472945,9.610084],[9.489702,9.614611]],[[9.488629,9.695051],[9.470046,9.701593],[9.452021,9.69494],[9.469844,9.691105],[9.488629,9.695051]],[[9.480477,9.578646],[9.462652,9.58203],[9.447051,9.578912],[9.460542,9.575613],[9.480477,9.578646]],[[9.475398,9.769151],[9.470425,9.773731],[9.446443,9.777237],[9.434343,9.778004],[9.430477,9.77449],[9.461794,9.766901],[9.475398,9.769151]],[[9.427091,9.681686],[9.443273,9.677078],[9.471529,9.680043],[9.438558,9.685775],[9.427091,9.681686]],[[9.455976,9.46308],[9.467264,9.472556],[9.45952,9.478618],[9.460423,9.483445],[9.449145,9.489034],[9.450497,9.503268],[9.424058,9.509675],[9.415342,9.492885],[9.417951,9.472927],[9.455976,9.46308]],[[9.465176,9.513446],[9.429893,9.518793],[9.423121,9.523821],[9.427967,9.512491],[9.438139,9.508954],[9.452827,9.505336],[9.465176,9.513446]],[[9.463596,9.565153],[9.431114,9.56755],[9.410613,9.563268],[9.40129,9.567208],[9.386231,9.564078],[9.353202,9.56648],[9.380161,9.558449],[9.424642,9.559779],[9.433603,9.555846],[9.463596,9.565153]],[[9.401383,9.859798],[9.437132,9.856602],[9.464129,9.858956],[9.449592,9.864794],[9.420138,9.866255],[9.407812,9.864877],[9.401383,9.859798]],[[9.444199,9.595288],[9.435371,9.601506],[9.409056,9.607648],[9.387012,9.603214],[9.386537,9.59959],[9.429052,9.58992],[9.444199,9.595288]],[[9.417507,9.733481],[9.439337,9.731094],[9.443939,9.735313],[9.42192,9.737344],[9.417507,9.733481]],[[9.428942,9.64844],[9.418901,9.655086],[9.393602,9.650717],[9.400399,9.644536],[9.409328,9.643562],[9.428942,9.64844]],[[9.424564,9.584354],[9.384592,9.592272],[9.342763,9.588199],[9.352255,9.583539],[9.397361,9.579299],[9.424564,9.584354]],[[9.427958,9.765749],[9.404431,9.774088],[9.389393,9.772578],[9.38842,9.769009],[9.427958,9.765749]],[[9.396901,9.705394],[9.423119,9.700864],[9.423995,9.704077],[9.399679,9.70884],[9.396901,9.705394]],[[9.390402,9.724844],[9.417627,9.720923],[9.420383,9.723203],[9.396963,9.727591],[9.390402,9.724844]],[[9.411214,9.634634],[9.384474,9.6412],[9.37134,9.634984],[9.398874,9.62842],[9.411214,9.634634]],[[9.408621,9.687147],[9.401731,9.695617],[9.394699,9.696557],[9.368268,9.690052],[9.408621,9.687147]],[[9.364264,9.744616],[9.381737,9.741061],[9.399489,9.742701],[9.377869,9.746873],[9.364264,9.744616]],[[9.376407,9.835696],[9.391297,9.829316],[9.400772,9.832904],[9.381483,9.836318],[9.376407,9.835696]],[[9.391419,9.621294],[9.378507,9.62678],[9.345536,9.625373],[9.36088,9.619437],[9.391419,9.621294]],[[9.361263,9.757948],[9.386162,9.75497],[9.392165,9.756831],[9.373849,9.763631],[9.364804,9.763442],[9.361263,9.757948]],[[9.360839,9.710687],[9.375429,9.707723],[9.389221,9.710337],[9.370675,9.714449],[9.360839,9.710687]],[[9.384365,9.656942],[9.377528,9.661105],[9.354366,9.662343],[9.340412,9.65574],[9.352957,9.652278],[9.384365,9.656942]],[[9.359551,9.824534],[9.371252,9.821621],[9.381972,9.82411],[9.372082,9.827167],[9.359551,9.824534]],[[9.321753,9.681481],[9.344185,9.677299],[9.373502,9.678905],[9.342193,9.686754],[9.321753,9.681481]],[[9.372839,9.777014],[9.357395,9.782686],[9.350269,9.778874],[9.361614,9.776328],[9.372839,9.777014]],[[9.352094,9.841178],[9.36506,9.838242],[9.374904,9.842181],[9.356164,9.845946],[9.352094,9.841178]],[[9.374293,9.810442],[9.368784,9.815568],[9.349391,9.813424],[9.350233,9.810179],[9.374293,9.810442]],[[9.346726,9.79697],[9.361847,9.793277],[9.371821,9.794703],[9.355837,9.800565],[9.346726,9.79697]],[[9.36013,9.608329],[9.343259,9.614741],[9.317872,9.610543],[9.335997,9.603393],[9.36013,9.608329]],[[9.325204,9.754138],[9.345546,9.749273],[9.362426,9.752544],[9.338489,9.758554],[9.325204,9.754138]],[[9.36079,9.733022],[9.35582,9.737958],[9.341826,9.734274],[9.341942,9.730862],[9.36079,9.733022]],[[9.353041,9.55411],[9.350374,9.556491],[9.330481,9.55578],[9.340006,9.552914],[9.353041,9.55411]],[[9.347295,9.507394],[9.327129,9.51135],[9.317504,9.508834],[9.3326,9.504254],[9.347295,9.507394]],[[9.340331,9.521694],[9.332258,9.52489],[9.313449,9.524156],[9.327642,9.519594],[9.340331,9.521694]],[[9.341124,9.577824],[9.320465,9.584662],[9.303785,9.582095],[9.29735,9.585979],[9.266344,9.580804],[9.320267,9.574081],[9.341124,9.577824]],[[9.338558,9.643665],[9.30461,9.655591],[9.285904,9.655937],[9.282945,9.649935],[9.286944,9.646229],[9.312134,9.644555],[9.314506,9.640878],[9.301501,9.641521],[9.294076,9.636005],[9.261861,9.631751],[9.24872,9.625126],[9.285274,9.622038],[9.338558,9.643665]],[[9.341067,9.784698],[9.332477,9.789524],[9.321737,9.785957],[9.326224,9.784079],[9.341067,9.784698]],[[9.335645,9.541872],[9.329754,9.545747],[9.304431,9.544771],[9.318814,9.540564],[9.335645,9.541872]],[[9.333476,9.463515],[9.301046,9.468764],[9.300468,9.4668],[9.317324,9.45968],[9.333476,9.463515]],[[9.301972,9.47987],[9.331665,9.482922],[9.29535,9.483399],[9.301972,9.47987]],[[9.330873,9.667623],[9.307751,9.671277],[9.287696,9.664784],[9.305967,9.662832],[9.330873,9.667623]],[[9.322532,9.598618],[9.283189,9.602207],[9.277688,9.598001],[9.305093,9.594091],[9.322532,9.598618]],[[9.319464,9.497496],[9.315371,9.500978],[9.293134,9.500484],[9.2994,9.49732],[9.319464,9.497496]],[[9.304343,9.535085],[9.289958,9.539114],[9.280333,9.536598],[9.291308,9.533887],[9.304343,9.535085]],[[9.281643,9.423219],[9.28348,9.434848],[9.301263,9.439013],[9.287827,9.445356],[9.276767,9.443222],[9.271452,9.449059],[9.264657,9.44308],[9.249051,9.449459],[9.25074,9.44297],[9.245437,9.439475],[9.256904,9.434069],[9.248497,9.428835],[9.259072,9.423982],[9.281643,9.423219]],[[9.294846,9.455779],[9.290757,9.45944],[9.275186,9.457748],[9.283505,9.458136],[9.294846,9.455779]],[[9.287241,9.474755],[9.283497,9.477513],[9.262154,9.476463],[9.276532,9.472077],[9.287241,9.474755]],[[9.255817,9.560008],[9.286208,9.56125],[9.283377,9.564532],[9.275098,9.566476],[9.230803,9.566199],[9.255817,9.560008]],[[9.286802,9.611829],[9.244416,9.617264],[9.233183,9.616032],[9.258283,9.604455],[9.286802,9.611829]],[[9.279197,9.543616],[9.278537,9.547037],[9.265192,9.548714],[9.258812,9.545779],[9.268674,9.541474],[9.279197,9.543616]],[[9.276589,9.658126],[9.257594,9.664932],[9.227391,9.65983],[9.235413,9.653628],[9.248021,9.653399],[9.251772,9.658175],[9.268802,9.655039],[9.276589,9.658126]],[[9.269947,9.683882],[9.257406,9.687745],[9.242665,9.682765],[9.251518,9.677356],[9.269947,9.683882]],[[9.25158,9.696565],[9.248953,9.701188],[9.228911,9.7029],[9.228304,9.699411],[9.238503,9.693573],[9.25158,9.696565]],[[9.252252,9.74715],[9.235004,9.753387],[9.185179,9.744071],[9.153797,9.749217],[9.133,9.739634],[9.155726,9.735992],[9.252252,9.74715]],[[9.24402,9.552504],[9.232881,9.556293],[9.214252,9.555731],[9.230596,9.549875],[9.24402,9.552504]],[[9.237636,9.674782],[9.230795,9.678945],[9.214881,9.676408],[9.220501,9.672269],[9.237636,9.674782]],[[9.226447,9.730936],[9.211049,9.734448],[9.202808,9.728947],[9.21011,9.727737],[9.226447,9.730936]],[[9.222495,9.571553],[9.213002,9.57639],[9.174323,9.577081],[9.211251,9.569603],[9.222495,9.571553]],[[9.220385,9.545035],[9.212661,9.547685],[9.175511,9.542785],[9.194206,9.536891],[9.220385,9.545035]],[[9.217352,9.759768],[9.171624,9.766793],[9.162503,9.757807],[9.188856,9.759481],[9.211033,9.755578],[9.217352,9.759768]],[[9.211486,9.6688],[9.209157,9.674898],[9.196266,9.681996],[9.170141,9.677621],[9.160676,9.671736],[9.202078,9.666145],[9.211486,9.6688]],[[9.207263,9.559087],[9.203559,9.564178],[9.170426,9.561539],[9.181934,9.558104],[9.207263,9.559087]],[[9.193841,9.772177],[9.209393,9.776737],[9.193349,9.774877],[9.193841,9.772177]],[[9.202661,9.794087],[9.19812,9.797939],[9.18366,9.793895],[9.184962,9.790911],[9.202661,9.794087]],[[9.189764,9.660311],[9.188204,9.663972],[9.173559,9.664235],[9.169387,9.658658],[9.189764,9.660311]],[[9.18434,9.531144],[9.158164,9.533224],[9.134723,9.526462],[9.151629,9.521676],[9.18434,9.531144]],[[9.174754,9.781943],[9.168866,9.786359],[9.159809,9.780872],[9.165471,9.778884],[9.174754,9.781943]],[[9.169084,9.653594],[9.1528,9.65975],[9.13827,9.656302],[9.152304,9.65234],[9.169084,9.653594]],[[9.170325,9.80652],[9.167686,9.810606],[9.15461,9.807885],[9.160509,9.804008],[9.170325,9.80652]],[[9.161718,9.639729],[9.141058,9.643929],[9.134786,9.637102],[9.154385,9.634238],[9.161718,9.639729]],[[9.157665,9.555665],[9.129534,9.559755],[9.100535,9.555958],[9.110384,9.550579],[9.157665,9.555665]],[[9.162615,9.829811],[9.155893,9.833165],[9.147437,9.830897],[9.155798,9.828052],[9.162615,9.829811]],[[9.152565,9.573612],[9.132951,9.578807],[9.104101,9.573393],[9.126979,9.568504],[9.152565,9.573612]],[[9.133883,9.647168],[9.127236,9.65291],[9.112477,9.650299],[9.116517,9.646998],[9.133883,9.647168]],[[9.134688,9.816594],[9.132581,9.820131],[9.121958,9.81817],[9.127873,9.815101],[9.134688,9.816594]],[[9.12898,9.749801],[9.12714,9.753064],[9.078815,9.752048],[9.085796,9.747884],[9.12898,9.749801]],[[9.101584,9.651332],[9.093433,9.653989],[9.07653,9.652734],[9.089475,9.648436],[9.101584,9.651332]],[[9.097917,9.5814],[9.056057,9.586624],[9.030307,9.582766],[9.055706,9.577117],[9.090971,9.577216],[9.097917,9.5814]],[[9.082847,9.567846],[9.076736,9.569929],[9.045064,9.568507],[9.051521,9.565523],[9.082847,9.567846]],[[9.066202,9.648371],[9.054559,9.651447],[9.043051,9.648538],[9.054179,9.643676],[9.066202,9.648371]],[[9.067,9.758991],[9.060276,9.762341],[9.040656,9.758112],[9.05447,9.756521],[9.067,9.758991]],[[9.037511,9.437734],[9.038005,9.445264],[9.046355,9.447274],[9.044094,9.452338],[9.031949,9.450395],[9.011144,9.459908],[9.004918,9.455349],[9.003736,9.449804],[9.013443,9.446585],[9.020337,9.437671],[9.037511,9.437734]],[[9.038805,9.562335],[9.034686,9.564561],[9.003372,9.562953],[9.014521,9.559348],[9.038805,9.562335]],[[9.034235,9.644385],[9.028486,9.646641],[9.019747,9.643445],[9.030327,9.641702],[9.034235,9.644385]],[[9.031306,9.766357],[9.013782,9.772861],[9.000679,9.768786],[8.993148,9.772688],[8.970304,9.770397],[9.014958,9.762878],[9.031306,9.766357]],[[9.012086,9.639869],[9.010833,9.64396],[8.995613,9.642551],[9.001831,9.639571],[9.012086,9.639869]],[[9.008109,9.580282],[8.982722,9.586824],[8.966903,9.582071],[8.975191,9.580312],[9.008109,9.580282]],[[8.970757,9.569798],[8.9859,9.567024],[8.994294,9.571187],[8.973709,9.573158],[8.970757,9.569798]],[[8.955424,9.452782],[8.955583,9.461936],[8.965717,9.462481],[8.963286,9.468267],[8.929736,9.472967],[8.92855,9.467063],[8.914826,9.468191],[8.899364,9.462888],[8.901484,9.459979],[8.929523,9.460584],[8.932264,9.451741],[8.955424,9.452782]],[[8.962577,9.567426],[8.954341,9.572237],[8.909029,9.577321],[8.928603,9.569088],[8.962577,9.567426]],[[8.951694,9.587563],[8.924918,9.592467],[8.907379,9.590343],[8.928418,9.583117],[8.951694,9.587563]],[[8.887082,8.812643],[8.889299,8.824323],[8.881119,8.846266],[8.873901,8.852036],[8.860714,8.840124],[8.854818,8.826885],[8.824888,8.809171],[8.813944,8.810553],[8.801152,8.82368],[8.770726,8.826171],[8.770269,8.822945],[8.805482,8.788867],[8.847341,8.790641],[8.864953,8.800063],[8.873265,8.812052],[8.887082,8.812643]],[[8.900343,9.583596],[8.838589,9.590301],[8.778248,9.584852],[8.793652,9.580958],[8.837713,9.58668],[8.865315,9.582175],[8.900343,9.583596]],[[8.868744,10.409456],[8.863592,10.41763],[8.867727,10.442197],[8.861751,10.449983],[8.850183,10.442518],[8.85232,10.425916],[8.848466,10.41629],[8.836213,10.415709],[8.8357,10.410062],[8.843012,10.408311],[8.83715,10.400339],[8.828999,10.400893],[8.827103,10.408603],[8.818172,10.411192],[8.814712,10.422566],[8.801752,10.428054],[8.798297,10.439833],[8.793243,10.43144],[8.783451,10.431617],[8.768504,10.439971],[8.767093,10.429896],[8.796117,10.410379],[8.794328,10.401926],[8.768232,10.380984],[8.767223,10.370498],[8.773623,10.363513],[8.820634,10.367917],[8.847166,10.390459],[8.851057,10.402104],[8.868744,10.409456]],[[8.832681,9.461582],[8.836578,9.467442],[8.816784,9.47334],[8.793936,9.469768],[8.762611,9.478546],[8.714775,9.468197],[8.702325,9.470018],[8.689974,9.477942],[8.686743,9.490388],[8.693906,9.507871],[8.705046,9.514153],[8.70463,9.521703],[8.697041,9.533142],[8.671387,9.546316],[8.66456,9.538344],[8.665075,9.525764],[8.661255,9.524567],[8.650929,9.523836],[8.638439,9.534458],[8.63067,9.535123],[8.635688,9.521211],[8.642498,9.517328],[8.646644,9.505406],[8.644389,9.500234],[8.636561,9.497308],[8.628969,9.508747],[8.61287,9.509008],[8.62762,9.50374],[8.635029,9.492124],[8.617556,9.474624],[8.622267,9.463951],[8.642387,9.455363],[8.674122,9.454493],[8.72542,9.46102],[8.801484,9.456177],[8.832681,9.461582]],[[8.749059,10.395685],[8.755481,10.397782],[8.757894,10.410668],[8.744452,10.404714],[8.749059,10.395685]],[[8.616178,7.959381],[8.622637,7.957407],[8.642751,7.965755],[8.64499,7.971383],[8.632016,7.97129],[8.619238,7.965806],[8.616178,7.959381]],[[8.560876,10.784967],[8.584366,10.802593],[8.6161,10.809024],[8.616448,10.813059],[8.606513,10.821053],[8.61126,10.827163],[8.602389,10.833791],[8.605728,10.852052],[8.616864,10.849963],[8.616769,10.844846],[8.623222,10.840148],[8.632743,10.839165],[8.634983,10.842357],[8.614273,10.886115],[8.593662,10.89188],[8.583821,10.890443],[8.579997,10.875424],[8.567539,10.865144],[8.553,10.860288],[8.550551,10.84578],[8.542568,10.841613],[8.539705,10.834119],[8.54394,10.812486],[8.55514,10.799082],[8.561996,10.801384],[8.560876,10.784967]],[[8.571751,9.479039],[8.573501,9.486555],[8.536357,9.489034],[8.525963,9.484078],[8.571751,9.479039]],[[8.38026,9.286805],[8.385014,9.304926],[8.371179,9.305136],[8.367602,9.310851],[8.36312,9.310515],[8.360901,9.298419],[8.366044,9.288638],[8.38026,9.286805]],[[8.370036,8.379612],[8.352271,8.386729],[8.347911,8.39447],[8.319444,8.391217],[8.305328,8.398281],[8.302926,8.430662],[8.307565,8.443134],[8.304795,8.448428],[8.288131,8.447442],[8.28456,8.453556],[8.26109,8.459937],[8.24595,8.45165],[8.217938,8.422504],[8.203656,8.417436],[8.194813,8.424428],[8.189117,8.423695],[8.162448,8.403421],[8.142508,8.369709],[8.144853,8.362803],[8.168837,8.364511],[8.185734,8.35256],[8.241146,8.336058],[8.283013,8.339546],[8.293864,8.331313],[8.301983,8.331204],[8.318706,8.337044],[8.352413,8.337803],[8.363262,8.32957],[8.370639,8.334726],[8.363959,8.35099],[8.364192,8.367967],[8.370036,8.379612]],[[8.224977,10.813211],[8.244789,10.823388],[8.250968,10.849432],[8.217791,10.870487],[8.210306,10.863605],[8.200838,10.868078],[8.195017,10.862785],[8.195056,10.849304],[8.206867,10.83832],[8.207254,10.829148],[8.215594,10.822536],[8.215749,10.815794],[8.224977,10.813211]]]}},
{"type":"Feature","properties":{},"geometry":{"type":"Polygon","coordinates":[[[10.191455,9.605507],[10.176597,9.632414],[10.180301,9.634755],[10.19487,9.632434],[10.204777,9.620944],[10.199996,9.606134],[10.191455,9.605507]]]}},
{"type":"Feature","properties":{},"geometry":{"type":"Polygon","coordinates":[[[8.370036,8.379612],[8.364192,8.367967],[8.363959,8.35099],[8.370639,8.334726],[8.363262,8.32957],[8.352413,8.337803],[8.318706,8.337044],[8.301983,8.331204],[8.293864,8.331313],[8.283013,8.339546],[8.241146,8.336058],[8.185734,8.35256],[8.168837,8.364511],[8.144853,8.362803],[8.142508,8.369709],[8.162448,8.403421],[8.189117,8.423695],[8.194813,8.424428],[8.203656,8.417436],[8.217938,8.422504],[8.24595,8.45165],[8.26109,8.459937],[8.28456,8.453556],[8.288131,8.447442],[8.304795,8.448428],[8.307565,8.443134],[8.302926,8.430662],[8.305328,8.398281],[8.319444,8.391217],[8.347911,8.39447],[8.352271,8.386729],[8.370036,8.379612]]]}},
{"type":"Feature","properties":{},"geometry":{"type":"Polygon","coordinates":[[[8.616178,7.959381],[8.619238,7.965806],[8.632016,7.97129],[8.64499,7.971383],[8.642751,7.965755],[8.622637,7.957407],[8.616178,7.959381]]]}},
{"type":"Feature","properties":{},"geometry":{"type":"Polygon","coordinates":[[[8.887082,8.812643],[8.873265,8.812052],[8.864953,8.800063],[8.847341,8.790641],[8.805482,8.788867],[8.770269,8.822945],[8.770726,8.826171],[8.801152,8.82368],[8.813944,8.810553],[8.824888,8.809171],[8.854818,8.826885],[8.860714,8.840124],[8.873901,8.852036],[8.881119,8.846266],[8.889299,8.824323],[8.887082,8.812643]]]}},
{"type":"Feature","properties":{},"geometry":{"type":"Polygon","coordinates":[[[8.38026,9.286805],[8.366044,9.288638],[8.360901,9.298419],[8.36312,9.310515],[8.367602,9.310851],[8.371179,9.305136],[8.385014,9.304926],[8.38026,9.286805]]]}},
{"type":"Feature","properties":{},"geometry":{"type":"Polygon","coordinates":[[[8.571751,9.479039],[8.531356,9.481837],[8.525963,9.484078],[8.536357,9.489034],[8.573501,9.486555],[8.571751,9.479039]]]}},
{"type":"Feature","properties":{},"geometry":{"type":"Polygon","coordinates":[[[8.832681,9.461582],[8.801484,9.456177],[8.72542,9.46102],[8.674122,9.454493],[8.642387,9.455363],[8.622267,9.463951],[8.617556,9.474624],[8.635029,9.492124],[8.62762,9.50374],[8.61287,9.509008],[8.628969,9.508747],[8.636561,9.497308],[8.644389,9.500234],[8.646644,9.505406],[8.642498,9.517328],[8.635688,9.521211],[8.63067,9.535123],[8.638439,9.534458],[8.650929,9.523836],[8.661255,9.524567],[8.665075,9.525764],[8.66456,9.538344],[8.671387,9.546316],[8.697041,9.533142],[8.70463,9.521703],[8.705046,9.514153],[8.693906,9.507871],[8.686743,9.490388],[8.689974,9.477942],[8.702325,9.470018],[8.714775,9.468197],[8.762611,9.478546],[8.793936,9.469768],[8.816784,9.47334],[8.836578,9.467442],[8.832681,9.461582]]]}},
{"type":"Feature","properties":{},"geometry":{"type":"Polygon","coordinates":[[[8.955424,9.452782],[8.932264,9.451741],[8.929523,9.460584],[8.901484,9.459979],[8.899364,9.462888],[8.914826,9.468191],[8.92855,9.467063],[8.929736,9.472967],[8.963286,9.468267],[8.965717,9.462481],[8.955583,9.461936],[8.955424,9.452782]]]}},
{"type":"Feature","properties":{},"geometry":{"type":"Polygon","coordinates":[[[9.037511,9.437734],[9.020337,9.437671],[9.013443,9.446585],[9.003736,9.449804],[9.004918,9.455349],[9.011144,9.459908],[9.031949,9.450395],[9.044094,9.452338],[9.046355,9.447274],[9.038005,9.445264],[9.037511,9.437734]]]}},
{"type":"Feature","properties":{},"geometry":{"type":"Polygon","coordinates":[[[9.281643,9.423219],[9.259072,9.423982],[9.248497,9.428835],[9.256904,9.434069],[9.245437,9.439475],[9.25074,9.44297],[9.249051,9.449459],[9.264657,9.44308],[9.271452,9.449059],[9.276767,9.443222],[9.287827,9.445356],[9.301263,9.439013],[9.28348,9.434848],[9.281643,9.423219]]]}},
{"type":"Feature","properties":{},"geometry":{"type":"Polygon","coordinates":[[[9.455976,9.46308],[9.417951,9.472927],[9.415342,9.492885],[9.424058,9.509675],[9.450497,9.503268],[9.449145,9.489034],[9.460423,9.483445],[9.45952,9.478618],[9.467264,9.472556],[9.455976,9.46308]]]}},
{"type":"Feature","properties":{},"geometry":{"type":"Polygon","coordinates":[[[9.598572,9.446296],[9.597406,9.442014],[9.580725,9.433721],[9.561293,9.437582],[9.560808,9.44055],[9.572816,9.445166],[9.598572,9.446296]]]}},
{"type":"Feature","properties":{},"geometry":{"type":"Polygon","coordinates":[[[9.730897,9.48169],[9.729443,9.47661],[9.699529,9.456478],[9.675724,9.458009],[9.677193,9.463898],[9.695916,9.46569],[9.713846,9.482288],[9.730897,9.48169]]]}},
{"type":"Feature","properties":{},"geometry":{"type":"Polygon","coordinates":[[[9.875739,9.497838],[9.86394,9.503626],[9.912045,9.525791],[9.901408,9.50862],[9.875739,9.497838]]]}},
{"type":"Feature","properties":{},"geometry":{"type":"Polygon","coordinates":[[[9.998899,9.566961],[10.001212,9.556522],[9.996035,9.550535],[9.958134,9.541981],[9.956572,9.545059],[9.957595,9.550951],[9.967139,9.558643],[9.979063,9.55912],[9.993162,9.568868],[9.998899,9.566961]]]}},
{"type":"Feature","properties":{},"geometry":{"type":"Polygon","coordinates":[[[9.691076,9.657911],[9.690596,9.652689],[9.67341,9.646973],[9.66702,9.652746],[9.65404,9.654209],[9.650184,9.664772],[9.652693,9.668354],[9.672239,9.669989],[9.677451,9.666257],[9.671267,9.66194],[9.675211,9.655813],[9.691076,9.657911]]]}},
{"type":"Feature","properties":{},"geometry":{"type":"Polygon","coordinates":[[[9.498188,9.932468],[9.488467,9.93481],[9.475368,9.93103],[9.47824,9.952765],[9.492191,9.95841],[9.502892,9.950668],[9.527305,9.950194],[9.498188,9.932468]]]}},
{"type":"Feature","properties":{},"geometry":{"type":"Polygon","coordinates":[[[9.823847,9.9302],[9.82125,9.922726],[9.786612,9.926122],[9.783362,9.939363],[9.765905,9.934607],[9.7286,9.940472],[9.711419,9.949155],[9.704325,9.947145],[9.697657,9.952657],[9.692472,9.951149],[9.690706,9.957638],[9.675621,9.962783],[9.666336,9.959742],[9.680348,9.955158],[9.676454,9.950395],[9.624976,9.953574],[9.629764,9.948906],[9.620452,9.94452],[9.597261,9.951437],[9.606883,9.9577],[9.63483,9.95795],[9.627037,9.961602],[9.649277,9.974607],[9.654893,9.983907],[9.677827,9.977798],[9.737104,9.945141],[9.757508,9.948221],[9.759543,9.941726],[9.763897,9.942445],[9.770022,9.950118],[9.788094,9.958355],[9.794553,9.942898],[9.823847,9.9302]]]}},
{"type":"Feature","properties":{},"geometry":{"type":"Polygon","coordinates":[[[8.868744,10.409456],[8.851057,10.402104],[8.847166,10.390459],[8.820634,10.367917],[8.773623,10.363513],[8.767223,10.370498],[8.768232,10.380984],[8.794328,10.401926],[8.796117,10.410379],[8.767093,10.429896],[8.768504,10.439971],[8.783451,10.431617],[8.793243,10.43144],[8.798297,10.439833],[8.801752,10.428054],[8.814712,10.422566],[8.818172,10.411192],[8.827103,10.408603],[8.828999,10.400893],[8.83715,10.400339],[8.843012,10.408311],[8.8357,10.410062],[8.836213,10.415709],[8.848466,10.41629],[8.85232,10.425916],[8.850183,10.442518],[8.861751,10.449983],[8.867727,10.442197],[8.863592,10.41763],[8.868744,10.409456]]]}},
{"type":"Feature","properties":{},"geometry":{"type":"Polygon","coordinates":[[[8.749059,10.395685],[8.744452,10.404714],[8.757894,10.410668],[8.755481,10.397782],[8.749059,10.395685]]]}},
{"type":"Feature","properties":{},"geometry":{"type":"Polygon","coordinates":[[[8.224977,10.813211],[8.215749,10.815794],[8.215594,10.822536],[8.207254,10.829148],[8.206867,10.83832],[8.195056,10.849304],[8.195017,10.862785],[8.200838,10.868078],[8.210306,10.863605],[8.217791,10.870487],[8.250968,10.849432],[8.244789,10.823388],[8.224977,10.813211]]]}},
{"type":"Feature","properties":{},"geometry":{"type":"Polygon","coordinates":[[[8.560876,10.784967],[8.561996,10.801384],[8.55514,10.799082],[8.54394,10.812486],[8.539705,10.834119],[8.542568,10.841613],[8.550551,10.84578],[8.553,10.860288],[8.567539,10.865144],[8.579997,10.875424],[8.583821,10.890443],[8.593662,10.89188],[8.614273,10.886115],[8.634983,10.842357],[8.632743,10.839165],[8.623222,10.840148],[8.616769,10.844846],[8.616864,10.849963],[8.605728,10.852052],[8.602389,10.833791],[8.61126,10.827163],[8.606513,10.821053],[8.616448,10.813059],[8.6161,10.809024],[8.584366,10.802593],[8.560876,10.784967]]]}},
{"type":"Feature","properties":{},"geometry":{"type":"Polygon","coordinates":[[[8.900343,9.583596],[8.865315,9.582175],[8.837713,9.58668],[8.793652,9.580958],[8.778248,9.584852],[8.838589,9.590301],[8.900343,9.583596]]]}},
{"type":"Feature","properties":{},"geometry":{"type":"Polygon","coordinates":[[[8.951694,9.587563],[8.928418,9.583117],[8.907379,9.590343],[8.924918,9.592467],[8.951694,9.587563]]]}},
{"type":"Feature","properties":{},"geometry":{"type":"Polygon","coordinates":[[[8.962577,9.567426],[8.928603,9.569088],[8.909029,9.577321],[8.954341,9.572237],[8.962577,9.567426]]]}},
{"type":"Feature","properties":{},"geometry":{"type":"Polygon","coordinates":[[[8.970757,9.569798],[8.973709,9.573158],[8.994294,9.571187],[8.9859,9.567024],[8.970757,9.569798]]]}},
{"type":"Feature","properties":{},"geometry":{"type":"Polygon","coordinates":[[[9.008109,9.580282],[8.975191,9.580312],[8.966903,9.582071],[8.982722,9.586824],[9.008109,9.580282]]]}},
{"type":"Feature","properties":{},"geometry":{"type":"Polygon","coordinates":[[[9.038805,9.562335],[9.014521,9.559348],[9.003372,9.562953],[9.034686,9.564561],[9.038805,9.562335]]]}},
{"type":"Feature","properties":{},"geometry":{"type":"Polygon","coordinates":[[[9.082847,9.567846],[9.051521,9.565523],[9.045064,9.568507],[9.076736,9.569929],[9.082847,9.567846]]]}},
{"type":"Feature","properties":{},"geometry":{"type":"Polygon","coordinates":[[[9.097917,9.5814],[9.090971,9.577216],[9.055706,9.577117],[9.030307,9.582766],[9.056057,9.586624],[9.097917,9.5814]]]}},
{"type":"Feature","properties":{},"geometry":{"type":"Polygon","coordinates":[[[9.152565,9.573612],[9.126979,9.568504],[9.104101,9.573393],[9.132951,9.578807],[9.152565,9.573612]]]}},
{"type":"Feature","properties":{},"geometry":{"type":"Polygon","coordinates":[[[9.157665,9.555665],[9.110384,9.550579],[9.100535,9.555958],[9.129534,9.559755],[9.157665,9.555665]]]}},
{"type":"Feature","properties":{},"geometry":{"type":"Polygon","coordinates":[[[9.18434,9.531144],[9.151629,9.521676],[9.134723,9.526462],[9.158164,9.533224],[9.18434,9.531144]]]}},
{"type":"Feature","properties":{},"geometry":{"type":"Polygon","coordinates":[[[9.220385,9.545035],[9.194206,9.536891],[9.175511,9.542785],[9.212661,9.547685],[9.220385,9.545035]]]}},
{"type":"Feature","properties":{},"geometry":{"type":"Polygon","coordinates":[[[9.207263,9.559087],[9.181934,9.558104],[9.170426,9.561539],[9.203559,9.564178],[9.207263,9.559087]]]}},
{"type":"Feature","properties":{},"geometry":{"type":"Polygon","coordinates":[[[9.24402,9.552504],[9.230596,9.549875],[9.214252,9.555731],[9.232881,9.556293],[9.24402,9.552504]]]}},
{"type":"Feature","properties":{},"geometry":{"type":"Polygon","coordinates":[[[9.222495,9.571553],[9.211251,9.569603],[9.174323,9.577081],[9.213002,9.57639],[9.222495,9.571553]]]}},
{"type":"Feature","properties":{},"geometry":{"type":"Polygon","coordinates":[[[9.279197,9.543616],[9.268674,9.541474],[9.258812,9.545779],[9.265192,9.548714],[9.278537,9.547037],[9.279197,9.543616]]]}},
{"type":"Feature","properties":{},"geometry":{"type":"Polygon","coordinates":[[[9.286208,9.56125],[9.255817,9.560008],[9.230803,9.566199],[9.275098,9.566476],[9.283377,9.564532],[9.286208,9.56125]]]}},
{"type":"Feature","properties":{},"geometry":{"type":"Polygon","coordinates":[[[9.304343,9.535085],[9.291308,9.533887],[9.280333,9.536598],[9.289958,9.539114],[9.304343,9.535085]]]}},
{"type":"Feature","properties":{},"geometry":{"type":"Polygon","coordinates":[[[9.335645,9.541872],[9.318814,9.540564],[9.304431,9.544771],[9.329754,9.545747],[9.335645,9.541872]]]}},
{"type":"Feature","properties":{},"geometry":{"type":"Polygon","coordinates":[[[9.353041,9.55411],[9.340006,9.552914],[9.330481,9.55578],[9.350374,9.556491],[9.353041,9.55411]]]}},
{"type":"Feature","properties":{},"geometry":{"type":"Polygon","coordinates":[[[9.340331,9.521694],[9.327642,9.519594],[9.313449,9.524156],[9.332258,9.52489],[9.340331,9.521694]]]}},
{"type":"Feature","properties":{},"geometry":{"type":"Polygon","coordinates":[[[9.347295,9.507394],[9.3326,9.504254],[9.317504,9.508834],[9.327129,9.51135],[9.347295,9.507394]]]}},
{"type":"Feature","properties":{},"geometry":{"type":"Polygon","coordinates":[[[9.319464,9.497496],[9.2994,9.49732],[9.293134,9.500484],[9.315371,9.500978],[9.319464,9.497496]]]}},
{"type":"Feature","properties":{},"geometry":{"type":"Polygon","coordinates":[[[9.331665,9.482922],[9.301972,9.47987],[9.29535,9.483399],[9.331665,9.482922]]]}},
{"type":"Feature","properties":{},"geometry":{"type":"Polygon","coordinates":[[[9.333476,9.463515],[9.317324,9.45968],[9.300468,9.4668],[9.301046,9.468764],[9.333476,9.463515]]]}},
{"type":"Feature","properties":{},"geometry":{"type":"Polygon","coordinates":[[[9.287241,9.474755],[9.276532,9.472077],[9.262154,9.476463],[9.283497,9.477513],[9.287241,9.474755]]]}},
{"type":"Feature","properties":{},"geometry":{"type":"Polygon","coordinates":[[[9.294846,9.455779],[9.283505,9.458136],[9.275186,9.457748],[9.290757,9.45944],[9.294846,9.455779]]]}},
{"type":"Feature","properties":{},"geometry":{"type":"Polygon","coordinates":[[[9.465176,9.513446],[9.452827,9.505336],[9.438139,9.508954],[9.427967,9.512491],[9.423121,9.523821],[9.429893,9.518793],[9.465176,9.513446]]]}},
{"type":"Feature","properties":{},"geometry":{"type":"Polygon","coordinates":[[[9.490187,9.519286],[9.477591,9.515577],[9.468313,9.521728],[9.475682,9.522906],[9.490187,9.519286]]]}},
{"type":"Feature","properties":{},"geometry":{"type":"Polygon","coordinates":[[[9.524252,9.524897],[9.507758,9.522156],[9.4936,9.52816],[9.512237,9.529606],[9.524252,9.524897]]]}},
{"type":"Feature","properties":{},"geometry":{"type":"Polygon","coordinates":[[[9.517908,9.54277],[9.494609,9.543206],[9.491981,9.54756],[9.509314,9.546876],[9.517908,9.54277]]]}},
{"type":"Feature","properties":{},"geometry":{"type":"Polygon","coordinates":[[[9.523567,9.536387],[9.534071,9.547128],[9.523664,9.550911],[9.523726,9.554139],[9.536103,9.558925],[9.555229,9.557666],[9.577287,9.54918],[9.570815,9.532086],[9.523567,9.536387]]]}},
{"type":"Feature","properties":{},"geometry":{"type":"Polygon","coordinates":[[[9.524252,9.562736],[9.50563,9.562188],[9.490577,9.568749],[9.513191,9.570118],[9.524252,9.562736]]]}},
{"type":"Feature","properties":{},"geometry":{"type":"Polygon","coordinates":[[[9.533465,9.467965],[9.513175,9.464757],[9.5021,9.471419],[9.525603,9.472416],[9.533465,9.467965]]]}},
{"type":"Feature","properties":{},"geometry":{"type":"Polygon","coordinates":[[[9.536398,9.479746],[9.567518,9.482567],[9.585867,9.478637],[9.556535,9.474884],[9.536398,9.479746]]]}},
{"type":"Feature","properties":{},"geometry":{"type":"Polygon","coordinates":[[[9.633156,9.491276],[9.628039,9.488146],[9.586196,9.491093],[9.601785,9.494025],[9.633156,9.491276]]]}},
{"type":"Feature","properties":{},"geometry":{"type":"Polygon","coordinates":[[[9.636661,9.502705],[9.652183,9.503824],[9.68299,9.500005],[9.650412,9.496328],[9.636661,9.502705]]]}},
{"type":"Feature","properties":{},"geometry":{"type":"Polygon","coordinates":[[[9.588769,9.549769],[9.603965,9.550913],[9.628055,9.544894],[9.610887,9.544505],[9.588769,9.549769]]]}},
{"type":"Feature","properties":{},"geometry":{"type":"Polygon","coordinates":[[[9.634045,9.546393],[9.646234,9.550822],[9.669132,9.548768],[9.641597,9.544635],[9.634045,9.546393]]]}},
{"type":"Feature","properties":{},"geometry":{"type":"Polygon","coordinates":[[[9.68325,9.511262],[9.695211,9.515457],[9.727471,9.512146],[9.701708,9.506009],[9.68325,9.511262]]]}},
{"type":"Feature","properties":{},"geometry":{"type":"Polygon","coordinates":[[[9.670334,9.554841],[9.694227,9.557426],[9.721072,9.554038],[9.701134,9.55048],[9.670334,9.554841]]]}},
{"type":"Feature","properties":{},"geometry":{"type":"Polygon","coordinates":[[[9.739218,9.521777],[9.755555,9.526119],[9.780978,9.524191],[9.76877,9.518692],[9.739218,9.521777]]]}},
{"type":"Feature","properties":{},"geometry":{"type":"Polygon","coordinates":[[[9.818665,9.5308],[9.803221,9.525906],[9.784918,9.531642],[9.809893,9.534558],[9.818665,9.5308]]]}},
{"type":"Feature","properties":{},"geometry":{"type":"Polygon","coordinates":[[[9.854587,9.543521],[9.841557,9.537878],[9.826648,9.541755],[9.834661,9.545182],[9.854587,9.543521]]]}},
{"type":"Feature","properties":{},"geometry":{"type":"Polygon","coordinates":[[[9.773848,9.560717],[9.768009,9.557783],[9.726369,9.561644],[9.746893,9.567518],[9.773848,9.560717]]]}},
{"type":"Feature","properties":{},"geometry":{"type":"Polygon","coordinates":[[[9.774397,9.570206],[9.790666,9.570962],[9.803942,9.566579],[9.782443,9.566106],[9.774397,9.570206]]]}},
{"type":"Feature","properties":{},"geometry":{"type":"Polygon","coordinates":[[[9.859547,9.552577],[9.866661,9.556199],[9.893483,9.55226],[9.887856,9.550759],[9.859547,9.552577]]]}},
{"type":"Feature","properties":{},"geometry":{"type":"Polygon","coordinates":[[[9.920996,9.564614],[9.89601,9.56117],[9.885987,9.565492],[9.905194,9.568872],[9.920996,9.564614]]]}},
{"type":"Feature","properties":{},"geometry":{"type":"Polygon","coordinates":[[[9.948247,9.577505],[9.941862,9.57423],[9.918685,9.579712],[9.931,9.581615],[9.948247,9.577505]]]}},
{"type":"Feature","properties":{},"geometry":{"type":"Polygon","coordinates":[[[9.924128,9.589907],[9.910107,9.584096],[9.890428,9.59309],[9.906352,9.594743],[9.924128,9.589907]]]}},
{"type":"Feature","properties":{},"geometry":{"type":"Polygon","coordinates":[[[9.948457,9.600974],[9.938218,9.59473],[9.914357,9.602199],[9.939105,9.602776],[9.948457,9.600974]]]}},
{"type":"Feature","properties":{},"geometry":{"type":"Polygon","coordinates":[[[9.992282,9.607434],[9.984105,9.604913],[9.949374,9.610453],[9.962445,9.613951],[9.992282,9.607434]]]}},
{"type":"Feature","properties":{},"geometry":{"type":"Polygon","coordinates":[[[10.01696,9.61356],[9.993869,9.614389],[9.987414,9.616492],[10.004951,9.617747],[10.01696,9.61356]]]}},
{"type":"Feature","properties":{},"geometry":{"type":"Polygon","coordinates":[[[10.033574,9.622537],[10.025059,9.621098],[10.013341,9.621875],[10.020085,9.624963],[10.033574,9.622537]]]}},
{"type":"Feature","properties":{},"geometry":{"type":"Polygon","coordinates":[[[9.776613,9.578252],[9.768817,9.57679],[9.746123,9.579924],[9.772704,9.581555],[9.776613,9.578252]]]}},
{"type":"Feature","properties":{},"geometry":{"type":"Polygon","coordinates":[[[9.810339,9.585116],[9.776762,9.585777],[9.784232,9.589036],[9.810339,9.585116]]]}},
{"type":"Feature","properties":{},"geometry":{"type":"Polygon","coordinates":[[[9.833278,9.594339],[9.802767,9.594764],[9.80064,9.596779],[9.81302,9.601732],[9.833278,9.594339]]]}},
{"type":"Feature","properties":{},"geometry":{"type":"Polygon","coordinates":[[[9.79663,9.608419],[9.788296,9.60715],[9.772076,9.608902],[9.789466,9.611428],[9.79663,9.608419]]]}},
{"type":"Feature","properties":{},"geometry":{"type":"Polygon","coordinates":[[[9.827355,9.618563],[9.819546,9.616388],[9.797925,9.618969],[9.808808,9.621262],[9.827355,9.618563]]]}},
{"type":"Feature","properties":{},"geometry":{"type":"Polygon","coordinates":[[[9.794428,9.630688],[9.763454,9.629386],[9.757473,9.631416],[9.775358,9.63453],[9.794428,9.630688]]]}},
{"type":"Feature","properties":{},"geometry":{"type":"Polygon","coordinates":[[[9.755789,9.637544],[9.750341,9.636098],[9.729181,9.637828],[9.741885,9.640806],[9.755789,9.637544]]]}},
{"type":"Feature","properties":{},"geometry":{"type":"Polygon","coordinates":[[[9.778528,9.642415],[9.789067,9.645552],[9.811125,9.640692],[9.80373,9.638211],[9.778528,9.642415]]]}},
{"type":"Feature","properties":{},"geometry":{"type":"Polygon","coordinates":[[[9.805943,9.649104],[9.826904,9.652865],[9.850363,9.663629],[9.892033,9.658251],[9.860818,9.656728],[9.847786,9.643488],[9.805943,9.649104]]]}},
{"type":"Feature","properties":{},"geometry":{"type":"Polygon","coordinates":[[[9.901357,9.650629],[9.933434,9.654549],[9.95252,9.651893],[9.942542,9.646719],[9.919883,9.645386],[9.901357,9.650629]]]}},
{"type":"Feature","properties":{},"geometry":{"type":"Polygon","coordinates":[[[9.993311,9.627771],[9.950381,9.629836],[9.945864,9.632675],[9.967595,9.6357],[9.993311,9.627771]]]}},
{"type":"Feature","properties":{},"geometry":{"type":"Polygon","coordinates":[[[10.006983,9.648633],[9.995098,9.644337],[9.968278,9.651334],[9.98193,9.653685],[10.006983,9.648633]]]}},
{"type":"Feature","properties":{},"geometry":{"type":"Polygon","coordinates":[[[9.9615,9.678691],[9.938655,9.680112],[9.924494,9.676458],[9.888062,9.684839],[9.899098,9.688678],[9.939501,9.686068],[9.9615,9.678691]]]}},
{"type":"Feature","properties":{},"geometry":{"type":"Polygon","coordinates":[[[9.915643,9.708595],[9.878929,9.70629],[9.873044,9.709993],[9.904327,9.71169],[9.915643,9.708595]]]}},
{"type":"Feature","properties":{},"geometry":{"type":"Polygon","coordinates":[[[9.866759,9.69417],[9.856351,9.688645],[9.841798,9.692521],[9.829457,9.689719],[9.824673,9.694297],[9.814504,9.691633],[9.800362,9.698009],[9.780147,9.69895],[9.819792,9.702997],[9.866759,9.69417]]]}},
{"type":"Feature","properties":{},"geometry":{"type":"Polygon","coordinates":[[[9.736588,9.606462],[9.728814,9.606076],[9.712953,9.60782],[9.735399,9.610249],[9.736588,9.606462]]]}},
{"type":"Feature","properties":{},"geometry":{"type":"Polygon","coordinates":[[[9.711011,9.61467],[9.704612,9.61085],[9.665827,9.613577],[9.65315,9.621173],[9.711011,9.61467]]]}},
{"type":"Feature","properties":{},"geometry":{"type":"Polygon","coordinates":[[[9.647381,9.62747],[9.629125,9.627103],[9.591864,9.634278],[9.64022,9.630835],[9.647381,9.62747]]]}},
{"type":"Feature","properties":{},"geometry":{"type":"Polygon","coordinates":[[[9.564391,9.624581],[9.506391,9.624966],[9.490947,9.6301],[9.538678,9.631169],[9.564391,9.624581]]]}},
{"type":"Feature","properties":{},"geometry":{"type":"Polygon","coordinates":[[[9.549876,9.602801],[9.5177,9.602157],[9.50697,9.608097],[9.520755,9.610708],[9.549876,9.602801]]]}},
{"type":"Feature","properties":{},"geometry":{"type":"Polygon","coordinates":[[[9.520598,9.588383],[9.498856,9.585384],[9.483959,9.590686],[9.504425,9.59317],[9.520598,9.588383]]]}},
{"type":"Feature","properties":{},"geometry":{"type":"Polygon","coordinates":[[[9.480477,9.578646],[9.460542,9.575613],[9.447051,9.578912],[9.462652,9.58203],[9.480477,9.578646]]]}},
{"type":"Feature","properties":{},"geometry":{"type":"Polygon","coordinates":[[[9.463596,9.565153],[9.433603,9.555846],[9.424642,9.559779],[9.380161,9.558449],[9.353202,9.56648],[9.463596,9.565153]]]}},
{"type":"Feature","properties":{},"geometry":{"type":"Polygon","coordinates":[[[9.424564,9.584354],[9.397361,9.579299],[9.352255,9.583539],[9.342763,9.588199],[9.384592,9.592272],[9.424564,9.584354]]]}},
{"type":"Feature","properties":{},"geometry":{"type":"Polygon","coordinates":[[[9.341124,9.577824],[9.320267,9.574081],[9.266344,9.580804],[9.29735,9.585979],[9.303785,9.582095],[9.320465,9.584662],[9.341124,9.577824]]]}},
{"type":"Feature","properties":{},"geometry":{"type":"Polygon","coordinates":[[[9.322532,9.598618],[9.305093,9.594091],[9.277688,9.598001],[9.283189,9.602207],[9.322532,9.598618]]]}},
{"type":"Feature","properties":{},"geometry":{"type":"Polygon","coordinates":[[[9.286802,9.611829],[9.258283,9.604455],[9.233183,9.616032],[9.244416,9.617264],[9.286802,9.611829]]]}},
{"type":"Feature","properties":{},"geometry":{"type":"Polygon","coordinates":[[[9.36013,9.608329],[9.335997,9.603393],[9.317872,9.610543],[9.343259,9.614741],[9.36013,9.608329]]]}},
{"type":"Feature","properties":{},"geometry":{"type":"Polygon","coordinates":[[[9.444199,9.595288],[9.429052,9.58992],[9.386537,9.59959],[9.387012,9.603214],[9.409056,9.607648],[9.435371,9.601506],[9.444199,9.595288]]]}},
{"type":"Feature","properties":{},"geometry":{"type":"Polygon","coordinates":[[[9.489702,9.614611],[9.472945,9.610084],[9.418573,9.616349],[9.422707,9.619904],[9.458557,9.623269],[9.473582,9.622179],[9.489702,9.614611]]]}},
{"type":"Feature","properties":{},"geometry":{"type":"Polygon","coordinates":[[[9.391419,9.621294],[9.36088,9.619437],[9.345536,9.625373],[9.378507,9.62678],[9.391419,9.621294]]]}},
{"type":"Feature","properties":{},"geometry":{"type":"Polygon","coordinates":[[[9.411214,9.634634],[9.398874,9.62842],[9.37134,9.634984],[9.384474,9.6412],[9.411214,9.634634]]]}},
{"type":"Feature","properties":{},"geometry":{"type":"Polygon","coordinates":[[[9.428942,9.64844],[9.409328,9.643562],[9.400399,9.644536],[9.393602,9.650717],[9.418901,9.655086],[9.428942,9.64844]]]}},
{"type":"Feature","properties":{},"geometry":{"type":"Polygon","coordinates":[[[9.384365,9.656942],[9.352957,9.652278],[9.340412,9.65574],[9.354366,9.662343],[9.377528,9.661105],[9.384365,9.656942]]]}},
{"type":"Feature","properties":{},"geometry":{"type":"Polygon","coordinates":[[[9.338558,9.643665],[9.285274,9.622038],[9.24872,9.625126],[9.261861,9.631751],[9.294076,9.636005],[9.301501,9.641521],[9.314506,9.640878],[9.312134,9.644555],[9.286944,9.646229],[9.282945,9.649935],[9.285904,9.655937],[9.30461,9.655591],[9.338558,9.643665]]]}},
{"type":"Feature","properties":{},"geometry":{"type":"Polygon","coordinates":[[[9.330873,9.667623],[9.305967,9.662832],[9.287696,9.664784],[9.307751,9.671277],[9.330873,9.667623]]]}},
{"type":"Feature","properties":{},"geometry":{"type":"Polygon","coordinates":[[[9.276589,9.658126],[9.268802,9.655039],[9.251772,9.658175],[9.248021,9.653399],[9.235413,9.653628],[9.227391,9.65983],[9.257594,9.664932],[9.276589,9.658126]]]}},
{"type":"Feature","properties":{},"geometry":{"type":"Polygon","coordinates":[[[9.269947,9.683882],[9.251518,9.677356],[9.242665,9.682765],[9.257406,9.687745],[9.269947,9.683882]]]}},
{"type":"Feature","properties":{},"geometry":{"type":"Polygon","coordinates":[[[9.237636,9.674782],[9.220501,9.672269],[9.214881,9.676408],[9.230795,9.678945],[9.237636,9.674782]]]}},
{"type":"Feature","properties":{},"geometry":{"type":"Polygon","coordinates":[[[9.211486,9.6688],[9.202078,9.666145],[9.160676,9.671736],[9.170141,9.677621],[9.196266,9.681996],[9.209157,9.674898],[9.211486,9.6688]]]}},
{"type":"Feature","properties":{},"geometry":{"type":"Polygon","coordinates":[[[9.189764,9.660311],[9.183625,9.658402],[9.169387,9.658658],[9.173559,9.664235],[9.188204,9.663972],[9.189764,9.660311]]]}},
{"type":"Feature","properties":{},"geometry":{"type":"Polygon","coordinates":[[[9.169084,9.653594],[9.152304,9.65234],[9.13827,9.656302],[9.1528,9.65975],[9.169084,9.653594]]]}},
{"type":"Feature","properties":{},"geometry":{"type":"Polygon","coordinates":[[[9.161718,9.639729],[9.154385,9.634238],[9.134786,9.637102],[9.141058,9.643929],[9.161718,9.639729]]]}},
{"type":"Feature","properties":{},"geometry":{"type":"Polygon","coordinates":[[[9.133883,9.647168],[9.116517,9.646998],[9.112477,9.650299],[9.127236,9.65291],[9.133883,9.647168]]]}},
{"type":"Feature","properties":{},"geometry":{"type":"Polygon","coordinates":[[[9.101584,9.651332],[9.089475,9.648436],[9.07653,9.652734],[9.093433,9.653989],[9.101584,9.651332]]]}},
{"type":"Feature","properties":{},"geometry":{"type":"Polygon","coordinates":[[[9.066202,9.648371],[9.054179,9.643676],[9.043051,9.648538],[9.054559,9.651447],[9.066202,9.648371]]]}},
{"type":"Feature","properties":{},"geometry":{"type":"Polygon","coordinates":[[[9.034235,9.644385],[9.030327,9.641702],[9.019747,9.643445],[9.028486,9.646641],[9.034235,9.644385]]]}},
{"type":"Feature","properties":{},"geometry":{"type":"Polygon","coordinates":[[[9.012086,9.639869],[9.001831,9.639571],[8.995613,9.642551],[9.010833,9.64396],[9.012086,9.639869]]]}},
{"type":"Feature","properties":{},"geometry":{"type":"Polygon","coordinates":[[[9.25158,9.696565],[9.238503,9.693573],[9.228304,9.699411],[9.228911,9.7029],[9.248953,9.701188],[9.25158,9.696565]]]}},
{"type":"Feature","properties":{},"geometry":{"type":"Polygon","coordinates":[[[9.226447,9.730936],[9.21011,9.727737],[9.202808,9.728947],[9.211049,9.734448],[9.226447,9.730936]]]}},
{"type":"Feature","properties":{},"geometry":{"type":"Polygon","coordinates":[[[9.252252,9.74715],[9.155726,9.735992],[9.133,9.739634],[9.153797,9.749217],[9.185179,9.744071],[9.235004,9.753387],[9.252252,9.74715]]]}},
{"type":"Feature","properties":{},"geometry":{"type":"Polygon","coordinates":[[[9.217352,9.759768],[9.211033,9.755578],[9.188856,9.759481],[9.162503,9.757807],[9.171624,9.766793],[9.217352,9.759768]]]}},
{"type":"Feature","properties":{},"geometry":{"type":"Polygon","coordinates":[[[9.12898,9.749801],[9.085796,9.747884],[9.078815,9.752048],[9.12714,9.753064],[9.12898,9.749801]]]}},
{"type":"Feature","properties":{},"geometry":{"type":"Polygon","coordinates":[[[9.067,9.758991],[9.05447,9.756521],[9.040656,9.758112],[9.060276,9.762341],[9.067,9.758991]]]}},
{"type":"Feature","properties":{},"geometry":{"type":"Polygon","coordinates":[[[9.031306,9.766357],[9.014958,9.762878],[8.970304,9.770397],[8.993148,9.772688],[9.000679,9.768786],[9.013782,9.772861],[9.031306,9.766357]]]}},
{"type":"Feature","properties":{},"geometry":{"type":"Polygon","coordinates":[[[9.209393,9.776737],[9.193841,9.772177],[9.193349,9.774877],[9.209393,9.776737]]]}},
{"type":"Feature","properties":{},"geometry":{"type":"Polygon","coordinates":[[[9.174754,9.781943],[9.165471,9.778884],[9.159809,9.780872],[9.168866,9.786359],[9.174754,9.781943]]]}},
{"type":"Feature","properties":{},"geometry":{"type":"Polygon","coordinates":[[[9.202661,9.794087],[9.184962,9.790911],[9.18366,9.793895],[9.19812,9.797939],[9.202661,9.794087]]]}},
{"type":"Feature","properties":{},"geometry":{"type":"Polygon","coordinates":[[[9.170325,9.80652],[9.160509,9.804008],[9.15461,9.807885],[9.167686,9.810606],[9.170325,9.80652]]]}},
{"type":"Feature","properties":{},"geometry":{"type":"Polygon","coordinates":[[[9.134688,9.816594],[9.127873,9.815101],[9.121958,9.81817],[9.132581,9.820131],[9.134688,9.816594]]]}},
{"type":"Feature","properties":{},"geometry":{"type":"Polygon","coordinates":[[[9.162615,9.829811],[9.155798,9.828052],[9.147437,9.830897],[9.155893,9.833165],[9.162615,9.829811]]]}},
{"type":"Feature","properties":{},"geometry":{"type":"Polygon","coordinates":[[[9.321753,9.681481],[9.342193,9.686754],[9.373502,9.678905],[9.344185,9.677299],[9.321753,9.681481]]]}},
{"type":"Feature","properties":{},"geometry":{"type":"Polygon","coordinates":[[[9.408621,9.687147],[9.375542,9.687495],[9.368268,9.690052],[9.394699,9.696557],[9.401731,9.695617],[9.408621,9.687147]]]}},
{"type":"Feature","properties":{},"geometry":{"type":"Polygon","coordinates":[[[9.427091,9.681686],[9.438558,9.685775],[9.471529,9.680043],[9.443273,9.677078],[9.427091,9.681686]]]}},
{"type":"Feature","properties":{},"geometry":{"type":"Polygon","coordinates":[[[9.423119,9.700864],[9.396901,9.705394],[9.399679,9.70884],[9.423995,9.704077],[9.423119,9.700864]]]}},
{"type":"Feature","properties":{},"geometry":{"type":"Polygon","coordinates":[[[9.488629,9.695051],[9.469844,9.691105],[9.452021,9.69494],[9.470046,9.701593],[9.488629,9.695051]]]}},
{"type":"Feature","properties":{},"geometry":{"type":"Polygon","coordinates":[[[9.360839,9.710687],[9.370675,9.714449],[9.389221,9.710337],[9.375429,9.707723],[9.360839,9.710687]]]}},
{"type":"Feature","properties":{},"geometry":{"type":"Polygon","coordinates":[[[9.420383,9.723203],[9.390402,9.724844],[9.396963,9.727591],[9.420383,9.723203]]]}},
{"type":"Feature","properties":{},"geometry":{"type":"Polygon","coordinates":[[[9.417507,9.733481],[9.42192,9.737344],[9.443939,9.735313],[9.439337,9.731094],[9.417507,9.733481]]]}},
{"type":"Feature","properties":{},"geometry":{"type":"Polygon","coordinates":[[[9.520846,9.659872],[9.490093,9.658482],[9.47741,9.666256],[9.491582,9.670112],[9.506912,9.668385],[9.520846,9.659872]]]}},
{"type":"Feature","properties":{},"geometry":{"type":"Polygon","coordinates":[[[9.52602,9.64704],[9.540583,9.652502],[9.570461,9.64637],[9.560442,9.642258],[9.52602,9.64704]]]}},
{"type":"Feature","properties":{},"geometry":{"type":"Polygon","coordinates":[[[9.575626,9.6703],[9.55262,9.667514],[9.509733,9.674071],[9.5451,9.68039],[9.575626,9.6703]]]}},
{"type":"Feature","properties":{},"geometry":{"type":"Polygon","coordinates":[[[9.558018,9.694129],[9.533756,9.691906],[9.508697,9.695253],[9.517294,9.70047],[9.538635,9.701137],[9.558018,9.694129]]]}},
{"type":"Feature","properties":{},"geometry":{"type":"Polygon","coordinates":[[[9.626249,9.685282],[9.603042,9.681429],[9.567008,9.687142],[9.605605,9.692317],[9.626249,9.685282]]]}},
{"type":"Feature","properties":{},"geometry":{"type":"Polygon","coordinates":[[[9.36079,9.733022],[9.341942,9.730862],[9.341826,9.734274],[9.35582,9.737958],[9.36079,9.733022]]]}},
{"type":"Feature","properties":{},"geometry":{"type":"Polygon","coordinates":[[[9.325204,9.754138],[9.338489,9.758554],[9.362426,9.752544],[9.345546,9.749273],[9.325204,9.754138]]]}},
{"type":"Feature","properties":{},"geometry":{"type":"Polygon","coordinates":[[[9.364264,9.744616],[9.377869,9.746873],[9.399489,9.742701],[9.381737,9.741061],[9.364264,9.744616]]]}},
{"type":"Feature","properties":{},"geometry":{"type":"Polygon","coordinates":[[[9.361263,9.757948],[9.364804,9.763442],[9.373849,9.763631],[9.392165,9.756831],[9.361263,9.757948]]]}},
{"type":"Feature","properties":{},"geometry":{"type":"Polygon","coordinates":[[[9.427958,9.765749],[9.416004,9.76472],[9.38842,9.769009],[9.389393,9.772578],[9.404431,9.774088],[9.427958,9.765749]]]}},
{"type":"Feature","properties":{},"geometry":{"type":"Polygon","coordinates":[[[9.475398,9.769151],[9.461794,9.766901],[9.430477,9.77449],[9.434343,9.778004],[9.446443,9.777237],[9.470425,9.773731],[9.475398,9.769151]]]}},
{"type":"Feature","properties":{},"geometry":{"type":"Polygon","coordinates":[[[9.372839,9.777014],[9.361614,9.776328],[9.350269,9.778874],[9.357395,9.782686],[9.372839,9.777014]]]}},
{"type":"Feature","properties":{},"geometry":{"type":"Polygon","coordinates":[[[9.341067,9.784698],[9.326224,9.784079],[9.321737,9.785957],[9.332477,9.789524],[9.341067,9.784698]]]}},
{"type":"Feature","properties":{},"geometry":{"type":"Polygon","coordinates":[[[9.346726,9.79697],[9.355837,9.800565],[9.371821,9.794703],[9.361847,9.793277],[9.346726,9.79697]]]}},
{"type":"Feature","properties":{},"geometry":{"type":"Polygon","coordinates":[[[9.374293,9.810442],[9.350233,9.810179],[9.349391,9.813424],[9.368784,9.815568],[9.374293,9.810442]]]}},
{"type":"Feature","properties":{},"geometry":{"type":"Polygon","coordinates":[[[9.359551,9.824534],[9.372082,9.827167],[9.381972,9.82411],[9.371252,9.821621],[9.359551,9.824534]]]}},
{"type":"Feature","properties":{},"geometry":{"type":"Polygon","coordinates":[[[9.391297,9.829316],[9.376407,9.835696],[9.381483,9.836318],[9.400772,9.832904],[9.391297,9.829316]]]}},
{"type":"Feature","properties":{},"geometry":{"type":"Polygon","coordinates":[[[9.352094,9.841178],[9.356164,9.845946],[9.374904,9.842181],[9.36506,9.838242],[9.352094,9.841178]]]}},
{"type":"Feature","properties":{},"geometry":{"type":"Polygon","coordinates":[[[9.401383,9.859798],[9.407812,9.864877],[9.420138,9.866255],[9.449592,9.864794],[9.464129,9.858956],[9.437132,9.856602],[9.401383,9.859798]]]}},
{"type":"Feature","properties":{},"geometry":{"type":"Polygon","coordinates":[[[9.46825,9.86623],[9.478483,9.871591],[9.513223,9.863207],[9.53225,9.86517],[9.550255,9.861231],[9.518353,9.85737],[9.46825,9.86623]]]}},
{"type":"Feature","properties":{},"geometry":{"type":"Polygon","coordinates":[[[9.499047,9.797482],[9.499931,9.801097],[9.50931,9.802127],[9.543015,9.799057],[9.548621,9.794509],[9.499047,9.797482]]]}},
{"type":"Feature","properties":{},"geometry":{"type":"Polygon","coordinates":[[[9.533884,9.810531],[9.536412,9.814921],[9.566488,9.813528],[9.576558,9.808491],[9.533884,9.810531]]]}},
{"type":"Feature","properties":{},"geometry":{"type":"Polygon","coordinates":[[[9.576319,9.816969],[9.582939,9.822489],[9.615484,9.822658],[9.623121,9.818069],[9.649095,9.815139],[9.576319,9.816969]]]}},
{"type":"Feature","properties":{},"geometry":{"type":"Polygon","coordinates":[[[9.650598,9.82923],[9.636358,9.829104],[9.624998,9.830539],[9.629168,9.835702],[9.64706,9.83535],[9.651493,9.833246],[9.650598,9.82923]]]}},
{"type":"Feature","properties":{},"geometry":{"type":"Polygon","coordinates":[[[9.528573,9.830002],[9.529083,9.835238],[9.538452,9.835863],[9.550588,9.832398],[9.556146,9.825431],[9.528573,9.830002]]]}},
{"type":"Feature","properties":{},"geometry":{"type":"Polygon","coordinates":[[[9.558076,9.840725],[9.56023,9.846735],[9.589854,9.84293],[9.600141,9.84878],[9.621165,9.842314],[9.577939,9.83711],[9.558076,9.840725]]]}},
{"type":"Feature","properties":{},"geometry":{"type":"Polygon","coordinates":[[[9.636936,9.857916],[9.629946,9.854243],[9.610867,9.856234],[9.626456,9.862784],[9.636936,9.857916]]]}},
{"type":"Feature","properties":{},"geometry":{"type":"Polygon","coordinates":[[[9.601659,9.863678],[9.584481,9.859173],[9.566219,9.861547],[9.567926,9.865547],[9.58583,9.865603],[9.601659,9.863678]]]}},
{"type":"Feature","properties":{},"geometry":{"type":"Polygon","coordinates":[[[9.588566,9.900649],[9.577095,9.896839],[9.569471,9.902233],[9.584587,9.905166],[9.588566,9.900649]]]}},
{"type":"Feature","properties":{},"geometry":{"type":"Polygon","coordinates":[[[9.55617,9.908547],[9.534532,9.904937],[9.533423,9.910608],[9.551337,9.911063],[9.55617,9.908547]]]}},
{"type":"Feature","properties":{},"geometry":{"type":"Polygon","coordinates":[[[9.571015,9.918342],[9.558356,9.91617],[9.54861,9.917169],[9.554011,9.922712],[9.569468,9.922406],[9.571015,9.918342]]]}},
{"type":"Feature","properties":{},"geometry":{"type":"Polygon","coordinates":[[[9.543498,9.926079],[9.533356,9.920898],[9.499896,9.930203],[9.515498,9.935519],[9.543498,9.926079]]]}},
{"type":"Feature","properties":{},"geometry":{"type":"Polygon","coordinates":[[[9.620216,9.937879],[9.650479,9.945345],[9.660148,9.940581],[9.633692,9.933576],[9.620216,9.937879]]]}},
{"type":"Feature","properties":{},"geometry":{"type":"Polygon","coordinates":[[[9.702014,9.931941],[9.66599,9.9211],[9.643258,9.923704],[9.680872,9.932635],[9.702014,9.931941]]]}},
{"type":"Feature","properties":{},"geometry":{"type":"Polygon","coordinates":[[[9.845408,9.852177],[9.846593,9.856992],[9.851747,9.857156],[9.869811,9.852484],[9.845408,9.852177]]]}},
{"type":"Feature","properties":{},"geometry":{"type":"Polygon","coordinates":[[[9.839636,9.861434],[9.829326,9.861105],[9.822868,9.863388],[9.83566,9.865815],[9.84025,9.864917],[9.839636,9.861434]]]}},
{"type":"Feature","properties":{},"geometry":{"type":"Polygon","coordinates":[[[9.85906,9.86991],[9.840434,9.873785],[9.842416,9.877777],[9.849998,9.877354],[9.85906,9.86991]]]}},
{"type":"Feature","properties":{},"geometry":{"type":"Polygon","coordinates":[[[9.861695,9.879265],[9.859616,9.883608],[9.864781,9.884309],[9.878517,9.879995],[9.877073,9.875723],[9.861695,9.879265]]]}},
{"type":"Feature","properties":{},"geometry":{"type":"Polygon","coordinates":[[[9.988815,9.75993],[9.978773,9.759062],[9.964784,9.763917],[9.981639,9.766528],[9.987297,9.765068],[9.988815,9.75993]]]}},
{"type":"Feature","properties":{},"geometry":{"type":"Polygon","coordinates":[[[8.657367,9.463645],[8.652976,9.471618],[8.660053,9.483898],[8.670474,9.490555],[8.670227,9.497564],[8.676409,9.499439],[8.682138,9.495753],[8.679755,9.48286],[8.686141,9.475213],[8.685654,9.467678],[8.657367,9.463645]]]}},
{"type":"Feature","properties":{},"geometry":{"type":"Polygon","coordinates":[[[8.302293,8.362029],[8.29262,8.367281],[8.29327,8.37536],[8.314147,8.377774],[8.321932,8.373086],[8.317747,8.363978],[8.302293,8.362029]]]}},
{"type":"Feature","properties":{},"geometry":{"type":"Polygon","coordinates":[[[8.288612,8.411006],[8.28575,8.419671],[8.293996,8.428726],[8.299025,8.420301],[8.296197,8.411443],[8.288612,8.411006]]]}},
{"type":"Feature","properties":{},"geometry":{"type":"Polygon","coordinates":[[[8.185215,8.392704],[8.182024,8.39706],[8.185358,8.403487],[8.197598,8.40764],[8.20407,8.405667],[8.204234,8.397576],[8.185215,8.392704]]]}},
{"type":"Feature","properties":{},"geometry":{"type":"Polygon","coordinates":[[[9.284422,9.731289],[9.286401,9.742824],[9.296702,9.742364],[9.30028,9.730726],[9.284422,9.731289]]]}},
{"type":"Feature","properties":{},"geometry":{"type":"Polygon","coordinates":[[[8.804304,10.374809],[8.801382,10.378632],[8.783441,10.379494],[8.78217,10.384365],[8.791527,10.390123],[8.798558,10.387842],[8.802279,10.39774],[8.807774,10.400604],[8.8189,10.399055],[8.823922,10.391152],[8.821039,10.382317],[8.804304,10.374809]]]}},
{"type":"Feature","properties":{},"geometry":{"type":"Polygon","coordinates":[[[8.558364,10.815828],[8.549514,10.823667],[8.549351,10.837008],[8.557622,10.842114],[8.573949,10.840605],[8.580717,10.83078],[8.578183,10.826381],[8.558364,10.815828]]]}},
{"type":"Feature","properties":{},"geometry":{"type":"Polygon","coordinates":[[[6.692147,8.943257],[6.714911,8.957618],[6.735086,8.958021],[6.748588,8.963353],[6.767379,8.94797],[6.759347,8.939542],[6.728134,8.935603],[6.692147,8.943257]]]}},
{"type":"Feature","properties":{},"geometry":{"type":"Polygon","coordinates":[[[6.784526,9.126475],[6.77222,9.119309],[6.764405,9.132153],[6.782132,9.131362],[6.784526,9.126475]]]}},
{"type":"Feature","properties":{},"geometry":{"type":"Polygon","coordinates":[[[6.487468,9.146167],[6.477664,9.144437],[6.473495,9.156029],[6.48757,9.156501],[6.487468,9.146167]]]}},
{"type":"Feature","properties":{},"geometry":{"type":"Polygon","coordinates":[[[6.632592,9.280292],[6.630025,9.268768],[6.599422,9.267863],[6.587928,9.280744],[6.60333,9.290921],[6.599059,9.292181],[6.591043,9.286184],[6.581321,9.292968],[6.591186,9.300164],[6.605271,9.301235],[6.614936,9.28898],[6.625931,9.287045],[6.632592,9.280292]]]}},
{"type":"Feature","properties":{},"geometry":{"type":"Polygon","coordinates":[[[6.934917,9.289242],[6.969807,9.291287],[6.973373,9.282133],[6.964728,9.274937],[6.936601,9.275855],[6.926307,9.285083],[6.934917,9.289242]]]}},
{"type":"Feature","properties":{},"geometry":{"type":"Polygon","coordinates":[[[7.135835,9.495037],[7.155924,9.486294],[7.153426,9.482071],[7.091559,9.476726],[7.081783,9.478054],[7.078177,9.483564],[7.093625,9.496143],[7.135835,9.495037]]]}},
{"type":"Feature","properties":{},"geometry":{"type":"Polygon","coordinates":[[[6.919107,9.568329],[6.908624,9.561763],[6.900666,9.561852],[6.893953,9.56375],[6.892214,9.572277],[6.896554,9.57709],[6.910036,9.578154],[6.917953,9.57442],[6.919107,9.568329]]]}},
{"type":"Feature","properties":{},"geometry":{"type":"Polygon","coordinates":[[[7.073973,9.618791],[7.154841,9.623901],[7.168837,9.617052],[7.169972,9.609748],[7.158873,9.603199],[7.114712,9.595831],[7.079985,9.609606],[7.073973,9.618791]]]}},
{"type":"Feature","properties":{},"geometry":{"type":"Polygon","coordinates":[[[7.420296,9.657645],[7.408598,9.652328],[7.398831,9.654275],[7.398283,9.659141],[7.409941,9.66142],[7.420296,9.657645]]]}},
{"type":"Feature","properties":{},"geometry":{"type":"Polygon","coordinates":[[[7.182601,9.934283],[7.195302,9.921366],[7.179282,9.914278],[7.157275,9.918195],[7.150032,9.926789],[7.15069,9.930425],[7.166688,9.935695],[7.182601,9.934283]]]}},
{"type":"Feature","properties":{},"geometry":{"type":"Polygon","coordinates":[[[7.24049,10.00462],[7.219045,10.004891],[7.209932,10.011081],[7.217976,10.017054],[7.215588,10.021943],[7.220498,10.022489],[7.259641,10.016522],[7.258949,10.010457],[7.24049,10.00462]]]}},
{"type":"Feature","properties":{},"geometry":{"type":"Polygon","coordinates":[[[7.277912,10.054551],[7.235035,10.05632],[7.159564,10.049987],[7.131544,10.063703],[7.134724,10.072775],[7.189781,10.064185],[7.211882,10.06694],[7.247991,10.062835],[7.266493,10.071705],[7.281136,10.066657],[7.277912,10.054551]]]}},
{"type":"Feature","properties":{},"geometry":{"type":"Polygon","coordinates":[[[7.141468,10.120682],[7.157209,10.105297],[7.145438,10.095725],[7.122186,10.099057],[7.111874,10.107691],[7.11996,10.116703],[7.126679,10.114795],[7.141468,10.120682]]]}},
{"type":"Feature","properties":{},"geometry":{"type":"Polygon","coordinates":[[[7.140745,10.348497],[7.169464,10.339622],[7.173064,10.333502],[7.157586,10.322766],[7.131188,10.321283],[7.122067,10.327476],[7.092064,10.33211],[7.081109,10.338931],[7.051065,10.340527],[7.043176,10.347309],[7.061155,10.361664],[7.07583,10.357831],[7.080133,10.358384],[7.080188,10.362636],[7.08932,10.357053],[7.098569,10.36058],[7.109588,10.358618],[7.119285,10.349382],[7.132174,10.349823],[7.135791,10.344916],[7.140745,10.348497]]]}},
{"type":"Feature","properties":{},"geometry":{"type":"Polygon","coordinates":[[[6.890811,10.456438],[6.898912,10.466062],[6.908074,10.462304],[6.901852,10.455696],[6.890811,10.456438]]]}},
{"type":"Feature","properties":{},"geometry":{"type":"Polygon","coordinates":[[[6.987571,10.769666],[6.971988,10.752853],[6.959062,10.751195],[6.954203,10.75551],[6.968564,10.772948],[6.977222,10.77709],[6.985201,10.77638],[6.987571,10.769666]]]}},
{"type":"Feature","properties":{},"geometry":{"type":"Polygon","coordinates":[[[6.627515,10.803573],[6.615235,10.804932],[6.612242,10.811654],[6.63891,10.83079],[6.657345,10.829965],[6.658441,10.819011],[6.627515,10.803573]]]}},
{"type":"Feature","properties":{},"geometry":{"type":"Polygon","coordinates":[[[6.765543,11.096667],[6.772201,11.088075],[6.753006,11.078591],[6.742556,11.07933],[6.732252,11.091612],[6.741565,11.098182],[6.765543,11.096667]]]}},
{"type":"Feature","properties":{},"geometry":{"type":"Polygon","coordinates":[[[6.743051,11.118219],[6.747469,11.110869],[6.726392,11.098572],[6.722839,11.109556],[6.727418,11.114767],[6.743051,11.118219]]]}},
{"type":"Feature","properties":{},"geometry":{"type":"Polygon","coordinates":[[[6.695466,11.247958],[6.699738,11.22886],[6.691479,11.224912],[6.677563,11.227921],[6.67155,11.23934],[6.676573,11.246976],[6.690577,11.250854],[6.695466,11.247958]]]}},
{"type":"Feature","properties":{},"geometry":{"type":"Polygon","coordinates":[[[6.223487,10.713806],[6.217999,10.71812],[6.225537,10.733243],[6.24096,10.737947],[6.247807,10.745781],[6.253936,10.743893],[6.256893,10.732917],[6.240106,10.715458],[6.223487,10.713806]]]}},
{"type":"Feature","properties":{},"geometry":{"type":"Polygon","coordinates":[[[5.986843,10.786109],[5.982585,10.791015],[5.985769,10.801932],[5.992571,10.805515],[5.999307,10.80241],[5.995502,10.790891],[5.986843,10.786109]]]}},
{"type":"Feature","properties":{},"geometry":{"type":"Polygon","coordinates":[[[6.176588,11.045996],[6.154429,11.046229],[6.145923,11.056656],[6.144731,11.060316],[6.155338,11.073583],[6.159045,11.07476],[6.168801,11.066145],[6.166857,11.057044],[6.173621,11.056365],[6.176588,11.045996]]]}},
{"type":"Feature","properties":{},"geometry":{"type":"Polygon","coordinates":[[[5.811743,11.146019],[5.796202,11.152653],[5.793394,11.159573],[5.788435,11.156375],[5.778626,11.161332],[5.76955,11.156954],[5.769635,11.165875],[5.7606,11.16596],[5.76024,11.171234],[5.747958,11.175403],[5.747243,11.186764],[5.763648,11.184179],[5.771493,11.188568],[5.789915,11.182314],[5.800205,11.184651],[5.807468,11.171201],[5.81807,11.163397],[5.811743,11.146019]]]}},
{"type":"Feature","properties":{},"geometry":{"type":"Polygon","coordinates":[[[5.73064,11.177859],[5.722316,11.185686],[5.723469,11.191803],[5.733986,11.184317],[5.73064,11.177859]]]}},
{"type":"Feature","properties":{},"geometry":{"type":"Polygon","coordinates":[[[5.787953,11.183999],[5.769754,11.189695],[5.758399,11.185715],[5.727966,11.19765],[5.719789,11.195201],[5.708408,11.201552],[5.701506,11.218438],[5.714739,11.214833],[5.715069,11.211105],[5.726541,11.214485],[5.731972,11.209509],[5.752278,11.207521],[5.757702,11.202063],[5.759959,11.209011],[5.764762,11.202237],[5.773332,11.207565],[5.778995,11.201625],[5.783399,11.203987],[5.781639,11.198116],[5.783924,11.195331],[5.789197,11.199488],[5.790066,11.188545],[5.791084,11.193222],[5.796781,11.190885],[5.787953,11.183999]]]}},
{"type":"Feature","properties":{},"geometry":{"type":"Polygon","coordinates":[[[1.943156,9.41169],[1.903908,9.412788],[1.897153,9.415811],[1.895896,9.42555],[1.924077,9.434162],[1.94431,9.435441],[1.947995,9.433625],[1.948037,9.41962],[1.943156,9.41169]]]}},
{"type":"Feature","properties":{},"geometry":{"type":"Polygon","coordinates":[[[1.901277,9.659992],[1.895155,9.655711],[1.877974,9.655655],[1.860766,9.663514],[1.854588,9.675671],[1.864368,9.687273],[1.875416,9.6867],[1.898773,9.675207],[1.901277,9.659992]]]}},
{"type":"Feature","properties":{},"geometry":{"type":"Polygon","coordinates":[[[1.550551,9.492486],[1.533342,9.501546],[1.478747,9.504966],[1.470148,9.507972],[1.468254,9.52014],[1.474959,9.529302],[1.486625,9.526308],[1.502533,9.534901],[1.531388,9.528327],[1.555409,9.504074],[1.550551,9.492486]]]}},
{"type":"Feature","properties":{},"geometry":{"type":"Polygon","coordinates":[[[1.5862,9.531412],[1.574884,9.540075],[1.5687,9.552226],[1.558874,9.555229],[1.553903,9.570429],[1.558781,9.577146],[1.574727,9.577822],[1.57714,9.587572],[1.582659,9.588204],[1.587584,9.583962],[1.596329,9.545642],[1.5862,9.531412]]]}},
{"type":"Feature","properties":{},"geometry":{"type":"Polygon","coordinates":[[[1.48195,9.612434],[1.450043,9.614119],[1.430374,9.622552],[1.411357,9.622465],[1.386757,9.635745],[1.36344,9.636851],[1.35481,9.645333],[1.3554,9.650206],[1.35965,9.659358],[1.397612,9.675365],[1.411734,9.672996],[1.42029,9.680341],[1.424448,9.709581],[1.444063,9.713933],[1.459526,9.687215],[1.46032,9.647648],[1.48803,9.624635],[1.488068,9.616112],[1.48195,9.612434]]]}},
{"type":"Feature","properties":{},"geometry":{"type":"Polygon","coordinates":[[[1.487892,9.655684],[1.470648,9.670219],[1.473041,9.683623],[1.464379,9.699413],[1.467428,9.703688],[1.511015,9.699011],[1.513529,9.685627],[1.500068,9.677046],[1.496468,9.658766],[1.487892,9.655684]]]}},
{"type":"Feature","properties":{},"geometry":{"type":"Polygon","coordinates":[[[1.399367,9.693332],[1.375198,9.700727],[1.365747,9.70961],[1.365654,9.728685],[1.381123,9.744586],[1.419525,9.75613],[1.430586,9.752934],[1.450616,9.756679],[1.481334,9.749511],[1.492441,9.736167],[1.48307,9.727602],[1.454446,9.724634],[1.422178,9.713934],[1.412857,9.695221],[1.399367,9.693332]]]}},
{"type":"Feature","properties":{},"geometry":{"type":"Polygon","coordinates":[[[1.452197,9.812897],[1.406791,9.809642],[1.349055,9.817889],[1.344051,9.836736],[1.355635,9.85262],[1.367277,9.856939],[1.369667,9.870343],[1.383163,9.872234],[1.387528,9.858253],[1.409677,9.848009],[1.439784,9.842062],[1.450899,9.828111],[1.452197,9.812897]]]}},
{"type":"Feature","properties":{},"geometry":{"type":"Polygon","coordinates":[[[1.408297,9.879658],[1.435324,9.876742],[1.481468,9.855036],[1.547223,9.839497],[1.553388,9.833435],[1.553423,9.82552],[1.518523,9.805279],[1.496388,9.813705],[1.486531,9.821575],[1.484654,9.829481],[1.465566,9.84218],[1.410823,9.86506],[1.40526,9.872948],[1.408297,9.879658]]]}},
{"type":"Feature","properties":{},"geometry":{"type":"Polygon","coordinates":[[[1.643475,9.871251],[1.592551,9.863128],[1.577798,9.867328],[1.539764,9.860468],[1.519492,9.863424],[1.51025,9.87069],[1.483844,9.872397],[1.45121,9.892948],[1.439556,9.890459],[1.429719,9.893457],[1.413067,9.909207],[1.414833,9.925042],[1.402423,9.95177],[1.402319,9.973077],[1.409599,9.991374],[1.420639,9.99447],[1.44339,9.98849],[1.43983,9.962296],[1.452238,9.935567],[1.465152,9.931365],[1.487377,9.905288],[1.538389,9.893946],[1.544555,9.887885],[1.558033,9.89464],[1.571551,9.892263],[1.58933,9.898426],[1.607776,9.892415],[1.61082,9.898515],[1.645888,9.881611],[1.643475,9.871251]]]}},
{"type":"Feature","properties":{},"geometry":{"type":"Polygon","coordinates":[[[1.759959,9.752363],[1.744558,9.767529],[1.743289,9.778484],[1.748165,9.787635],[1.758591,9.790108],[1.768417,9.788926],[1.772118,9.784069],[1.769723,9.767621],[1.774665,9.759115],[1.759959,9.752363]]]}},
{"type":"Feature","properties":{},"geometry":{"type":"Polygon","coordinates":[[[1.735279,9.786369],[1.726058,9.789988],[1.717425,9.800306],[1.709965,9.824632],[1.696454,9.825797],[1.681182,9.806864],[1.670133,9.80682],[1.667583,9.830556],[1.654016,9.845723],[1.656447,9.851821],[1.674241,9.854327],[1.690843,9.847694],[1.710477,9.850814],[1.72277,9.847208],[1.746878,9.80346],[1.74691,9.794936],[1.735279,9.786369]]]}},
{"type":"Feature","properties":{},"geometry":{"type":"Polygon","coordinates":[[[1.805976,9.756791],[1.795527,9.761016],[1.784352,9.795682],[1.770202,9.804154],[1.741783,9.852149],[1.733086,9.878907],[1.732376,9.903866],[1.754491,9.901514],[1.755806,9.878382],[1.802718,9.80975],[1.831536,9.819593],[1.850565,9.820267],[1.856725,9.814199],[1.854931,9.800189],[1.818189,9.77449],[1.814552,9.761691],[1.805976,9.756791]]]}},
{"type":"Feature","properties":{},"geometry":{"type":"Polygon","coordinates":[[[1.768415,9.954536],[1.762161,9.984347],[1.777418,10.010584],[1.79405,9.997859],[1.794122,9.978375],[1.792309,9.970454],[1.768415,9.954536]]]}},
{"type":"Feature","properties":{},"geometry":{"type":"Polygon","coordinates":[[[1.738754,10.001915],[1.723358,10.012208],[1.723332,10.018904],[1.736172,10.034175],[1.737899,10.064015],[1.751459,10.052499],[1.760157,10.02696],[1.757148,10.010509],[1.738754,10.001915]]]}},
{"type":"Feature","properties":{},"geometry":{"type":"Polygon","coordinates":[[[2.031902,9.952663],[2.004287,9.944666],[1.998131,9.949519],[1.991937,9.96655],[1.996712,10.011623],[2.006437,10.04575],[2.013804,10.047599],[2.023667,10.036668],[2.020026,10.021435],[2.02316,10.000741],[2.041692,9.965478],[2.031902,9.952663]]]}},
{"type":"Feature","properties":{},"geometry":{"type":"Polygon","coordinates":[[[1.702236,10.071792],[1.690566,10.071137],[1.667781,10.08444],[1.664641,10.100866],[1.667026,10.118532],[1.671315,10.121593],[1.681168,10.116153],[1.695398,10.091856],[1.70526,10.083981],[1.707125,10.078509],[1.702236,10.071792]]]}},
{"type":"Feature","properties":{},"geometry":{"type":"Polygon","coordinates":[[[1.699576,10.122315],[1.692208,10.121068],[1.673685,10.142911],[1.674856,10.15692],[1.685305,10.156353],[1.699537,10.132056],[1.699576,10.122315]]]}},
{"type":"Feature","properties":{},"geometry":{"type":"Polygon","coordinates":[[[1.648497,10.141592],[1.598143,10.134075],[1.593177,10.145621],[1.60112,10.156005],[1.586351,10.160812],[1.578907,10.176608],[1.584414,10.182111],[1.632962,10.182318],[1.651477,10.163521],[1.652752,10.152568],[1.648497,10.141592]]]}},
{"type":"Feature","properties":{},"geometry":{"type":"Polygon","coordinates":[[[1.565429,10.167418],[1.527887,10.180035],[1.521691,10.190966],[1.522887,10.198277],[1.501955,10.206095],[1.495092,10.22798],[1.507976,10.23291],[1.519701,10.222614],[1.530158,10.220835],[1.552343,10.20754],[1.571493,10.185708],[1.571547,10.173532],[1.565429,10.167418]]]}},
{"type":"Feature","properties":{},"geometry":{"type":"Polygon","coordinates":[[[1.486916,10.21695],[1.458562,10.205995],[1.447621,10.20919],[1.430341,10.223988],[1.378224,10.213452],[1.356365,10.215236],[1.35246,10.230908],[1.356227,10.24202],[1.363302,10.247196],[1.356163,10.254465],[1.357165,10.272056],[1.369975,10.277803],[1.402583,10.257944],[1.418701,10.257751],[1.461667,10.241725],[1.482167,10.239115],[1.489885,10.22454],[1.486916,10.21695]]]}},
{"type":"Feature","properties":{},"geometry":{"type":"Polygon","coordinates":[[[1.540959,10.22572],[1.529989,10.235141],[1.534322,10.243548],[1.544706,10.242783],[1.550201,10.235772],[1.547229,10.228454],[1.540959,10.22572]]]}},
{"type":"Feature","properties":{},"geometry":{"type":"Polygon","coordinates":[[[1.50974,10.242625],[1.49304,10.250394],[1.444113,10.256387],[1.438066,10.263933],[1.409071,10.271638],[1.401672,10.276202],[1.402405,10.293521],[1.415784,10.294939],[1.428116,10.287424],[1.440405,10.288296],[1.446983,10.283998],[1.464719,10.288682],[1.481215,10.266844],[1.49161,10.263916],[1.506064,10.269394],[1.51236,10.266717],[1.516256,10.251313],[1.50974,10.242625]]]}},
{"type":"Feature","properties":{},"geometry":{"type":"Polygon","coordinates":[[[1.582494,10.283943],[1.573405,10.300138],[1.590269,10.317258],[1.567815,10.327983],[1.571895,10.332059],[1.562853,10.33743],[1.570224,10.339086],[1.570204,10.343415],[1.546959,10.34737],[1.537357,10.355444],[1.538434,10.358966],[1.550976,10.365246],[1.556646,10.380153],[1.581525,10.3781],[1.579561,10.389455],[1.623825,10.392084],[1.634803,10.381577],[1.627501,10.363958],[1.629723,10.35585],[1.619979,10.334162],[1.612889,10.330885],[1.614844,10.321152],[1.608577,10.317067],[1.605076,10.305417],[1.598247,10.305116],[1.601554,10.298637],[1.589318,10.285325],[1.582494,10.283943]]]}},
{"type":"Feature","properties":{},"geometry":{"type":"Polygon","coordinates":[[[1.543272,10.537667],[1.535048,10.542093],[1.532547,10.550605],[1.532501,10.560345],[1.544729,10.576636],[1.536061,10.58796],[1.541775,10.594074],[1.506046,10.602429],[1.502719,10.611747],[1.489223,10.603161],[1.47568,10.604312],[1.468266,10.610365],[1.46696,10.625375],[1.495213,10.636469],[1.475891,10.644493],[1.460709,10.644824],[1.453706,10.650471],[1.452012,10.661014],[1.465064,10.676501],[1.446589,10.678439],[1.439927,10.697479],[1.412395,10.705052],[1.406206,10.711513],[1.4033,10.717992],[1.408575,10.729381],[1.406857,10.743983],[1.414199,10.752543],[1.42447,10.750566],[1.436074,10.72871],[1.461197,10.710977],[1.485446,10.703385],[1.49459,10.679891],[1.521734,10.667033],[1.532456,10.655721],[1.535806,10.641531],[1.578168,10.619403],[1.589241,10.620265],[1.601983,10.615046],[1.59835,10.602042],[1.608667,10.588694],[1.609115,10.580173],[1.593223,10.556969],[1.579297,10.552442],[1.566236,10.538583],[1.543272,10.537667]]]}},
{"type":"Feature","properties":{},"geometry":{"type":"Polygon","coordinates":[[[1.662153,10.646966],[1.657606,10.654658],[1.658734,10.678203],[1.683023,10.660043],[1.673221,10.649448],[1.662153,10.646966]]]}},
{"type":"Feature","properties":{},"geometry":{"type":"Polygon","coordinates":[[[1.651062,10.461637],[1.646311,10.469735],[1.650361,10.481522],[1.679419,10.495444],[1.686739,10.510086],[1.692472,10.512139],[1.699051,10.508108],[1.701469,10.518265],[1.707193,10.522752],[1.734626,10.534228],[1.764966,10.537594],[1.775135,10.559146],[1.780338,10.592044],[1.80453,10.595384],[1.811077,10.599874],[1.824653,10.590183],[1.821029,10.57231],[1.81426,10.572285],[1.793388,10.559623],[1.799569,10.55234],[1.798807,10.537319],[1.778806,10.512483],[1.763655,10.506336],[1.762479,10.492531],[1.751867,10.479908],[1.711361,10.457016],[1.651062,10.461637]]]}},
{"type":"Feature","properties":{},"geometry":{"type":"Polygon","coordinates":[[[2.264313,10.021513],[2.25937,10.033682],[2.259322,10.054994],[2.246998,10.07019],[2.246348,10.085412],[2.25556,10.087868],[2.263555,10.084841],[2.266662,10.069625],[2.297452,10.038027],[2.293186,10.022185],[2.264313,10.021513]]]}},
{"type":"Feature","properties":{},"geometry":{"type":"Polygon","coordinates":[[[2.338439,10.125191],[2.322401,10.153779],[2.321157,10.160475],[2.334062,10.161719],[2.358061,10.14776],[2.358092,10.131928],[2.353188,10.125829],[2.338439,10.125191]]]}},
{"type":"Feature","properties":{},"geometry":{"type":"Polygon","coordinates":[[[2.036053,10.135404],[2.027411,10.148165],[2.032894,10.164013],[2.027348,10.168868],[2.024234,10.182254],[2.03034,10.195668],[2.037096,10.197515],[2.043864,10.195098],[2.044535,10.176225],[2.054421,10.158596],[2.054448,10.149462],[2.047104,10.139089],[2.036053,10.135404]]]}},
{"type":"Feature","properties":{},"geometry":{"type":"Polygon","coordinates":[[[1.732557,10.116717],[1.720261,10.118496],[1.708548,10.128191],[1.699805,10.162861],[1.706511,10.176281],[1.713881,10.177528],[1.737917,10.159965],[1.73913,10.164232],[1.748352,10.16305],[1.752616,10.172807],[1.762433,10.177106],[1.779647,10.175345],[1.775315,10.183243],[1.782628,10.19971],[1.811492,10.205904],[1.821335,10.203505],[1.836044,10.215126],[1.850782,10.218832],[1.853827,10.226758],[1.874058,10.242049],[1.877078,10.257282],[1.90228,10.257977],[1.899297,10.231786],[1.875996,10.215266],[1.880931,10.210412],[1.879723,10.204319],[1.849072,10.181685],[1.831992,10.146311],[1.790929,10.116936],[1.754672,10.118019],[1.750425,10.103999],[1.743685,10.099103],[1.736905,10.104557],[1.732557,10.116717]]]}},
{"type":"Feature","properties":{},"geometry":{"type":"Polygon","coordinates":[[[2.131202,10.17464],[2.121994,10.170353],[2.109079,10.173362],[2.098584,10.189775],[2.085048,10.194608],[2.064023,10.23778],[2.065226,10.246917],[2.076285,10.249385],[2.081854,10.236614],[2.098469,10.230571],[2.108373,10.206242],[2.12992,10.194122],[2.133639,10.182562],[2.131202,10.17464]]]}},
{"type":"Feature","properties":{},"geometry":{"type":"Polygon","coordinates":[[[2.033824,10.263266],[2.028872,10.274212],[2.02757,10.297954],[2.061998,10.299274],[2.068813,10.281636],[2.065798,10.261533],[2.055967,10.259678],[2.040559,10.272419],[2.033824,10.263266]]]}},
{"type":"Feature","properties":{},"geometry":{"type":"Polygon","coordinates":[[[2.328933,10.262792],[2.303745,10.253605],[2.300698,10.24142],[2.275485,10.244409],[2.255799,10.249845],[2.244082,10.265041],[2.220706,10.270466],[2.220065,10.280816],[2.227427,10.287533],[2.258794,10.283952],[2.281561,10.276088],[2.320916,10.274345],[2.327072,10.270705],[2.328933,10.262792]]]}},
{"type":"Feature","properties":{},"geometry":{"type":"Polygon","coordinates":[[[1.638349,10.308118],[1.635829,10.32211],[1.654061,10.37211],[1.675598,10.368547],[1.705104,10.371102],[1.702082,10.358305],[1.705186,10.351011],[1.737768,10.352967],[1.743326,10.3469],[1.769771,10.345784],[1.769802,10.33787],[1.760581,10.337225],[1.756913,10.331732],[1.724341,10.327952],[1.704101,10.315695],[1.661054,10.317954],[1.638349,10.308118]]]}},
{"type":"Feature","properties":{},"geometry":{"type":"Polygon","coordinates":[[[2.187475,10.282259],[2.181349,10.273719],[2.170901,10.271865],[2.156124,10.279744],[2.129695,10.276629],[2.109975,10.293016],[2.087245,10.286255],[2.07739,10.292315],[2.073057,10.302046],[2.071136,10.328224],[2.077169,10.367819],[2.083296,10.375752],[2.094367,10.375784],[2.098029,10.385536],[2.118302,10.393509],[2.126266,10.4051],[2.139796,10.405745],[2.142846,10.414886],[2.156954,10.429538],[2.182213,10.414989],[2.184138,10.38394],[2.173711,10.372953],[2.170052,10.361374],[2.187932,10.343761],[2.194128,10.325509],[2.191079,10.315758],[2.171426,10.306575],[2.187475,10.282259]]]}},
{"type":"Feature","properties":{},"geometry":{"type":"Polygon","coordinates":[[[1.956649,10.362579],[1.924042,10.366734],[1.918464,10.379502],[1.923967,10.388654],[1.93318,10.392337],[1.942411,10.390541],[1.938684,10.401489],[1.942352,10.408199],[1.958321,10.414949],[1.972409,10.432652],[1.98163,10.434508],[1.98161,10.440596],[1.9988,10.451002],[2.013554,10.454092],[2.035658,10.467555],[2.049198,10.46577],[2.049265,10.443849],[2.026586,10.417598],[2.022324,10.403581],[1.998979,10.394985],[1.994709,10.384012],[1.956649,10.362579]]]}},
{"type":"Feature","properties":{},"geometry":{"type":"Polygon","coordinates":[[[1.728461,10.44943],[1.73647,10.446417],[1.774585,10.451437],[1.780696,10.461811],[1.795449,10.464303],[1.80157,10.47224],[1.816327,10.474122],[1.821213,10.483273],[1.827978,10.483907],[1.834713,10.492455],[1.859882,10.507159],[1.890659,10.503006],[1.89072,10.485958],[1.869257,10.467008],[1.864382,10.454205],[1.849069,10.436494],[1.825136,10.421793],[1.803075,10.400402],[1.753307,10.388645],[1.737869,10.404414],[1.718172,10.408598],[1.706419,10.424989],[1.705761,10.435336],[1.719282,10.437826],[1.720478,10.446354],[1.728461,10.44943]]]}},
{"type":"Feature","properties":{},"geometry":{"type":"Polygon","coordinates":[[[1.906502,10.546291],[1.906408,10.57308],[1.921785,10.57496],[1.927279,10.587765],[1.959321,10.575694],[1.958775,10.554991],[1.947722,10.548258],[1.906502,10.546291]]]}},
{"type":"Feature","properties":{},"geometry":{"type":"Polygon","coordinates":[[[1.799781,10.616529],[1.798507,10.627484],[1.810196,10.628746],[1.807789,10.614733],[1.799781,10.616529]]]}},
{"type":"Feature","properties":{},"geometry":{"type":"Polygon","coordinates":[[[1.746871,10.612366],[1.736312,10.636067],[1.723954,10.647585],[1.723906,10.659153],[1.752778,10.673272],[1.794639,10.672218],[1.813687,10.680815],[1.838333,10.674819],[1.861697,10.682212],[1.885724,10.676818],[1.906697,10.664715],[1.908566,10.658633],[1.904277,10.653138],[1.887662,10.651862],[1.861776,10.660902],[1.855641,10.6554],[1.839016,10.657165],[1.835343,10.651671],[1.807693,10.639391],[1.797223,10.641178],[1.761646,10.611206],[1.746871,10.612366]]]}},
{"type":"Feature","properties":{},"geometry":{"type":"Polygon","coordinates":[[[1.713348,10.681635],[1.702796,10.702291],[1.713835,10.712079],[1.726799,10.703608],[1.749578,10.703092],[1.752681,10.697016],[1.736105,10.68599],[1.713348,10.681635]]]}},
{"type":"Feature","properties":{},"geometry":{"type":"Polygon","coordinates":[[[1.816699,10.697874],[1.81114,10.702724],[1.811116,10.708812],[1.815999,10.719789],[1.81409,10.735612],[1.819001,10.739284],[1.875062,10.730359],[1.891734,10.717024],[1.886256,10.699956],[1.860398,10.700472],[1.835177,10.695508],[1.816699,10.697874]]]}},
{"type":"Feature","properties":{},"geometry":{"type":"Polygon","coordinates":[[[2.053786,10.674936],[1.987965,10.660726],[1.986104,10.664983],[1.960221,10.673421],[1.958354,10.679504],[1.963254,10.686826],[1.960742,10.701431],[1.965646,10.707536],[1.973034,10.707561],[1.976744,10.702702],[2.003217,10.702788],[2.008164,10.696106],[2.025384,10.70164],[2.043865,10.698043],[2.054976,10.688335],[2.053786,10.674936]]]}},
{"type":"Feature","properties":{},"geometry":{"type":"Polygon","coordinates":[[[2.132696,10.635587],[2.127804,10.624004],[2.114279,10.618486],[2.076698,10.630556],[2.057014,10.626235],[2.036078,10.629216],[2.03482,10.637737],[2.042166,10.650546],[2.055697,10.65424],[2.095708,10.654358],[2.124664,10.645916],[2.132696,10.635587]]]}},
{"type":"Feature","properties":{},"geometry":{"type":"Polygon","coordinates":[[[2.22395,10.574325],[2.212267,10.570643],[2.205466,10.582805],[2.209099,10.605952],[2.215863,10.608404],[2.222641,10.605377],[2.22395,10.574325]]]}},
{"type":"Feature","properties":{},"geometry":{"type":"Polygon","coordinates":[[[2.051828,10.710854],[2.025973,10.705383],[2.011788,10.717428],[2.006867,10.716194],[2.00504,10.710101],[1.988407,10.713091],[1.986501,10.730742],[2.007371,10.750293],[2.01102,10.764309],[2.003617,10.768547],[2.000466,10.790456],[1.991836,10.792864],[1.990578,10.800775],[1.973886,10.819595],[1.951093,10.821346],[1.947378,10.826813],[1.948576,10.836558],[1.967024,10.845144],[1.980593,10.83971],[2.030612,10.799685],[2.044794,10.79425],[2.047311,10.777209],[2.057178,10.772368],[2.059086,10.752889],[2.072663,10.743188],[2.078903,10.715807],[2.063543,10.705411],[2.051828,10.710854]]]}},
{"type":"Feature","properties":{},"geometry":{"type":"Polygon","coordinates":[[[2.151463,10.739815],[2.137496,10.74343],[2.130903,10.751937],[2.12176,10.790474],[2.111468,10.800187],[2.091369,10.793633],[2.081511,10.795228],[2.07819,10.80699],[2.084721,10.819593],[2.084663,10.838671],[2.075953,10.86706],[2.077147,10.879241],[2.051227,10.894181],[2.051977,10.916915],[2.059778,10.91775],[2.075673,10.957782],[2.073531,10.985784],[2.080886,10.998795],[2.095273,10.996403],[2.10065,10.984647],[2.102007,10.943247],[2.115284,10.898635],[2.117004,10.872254],[2.122368,10.863746],[2.120788,10.842227],[2.132351,10.819527],[2.134044,10.802077],[2.151386,10.767215],[2.155147,10.743275],[2.151463,10.739815]]]}},
{"type":"Feature","properties":{},"geometry":{"type":"Polygon","coordinates":[[[2.008811,10.928752],[2.006377,10.919814],[1.996946,10.914912],[1.965743,10.911561],[1.954148,10.938718],[1.961744,10.998412],[1.97242,11.000071],[1.994524,11.023891],[2.000701,11.019852],[2.004047,11.002409],[2.001614,10.992659],[1.986462,10.978403],[1.984486,10.955665],[2.008811,10.928752]]]}},
{"type":"Feature","properties":{},"geometry":{"type":"Polygon","coordinates":[[[1.730201,10.961613],[1.725215,10.974986],[1.732593,10.978669],[1.735351,11.006281],[1.779382,10.988196],[1.76755,10.968666],[1.730201,10.961613]]]}},
{"type":"Feature","properties":{},"geometry":{"type":"Polygon","coordinates":[[[1.615923,10.848287],[1.59706,10.843331],[1.588885,10.835583],[1.570778,10.844427],[1.555631,10.835428],[1.540777,10.85078],[1.525193,10.847053],[1.511577,10.860787],[1.516868,10.870146],[1.526314,10.869786],[1.529146,10.878322],[1.541462,10.878788],[1.553743,10.886556],[1.567326,10.87972],[1.577504,10.898032],[1.60794,10.887619],[1.613745,10.875469],[1.615923,10.848287]]]}},
{"type":"Feature","properties":{},"geometry":{"type":"Polygon","coordinates":[[[1.458661,10.931344],[1.454619,10.918743],[1.444377,10.914227],[1.403321,10.912798],[1.393078,10.908686],[1.372119,10.911822],[1.366295,10.925589],[1.384279,10.941105],[1.383803,10.953277],[1.348804,10.969728],[1.355296,10.983967],[1.335923,10.996441],[1.334218,11.007389],[1.347707,11.019231],[1.390805,11.025143],[1.403076,11.034948],[1.414587,11.033386],[1.418777,11.017986],[1.406091,11.008992],[1.40409,10.999242],[1.397927,10.999615],[1.399631,10.988261],[1.411637,10.970468],[1.426455,10.964458],[1.436315,10.963696],[1.442033,10.969813],[1.462958,10.973978],[1.470376,10.969146],[1.474516,10.962673],[1.470045,10.953722],[1.478686,10.950518],[1.485314,10.939188],[1.480009,10.932668],[1.458661,10.931344]]]}},
{"type":"Feature","properties":{},"geometry":{"type":"Polygon","coordinates":[[[1.428463,10.97299],[1.418593,10.975374],[1.415253,10.985503],[1.436005,11.02254],[1.448273,11.033154],[1.471716,11.027998],[1.503745,11.030592],[1.50872,11.021689],[1.506701,11.014779],[1.453828,10.992194],[1.446496,10.980387],[1.428463,10.97299]]]}},
{"type":"Feature","properties":{},"geometry":{"type":"Polygon","coordinates":[[[1.397687,11.043848],[1.388177,11.05516],[1.391026,11.060045],[1.413582,11.067469],[1.432089,11.063914],[1.439116,11.055833],[1.431373,11.044025],[1.412904,11.040681],[1.397687,11.043848]]]}},
{"type":"Feature","properties":{},"geometry":{"type":"Polygon","coordinates":[[[1.530051,11.027881],[1.522195,11.037988],[1.527906,11.046133],[1.55213,11.04909],[1.55667,11.045054],[1.549745,11.032846],[1.538241,11.033196],[1.530051,11.027881]]]}},
{"type":"Feature","properties":{},"geometry":{"type":"Polygon","coordinates":[[[1.629344,11.054726],[1.628552,11.048228],[1.61831,11.042095],[1.612967,11.042476],[1.608402,11.052195],[1.609596,11.060318],[1.625536,11.078248],[1.632919,11.081123],[1.64039,11.064923],[1.629344,11.054726]]]}},
{"type":"Feature","properties":{},"geometry":{"type":"Polygon","coordinates":[[[1.46073,11.047219],[1.461894,11.060211],[1.439615,11.077953],[1.441996,11.093793],[1.465819,11.095538],[1.481887,11.087097],[1.492155,11.087961],[1.519397,11.063339],[1.517388,11.054401],[1.512055,11.052751],[1.478397,11.046902],[1.471847,11.042405],[1.46073,11.047219]]]}},
{"type":"Feature","properties":{},"geometry":{"type":"Polygon","coordinates":[[[1.515593,11.084424],[1.511045,11.090083],[1.510141,11.106312],[1.524067,11.11531],[1.559029,11.10858],[1.57915,11.111516],[1.601271,11.12623],[1.613215,11.120604],[1.612472,11.10396],[1.58506,11.079077],[1.553871,11.071217],[1.515593,11.084424]]]}},
{"type":"Feature","properties":{},"geometry":{"type":"Polygon","coordinates":[[[1.845222,11.06476],[1.848158,11.049348],[1.844483,11.043651],[1.832564,11.044417],[1.817735,11.053695],[1.81446,11.050841],[1.803762,11.054452],[1.795094,11.064158],[1.795472,11.072278],[1.774468,11.083557],[1.758737,11.111093],[1.773489,11.1213],[1.785415,11.119319],[1.801896,11.109238],[1.818427,11.086169],[1.824987,11.089847],[1.83733,11.086242],[1.873903,11.08638],[1.87521,11.066902],[1.866209,11.056721],[1.854699,11.057896],[1.845222,11.06476]]]}},
{"type":"Feature","properties":{},"geometry":{"type":"Polygon","coordinates":[[[2.103813,11.025451],[2.081235,11.018889],[2.078804,11.007922],[2.069784,11.001806],[2.057039,11.004608],[2.051253,11.015143],[2.038092,11.019162],[2.037215,11.036207],[2.043768,11.042722],[2.041255,11.057327],[2.051472,11.074814],[2.062556,11.078501],[2.069165,11.067969],[2.092623,11.056674],[2.103759,11.043312],[2.103813,11.025451]]]}},
{"type":"Feature","properties":{},"geometry":{"type":"Polygon","coordinates":[[[1.998134,11.049882],[1.991508,11.064877],[1.99883,11.086821],[2.020589,11.093387],[2.037877,11.085325],[2.041197,11.075187],[2.038359,11.063406],[2.031387,11.059325],[2.023567,11.062953],[2.00882,11.049105],[1.998134,11.049882]]]}},
{"type":"Feature","properties":{},"geometry":{"type":"Polygon","coordinates":[[[1.639092,11.123563],[1.61358,11.130347],[1.610655,11.140479],[1.597053,11.148938],[1.592461,11.163527],[1.596114,11.173285],[1.610899,11.175789],[1.618251,11.185564],[1.638772,11.192151],[1.651171,11.177597],[1.666009,11.168734],[1.666461,11.159807],[1.649689,11.142687],[1.646468,11.128061],[1.639092,11.123563]]]}},
{"type":"Feature","properties":{},"geometry":{"type":"Polygon","coordinates":[[[1.833004,11.140613],[1.826449,11.135311],[1.821085,11.140567],[1.813687,11.140538],[1.807467,11.153907],[1.790577,11.163175],[1.771255,11.163908],[1.751576,11.152056],[1.745397,11.155277],[1.698127,11.155887],[1.692733,11.167229],[1.701702,11.183907],[1.725126,11.185226],[1.736593,11.195016],[1.752646,11.190213],[1.772343,11.198412],[1.789233,11.189958],[1.794961,11.196475],[1.817664,11.17343],[1.827942,11.173065],[1.833004,11.140613]]]}},
{"type":"Feature","properties":{},"geometry":{"type":"Polygon","coordinates":[[[1.914211,11.132395],[1.904348,11.131953],[1.897728,11.143699],[1.892382,11.144491],[1.887799,11.160711],[1.920669,11.164484],[1.928455,11.171006],[1.939978,11.167394],[1.946627,11.147529],[1.92897,11.142595],[1.914211,11.132395]]]}},
{"type":"Feature","properties":{},"geometry":{"type":"Polygon","coordinates":[[[2.127708,11.07342],[2.119492,11.072584],[2.100562,11.081053],[2.06144,11.106506],[2.054411,11.119473],[2.057216,11.141807],[2.048999,11.140564],[2.044526,11.125936],[2.025212,11.124657],[1.997308,11.111576],[1.97798,11.114758],[1.968083,11.12406],[1.966401,11.135014],[1.984035,11.146439],[1.998416,11.148111],[2.003719,11.1599],[2.03616,11.170154],[2.03946,11.166511],[2.055484,11.168998],[2.077299,11.160136],[2.071504,11.172701],[2.074347,11.18367],[2.091592,11.190623],[2.098108,11.210532],[2.10633,11.210963],[2.121624,11.183812],[2.131104,11.175722],[2.129893,11.168006],[2.140594,11.163978],[2.142663,11.159112],[2.138613,11.138398],[2.134102,11.135138],[2.134582,11.111597],[2.127708,11.07342]]]}},
{"type":"Feature","properties":{},"geometry":{"type":"Polygon","coordinates":[[[2.128182,11.190326],[2.12486,11.201277],[2.128947,11.209407],[2.135094,11.216325],[2.144137,11.217163],[2.148259,11.213521],[2.147482,11.198095],[2.140928,11.189958],[2.128182,11.190326]]]}},
{"type":"Feature","properties":{},"geometry":{"type":"Polygon","coordinates":[[[2.072264,11.192391],[2.054957,11.20492],[2.032322,11.211747],[2.029383,11.230003],[2.009239,11.229126],[1.977134,11.238759],[1.978317,11.253375],[1.995164,11.256679],[2.007519,11.251039],[2.028483,11.253137],[2.034244,11.251938],[2.038795,11.243429],[2.053198,11.239822],[2.068886,11.220388],[2.081218,11.221238],[2.089885,11.21071],[2.090748,11.197724],[2.082548,11.190393],[2.072264,11.192391]]]}},
{"type":"Feature","properties":{},"geometry":{"type":"Polygon","coordinates":[[[1.965069,11.162813],[1.955169,11.172521],[1.960775,11.214347],[1.980097,11.214821],[1.987051,11.224992],[2.001445,11.223823],[2.008452,11.21857],[2.01059,11.194629],[1.999532,11.182414],[1.982695,11.177081],[1.973699,11.163655],[1.965069,11.162813]]]}},
{"type":"Feature","properties":{},"geometry":{"type":"Polygon","coordinates":[[[1.871271,11.182769],[1.839145,11.198476],[1.829169,11.225631],[1.832028,11.230512],[1.846814,11.234223],[1.867026,11.217254],[1.871599,11.204283],[1.880678,11.195388],[1.880295,11.18808],[1.871271,11.182769]]]}},
{"type":"Feature","properties":{},"geometry":{"type":"Polygon","coordinates":[[[1.389635,11.163926],[1.381781,11.172],[1.384173,11.185404],[1.421483,11.202243],[1.400119,11.200506],[1.388045,11.228442],[1.417945,11.248081],[1.425343,11.248527],[1.432362,11.242882],[1.440697,11.221823],[1.442463,11.199106],[1.459435,11.176468],[1.460762,11.158619],[1.446865,11.144343],[1.426329,11.142208],[1.409427,11.151858],[1.40357,11.1709],[1.389635,11.163926]]]}},
{"type":"Feature","properties":{},"geometry":{"type":"Polygon","coordinates":[[[1.478303,11.18387],[1.473356,11.186685],[1.473318,11.19399],[1.462186,11.200426],[1.458323,11.231249],[1.462384,11.240603],[1.473077,11.239847],[1.481449,11.211076],[1.48931,11.201377],[1.489775,11.190827],[1.478303,11.18387]]]}},
{"type":"Feature","properties":{},"geometry":{"type":"Polygon","coordinates":[[[2.143965,11.275411],[2.129147,11.279834],[2.127856,11.298908],[2.145494,11.31479],[2.158237,11.317261],[2.165676,11.304699],[2.159527,11.297782],[2.157109,11.280726],[2.143965,11.275411]]]}},
{"type":"Feature","properties":{},"geometry":{"type":"Polygon","coordinates":[[[2.025445,11.300618],[2.01223,11.316405],[2.012598,11.328989],[2.040594,11.320963],[2.037358,11.304716],[2.025445,11.300618]]]}},
{"type":"Feature","properties":{},"geometry":{"type":"Polygon","coordinates":[[[1.973204,11.303689],[1.970723,11.307333],[1.977269,11.317097],[1.981013,11.304933],[1.973204,11.303689]]]}},
{"type":"Feature","properties":{},"geometry":{"type":"Polygon","coordinates":[[[1.913417,11.290081],[1.898629,11.285561],[1.884196,11.296061],[1.87969,11.291579],[1.867353,11.291532],[1.862788,11.302068],[1.850002,11.311354],[1.849531,11.326369],[1.874206,11.32687],[1.900163,11.314792],[1.912548,11.302254],[1.913417,11.290081]]]}},
{"type":"Feature","properties":{},"geometry":{"type":"Polygon","coordinates":[[[1.790259,11.239681],[1.760173,11.256604],[1.757637,11.272828],[1.746909,11.281307],[1.746875,11.289019],[1.753831,11.297165],[1.769868,11.297232],[1.780169,11.292404],[1.785126,11.287148],[1.786836,11.271731],[1.805399,11.257196],[1.805461,11.242179],[1.790259,11.239681]]]}},
{"type":"Feature","properties":{},"geometry":{"type":"Polygon","coordinates":[[[1.712754,11.287045],[1.694667,11.285749],[1.672005,11.295795],[1.670253,11.318921],[1.64926,11.32329],[1.642234,11.330563],[1.639296,11.343131],[1.642966,11.349641],[1.630173,11.358917],[1.629288,11.3719],[1.646142,11.374007],[1.658085,11.370815],[1.673423,11.34491],[1.688229,11.344976],[1.703494,11.334491],[1.704402,11.315419],[1.715531,11.309786],[1.723389,11.299673],[1.712754,11.287045]]]}},
{"type":"Feature","properties":{},"geometry":{"type":"Polygon","coordinates":[[[1.463295,11.262726],[1.449217,11.28132],[1.444985,11.303618],[1.459779,11.305319],[1.465572,11.29845],[1.474172,11.304988],[1.487745,11.304246],[1.496446,11.291709],[1.47799,11.282687],[1.471511,11.263985],[1.463295,11.262726]]]}},
{"type":"Feature","properties":{},"geometry":{"type":"Polygon","coordinates":[[[1.418095,11.258431],[1.402008,11.268084],[1.401514,11.283096],[1.398214,11.285108],[1.385103,11.27692],[1.379336,11.278918],[1.3768,11.291078],[1.384569,11.298831],[1.401404,11.30298],[1.407106,11.312751],[1.429721,11.312871],[1.4299,11.280001],[1.422126,11.273062],[1.422595,11.262513],[1.418095,11.258431]]]}},
{"type":"Feature","properties":{},"geometry":{"type":"Polygon","coordinates":[[[1.54554,11.381238],[1.527409,11.387642],[1.525704,11.399402],[1.517886,11.399769],[1.514564,11.405839],[1.51576,11.413149],[1.528451,11.424983],[1.541623,11.423425],[1.54947,11.417378],[1.561096,11.395925],[1.54554,11.381238]]]}},
{"type":"Feature","properties":{},"geometry":{"type":"Polygon","coordinates":[[[1.673764,11.404572],[1.668792,11.412261],[1.672032,11.423234],[1.688895,11.424121],[1.695915,11.41847],[1.69391,11.407097],[1.685712,11.400568],[1.673764,11.404572]]]}},
{"type":"Feature","properties":{},"geometry":{"type":"Polygon","coordinates":[[[1.748689,11.391913],[1.73882,11.39106],[1.723138,11.402356],[1.720585,11.42142],[1.736609,11.425955],[1.749847,11.409371],[1.748689,11.391913]]]}},
{"type":"Feature","properties":{},"geometry":{"type":"Polygon","coordinates":[[[1.816318,11.352012],[1.798198,11.357215],[1.782501,11.372979],[1.777156,11.372552],[1.768898,11.379822],[1.765907,11.405785],[1.769977,11.415949],[1.779428,11.418424],[1.786439,11.414394],[1.788539,11.404257],[1.803376,11.397823],[1.808388,11.379579],[1.818284,11.373937],[1.822441,11.363401],[1.816318,11.352012]]]}},
{"type":"Feature","properties":{},"geometry":{"type":"Polygon","coordinates":[[[1.930732,11.388979],[1.924531,11.397074],[1.907239,11.400663],[1.901431,11.413223],[1.906332,11.422577],[1.914961,11.425451],[1.918211,11.436422],[1.931763,11.443372],[1.939586,11.441777],[1.946614,11.432873],[1.943781,11.42028],[1.948329,11.414208],[1.943895,11.389433],[1.930732,11.388979]]]}},
{"type":"Feature","properties":{},"geometry":{"type":"Polygon","coordinates":[[[2.163355,11.325192],[2.160454,11.33249],[2.151823,11.330436],[2.145202,11.343813],[2.150039,11.377112],[2.136898,11.36936],[2.129491,11.37015],[2.126987,11.381915],[2.114653,11.379442],[2.126242,11.35634],[2.112694,11.347775],[2.115627,11.33033],[2.108661,11.321785],[2.092222,11.317675],[2.088041,11.339175],[2.083503,11.343221],[2.065054,11.324491],[2.05437,11.321616],[2.049831,11.326067],[2.04775,11.333366],[2.052617,11.354489],[2.070269,11.365505],[2.072283,11.3785],[2.076396,11.378919],[2.071815,11.395953],[2.063968,11.405264],[2.063922,11.419471],[2.069687,11.417865],[2.076664,11.423163],[2.087797,11.415892],[2.098494,11.415925],[2.10223,11.405383],[2.107175,11.402962],[2.115797,11.408671],[2.107144,11.412704],[2.105065,11.419598],[2.098066,11.4212],[2.096391,11.430531],[2.08077,11.426018],[2.07662,11.436965],[2.059768,11.431228],[2.048581,11.454734],[2.02551,11.462776],[2.020548,11.46966],[2.025039,11.480228],[2.031621,11.480656],[2.065421,11.464124],[2.107798,11.466692],[2.126777,11.450514],[2.131337,11.439567],[2.147843,11.423786],[2.154472,11.408379],[2.173013,11.399096],[2.179264,11.371511],[2.175663,11.336186],[2.163355,11.325192]]]}},
{"type":"Feature","properties":{},"geometry":{"type":"Polygon","coordinates":[[[1.708706,11.432833],[1.70049,11.429956],[1.686471,11.436794],[1.672097,11.431452],[1.65601,11.440308],[1.643276,11.43619],[1.630905,11.44222],[1.602522,11.441275],[1.596403,11.430694],[1.564739,11.428105],[1.555635,11.438613],[1.558867,11.450398],[1.545661,11.458449],[1.542748,11.464928],[1.545012,11.504711],[1.571333,11.507681],[1.607302,11.47336],[1.622563,11.465721],[1.658358,11.465887],[1.676513,11.455012],[1.699153,11.452678],[1.709475,11.444607],[1.708706,11.432833]]]}},
{"type":"Feature","properties":{},"geometry":{"type":"Polygon","coordinates":[[[1.897777,11.480283],[1.864456,11.47772],[1.859067,11.48744],[1.849598,11.488621],[1.846251,11.502001],[1.849517,11.508508],[1.862662,11.514648],[1.886539,11.512711],[1.900195,11.493686],[1.897777,11.480283]]]}},
{"type":"Feature","properties":{},"geometry":{"type":"Polygon","coordinates":[[[1.938469,11.493017],[1.930265,11.486087],[1.919134,11.491322],[1.906341,11.500609],[1.902172,11.514393],[1.862618,11.525606],[1.850226,11.536516],[1.83334,11.539289],[1.826306,11.54819],[1.823867,11.540875],[1.80702,11.534313],[1.792177,11.540339],[1.776557,11.535809],[1.769552,11.537809],[1.764955,11.553618],[1.772319,11.563796],[1.756235,11.571033],[1.75615,11.590108],[1.763957,11.593388],[1.773454,11.586935],[1.786211,11.587801],[1.796116,11.581755],[1.805567,11.585852],[1.851282,11.580355],[1.863251,11.572691],[1.872722,11.571916],[1.872745,11.566234],[1.883865,11.564654],[1.88801,11.557363],[1.897479,11.556993],[1.907007,11.5412],[1.92475,11.529496],[1.941209,11.530774],[1.950702,11.523503],[1.958152,11.512163],[1.959462,11.491874],[1.953711,11.489012],[1.938469,11.493017]]]}},
{"type":"Feature","properties":{},"geometry":{"type":"Polygon","coordinates":[[[1.738176,11.559389],[1.728722,11.556506],[1.714697,11.563344],[1.699917,11.55516],[1.689181,11.562417],[1.685951,11.54901],[1.675664,11.548558],[1.667888,11.539187],[1.645698,11.532185],[1.638351,11.519569],[1.630943,11.519535],[1.594676,11.530319],[1.579802,11.542017],[1.556329,11.544742],[1.551316,11.559327],[1.551702,11.564199],[1.603534,11.569729],[1.610485,11.579096],[1.631855,11.586097],[1.649894,11.601198],[1.691891,11.599363],[1.706257,11.608356],[1.72313,11.609649],[1.733877,11.599955],[1.739301,11.583745],[1.738176,11.559389]]]}},
{"type":"Feature","properties":{},"geometry":{"type":"Polygon","coordinates":[[[1.42405,11.465326],[1.415345,11.477047],[1.414475,11.485565],[1.418546,11.493298],[1.433769,11.493379],[1.446471,11.503187],[1.446833,11.512117],[1.434028,11.520976],[1.433983,11.529091],[1.442571,11.538878],[1.448759,11.536069],[1.448737,11.540128],[1.459419,11.543431],[1.480809,11.545168],[1.488602,11.550078],[1.491428,11.560238],[1.510341,11.563988],[1.540063,11.54669],[1.539318,11.53167],[1.525415,11.514555],[1.503165,11.520122],[1.498662,11.515635],[1.495881,11.496953],[1.472541,11.475729],[1.455271,11.474015],[1.444954,11.479641],[1.437211,11.466208],[1.42405,11.465326]]]}},
{"type":"Feature","properties":{},"geometry":{"type":"Polygon","coordinates":[[[1.32419,11.619985],[1.338098,11.634675],[1.340106,11.643207],[1.366863,11.64336],[1.380887,11.63857],[1.395243,11.647578],[1.424508,11.641247],[1.452914,11.640995],[1.455407,11.63695],[1.443539,11.624306],[1.422166,11.618509],[1.407426,11.604631],[1.353483,11.608386],[1.330882,11.602169],[1.323016,11.609834],[1.32419,11.619985]]]}},
{"type":"Feature","properties":{},"geometry":{"type":"Polygon","coordinates":[[[1.42182,11.725184],[1.415269,11.718655],[1.397579,11.715715],[1.37861,11.720477],[1.397062,11.733974],[1.413959,11.731633],[1.42182,11.725184]]]}},
{"type":"Feature","properties":{},"geometry":{"type":"Polygon","coordinates":[[[1.448244,11.712747],[1.491465,11.71582],[1.495175,11.715027],[1.495206,11.709346],[1.472623,11.697458],[1.453249,11.701412],[1.44829,11.704631],[1.448244,11.712747]]]}},
{"type":"Feature","properties":{},"geometry":{"type":"Polygon","coordinates":[[[1.47165,11.724643],[1.479009,11.734421],[1.48603,11.730806],[1.489696,11.73813],[1.51027,11.741484],[1.513168,11.738658],[1.504178,11.725626],[1.47165,11.724643]]]}},
{"type":"Feature","properties":{},"geometry":{"type":"Polygon","coordinates":[[[1.53334,11.739981],[1.523415,11.747641],[1.528702,11.760248],[1.556685,11.764856],[1.574745,11.777121],[1.580938,11.774311],[1.579783,11.758478],[1.560884,11.749455],[1.541131,11.746514],[1.53334,11.739981]]]}},
{"type":"Feature","properties":{},"geometry":{"type":"Polygon","coordinates":[[[1.595621,11.721625],[1.566893,11.702408],[1.54672,11.701496],[1.542163,11.706749],[1.544192,11.71244],[1.563891,11.725525],[1.597225,11.730156],[1.595621,11.721625]]]}},
{"type":"Feature","properties":{},"geometry":{"type":"Polygon","coordinates":[[[1.731015,11.65245],[1.710925,11.634098],[1.673939,11.619726],[1.659112,11.621281],[1.635979,11.637405],[1.638396,11.648375],[1.662679,11.650112],[1.681168,11.658315],[1.723578,11.6581],[1.731015,11.65245]]]}},
{"type":"Feature","properties":{},"geometry":{"type":"Polygon","coordinates":[[[1.69169,11.697324],[1.686289,11.707446],[1.689541,11.716389],[1.703507,11.724163],[1.712577,11.722175],[1.715112,11.708388],[1.712257,11.702287],[1.704867,11.697383],[1.69169,11.697324]]]}},
{"type":"Feature","properties":{},"geometry":{"type":"Polygon","coordinates":[[[1.808851,11.600021],[1.796486,11.603622],[1.791499,11.614559],[1.793086,11.628366],[1.805357,11.647087],[1.790072,11.658793],[1.792071,11.672601],[1.753745,11.679743],[1.740125,11.686583],[1.721599,11.685689],[1.714159,11.691744],[1.720634,11.71653],[1.73701,11.737707],[1.749749,11.744257],[1.752641,11.742241],[1.756687,11.758492],[1.766543,11.765028],[1.778336,11.799577],[1.789835,11.807744],[1.78566,11.820308],[1.79016,11.827632],[1.77366,11.832026],[1.770317,11.842563],[1.775209,11.854354],[1.795332,11.869458],[1.803167,11.868274],[1.813512,11.858172],[1.820585,11.842371],[1.828715,11.771378],[1.825957,11.741739],[1.810549,11.684854],[1.81441,11.648342],[1.824825,11.619567],[1.817477,11.604521],[1.808851,11.600021]]]}},
{"type":"Feature","properties":{},"geometry":{"type":"Polygon","coordinates":[[[2.449257,9.764873],[2.427134,9.777625],[2.428043,9.784934],[2.44738,9.78588],[2.462105,9.792298],[2.46488,9.784081],[2.461219,9.770374],[2.449257,9.764873]]]}},
{"type":"Feature","properties":{},"geometry":{"type":"Polygon","coordinates":[[[2.860459,9.694038],[2.84481,9.68581],[2.838362,9.693114],[2.826394,9.691282],[2.805208,9.709541],[2.80428,9.722329],[2.818092,9.721422],[2.830058,9.727823],[2.84295,9.72783],[2.860459,9.694038]]]}},
{"type":"Feature","properties":{},"geometry":{"type":"Polygon","coordinates":[[[2.873328,9.747939],[2.867798,9.760726],[2.869625,9.79818],[2.888047,9.791792],[2.881613,9.756163],[2.873328,9.747939]]]}},
{"type":"Feature","properties":{},"geometry":{"type":"Polygon","coordinates":[[[2.880669,9.820107],[2.876977,9.841116],[2.891715,9.842035],[2.891721,9.821938],[2.880669,9.820107]]]}},
{"type":"Feature","properties":{},"geometry":{"type":"Polygon","coordinates":[[[2.873281,9.87126],[2.869593,9.880393],[2.875108,9.913281],[2.886162,9.918766],[2.895376,9.915115],[2.89538,9.902326],[2.887092,9.891361],[2.883415,9.87035],[2.873281,9.87126]]]}},
{"type":"Feature","properties":{},"geometry":{"type":"Polygon","coordinates":[[[2.726799,9.887616],[2.724961,9.882134],[2.708385,9.875725],[2.701024,9.866584],[2.675238,9.860166],[2.634713,9.854643],[2.625501,9.855547],[2.62273,9.861938],[2.622721,9.870159],[2.630085,9.874735],[2.654955,9.876588],[2.661398,9.882076],[2.685349,9.882099],[2.697315,9.893072],[2.704686,9.892165],[2.714813,9.899481],[2.726799,9.887616]]]}},
{"type":"Feature","properties":{},"geometry":{"type":"Polygon","coordinates":[[[2.58744,9.845759],[2.578851,9.839658],[2.539559,9.834126],[2.534042,9.82742],[2.519309,9.824963],[2.512565,9.818255],[2.494756,9.820056],[2.489821,9.834664],[2.491634,9.854154],[2.478727,9.861442],[2.469483,9.881523],[2.473157,9.888228],[2.513088,9.880372],[2.522313,9.87125],[2.55302,9.870074],[2.570845,9.857309],[2.589884,9.855505],[2.58744,9.845759]]]}},
{"type":"Feature","properties":{},"geometry":{"type":"Polygon","coordinates":[[[2.361447,9.856368],[2.34235,9.887389],[2.333075,9.918427],[2.321403,9.919621],[2.316476,9.92631],[2.323202,9.940939],[2.34286,9.93976],[2.350856,9.933685],[2.354587,9.910553],[2.368132,9.892919],[2.372459,9.878312],[2.370041,9.858212],[2.361447,9.856368]]]}},
{"type":"Feature","properties":{},"geometry":{"type":"Polygon","coordinates":[[[2.39454,9.892968],[2.381621,9.904514],[2.381597,9.917302],[2.40677,9.922219],[2.422155,9.905195],[2.418483,9.897881],[2.39454,9.892968]]]}},
{"type":"Feature","properties":{},"geometry":{"type":"Polygon","coordinates":[[[2.482969,9.897377],[2.453465,9.912555],[2.443031,9.908275],[2.43627,9.911309],[2.419661,9.926505],[2.398758,9.937429],[2.384631,9.937403],[2.371094,9.950166],[2.360646,9.953191],[2.348322,9.972654],[2.340944,9.976293],[2.341525,9.992736],[2.361793,9.995211],[2.373486,9.984272],[2.390073,9.983694],[2.393768,9.978829],[2.407279,9.98068],[2.42695,9.972798],[2.457728,9.934485],[2.465108,9.928407],[2.483542,9.923564],[2.489695,9.916875],[2.490948,9.900434],[2.482969,9.897377]]]}},
{"type":"Feature","properties":{},"geometry":{"type":"Polygon","coordinates":[[[2.336072,9.95497],[2.323163,9.959816],[2.305926,9.978049],[2.303458,9.982915],[2.307134,9.987794],[2.328014,9.990882],[2.340966,9.965332],[2.336072,9.95497]]]}},
{"type":"Feature","properties":{},"geometry":{"type":"Polygon","coordinates":[[[2.391807,9.993296],[2.374508,9.997054],[2.371766,10.002822],[2.343558,9.999881],[2.3379,10.007628],[2.340618,10.013768],[2.373355,10.028807],[2.402853,10.024712],[2.41108,10.004879],[2.391807,9.993296]]]}},
{"type":"Feature","properties":{},"geometry":{"type":"Polygon","coordinates":[[[2.515563,10.105651],[2.505474,10.09508],[2.495645,10.092901],[2.485812,10.093155],[2.481432,10.099645],[2.487419,10.113186],[2.497793,10.11645],[2.507903,10.1143],[2.515563,10.105651]]]}},
{"type":"Feature","properties":{},"geometry":{"type":"Polygon","coordinates":[[[2.780968,10.055468],[2.774791,10.073992],[2.763599,10.066135],[2.751581,10.068833],[2.74829,10.085611],[2.718537,10.06583],[2.707885,10.067714],[2.703231,10.079078],[2.710863,10.096407],[2.708391,10.111832],[2.70348,10.106414],[2.698832,10.11047],[2.697743,10.10668],[2.667433,10.098802],[2.662522,10.093926],[2.649955,10.096618],[2.647487,10.105277],[2.650761,10.108799],[2.620983,10.114179],[2.612495,10.131491],[2.622594,10.137728],[2.641726,10.128818],[2.696355,10.130767],[2.70346,10.126984],[2.718482,10.128893],[2.746062,10.140824],[2.758628,10.140022],[2.769565,10.125955],[2.792791,10.113791],[2.800719,10.103511],[2.797468,10.061015],[2.780968,10.055468]]]}},
{"type":"Feature","properties":{},"geometry":{"type":"Polygon","coordinates":[[[2.965904,10.057659],[2.961533,10.073356],[2.949788,10.078768],[2.95006,10.084452],[2.981194,10.120994],[2.989389,10.114498],[2.98857,10.101237],[2.980103,10.092575],[2.981197,10.075794],[2.974915,10.071192],[2.971912,10.059012],[2.965904,10.057659]]]}},
{"type":"Feature","properties":{},"geometry":{"type":"Polygon","coordinates":[[[3.041831,10.093115],[3.038007,10.100693],[3.044018,10.110165],[3.051393,10.112059],[3.069698,10.132626],[3.074067,10.123964],[3.056307,10.09609],[3.041831,10.093115]]]}},
{"type":"Feature","properties":{},"geometry":{"type":"Polygon","coordinates":[[[2.96371,10.13845],[2.96125,10.152794],[2.971357,10.156585],[2.976275,10.152255],[2.975456,10.142782],[2.96371,10.13845]]]}},
{"type":"Feature","properties":{},"geometry":{"type":"Polygon","coordinates":[[[2.956878,10.161996],[2.953869,10.187167],[2.960425,10.193393],[2.967256,10.193665],[2.967806,10.159562],[2.956878,10.161996]]]}},
{"type":"Feature","properties":{},"geometry":{"type":"Polygon","coordinates":[[[2.429771,10.237521],[2.422952,10.231284],[2.390971,10.237721],[2.385212,10.248807],[2.413055,10.264285],[2.421809,10.258888],[2.429771,10.237521]]]}},
{"type":"Feature","properties":{},"geometry":{"type":"Polygon","coordinates":[[[2.512332,10.21059],[2.50849,10.22141],[2.51176,10.226828],[2.534996,10.219826],[2.529001,10.208991],[2.519441,10.207082],[2.512332,10.21059]]]}},
{"type":"Feature","properties":{},"geometry":{"type":"Polygon","coordinates":[[[2.686876,10.326576],[2.690576,10.315619],[2.686901,10.301406],[2.671749,10.285152],[2.668481,10.274593],[2.646763,10.267262],[2.628338,10.248973],[2.599261,10.229451],[2.57468,10.221707],[2.564022,10.223317],[2.559087,10.235083],[2.55047,10.242379],[2.549226,10.25212],[2.55536,10.262278],[2.58813,10.279373],[2.603719,10.269648],[2.613552,10.27372],[2.619262,10.298086],[2.622949,10.300119],[2.631977,10.292822],[2.643035,10.302172],[2.647938,10.316387],[2.662699,10.31478],[2.686876,10.326576]]]}},
{"type":"Feature","properties":{},"geometry":{"type":"Polygon","coordinates":[[[2.892481,10.342544],[2.892483,10.335642],[2.883465,10.329955],[2.818282,10.319369],[2.787136,10.299863],[2.782623,10.305545],[2.771146,10.3031],[2.755969,10.314051],[2.757191,10.323389],[2.78096,10.338834],[2.80433,10.340066],[2.820725,10.348195],[2.848607,10.349023],[2.892481,10.342544]]]}},
{"type":"Feature","properties":{},"geometry":{"type":"Polygon","coordinates":[[[2.74219,10.369076],[2.738497,10.371915],[2.737665,10.38653],[2.757334,10.404814],[2.765945,10.405632],[2.767594,10.39386],[2.752849,10.37152],[2.74219,10.369076]]]}},
{"type":"Feature","properties":{},"geometry":{"type":"Polygon","coordinates":[[[2.787656,10.441373],[2.788876,10.456396],[2.798718,10.460462],[2.802822,10.456404],[2.795859,10.440567],[2.787656,10.441373]]]}},
{"type":"Feature","properties":{},"geometry":{"type":"Polygon","coordinates":[[[2.64171,10.386031],[2.633904,10.398201],[2.642485,10.425005],[2.662197,10.401074],[2.662205,10.39336],[2.65934,10.38808],[2.64171,10.386031]]]}},
{"type":"Feature","properties":{},"geometry":{"type":"Polygon","coordinates":[[[2.631815,10.431489],[2.626476,10.437572],[2.628906,10.463557],[2.640369,10.482245],[2.648587,10.469263],[2.64574,10.447743],[2.639602,10.435557],[2.631815,10.431489]]]}},
{"type":"Feature","properties":{},"geometry":{"type":"Polygon","coordinates":[[[2.446622,10.328918],[2.440455,10.33865],[2.444131,10.34637],[2.442049,10.36423],[2.410409,10.40071],[2.409979,10.411264],[2.414073,10.415331],[2.428429,10.413733],[2.436645,10.405629],[2.440781,10.385744],[2.446942,10.38007],[2.463755,10.379693],[2.463369,10.365484],[2.476078,10.366316],[2.502305,10.375696],[2.532191,10.407406],[2.543643,10.428939],[2.551022,10.430573],[2.552283,10.409464],[2.510117,10.36231],[2.484713,10.351716],[2.460557,10.330972],[2.446622,10.328918]]]}},
{"type":"Feature","properties":{},"geometry":{"type":"Polygon","coordinates":[[[2.546655,10.472788],[2.538848,10.482115],[2.543341,10.494706],[2.539222,10.506472],[2.560507,10.53898],[2.56625,10.5398],[2.573644,10.532908],[2.574936,10.487848],[2.5647,10.474843],[2.546655,10.472788]]]}},
{"type":"Feature","properties":{},"geometry":{"type":"Polygon","coordinates":[[[2.478898,10.519777],[2.467809,10.527065],[2.464099,10.537208],[2.494847,10.550655],[2.499789,10.53889],[2.496112,10.529547],[2.4912,10.523044],[2.478898,10.519777]]]}},
{"type":"Feature","properties":{},"geometry":{"type":"Polygon","coordinates":[[[2.333335,10.512145],[2.316063,10.532],[2.298409,10.538051],[2.27496,10.566008],[2.256831,10.59763],[2.255118,10.62726],[2.272339,10.63339],[2.285065,10.631389],[2.289589,10.626934],[2.28961,10.618003],[2.282663,10.605403],[2.298311,10.581082],[2.31392,10.573403],[2.319682,10.565296],[2.341839,10.564126],[2.349649,10.557241],[2.344002,10.511356],[2.333335,10.512145]]]}},
{"type":"Feature","properties":{},"geometry":{"type":"Polygon","coordinates":[[[2.647012,10.547563],[2.639612,10.560139],[2.651905,10.574362],[2.657652,10.571527],[2.658483,10.562597],[2.656032,10.55285],[2.647012,10.547563]]]}},
{"type":"Feature","properties":{},"geometry":{"type":"Polygon","coordinates":[[[2.733171,10.546836],[2.719223,10.5452],[2.717982,10.556566],[2.731508,10.571599],[2.738079,10.564703],[2.736857,10.554146],[2.733171,10.546836]]]}},
{"type":"Feature","properties":{},"geometry":{"type":"Polygon","coordinates":[[[2.79636,10.536734],[2.781575,10.559458],[2.78895,10.573672],[2.784416,10.603306],[2.790978,10.608588],[2.791793,10.617925],[2.806962,10.641482],[2.81353,10.638237],[2.813126,10.628087],[2.801666,10.57977],[2.800869,10.542826],[2.79636,10.536734]]]}},
{"type":"Feature","properties":{},"geometry":{"type":"Polygon","coordinates":[[[2.56835,10.614754],[2.562182,10.62388],[2.577549,10.639734],[2.582477,10.637305],[2.58923,10.651319],[2.619384,10.660492],[2.610808,10.62638],[2.60466,10.620283],[2.596049,10.615401],[2.56835,10.614754]]]}},
{"type":"Feature","properties":{},"geometry":{"type":"Polygon","coordinates":[[[2.695674,10.7099],[2.68949,10.736079],[2.697492,10.739132],[2.71043,10.732446],[2.722148,10.71297],[2.716614,10.70444],[2.695674,10.7099]]]}},
{"type":"Feature","properties":{},"geometry":{"type":"Polygon","coordinates":[[[2.391153,10.590361],[2.385588,10.603138],[2.387409,10.615928],[2.407685,10.63515],[2.415896,10.687228],[2.423285,10.686329],[2.431578,10.696391],[2.455568,10.709222],[2.465704,10.722027],[2.487851,10.733938],[2.522903,10.764137],[2.545059,10.774218],[2.550593,10.779705],[2.545019,10.800706],[2.546847,10.813497],[2.588376,10.848264],[2.612366,10.875698],[2.621607,10.875709],[2.626244,10.862014],[2.626279,10.833699],[2.623531,10.814513],[2.610628,10.789835],[2.581094,10.768788],[2.570965,10.745939],[2.546984,10.722156],[2.488847,10.691009],[2.458474,10.6325],[2.428984,10.601393],[2.41146,10.592226],[2.391153,10.590361]]]}},
{"type":"Feature","properties":{},"geometry":{"type":"Polygon","coordinates":[[[2.235924,10.642998],[2.226672,10.650283],[2.226642,10.662156],[2.200646,10.715979],[2.203376,10.731513],[2.21354,10.729713],[2.22095,10.72151],[2.233949,10.694142],[2.248748,10.685044],[2.271843,10.681446],[2.269094,10.672305],[2.246963,10.659466],[2.246988,10.649419],[2.235924,10.642998]]]}},
{"type":"Feature","properties":{},"geometry":{"type":"Polygon","coordinates":[[[2.788066,10.707799],[2.779748,10.7151],[2.782504,10.736111],[2.82312,10.782722],[2.833278,10.789121],[2.844368,10.783646],[2.824076,10.727002],[2.812078,10.711467],[2.788066,10.707799]]]}},
{"type":"Feature","properties":{},"geometry":{"type":"Polygon","coordinates":[[[2.892876,10.765398],[2.887327,10.781839],[2.890096,10.79006],[2.903028,10.796459],[2.923353,10.798292],[2.927056,10.766322],[2.9132,10.762665],[2.901189,10.769969],[2.892876,10.765398]]]}},
{"type":"Feature","properties":{},"geometry":{"type":"Polygon","coordinates":[[[2.712752,10.749756],[2.689655,10.753387],[2.681334,10.760686],[2.673922,10.780775],[2.698857,10.78902],[2.697914,10.8082],[2.702525,10.816426],[2.749643,10.821035],[2.753347,10.810077],[2.750586,10.797287],[2.712752,10.749756]]]}},
{"type":"Feature","properties":{},"geometry":{"type":"Polygon","coordinates":[[[2.188027,10.772574],[2.174114,10.793544],[2.164795,10.822746],[2.173092,10.829162],[2.189717,10.831034],[2.20642,10.803677],[2.220301,10.794578],[2.221243,10.787274],[2.188027,10.772574]]]}},
{"type":"Feature","properties":{},"geometry":{"type":"Polygon","coordinates":[[[2.15917,10.851958],[2.153606,10.85925],[2.152615,10.882994],[2.158113,10.899449],[2.156239,10.908577],[2.140463,10.931367],[2.143212,10.939595],[2.16173,10.927772],[2.175593,10.92781],[2.189481,10.918714],[2.189503,10.910495],[2.169238,10.886692],[2.171111,10.877565],[2.188707,10.862998],[2.190575,10.855697],[2.15917,10.851958]]]}},
{"type":"Feature","properties":{},"geometry":{"type":"Polygon","coordinates":[[[2.14489,10.998966],[2.141169,11.007176],[2.1439,11.021797],[2.161475,11.018192],[2.161499,11.009972],[2.14489,10.998966]]]}},
{"type":"Feature","properties":{},"geometry":{"type":"Polygon","coordinates":[[[2.586022,10.880231],[2.579132,10.888037],[2.580349,10.898593],[2.593886,10.911602],[2.601699,10.905117],[2.623858,10.922601],[2.640704,10.918968],[2.640305,10.90963],[2.627175,10.898247],[2.624725,10.886066],[2.609124,10.880769],[2.605422,10.884823],[2.586022,10.880231]]]}},
{"type":"Feature","properties":{},"geometry":{"type":"Polygon","coordinates":[[[2.663509,10.912904],[2.663903,10.928332],[2.672933,10.935242],[2.681563,10.932003],[2.684434,10.936472],[2.708668,10.94015],[2.713589,10.94868],[2.722215,10.950312],[2.72305,10.935292],[2.706219,10.923097],[2.695131,10.920245],[2.681998,10.908864],[2.663509,10.912904]]]}},
{"type":"Feature","properties":{},"geometry":{"type":"Polygon","coordinates":[[[2.80074,10.863497],[2.794165,10.869582],[2.792925,10.880136],[2.819604,10.911006],[2.838907,10.917107],[2.84918,10.911428],[2.83728,10.888282],[2.810596,10.86472],[2.80074,10.863497]]]}},
{"type":"Feature","properties":{},"geometry":{"type":"Polygon","coordinates":[[[2.868917,10.863533],[2.856181,10.872459],[2.853711,10.88423],[2.859447,10.916305],[2.881625,10.925651],[2.893941,10.94839],[2.921875,10.954894],[2.92229,10.941091],[2.905043,10.915916],[2.895187,10.909417],[2.868917,10.863533]]]}},
{"type":"Feature","properties":{},"geometry":{"type":"Polygon","coordinates":[[[2.734092,10.99163],[2.702061,10.974143],[2.664263,10.973292],[2.633872,10.963514],[2.616206,10.963086],[2.620276,10.993131],[2.636692,11.008984],[2.663386,11.022413],[2.669533,11.037034],[2.681033,11.043135],[2.684299,11.062625],[2.69169,11.069127],[2.694143,11.081715],[2.701946,11.087406],[2.758676,11.076089],[2.766082,11.066353],[2.754183,11.042797],[2.731189,11.020856],[2.739002,11.014368],[2.734092,10.99163]]]}},
{"type":"Feature","properties":{},"geometry":{"type":"Polygon","coordinates":[[[2.765278,11.043212],[2.763217,11.050924],[2.772664,11.057426],[2.777191,11.048904],[2.765278,11.043212]]]}},
{"type":"Feature","properties":{},"geometry":{"type":"Polygon","coordinates":[[[2.822939,11.059083],[2.800739,11.069896],[2.796337,11.095875],[2.78017,11.095322],[2.761546,11.084482],[2.734693,11.08446],[2.702614,11.104457],[2.68782,11.101735],[2.679862,11.112011],[2.689988,11.124742],[2.694623,11.146939],[2.697634,11.150731],[2.724214,11.156169],[2.740386,11.15429],[2.745313,11.1616],[2.750794,11.162146],[2.749411,11.176219],[2.755434,11.185426],[2.793254,11.193033],[2.808332,11.190335],[2.815189,11.183304],[2.814649,11.171395],[2.80342,11.157586],[2.805068,11.152715],[2.812469,11.150283],[2.833024,11.15192],[2.843706,11.164646],[2.854393,11.169523],[2.867275,11.1698],[2.877967,11.162767],[2.896055,11.165751],[2.90702,11.160612],[2.910039,11.148435],[2.877163,11.118652],[2.895251,11.115141],[2.893063,11.104584],[2.885393,11.095651],[2.872789,11.094834],[2.86129,11.072636],[2.841563,11.071003],[2.83554,11.063692],[2.822939,11.059083]]]}},
{"type":"Feature","properties":{},"geometry":{"type":"Polygon","coordinates":[[[2.894135,11.171704],[2.893032,11.187401],[2.907286,11.186594],[2.912223,11.176311],[2.910032,11.170086],[2.894135,11.171704]]]}},
{"type":"Feature","properties":{},"geometry":{"type":"Polygon","coordinates":[[[2.688845,11.168381],[2.674052,11.16187],[2.662948,11.165106],[2.653071,11.174025],[2.633745,11.175626],[2.610694,11.196707],[2.608178,11.232833],[2.626282,11.225143],[2.636968,11.229216],[2.652192,11.221115],[2.653846,11.212998],[2.664959,11.20408],[2.683458,11.207753],[2.686743,11.211817],[2.698669,11.210205],[2.702384,11.196812],[2.692113,11.188683],[2.69295,11.17488],[2.688845,11.168381]]]}},
{"type":"Feature","properties":{},"geometry":{"type":"Polygon","coordinates":[[[2.458999,11.184293],[2.454904,11.17576],[2.392433,11.166303],[2.363692,11.149599],[2.311482,11.150702],[2.312267,11.166535],[2.324178,11.171028],[2.338984,11.168626],[2.344305,11.178786],[2.349647,11.180015],[2.362402,11.175171],[2.373062,11.188996],[2.384574,11.18902],[2.39895,11.195545],[2.419101,11.193148],[2.432658,11.198857],[2.447048,11.198885],[2.458999,11.184293]]]}},
{"type":"Feature","properties":{},"geometry":{"type":"Polygon","coordinates":[[[2.180093,11.241705],[2.178774,11.271739],[2.188189,11.28719],[2.192727,11.282331],[2.192778,11.264066],[2.188309,11.244569],[2.180093,11.241705]]]}},
{"type":"Feature","properties":{},"geometry":{"type":"Polygon","coordinates":[[[2.244093,11.297892],[2.240355,11.31209],[2.260863,11.334062],[2.267398,11.352345],[2.287943,11.361731],[2.299892,11.354047],[2.302765,11.35649],[2.316717,11.371136],[2.323642,11.400379],[2.345887,11.388252],[2.334854,11.355752],[2.324192,11.34152],[2.295851,11.323999],[2.285569,11.323569],[2.258893,11.300365],[2.244093,11.297892]]]}},
{"type":"Feature","properties":{},"geometry":{"type":"Polygon","coordinates":[[[2.32385,11.311887],[2.320938,11.325682],[2.338185,11.338305],[2.338169,11.345205],[2.349255,11.354566],[2.366864,11.390732],[2.377146,11.392379],[2.371102,11.334317],[2.365373,11.320503],[2.348085,11.326148],[2.32385,11.311887]]]}},
{"type":"Feature","properties":{},"geometry":{"type":"Polygon","coordinates":[[[2.132138,11.47409],[2.127715,11.484901],[2.138684,11.486828],[2.139544,11.474383],[2.132138,11.47409]]]}},
{"type":"Feature","properties":{},"geometry":{"type":"Polygon","coordinates":[[[2.022815,11.512845],[2.017029,11.519592],[2.018638,11.530421],[2.031211,11.544805],[2.038073,11.544286],[2.04063,11.518588],[2.037351,11.514518],[2.022815,11.512845]]]}},
{"type":"Feature","properties":{},"geometry":{"type":"Polygon","coordinates":[[[2.124489,11.55207],[2.121566,11.565455],[2.129534,11.651126],[2.136952,11.649119],[2.144415,11.632499],[2.14569,11.619514],[2.136684,11.602438],[2.141259,11.587434],[2.150723,11.589085],[2.175336,11.619194],[2.181507,11.620835],[2.145037,11.563496],[2.124489,11.55207]]]}},
{"type":"Feature","properties":{},"geometry":{"type":"Polygon","coordinates":[[[1.995008,11.616187],[1.993732,11.627547],[2.003598,11.632046],[2.014669,11.645074],[2.015001,11.667804],[2.030248,11.664608],[2.035212,11.658131],[2.04219,11.664649],[2.053329,11.658597],[2.057087,11.643186],[2.052182,11.632616],[2.011065,11.616242],[1.995008,11.616187]]]}},
{"type":"Feature","properties":{},"geometry":{"type":"Polygon","coordinates":[[[1.966206,11.667227],[1.948873,11.677109],[1.928134,11.715997],[1.917031,11.71149],[1.908785,11.713894],[1.900892,11.73091],[1.871684,11.722273],[1.862197,11.725888],[1.855959,11.740475],[1.85921,11.75104],[1.843911,11.765184],[1.848371,11.782249],[1.839211,11.805346],[1.846162,11.817957],[1.839114,11.82848],[1.840314,11.837008],[1.824911,11.873879],[1.831461,11.884052],[1.838049,11.885297],[1.843425,11.880854],[1.863302,11.857598],[1.866679,11.83813],[1.876607,11.828429],[1.875032,11.810564],[1.880409,11.805309],[1.880462,11.792321],[1.888763,11.77693],[1.907716,11.776191],[1.938263,11.759667],[1.94938,11.760926],[1.95933,11.743914],[1.974991,11.741536],[1.998548,11.719702],[1.999863,11.697788],[1.994959,11.687218],[1.978966,11.66849],[1.966206,11.667227]]]}},
{"type":"Feature","properties":{},"geometry":{"type":"Polygon","coordinates":[[[2.107033,11.797384],[2.092186,11.802208],[2.082348,11.787159],[2.077409,11.78552],[2.067503,11.791169],[2.051867,11.785435],[1.995366,11.802289],[1.991218,11.809985],[1.991991,11.823789],[2.007624,11.830338],[1.991964,11.831095],[1.983288,11.837558],[1.979949,11.84891],[1.985275,11.857452],[1.982377,11.861095],[1.991424,11.865998],[1.974905,11.87568],[1.97402,11.891912],[1.98594,11.900479],[2.017272,11.897748],[2.033384,11.886845],[2.041196,11.892149],[2.051101,11.888123],[2.055666,11.878803],[2.054476,11.865404],[2.035556,11.855193],[2.032699,11.847471],[2.036016,11.841394],[2.05167,11.842665],[2.076426,11.833006],[2.092492,11.834274],[2.097055,11.824953],[2.110256,11.820124],[2.107033,11.797384]]]}},
{"type":"Feature","properties":{},"geometry":{"type":"Polygon","coordinates":[[[2.218013,11.74413],[2.203587,11.746932],[2.192443,11.754614],[2.189894,11.780991],[2.193161,11.790742],[2.204271,11.795644],[2.211684,11.796882],[2.218706,11.790406],[2.218013,11.74413]]]}},
{"type":"Feature","properties":{},"geometry":{"type":"Polygon","coordinates":[[[2.057418,11.908845],[2.031876,11.905511],[2.01864,11.918454],[2.000901,11.922856],[1.998407,11.92853],[2.011174,11.931417],[2.044048,11.960347],[2.053121,11.959161],[2.057262,11.953898],[2.054462,11.92913],[2.061517,11.915353],[2.057418,11.908845]]]}},
{"type":"Feature","properties":{},"geometry":{"type":"Polygon","coordinates":[[[2.305605,11.966393],[2.299046,11.951764],[2.264889,11.929758],[2.246406,11.90576],[2.221711,11.89311],[2.200707,11.887775],[2.197036,11.874775],[2.204881,11.86952],[2.204088,11.858965],[2.188441,11.854455],[2.178605,11.836567],[2.166677,11.829226],[2.156838,11.81296],[2.141199,11.807231],[2.138706,11.813718],[2.142363,11.830372],[2.133692,11.836028],[2.133223,11.853886],[2.14311,11.855134],[2.179309,11.876754],[2.182985,11.887724],[2.176368,11.895416],[2.178397,11.905976],[2.193639,11.908861],[2.199783,11.921868],[2.205951,11.927162],[2.224077,11.930865],[2.226939,11.938992],[2.239739,11.93172],[2.25947,11.952068],[2.280889,11.958619],[2.281702,11.963085],[2.296113,11.970022],[2.305605,11.966393]]]}},
{"type":"Feature","properties":{},"geometry":{"type":"Polygon","coordinates":[[[2.463681,11.982571],[2.467827,11.970807],[2.462077,11.95943],[2.412273,11.921986],[2.374026,11.883341],[2.348144,11.848373],[2.31195,11.820279],[2.292652,11.793441],[2.267564,11.776736],[2.256477,11.763311],[2.245363,11.760035],[2.242038,11.77058],[2.244492,11.777081],[2.258041,11.794571],[2.276557,11.803955],[2.282717,11.811683],[2.271567,11.820991],[2.277731,11.827501],[2.279349,11.838871],[2.296622,11.852309],[2.292001,11.886393],[2.308465,11.895365],[2.350897,11.90399],[2.364507,11.900368],[2.370665,11.911341],[2.382194,11.916644],[2.385048,11.930451],[2.417144,11.957716],[2.437747,11.962629],[2.438962,11.973186],[2.44883,11.986601],[2.455836,11.988238],[2.463681,11.982571]]]}},
{"type":"Feature","properties":{},"geometry":{"type":"Polygon","coordinates":[[[2.304025,11.694425],[2.300712,11.701724],[2.31219,11.723671],[2.31462,11.740726],[2.334356,11.755792],[2.349197,11.75136],[2.351705,11.73594],[2.318833,11.702173],[2.304025,11.694425]]]}},
{"type":"Feature","properties":{},"geometry":{"type":"Polygon","coordinates":[[[2.364009,11.759106],[2.361924,11.770062],[2.368087,11.777382],[2.372625,11.774957],[2.376733,11.780243],[2.39567,11.786778],[2.404322,11.786797],[2.41505,11.779511],[2.415063,11.773422],[2.402723,11.764467],[2.364009,11.759106]]]}},
{"type":"Feature","properties":{},"geometry":{"type":"Polygon","coordinates":[[[2.474509,11.926574],[2.459363,11.872963],[2.447017,11.863603],[2.448685,11.853864],[2.44375,11.848983],[2.44995,11.839659],[2.447909,11.829912],[2.424102,11.785213],[2.41792,11.786012],[2.419913,11.818084],[2.430581,11.840026],[2.429322,11.850984],[2.417769,11.857861],[2.414456,11.86516],[2.424725,11.881418],[2.443268,11.883486],[2.46338,11.925741],[2.474509,11.926574]]]}},
{"type":"Feature","properties":{},"geometry":{"type":"Polygon","coordinates":[[[2.269968,11.566629],[2.260675,11.578173],[2.274844,11.591605],[2.270484,11.605599],[2.281539,11.629981],[2.279646,11.645198],[2.298168,11.648897],[2.310545,11.639185],[2.327225,11.638007],[2.306354,11.585593],[2.269968,11.566629]]]}},
{"type":"Feature","properties":{},"geometry":{"type":"Polygon","coordinates":[[[2.337789,11.611241],[2.330981,11.617313],[2.333437,11.623408],[2.376593,11.65882],[2.417964,11.666822],[2.447004,11.663836],[2.444586,11.637039],[2.409372,11.640014],[2.337789,11.611241]]]}},
{"type":"Feature","properties":{},"geometry":{"type":"Polygon","coordinates":[[[2.433371,11.685119],[2.428412,11.693025],[2.432105,11.69973],[2.441384,11.694269],[2.442012,11.68879],[2.433371,11.685119]]]}},
{"type":"Feature","properties":{},"geometry":{"type":"Polygon","coordinates":[[[2.496359,11.699851],[2.483391,11.696174],[2.471005,11.711984],[2.470371,11.720507],[2.480219,11.740618],[2.486346,11.768638],[2.497446,11.781445],[2.503632,11.778412],[2.509887,11.7358],[2.504368,11.712652],[2.496359,11.699851]]]}},
{"type":"Feature","properties":{},"geometry":{"type":"Polygon","coordinates":[[[2.557419,11.765713],[2.542568,11.777259],[2.55612,11.804681],[2.566624,11.806524],[2.572195,11.80166],[2.574696,11.782789],[2.557419,11.765713]]]}},
{"type":"Feature","properties":{},"geometry":{"type":"Polygon","coordinates":[[[2.502121,11.586605],[2.487948,11.568922],[2.485448,11.585358],[2.467512,11.599331],[2.465605,11.627945],[2.4557,11.639496],[2.45874,11.664467],[2.456212,11.693689],[2.462389,11.69431],[2.468577,11.688841],[2.489638,11.658434],[2.510653,11.651772],[2.531082,11.625624],[2.529881,11.604919],[2.502121,11.586605]]]}},
{"type":"Feature","properties":{},"geometry":{"type":"Polygon","coordinates":[[[2.397936,11.499944],[2.386811,11.505401],[2.383611,11.55715],[2.393436,11.582744],[2.418088,11.60715],[2.422999,11.621774],[2.44214,11.624856],[2.451419,11.617567],[2.463209,11.588972],[2.456432,11.580434],[2.43607,11.571871],[2.423185,11.531049],[2.409654,11.505448],[2.397936,11.499944]]]}},
{"type":"Feature","properties":{},"geometry":{"type":"Polygon","coordinates":[[[2.607041,11.63548],[2.594065,11.638506],[2.584782,11.650671],[2.568722,11.650039],[2.560688,11.652461],[2.556353,11.659153],[2.561236,11.696304],[2.582831,11.715821],[2.606935,11.710985],[2.605714,11.700632],[2.600778,11.695753],[2.608205,11.686021],[2.604517,11.673229],[2.612585,11.646447],[2.607041,11.63548]]]}},
{"type":"Feature","properties":{},"geometry":{"type":"Polygon","coordinates":[[[2.623643,11.691521],[2.61622,11.698209],[2.624217,11.724404],[2.651998,11.743315],[2.66248,11.762204],[2.668037,11.765863],[2.676693,11.762829],[2.679182,11.747608],[2.623643,11.691521]]]}},
{"type":"Feature","properties":{},"geometry":{"type":"Polygon","coordinates":[[[2.591093,11.558735],[2.584908,11.565424],[2.580507,11.617784],[2.58359,11.621442],[2.61633,11.617834],[2.619437,11.604441],[2.591093,11.558735]]]}},
{"type":"Feature","properties":{},"geometry":{"type":"Polygon","coordinates":[[[2.560326,11.488664],[2.554764,11.492309],[2.549138,11.535533],[2.550968,11.549541],[2.560207,11.564779],[2.571952,11.55688],[2.573212,11.540441],[2.584961,11.52889],[2.58621,11.519757],[2.58375,11.513056],[2.575112,11.50878],[2.573899,11.494165],[2.560326,11.488664]]]}},
{"type":"Feature","properties":{},"geometry":{"type":"Polygon","coordinates":[[[2.651075,11.491832],[2.643658,11.498521],[2.64857,11.520449],[2.646075,11.54054],[2.662092,11.572222],[2.670758,11.555183],[2.67019,11.512558],[2.651075,11.491832]]]}},
{"type":"Feature","properties":{},"geometry":{"type":"Polygon","coordinates":[[[2.708389,11.591758],[2.697283,11.580785],[2.688634,11.583821],[2.687983,11.613657],[2.692916,11.620969],[2.701563,11.622197],[2.713303,11.617337],[2.752237,11.593625],[2.74113,11.582047],[2.717662,11.582024],[2.708389,11.591758]]]}},
{"type":"Feature","properties":{},"geometry":{"type":"Polygon","coordinates":[[[2.854424,11.646063],[2.880355,11.678549],[2.894359,11.676932],[2.913714,11.685869],[2.919893,11.682624],[2.919897,11.669227],[2.895196,11.641208],[2.862675,11.616432],[2.856497,11.619271],[2.854424,11.646063]]]}},
{"type":"Feature","properties":{},"geometry":{"type":"Polygon","coordinates":[[[2.965205,11.632295],[2.963968,11.644473],[2.974674,11.663148],[2.973847,11.692376],[2.984144,11.703744],[2.99197,11.698467],[2.99156,11.651782],[2.979618,11.639197],[2.965205,11.632295]]]}},
{"type":"Feature","properties":{},"geometry":{"type":"Polygon","coordinates":[[[3.049521,11.486632],[3.008157,11.479328],[3.01001,11.515865],[3.023594,11.523171],[3.024827,11.504903],[3.045201,11.495767],[3.049521,11.486632]]]}},
{"type":"Feature","properties":{},"geometry":{"type":"Polygon","coordinates":[[[3.197338,11.568775],[3.186003,11.548891],[3.16542,11.550121],[3.15678,11.561086],[3.160084,11.579352],[3.179858,11.596391],[3.191799,11.597601],[3.202104,11.613019],[3.212398,11.613012],[3.228859,11.600415],[3.228845,11.58296],[3.219365,11.569976],[3.197338,11.568775]]]}},
{"type":"Feature","properties":{},"geometry":{"type":"Polygon","coordinates":[[[3.24287,11.614206],[3.242885,11.631662],[3.217358,11.637366],[3.21819,11.647919],[3.244563,11.666166],[3.263509,11.667773],[3.290708,11.683985],[3.298112,11.675452],[3.281189,11.638528],[3.24287,11.614206]]]}},
{"type":"Feature","properties":{},"geometry":{"type":"Polygon","coordinates":[[[3.199129,11.481901],[3.181026,11.490843],[3.179388,11.504646],[3.197505,11.513972],[3.201215,11.520869],[3.210269,11.518833],[3.216858,11.522076],[3.231258,11.513135],[3.232071,11.500549],[3.199129,11.481901]]]}},
{"type":"Feature","properties":{},"geometry":{"type":"Polygon","coordinates":[[[3.390615,11.557213],[3.371288,11.573475],[3.362661,11.588506],[3.359395,11.610025],[3.37012,11.62422],[3.381635,11.61365],[3.394768,11.582375],[3.39557,11.567355],[3.390615,11.557213]]]}},
{"type":"Feature","properties":{},"geometry":{"type":"Polygon","coordinates":[[[3.409291,11.518825],[3.419962,11.4977],[3.361851,11.438105],[3.346617,11.430816],[3.3421,11.43894],[3.313705,11.438566],[3.310418,11.442629],[3.312892,11.447498],[3.325659,11.456009],[3.345828,11.458827],[3.326899,11.460473],[3.308373,11.454404],[3.30509,11.463338],[3.308813,11.480384],[3.328987,11.486857],[3.337212,11.48157],[3.375084,11.486801],[3.388269,11.497338],[3.400233,11.517213],[3.409291,11.518825]]]}},
{"type":"Feature","properties":{},"geometry":{"type":"Polygon","coordinates":[[[3.295079,11.333038],[3.28442,11.370801],[3.299659,11.385807],[3.286916,11.397592],[3.286513,11.406523],[3.299695,11.420313],[3.323973,11.420693],[3.330962,11.415814],[3.328473,11.397549],[3.318583,11.384163],[3.302489,11.338307],[3.295079,11.333038]]]}},
{"type":"Feature","properties":{},"geometry":{"type":"Polygon","coordinates":[[[3.575605,11.679394],[3.569143,11.69128],[3.569167,11.703154],[3.549735,11.717805],[3.555319,11.729668],[3.58132,11.753363],[3.583201,11.766145],[3.604535,11.772494],[3.614727,11.770646],[3.600696,11.712223],[3.583955,11.683944],[3.575605,11.679394]]]}},
{"type":"Feature","properties":{},"geometry":{"type":"Polygon","coordinates":[[[3.274127,11.362337],[3.283173,11.357051],[3.288083,11.33066],[3.284783,11.321326],[3.272437,11.315248],[3.262142,11.302673],[3.279003,11.299816],[3.281459,11.287229],[3.27816,11.278301],[3.257592,11.274261],[3.24896,11.279139],[3.226752,11.281187],[3.219764,11.286469],[3.188907,11.27147],[3.182732,11.262543],[3.215216,11.254401],[3.215619,11.243441],[3.203687,11.23533],[3.186832,11.242649],[3.16997,11.241034],[3.160515,11.247129],[3.14653,11.240235],[3.135016,11.241864],[3.103343,11.219955],[3.092241,11.220771],[3.082785,11.228892],[3.082376,11.234576],[3.092659,11.24188],[3.081145,11.246349],[3.081148,11.256905],[3.086086,11.26421],[3.109939,11.263797],[3.125982,11.272316],[3.136262,11.267845],[3.141201,11.276368],[3.157242,11.277578],[3.160125,11.28529],[3.149436,11.294226],[3.152323,11.308433],[3.165072,11.305991],[3.18523,11.309227],[3.191402,11.312877],[3.195115,11.328707],[3.202932,11.331542],[3.22432,11.327873],[3.230088,11.338424],[3.242842,11.340443],[3.24326,11.348968],[3.248201,11.353836],[3.267949,11.355036],[3.274127,11.362337]]]}},
{"type":"Feature","properties":{},"geometry":{"type":"Polygon","coordinates":[[[3.006298,11.166995],[3.000542,11.173491],[2.998897,11.191354],[3.005887,11.205155],[3.02069,11.212462],[3.030969,11.201094],[3.03179,11.192163],[3.016165,11.172272],[3.006298,11.166995]]]}},
{"type":"Feature","properties":{},"geometry":{"type":"Polygon","coordinates":[[[3.247154,11.090167],[3.213863,11.092222],[3.216341,11.107646],[3.210182,11.1178],[3.214713,11.12957],[3.184699,11.121877],[3.166616,11.128383],[3.146062,11.127175],[3.130848,11.118251],[3.121805,11.118661],[3.116874,11.121911],[3.115646,11.137744],[3.120994,11.145049],[3.137852,11.152349],[3.148951,11.149907],[3.161286,11.153961],[3.18595,11.149076],[3.185953,11.153947],[3.172391,11.16248],[3.17692,11.173439],[3.183501,11.177495],[3.218036,11.175846],[3.253387,11.168106],[3.276,11.168897],[3.28052,11.166864],[3.28174,11.153465],[3.249645,11.118989],[3.247154,11.090167]]]}},
{"type":"Feature","properties":{},"geometry":{"type":"Polygon","coordinates":[[[3.374873,11.166963],[3.380208,11.15965],[3.362076,11.124761],[3.373147,11.103231],[3.359569,11.091474],[3.373125,11.085775],[3.374348,11.07806],[3.367762,11.069543],[3.320894,11.055794],[3.284724,11.050553],[3.253084,11.055858],[3.249808,11.068852],[3.260108,11.097667],[3.26915,11.09644],[3.286424,11.107791],[3.295479,11.119962],[3.316041,11.128871],[3.32346,11.146726],[3.335803,11.154831],[3.337869,11.164571],[3.348157,11.172679],[3.374873,11.166963]]]}},
{"type":"Feature","properties":{},"geometry":{"type":"Polygon","coordinates":[[[3.121324,10.949171],[3.081475,10.953243],[3.065454,10.959338],[3.060525,10.962992],[3.059294,10.972736],[3.069978,10.980446],[3.054777,10.986946],[3.056011,10.992628],[3.062175,10.996281],[3.124632,10.998697],[3.13408,10.99301],[3.145176,10.999094],[3.152157,10.988942],[3.148858,10.966209],[3.131185,10.951603],[3.121324,10.949171]]]}},
{"type":"Feature","properties":{},"geometry":{"type":"Polygon","coordinates":[[[2.991507,10.801421],[2.985758,10.811571],[2.991096,10.821314],[3.035038,10.835927],[3.039145,10.843234],[3.044895,10.843234],[3.051467,10.850134],[3.063786,10.842825],[3.067068,10.825367],[3.063369,10.814001],[3.05064,10.81522],[3.050639,10.810755],[3.041193,10.805073],[3.028464,10.809539],[3.008343,10.805075],[3.005879,10.799797],[2.991507,10.801421]]]}},
{"type":"Feature","properties":{},"geometry":{"type":"Polygon","coordinates":[[[3.136445,10.774191],[3.124949,10.775008],[3.124548,10.797743],[3.115104,10.798153],[3.112642,10.802213],[3.118398,10.821698],[3.11224,10.826977],[3.111833,10.834691],[3.144692,10.847262],[3.162758,10.839134],[3.164394,10.82736],[3.175477,10.819641],[3.15699,10.803006],[3.164787,10.79407],[3.163549,10.784327],[3.15,10.783928],[3.140971,10.793676],[3.137274,10.791242],[3.136445,10.774191]]]}},
{"type":"Feature","properties":{},"geometry":{"type":"Polygon","coordinates":[[[3.265972,10.856164],[3.262558,10.847185],[3.239969,10.845174],[3.205074,10.863873],[3.19276,10.875248],[3.191534,10.884586],[3.196469,10.893514],[3.216188,10.898372],[3.225222,10.894306],[3.230155,10.89958],[3.241245,10.899166],[3.248643,10.904844],[3.284377,10.902782],[3.306139,10.894643],[3.306535,10.880028],[3.288463,10.880045],[3.278179,10.863409],[3.265972,10.856164]]]}},
{"type":"Feature","properties":{},"geometry":{"type":"Polygon","coordinates":[[[3.341853,10.921195],[3.326445,10.918168],[3.299962,10.930373],[3.299979,10.946814],[3.316009,10.954715],[3.349905,10.957114],[3.354829,10.952236],[3.354196,10.937623],[3.344329,10.930935],[3.341853,10.921195]]]}},
{"type":"Feature","properties":{},"geometry":{"type":"Polygon","coordinates":[[[3.045694,10.693683],[3.055955,10.689622],[3.055953,10.679067],[3.034609,10.67501],[3.016958,10.664862],[3.011212,10.668109],[3.007519,10.678259],[3.012855,10.690438],[3.034203,10.716825],[3.049393,10.724131],[3.064172,10.72494],[3.069505,10.711541],[3.050621,10.704644],[3.045694,10.693683]]]}},
{"type":"Feature","properties":{},"geometry":{"type":"Polygon","coordinates":[[[3.163418,10.537952],[3.142493,10.534308],[3.13265,10.543651],[3.112957,10.543658],[3.109679,10.554621],[3.101063,10.557059],[3.098194,10.565586],[3.089579,10.571271],[3.094102,10.601313],[3.111337,10.601713],[3.118726,10.609424],[3.126111,10.60658],[3.134714,10.572068],[3.151534,10.565971],[3.165885,10.548507],[3.163418,10.537952]]]}},
{"type":"Feature","properties":{},"geometry":{"type":"Polygon","coordinates":[[[3.295591,10.607684],[3.289017,10.598758],[3.282861,10.597546],[3.285311,10.584552],[3.264789,10.578481],[3.250438,10.591078],[3.238946,10.588245],[3.237314,10.599614],[3.223366,10.605307],[3.220915,10.62033],[3.207373,10.621151],[3.206971,10.634549],[3.220934,10.646718],[3.227497,10.641842],[3.232021,10.65483],[3.244753,10.665782],[3.26939,10.678752],[3.278009,10.677933],[3.284981,10.671025],[3.297704,10.671014],[3.303446,10.666542],[3.302608,10.649492],[3.293163,10.643818],[3.283727,10.647074],[3.25622,10.635325],[3.290269,10.621086],[3.295189,10.61621],[3.295591,10.607684]]]}},
{"type":"Feature","properties":{},"geometry":{"type":"Polygon","coordinates":[[[3.266415,10.440651],[3.260885,10.448573],[3.2652,10.458921],[3.268891,10.458918],[3.274425,10.454651],[3.27503,10.44308],[3.266415,10.440651]]]}},
{"type":"Feature","properties":{},"geometry":{"type":"Polygon","coordinates":[[[3.283689,10.494225],[3.282474,10.510668],[3.291705,10.512486],[3.297232,10.500911],[3.283689,10.494225]]]}},
{"type":"Feature","properties":{},"geometry":{"type":"Polygon","coordinates":[[[3.403917,10.679216],[3.35157,10.6671],[3.34727,10.675021],[3.349741,10.682935],[3.357751,10.687798],[3.340518,10.693297],[3.336845,10.712788],[3.346078,10.710343],[3.366406,10.717626],[3.378101,10.71335],[3.384266,10.719432],[3.391653,10.718205],[3.393476,10.699325],[3.401471,10.692007],[3.403917,10.679216]]]}},
{"type":"Feature","properties":{},"geometry":{"type":"Polygon","coordinates":[[[3.454079,10.772469],[3.44609,10.78405],[3.447343,10.798663],[3.466438,10.799243],[3.470121,10.791321],[3.468866,10.776708],[3.454079,10.772469]]]}},
{"type":"Feature","properties":{},"geometry":{"type":"Polygon","coordinates":[[[3.441209,10.815721],[3.433855,10.841308],[3.436325,10.845567],[3.47084,10.857694],[3.480693,10.855243],[3.476339,10.829065],[3.465238,10.819948],[3.441209,10.815721]]]}},
{"type":"Feature","properties":{},"geometry":{"type":"Polygon","coordinates":[[[3.547161,10.821032],[3.532993,10.820448],[3.526232,10.828376],[3.523797,10.845431],[3.532422,10.846024],[3.550879,10.833204],[3.547161,10.821032]]]}},
{"type":"Feature","properties":{},"geometry":{"type":"Polygon","coordinates":[[[3.476421,10.880825],[3.470856,10.868046],[3.454839,10.868071],[3.447454,10.872953],[3.443136,10.869305],[3.429583,10.869325],[3.411725,10.875438],[3.411126,10.887618],[3.417292,10.891263],[3.430844,10.890027],[3.429008,10.898555],[3.437033,10.908895],[3.445041,10.907666],[3.455491,10.891818],[3.473351,10.886919],[3.476421,10.880825]]]}},
{"type":"Feature","properties":{},"geometry":{"type":"Polygon","coordinates":[[[3.578275,10.825239],[3.577073,10.841073],[3.589454,10.872104],[3.603046,10.891563],[3.610441,10.892766],[3.610407,10.875716],[3.599885,10.851381],[3.58629,10.829486],[3.578275,10.825239]]]}},
{"type":"Feature","properties":{},"geometry":{"type":"Polygon","coordinates":[[[3.605553,10.91287],[3.596915,10.906798],[3.585209,10.906821],[3.579068,10.917184],[3.564298,10.926346],[3.561857,10.939138],[3.564956,10.948875],[3.574202,10.950076],[3.579718,10.934843],[3.596955,10.926892],[3.605553,10.91287]]]}},
{"type":"Feature","properties":{},"geometry":{"type":"Polygon","coordinates":[[[3.626492,10.908262],[3.618486,10.910104],[3.616656,10.918633],[3.625336,10.944799],[3.644445,10.947805],[3.648746,10.942315],[3.647497,10.934402],[3.626492,10.908262]]]}},
{"type":"Feature","properties":{},"geometry":{"type":"Polygon","coordinates":[[[3.604982,10.935098],[3.583458,10.956453],[3.588409,10.967403],[3.595194,10.970434],[3.615499,10.955171],[3.612383,10.938127],[3.604982,10.935098]]]}},
{"type":"Feature","properties":{},"geometry":{"type":"Polygon","coordinates":[[[3.642638,10.967293],[3.635852,10.963654],[3.622924,10.96977],[3.608134,10.969799],[3.602614,10.982598],[3.598388,11.026448],[3.611334,11.027641],[3.618154,11.046503],[3.624326,11.050144],[3.632338,11.049518],[3.642178,11.039146],[3.652039,11.038517],[3.669364,11.067706],[3.67923,11.068901],[3.68102,11.043324],[3.688972,11.017123],[3.667964,10.994031],[3.659953,10.994048],[3.655038,11.001366],[3.646409,11.000776],[3.642638,10.967293]]]}},
{"type":"Feature","properties":{},"geometry":{"type":"Polygon","coordinates":[[[3.732796,11.043127],[3.720417,11.021846],[3.711167,11.02004],[3.698268,11.038946],[3.698328,11.063911],[3.69159,11.082193],[3.70145,11.080953],[3.712501,11.062051],[3.724213,11.062024],[3.7279,11.057143],[3.732796,11.043127]]]}},
{"type":"Feature","properties":{},"geometry":{"type":"Polygon","coordinates":[[[3.863726,11.130764],[3.857526,11.119214],[3.846436,11.121681],[3.82793,11.118079],[3.824193,11.104694],[3.808154,11.101084],[3.813846,11.152824],[3.826171,11.150355],[3.838513,11.153974],[3.844646,11.142389],[3.856356,11.140528],[3.863726,11.130764]]]}},
{"type":"Feature","properties":{},"geometry":{"type":"Polygon","coordinates":[[[3.945972,11.206626],[3.93608,11.198741],[3.92374,11.196953],[3.918209,11.20306],[3.905883,11.205533],[3.901627,11.225029],[3.907198,11.23171],[3.923224,11.228616],[3.926962,11.240173],[3.938069,11.241965],[3.94059,11.258396],[3.957277,11.268694],[3.96529,11.266841],[3.967696,11.248567],[3.959043,11.243115],[3.956526,11.227902],[3.945972,11.206626]]]}},
{"type":"Feature","properties":{},"geometry":{"type":"Polygon","coordinates":[[[4.251161,11.492934],[4.242488,11.485664],[4.239974,11.475326],[4.232559,11.47353],[4.217157,11.480292],[4.215272,11.472385],[4.20354,11.471217],[4.196169,11.47977],[4.202391,11.491311],[4.20496,11.515045],[4.216692,11.515605],[4.222899,11.523493],[4.224812,11.537488],[4.230394,11.543552],[4.245233,11.548359],[4.252622,11.544066],[4.248813,11.520339],[4.251161,11.492934]]]}},
{"type":"Feature","properties":{},"geometry":{"type":"Polygon","coordinates":[[[4.416449,11.357641],[4.408468,11.365593],[4.410358,11.373498],[4.432653,11.390436],[4.441291,11.390393],[4.44743,11.384276],[4.481353,11.38228],[4.488712,11.373721],[4.475709,11.364655],[4.458433,11.364132],[4.450385,11.358693],[4.440506,11.356915],[4.43437,11.363642],[4.428171,11.357585],[4.416449,11.357641]]]}},
{"type":"Feature","properties":{},"geometry":{"type":"Polygon","coordinates":[[[4.670272,11.405617],[4.648567,11.38626],[4.601667,11.384084],[4.596132,11.387159],[4.594997,11.404817],[4.642548,11.412468],[4.650019,11.423992],[4.658064,11.428207],[4.669773,11.425706],[4.670272,11.405617]]]}},
{"type":"Feature","properties":{},"geometry":{"type":"Polygon","coordinates":[[[4.766167,11.448879],[4.7588,11.45501],[4.757619,11.463539],[4.765061,11.46958],[4.772371,11.45432],[4.766167,11.448879]]]}},
{"type":"Feature","properties":{},"geometry":{"type":"Polygon","coordinates":[[[4.542948,11.132002],[4.542894,11.121653],[4.515085,11.107794],[4.516896,11.100479],[4.48962,11.069569],[4.478548,11.073885],[4.469972,11.084276],[4.469401,11.09341],[4.482415,11.107348],[4.480004,11.118318],[4.484334,11.12134],[4.502229,11.124904],[4.523878,11.139404],[4.542948,11.132002]]]}},
{"type":"Feature","properties":{},"geometry":{"type":"Polygon","coordinates":[[[4.189514,11.232847],[4.212917,11.225447],[4.215338,11.214478],[4.208441,11.18711],[4.223805,11.174871],[4.234272,11.171176],[4.238605,11.175419],[4.256486,11.175344],[4.27131,11.181369],[4.278081,11.178906],[4.2743,11.160049],[4.247758,11.152855],[4.24647,11.140075],[4.23412,11.135256],[4.227914,11.125541],[4.197143,11.13845],[4.191776,11.182914],[4.177636,11.193321],[4.173973,11.202468],[4.176538,11.226811],[4.189514,11.232847]]]}},
{"type":"Feature","properties":{},"geometry":{"type":"Polygon","coordinates":[[[4.178621,11.131826],[4.132168,11.075992],[4.121655,11.066898],[4.090791,11.054834],[4.087122,11.062763],[4.089613,11.069451],[4.101362,11.079759],[4.110701,11.104078],[4.13293,11.113736],[4.143464,11.1277],[4.156413,11.12826],[4.163228,11.136757],[4.173092,11.136718],[4.178621,11.131826]]]}},
{"type":"Feature","properties":{},"geometry":{"type":"Polygon","coordinates":[[[4.077165,11.036618],[4.053756,11.039745],[4.051931,11.046448],[4.064911,11.056753],[4.07601,11.057932],[4.08091,11.049391],[4.077165,11.036618]]]}},
{"type":"Feature","properties":{},"geometry":{"type":"Polygon","coordinates":[[[4.009965,11.03076],[4.001349,11.034442],[4.000754,11.040533],[4.003858,11.04722],[4.0162,11.051441],[4.009437,11.056334],[4.009489,11.071556],[4.02309,11.083078],[4.039125,11.085459],[4.048398,11.092733],[4.055095,11.069574],[4.024147,11.03254],[4.009965,11.03076]]]}},
{"type":"Feature","properties":{},"geometry":{"type":"Polygon","coordinates":[[[3.9575,11.006576],[3.952605,11.017551],[3.954522,11.038855],[3.974845,11.033921],[3.98034,11.018072],[3.978467,11.010772],[3.9575,11.006576]]]}},
{"type":"Feature","properties":{},"geometry":{"type":"Polygon","coordinates":[[[3.947251,11.077846],[3.94233,11.080905],[3.93929,11.09431],[3.958494,11.122867],[3.969591,11.122832],[3.963346,11.098497],[3.955901,11.083908],[3.947251,11.077846]]]}},
{"type":"Feature","properties":{},"geometry":{"type":"Polygon","coordinates":[[[4.289241,11.05243],[4.251888,11.061111],[4.250306,11.075729],[4.299241,11.084045],[4.303729,11.076721],[4.292172,11.064999],[4.289241,11.05243]]]}},
{"type":"Feature","properties":{},"geometry":{"type":"Polygon","coordinates":[[[4.307995,11.019475],[4.294372,11.004515],[4.284968,11.014703],[4.293695,11.037394],[4.306416,11.034093],[4.307995,11.019475]]]}},
{"type":"Feature","properties":{},"geometry":{"type":"Polygon","coordinates":[[[4.310434,10.920432],[4.304281,10.922082],[4.298571,10.931036],[4.285825,10.927842],[4.283836,10.942868],[4.293309,10.948916],[4.302329,10.945225],[4.314673,10.950448],[4.319991,10.945554],[4.321982,10.931341],[4.320724,10.925663],[4.310434,10.920432]]]}},
{"type":"Feature","properties":{},"geometry":{"type":"Polygon","coordinates":[[[4.24792,10.849665],[4.226369,10.850969],[4.230079,10.854607],[4.227035,10.863143],[4.235705,10.874675],[4.244942,10.87403],[4.248657,10.878885],[4.257848,10.86728],[4.259042,10.858143],[4.249795,10.856354],[4.24792,10.849665]]]}},
{"type":"Feature","properties":{},"geometry":{"type":"Polygon","coordinates":[[[4.309188,10.823131],[4.313261,10.815402],[4.29759,10.799232],[4.256087,10.789662],[4.248258,10.782388],[4.22977,10.778809],[4.223212,10.781271],[4.223284,10.799129],[4.244229,10.801076],[4.253308,10.812403],[4.268098,10.814778],[4.268534,10.820864],[4.289463,10.818748],[4.291126,10.823612],[4.297678,10.819525],[4.309188,10.823131]]]}},
{"type":"Feature","properties":{},"geometry":{"type":"Polygon","coordinates":[[[4.170597,10.763209],[4.162814,10.767703],[4.169824,10.775794],[4.177592,10.767648],[4.170597,10.763209]]]}},
{"type":"Feature","properties":{},"geometry":{"type":"Polygon","coordinates":[[[4.332214,10.737798],[4.323181,10.737025],[4.268258,10.755113],[4.266669,10.767701],[4.272393,10.762402],[4.305634,10.76064],[4.329409,10.753233],[4.332214,10.737798]]]}},
{"type":"Feature","properties":{},"geometry":{"type":"Polygon","coordinates":[[[4.521337,10.8391],[4.51735,10.862658],[4.524369,10.870335],[4.519912,10.882125],[4.52284,10.892663],[4.521218,10.896729],[4.513423,10.897986],[4.508475,10.893952],[4.501093,10.895612],[4.497832,10.900498],[4.499529,10.911447],[4.503654,10.915079],[4.562791,10.916001],[4.569725,10.907037],[4.565955,10.892852],[4.570444,10.887554],[4.568338,10.877419],[4.545662,10.859271],[4.541496,10.847523],[4.521337,10.8391]]]}},
{"type":"Feature","properties":{},"geometry":{"type":"Polygon","coordinates":[[[4.629235,10.749675],[4.619436,10.75906],[4.621518,10.76473],[4.64422,10.788554],[4.653618,10.780793],[4.65315,10.770244],[4.644044,10.75609],[4.629235,10.749675]]]}},
{"type":"Feature","properties":{},"geometry":{"type":"Polygon","coordinates":[[[4.762373,10.954278],[4.75063,10.94765],[4.741394,10.948312],[4.734655,10.954437],[4.73657,10.965991],[4.743378,10.971431],[4.752002,10.971381],[4.761206,10.965241],[4.762373,10.954278]]]}},
{"type":"Feature","properties":{},"geometry":{"type":"Polygon","coordinates":[[[3.627685,10.808121],[3.622336,10.802448],[3.599327,10.79478],[3.591123,10.798856],[3.588672,10.805356],[3.591153,10.814282],[3.605146,10.830087],[3.611713,10.828856],[3.61539,10.819512],[3.625648,10.815431],[3.627685,10.808121]]]}},
{"type":"Feature","properties":{},"geometry":{"type":"Polygon","coordinates":[[[3.498085,10.651114],[3.495637,10.660049],[3.497571,10.671684],[3.500029,10.668703],[3.498085,10.651114]]]}},
{"type":"Feature","properties":{},"geometry":{"type":"Polygon","coordinates":[[[3.509517,10.615372],[3.505152,10.622957],[3.509268,10.630257],[3.5071,10.64271],[3.516696,10.654603],[3.522944,10.628341],[3.509517,10.615372]]]}},
{"type":"Feature","properties":{},"geometry":{"type":"Polygon","coordinates":[[[3.685061,10.576202],[3.660838,10.568947],[3.640332,10.573049],[3.641994,10.583194],[3.648156,10.58643],[3.658406,10.583161],[3.675649,10.587589],[3.687949,10.583503],[3.685061,10.576202]]]}},
{"type":"Feature","properties":{},"geometry":{"type":"Polygon","coordinates":[[[5.416538,10.72238],[5.404699,10.742551],[5.377949,10.744581],[5.375351,10.766506],[5.40033,10.773616],[5.42334,10.765223],[5.447965,10.728523],[5.444193,10.718512],[5.426652,10.717738],[5.416538,10.72238]]]}},
{"type":"Feature","properties":{},"geometry":{"type":"Polygon","coordinates":[[[5.619949,10.856094],[5.616837,10.891339],[5.610845,10.894364],[5.613644,10.90164],[5.626817,10.906394],[5.651116,10.900844],[5.661634,10.906837],[5.599468,10.907371],[5.616236,10.924262],[5.632331,10.934466],[5.652693,10.939765],[5.681569,10.93343],[5.699331,10.923539],[5.698584,10.908946],[5.672064,10.903096],[5.673165,10.888487],[5.667588,10.884277],[5.655268,10.883167],[5.65164,10.890498],[5.64405,10.867446],[5.619949,10.856094]]]}},
{"type":"Feature","properties":{},"geometry":{"type":"Polygon","coordinates":[[[5.3303,11.143422],[5.320365,11.133764],[5.316832,11.154479],[5.327995,11.16352],[5.331692,11.163491],[5.3303,11.143422]]]}},
{"type":"Feature","properties":{},"geometry":{"type":"Polygon","coordinates":[[[3.6614,8.17952],[3.614341,8.183249],[3.597862,8.199717],[3.551421,8.211354],[3.540436,8.224767],[3.541111,8.271662],[3.547233,8.277743],[3.562514,8.274677],[3.579009,8.266128],[3.609534,8.237458],[3.633354,8.224023],[3.663906,8.216056],[3.680998,8.202021],[3.680991,8.197758],[3.667539,8.195344],[3.656549,8.20328],[3.608896,8.219798],[3.567369,8.249092],[3.592387,8.217387],[3.634536,8.198443],[3.654704,8.195975],[3.662638,8.188653],[3.6614,8.17952]]]}},
{"type":"Feature","properties":{},"geometry":{"type":"Polygon","coordinates":[[[3.864319,8.176701],[3.861884,8.180969],[3.866809,8.197401],[3.873543,8.202258],[3.890018,8.189434],[3.882045,8.177272],[3.864319,8.176701]]]}},
{"type":"Feature","properties":{},"geometry":{"type":"Polygon","coordinates":[[[3.235453,8.341389],[3.231175,8.346264],[3.233016,8.356616],[3.247086,8.363307],[3.24954,8.376096],[3.262995,8.377305],[3.258084,8.348684],[3.247682,8.339555],[3.235453,8.341389]]]}},
{"type":"Feature","properties":{},"geometry":{"type":"Polygon","coordinates":[[[3.317898,8.457353],[3.308118,8.465886],[3.326884,8.473992],[3.369695,8.464615],[3.34033,8.461393],[3.328101,8.466683],[3.322799,8.465875],[3.317898,8.457353]]]}},
{"type":"Feature","properties":{},"geometry":{"type":"Polygon","coordinates":[[[3.375413,8.473543],[3.350536,8.473565],[3.320772,8.4809],[3.320775,8.48496],[3.335462,8.490631],[3.376239,8.484504],[3.375413,8.473543]]]}},
{"type":"Feature","properties":{},"geometry":{"type":"Polygon","coordinates":[[[3.656266,8.52108],[3.650954,8.515405],[3.631785,8.514624],[3.624874,8.528845],[3.626513,8.533308],[3.641615,8.540186],[3.655474,8.534885],[3.656266,8.52108]]]}},
{"type":"Feature","properties":{},"geometry":{"type":"Polygon","coordinates":[[[3.875064,8.428896],[3.875106,8.447571],[3.887752,8.449979],[3.893452,8.446312],[3.894653,8.436566],[3.886482,8.429277],[3.875064,8.428896]]]}},
{"type":"Feature","properties":{},"geometry":{"type":"Polygon","coordinates":[[[4.395277,8.138355],[4.389554,8.132692],[4.376933,8.134764],[4.373296,8.143302],[4.378635,8.155866],[4.394486,8.145258],[4.395277,8.138355]]]}},
{"type":"Feature","properties":{},"geometry":{"type":"Polygon","coordinates":[[[4.445312,8.119102],[4.438386,8.118722],[4.432296,8.124426],[4.433544,8.131728],[4.443725,8.130879],[4.445312,8.119102]]]}},
{"type":"Feature","properties":{},"geometry":{"type":"Polygon","coordinates":[[[3.372197,8.626538],[3.338549,8.637531],[3.330601,8.646673],[3.333665,8.650933],[3.353253,8.655179],[3.363645,8.64299],[3.370375,8.641156],[3.372197,8.626538]]]}},
{"type":"Feature","properties":{},"geometry":{"type":"Polygon","coordinates":[[[3.611383,8.572639],[3.604057,8.583003],[3.608349,8.588477],[3.616916,8.589072],[3.618125,8.579936],[3.611383,8.572639]]]}},
{"type":"Feature","properties":{},"geometry":{"type":"Polygon","coordinates":[[[3.615704,8.596382],[3.602274,8.615892],[3.60964,8.630497],[3.638388,8.622533],[3.637146,8.611574],[3.615704,8.596382]]]}},
{"type":"Feature","properties":{},"geometry":{"type":"Polygon","coordinates":[[[3.617614,8.642055],[3.606607,8.647553],[3.606012,8.657907],[3.617643,8.659716],[3.617614,8.642055]]]}},
{"type":"Feature","properties":{},"geometry":{"type":"Polygon","coordinates":[[[3.08037,9.00522],[3.080369,8.99913],[3.062603,8.99548],[3.048517,9.016798],[3.058319,9.019233],[3.08037,9.00522]]]}},
{"type":"Feature","properties":{},"geometry":{"type":"Polygon","coordinates":[[[3.061996,9.028976],[3.052807,9.029587],[3.046682,9.037505],[3.046683,9.044814],[3.057711,9.047857],[3.061386,9.044811],[3.061996,9.028976]]]}},
{"type":"Feature","properties":{},"geometry":{"type":"Polygon","coordinates":[[[3.33659,9.172858],[3.309623,9.171665],[3.304112,9.178368],[3.303509,9.18994],[3.336601,9.185038],[3.33659,9.172858]]]}},
{"type":"Feature","properties":{},"geometry":{"type":"Polygon","coordinates":[[[3.340288,9.19417],[3.31761,9.194191],[3.312713,9.200894],[3.328043,9.209406],[3.338459,9.204524],[3.340288,9.19417]]]}},
{"type":"Feature","properties":{},"geometry":{"type":"Polygon","coordinates":[[[3.176669,9.252753],[3.173595,9.234483],[3.169302,9.228395],[3.158881,9.229009],[3.154594,9.236319],[3.142334,9.236933],[3.137432,9.241198],[3.140501,9.250332],[3.1546,9.250326],[3.163184,9.255195],[3.176669,9.252753]]]}},
{"type":"Feature","properties":{},"geometry":{"type":"Polygon","coordinates":[[[3.056517,9.248122],[3.049572,9.260304],[3.055294,9.263551],[3.062239,9.252993],[3.056517,9.248122]]]}},
{"type":"Feature","properties":{},"geometry":{"type":"Polygon","coordinates":[[[3.103115,9.277344],[3.092894,9.267197],[3.087173,9.267199],[3.074095,9.273292],[3.071645,9.283848],[3.07982,9.285471],[3.084317,9.291559],[3.093309,9.290745],[3.103115,9.277344]]]}},
{"type":"Feature","properties":{},"geometry":{"type":"Polygon","coordinates":[[[3.374947,9.318779],[3.367152,9.291585],[3.34507,9.280238],[3.329106,9.253051],[3.315205,9.246162],[3.298461,9.260791],[3.294357,9.239683],[3.282093,9.233603],[3.275151,9.24051],[3.26986,9.268528],[3.266184,9.271373],[3.259231,9.264883],[3.259205,9.229154],[3.247351,9.225508],[3.236748,9.256777],[3.228969,9.235264],[3.216712,9.240144],[3.20937,9.262885],[3.220008,9.282772],[3.209389,9.295771],[3.193439,9.279135],[3.186491,9.277514],[3.180769,9.278329],[3.175463,9.292136],[3.171784,9.290514],[3.17137,9.279551],[3.159516,9.277121],[3.149709,9.283215],[3.113745,9.288507],[3.105163,9.293381],[3.105983,9.301096],[3.138271,9.297835],[3.157075,9.3027],[3.161983,9.309194],[3.148903,9.309606],[3.123974,9.320578],[3.109258,9.318959],[3.094954,9.327488],[3.079421,9.327492],[3.072473,9.33399],[3.07779,9.346575],[3.093733,9.346978],[3.10109,9.342915],[3.112128,9.346567],[3.115806,9.3421],[3.121533,9.355089],[3.137887,9.360361],[3.158325,9.354669],[3.161183,9.347359],[3.160358,9.332338],[3.139511,9.332346],[3.145231,9.32463],[3.157902,9.324624],[3.173031,9.33355],[3.207371,9.339215],[3.217583,9.327028],[3.26173,9.327812],[3.267048,9.333897],[3.274815,9.334297],[3.313643,9.328987],[3.326717,9.322074],[3.334896,9.32572],[3.356559,9.32448],[3.374947,9.318779]]]}},
{"type":"Feature","properties":{},"geometry":{"type":"Polygon","coordinates":[[[3.379203,9.349359],[3.388457,9.337981],[3.37128,9.330421],[3.350568,9.328276],[3.34948,9.331254],[3.350576,9.337208],[3.366395,9.349643],[3.379203,9.349359]]]}},
{"type":"Feature","properties":{},"geometry":{"type":"Polygon","coordinates":[[[3.353869,9.359399],[3.356591,9.355878],[3.353584,9.346949],[3.335036,9.329103],[3.265282,9.339989],[3.24184,9.332697],[3.23803,9.340008],[3.241307,9.350562],[3.255485,9.359485],[3.269658,9.361097],[3.290364,9.353232],[3.303718,9.35295],[3.306165,9.346452],[3.312432,9.345635],[3.317615,9.351585],[3.353869,9.359399]]]}},
{"type":"Feature","properties":{},"geometry":{"type":"Polygon","coordinates":[[[3.221953,9.343537],[3.218961,9.352471],[3.233409,9.357605],[3.233676,9.349484],[3.221953,9.343537]]]}},
{"type":"Feature","properties":{},"geometry":{"type":"Polygon","coordinates":[[[3.174478,9.501516],[3.176381,9.491771],[3.171745,9.489067],[3.169024,9.500436],[3.174478,9.501516]]]}},
{"type":"Feature","properties":{},"geometry":{"type":"Polygon","coordinates":[[[3.009118,9.512792],[3.009391,9.519288],[3.013208,9.520371],[3.014571,9.513333],[3.009118,9.512792]]]}},
{"type":"Feature","properties":{},"geometry":{"type":"Polygon","coordinates":[[[3.018663,9.546355],[3.021116,9.533904],[3.013481,9.533634],[3.010482,9.543919],[3.018663,9.546355]]]}},
{"type":"Feature","properties":{},"geometry":{"type":"Polygon","coordinates":[[[3.151993,9.521421],[3.142719,9.511951],[3.133176,9.512226],[3.119546,9.520892],[3.103729,9.510612],[3.093096,9.510886],[3.081649,9.530918],[3.081923,9.537143],[3.088469,9.543096],[3.080837,9.559879],[3.08384,9.573141],[3.101297,9.584776],[3.123933,9.587205],[3.131295,9.583413],[3.149011,9.560398],[3.142189,9.548221],[3.147368,9.545783],[3.151993,9.521421]]]}},
{"type":"Feature","properties":{},"geometry":{"type":"Polygon","coordinates":[[[3.318163,10.128992],[3.294398,10.128202],[3.292353,10.13267],[3.299326,10.140783],[3.313668,10.141177],[3.319807,10.133456],[3.318163,10.128992]]]}},
{"type":"Feature","properties":{},"geometry":{"type":"Polygon","coordinates":[[[3.414366,10.06271],[3.402913,10.076528],[3.412346,10.085041],[3.413184,10.100062],[3.431612,10.093137],[3.435711,10.095161],[3.443895,10.088249],[3.437728,10.072018],[3.414366,10.06271]]]}},
{"type":"Feature","properties":{},"geometry":{"type":"Polygon","coordinates":[[[3.434379,10.018027],[3.428656,10.02656],[3.432759,10.032239],[3.450786,10.035056],[3.454878,10.031803],[3.453641,10.026121],[3.434379,10.018027]]]}},
{"type":"Feature","properties":{},"geometry":{"type":"Polygon","coordinates":[[[3.422922,9.030464],[3.417215,9.039402],[3.426618,9.047512],[3.430697,9.043447],[3.42946,9.032892],[3.422922,9.030464]]]}},
{"type":"Feature","properties":{},"geometry":{"type":"Polygon","coordinates":[[[3.380811,8.987473],[3.380826,9.002495],[3.399224,9.020745],[3.406164,9.018708],[3.406971,9.010181],[3.401245,9.002067],[3.387345,8.987872],[3.380811,8.987473]]]}},
{"type":"Feature","properties":{},"geometry":{"type":"Polygon","coordinates":[[[3.414542,8.842492],[3.408832,8.84737],[3.412511,8.852239],[3.409657,8.855083],[3.398628,8.848599],[3.390473,8.857135],[3.413758,8.872131],[3.42233,8.870903],[3.431319,8.877796],[3.424345,8.848165],[3.414542,8.842492]]]}},
{"type":"Feature","properties":{},"geometry":{"type":"Polygon","coordinates":[[[3.495198,9.058184],[3.491535,9.067933],[3.500121,9.073605],[3.505424,9.068321],[3.504192,9.063856],[3.495198,9.058184]]]}},
{"type":"Feature","properties":{},"geometry":{"type":"Polygon","coordinates":[[[3.471932,9.069583],[3.468257,9.070805],[3.465415,9.084207],[3.472781,9.093941],[3.481771,9.096366],[3.486245,9.08215],[3.471932,9.069583]]]}},
{"type":"Feature","properties":{},"geometry":{"type":"Polygon","coordinates":[[[3.632439,9.061627],[3.629181,9.06691],[3.63206,9.078273],[3.653715,9.08189],[3.653288,9.071741],[3.648787,9.067283],[3.632439,9.061627]]]}},
{"type":"Feature","properties":{},"geometry":{"type":"Polygon","coordinates":[[[3.69174,9.102118],[3.675396,9.099306],[3.673775,9.106212],[3.678706,9.12163],[3.693438,9.135],[3.697922,9.130119],[3.697902,9.11997],[3.69174,9.102118]]]}},
{"type":"Feature","properties":{},"geometry":{"type":"Polygon","coordinates":[[[3.708171,9.148774],[3.704934,9.164614],[3.718023,9.172303],[3.721265,9.158899],[3.715953,9.158503],[3.71512,9.150791],[3.708171,9.148774]]]}},
{"type":"Feature","properties":{},"geometry":{"type":"Polygon","coordinates":[[[3.493493,9.301785],[3.490229,9.306255],[3.498001,9.310304],[3.499218,9.304213],[3.493493,9.301785]]]}},
{"type":"Feature","properties":{},"geometry":{"type":"Polygon","coordinates":[[[3.482875,9.308295],[3.480429,9.312764],[3.487381,9.315597],[3.486556,9.31032],[3.482875,9.308295]]]}},
{"type":"Feature","properties":{},"geometry":{"type":"Polygon","coordinates":[[[3.516426,9.332202],[3.520115,9.339099],[3.527879,9.337463],[3.522965,9.331787],[3.516426,9.332202]]]}},
{"type":"Feature","properties":{},"geometry":{"type":"Polygon","coordinates":[[[3.532809,9.3541],[3.527078,9.348426],[3.524223,9.352896],[3.532809,9.3541]]]}},
{"type":"Feature","properties":{},"geometry":{"type":"Polygon","coordinates":[[[3.525465,9.363044],[3.521782,9.360614],[3.516473,9.36387],[3.5218,9.372388],[3.525465,9.363044]]]}},
{"type":"Feature","properties":{},"geometry":{"type":"Polygon","coordinates":[[[3.521333,9.054088],[3.51817,9.063702],[3.509737,9.069668],[3.523009,9.083453],[3.553152,9.0881],[3.578047,9.102858],[3.63132,9.122121],[3.618247,9.121332],[3.608839,9.114446],[3.565111,9.102336],[3.545484,9.08978],[3.525064,9.092247],[3.512791,9.078866],[3.501768,9.082942],[3.4879,9.097576],[3.48384,9.116663],[3.487949,9.134116],[3.498183,9.148717],[3.492068,9.15847],[3.49618,9.177546],[3.492127,9.201505],[3.512579,9.2165],[3.539969,9.224985],[3.5502,9.234713],[3.587821,9.250488],[3.637701,9.2638],[3.646294,9.269875],[3.679407,9.27509],[3.703142,9.290878],[3.72439,9.289212],[3.723106,9.260796],[3.733687,9.239663],[3.731168,9.20719],[3.72214,9.187722],[3.688981,9.154495],[3.687739,9.145972],[3.672171,9.122454],[3.649247,9.096107],[3.61694,9.074239],[3.582608,9.060492],[3.549105,9.053235],[3.521333,9.054088]]]}},
{"type":"Feature","properties":{},"geometry":{"type":"Polygon","coordinates":[[[3.686346,9.294023],[3.686658,9.314592],[3.697336,9.340284],[3.7088,9.349463],[3.714794,9.34891],[3.720506,9.343756],[3.717999,9.317238],[3.702432,9.299675],[3.686346,9.294023]]]}},
{"type":"Feature","properties":{},"geometry":{"type":"Polygon","coordinates":[[[3.714996,9.381252],[3.71754,9.359189],[3.695981,9.344075],[3.689407,9.326496],[3.680669,9.31731],[3.672975,9.283763],[3.623636,9.27032],[3.609455,9.262495],[3.591743,9.26036],[3.558477,9.24282],[3.541036,9.239328],[3.491139,9.209086],[3.471276,9.226163],[3.469117,9.241595],[3.483027,9.253756],[3.491241,9.282435],[3.505992,9.30894],[3.554017,9.351903],[3.570128,9.371907],[3.573973,9.389764],[3.569383,9.416026],[3.574869,9.437398],[3.580877,9.443884],[3.659285,9.464451],[3.673994,9.458739],[3.700404,9.44299],[3.705244,9.410232],[3.70223,9.402389],[3.714996,9.381252]]]}},
{"type":"Feature","properties":{},"geometry":{"type":"Polygon","coordinates":[[[3.526216,9.617192],[3.51023,9.59651],[3.498768,9.591249],[3.500438,9.613982],[3.52377,9.62288],[3.526216,9.617192]]]}},
{"type":"Feature","properties":{},"geometry":{"type":"Polygon","coordinates":[[[3.711021,9.954321],[3.704933,9.97991],[3.705353,9.984375],[3.711084,9.983551],[3.72743,9.967682],[3.727008,9.962],[3.711021,9.954321]]]}},
{"type":"Feature","properties":{},"geometry":{"type":"Polygon","coordinates":[[[3.715827,10.275628],[3.708075,10.291884],[3.71794,10.303635],[3.73517,10.309278],[3.745448,10.32184],[3.755709,10.327094],[3.77169,10.323808],[3.77083,10.307572],[3.760552,10.295012],[3.750306,10.295848],[3.747453,10.302756],[3.724848,10.277232],[3.715827,10.275628]]]}},
{"type":"Feature","properties":{},"geometry":{"type":"Polygon","coordinates":[[[3.947316,10.588006],[3.942385,10.585585],[3.936691,10.601839],[3.925459,10.596189],[3.919452,10.599996],[3.922235,10.615954],[3.935663,10.623762],[3.938656,10.618341],[3.953138,10.613426],[3.947316,10.588006]]]}},
{"type":"Feature","properties":{},"geometry":{"type":"Polygon","coordinates":[[[3.858284,10.439688],[3.852569,10.449446],[3.864918,10.466191],[3.873398,10.467521],[3.864848,10.440753],[3.858284,10.439688]]]}},
{"type":"Feature","properties":{},"geometry":{"type":"Polygon","coordinates":[[[3.919805,10.159421],[3.919574,10.174037],[3.940607,10.173705],[3.941405,10.166396],[3.933188,10.158842],[3.919805,10.159421]]]}},
{"type":"Feature","properties":{},"geometry":{"type":"Polygon","coordinates":[[[3.984492,10.232031],[3.979573,10.231775],[3.980155,10.24341],[3.984255,10.243939],[3.984492,10.232031]]]}},
{"type":"Feature","properties":{},"geometry":{"type":"Polygon","coordinates":[[[3.951316,10.192618],[3.948882,10.201014],[3.953543,10.206684],[3.957061,10.195307],[3.951316,10.192618]]]}},
{"type":"Feature","properties":{},"geometry":{"type":"Polygon","coordinates":[[[3.953462,10.209841],[3.938152,10.206097],[3.937996,10.215119],[3.952759,10.218504],[3.953462,10.209841]]]}},
{"type":"Feature","properties":{},"geometry":{"type":"Polygon","coordinates":[[[4.007152,10.197863],[4.002755,10.189757],[3.994288,10.190054],[3.992946,10.197906],[3.984214,10.20091],[3.986159,10.211729],[4.006371,10.210043],[4.007152,10.197863]]]}},
{"type":"Feature","properties":{},"geometry":{"type":"Polygon","coordinates":[[[3.916907,9.77419],[3.902747,9.78424],[3.903046,9.793982],[3.91207,9.801266],[3.912939,9.819666],[3.921085,9.805029],[3.916907,9.77419]]]}},
{"type":"Feature","properties":{},"geometry":{"type":"Polygon","coordinates":[[[3.967875,9.661195],[3.963272,9.673116],[3.97095,9.687438],[3.983191,9.676037],[3.98316,9.665482],[3.967875,9.661195]]]}},
{"type":"Feature","properties":{},"geometry":{"type":"Polygon","coordinates":[[[4.074205,9.606687],[4.071776,9.614813],[4.077129,9.626163],[4.084915,9.630604],[4.081569,9.607477],[4.074205,9.606687]]]}},
{"type":"Feature","properties":{},"geometry":{"type":"Polygon","coordinates":[[[4.040853,9.489203],[4.033228,9.491931],[4.031887,9.499242],[4.039277,9.508963],[4.046097,9.510567],[4.045226,9.492979],[4.040853,9.489203]]]}},
{"type":"Feature","properties":{},"geometry":{"type":"Polygon","coordinates":[[[4.026148,9.494388],[3.985485,9.478537],[3.955763,9.475101],[3.934723,9.456484],[3.926547,9.456776],[3.924945,9.46923],[3.919213,9.466268],[3.899047,9.468756],[3.892291,9.491236],[3.893961,9.504764],[3.901075,9.514489],[3.931409,9.541472],[3.943679,9.54171],[3.954899,9.556565],[3.969357,9.559231],[3.987071,9.556204],[4.007013,9.569408],[4.029098,9.569072],[4.03535,9.562829],[4.028461,9.538494],[4.031378,9.511152],[4.026148,9.494388]]]}},
{"type":"Feature","properties":{},"geometry":{"type":"Polygon","coordinates":[[[4.042438,9.472419],[3.960623,9.458309],[3.956815,9.461297],[3.985469,9.472854],[4.002646,9.474158],[4.019577,9.484665],[4.037568,9.484612],[4.042438,9.472419]]]}},
{"type":"Feature","properties":{},"geometry":{"type":"Polygon","coordinates":[[[4.01128,9.443823],[3.995171,9.434125],[3.969564,9.43907],[3.936844,9.434286],[3.929768,9.438364],[3.928964,9.443509],[3.93362,9.451615],[3.961149,9.451271],[4.00587,9.458182],[4.01128,9.443823]]]}},
{"type":"Feature","properties":{},"geometry":{"type":"Polygon","coordinates":[[[3.926079,9.38357],[3.920373,9.390081],[3.929645,9.392221],[3.933995,9.388421],[3.926079,9.38357]]]}},
{"type":"Feature","properties":{},"geometry":{"type":"Polygon","coordinates":[[[3.951435,9.387833],[3.938355,9.388139],[3.9324,9.40331],[3.947118,9.403812],[3.959358,9.395119],[3.951435,9.387833]]]}},
{"type":"Feature","properties":{},"geometry":{"type":"Polygon","coordinates":[[[3.98289,9.331727],[3.980747,9.344724],[3.973146,9.355298],[3.975071,9.361518],[3.985147,9.359054],[3.999277,9.345483],[3.997354,9.339804],[3.98289,9.331727]]]}},
{"type":"Feature","properties":{},"geometry":{"type":"Polygon","coordinates":[[[3.919528,9.117142],[3.916836,9.129599],[3.90677,9.133414],[3.90679,9.141262],[3.921513,9.14772],[3.934304,9.144439],[3.929601,9.116304],[3.925781,9.113337],[3.919528,9.117142]]]}},
{"type":"Feature","properties":{},"geometry":{"type":"Polygon","coordinates":[[[3.800961,9.068705],[3.787376,9.081997],[3.789843,9.08957],[3.784423,9.101762],[3.789609,9.107163],[3.799951,9.104434],[3.805376,9.094949],[3.806414,9.071941],[3.800961,9.068705]]]}},
{"type":"Feature","properties":{},"geometry":{"type":"Polygon","coordinates":[[[3.805553,8.740868],[3.798628,8.746565],[3.798252,8.761588],[3.809281,8.766842],[3.818285,8.778596],[3.824793,8.768839],[3.821493,8.752607],[3.816165,8.742063],[3.805553,8.740868]]]}},
{"type":"Feature","properties":{},"geometry":{"type":"Polygon","coordinates":[[[4.252361,8.634366],[4.245607,8.627082],[4.240716,8.628316],[4.238917,8.639282],[4.245063,8.647786],[4.250564,8.645941],[4.252361,8.634366]]]}},
{"type":"Feature","properties":{},"geometry":{"type":"Polygon","coordinates":[[[4.276841,8.636113],[4.267657,8.634316],[4.260344,8.642864],[4.256751,8.666622],[4.269001,8.670236],[4.270257,8.679974],[4.283786,8.699414],[4.292967,8.699992],[4.280598,8.661673],[4.275075,8.656821],[4.276841,8.636113]]]}},
{"type":"Feature","properties":{},"geometry":{"type":"Polygon","coordinates":[[[4.288126,8.715839],[4.282068,8.734126],[4.291913,8.749315],[4.298022,8.746249],[4.298588,8.732852],[4.296708,8.720072],[4.288126,8.715839]]]}},
{"type":"Feature","properties":{},"geometry":{"type":"Polygon","coordinates":[[[4.308349,9.068613],[4.306555,9.080797],[4.313917,9.083814],[4.326159,9.081334],[4.319993,9.070397],[4.308349,9.068613]]]}},
{"type":"Feature","properties":{},"geometry":{"type":"Polygon","coordinates":[[[4.250819,9.083427],[4.245329,9.090144],[4.24658,9.097446],[4.250872,9.098648],[4.256377,9.096194],[4.256343,9.086452],[4.250819,9.083427]]]}},
{"type":"Feature","properties":{},"geometry":{"type":"Polygon","coordinates":[[[4.242707,9.099489],[4.239859,9.102746],[4.243555,9.108416],[4.248029,9.103123],[4.242707,9.099489]]]}},
{"type":"Feature","properties":{},"geometry":{"type":"Polygon","coordinates":[[[4.266401,9.101436],[4.257433,9.106338],[4.256642,9.113647],[4.274623,9.116427],[4.277459,9.109922],[4.266401,9.101436]]]}},
{"type":"Feature","properties":{},"geometry":{"type":"Polygon","coordinates":[[[4.202078,9.520414],[4.193884,9.515977],[4.186994,9.533861],[4.189468,9.539536],[4.203341,9.530964],[4.202078,9.520414]]]}},
{"type":"Feature","properties":{},"geometry":{"type":"Polygon","coordinates":[[[4.219798,9.67318],[4.219047,9.691855],[4.237914,9.704777],[4.246502,9.703934],[4.250163,9.698238],[4.248086,9.689721],[4.228386,9.672338],[4.219798,9.67318]]]}},
{"type":"Feature","properties":{},"geometry":{"type":"Polygon","coordinates":[[[4.241913,9.900004],[4.234546,9.900437],[4.233348,9.908559],[4.235027,9.919512],[4.23913,9.921933],[4.244857,9.920694],[4.250134,9.908902],[4.241913,9.900004]]]}},
{"type":"Feature","properties":{},"geometry":{"type":"Polygon","coordinates":[[[4.261392,9.962439],[4.253602,9.959626],[4.249933,9.9637],[4.252853,9.977895],[4.259395,9.975435],[4.261392,9.962439]]]}},
{"type":"Feature","properties":{},"geometry":{"type":"Polygon","coordinates":[[[4.25575,9.986002],[4.241473,10.000263],[4.236607,10.012864],[4.24562,10.014048],[4.259887,9.996946],[4.25575,9.986002]]]}},
{"type":"Feature","properties":{},"geometry":{"type":"Polygon","coordinates":[[[4.182414,10.087749],[4.159469,10.085801],[4.15457,10.090283],[4.157879,10.099201],[4.149298,10.10532],[4.149324,10.112626],[4.167361,10.116216],[4.166523,10.110942],[4.172653,10.106861],[4.175485,10.09711],[4.181623,10.095464],[4.182414,10.087749]]]}},
{"type":"Feature","properties":{},"geometry":{"type":"Polygon","coordinates":[[[4.069118,10.138064],[4.055182,10.136079],[4.052751,10.144611],[4.065475,10.15147],[4.069118,10.138064]]]}},
{"type":"Feature","properties":{},"geometry":{"type":"Polygon","coordinates":[[[4.481302,10.674424],[4.468129,10.665556],[4.440188,10.657165],[4.436921,10.660426],[4.439869,10.676647],[4.45388,10.689163],[4.462569,10.704139],[4.478978,10.702844],[4.475608,10.685003],[4.481302,10.674424]]]}},
{"type":"Feature","properties":{},"geometry":{"type":"Polygon","coordinates":[[[4.379791,10.455111],[4.365428,10.452332],[4.362608,10.464114],[4.370893,10.483154],[4.390642,10.497679],[4.405003,10.499239],[4.404955,10.488688],[4.388097,10.478614],[4.379791,10.455111]]]}},
{"type":"Feature","properties":{},"geometry":{"type":"Polygon","coordinates":[[[4.358989,9.800311],[4.360867,9.758903],[4.351869,9.75975],[4.346982,9.765452],[4.344626,9.790221],[4.333184,9.794324],[4.334922,9.819483],[4.343099,9.817422],[4.345516,9.808076],[4.358989,9.800311]]]}},
{"type":"Feature","properties":{},"geometry":{"type":"Polygon","coordinates":[[[4.330513,9.636035],[4.31826,9.640547],[4.323644,9.657574],[4.359231,9.657437],[4.355094,9.646087],[4.330513,9.636035]]]}},
{"type":"Feature","properties":{},"geometry":{"type":"Polygon","coordinates":[[[4.431252,9.664451],[4.426815,9.679487],[4.429727,9.690839],[4.436717,9.699333],[4.451856,9.70008],[4.452205,9.685873],[4.438628,9.667667],[4.431252,9.664451]]]}},
{"type":"Feature","properties":{},"geometry":{"type":"Polygon","coordinates":[[[4.468232,9.221277],[4.462131,9.227797],[4.46297,9.233069],[4.476026,9.228958],[4.475592,9.222871],[4.468232,9.221277]]]}},
{"type":"Feature","properties":{},"geometry":{"type":"Polygon","coordinates":[[[4.681942,9.061454],[4.656225,9.062788],[4.647679,9.068914],[4.645262,9.07623],[4.647753,9.085148],[4.661259,9.091987],[4.660513,9.107412],[4.671166,9.115075],[4.679322,9.112603],[4.685692,9.077671],[4.681942,9.061454]]]}},
{"type":"Feature","properties":{},"geometry":{"type":"Polygon","coordinates":[[[4.558467,9.486536],[4.573593,9.486469],[4.571096,9.47674],[4.5564,9.481269],[4.558467,9.486536]]]}},
{"type":"Feature","properties":{},"geometry":{"type":"Polygon","coordinates":[[[4.493666,9.532683],[4.481798,9.530298],[4.475282,9.536414],[4.462616,9.538496],[4.457328,9.545012],[4.459416,9.55515],[4.475368,9.556301],[4.485162,9.551796],[4.494942,9.544042],[4.493666,9.532683]]]}},
{"type":"Feature","properties":{},"geometry":{"type":"Polygon","coordinates":[[[4.606625,9.81465],[4.605061,9.829674],[4.621893,9.840958],[4.636196,9.836831],[4.635312,9.823442],[4.615214,9.813799],[4.606625,9.81465]]]}},
{"type":"Feature","properties":{},"geometry":{"type":"Polygon","coordinates":[[[4.494337,10.22549],[4.48618,10.233645],[4.485423,10.247041],[4.509248,10.259513],[4.51287,10.245697],[4.494337,10.22549]]]}},
{"type":"Feature","properties":{},"geometry":{"type":"Polygon","coordinates":[[[4.55275,10.273107],[4.546166,10.267457],[4.530173,10.265097],[4.512609,10.276949],[4.511418,10.285072],[4.530331,10.29797],[4.532761,10.29187],[4.538916,10.293465],[4.544198,10.284105],[4.549943,10.285702],[4.55275,10.273107]]]}},
{"type":"Feature","properties":{},"geometry":{"type":"Polygon","coordinates":[[[4.54893,10.659689],[4.530463,10.658967],[4.533825,10.674779],[4.551556,10.692143],[4.560986,10.690472],[4.56174,10.677482],[4.54893,10.659689]]]}},
{"type":"Feature","properties":{},"geometry":{"type":"Polygon","coordinates":[[[4.887329,10.110797],[4.884782,10.095391],[4.879456,10.095015],[4.882654,10.081607],[4.869098,10.073973],[4.867408,10.065055],[4.853487,10.065133],[4.839674,10.084283],[4.842584,10.091976],[4.850786,10.09396],[4.853326,10.108554],[4.864001,10.113363],[4.883255,10.114471],[4.887329,10.110797]]]}},
{"type":"Feature","properties":{},"geometry":{"type":"Polygon","coordinates":[[[4.893059,8.275537],[4.887793,8.281649],[4.89519,8.295005],[4.914347,8.296941],[4.911417,8.280723],[4.893059,8.275537]]]}},
{"type":"Feature","properties":{},"geometry":{"type":"Polygon","coordinates":[[[4.879443,9.669344],[4.872542,9.678714],[4.874693,9.697775],[4.905026,9.709781],[4.911129,9.704066],[4.911883,9.692699],[4.890489,9.670095],[4.879443,9.669344]]]}},
{"type":"Feature","properties":{},"geometry":{"type":"Polygon","coordinates":[[[5.235833,10.213486],[5.231656,10.201749],[5.209879,10.19135],[5.195698,10.213759],[5.195757,10.222278],[5.203979,10.226685],[5.202497,10.249415],[5.209461,10.249368],[5.231046,10.231775],[5.235833,10.213486]]]}},
{"type":"Feature","properties":{},"geometry":{"type":"Polygon","coordinates":[[[5.229935,9.799711],[5.198817,9.795045],[5.189463,9.80322],[5.179641,9.802472],[5.170687,9.809426],[5.165483,9.826906],[5.179452,9.836147],[5.189789,9.852716],[5.206187,9.857883],[5.229073,9.854082],[5.235983,9.847544],[5.24375,9.84668],[5.24937,9.830821],[5.246394,9.814207],[5.229935,9.799711]]]}},
{"type":"Feature","properties":{},"geometry":{"type":"Polygon","coordinates":[[[5.203484,9.569844],[5.193411,9.592628],[5.208617,9.605109],[5.204157,9.610818],[5.205447,9.620546],[5.227966,9.625676],[5.236181,9.631707],[5.248008,9.627168],[5.247529,9.616623],[5.232329,9.605361],[5.235888,9.587081],[5.223592,9.581887],[5.2137,9.569374],[5.203484,9.569844]]]}},
{"type":"Feature","properties":{},"geometry":{"type":"Polygon","coordinates":[[[5.243713,8.953308],[5.231904,8.957437],[5.231522,8.961496],[5.245159,8.989408],[5.239941,9.003639],[5.248143,9.010081],[5.274603,8.999372],[5.276958,8.984346],[5.267492,8.971421],[5.267038,8.964121],[5.243713,8.953308]]]}},
{"type":"Feature","properties":{},"geometry":{"type":"Polygon","coordinates":[[[5.219199,8.812468],[5.211935,8.825493],[5.211184,8.836453],[5.223878,8.844492],[5.2223,8.853427],[5.227253,8.863134],[5.23419,8.863498],[5.241488,8.856151],[5.241766,8.834647],[5.228602,8.816063],[5.219199,8.812468]]]}},
{"type":"Feature","properties":{},"geometry":{"type":"Polygon","coordinates":[[[5.223783,8.622153],[5.218951,8.632325],[5.23566,8.631415],[5.240113,8.626114],[5.223783,8.622153]]]}},
{"type":"Feature","properties":{},"geometry":{"type":"Polygon","coordinates":[[[5.239565,8.597635],[5.239972,8.602177],[5.25184,8.609818],[5.264045,8.605689],[5.268491,8.599172],[5.268059,8.595117],[5.239565,8.597635]]]}},
{"type":"Feature","properties":{},"geometry":{"type":"Polygon","coordinates":[[[5.493541,8.224574],[5.478413,8.214526],[5.451537,8.214285],[5.440659,8.233417],[5.462208,8.228013],[5.47365,8.234434],[5.474422,8.227533],[5.493541,8.224574]]]}},
{"type":"Feature","properties":{},"geometry":{"type":"Polygon","coordinates":[[[5.418251,8.231525],[5.405206,8.22917],[5.403607,8.234048],[5.397091,8.234086],[5.396314,8.240177],[5.41389,8.251024],[5.426521,8.252164],[5.424857,8.246495],[5.413434,8.242913],[5.418251,8.231525]]]}},
{"type":"Feature","properties":{},"geometry":{"type":"Polygon","coordinates":[[[5.288818,8.923416],[5.280712,8.931986],[5.284865,8.943727],[5.298397,8.954595],[5.29727,8.970019],[5.303844,8.97728],[5.321387,8.976766],[5.341896,8.99327],[5.339921,9.003425],[5.324833,9.005143],[5.325735,9.018525],[5.341291,9.026135],[5.358028,9.026838],[5.365826,9.033684],[5.394826,9.037553],[5.394356,9.028226],[5.375031,9.006038],[5.371674,8.991861],[5.341282,8.961225],[5.335056,8.94463],[5.317825,8.929727],[5.308026,8.92857],[5.298594,8.920921],[5.288818,8.923416]]]}},
{"type":"Feature","properties":{},"geometry":{"type":"Polygon","coordinates":[[[5.510255,8.970256],[5.502031,8.960981],[5.49551,8.961837],[5.49642,8.975623],[5.510777,8.986883],[5.512465,8.994985],[5.522732,9.004651],[5.530907,9.006623],[5.53197,8.983494],[5.526615,8.976229],[5.510255,8.970256]]]}},
{"type":"Feature","properties":{},"geometry":{"type":"Polygon","coordinates":[[[5.531679,9.231947],[5.525083,9.22307],[5.505855,9.217524],[5.4902,9.197351],[5.464769,9.180084],[5.445594,9.181835],[5.434229,9.191648],[5.437604,9.207445],[5.473173,9.214507],[5.490425,9.229396],[5.508008,9.233329],[5.514201,9.243021],[5.525233,9.244161],[5.531325,9.239657],[5.531679,9.231947]]]}},
{"type":"Feature","properties":{},"geometry":{"type":"Polygon","coordinates":[[[5.434138,9.237893],[5.438585,9.231373],[5.430775,9.223719],[5.430736,9.21804],[5.398014,9.209336],[5.389386,9.201279],[5.375123,9.20543],[5.380504,9.216348],[5.379788,9.231362],[5.391251,9.235749],[5.395397,9.245052],[5.392709,9.270221],[5.418484,9.277351],[5.424609,9.277308],[5.427434,9.272421],[5.442562,9.275158],[5.446592,9.267423],[5.451891,9.26617],[5.452198,9.251563],[5.447685,9.248349],[5.439124,9.250435],[5.434138,9.237893]]]}},
{"type":"Feature","properties":{},"geometry":{"type":"Polygon","coordinates":[[[5.32612,9.328268],[5.328111,9.320548],[5.324379,9.312052],[5.31781,9.30682],[5.306796,9.30892],[5.297708,9.293157],[5.296408,9.281806],[5.284524,9.275392],[5.275995,9.282749],[5.260868,9.28041],[5.258883,9.289348],[5.267164,9.306741],[5.292112,9.311856],[5.288484,9.319183],[5.302014,9.327207],[5.32612,9.328268]]]}},
{"type":"Feature","properties":{},"geometry":{"type":"Polygon","coordinates":[[[5.462119,9.442963],[5.459705,9.448253],[5.466308,9.457537],[5.481001,9.455407],[5.481337,9.445263],[5.462119,9.442963]]]}},
{"type":"Feature","properties":{},"geometry":{"type":"Polygon","coordinates":[[[5.503038,9.564364],[5.497693,9.559941],[5.495561,9.547787],[5.488605,9.54662],[5.478907,9.561699],[5.475758,9.578353],[5.480289,9.583188],[5.482044,9.599807],[5.500125,9.613061],[5.510707,9.6069],[5.510656,9.600005],[5.499132,9.589135],[5.503565,9.580585],[5.503038,9.564364]]]}},
{"type":"Feature","properties":{},"geometry":{"type":"Polygon","coordinates":[[[5.4271,9.632648],[5.411697,9.651012],[5.409368,9.668472],[5.419693,9.683003],[5.423761,9.680134],[5.423679,9.668776],[5.441952,9.651608],[5.441873,9.640656],[5.436918,9.633795],[5.4271,9.632648]]]}},
{"type":"Feature","properties":{},"geometry":{"type":"Polygon","coordinates":[[[5.384408,9.665399],[5.376794,9.687358],[5.385429,9.694194],[5.391662,9.70835],[5.403943,9.710293],[5.41165,9.70172],[5.409495,9.68632],[5.402528,9.683934],[5.396266,9.665722],[5.384408,9.665399]]]}},
{"type":"Feature","properties":{},"geometry":{"type":"Polygon","coordinates":[[[5.328967,9.629268],[5.310996,9.631822],[5.310621,9.636694],[5.322532,9.644727],[5.331528,9.645073],[5.335146,9.636123],[5.328967,9.629268]]]}},
{"type":"Feature","properties":{},"geometry":{"type":"Polygon","coordinates":[[[5.36044,9.628649],[5.348602,9.631164],[5.342132,9.64135],[5.341863,9.661636],[5.355879,9.678173],[5.370616,9.680909],[5.373424,9.673182],[5.364313,9.656613],[5.36623,9.638344],[5.36044,9.628649]]]}},
{"type":"Feature","properties":{},"geometry":{"type":"Polygon","coordinates":[[[5.351669,9.680366],[5.346254,9.685631],[5.332957,9.681034],[5.32738,9.689185],[5.328382,9.7027],[5.338571,9.704435],[5.345348,9.712142],[5.353845,9.705773],[5.363163,9.71292],[5.375298,9.707065],[5.376704,9.700385],[5.370799,9.687624],[5.351669,9.680366]]]}},
{"type":"Feature","properties":{},"geometry":{"type":"Polygon","coordinates":[[[5.389045,9.723648],[5.371321,9.710068],[5.365771,9.722006],[5.369999,9.728828],[5.364562,9.73103],[5.364055,9.736442],[5.368662,9.745424],[5.386523,9.752332],[5.39101,9.744368],[5.390558,9.73193],[5.389045,9.723648]]]}},
{"type":"Feature","properties":{},"geometry":{"type":"Polygon","coordinates":[[[5.4144,9.761962],[5.409259,9.754787],[5.39599,9.7547],[5.38498,9.765414],[5.380724,9.780408],[5.383172,9.792291],[5.393937,9.797985],[5.40313,9.812343],[5.411707,9.81697],[5.416959,9.814229],[5.41505,9.801623],[5.405834,9.784019],[5.4144,9.761962]]]}},
{"type":"Feature","properties":{},"geometry":{"type":"Polygon","coordinates":[[[5.291105,10.073548],[5.281699,10.074831],[5.269515,10.088708],[5.27656,10.10083],[5.288876,10.105613],[5.293067,10.119377],[5.307837,10.123735],[5.312724,10.120049],[5.310979,10.105052],[5.297778,10.090946],[5.299329,10.078764],[5.291105,10.073548]]]}},
{"type":"Feature","properties":{},"geometry":{"type":"Polygon","coordinates":[[[5.283059,10.151495],[5.23962,10.14652],[5.242574,10.159076],[5.25529,10.162235],[5.25415,10.174819],[5.264439,10.18205],[5.255908,10.191846],[5.24951,10.213798],[5.285929,10.209488],[5.283059,10.151495]]]}},
{"type":"Feature","properties":{},"geometry":{"type":"Polygon","coordinates":[[[5.423271,10.600954],[5.415052,10.598584],[5.407723,10.605129],[5.400747,10.604371],[5.386949,10.62273],[5.361974,10.627787],[5.357291,10.658652],[5.366751,10.662231],[5.385144,10.654384],[5.388447,10.657198],[5.419017,10.633437],[5.428294,10.613895],[5.423271,10.600954]]]}},
{"type":"Feature","properties":{},"geometry":{"type":"Polygon","coordinates":[[[5.588771,10.46214],[5.579289,10.455321],[5.577581,10.446817],[5.566901,10.443659],[5.543176,10.448718],[5.539174,10.460512],[5.521652,10.472819],[5.522239,10.494717],[5.527613,10.500353],[5.529345,10.511697],[5.537598,10.518526],[5.548267,10.520063],[5.585054,10.508002],[5.591953,10.499834],[5.595462,10.478309],[5.588771,10.46214]]]}},
{"type":"Feature","properties":{},"geometry":{"type":"Polygon","coordinates":[[[5.594106,9.748855],[5.584309,9.750957],[5.577836,9.75993],[5.578364,9.775338],[5.574696,9.776989],[5.560673,9.761276],[5.539858,9.7663],[5.534566,9.769584],[5.532992,9.777709],[5.553533,9.790129],[5.565145,9.811132],[5.571697,9.812299],[5.575733,9.805373],[5.586371,9.806104],[5.605724,9.822992],[5.611807,9.816455],[5.611737,9.807533],[5.59883,9.778022],[5.59866,9.756121],[5.594106,9.748855]]]}},
{"type":"Feature","properties":{},"geometry":{"type":"Polygon","coordinates":[[[5.588682,9.520133],[5.576796,9.515354],[5.567015,9.51867],[5.565314,9.509759],[5.558326,9.504133],[5.533449,9.510399],[5.535131,9.516877],[5.557311,9.532533],[5.567133,9.534489],[5.587547,9.53231],[5.592008,9.527815],[5.588682,9.520133]]]}},
{"type":"Feature","properties":{},"geometry":{"type":"Polygon","coordinates":[[[5.539079,9.49819],[5.54391,9.48842],[5.51926,9.469938],[5.497619,9.471715],[5.489974,9.487996],[5.499042,9.498882],[5.517807,9.494692],[5.523559,9.499113],[5.539079,9.49819]]]}},
{"type":"Feature","properties":{},"geometry":{"type":"Polygon","coordinates":[[[5.537593,9.462911],[5.533126,9.466593],[5.53604,9.473874],[5.556157,9.487113],[5.573712,9.485361],[5.579392,9.480046],[5.574411,9.469537],[5.567034,9.466346],[5.537593,9.462911]]]}},
{"type":"Feature","properties":{},"geometry":{"type":"Polygon","coordinates":[[[5.509619,9.37955],[5.499045,9.386115],[5.498692,9.393825],[5.509773,9.401048],[5.509831,9.40916],[5.524649,9.424469],[5.526342,9.432569],[5.539876,9.439774],[5.563943,9.435136],[5.571602,9.421289],[5.554629,9.390587],[5.54646,9.390646],[5.540011,9.402456],[5.523505,9.379452],[5.509619,9.37955]]]}},
{"type":"Feature","properties":{},"geometry":{"type":"Polygon","coordinates":[[[5.571969,8.846723],[5.55245,8.854971],[5.550054,8.862289],[5.558233,8.865477],[5.569609,8.859314],[5.573252,8.855233],[5.571969,8.846723]]]}},
{"type":"Feature","properties":{},"geometry":{"type":"Polygon","coordinates":[[[5.649508,9.051418],[5.646495,9.029942],[5.635863,9.026773],[5.6268,9.01467],[5.620668,9.013092],[5.609263,9.015608],[5.606494,9.027796],[5.601155,9.022967],[5.584421,9.022272],[5.581632,9.031621],[5.582118,9.042569],[5.600558,9.053392],[5.603537,9.070406],[5.610914,9.074816],[5.620261,9.069475],[5.639503,9.078258],[5.656224,9.076922],[5.656099,9.059887],[5.649508,9.051418]]]}},
{"type":"Feature","properties":{},"geometry":{"type":"Polygon","coordinates":[[[5.816081,9.06518],[5.798978,9.069367],[5.804364,9.079871],[5.819127,9.089488],[5.826866,9.087805],[5.822659,9.071617],[5.816081,9.06518]]]}},
{"type":"Feature","properties":{},"geometry":{"type":"Polygon","coordinates":[[[5.743971,9.343541],[5.733042,9.355793],[5.732276,9.362288],[5.749557,9.378781],[5.748396,9.386902],[5.755386,9.392931],[5.766006,9.393252],[5.779003,9.384229],[5.783932,9.38784],[5.801903,9.388105],[5.814937,9.383946],[5.813601,9.370168],[5.799131,9.347977],[5.776192,9.338828],[5.743971,9.343541]]]}},
{"type":"Feature","properties":{},"geometry":{"type":"Polygon","coordinates":[[[5.774335,9.515259],[5.769967,9.48001],[5.75687,9.476869],[5.728864,9.447889],[5.71161,9.435449],[5.703432,9.434294],[5.694048,9.435583],[5.684327,9.446203],[5.665479,9.438641],[5.642649,9.44449],[5.631291,9.455121],[5.612139,9.461351],[5.600765,9.469952],[5.586431,9.46519],[5.578454,9.491207],[5.583424,9.500095],[5.607556,9.503567],[5.644424,9.516268],[5.675869,9.514407],[5.693914,9.523189],[5.714779,9.526677],[5.726163,9.519695],[5.737364,9.489596],[5.74389,9.488328],[5.761655,9.513331],[5.774335,9.515259]]]}},
{"type":"Feature","properties":{},"geometry":{"type":"Polygon","coordinates":[[[5.638389,9.52848],[5.628475,9.51436],[5.601944,9.517805],[5.600407,9.530796],[5.609455,9.538434],[5.61637,9.534327],[5.620901,9.53916],[5.621019,9.554571],[5.62023,9.558227],[5.613674,9.555845],[5.600282,9.568112],[5.600019,9.587178],[5.587771,9.588891],[5.582219,9.611241],[5.587219,9.623778],[5.612203,9.630486],[5.641003,9.655005],[5.65451,9.657336],[5.658945,9.649596],[5.654693,9.628538],[5.670645,9.630038],[5.68158,9.61738],[5.680692,9.608464],[5.710445,9.598497],[5.711133,9.582269],[5.716079,9.587503],[5.73445,9.585332],[5.738828,9.570697],[5.727213,9.548887],[5.691597,9.540242],[5.681871,9.550457],[5.669059,9.531899],[5.654298,9.525115],[5.638389,9.52848]]]}},
{"type":"Feature","properties":{},"geometry":{"type":"Polygon","coordinates":[[[5.82314,9.538388],[5.78913,9.526091],[5.75605,9.52757],[5.750814,9.536941],[5.754161,9.546647],[5.75098,9.557622],[5.756347,9.564474],[5.754406,9.577061],[5.75853,9.581894],[5.783458,9.582101],[5.796652,9.596595],[5.802332,9.591683],[5.812169,9.595253],[5.821951,9.592333],[5.823103,9.583402],[5.829643,9.583754],[5.83407,9.575608],[5.828092,9.54443],[5.82314,9.538388]]]}},
{"type":"Feature","properties":{},"geometry":{"type":"Polygon","coordinates":[[[5.779361,9.658489],[5.773351,9.645651],[5.751133,9.627174],[5.739691,9.627265],[5.731609,9.638685],[5.723818,9.635502],[5.716109,9.642457],[5.71461,9.659502],[5.728532,9.662637],[5.743113,9.696589],[5.739066,9.701488],[5.734441,9.685708],[5.720846,9.672431],[5.707345,9.670915],[5.699232,9.678684],[5.698972,9.697343],[5.70803,9.705383],[5.711898,9.728876],[5.718508,9.73734],[5.739795,9.740821],[5.757302,9.732162],[5.762231,9.734961],[5.765618,9.749128],[5.781517,9.743727],[5.785315,9.70882],[5.772109,9.693516],[5.76665,9.675715],[5.779361,9.658489]]]}},
{"type":"Feature","properties":{},"geometry":{"type":"Polygon","coordinates":[[[5.625523,9.661817],[5.59411,9.669762],[5.587623,9.676706],[5.594372,9.703831],[5.61539,9.725575],[5.670218,9.731233],[5.683985,9.714497],[5.683688,9.677186],[5.667738,9.676094],[5.65635,9.683482],[5.653454,9.679043],[5.639978,9.680769],[5.635355,9.66458],[5.625523,9.661817]]]}},
{"type":"Feature","properties":{},"geometry":{"type":"Polygon","coordinates":[[[5.775738,9.786356],[5.769799,9.760449],[5.759948,9.755662],[5.748536,9.759813],[5.735384,9.751402],[5.724784,9.755136],[5.695268,9.74523],[5.694179,9.762273],[5.704131,9.779633],[5.697298,9.794288],[5.697381,9.804426],[5.711042,9.825002],[5.72294,9.829774],[5.731434,9.81835],[5.746124,9.814582],[5.757093,9.805975],[5.757454,9.800294],[5.767655,9.797777],[5.775738,9.786356]]]}},
{"type":"Feature","properties":{},"geometry":{"type":"Polygon","coordinates":[[[5.685081,9.749368],[5.665451,9.74871],[5.65005,9.765865],[5.6431,9.765919],[5.636884,9.755421],[5.627461,9.753061],[5.618134,9.762868],[5.616965,9.770178],[5.639257,9.797178],[5.63815,9.812194],[5.654223,9.827887],[5.658838,9.842452],[5.682259,9.856056],[5.696951,9.852287],[5.70012,9.83969],[5.700077,9.834418],[5.679927,9.820385],[5.669551,9.801404],[5.673478,9.781094],[5.688072,9.765567],[5.685081,9.749368]]]}},
{"type":"Feature","properties":{},"geometry":{"type":"Polygon","coordinates":[[[5.706685,9.942245],[5.703097,9.95363],[5.718759,9.967699],[5.729399,9.968017],[5.732577,9.956636],[5.714866,9.942179],[5.706685,9.942245]]]}},
{"type":"Feature","properties":{},"geometry":{"type":"Polygon","coordinates":[[[5.720458,10.121999],[5.714247,10.113534],[5.705629,10.110765],[5.686851,10.116599],[5.683692,10.130414],[5.686651,10.141746],[5.67452,10.15969],[5.67746,10.168588],[5.692281,10.178605],[5.683916,10.206254],[5.691349,10.213897],[5.6986,10.248309],[5.710494,10.250644],[5.723305,10.264326],[5.730251,10.262645],[5.737118,10.251638],[5.756728,10.246605],[5.775871,10.235087],[5.777036,10.227778],[5.776567,10.220887],[5.767099,10.214884],[5.758114,10.217394],[5.754405,10.214587],[5.759226,10.204002],[5.755434,10.191462],[5.768445,10.181213],[5.765909,10.171907],[5.753917,10.157815],[5.742044,10.157509],[5.737459,10.147814],[5.740224,10.136031],[5.735244,10.127961],[5.720458,10.121999]]]}},
{"type":"Feature","properties":{},"geometry":{"type":"Polygon","coordinates":[[[5.804462,10.320003],[5.796218,10.313991],[5.77987,10.317782],[5.777552,10.333617],[5.751541,10.356552],[5.748837,10.375231],[5.767909,10.401425],[5.774463,10.401368],[5.784186,10.389119],[5.816199,10.396139],[5.829664,10.390342],[5.834996,10.345688],[5.821399,10.336482],[5.806743,10.346343],[5.798139,10.346012],[5.7993,10.338297],[5.807023,10.331742],[5.804462,10.320003]]]}},
{"type":"Feature","properties":{},"geometry":{"type":"Polygon","coordinates":[[[5.717395,10.481144],[5.717908,10.4929],[5.741008,10.510141],[5.743355,10.497549],[5.73713,10.488681],[5.717395,10.481144]]]}},
{"type":"Feature","properties":{},"geometry":{"type":"Polygon","coordinates":[[[5.941828,10.66445],[5.939044,10.673397],[5.950596,10.680992],[5.951283,10.667199],[5.941828,10.66445]]]}},
{"type":"Feature","properties":{},"geometry":{"type":"Polygon","coordinates":[[[5.949008,10.428599],[5.947856,10.43672],[5.957311,10.44028],[5.959235,10.427286],[5.949008,10.428599]]]}},
{"type":"Feature","properties":{},"geometry":{"type":"Polygon","coordinates":[[[5.907746,10.357915],[5.850993,10.377077],[5.839208,10.387319],[5.835682,10.405192],[5.848446,10.412379],[5.857871,10.4127],[5.875298,10.39227],[5.883053,10.389362],[5.892938,10.395353],[5.901509,10.392032],[5.902678,10.385534],[5.911616,10.377749],[5.913952,10.364752],[5.907746,10.357915]]]}},
{"type":"Feature","properties":{},"geometry":{"type":"Polygon","coordinates":[[[5.94359,10.336911],[5.937846,10.335746],[5.919127,10.348486],[5.922669,10.377244],[5.934944,10.375915],[5.941409,10.366531],[5.94359,10.336911]]]}},
{"type":"Feature","properties":{},"geometry":{"type":"Polygon","coordinates":[[[5.883732,10.284331],[5.86503,10.299095],[5.86752,10.302723],[5.841333,10.30498],[5.831166,10.312774],[5.814349,10.309679],[5.810717,10.315793],[5.812431,10.324294],[5.83957,10.336626],[5.853833,10.328796],[5.874056,10.346054],[5.907642,10.346562],[5.907057,10.327509],[5.880357,10.318423],[5.88395,10.308253],[5.896233,10.308142],[5.898246,10.304475],[5.891503,10.283449],[5.883732,10.284331]]]}},
{"type":"Feature","properties":{},"geometry":{"type":"Polygon","coordinates":[[[5.948415,10.283343],[5.941808,10.277321],[5.928707,10.27744],[5.913675,10.290144],[5.913794,10.303119],[5.926163,10.312334],[5.943728,10.307715],[5.949599,10.322663],[5.955362,10.325854],[5.955892,10.338824],[5.967869,10.349662],[5.96878,10.359384],[5.975358,10.362162],[5.974187,10.368255],[5.993882,10.372127],[6.008947,10.363067],[6.024507,10.362919],[6.032989,10.350676],[6.041654,10.357487],[6.063709,10.351602],[6.062776,10.339854],[6.05201,10.327387],[6.051806,10.306306],[6.045614,10.301093],[6.032089,10.299597],[6.024218,10.289941],[6.00867,10.290899],[5.990604,10.285389],[5.985706,10.287056],[5.983736,10.295183],[5.988346,10.306494],[5.980613,10.31143],[5.969919,10.306257],[5.973554,10.300953],[5.97256,10.282311],[5.948415,10.283343]]]}},
{"type":"Feature","properties":{},"geometry":{"type":"Polygon","coordinates":[[[5.900561,10.244035],[5.883793,10.245808],[5.882232,10.254337],[5.896622,10.261101],[5.902686,10.252532],[5.900561,10.244035]]]}},
{"type":"Feature","properties":{},"geometry":{"type":"Polygon","coordinates":[[[5.9647,10.141074],[5.958201,10.146403],[5.961576,10.157321],[5.943533,10.153431],[5.93627,10.16485],[5.943317,10.174518],[5.965945,10.187287],[5.972895,10.186413],[6.002532,10.160599],[6.003692,10.15329],[5.988828,10.139234],[5.9647,10.141074]]]}},
{"type":"Feature","properties":{},"geometry":{"type":"Polygon","coordinates":[[[6.12199,9.986773],[6.1228,9.94298],[6.106669,9.923668],[6.09603,9.922955],[6.086721,9.933177],[6.08222,9.932814],[6.092125,9.899071],[6.0884,9.89424],[6.069886,9.881843],[6.045887,9.89544],[6.037164,9.925117],[6.040912,9.932381],[6.053334,9.948891],[6.060695,9.948825],[6.068124,9.956055],[6.079986,9.95635],[6.086655,9.969668],[6.087228,9.987096],[6.079653,10.007844],[6.083422,10.017133],[6.09406,10.017439],[6.103007,10.012086],[6.12199,9.986773]]]}},
{"type":"Feature","properties":{},"geometry":{"type":"Polygon","coordinates":[[[6.120235,9.844688],[6.118902,9.833348],[6.110685,9.828964],[6.092298,9.829942],[6.090989,9.821034],[6.085642,9.817435],[6.045895,9.807254],[6.04306,9.810117],[6.048114,9.826291],[6.044535,9.837269],[6.028595,9.837818],[6.0119,9.845266],[6.009963,9.857043],[6.017864,9.871567],[6.02645,9.87149],[6.030903,9.866584],[6.039986,9.876234],[6.063253,9.87197],[6.070045,9.85488],[6.066246,9.84194],[6.074006,9.841058],[6.076945,9.849546],[6.086809,9.855131],[6.089864,9.875779],[6.100145,9.882171],[6.110493,9.852075],[6.120235,9.844688]]]}},
{"type":"Feature","properties":{},"geometry":{"type":"Polygon","coordinates":[[[6.0135,9.796191],[6.010424,9.772296],[5.998987,9.773208],[5.990924,9.785848],[5.977865,9.788395],[5.973434,9.795733],[5.961174,9.796245],[5.95335,9.789826],[5.950393,9.778904],[5.917793,9.743907],[5.899305,9.733116],[5.884259,9.742165],[5.887648,9.755923],[5.932532,9.793252],[5.934747,9.812696],[5.953796,9.840103],[5.963199,9.84002],[5.977385,9.826109],[5.989675,9.82884],[5.995712,9.818245],[5.992796,9.812188],[5.996858,9.809313],[6.0121,9.822153],[6.027998,9.817145],[6.022497,9.796515],[6.0135,9.796191]]]}},
{"type":"Feature","properties":{},"geometry":{"type":"Polygon","coordinates":[[[5.899384,9.647148],[5.880996,9.647303],[5.864479,9.675422],[5.851014,9.677967],[5.838096,9.697133],[5.838549,9.702401],[5.823454,9.70577],[5.799215,9.740036],[5.791482,9.744154],[5.786414,9.773799],[5.7906,9.785526],[5.788239,9.796495],[5.783002,9.805866],[5.76634,9.818167],[5.768431,9.823828],[5.757982,9.845813],[5.762571,9.856725],[5.758208,9.872983],[5.767009,9.89846],[5.787591,9.914107],[5.798627,9.913205],[5.827016,9.884983],[5.830925,9.863863],[5.829445,9.834273],[5.839695,9.837431],[5.848226,9.830871],[5.850422,9.800845],[5.856831,9.785381],[5.856655,9.764702],[5.845394,9.738436],[5.862038,9.724915],[5.866369,9.705414],[5.870913,9.711054],[5.880282,9.707325],[5.893543,9.680853],[5.901132,9.660514],[5.899384,9.647148]]]}},
{"type":"Feature","properties":{},"geometry":{"type":"Polygon","coordinates":[[[5.847649,9.56911],[5.836787,9.589475],[5.845121,9.608873],[5.843595,9.621863],[5.836662,9.623541],[5.828379,9.610226],[5.811566,9.603066],[5.801783,9.605984],[5.800607,9.612076],[5.789242,9.621495],[5.788498,9.630423],[5.793442,9.63525],[5.818818,9.63991],[5.828328,9.653213],[5.855261,9.648531],[5.87228,9.631359],[5.871762,9.618387],[5.867641,9.614365],[5.873259,9.602153],[5.869384,9.578665],[5.862377,9.571423],[5.854642,9.574731],[5.847649,9.56911]]]}},
{"type":"Feature","properties":{},"geometry":{"type":"Polygon","coordinates":[[[5.906248,9.589711],[5.897696,9.593026],[5.893299,9.604417],[5.898402,9.627894],[5.918462,9.632186],[5.932431,9.64099],[5.95,9.640838],[5.954452,9.635934],[5.952142,9.605137],[5.94477,9.603173],[5.928062,9.608181],[5.921818,9.594852],[5.906248,9.589711]]]}},
{"type":"Feature","properties":{},"geometry":{"type":"Polygon","coordinates":[[[6.001636,9.611605],[5.991487,9.618992],[5.990386,9.633193],[5.983398,9.628387],[5.971549,9.628489],[5.965537,9.641921],[5.981704,9.668138],[5.990751,9.674548],[5.996422,9.668822],[6.009479,9.666681],[6.028121,9.649485],[6.040765,9.646941],[6.034926,9.633612],[6.015236,9.624866],[6.0139,9.612308],[6.001636,9.611605]]]}},
{"type":"Feature","properties":{},"geometry":{"type":"Polygon","coordinates":[[[5.998054,9.575954],[5.994459,9.585312],[6.005166,9.59495],[6.024373,9.595592],[6.025971,9.591522],[6.016837,9.57498],[6.009446,9.570585],[5.998054,9.575954]]]}},
{"type":"Feature","properties":{},"geometry":{"type":"Polygon","coordinates":[[[6.029203,9.494995],[6.023919,9.497878],[6.019977,9.514131],[6.020994,9.536828],[6.024712,9.541661],[6.041426,9.537868],[6.054526,9.540997],[6.057703,9.530833],[6.049878,9.523603],[6.04809,9.506184],[6.039438,9.497745],[6.029203,9.494995]]]}},
{"type":"Feature","properties":{},"geometry":{"type":"Polygon","coordinates":[[[6.03663,9.457222],[6.024032,9.464224],[6.022488,9.474374],[6.028713,9.485673],[6.044697,9.492023],[6.056497,9.487054],[6.061426,9.490256],[6.063168,9.502404],[6.073019,9.507994],[6.103174,9.500427],[6.107487,9.480523],[6.095105,9.466036],[6.065304,9.467111],[6.050922,9.457099],[6.03663,9.457222]]]}},
{"type":"Feature","properties":{},"geometry":{"type":"Polygon","coordinates":[[[6.022995,9.485723],[6.018432,9.477653],[6.01312,9.477294],[6.004326,9.452231],[5.970338,9.44157],[5.936497,9.447939],[5.920897,9.438336],[5.914281,9.428659],[5.904535,9.435226],[5.912536,9.463952],[5.910198,9.477353],[5.903177,9.468084],[5.895169,9.438547],[5.870902,9.417662],[5.85411,9.411917],[5.831756,9.425073],[5.813946,9.444683],[5.814881,9.459275],[5.822308,9.468542],[5.856403,9.491788],[5.856487,9.501924],[5.869359,9.526962],[5.865133,9.559032],[5.879122,9.570677],[5.894577,9.562436],[5.894426,9.544595],[5.901343,9.541294],[5.902513,9.534796],[5.928719,9.541876],[5.941469,9.551907],[5.95741,9.552985],[5.977496,9.560925],[5.984004,9.557625],[5.98961,9.544602],[5.981753,9.533721],[5.994359,9.527126],[6.003756,9.527451],[6.012631,9.514804],[6.011332,9.506301],[5.969631,9.501791],[5.965913,9.496956],[5.968305,9.490043],[5.956772,9.478787],[5.955041,9.467448],[5.962814,9.469004],[5.987545,9.495151],[6.014116,9.497762],[6.022995,9.485723]]]}},
{"type":"Feature","properties":{},"geometry":{"type":"Polygon","coordinates":[[[6.032251,9.423403],[6.032549,9.410832],[6.024679,9.397924],[6.011597,9.39601],[6.003282,9.378646],[5.967154,9.355431],[5.957764,9.355509],[5.948899,9.36937],[5.957243,9.390386],[5.94659,9.386016],[5.935195,9.390572],[5.937992,9.38325],[5.917033,9.367202],[5.883544,9.366259],[5.874529,9.362278],[5.864026,9.376152],[5.901451,9.408286],[5.920643,9.408128],[5.934629,9.420178],[5.987334,9.423383],[5.997905,9.418023],[6.01228,9.427631],[6.032251,9.423403]]]}},
{"type":"Feature","properties":{},"geometry":{"type":"Polygon","coordinates":[[[5.8838,9.29813],[5.875463,9.32699],[5.88166,9.335861],[5.89025,9.337818],[5.902397,9.325554],[5.916344,9.333551],[5.930211,9.331815],[5.928895,9.320878],[5.907529,9.304425],[5.895213,9.296009],[5.8838,9.29813]]]}},
{"type":"Feature","properties":{},"geometry":{"type":"Polygon","coordinates":[[[5.857385,9.262657],[5.850064,9.265959],[5.846896,9.27815],[5.860894,9.292638],[5.866981,9.288129],[5.865687,9.279624],[5.869713,9.272697],[5.866392,9.26583],[5.857385,9.262657]]]}},
{"type":"Feature","properties":{},"geometry":{"type":"Polygon","coordinates":[[[5.906,9.267536],[5.900352,9.275693],[5.914355,9.290583],[5.925407,9.294142],[5.932309,9.289626],[5.942177,9.29806],[5.960085,9.291827],[5.958363,9.281299],[5.948912,9.273674],[5.936215,9.268508],[5.926051,9.273457],[5.917463,9.271499],[5.915787,9.266241],[5.906,9.267536]]]}},
{"type":"Feature","properties":{},"geometry":{"type":"Polygon","coordinates":[[[5.929565,9.204695],[5.918589,9.210056],[5.915404,9.219814],[5.916271,9.225889],[5.928197,9.236742],[5.936322,9.232215],[5.938693,9.222868],[5.929565,9.204695]]]}},
{"type":"Feature","properties":{},"geometry":{"type":"Polygon","coordinates":[[[5.901514,9.117736],[5.899154,9.128703],[5.911474,9.138337],[5.914485,9.157372],[5.92676,9.161329],[5.962558,9.14806],[5.95792,9.129851],[5.944811,9.12347],[5.928073,9.12239],[5.925582,9.117138],[5.901514,9.117736]]]}},
{"type":"Feature","properties":{},"geometry":{"type":"Polygon","coordinates":[[[5.87499,8.592788],[5.866856,8.594877],[5.865272,8.600972],[5.871825,8.605383],[5.877887,8.598848],[5.87499,8.592788]]]}},
{"type":"Feature","properties":{},"geometry":{"type":"Polygon","coordinates":[[[6.153565,8.89711],[6.14096,8.900868],[6.138995,8.909398],[6.12844,8.914759],[6.128934,8.924891],[6.139136,8.92602],[6.154984,8.919802],[6.157667,8.899914],[6.153565,8.89711]]]}},
{"type":"Feature","properties":{},"geometry":{"type":"Polygon","coordinates":[[[6.258863,9.047415],[6.246105,9.034555],[6.22533,9.03717],[6.227077,9.050126],[6.24017,9.054877],[6.248843,9.066962],[6.256169,9.065276],[6.258863,9.047415]]]}},
{"type":"Feature","properties":{},"geometry":{"type":"Polygon","coordinates":[[[6.132703,9.401444],[6.119125,9.389806],[6.107724,9.39315],[6.103276,9.398053],[6.105397,9.406955],[6.100614,9.41997],[6.11622,9.429969],[6.110616,9.442587],[6.116008,9.451865],[6.144607,9.453637],[6.150654,9.445068],[6.150544,9.432907],[6.14349,9.420402],[6.129098,9.409179],[6.132703,9.401444]]]}},
{"type":"Feature","properties":{},"geometry":{"type":"Polygon","coordinates":[[[6.291117,9.489181],[6.274459,9.454882],[6.249831,9.440922],[6.231577,9.453657],[6.222577,9.451712],[6.208827,9.466028],[6.194946,9.466156],[6.183206,9.477208],[6.180873,9.489797],[6.189459,9.490935],[6.19446,9.501836],[6.211243,9.506141],[6.242573,9.494094],[6.264109,9.52592],[6.272275,9.525843],[6.279979,9.520095],[6.283838,9.496546],[6.291117,9.489181]]]}},
{"type":"Feature","properties":{},"geometry":{"type":"Polygon","coordinates":[[[6.256073,9.539777],[6.247798,9.528504],[6.233437,9.521339],[6.200811,9.526102],[6.199322,9.541522],[6.205509,9.54795],[6.211435,9.570191],[6.206072,9.564566],[6.198309,9.564232],[6.194486,9.548457],[6.187082,9.542849],[6.178109,9.544147],[6.17123,9.551101],[6.15359,9.542747],[6.152221,9.571544],[6.144506,9.576481],[6.143333,9.582168],[6.150819,9.596694],[6.143625,9.613788],[6.151502,9.626282],[6.161752,9.630243],[6.168644,9.624504],[6.1744,9.584721],[6.187078,9.586227],[6.197448,9.603159],[6.210125,9.604662],[6.225588,9.598436],[6.229191,9.590701],[6.246699,9.584862],[6.248591,9.569035],[6.233293,9.549313],[6.235709,9.545642],[6.252063,9.547517],[6.256073,9.539777]]]}},
{"type":"Feature","properties":{},"geometry":{"type":"Polygon","coordinates":[[[6.094933,9.515096],[6.066444,9.526297],[6.06326,9.53565],[6.078058,9.546061],[6.101768,9.548282],[6.097764,9.557236],[6.081876,9.561839],[6.07075,9.550991],[6.049482,9.547934],[6.029586,9.561487],[6.030159,9.580133],[6.052797,9.598992],[6.062397,9.621613],[6.043092,9.655841],[6.039649,9.681821],[6.052444,9.695899],[6.080613,9.692808],[6.103156,9.700308],[6.137066,9.699595],[6.145159,9.691006],[6.142118,9.671574],[6.110033,9.64835],[6.107114,9.64189],[6.093238,9.643635],[6.088693,9.638],[6.098052,9.633862],[6.103289,9.625707],[6.103509,9.605027],[6.117844,9.608953],[6.13641,9.584461],[6.14228,9.556433],[6.140122,9.543884],[6.133903,9.533805],[6.108859,9.519432],[6.094933,9.515096]]]}},
{"type":"Feature","properties":{},"geometry":{"type":"Polygon","coordinates":[[[5.925775,9.650981],[5.911466,9.65029],[5.906615,9.656413],[5.910401,9.668952],[5.90352,9.676715],[5.893176,9.709647],[5.898988,9.720142],[5.912934,9.725701],[5.923279,9.740211],[5.940901,9.745332],[5.94889,9.770807],[5.96495,9.784048],[5.975975,9.782735],[6.00025,9.754546],[6.013325,9.754025],[6.024407,9.759195],[6.022422,9.765701],[6.026999,9.77458],[6.032736,9.77615],[6.039827,9.791901],[6.046007,9.797117],[6.068541,9.802591],[6.099601,9.801901],[6.113149,9.808264],[6.121702,9.804943],[6.135618,9.806842],[6.142879,9.796639],[6.162813,9.786722],[6.179168,9.787381],[6.201782,9.801359],[6.215296,9.804067],[6.225509,9.803563],[6.234433,9.796588],[6.227305,9.778007],[6.220696,9.770773],[6.214174,9.772457],[6.209107,9.755479],[6.19307,9.74509],[6.175491,9.744442],[6.156572,9.731644],[6.136141,9.731835],[6.136084,9.725753],[6.117144,9.710519],[6.103258,9.711456],[6.080535,9.729096],[6.072972,9.751059],[6.063684,9.763306],[6.056224,9.752021],[6.055236,9.733378],[6.040307,9.709589],[6.017854,9.712221],[6.010816,9.702147],[5.981361,9.698755],[5.971489,9.691542],[5.965104,9.709032],[5.9697,9.720345],[5.961178,9.727312],[5.950413,9.711593],[5.95116,9.703477],[5.958064,9.69855],[5.958754,9.683947],[5.952966,9.676293],[5.937811,9.672369],[5.941432,9.665851],[5.934324,9.647258],[5.925775,9.650981]]]}},
{"type":"Feature","properties":{},"geometry":{"type":"Polygon","coordinates":[[[6.308977,9.812894],[6.282009,9.813561],[6.269829,9.821788],[6.270774,9.83475],[6.278627,9.843592],[6.278718,9.852915],[6.287871,9.869039],[6.300959,9.869721],[6.312298,9.859072],[6.308931,9.849376],[6.316159,9.836335],[6.314366,9.820543],[6.308977,9.812894]]]}},
{"type":"Feature","properties":{},"geometry":{"type":"Polygon","coordinates":[[[6.26684,9.836545],[6.256312,9.846646],[6.262442,9.86037],[6.26708,9.860866],[6.274664,9.856197],[6.275679,9.84862],[6.273692,9.840532],[6.26684,9.836545]]]}},
{"type":"Feature","properties":{},"geometry":{"type":"Polygon","coordinates":[[[6.25736,9.870147],[6.244994,9.859726],[6.229557,9.869603],[6.226158,9.898418],[6.235636,9.90603],[6.247488,9.905511],[6.245972,9.917686],[6.249732,9.925757],[6.273172,9.939312],[6.278556,9.905208],[6.25736,9.870147]]]}},
{"type":"Feature","properties":{},"geometry":{"type":"Polygon","coordinates":[[[6.183936,9.886862],[6.164232,9.878534],[6.161081,9.891132],[6.185495,9.921307],[6.160948,9.919917],[6.156529,9.928066],[6.156755,9.951578],[6.161767,9.962477],[6.169135,9.963218],[6.159123,9.985205],[6.168698,10.002546],[6.168065,10.021606],[6.180417,10.030002],[6.193005,10.020558],[6.182401,9.981742],[6.197,9.969035],[6.211724,9.969298],[6.211573,9.953895],[6.19845,9.949968],[6.210668,9.944985],[6.215023,9.930348],[6.183936,9.886862]]]}},
{"type":"Feature","properties":{},"geometry":{"type":"Polygon","coordinates":[[[6.260352,10.006932],[6.247661,9.964491],[6.237824,9.962154],[6.233366,9.96625],[6.233438,9.973547],[6.223356,9.987832],[6.225652,10.013349],[6.217549,10.021131],[6.217947,10.06126],[6.221708,10.06933],[6.216143,10.085601],[6.222443,10.10216],[6.229441,10.10655],[6.239972,10.095908],[6.241701,10.064271],[6.237125,10.056614],[6.241462,10.040356],[6.248836,10.041501],[6.251825,10.054038],[6.260483,10.060845],[6.265403,10.062012],[6.274711,10.052191],[6.281349,10.061448],[6.299798,10.065722],[6.302607,10.060425],[6.295481,10.043471],[6.289392,10.007454],[6.260352,10.006932]]]}},
{"type":"Feature","properties":{},"geometry":{"type":"Polygon","coordinates":[[[6.285921,10.068698],[6.275664,10.065558],[6.251189,10.072286],[6.248092,10.089747],[6.254276,10.094551],[6.270556,10.086284],[6.276302,10.088253],[6.286437,10.079232],[6.285921,10.068698]]]}},
{"type":"Feature","properties":{},"geometry":{"type":"Polygon","coordinates":[[[6.161682,10.038289],[6.150643,10.0388],[6.145023,10.049801],[6.14008,10.046199],[6.130318,10.051967],[6.13252,10.068163],[6.144846,10.073722],[6.150746,10.091503],[6.178979,10.092043],[6.172994,10.107505],[6.180899,10.120807],[6.198491,10.120638],[6.201719,10.116148],[6.196266,10.061066],[6.180683,10.057162],[6.161682,10.038289]]]}},
{"type":"Feature","properties":{},"geometry":{"type":"Polygon","coordinates":[[[6.062888,10.059086],[6.05554,10.060775],[6.046283,10.077077],[6.043315,10.109541],[6.074664,10.13601],[6.089378,10.134248],[6.093438,10.130966],[6.093345,10.121237],[6.102451,10.132098],[6.113521,10.134426],[6.135969,10.128538],[6.136276,10.117994],[6.117681,10.099115],[6.107804,10.093127],[6.095578,10.098106],[6.077504,10.090574],[6.077328,10.071925],[6.062888,10.059086]]]}},
{"type":"Feature","properties":{},"geometry":{"type":"Polygon","coordinates":[[[6.187334,10.233243],[6.179919,10.22845],[6.167237,10.228978],[6.16308,10.222532],[6.15167,10.227508],[6.148344,10.222271],[6.137295,10.222378],[6.130015,10.231367],[6.130287,10.258933],[6.108363,10.277386],[6.109296,10.289134],[6.115063,10.292728],[6.12772,10.289364],[6.135558,10.29537],[6.15435,10.291537],[6.17078,10.297052],[6.188353,10.294041],[6.189402,10.276194],[6.199013,10.25502],[6.198109,10.246515],[6.190288,10.242133],[6.187334,10.233243]]]}},
{"type":"Feature","properties":{},"geometry":{"type":"Polygon","coordinates":[[[6.201382,10.606871],[6.185252,10.59244],[6.178257,10.589673],[6.168462,10.59342],[6.1673,10.599917],[6.176464,10.61442],[6.185491,10.615545],[6.189242,10.621588],[6.20278,10.623072],[6.201382,10.606871]]]}},
{"type":"Feature","properties":{},"geometry":{"type":"Polygon","coordinates":[[[6.291121,9.380549],[6.292203,9.397868],[6.299637,9.406919],[6.285878,9.408872],[6.286839,9.413423],[6.295131,9.416082],[6.307045,9.413235],[6.308926,9.417778],[6.319955,9.418587],[6.308596,9.383123],[6.291121,9.380549]]]}},
{"type":"Feature","properties":{},"geometry":{"type":"Polygon","coordinates":[[[6.525624,9.383153],[6.523077,9.373453],[6.511448,9.373567],[6.510364,9.38756],[6.514123,9.396034],[6.525624,9.383153]]]}},
{"type":"Feature","properties":{},"geometry":{"type":"Polygon","coordinates":[[[6.758043,9.424516],[6.728524,9.411459],[6.719858,9.402436],[6.709454,9.402545],[6.697917,9.411174],[6.661853,9.415806],[6.64242,9.430595],[6.639455,9.439744],[6.641387,9.448842],[6.659331,9.46689],[6.67464,9.467335],[6.693233,9.488414],[6.705554,9.495577],[6.725229,9.503271],[6.743599,9.50368],[6.750905,9.499955],[6.760126,9.503502],[6.771072,9.4967],[6.784112,9.457664],[6.777879,9.447399],[6.752693,9.439159],[6.762413,9.43237],[6.758043,9.424516]]]}},
{"type":"Feature","properties":{},"geometry":{"type":"Polygon","coordinates":[[[6.438238,9.460616],[6.435904,9.472191],[6.423688,9.47535],[6.420705,9.483282],[6.424427,9.48811],[6.459367,9.491416],[6.469745,9.488272],[6.454206,9.465325],[6.438238,9.460616]]]}},
{"type":"Feature","properties":{},"geometry":{"type":"Polygon","coordinates":[[[6.489685,9.461932],[6.486184,9.478988],[6.490606,9.492319],[6.487,9.499042],[6.491366,9.506901],[6.521531,9.522406],[6.557575,9.514136],[6.568528,9.507338],[6.56584,9.484265],[6.555993,9.479502],[6.5272,9.477972],[6.489685,9.461932]]]}},
{"type":"Feature","properties":{},"geometry":{"type":"Polygon","coordinates":[[[6.523077,9.526387],[6.496932,9.510418],[6.487454,9.50885],[6.49056,9.516865],[6.504014,9.519493],[6.516315,9.527656],[6.523077,9.526387]]]}},
{"type":"Feature","properties":{},"geometry":{"type":"Polygon","coordinates":[[[6.614813,9.545616],[6.590732,9.533081],[6.584663,9.525399],[6.580874,9.527419],[6.584866,9.544668],[6.614813,9.545616]]]}},
{"type":"Feature","properties":{},"geometry":{"type":"Polygon","coordinates":[[[6.544074,9.556927],[6.533399,9.551093],[6.532172,9.564075],[6.545033,9.570696],[6.544074,9.556927]]]}},
{"type":"Feature","properties":{},"geometry":{"type":"Polygon","coordinates":[[[6.754452,9.642875],[6.74415,9.621918],[6.732965,9.619609],[6.723059,9.609723],[6.666545,9.594118],[6.655937,9.594772],[6.641712,9.588167],[6.62841,9.591548],[6.613851,9.579002],[6.585228,9.574979],[6.564408,9.562224],[6.561439,9.564686],[6.560791,9.580903],[6.555165,9.589606],[6.554118,9.619605],[6.560217,9.63008],[6.579367,9.638798],[6.602794,9.640175],[6.606284,9.635545],[6.617436,9.634616],[6.635607,9.653607],[6.661275,9.66063],[6.668153,9.667309],[6.682395,9.700111],[6.70049,9.711533],[6.711655,9.711683],[6.719467,9.704035],[6.731427,9.702284],[6.739187,9.690042],[6.74408,9.689449],[6.747293,9.68455],[6.745129,9.661345],[6.754452,9.642875]],[[6.6436,9.61192],[6.634403,9.61742],[6.582979,9.61985],[6.571812,9.619424],[6.570939,9.61403],[6.575782,9.608576],[6.612235,9.606305],[6.638107,9.607385],[6.6436,9.61192]]]}},
{"type":"Feature","properties":{},"geometry":{"type":"Polygon","coordinates":[[[6.6436,9.61192],[6.638107,9.607385],[6.612235,9.606305],[6.575782,9.608576],[6.570939,9.61403],[6.571812,9.619424],[6.582979,9.61985],[6.634403,9.61742],[6.6436,9.61192]]]}},
{"type":"Feature","properties":{},"geometry":{"type":"Polygon","coordinates":[[[6.582552,9.708197],[6.580246,9.72173],[6.57588,9.720965],[6.571587,9.726953],[6.57546,9.732586],[6.589681,9.738111],[6.58911,9.710291],[6.582552,9.708197]]]}},
{"type":"Feature","properties":{},"geometry":{"type":"Polygon","coordinates":[[[6.478074,9.795871],[6.460906,9.795238],[6.453408,9.807744],[6.453776,9.816927],[6.463204,9.806563],[6.475719,9.805082],[6.478074,9.795871]]]}},
{"type":"Feature","properties":{},"geometry":{"type":"Polygon","coordinates":[[[6.653315,9.804836],[6.642416,9.804412],[6.640858,9.811453],[6.65203,9.811874],[6.653315,9.804836]]]}},
{"type":"Feature","properties":{},"geometry":{"type":"Polygon","coordinates":[[[6.672299,9.822188],[6.668187,9.819802],[6.650805,9.824314],[6.646234,9.829765],[6.65256,9.835371],[6.664822,9.835778],[6.670778,9.832471],[6.672299,9.822188]]]}},
{"type":"Feature","properties":{},"geometry":{"type":"Polygon","coordinates":[[[6.736167,9.834185],[6.725858,9.837812],[6.725428,9.848081],[6.732784,9.848269],[6.736167,9.834185]]]}},
{"type":"Feature","properties":{},"geometry":{"type":"Polygon","coordinates":[[[6.763519,9.919751],[6.744299,9.903109],[6.741851,9.903407],[6.742479,9.910693],[6.751845,9.919771],[6.763519,9.919751]]]}},
{"type":"Feature","properties":{},"geometry":{"type":"Polygon","coordinates":[[[6.596242,9.966597],[6.595635,9.96093],[6.589628,9.959914],[6.582013,9.961345],[6.57909,9.968131],[6.587901,9.976412],[6.596242,9.966597]]]}},
{"type":"Feature","properties":{},"geometry":{"type":"Polygon","coordinates":[[[6.561219,9.978858],[6.563314,9.971001],[6.548036,9.969542],[6.53772,9.973166],[6.533181,9.98186],[6.536272,9.990472],[6.545593,9.995505],[6.550487,9.994371],[6.552054,9.988141],[6.54515,9.97984],[6.551101,9.975723],[6.561219,9.978858]]]}},
{"type":"Feature","properties":{},"geometry":{"type":"Polygon","coordinates":[[[6.492083,10.08888],[6.483657,10.0914],[6.486224,10.101911],[6.497162,10.104767],[6.496933,10.108822],[6.500472,10.108244],[6.501894,10.113633],[6.506514,10.112233],[6.510405,10.118947],[6.523195,10.116649],[6.523704,10.113401],[6.492083,10.08888]]]}},
{"type":"Feature","properties":{},"geometry":{"type":"Polygon","coordinates":[[[6.606741,10.126953],[6.591172,10.124424],[6.587967,10.130401],[6.593485,10.136285],[6.605199,10.135345],[6.606741,10.126953]]]}},
{"type":"Feature","properties":{},"geometry":{"type":"Polygon","coordinates":[[[6.740155,10.111955],[6.735199,10.10769],[6.698693,10.109722],[6.69358,10.115453],[6.684777,10.108527],[6.678829,10.112916],[6.660199,10.104752],[6.655375,10.112099],[6.635568,10.120422],[6.630916,10.143166],[6.651773,10.155091],[6.682114,10.161773],[6.71868,10.140833],[6.714129,10.124407],[6.720163,10.12758],[6.734312,10.125259],[6.740155,10.111955]]]}},
{"type":"Feature","properties":{},"geometry":{"type":"Polygon","coordinates":[[[6.708216,10.179038],[6.692344,10.174085],[6.67273,10.175657],[6.657924,10.16853],[6.651691,10.171841],[6.654507,10.179643],[6.661866,10.179291],[6.677241,10.188571],[6.68946,10.184111],[6.703145,10.18855],[6.707761,10.186877],[6.708216,10.179038]]]}},
{"type":"Feature","properties":{},"geometry":{"type":"Polygon","coordinates":[[[6.679385,10.209077],[6.644138,10.202991],[6.617021,10.192486],[6.610014,10.199858],[6.611244,10.212271],[6.625485,10.217516],[6.633344,10.213107],[6.644071,10.221091],[6.658464,10.215798],[6.664795,10.22086],[6.671599,10.219702],[6.678105,10.216385],[6.679385,10.209077]]]}},
{"type":"Feature","properties":{},"geometry":{"type":"Polygon","coordinates":[[[6.590236,10.162796],[6.566755,10.160079],[6.559414,10.16205],[6.558098,10.166387],[6.574221,10.169454],[6.590236,10.162796]]]}},
{"type":"Feature","properties":{},"geometry":{"type":"Polygon","coordinates":[[[6.556028,10.200991],[6.521998,10.206495],[6.519846,10.20922],[6.527263,10.214003],[6.557451,10.206379],[6.556028,10.200991]]]}},
{"type":"Feature","properties":{},"geometry":{"type":"Polygon","coordinates":[[[6.602258,10.261675],[6.58803,10.257781],[6.571684,10.259581],[6.576415,10.267904],[6.592549,10.271509],[6.600171,10.270073],[6.602258,10.261675]]]}},
{"type":"Feature","properties":{},"geometry":{"type":"Polygon","coordinates":[[[6.655767,10.265938],[6.641297,10.26475],[6.632626,10.26971],[6.647929,10.27224],[6.655767,10.265938]]]}},
{"type":"Feature","properties":{},"geometry":{"type":"Polygon","coordinates":[[[6.6231,10.295479],[6.615441,10.293675],[6.609214,10.297797],[6.604617,10.301361],[6.604961,10.30757],[6.614749,10.304758],[6.6231,10.295479]]]}},
{"type":"Feature","properties":{},"geometry":{"type":"Polygon","coordinates":[[[6.506888,10.307974],[6.500011,10.302916],[6.484167,10.301194],[6.480123,10.305562],[6.490926,10.320304],[6.493889,10.316761],[6.49882,10.318599],[6.506888,10.307974]]]}},
{"type":"Feature","properties":{},"geometry":{"type":"Polygon","coordinates":[[[6.520978,10.348348],[6.499925,10.344524],[6.487725,10.351681],[6.48159,10.364446],[6.45362,10.352051],[6.440261,10.353274],[6.438405,10.358157],[6.429406,10.358793],[6.427584,10.366918],[6.430944,10.374719],[6.456672,10.381469],[6.477959,10.381508],[6.480232,10.389589],[6.496901,10.391568],[6.516091,10.374879],[6.524574,10.376947],[6.54608,10.372386],[6.520978,10.348348]]]}},
{"type":"Feature","properties":{},"geometry":{"type":"Polygon","coordinates":[[[6.664639,10.384158],[6.661515,10.373659],[6.64735,10.37571],[6.634202,10.371266],[6.612258,10.385021],[6.601622,10.385412],[6.597442,10.401668],[6.600499,10.406497],[6.62094,10.404373],[6.626014,10.418364],[6.631772,10.42073],[6.660274,10.40771],[6.659596,10.396371],[6.655196,10.39345],[6.664639,10.384158]]]}},
{"type":"Feature","properties":{},"geometry":{"type":"Polygon","coordinates":[[[6.577508,10.448358],[6.594366,10.442766],[6.553844,10.431601],[6.538606,10.435555],[6.542215,10.440918],[6.555301,10.43969],[6.559174,10.444239],[6.577508,10.448358]]]}},
{"type":"Feature","properties":{},"geometry":{"type":"Polygon","coordinates":[[[6.466988,10.475113],[6.463629,10.467584],[6.446346,10.459936],[6.432959,10.458999],[6.430817,10.462805],[6.460176,10.476268],[6.466988,10.475113]]]}},
{"type":"Feature","properties":{},"geometry":{"type":"Polygon","coordinates":[[[6.65306,10.490859],[6.648954,10.466594],[6.642402,10.466398],[6.607429,10.486788],[6.605889,10.49518],[6.630753,10.497327],[6.65306,10.490859]]]}},
{"type":"Feature","properties":{},"geometry":{"type":"Polygon","coordinates":[[[6.765142,10.606504],[6.73072,10.604755],[6.725855,10.608863],[6.72648,10.615339],[6.767432,10.61512],[6.765142,10.606504]]]}},
{"type":"Feature","properties":{},"geometry":{"type":"Polygon","coordinates":[[[6.786703,10.494425],[6.77952,10.487218],[6.757426,10.488289],[6.758593,10.494488],[6.77205,10.501351],[6.784886,10.502009],[6.786703,10.494425]]]}},
{"type":"Feature","properties":{},"geometry":{"type":"Polygon","coordinates":[[[6.756693,10.427388],[6.714478,10.434096],[6.70671,10.446341],[6.695552,10.448901],[6.691859,10.459749],[6.733679,10.465206],[6.738933,10.448127],[6.758681,10.433847],[6.756693,10.427388]]]}},
{"type":"Feature","properties":{},"geometry":{"type":"Polygon","coordinates":[[[6.729154,10.406104],[6.727321,10.412608],[6.722416,10.413205],[6.721158,10.422133],[6.734263,10.422791],[6.742926,10.417016],[6.74366,10.409984],[6.729154,10.406104]]]}},
{"type":"Feature","properties":{},"geometry":{"type":"Polygon","coordinates":[[[6.797698,10.388552],[6.78554,10.398419],[6.761309,10.402755],[6.759275,10.415203],[6.774592,10.418265],[6.790001,10.428887],[6.808212,10.423267],[6.810845,10.415403],[6.799307,10.40879],[6.803576,10.400906],[6.797698,10.388552]]]}},
{"type":"Feature","properties":{},"geometry":{"type":"Polygon","coordinates":[[[6.762052,10.304967],[6.720848,10.303555],[6.69261,10.314683],[6.691833,10.318204],[6.705384,10.333986],[6.720449,10.339216],[6.737277,10.331997],[6.758279,10.331752],[6.75892,10.316889],[6.764093,10.316018],[6.762052,10.304967]]]}},
{"type":"Feature","properties":{},"geometry":{"type":"Polygon","coordinates":[[[6.807934,10.126977],[6.776255,10.121942],[6.754484,10.125162],[6.725772,10.141158],[6.721185,10.145261],[6.722103,10.153895],[6.734116,10.155378],[6.746589,10.149562],[6.771176,10.153873],[6.777366,10.14705],[6.789319,10.143401],[6.792776,10.136068],[6.794722,10.139286],[6.805609,10.137809],[6.809924,10.133976],[6.807934,10.126977]]]}},
{"type":"Feature","properties":{},"geometry":{"type":"Polygon","coordinates":[[[6.893277,9.843213],[6.884627,9.848713],[6.898347,9.857468],[6.90759,9.856012],[6.907167,9.843323],[6.893277,9.843213]]]}},
{"type":"Feature","properties":{},"geometry":{"type":"Polygon","coordinates":[[[6.895562,10.081389],[6.900143,10.077014],[6.870287,10.064401],[6.842459,10.061756],[6.852688,10.074061],[6.86302,10.072049],[6.867438,10.076859],[6.895562,10.081389]]]}},
{"type":"Feature","properties":{},"geometry":{"type":"Polygon","coordinates":[[[6.86702,10.313046],[6.861908,10.318779],[6.862542,10.326064],[6.89209,10.333539],[6.87582,10.341297],[6.877559,10.349648],[6.891211,10.350834],[6.928981,10.339304],[6.928046,10.329864],[6.904794,10.324204],[6.886633,10.311188],[6.86702,10.313046]]]}},
{"type":"Feature","properties":{},"geometry":{"type":"Polygon","coordinates":[[[6.854631,10.348305],[6.837971,10.346613],[6.830147,10.353728],[6.796915,10.357635],[6.783365,10.365087],[6.772325,10.354412],[6.760043,10.354015],[6.756854,10.361075],[6.747349,10.364697],[6.74718,10.373343],[6.762666,10.390719],[6.773798,10.386267],[6.775805,10.394347],[6.808609,10.377212],[6.819076,10.38546],[6.833825,10.386905],[6.842771,10.382207],[6.862319,10.396827],[6.873186,10.393183],[6.875308,10.388296],[6.863996,10.377901],[6.865579,10.373561],[6.85791,10.370953],[6.860873,10.367946],[6.856745,10.365025],[6.854631,10.348305]]]}},
{"type":"Feature","properties":{},"geometry":{"type":"Polygon","coordinates":[[[6.932073,10.520203],[6.93092,10.515356],[6.921415,10.518985],[6.926906,10.521617],[6.932073,10.520203]]]}},
{"type":"Feature","properties":{},"geometry":{"type":"Polygon","coordinates":[[[4.868786,13.625521],[4.857454,13.608567],[4.83616,13.590466],[4.824893,13.581421],[4.813064,13.580291],[4.805539,13.572435],[4.768757,13.561742],[4.750136,13.567352],[4.73147,13.566874],[4.721482,13.562074],[4.714491,13.541429],[4.706996,13.53722],[4.686491,13.540403],[4.677856,13.550807],[4.679241,13.570882],[4.702375,13.587156],[4.717925,13.586442],[4.74784,13.593537],[4.757153,13.591037],[4.772878,13.614051],[4.8202,13.618578],[4.853322,13.637199],[4.867,13.63588],[4.868786,13.625521]]]}},
{"type":"Feature","properties":{},"geometry":{"type":"Polygon","coordinates":[[[4.82598,13.722751],[4.799807,13.718886],[4.759615,13.727289],[4.754287,13.736253],[4.764692,13.740236],[4.773386,13.737333],[4.782968,13.742133],[4.809849,13.729767],[4.821047,13.728872],[4.82598,13.722751]]]}},
{"type":"Feature","properties":{},"geometry":{"type":"Polygon","coordinates":[[[4.744375,13.742815],[4.734878,13.749374],[4.739114,13.761111],[4.764893,13.767011],[4.811381,13.767081],[4.827067,13.75601],[4.817903,13.751615],[4.770994,13.750333],[4.761821,13.744719],[4.744375,13.742815]]]}},
{"type":"Feature","properties":{},"geometry":{"type":"Polygon","coordinates":[[[4.753208,14.089128],[4.745404,14.101356],[4.75006,14.112275],[4.75712,14.111412],[4.768665,14.099157],[4.784085,14.104317],[4.790713,14.101429],[4.783121,14.087285],[4.776033,14.084496],[4.753208,14.089128]]]}},
{"type":"Feature","properties":{},"geometry":{"type":"Polygon","coordinates":[[[4.808104,14.145622],[4.805098,14.133474],[4.794201,14.122196],[4.778002,14.123936],[4.748441,14.118069],[4.744737,14.122964],[4.748549,14.132268],[4.744845,14.137164],[4.733199,14.136437],[4.727452,14.146216],[4.746691,14.161086],[4.759964,14.156932],[4.772093,14.166173],[4.775813,14.163305],[4.77449,14.153578],[4.794519,14.162763],[4.803234,14.160669],[4.808104,14.145622]]]}},
{"type":"Feature","properties":{},"geometry":{"type":"Polygon","coordinates":[[[4.764041,14.200311],[4.793492,14.217133],[4.800449,14.229252],[4.83857,14.237478],[4.864452,14.2744],[4.921258,14.277599],[4.925573,14.271479],[4.968705,14.28086],[5.037015,14.314359],[5.093159,14.312655],[5.079944,14.300603],[5.085402,14.283519],[5.00767,14.242203],[5.00574,14.235526],[5.021318,14.233568],[5.019338,14.221416],[5.010553,14.215406],[4.998068,14.214295],[4.997998,14.206385],[4.992359,14.20339],[4.983675,14.208937],[4.981376,14.231469],[4.972612,14.227889],[4.970577,14.209043],[4.952386,14.197025],[4.938057,14.198967],[4.934975,14.203252],[4.924955,14.198465],[4.916739,14.18575],[4.899971,14.194402],[4.905017,14.201055],[4.903846,14.210192],[4.888122,14.194497],[4.873213,14.201917],[4.861363,14.202011],[4.844002,14.214921],[4.827657,14.199225],[4.821937,14.185882],[4.796927,14.178162],[4.754554,14.183342],[4.764041,14.200311]]]}},
{"type":"Feature","properties":{},"geometry":{"type":"Polygon","coordinates":[[[5.02841,14.329036],[4.99451,14.306205],[4.953821,14.291329],[4.948206,14.291375],[4.94204,14.299944],[4.931391,14.295164],[4.904612,14.301462],[4.879135,14.314446],[4.877364,14.32663],[4.899948,14.340444],[4.916813,14.342134],[4.918732,14.347595],[4.907524,14.350727],[4.900751,14.361735],[4.902696,14.370238],[4.918347,14.37559],[4.926955,14.360309],[4.936291,14.35719],[4.94946,14.364383],[4.951259,14.355849],[4.932956,14.33227],[4.969198,14.337445],[4.976121,14.34408],[4.96811,14.355708],[4.968893,14.373957],[4.982619,14.373234],[4.988172,14.365886],[5.021754,14.352216],[5.02841,14.329036]]]}},
{"type":"Feature","properties":{},"geometry":{"type":"Polygon","coordinates":[[[4.859257,14.325556],[4.851084,14.318315],[4.832947,14.313588],[4.826746,14.318504],[4.828712,14.330051],[4.835631,14.336691],[4.855587,14.334711],[4.859257,14.325556]]]}},
{"type":"Feature","properties":{},"geometry":{"type":"Polygon","coordinates":[[[5.210359,14.237978],[5.202692,14.219189],[5.187042,14.213248],[5.165256,14.217704],[5.16786,14.229239],[5.187341,14.244275],[5.197973,14.247219],[5.210359,14.237978]]]}},
{"type":"Feature","properties":{},"geometry":{"type":"Polygon","coordinates":[[[5.135658,14.253869],[5.127453,14.2436],[5.115596,14.243096],[5.108156,14.248027],[5.109466,14.254709],[5.125123,14.261266],[5.135658,14.253869]]]}},
{"type":"Feature","properties":{},"geometry":{"type":"Polygon","coordinates":[[[5.191289,14.265533],[5.179979,14.257117],[5.181162,14.250414],[5.175525,14.248031],[5.171206,14.252937],[5.159967,14.251823],[5.151287,14.257379],[5.162618,14.268227],[5.178266,14.273559],[5.187005,14.27409],[5.191289,14.265533]]]}},
{"type":"Feature","properties":{},"geometry":{"type":"Polygon","coordinates":[[[5.245142,14.286324],[5.21568,14.271999],[5.205766,14.278784],[5.193926,14.280111],[5.192731,14.285598],[5.213477,14.301831],[5.208504,14.303703],[5.197186,14.294683],[5.189147,14.302057],[5.176681,14.303386],[5.17362,14.309498],[5.188064,14.319102],[5.226739,14.318133],[5.227238,14.305352],[5.235371,14.307708],[5.245142,14.286324]]]}},
{"type":"Feature","properties":{},"geometry":{"type":"Polygon","coordinates":[[[5.14923,14.303637],[5.150992,14.292061],[5.140381,14.291549],[5.13048,14.300157],[5.122369,14.300229],[5.119936,14.306943],[5.122477,14.311788],[5.141905,14.32074],[5.15064,14.32066],[5.157462,14.316338],[5.14923,14.303637]]]}},
{"type":"Feature","properties":{},"geometry":{"type":"Polygon","coordinates":[[[5.115179,14.33193],[5.109488,14.32407],[5.100112,14.322327],[5.084508,14.321859],[5.078942,14.327383],[5.107158,14.341735],[5.115264,14.341056],[5.115179,14.33193]]]}},
{"type":"Feature","properties":{},"geometry":{"type":"Polygon","coordinates":[[[5.201532,14.356395],[5.19758,14.335138],[5.188815,14.332176],[5.160212,14.34278],[5.17401,14.349954],[5.14463,14.344748],[5.137777,14.346027],[5.136587,14.352122],[5.117906,14.356548],[5.086001,14.348312],[5.052292,14.34739],[5.02803,14.356116],[5.026864,14.365253],[5.045576,14.363875],[5.063781,14.375281],[5.09376,14.377449],[5.094334,14.371967],[5.102412,14.368244],[5.121759,14.368074],[5.121805,14.372941],[5.102463,14.37372],[5.097528,14.379849],[5.099502,14.390782],[5.093295,14.394489],[5.092608,14.387802],[5.059613,14.397221],[5.057986,14.424006],[5.065488,14.425158],[5.073536,14.417785],[5.102806,14.410223],[5.109002,14.4053],[5.108274,14.394354],[5.115747,14.392464],[5.123272,14.396048],[5.136292,14.386805],[5.148179,14.389738],[5.154368,14.384206],[5.185573,14.38392],[5.186774,14.379042],[5.181092,14.3724],[5.159191,14.366517],[5.170371,14.360938],[5.201532,14.356395]]]}},
{"type":"Feature","properties":{},"geometry":{"type":"Polygon","coordinates":[[[5.1379,14.424512],[5.138455,14.417206],[5.110319,14.41259],[5.091195,14.437098],[5.09195,14.451085],[5.103234,14.455851],[5.117582,14.454507],[5.119403,14.449015],[5.113652,14.435072],[5.119912,14.436843],[5.124381,14.447146],[5.130022,14.44953],[5.15063,14.449948],[5.164152,14.427921],[5.162132,14.412729],[5.156474,14.408522],[5.149637,14.411628],[5.151603,14.421345],[5.143535,14.426286],[5.1379,14.424512]]]}},
{"type":"Feature","properties":{},"geometry":{"type":"Polygon","coordinates":[[[5.281069,14.322789],[5.273668,14.331378],[5.273235,14.350242],[5.265301,14.367961],[5.267859,14.374021],[5.274649,14.366655],[5.281562,14.371454],[5.302905,14.372741],[5.312694,14.364459],[5.323913,14.363134],[5.327538,14.351541],[5.307346,14.329835],[5.300639,14.345107],[5.292503,14.342754],[5.292435,14.336063],[5.286196,14.336123],[5.281069,14.322789]]]}},
{"type":"Feature","properties":{},"geometry":{"type":"Polygon","coordinates":[[[5.255561,14.392389],[5.233651,14.385902],[5.228076,14.390214],[5.227567,14.401778],[5.255561,14.392389]]]}},
{"type":"Feature","properties":{},"geometry":{"type":"Polygon","coordinates":[[[5.217581,14.401874],[5.212492,14.392187],[5.2007,14.398991],[5.201384,14.405069],[5.209516,14.406817],[5.217581,14.401874]]]}},
{"type":"Feature","properties":{},"geometry":{"type":"Polygon","coordinates":[[[5.232166,14.424853],[5.217084,14.414654],[5.205242,14.416592],[5.207847,14.427518],[5.219785,14.435314],[5.227257,14.433418],[5.232166,14.424853]]]}},
{"type":"Feature","properties":{},"geometry":{"type":"Polygon","coordinates":[[[5.222554,14.462665],[5.215596,14.453606],[5.208135,14.456718],[5.205716,14.464651],[5.210207,14.476776],[5.217693,14.476096],[5.222554,14.462665]]]}},
{"type":"Feature","properties":{},"geometry":{"type":"Polygon","coordinates":[[[4.930665,14.392529],[4.91444,14.393266],[4.908249,14.399401],[4.930129,14.402878],[4.934452,14.397366],[4.930665,14.392529]]]}},
{"type":"Feature","properties":{},"geometry":{"type":"Polygon","coordinates":[[[5.005846,14.422934],[4.992145,14.426701],[4.995939,14.432146],[5.005933,14.432669],[5.005846,14.422934]]]}},
{"type":"Feature","properties":{},"geometry":{"type":"Polygon","coordinates":[[[5.054042,14.436513],[5.042705,14.425658],[5.040766,14.418372],[5.04566,14.407379],[5.041218,14.399507],[5.032485,14.40019],[5.024459,14.409996],[5.03275,14.429395],[5.031562,14.436097],[5.018567,14.448988],[5.021125,14.455659],[5.010637,14.469744],[4.997612,14.479592],[5.01289,14.485626],[5.031272,14.467394],[5.032978,14.451115],[5.054042,14.436513]]]}},
{"type":"Feature","properties":{},"geometry":{"type":"Polygon","coordinates":[[[5.106894,14.479851],[5.084308,14.468494],[5.080631,14.475828],[5.092625,14.489714],[5.105079,14.485952],[5.106894,14.479851]]]}},
{"type":"Feature","properties":{},"geometry":{"type":"Polygon","coordinates":[[[5.081459,14.497725],[5.065128,14.487527],[5.059013,14.501574],[5.065302,14.506387],[5.074669,14.506303],[5.081459,14.497725]]]}},
{"type":"Feature","properties":{},"geometry":{"type":"Polygon","coordinates":[[[5.136071,14.527048],[5.117203,14.513223],[5.122771,14.507699],[5.120255,14.505895],[5.112762,14.505961],[5.112814,14.511437],[5.092865,14.515267],[5.093552,14.521953],[5.106724,14.527918],[5.11873,14.542414],[5.129955,14.540489],[5.142492,14.545241],[5.136071,14.527048]]]}},
{"type":"Feature","properties":{},"geometry":{"type":"Polygon","coordinates":[[[5.035611,14.537674],[5.026766,14.526799],[5.015514,14.525681],[4.987567,14.543564],[4.986996,14.549653],[4.992678,14.5563],[5.007034,14.55496],[5.011307,14.54397],[5.035611,14.537674]]]}},
{"type":"Feature","properties":{},"geometry":{"type":"Polygon","coordinates":[[[4.985839,14.569093],[4.979006,14.564323],[4.969011,14.564407],[4.964073,14.571143],[4.971065,14.579952],[4.97468,14.569078],[4.985839,14.569093]]]}},
{"type":"Feature","properties":{},"geometry":{"type":"Polygon","coordinates":[[[4.957228,14.574244],[4.952721,14.55907],[4.940228,14.559175],[4.93404,14.565919],[4.933484,14.573835],[4.939165,14.58048],[4.954185,14.583396],[4.957228,14.574244]]]}},
{"type":"Feature","properties":{},"geometry":{"type":"Polygon","coordinates":[[[4.958123,14.534077],[4.951727,14.517093],[4.937427,14.524515],[4.939978,14.530578],[4.958123,14.534077]]]}},
{"type":"Feature","properties":{},"geometry":{"type":"Polygon","coordinates":[[[4.886959,14.539529],[4.857478,14.52516],[4.820006,14.526062],[4.816932,14.532172],[4.801316,14.532294],[4.79386,14.537219],[4.793973,14.551214],[4.782718,14.550081],[4.764665,14.558129],[4.759095,14.564865],[4.759792,14.573988],[4.776724,14.581769],[4.782919,14.575029],[4.783446,14.562855],[4.789649,14.557331],[4.803393,14.557227],[4.806472,14.551727],[4.818986,14.554062],[4.818936,14.547978],[4.853314,14.550142],[4.853248,14.542232],[4.85885,14.539755],[4.867052,14.549426],[4.886959,14.539529]]]}},
{"type":"Feature","properties":{},"geometry":{"type":"Polygon","coordinates":[[[4.923953,14.627458],[4.905102,14.615441],[4.894505,14.618571],[4.893397,14.63501],[4.899698,14.641043],[4.918361,14.631154],[4.929673,14.638365],[4.979708,14.64281],[4.967754,14.633783],[4.941791,14.627187],[4.923953,14.627458]]]}},
{"type":"Feature","properties":{},"geometry":{"type":"Polygon","coordinates":[[[5.087679,14.561554],[5.082012,14.556738],[5.066373,14.554445],[5.063296,14.559339],[5.074142,14.583579],[5.087679,14.561554]]]}},
{"type":"Feature","properties":{},"geometry":{"type":"Polygon","coordinates":[[[5.140722,14.574461],[5.137035,14.562327],[5.127625,14.558154],[5.105781,14.560173],[5.102074,14.564466],[5.101501,14.569947],[5.123497,14.583744],[5.140722,14.574461]]]}},
{"type":"Feature","properties":{},"geometry":{"type":"Polygon","coordinates":[[[4.915399,14.577836],[4.917851,14.57234],[4.914675,14.56628],[4.900296,14.565181],[4.894085,14.569491],[4.915399,14.577836]]]}},
{"type":"Feature","properties":{},"geometry":{"type":"Polygon","coordinates":[[[5.260964,14.525473],[5.22826,14.502664],[5.213863,14.499151],[5.220313,14.519775],[5.23983,14.535405],[5.228154,14.554378],[5.191888,14.550464],[5.188177,14.554149],[5.198296,14.566831],[5.215863,14.574573],[5.249586,14.573641],[5.258206,14.561393],[5.26567,14.558279],[5.275725,14.564264],[5.288834,14.563526],[5.289427,14.560479],[5.259282,14.544348],[5.26353,14.53214],[5.260964,14.525473]]]}},
{"type":"Feature","properties":{},"geometry":{"type":"Polygon","coordinates":[[[5.173658,14.602345],[5.179322,14.606552],[5.208702,14.608102],[5.220498,14.600689],[5.237383,14.60235],[5.242318,14.59622],[5.236666,14.593231],[5.207337,14.596556],[5.17919,14.593168],[5.173658,14.602345]]]}},
{"type":"Feature","properties":{},"geometry":{"type":"Polygon","coordinates":[[[4.838989,14.47987],[4.836411,14.470155],[4.824586,14.475116],[4.817192,14.487344],[4.823735,14.490783],[4.838989,14.47987]]]}},
{"type":"Feature","properties":{},"geometry":{"type":"Polygon","coordinates":[[[4.799855,14.519887],[4.794272,14.51266],[4.807086,14.496335],[4.790454,14.502154],[4.772341,14.50229],[4.768536,14.495016],[4.781569,14.484573],[4.793411,14.481442],[4.798973,14.474098],[4.788883,14.462003],[4.768876,14.45911],[4.730855,14.468524],[4.733296,14.461203],[4.716956,14.447932],[4.697071,14.460856],[4.649645,14.466061],[4.649052,14.470326],[4.659697,14.473904],[4.705888,14.470528],[4.713532,14.489947],[4.721008,14.487459],[4.719675,14.476515],[4.729691,14.479486],[4.727897,14.489844],[4.732312,14.495289],[4.741675,14.49461],[4.738605,14.501328],[4.729884,14.504435],[4.73993,14.511054],[4.732492,14.518413],[4.734436,14.527526],[4.740711,14.53113],[4.757553,14.527961],[4.749352,14.517678],[4.753666,14.510342],[4.750515,14.506715],[4.754872,14.504856],[4.774312,14.514445],[4.790537,14.512498],[4.783213,14.533851],[4.799855,14.519887]]]}},
{"type":"Feature","properties":{},"geometry":{"type":"Polygon","coordinates":[[[5.351201,14.436374],[5.317913,14.416628],[5.310454,14.419742],[5.316178,14.430028],[5.323076,14.433003],[5.329476,14.44815],[5.338221,14.448671],[5.343769,14.441923],[5.344469,14.449216],[5.334042,14.466963],[5.33782,14.469967],[5.347113,14.463182],[5.351291,14.444889],[5.351201,14.436374]]]}},
{"type":"Feature","properties":{},"geometry":{"type":"Polygon","coordinates":[[[4.804129,14.647487],[4.79783,14.641451],[4.79286,14.645139],[4.799248,14.66213],[4.804863,14.660868],[4.804129,14.647487]]]}},
{"type":"Feature","properties":{},"geometry":{"type":"Polygon","coordinates":[[[4.869787,14.724856],[4.857826,14.715215],[4.812184,14.714968],[4.837897,14.7245],[4.850483,14.734136],[4.864869,14.734632],[4.869787,14.724856]]]}},
{"type":"Feature","properties":{},"geometry":{"type":"Polygon","coordinates":[[[4.915031,14.679456],[4.933745,14.675044],[4.931832,14.670801],[4.916811,14.668488],[4.909364,14.674633],[4.915031,14.679456]]]}},
{"type":"Feature","properties":{},"geometry":{"type":"Polygon","coordinates":[[[4.944483,14.687731],[4.950711,14.685245],[4.939439,14.682907],[4.944483,14.687731]]]}},
{"type":"Feature","properties":{},"geometry":{"type":"Polygon","coordinates":[[[5.33396,14.6373],[5.32455,14.633743],[5.324607,14.639218],[5.333412,14.644606],[5.33396,14.6373]]]}},
{"type":"Feature","properties":{},"geometry":{"type":"Polygon","coordinates":[[[5.327254,14.653184],[5.321547,14.645331],[5.297825,14.64739],[5.304729,14.650363],[5.327254,14.653184]]]}},
{"type":"Feature","properties":{},"geometry":{"type":"Polygon","coordinates":[[[5.294146,14.654119],[5.280338,14.648173],[5.270979,14.649481],[5.271041,14.655565],[5.277952,14.659147],[5.291073,14.659016],[5.294146,14.654119]]]}},
{"type":"Feature","properties":{},"geometry":{"type":"Polygon","coordinates":[[[5.275673,14.680461],[5.263763,14.676929],[5.253158,14.678856],[5.255083,14.683704],[5.265094,14.684825],[5.275673,14.680461]]]}},
{"type":"Feature","properties":{},"geometry":{"type":"Polygon","coordinates":[[[5.096221,14.802616],[5.08804,14.797216],[5.086246,14.80575],[5.091301,14.81118],[5.095661,14.809314],[5.096221,14.802616]]]}},
{"type":"Feature","properties":{},"geometry":{"type":"Polygon","coordinates":[[[5.092335,14.788659],[5.09105,14.78502],[5.082939,14.78692],[5.0861,14.790541],[5.092335,14.788659]]]}},
{"type":"Feature","properties":{},"geometry":{"type":"Polygon","coordinates":[[[5.339848,14.953572],[5.333533,14.948163],[5.309152,14.950231],[5.295472,14.958278],[5.294292,14.964982],[5.313681,14.964178],[5.339848,14.953572]]]}},
{"type":"Feature","properties":{},"geometry":{"type":"Polygon","coordinates":[[[5.368248,14.975783],[5.321881,14.97018],[5.310025,14.97334],[5.298241,14.983192],[5.303918,14.987393],[5.350822,14.984482],[5.368248,14.975783]]]}},
{"type":"Feature","properties":{},"geometry":{"type":"Polygon","coordinates":[[[5.192375,15.034733],[5.182936,15.029955],[5.147853,15.027249],[5.161704,15.035025],[5.186376,15.060342],[5.204562,15.063209],[5.207586,15.052837],[5.192375,15.034733]]]}},
{"type":"Feature","properties":{},"geometry":{"type":"Polygon","coordinates":[[[5.190379,15.023192],[5.191557,15.015881],[5.17783,15.020269],[5.190379,15.023192]]]}},
{"type":"Feature","properties":{},"geometry":{"type":"Polygon","coordinates":[[[5.150534,15.044867],[5.144827,15.03762],[5.118536,15.037866],[5.109826,15.043421],[5.115496,15.047019],[5.141801,15.047992],[5.150534,15.044867]]]}},
{"type":"Feature","properties":{},"geometry":{"type":"Polygon","coordinates":[[[5.220288,15.070354],[5.210265,15.069845],[5.205314,15.075369],[5.212232,15.078343],[5.220288,15.070354]]]}},
{"type":"Feature","properties":{},"geometry":{"type":"Polygon","coordinates":[[[5.207922,15.085381],[5.198196,15.073308],[5.202746,15.06921],[5.197729,15.068447],[5.189027,15.074613],[5.172335,15.075176],[5.165723,15.08173],[5.18039,15.087268],[5.207922,15.085381]]]}},
{"type":"Feature","properties":{},"geometry":{"type":"Polygon","coordinates":[[[5.152743,15.077799],[5.128807,15.063425],[5.120869,15.062688],[5.117987,15.06677],[5.134038,15.085684],[5.142001,15.088853],[5.148671,15.087979],[5.152743,15.077799]]]}},
{"type":"Feature","properties":{},"geometry":{"type":"Polygon","coordinates":[[[4.656062,14.72903],[4.63903,14.709067],[4.596749,14.698411],[4.575192,14.700381],[4.528454,14.722605],[4.525704,14.731752],[4.572582,14.728698],[4.56233,14.737897],[4.570797,14.741491],[4.567124,14.75247],[4.581135,14.744158],[4.607392,14.743067],[4.602669,14.738536],[4.583889,14.735924],[4.625159,14.735639],[4.656062,14.72903]]]}},
{"type":"Feature","properties":{},"geometry":{"type":"Polygon","coordinates":[[[4.50415,14.73463],[4.486396,14.744789],[4.489273,14.753898],[4.501474,14.754732],[4.507077,14.751043],[4.50415,14.73463]]]}},
{"type":"Feature","properties":{},"geometry":{"type":"Polygon","coordinates":[[[4.600966,14.762282],[4.586869,14.758725],[4.571913,14.76613],[4.593508,14.768722],[4.600966,14.762282]]]}},
{"type":"Feature","properties":{},"geometry":{"type":"Polygon","coordinates":[[[4.667741,14.78463],[4.658249,14.770091],[4.642254,14.763815],[4.628183,14.763915],[4.617959,14.776768],[4.606735,14.781412],[4.605858,14.789633],[4.641446,14.781164],[4.655559,14.786542],[4.667741,14.78463]]]}},
{"type":"Feature","properties":{},"geometry":{"type":"Polygon","coordinates":[[[4.569341,14.799923],[4.550524,14.79275],[4.540243,14.798296],[4.542191,14.808325],[4.554407,14.81098],[4.564722,14.809996],[4.569341,14.799923]]]}},
{"type":"Feature","properties":{},"geometry":{"type":"Polygon","coordinates":[[[4.648302,14.819453],[4.633269,14.816824],[4.621078,14.817824],[4.611743,14.824279],[4.605155,14.821588],[4.59673,14.824385],[4.597722,14.831681],[4.602441,14.8353],[4.627728,14.82873],[4.642762,14.83136],[4.649275,14.824011],[4.648302,14.819453]]]}},
{"type":"Feature","properties":{},"geometry":{"type":"Polygon","coordinates":[[[4.513921,14.791165],[4.509173,14.78298],[4.480046,14.776781],[4.466097,14.795129],[4.467121,14.807903],[4.477467,14.811488],[4.475497,14.797807],[4.483942,14.797752],[4.494212,14.790382],[4.513921,14.791165]]]}},
{"type":"Feature","properties":{},"geometry":{"type":"Polygon","coordinates":[[[4.58091,14.582126],[4.55837,14.575889],[4.5387,14.577846],[4.54155,14.583305],[4.58091,14.582126]]]}},
{"type":"Feature","properties":{},"geometry":{"type":"Polygon","coordinates":[[[4.583078,14.62319],[4.578313,14.612268],[4.558537,14.599622],[4.561446,14.613296],[4.567109,14.618735],[4.563456,14.632453],[4.566307,14.637911],[4.574739,14.63694],[4.583078,14.62319]]]}},
{"type":"Feature","properties":{},"geometry":{"type":"Polygon","coordinates":[[[4.525264,14.668309],[4.510242,14.665667],[4.508429,14.674808],[4.523433,14.674711],[4.525264,14.668309]]]}},
{"type":"Feature","properties":{},"geometry":{"type":"Polygon","coordinates":[[[4.534126,14.684075],[4.51785,14.681136],[4.517267,14.687227],[4.531651,14.687743],[4.534126,14.684075]]]}},
{"type":"Feature","properties":{},"geometry":{"type":"Polygon","coordinates":[[[4.512505,14.69172],[4.504569,14.689338],[4.499587,14.692211],[4.506278,14.695413],[4.512505,14.69172]]]}},
{"type":"Feature","properties":{},"geometry":{"type":"Polygon","coordinates":[[[4.480401,14.690307],[4.477023,14.683836],[4.46116,14.680285],[4.464836,14.668902],[4.460211,14.662844],[4.454806,14.664905],[4.454037,14.674648],[4.444427,14.671056],[4.437385,14.677592],[4.439925,14.683662],[4.457479,14.690857],[4.471642,14.689552],[4.47793,14.694786],[4.480401,14.690307]]]}},
{"type":"Feature","properties":{},"geometry":{"type":"Polygon","coordinates":[[[4.52567,14.606433],[4.51274,14.604487],[4.506929,14.607771],[4.50947,14.61384],[4.516559,14.614605],[4.52567,14.606433]]]}},
{"type":"Feature","properties":{},"geometry":{"type":"Polygon","coordinates":[[[4.442641,14.652808],[4.44675,14.643857],[4.437123,14.637425],[4.419655,14.642808],[4.396285,14.637675],[4.399272,14.648613],[4.420541,14.650917],[4.42682,14.655341],[4.429685,14.647209],[4.439251,14.644309],[4.442641,14.652808]]]}},
{"type":"Feature","properties":{},"geometry":{"type":"Polygon","coordinates":[[[4.396102,14.674599],[4.396969,14.679869],[4.414561,14.693152],[4.42329,14.689446],[4.41696,14.677313],[4.396102,14.674599]]]}},
{"type":"Feature","properties":{},"geometry":{"type":"Polygon","coordinates":[[[4.377593,14.647523],[4.365865,14.637855],[4.36957,14.630529],[4.363708,14.6261],[4.365009,14.634208],[4.343347,14.635552],[4.341295,14.640839],[4.368019,14.649202],[4.377593,14.647523]]]}},
{"type":"Feature","properties":{},"geometry":{"type":"Polygon","coordinates":[[[4.476473,14.726036],[4.464365,14.723274],[4.467242,14.71717],[4.463081,14.718413],[4.451449,14.72457],[4.447353,14.73555],[4.4528,14.739574],[4.460244,14.730602],[4.476473,14.726036]]]}},
{"type":"Feature","properties":{},"geometry":{"type":"Polygon","coordinates":[[[4.439447,14.738361],[4.438967,14.728299],[4.434365,14.725894],[4.433181,14.736045],[4.422316,14.732055],[4.421529,14.739363],[4.406974,14.745134],[4.414919,14.748737],[4.439447,14.738361]]]}},
{"type":"Feature","properties":{},"geometry":{"type":"Polygon","coordinates":[[[4.447891,14.753805],[4.44161,14.749786],[4.427852,14.749873],[4.416621,14.754],[4.415813,14.758063],[4.436676,14.760367],[4.447891,14.753805]]]}},
{"type":"Feature","properties":{},"geometry":{"type":"Polygon","coordinates":[[[4.449652,14.767994],[4.441297,14.765613],[4.433017,14.774591],[4.446769,14.773287],[4.449652,14.767994]]]}},
{"type":"Feature","properties":{},"geometry":{"type":"Polygon","coordinates":[[[4.407162,14.709427],[4.39673,14.707867],[4.399273,14.714344],[4.405951,14.715521],[4.407162,14.709427]]]}},
{"type":"Feature","properties":{},"geometry":{"type":"Polygon","coordinates":[[[4.401876,14.686738],[4.402176,14.690252],[4.406891,14.688871],[4.401876,14.686738]]]}},
{"type":"Feature","properties":{},"geometry":{"type":"Polygon","coordinates":[[[4.388821,14.808132],[4.392543,14.803242],[4.388764,14.799206],[4.36578,14.791635],[4.355784,14.793723],[4.355427,14.803463],[4.362959,14.807475],[4.388821,14.808132]]]}},
{"type":"Feature","properties":{},"geometry":{"type":"Polygon","coordinates":[[[4.399578,14.794679],[4.40288,14.789385],[4.392448,14.788229],[4.379029,14.776542],[4.371526,14.776993],[4.371478,14.769284],[4.343511,14.764581],[4.341059,14.772711],[4.347376,14.782817],[4.367407,14.785132],[4.384983,14.794765],[4.399578,14.794679]]]}},
{"type":"Feature","properties":{},"geometry":{"type":"Polygon","coordinates":[[[4.38141,14.757457],[4.379689,14.748947],[4.362565,14.744181],[4.369632,14.740893],[4.370435,14.736019],[4.364164,14.733216],[4.355858,14.73854],[4.337095,14.738245],[4.338311,14.732557],[4.34914,14.730871],[4.358667,14.720671],[4.374574,14.731125],[4.381213,14.726216],[4.368204,14.712499],[4.36852,14.696267],[4.343503,14.695197],[4.345671,14.70898],[4.330681,14.711908],[4.327327,14.70868],[4.329796,14.703391],[4.341029,14.699675],[4.339751,14.695219],[4.322212,14.690043],[4.318799,14.677077],[4.314219,14.677915],[4.302669,14.698269],[4.308997,14.710812],[4.314859,14.715241],[4.324026,14.714378],[4.329078,14.722466],[4.314516,14.727416],[4.325417,14.737499],[4.320904,14.749696],[4.334258,14.751652],[4.330128,14.758167],[4.334737,14.761793],[4.342624,14.756066],[4.351403,14.759666],[4.361796,14.754735],[4.38141,14.757457]]]}},
{"type":"Feature","properties":{},"geometry":{"type":"Polygon","coordinates":[[[4.338791,14.674531],[4.341265,14.670054],[4.327879,14.662015],[4.307447,14.660506],[4.307888,14.664562],[4.32796,14.675405],[4.338791,14.674531]]]}},
{"type":"Feature","properties":{},"geometry":{"type":"Polygon","coordinates":[[[4.324367,14.770777],[4.315179,14.768394],[4.316873,14.772847],[4.324367,14.770777]]]}},
{"type":"Feature","properties":{},"geometry":{"type":"Polygon","coordinates":[[[4.317349,14.782582],[4.306458,14.77453],[4.292698,14.774609],[4.271478,14.782843],[4.278046,14.764953],[4.294643,14.751064],[4.288773,14.745416],[4.282125,14.749511],[4.267259,14.774345],[4.256044,14.782114],[4.258162,14.787783],[4.277805,14.79498],[4.280271,14.78888],[4.297742,14.781478],[4.317349,14.782582]]]}},
{"type":"Feature","properties":{},"geometry":{"type":"Polygon","coordinates":[[[4.294046,14.649626],[4.292341,14.643144],[4.301075,14.640254],[4.307621,14.619523],[4.299696,14.618351],[4.292255,14.628537],[4.282673,14.628996],[4.267592,14.615284],[4.258508,14.629939],[4.272251,14.628243],[4.278125,14.635107],[4.288536,14.633832],[4.289807,14.637477],[4.27941,14.641187],[4.268146,14.639221],[4.250602,14.632009],[4.254755,14.629552],[4.252649,14.625506],[4.238086,14.629641],[4.228576,14.643083],[4.244039,14.650709],[4.24817,14.644195],[4.241486,14.641391],[4.250229,14.63972],[4.278216,14.650932],[4.285692,14.646427],[4.294046,14.649626]]]}},
{"type":"Feature","properties":{},"geometry":{"type":"Polygon","coordinates":[[[4.296751,14.613498],[4.277944,14.603865],[4.270867,14.605121],[4.275079,14.612807],[4.288858,14.6176],[4.296751,14.613498]]]}},
{"type":"Feature","properties":{},"geometry":{"type":"Polygon","coordinates":[[[4.222685,14.63297],[4.218128,14.637864],[4.222302,14.639059],[4.225616,14.635389],[4.222685,14.63297]]]}},
{"type":"Feature","properties":{},"geometry":{"type":"Polygon","coordinates":[[[4.226879,14.62256],[4.229321,14.627254],[4.231387,14.623997],[4.226879,14.62256]]]}},
{"type":"Feature","properties":{},"geometry":{"type":"Polygon","coordinates":[[[4.491353,14.459777],[4.478817,14.452959],[4.460107,14.457134],[4.469326,14.466003],[4.491353,14.459777]]]}},
{"type":"Feature","properties":{},"geometry":{"type":"Polygon","coordinates":[[[4.539556,14.445673],[4.492935,14.44719],[4.524623,14.453884],[4.533775,14.452609],[4.539556,14.445673]]]}},
{"type":"Feature","properties":{},"geometry":{"type":"Polygon","coordinates":[[[4.543652,14.435909],[4.534885,14.432315],[4.526153,14.433994],[4.534091,14.438001],[4.543652,14.435909]]]}},
{"type":"Feature","properties":{},"geometry":{"type":"Polygon","coordinates":[[[4.520344,14.43687],[4.486996,14.430592],[4.481173,14.431441],[4.504537,14.439],[4.520344,14.43687]]]}},
{"type":"Feature","properties":{},"geometry":{"type":"Polygon","coordinates":[[[4.658949,14.432691],[4.648467,14.42262],[4.619771,14.426472],[4.617722,14.430949],[4.638568,14.435267],[4.650189,14.430316],[4.658949,14.432691]]]}},
{"type":"Feature","properties":{},"geometry":{"type":"Polygon","coordinates":[[[4.545356,14.501626],[4.53535,14.50007],[4.529557,14.505381],[4.533751,14.509818],[4.542078,14.509357],[4.545356,14.501626]]]}},
{"type":"Feature","properties":{},"geometry":{"type":"Polygon","coordinates":[[[4.550888,14.518629],[4.540873,14.515856],[4.534643,14.518333],[4.545916,14.522314],[4.550888,14.518629]]]}},
{"type":"Feature","properties":{},"geometry":{"type":"Polygon","coordinates":[[[4.528944,14.537438],[4.519786,14.538308],[4.512358,14.548498],[4.517378,14.551711],[4.522771,14.548432],[4.528944,14.537438]]]}},
{"type":"Feature","properties":{},"geometry":{"type":"Polygon","coordinates":[[[4.84233,14.433762],[4.824828,14.431465],[4.81323,14.438452],[4.831135,14.439124],[4.841111,14.437422],[4.84233,14.433762]]]}},
{"type":"Feature","properties":{},"geometry":{"type":"Polygon","coordinates":[[[4.887335,14.439492],[4.884804,14.435457],[4.877335,14.438356],[4.869105,14.449781],[4.887335,14.439492]]]}},
{"type":"Feature","properties":{},"geometry":{"type":"Polygon","coordinates":[[[4.72407,14.802825],[4.708607,14.798476],[4.705729,14.803772],[4.719534,14.80935],[4.72407,14.802825]]]}},
{"type":"Feature","properties":{},"geometry":{"type":"Polygon","coordinates":[[[4.756454,14.940107],[4.769335,14.933515],[4.785596,14.932172],[4.788069,14.928502],[4.7447,14.931272],[4.745587,14.937756],[4.756454,14.940107]]]}},
{"type":"Feature","properties":{},"geometry":{"type":"Polygon","coordinates":[[[4.800662,14.786826],[4.792721,14.784452],[4.766514,14.791955],[4.77071,14.795168],[4.796133,14.793757],[4.800662,14.786826]]]}},
{"type":"Feature","properties":{},"geometry":{"type":"Polygon","coordinates":[[[5.372368,14.413816],[5.364077,14.416738],[5.360422,14.425292],[5.360245,14.448005],[5.366834,14.441449],[5.378525,14.444983],[5.382127,14.431564],[5.391715,14.43309],[5.385993,14.442881],[5.388134,14.448538],[5.400692,14.455305],[5.371202,14.460872],[5.373772,14.467742],[5.398197,14.466311],[5.386331,14.474511],[5.397629,14.480074],[5.381853,14.483882],[5.372614,14.476269],[5.351419,14.479322],[5.343584,14.486296],[5.344561,14.500076],[5.349436,14.48867],[5.3577,14.482909],[5.368122,14.484425],[5.372795,14.493301],[5.382832,14.497662],[5.402389,14.489194],[5.404158,14.480142],[5.398564,14.478393],[5.398506,14.472973],[5.4076,14.456619],[5.416831,14.452909],[5.427551,14.437588],[5.427502,14.433127],[5.41378,14.434081],[5.410504,14.438981],[5.404991,14.429305],[5.398832,14.437074],[5.39497,14.426164],[5.384464,14.416535],[5.377391,14.416605],[5.374564,14.424744],[5.372368,14.413816]]]}},
{"type":"Feature","properties":{},"geometry":{"type":"Polygon","coordinates":[[[5.528359,14.410173],[5.48872,14.401574],[5.477014,14.394901],[5.460826,14.398316],[5.457565,14.404432],[5.464315,14.412877],[5.491433,14.419484],[5.502625,14.415715],[5.510177,14.421314],[5.529274,14.417463],[5.528359,14.410173]]]}},
{"type":"Feature","properties":{},"geometry":{"type":"Polygon","coordinates":[[[5.442875,14.469062],[5.445699,14.460923],[5.441919,14.457717],[5.436951,14.460201],[5.437855,14.46668],[5.442875,14.469062]]]}},
{"type":"Feature","properties":{},"geometry":{"type":"Polygon","coordinates":[[[5.459619,14.469394],[5.460282,14.462395],[5.455284,14.462041],[5.455346,14.467717],[5.459619,14.469394]]]}},
{"type":"Feature","properties":{},"geometry":{"type":"Polygon","coordinates":[[[5.468837,14.445678],[5.476259,14.439516],[5.49419,14.442975],[5.505388,14.439612],[5.504063,14.432732],[5.483989,14.423618],[5.472756,14.423738],[5.465728,14.427867],[5.467486,14.436365],[5.447541,14.439004],[5.443428,14.443507],[5.468837,14.445678]]]}},
{"type":"Feature","properties":{},"geometry":{"type":"Polygon","coordinates":[[[5.563035,14.422771],[5.551812,14.423705],[5.547139,14.41524],[5.541324,14.416115],[5.545576,14.424179],[5.543131,14.428666],[5.516065,14.426929],[5.520408,14.443104],[5.510084,14.450106],[5.514029,14.467908],[5.518844,14.452042],[5.524331,14.458878],[5.52884,14.452747],[5.527098,14.445872],[5.542533,14.449353],[5.543726,14.444474],[5.528698,14.440177],[5.545747,14.43918],[5.550656,14.431828],[5.560313,14.439427],[5.563035,14.422771]]]}},
{"type":"Feature","properties":{},"geometry":{"type":"Polygon","coordinates":[[[5.280712,14.40296],[5.279942,14.409051],[5.287431,14.408978],[5.287789,14.403296],[5.280712,14.40296]]]}},
{"type":"Feature","properties":{},"geometry":{"type":"Polygon","coordinates":[[[5.598723,14.32466],[5.598209,14.31615],[5.57867,14.316766],[5.562549,14.325455],[5.556663,14.319843],[5.544216,14.322411],[5.568219,14.312012],[5.569397,14.305917],[5.550284,14.30734],[5.549384,14.301267],[5.535581,14.294117],[5.535901,14.285598],[5.510873,14.278563],[5.511348,14.28383],[5.534086,14.309138],[5.519537,14.309698],[5.514614,14.315832],[5.493912,14.324159],[5.488183,14.332735],[5.48966,14.353402],[5.511536,14.375475],[5.541078,14.375972],[5.551942,14.380314],[5.551841,14.371395],[5.563547,14.376538],[5.567156,14.36474],[5.589592,14.362471],[5.59449,14.354308],[5.58684,14.340199],[5.598723,14.32466]]]}},
{"type":"Feature","properties":{},"geometry":{"type":"Polygon","coordinates":[[[5.610164,14.307097],[5.610673,14.315201],[5.604474,14.318513],[5.610847,14.330202],[5.61614,14.320411],[5.617452,14.327922],[5.621115,14.324269],[5.624694,14.31339],[5.622212,14.306152],[5.610164,14.307097]]]}},
{"type":"Feature","properties":{},"geometry":{"type":"Polygon","coordinates":[[[5.635677,14.302008],[5.631957,14.300663],[5.628841,14.30405],[5.635115,14.307225],[5.635677,14.302008]]]}},
{"type":"Feature","properties":{},"geometry":{"type":"Polygon","coordinates":[[[5.578972,14.415705],[5.58812,14.415201],[5.592748,14.419612],[5.597693,14.415502],[5.596786,14.409025],[5.592603,14.407043],[5.589326,14.411539],[5.58052,14.405552],[5.597009,14.392396],[5.569241,14.401618],[5.578972,14.415705]]]}},
{"type":"Feature","properties":{},"geometry":{"type":"Polygon","coordinates":[[[5.445363,14.333372],[5.43399,14.321333],[5.429905,14.32827],[5.422034,14.33119],[5.427475,14.334378],[5.425917,14.344128],[5.434116,14.333093],[5.437151,14.344417],[5.444589,14.339881],[5.445363,14.333372]]]}},
{"type":"Feature","properties":{},"geometry":{"type":"Polygon","coordinates":[[[5.417755,14.358811],[5.407742,14.356076],[5.404462,14.36057],[5.415303,14.362892],[5.417755,14.358811]]]}},
{"type":"Feature","properties":{},"geometry":{"type":"Polygon","coordinates":[[[5.4802,14.325318],[5.475679,14.330232],[5.476675,14.345226],[5.481604,14.339497],[5.4802,14.325318]]]}},
{"type":"Feature","properties":{},"geometry":{"type":"Polygon","coordinates":[[[5.608405,14.374932],[5.601287,14.370957],[5.60217,14.375408],[5.608405,14.374932]]]}},
{"type":"Feature","properties":{},"geometry":{"type":"Polygon","coordinates":[[[5.613269,14.413301],[5.604505,14.410966],[5.612096,14.419802],[5.604731,14.430427],[5.615972,14.431112],[5.616129,14.444492],[5.624913,14.448448],[5.627994,14.427328],[5.613269,14.413301]]]}},
{"type":"Feature","properties":{},"geometry":{"type":"Polygon","coordinates":[[[5.634645,14.426848],[5.63836,14.424375],[5.633302,14.418753],[5.629586,14.421228],[5.634645,14.426848]]]}},
{"type":"Feature","properties":{},"geometry":{"type":"Polygon","coordinates":[[[5.602844,14.447073],[5.601913,14.438569],[5.593172,14.43826],[5.594149,14.45082],[5.589629,14.455734],[5.595108,14.461758],[5.597567,14.458486],[5.600933,14.461692],[5.60604,14.471367],[5.615004,14.455047],[5.613689,14.449385],[5.602844,14.447073]]]}},
{"type":"Feature","properties":{},"geometry":{"type":"Polygon","coordinates":[[[5.625548,14.467093],[5.62134,14.463085],[5.616787,14.465164],[5.611899,14.47414],[5.614041,14.479387],[5.617686,14.470831],[5.625548,14.467093]]]}},
{"type":"Feature","properties":{},"geometry":{"type":"Polygon","coordinates":[[[5.600262,14.475487],[5.591482,14.471935],[5.588195,14.475619],[5.592432,14.482062],[5.600262,14.475487]]]}},
{"type":"Feature","properties":{},"geometry":{"type":"Polygon","coordinates":[[[5.626127,14.480873],[5.620287,14.479722],[5.625332,14.484126],[5.626127,14.480873]]]}},
{"type":"Feature","properties":{},"geometry":{"type":"Polygon","coordinates":[[[5.610769,14.48429],[5.611362,14.487527],[5.617468,14.487729],[5.617149,14.484218],[5.610769,14.48429]]]}},
{"type":"Feature","properties":{},"geometry":{"type":"Polygon","coordinates":[[[5.606967,14.491361],[5.596943,14.488229],[5.588137,14.494543],[5.597015,14.494446],[5.60466,14.507607],[5.621395,14.506721],[5.620965,14.502016],[5.607652,14.502437],[5.606967,14.491361]]]}},
{"type":"Feature","properties":{},"geometry":{"type":"Polygon","coordinates":[[[5.599158,14.511723],[5.594367,14.505289],[5.589372,14.505343],[5.587606,14.520501],[5.598184,14.523358],[5.591188,14.518299],[5.590554,14.511548],[5.599158,14.511723]]]}},
{"type":"Feature","properties":{},"geometry":{"type":"Polygon","coordinates":[[[5.580746,14.509799],[5.5791,14.504914],[5.576067,14.506569],[5.576657,14.509536],[5.580746,14.509799]]]}},
{"type":"Feature","properties":{},"geometry":{"type":"Polygon","coordinates":[[[5.511987,14.50968],[5.508586,14.507883],[5.503476,14.516478],[5.48794,14.511788],[5.486027,14.519503],[5.503142,14.52378],[5.501943,14.528254],[5.49485,14.526707],[5.495357,14.534813],[5.500393,14.538408],[5.506221,14.538347],[5.510415,14.531421],[5.511987,14.50968]]]}},
{"type":"Feature","properties":{},"geometry":{"type":"Polygon","coordinates":[[[5.483643,14.529667],[5.484407,14.523576],[5.479028,14.526472],[5.483643,14.529667]]]}},
{"type":"Feature","properties":{},"geometry":{"type":"Polygon","coordinates":[[[5.480186,14.518349],[5.475993,14.515556],[5.476051,14.520827],[5.480186,14.518349]]]}},
{"type":"Feature","properties":{},"geometry":{"type":"Polygon","coordinates":[[[5.510512,14.549656],[5.508791,14.544808],[5.504249,14.5481],[5.506367,14.551322],[5.510512,14.549656]]]}},
{"type":"Feature","properties":{},"geometry":{"type":"Polygon","coordinates":[[[5.593153,14.532132],[5.587714,14.529759],[5.588207,14.541415],[5.591596,14.541378],[5.593153,14.532132]]]}},
{"type":"Feature","properties":{},"geometry":{"type":"Polygon","coordinates":[[[5.603016,14.556757],[5.603385,14.552086],[5.598801,14.552344],[5.603016,14.556757]]]}},
{"type":"Feature","properties":{},"geometry":{"type":"Polygon","coordinates":[[[5.593395,14.552809],[5.586734,14.552882],[5.593858,14.556859],[5.593395,14.552809]]]}},
{"type":"Feature","properties":{},"geometry":{"type":"Polygon","coordinates":[[[5.603277,14.579056],[5.5949,14.574689],[5.58416,14.582106],[5.587373,14.571934],[5.568719,14.57903],[5.567597,14.589991],[5.575451,14.585039],[5.576794,14.593134],[5.582552,14.586989],[5.593324,14.59866],[5.593826,14.589705],[5.603277,14.579056]]]}},
{"type":"Feature","properties":{},"geometry":{"type":"Polygon","coordinates":[[[5.60343,14.59203],[5.598066,14.596145],[5.599382,14.601807],[5.602267,14.599342],[5.60343,14.59203]]]}},
{"type":"Feature","properties":{},"geometry":{"type":"Polygon","coordinates":[[[5.349335,14.544842],[5.345233,14.550561],[5.359165,14.56867],[5.362933,14.570659],[5.367041,14.565344],[5.375832,14.569717],[5.379111,14.564818],[5.390062,14.576469],[5.382664,14.585465],[5.38777,14.595552],[5.39018,14.587417],[5.399709,14.582859],[5.401095,14.595416],[5.404675,14.579969],[5.395024,14.573174],[5.404499,14.563749],[5.404437,14.558072],[5.397838,14.563817],[5.386176,14.56353],[5.379479,14.560353],[5.381461,14.551005],[5.369465,14.558425],[5.362705,14.549167],[5.351898,14.550898],[5.349335,14.544842]]]}},
{"type":"Feature","properties":{},"geometry":{"type":"Polygon","coordinates":[[[5.487128,14.617628],[5.465362,14.607724],[5.452449,14.607452],[5.445012,14.612802],[5.466788,14.623524],[5.481339,14.62134],[5.485956,14.624534],[5.487128,14.617628]]]}},
{"type":"Feature","properties":{},"geometry":{"type":"Polygon","coordinates":[[[5.429206,14.614588],[5.40163,14.606361],[5.384548,14.605723],[5.383347,14.610197],[5.396717,14.614117],[5.401363,14.620152],[5.394284,14.620224],[5.393096,14.625915],[5.402258,14.62582],[5.408571,14.631837],[5.413019,14.619624],[5.429206,14.614588]]]}},
{"type":"Feature","properties":{},"geometry":{"type":"Polygon","coordinates":[[[5.375061,14.614335],[5.368745,14.607909],[5.347121,14.61097],[5.342571,14.613855],[5.348079,14.622721],[5.342313,14.628864],[5.34528,14.6337],[5.349844,14.632031],[5.34853,14.625961],[5.357992,14.614914],[5.375061,14.614335]]]}},
{"type":"Feature","properties":{},"geometry":{"type":"Polygon","coordinates":[[[5.525358,14.610325],[5.51536,14.610026],[5.511256,14.615342],[5.519584,14.615253],[5.525358,14.610325]]]}},
{"type":"Feature","properties":{},"geometry":{"type":"Polygon","coordinates":[[[5.519269,14.624177],[5.524332,14.6298],[5.533044,14.626868],[5.533007,14.623624],[5.519269,14.624177]]]}},
{"type":"Feature","properties":{},"geometry":{"type":"Polygon","coordinates":[[[5.496838,14.629282],[5.486039,14.631833],[5.485668,14.635892],[5.496485,14.634964],[5.496838,14.629282]]]}},
{"type":"Feature","properties":{},"geometry":{"type":"Polygon","coordinates":[[[5.511186,14.645755],[5.510668,14.63684],[5.508553,14.634024],[5.506133,14.640943],[5.511186,14.645755]]]}},
{"type":"Feature","properties":{},"geometry":{"type":"Polygon","coordinates":[[[5.496262,14.651998],[5.488678,14.644375],[5.484161,14.650101],[5.492148,14.656503],[5.496262,14.651998]]]}},
{"type":"Feature","properties":{},"geometry":{"type":"Polygon","coordinates":[[[5.488922,14.665865],[5.467028,14.645014],[5.462008,14.64304],[5.45543,14.650813],[5.457594,14.65809],[5.463877,14.661269],[5.480203,14.668392],[5.488922,14.665865]]]}},
{"type":"Feature","properties":{},"geometry":{"type":"Polygon","coordinates":[[[5.524112,14.647037],[5.528272,14.646587],[5.526972,14.64214],[5.5211,14.638554],[5.524112,14.647037]]]}},
{"type":"Feature","properties":{},"geometry":{"type":"Polygon","coordinates":[[[5.560602,14.668937],[5.551771,14.661737],[5.541781,14.662253],[5.537888,14.649725],[5.533728,14.650176],[5.539329,14.666335],[5.553574,14.673476],[5.560658,14.673803],[5.560602,14.668937]]]}},
{"type":"Feature","properties":{},"geometry":{"type":"Polygon","coordinates":[[[5.594938,14.622634],[5.586151,14.609861],[5.565062,14.622661],[5.562822,14.644989],[5.566645,14.651434],[5.598942,14.670542],[5.626946,14.678739],[5.625798,14.687267],[5.635906,14.696479],[5.646613,14.686221],[5.666778,14.677822],[5.67504,14.660352],[5.659093,14.650399],[5.663096,14.636973],[5.652594,14.634628],[5.650566,14.6202],[5.63956,14.618991],[5.635497,14.627552],[5.627639,14.632101],[5.619093,14.625802],[5.61916,14.631393],[5.61545,14.631435],[5.606089,14.624316],[5.594938,14.622634]],[[5.656156,14.667777],[5.639782,14.676252],[5.643502,14.677651],[5.639839,14.680936],[5.632566,14.676512],[5.634307,14.667302],[5.627092,14.667744],[5.593044,14.653172],[5.604451,14.647277],[5.618275,14.657933],[5.615011,14.648059],[5.618965,14.638102],[5.621321,14.649429],[5.629201,14.658349],[5.63475,14.657926],[5.634894,14.6545],[5.644601,14.661239],[5.646004,14.670234],[5.656156,14.667777]],[[5.577991,14.632251],[5.586746,14.637022],[5.587577,14.644762],[5.579021,14.641251],[5.575064,14.635167],[5.577991,14.632251]]]}},
{"type":"Feature","properties":{},"geometry":{"type":"Polygon","coordinates":[[[5.639782,14.676252],[5.656156,14.667777],[5.646004,14.670234],[5.644601,14.661239],[5.634894,14.6545],[5.63475,14.657926],[5.629201,14.658349],[5.621321,14.649429],[5.618965,14.638102],[5.615011,14.648059],[5.618275,14.657933],[5.604451,14.647277],[5.593044,14.653172],[5.627092,14.667744],[5.634307,14.667302],[5.632566,14.676512],[5.639839,14.680936],[5.643502,14.677651],[5.639782,14.676252]]]}},
{"type":"Feature","properties":{},"geometry":{"type":"Polygon","coordinates":[[[5.577991,14.632251],[5.575064,14.635167],[5.579021,14.641251],[5.587577,14.644762],[5.586746,14.637022],[5.577991,14.632251]]]}},
{"type":"Feature","properties":{},"geometry":{"type":"Polygon","coordinates":[[[5.738498,14.378942],[5.729446,14.366664],[5.717638,14.370448],[5.724596,14.378276],[5.726556,14.385552],[5.723466,14.38802],[5.71101,14.389986],[5.693064,14.402353],[5.683075,14.40186],[5.678178,14.409822],[5.66628,14.40631],[5.664492,14.38882],[5.65484,14.3888],[5.656377,14.413112],[5.664016,14.425799],[5.650905,14.425337],[5.6498,14.437513],[5.665517,14.447069],[5.636917,14.456511],[5.633898,14.46506],[5.652012,14.466075],[5.697166,14.483805],[5.701587,14.488012],[5.698503,14.491088],[5.669916,14.501757],[5.663776,14.510343],[5.669488,14.518184],[5.695163,14.524576],[5.714663,14.536518],[5.71913,14.544373],[5.704786,14.545753],[5.65524,14.527469],[5.645251,14.52758],[5.644104,14.536108],[5.667496,14.560173],[5.684404,14.564234],[5.665718,14.5681],[5.665159,14.57358],[5.672078,14.577758],[5.693902,14.575072],[5.696943,14.568346],[5.717517,14.565678],[5.721814,14.559547],[5.751284,14.569539],[5.757505,14.56764],[5.759249,14.55728],[5.766665,14.551111],[5.765568,14.563287],[5.772535,14.571112],[5.76891,14.580885],[5.775176,14.582636],[5.775939,14.593574],[5.785305,14.593463],[5.783331,14.585581],[5.793808,14.57451],[5.781915,14.572218],[5.778725,14.566782],[5.78091,14.541822],[5.786506,14.539932],[5.792809,14.544723],[5.793334,14.53681],[5.818179,14.526779],[5.818595,14.510355],[5.838675,14.518627],[5.845495,14.514896],[5.848452,14.502091],[5.838912,14.488218],[5.844374,14.475989],[5.877812,14.455515],[5.877695,14.446394],[5.859728,14.440725],[5.855964,14.43534],[5.868785,14.424358],[5.876197,14.424267],[5.881663,14.416975],[5.879145,14.413538],[5.846359,14.435829],[5.828133,14.433877],[5.829849,14.423019],[5.820563,14.419109],[5.811411,14.43564],[5.801512,14.442449],[5.791997,14.437056],[5.783704,14.438021],[5.785656,14.42196],[5.767585,14.423994],[5.768983,14.436141],[5.78687,14.439745],[5.787221,14.447484],[5.799831,14.457673],[5.791163,14.46325],[5.792587,14.477221],[5.784451,14.475492],[5.783728,14.467594],[5.778051,14.462795],[5.769976,14.46593],[5.783324,14.485235],[5.772143,14.489623],[5.748307,14.480173],[5.736946,14.469968],[5.71448,14.470227],[5.706218,14.458158],[5.689876,14.448613],[5.691051,14.442518],[5.710337,14.437433],[5.725387,14.443343],[5.740355,14.442559],[5.744039,14.437651],[5.735432,14.431362],[5.726188,14.433276],[5.716768,14.420739],[5.71668,14.413514],[5.727483,14.410477],[5.734212,14.399451],[5.753754,14.415642],[5.76,14.416176],[5.762383,14.407025],[5.766645,14.40749],[5.760708,14.376874],[5.757086,14.382153],[5.738498,14.378942]],[[5.84213,14.446826],[5.840397,14.457793],[5.834835,14.462116],[5.814837,14.459924],[5.809745,14.452081],[5.816487,14.442269],[5.828303,14.439085],[5.84213,14.446826]],[[5.789457,14.494959],[5.796985,14.503902],[5.797076,14.511125],[5.786088,14.522093],[5.780414,14.513128],[5.789457,14.494959]]]}},
{"type":"Feature","properties":{},"geometry":{"type":"Polygon","coordinates":[[[5.84213,14.446826],[5.828303,14.439085],[5.816487,14.442269],[5.809745,14.452081],[5.814837,14.459924],[5.834835,14.462116],[5.840397,14.457793],[5.84213,14.446826]]]}},
{"type":"Feature","properties":{},"geometry":{"type":"Polygon","coordinates":[[[5.849576,14.221346],[5.834028,14.224343],[5.84591,14.227244],[5.849576,14.221346]]]}},
{"type":"Feature","properties":{},"geometry":{"type":"Polygon","coordinates":[[[5.948605,14.262483],[5.937385,14.262623],[5.941268,14.273519],[5.949987,14.272803],[5.948605,14.262483]]]}},
{"type":"Feature","properties":{},"geometry":{"type":"Polygon","coordinates":[[[6.057327,14.257162],[6.033042,14.259294],[6.029091,14.243535],[6.02217,14.238758],[6.017912,14.246716],[5.99939,14.26033],[6.003874,14.269394],[5.992248,14.28596],[6.00287,14.287649],[6.00585,14.277274],[6.023903,14.275218],[6.054005,14.281172],[6.058854,14.277816],[6.050593,14.266369],[6.068047,14.266144],[6.057327,14.257162]]]}},
{"type":"Feature","properties":{},"geometry":{"type":"Polygon","coordinates":[[[6.149184,14.183004],[6.149606,14.168407],[6.143932,14.163619],[6.124087,14.170568],[6.120499,14.181559],[6.134273,14.186242],[6.141867,14.194653],[6.149184,14.183004]]]}},
{"type":"Feature","properties":{},"geometry":{"type":"Polygon","coordinates":[[[6.110373,14.261339],[6.136711,14.272545],[6.162248,14.270989],[6.167201,14.268493],[6.170138,14.255686],[6.166946,14.250257],[6.155138,14.252844],[6.153976,14.258939],[6.147718,14.257198],[6.143221,14.247531],[6.118317,14.249684],[6.110373,14.261339]]]}},
{"type":"Feature","properties":{},"geometry":{"type":"Polygon","coordinates":[[[6.203789,14.29901],[6.186268,14.294383],[6.172964,14.279361],[6.163589,14.277659],[6.142439,14.280981],[6.139432,14.288925],[6.145244,14.30344],[6.152144,14.306387],[6.20075,14.304524],[6.203789,14.29901]]]}},
{"type":"Feature","properties":{},"geometry":{"type":"Polygon","coordinates":[[[6.134125,14.310884],[6.110883,14.298421],[6.102787,14.299134],[6.104858,14.313698],[6.10987,14.315458],[6.110602,14.323353],[6.119398,14.328102],[6.120511,14.31836],[6.134125,14.310884]]]}},
{"type":"Feature","properties":{},"geometry":{"type":"Polygon","coordinates":[[[6.231008,14.327822],[6.219666,14.319463],[6.162835,14.312933],[6.198073,14.335566],[6.223624,14.334608],[6.231008,14.327822]]]}},
{"type":"Feature","properties":{},"geometry":{"type":"Polygon","coordinates":[[[6.165124,14.342693],[6.148853,14.338654],[6.135998,14.35585],[6.111739,14.360426],[6.104331,14.365994],[6.12577,14.382739],[6.127792,14.393655],[6.132713,14.388726],[6.15331,14.389665],[6.153207,14.38237],[6.143111,14.373994],[6.149936,14.37147],[6.165722,14.385244],[6.159819,14.36465],[6.169172,14.364526],[6.169719,14.359047],[6.152832,14.355624],[6.151501,14.349562],[6.165192,14.347556],[6.165124,14.342693]]]}},
{"type":"Feature","properties":{},"geometry":{"type":"Polygon","coordinates":[[[6.056362,14.415872],[6.050199,14.421423],[6.050955,14.431142],[6.065302,14.430915],[6.072614,14.423595],[6.07139,14.419931],[6.056362,14.415872]]]}},
{"type":"Feature","properties":{},"geometry":{"type":"Polygon","coordinates":[[[5.94461,14.409994],[5.928904,14.401678],[5.91969,14.412737],[5.91556,14.431031],[5.924406,14.439436],[5.944074,14.41669],[5.94461,14.409994]]]}},
{"type":"Feature","properties":{},"geometry":{"type":"Polygon","coordinates":[[[5.939794,14.470863],[5.907845,14.46153],[5.898564,14.467724],[5.898154,14.484149],[5.908162,14.48585],[5.934859,14.475182],[5.939794,14.470863]]]}},
{"type":"Feature","properties":{},"geometry":{"type":"Polygon","coordinates":[[[6.13557,14.414527],[6.120517,14.408648],[6.126915,14.420115],[6.133784,14.420631],[6.13557,14.414527]]]}},
{"type":"Feature","properties":{},"geometry":{"type":"Polygon","coordinates":[[[6.007097,14.501266],[5.980097,14.498023],[5.974667,14.512076],[5.954364,14.534222],[5.958392,14.555454],[5.950447,14.568325],[5.964926,14.577262],[5.953917,14.594428],[5.964653,14.603412],[5.976515,14.603263],[5.995984,14.611529],[6.000569,14.627278],[6.01507,14.637426],[6.021322,14.637951],[6.024385,14.633655],[6.035084,14.639597],[6.040302,14.635303],[6.026974,14.610193],[6.015995,14.613699],[6.013606,14.621635],[6.00728,14.615638],[6.01771,14.602124],[6.005051,14.589521],[6.009322,14.582168],[6.009424,14.546946],[5.999112,14.519672],[6.007097,14.501266]]]}},
{"type":"Feature","properties":{},"geometry":{"type":"Polygon","coordinates":[[[5.682585,14.62021],[5.684987,14.612276],[5.689343,14.611009],[5.693216,14.621302],[5.714473,14.622882],[5.704956,14.610827],[5.685493,14.602539],[5.686602,14.59097],[5.671623,14.591752],[5.650007,14.612069],[5.658163,14.615018],[5.669353,14.610632],[5.682585,14.62021]]]}},
{"type":"Feature","properties":{},"geometry":{"type":"Polygon","coordinates":[[[5.799041,14.642559],[5.780829,14.634871],[5.76792,14.651443],[5.767434,14.662395],[5.780612,14.667106],[5.786195,14.663999],[5.788608,14.65728],[5.795448,14.654767],[5.799041,14.642559]]]}},
{"type":"Feature","properties":{},"geometry":{"type":"Polygon","coordinates":[[[5.838782,14.62444],[5.814274,14.612575],[5.812285,14.603477],[5.803104,14.618184],[5.805733,14.628491],[5.817636,14.631386],[5.838782,14.62444]]]}},
{"type":"Feature","properties":{},"geometry":{"type":"Polygon","coordinates":[[[5.848891,14.633439],[5.834559,14.636045],[5.840937,14.646307],[5.861562,14.647273],[5.874243,14.661709],[5.875587,14.668989],[5.884402,14.674352],[5.885989,14.65244],[5.878463,14.650102],[5.876502,14.643437],[5.880035,14.626975],[5.876802,14.618502],[5.867452,14.619834],[5.848891,14.633439]]]}},
{"type":"Feature","properties":{},"geometry":{"type":"Polygon","coordinates":[[[5.917041,14.686107],[5.905077,14.678959],[5.900184,14.686925],[5.913495,14.701354],[5.920382,14.702484],[5.917041,14.686107]]]}},
{"type":"Feature","properties":{},"geometry":{"type":"Polygon","coordinates":[[[5.384952,14.712491],[5.376097,14.702847],[5.348777,14.719552],[5.357281,14.754748],[5.364886,14.764402],[5.363182,14.780236],[5.373311,14.79169],[5.381417,14.789783],[5.391294,14.778124],[5.385501,14.762976],[5.390343,14.748326],[5.368374,14.740033],[5.366394,14.73032],[5.369986,14.715683],[5.384952,14.712491]]]}},
{"type":"Feature","properties":{},"geometry":{"type":"Polygon","coordinates":[[[5.438823,14.723486],[5.43616,14.708914],[5.429911,14.70898],[5.426277,14.719359],[5.431962,14.724774],[5.438823,14.723486]]]}},
{"type":"Feature","properties":{},"geometry":{"type":"Polygon","coordinates":[[[5.427742,14.73881],[5.419631,14.740112],[5.424718,14.747966],[5.436648,14.752706],[5.442252,14.750823],[5.427742,14.73881]]]}},
{"type":"Feature","properties":{},"geometry":{"type":"Polygon","coordinates":[[[5.412944,14.757216],[5.403548,14.75549],[5.398642,14.764058],[5.402472,14.771317],[5.408743,14.773076],[5.412944,14.757216]]]}},
{"type":"Feature","properties":{},"geometry":{"type":"Polygon","coordinates":[[[5.479542,14.786924],[5.473798,14.776646],[5.464965,14.769442],[5.458838,14.780456],[5.460775,14.78591],[5.473957,14.790634],[5.479542,14.786924]]]}},
{"type":"Feature","properties":{},"geometry":{"type":"Polygon","coordinates":[[[5.50517,14.786645],[5.495835,14.790395],[5.499031,14.796443],[5.506525,14.795754],[5.50517,14.786645]]]}},
{"type":"Feature","properties":{},"geometry":{"type":"Polygon","coordinates":[[[5.440907,14.798283],[5.443633,14.818329],[5.463035,14.81995],[5.468759,14.828404],[5.479339,14.824031],[5.47947,14.835587],[5.46645,14.845461],[5.466527,14.852151],[5.486584,14.85619],[5.493609,14.868887],[5.504963,14.877279],[5.52373,14.877684],[5.540182,14.861704],[5.542752,14.846453],[5.532756,14.847173],[5.527192,14.852708],[5.518986,14.846106],[5.505869,14.847464],[5.507226,14.856573],[5.499729,14.857263],[5.492121,14.848222],[5.495163,14.84089],[5.50386,14.835928],[5.523271,14.838152],[5.533232,14.834394],[5.534987,14.824034],[5.496844,14.82384],[5.479255,14.816733],[5.479832,14.812469],[5.464636,14.795601],[5.440907,14.798283]]]}},
{"type":"Feature","properties":{},"geometry":{"type":"Polygon","coordinates":[[[5.566281,14.826724],[5.553728,14.822608],[5.550063,14.829948],[5.555142,14.836582],[5.562012,14.835896],[5.566281,14.826724]]]}},
{"type":"Feature","properties":{},"geometry":{"type":"Polygon","coordinates":[[[5.516811,14.711704],[5.502356,14.704559],[5.498141,14.718595],[5.501349,14.725859],[5.511959,14.72453],[5.516811,14.711704]]]}},
{"type":"Feature","properties":{},"geometry":{"type":"Polygon","coordinates":[[[5.592892,14.698094],[5.574943,14.712889],[5.565485,14.705693],[5.553585,14.703393],[5.545555,14.71139],[5.557633,14.728894],[5.56499,14.770172],[5.575709,14.777962],[5.586183,14.765073],[5.594934,14.764976],[5.601736,14.758817],[5.614649,14.741032],[5.608895,14.730149],[5.597626,14.728452],[5.605669,14.72167],[5.599175,14.701065],[5.592892,14.698094]]]}},
{"type":"Feature","properties":{},"geometry":{"type":"Polygon","coordinates":[[[5.603494,14.85368],[5.587129,14.844741],[5.578397,14.846662],[5.583479,14.853296],[5.593505,14.855009],[5.603494,14.85368]]]}},
{"type":"Feature","properties":{},"geometry":{"type":"Polygon","coordinates":[[[5.417441,14.992578],[5.408653,14.99024],[5.374938,14.997283],[5.407531,15.00181],[5.417441,14.992578]]]}},
{"type":"Feature","properties":{},"geometry":{"type":"Polygon","coordinates":[[[5.618739,14.717264],[5.625831,14.735429],[5.652944,14.755193],[5.650621,14.769816],[5.658975,14.788576],[5.677138,14.791405],[5.682688,14.785258],[5.663612,14.758721],[5.663523,14.751423],[5.705639,14.771],[5.709562,14.784943],[5.720926,14.793933],[5.750856,14.788104],[5.758826,14.775843],[5.750102,14.760459],[5.741337,14.760024],[5.730057,14.774365],[5.715505,14.771184],[5.706031,14.752142],[5.692186,14.744397],[5.630647,14.720168],[5.618739,14.717264]]]}},
{"type":"Feature","properties":{},"geometry":{"type":"Polygon","coordinates":[[[5.804573,14.729067],[5.790981,14.721516],[5.783127,14.720821],[5.788249,14.73049],[5.804573,14.729067]]]}},
{"type":"Feature","properties":{},"geometry":{"type":"Polygon","coordinates":[[[5.827777,14.839469],[5.806149,14.810547],[5.78222,14.796849],[5.764728,14.797666],[5.755484,14.808116],[5.788812,14.82353],[5.805266,14.839141],[5.81969,14.842611],[5.827777,14.839469]]]}},
{"type":"Feature","properties":{},"geometry":{"type":"Polygon","coordinates":[[[5.753245,14.82882],[5.744364,14.818589],[5.744241,14.808861],[5.734127,14.799859],[5.720926,14.793933],[5.709156,14.802585],[5.723638,14.810931],[5.721922,14.823722],[5.730148,14.831532],[5.726557,14.844346],[5.734738,14.848506],[5.722388,14.860815],[5.736866,14.86855],[5.741837,14.866057],[5.741089,14.856336],[5.759156,14.851251],[5.753245,14.82882]]]}},
{"type":"Feature","properties":{},"geometry":{"type":"Polygon","coordinates":[[[5.786021,14.849713],[5.774754,14.848631],[5.769189,14.853563],[5.770541,14.861453],[5.786021,14.849713]]]}},
{"type":"Feature","properties":{},"geometry":{"type":"Polygon","coordinates":[[[5.800533,14.859876],[5.789327,14.86366],[5.790132,14.877637],[5.80058,14.863524],[5.800533,14.859876]]]}},
{"type":"Feature","properties":{},"geometry":{"type":"Polygon","coordinates":[[[5.884461,14.610638],[5.896499,14.629353],[5.898516,14.640274],[5.920181,14.649127],[5.934487,14.668102],[5.942967,14.671642],[5.982348,14.673876],[6.006666,14.670826],[6.04997,14.685766],[6.094124,14.694298],[6.102388,14.682333],[6.108176,14.694112],[6.103582,14.700557],[6.115877,14.708601],[6.111439,14.725988],[6.124582,14.727637],[6.129188,14.722103],[6.145192,14.727355],[6.154004,14.753681],[6.184026,14.756007],[6.190665,14.761387],[6.183262,14.767872],[6.180691,14.784322],[6.185562,14.797022],[6.162226,14.803725],[6.163216,14.80736],[6.182924,14.808914],[6.198963,14.815988],[6.247437,14.797982],[6.29156,14.802825],[6.328944,14.795908],[6.388965,14.798679],[6.398263,14.793984],[6.381596,14.806993],[6.313139,14.804341],[6.285096,14.8093],[6.233529,14.808207],[6.196231,14.821497],[6.179268,14.815348],[6.164299,14.817376],[6.180538,14.838128],[6.184515,14.853576],[6.175155,14.854617],[6.16219,14.865738],[6.161651,14.893103],[6.152355,14.898703],[6.146624,14.891487],[6.142162,14.907053],[6.18106,14.93752],[6.192717,14.964716],[6.200247,14.966436],[6.228381,14.966035],[6.235001,14.96959],[6.267575,14.952714],[6.300296,14.945858],[6.347291,14.952468],[6.364409,14.967716],[6.385168,14.975616],[6.394747,14.988239],[6.410861,14.998937],[6.460504,15.023716],[6.458706,15.08665],[6.461772,15.102103],[6.478838,15.112779],[6.509396,15.116409],[6.536028,15.137874],[6.591629,15.15158],[6.643215,15.14984],[6.690857,15.137214],[6.709968,15.156954],[6.708283,15.16792],[6.700905,15.175332],[6.6739,15.187625],[6.667072,15.226932],[6.696207,15.282508],[6.717149,15.298568],[6.752984,15.307082],[6.760331,15.297845],[6.801536,15.291681],[6.807958,15.283368],[6.836822,15.270115],[6.840426,15.261852],[6.832786,15.254691],[6.832688,15.249225],[6.8438,15.240833],[6.880445,15.242934],[6.89437,15.234491],[6.896145,15.228993],[6.917658,15.224974],[6.933285,15.207387],[6.933133,15.199189],[6.911523,15.197742],[6.933447,15.165467],[6.933312,15.158179],[6.930447,15.155494],[6.89973,15.168785],[6.906982,15.154991],[6.939573,15.141665],[6.93562,15.1308],[6.931785,15.126311],[6.909177,15.121235],[6.89682,15.112335],[6.895632,15.098686],[6.880445,15.088922],[6.870534,15.059476],[6.908756,15.046973],[6.917093,15.041361],[6.91696,15.034073],[6.854086,15.031505],[6.839894,15.024454],[6.832101,15.008181],[6.843155,14.997058],[6.861836,14.993097],[6.867954,14.968387],[6.864042,14.959341],[6.843261,14.950577],[6.825488,14.952697],[6.809686,14.960253],[6.788923,14.952399],[6.761808,14.956491],[6.740952,14.943163],[6.739747,14.927689],[6.713398,14.921738],[6.694717,14.925685],[6.6865,14.938579],[6.685827,14.954085],[6.675657,14.962454],[6.651255,14.961025],[6.650209,14.95466],[6.671412,14.933355],[6.648119,14.941932],[6.616129,14.935146],[6.615854,14.918742],[6.581736,14.896492],[6.56384,14.891301],[6.557145,14.8832],[6.549305,14.862354],[6.553617,14.839496],[6.533927,14.838892],[6.526136,14.820778],[6.50911,14.81101],[6.499727,14.81024],[6.487766,14.824095],[6.476537,14.825178],[6.477154,14.805112],[6.46584,14.800726],[6.467467,14.785202],[6.463575,14.776145],[6.470895,14.765093],[6.466096,14.757873],[6.45389,14.756232],[6.424596,14.740254],[6.399264,14.737896],[6.393574,14.733421],[6.415824,14.718502],[6.440103,14.713585],[6.439974,14.705382],[6.425756,14.69465],[6.404605,14.659405],[6.404407,14.646643],[6.393059,14.639517],[6.369694,14.642589],[6.354127,14.635062],[6.319431,14.631916],[6.308059,14.622958],[6.29396,14.61951],[6.27244,14.620726],[6.249234,14.634731],[6.242666,14.633909],[6.224994,14.64236],[6.210935,14.641644],[6.203378,14.63719],[6.203193,14.624426],[6.22326,14.58767],[6.218486,14.581353],[6.198023,14.590757],[6.184915,14.590935],[6.198603,14.566126],[6.165734,14.559276],[6.139523,14.55963],[6.133957,14.563354],[6.128805,14.596256],[6.111425,14.62567],[6.08468,14.625689],[6.080862,14.616955],[6.0696,14.615281],[6.075092,14.606087],[6.0713,14.596974],[6.063957,14.613532],[6.069057,14.643562],[6.057881,14.648269],[6.03872,14.642153],[6.022758,14.648725],[5.993574,14.638162],[5.988681,14.622718],[5.982064,14.618242],[5.971762,14.618372],[5.95595,14.626782],[5.934409,14.627057],[5.884461,14.610638]],[[6.357535,14.659877],[6.363895,14.676536],[6.384142,14.675703],[6.38543,14.687301],[6.370773,14.690755],[6.353487,14.6856],[6.348933,14.678102],[6.327613,14.681384],[6.319199,14.67556],[6.310968,14.681891],[6.307834,14.676532],[6.312704,14.649716],[6.342003,14.660373],[6.35221,14.656442],[6.357535,14.659877]],[[6.253178,14.733537],[6.273824,14.749495],[6.276194,14.783765],[6.250139,14.778718],[6.227608,14.760977],[6.210886,14.759406],[6.210542,14.735938],[6.253178,14.733537]],[[6.273176,14.641494],[6.275009,14.652816],[6.248864,14.648861],[6.260092,14.638709],[6.273176,14.641494]],[[6.225624,14.691602],[6.222135,14.699757],[6.208841,14.701834],[6.192983,14.699354],[6.189265,14.691839],[6.183136,14.690301],[6.185844,14.68567],[6.214991,14.685807],[6.225624,14.691602]],[[6.172308,14.593715],[6.186905,14.605406],[6.186432,14.611087],[6.180097,14.614415],[6.174717,14.606922],[6.140524,14.602522],[6.143233,14.597891],[6.157065,14.595],[6.148381,14.589174],[6.172308,14.593715]]]}},
{"type":"Feature","properties":{},"geometry":{"type":"Polygon","coordinates":[[[6.172308,14.593715],[6.148381,14.589174],[6.157065,14.595],[6.143233,14.597891],[6.140524,14.602522],[6.174717,14.606922],[6.180097,14.614415],[6.186432,14.611087],[6.186905,14.605406],[6.172308,14.593715]]]}},
{"type":"Feature","properties":{},"geometry":{"type":"Polygon","coordinates":[[[6.273176,14.641494],[6.260092,14.638709],[6.248864,14.648861],[6.275009,14.652816],[6.273176,14.641494]]]}},
{"type":"Feature","properties":{},"geometry":{"type":"Polygon","coordinates":[[[6.225624,14.691602],[6.214991,14.685807],[6.185844,14.68567],[6.183136,14.690301],[6.189265,14.691839],[6.192983,14.699354],[6.208841,14.701834],[6.222135,14.699757],[6.225624,14.691602]]]}},
{"type":"Feature","properties":{},"geometry":{"type":"Polygon","coordinates":[[[6.357535,14.659877],[6.35221,14.656442],[6.342003,14.660373],[6.312704,14.649716],[6.307834,14.676532],[6.310968,14.681891],[6.319199,14.67556],[6.327613,14.681384],[6.348933,14.678102],[6.353487,14.6856],[6.370773,14.690755],[6.38543,14.687301],[6.384142,14.675703],[6.363895,14.676536],[6.357535,14.659877]]]}},
{"type":"Feature","properties":{},"geometry":{"type":"Polygon","coordinates":[[[6.170569,14.952426],[6.138314,14.927339],[6.126784,14.908347],[6.07955,14.884361],[6.039194,14.882164],[6.011877,14.873404],[6.002577,14.879],[6.001929,14.899987],[6.041479,14.911318],[6.056626,14.92115],[6.073544,14.923659],[6.076461,14.930916],[6.073842,14.944631],[6.086125,14.950847],[6.0945,14.946173],[6.139728,14.96015],[6.093994,14.976276],[6.094152,14.987217],[6.085749,14.990068],[6.070663,14.984802],[6.040671,14.987027],[6.03048,14.996282],[6.033462,15.008099],[6.043937,15.018905],[6.071157,15.019452],[6.075731,15.011182],[6.102883,15.007163],[6.106504,14.997994],[6.124248,14.992281],[6.134593,14.993963],[6.143154,15.002051],[6.156286,15.001867],[6.168615,15.010816],[6.174418,15.022591],[6.191074,15.006856],[6.237159,15.014411],[6.223655,15.00298],[6.182335,14.986916],[6.170569,14.952426]]]}},
{"type":"Feature","properties":{},"geometry":{"type":"Polygon","coordinates":[[[6.141204,14.868022],[6.136399,14.859881],[6.127923,14.857261],[6.115775,14.86016],[6.111244,14.871165],[6.128198,14.876408],[6.141204,14.868022]]]}},
{"type":"Feature","properties":{},"geometry":{"type":"Polygon","coordinates":[[[5.943097,14.780351],[5.945995,14.786698],[5.971413,14.79458],[5.987572,14.81079],[5.999707,14.806985],[5.999594,14.798778],[5.988222,14.789804],[5.990971,14.785208],[6.007854,14.7859],[6.012401,14.775807],[5.967242,14.763622],[5.943097,14.780351]]]}},
{"type":"Feature","properties":{},"geometry":{"type":"Polygon","coordinates":[[[6.092143,14.846798],[6.092065,14.841327],[6.019845,14.839553],[6.018997,14.845948],[6.03406,14.85031],[6.092143,14.846798]]]}},
{"type":"Feature","properties":{},"geometry":{"type":"Polygon","coordinates":[[[6.027707,14.932476],[6.011663,14.925394],[5.976912,14.9222],[5.976988,14.927672],[5.988331,14.93391],[6.012791,14.93906],[6.027707,14.932476]]]}},
{"type":"Feature","properties":{},"geometry":{"type":"Polygon","coordinates":[[[6.144479,15.028479],[6.122808,15.022396],[6.114458,15.028893],[6.133342,15.036843],[6.144479,15.028479]]]}},
{"type":"Feature","properties":{},"geometry":{"type":"Polygon","coordinates":[[[6.093866,15.032516],[6.095257,15.042225],[6.101503,15.041533],[6.104534,15.034804],[6.093866,15.032516]]]}},
{"type":"Feature","properties":{},"geometry":{"type":"Polygon","coordinates":[[[6.173352,15.035068],[6.160825,15.034026],[6.161549,15.040703],[6.169091,15.043031],[6.173352,15.035068]]]}},
{"type":"Feature","properties":{},"geometry":{"type":"Polygon","coordinates":[[[6.133312,15.077577],[6.122677,15.077723],[6.124865,15.098972],[6.178279,15.114033],[6.180056,15.10732],[6.133312,15.077577]]]}},
{"type":"Feature","properties":{},"geometry":{"type":"Polygon","coordinates":[[[4.787558,15.376135],[4.791267,15.369717],[4.785591,15.366111],[4.736589,15.355548],[4.711192,15.355741],[4.701742,15.350337],[4.680087,15.347766],[4.670594,15.336884],[4.645184,15.335244],[4.640517,15.339842],[4.649054,15.348907],[4.66223,15.349725],[4.673583,15.357855],[4.698994,15.359486],[4.715059,15.36849],[4.787558,15.376135]]]}},
{"type":"Feature","properties":{},"geometry":{"type":"Polygon","coordinates":[[[4.727177,15.393042],[4.692584,15.381138],[4.651862,15.386919],[4.626723,15.380412],[4.622398,15.388963],[4.653193,15.396645],[4.702115,15.396277],[4.711572,15.402289],[4.724127,15.40341],[4.727177,15.393042]]]}},
{"type":"Feature","properties":{},"geometry":{"type":"Polygon","coordinates":[[[4.81031,15.432542],[4.788319,15.428459],[4.788403,15.438194],[4.80661,15.439875],[4.81031,15.432542]]]}},
{"type":"Feature","properties":{},"geometry":{"type":"Polygon","coordinates":[[[4.744492,15.438546],[4.731971,15.441686],[4.72764,15.449021],[4.709507,15.456461],[4.707674,15.46256],[4.72088,15.46611],[4.754029,15.453682],[4.750168,15.442152],[4.744492,15.438546]]]}},
{"type":"Feature","properties":{},"geometry":{"type":"Polygon","coordinates":[[[4.681447,15.477977],[4.655726,15.478778],[4.637473,15.47161],[4.610488,15.471203],[4.611181,15.479718],[4.618749,15.48453],[4.667702,15.485383],[4.681447,15.477977]]]}},
{"type":"Feature","properties":{},"geometry":{"type":"Polygon","coordinates":[[[4.576265,15.426414],[4.560523,15.418616],[4.559941,15.424706],[4.567537,15.433779],[4.565696,15.439269],[4.583922,15.443399],[4.576265,15.426414]]]}},
{"type":"Feature","properties":{},"geometry":{"type":"Polygon","coordinates":[[[4.561373,15.448428],[4.547562,15.447309],[4.540105,15.457099],[4.55454,15.457605],[4.561373,15.448428]]]}},
{"type":"Feature","properties":{},"geometry":{"type":"Polygon","coordinates":[[[2.746541,15.816409],[2.730822,15.816392],[2.720749,15.826118],[2.747127,15.850497],[2.742109,15.840143],[2.746541,15.816409]]]}},
{"type":"Feature","properties":{},"geometry":{"type":"Polygon","coordinates":[[[2.734003,15.787786],[2.73213,15.778044],[2.717665,15.782896],[2.721429,15.788379],[2.734003,15.787786]]]}},
{"type":"Feature","properties":{},"geometry":{"type":"Polygon","coordinates":[[[2.840793,15.892588],[2.827586,15.889534],[2.822549,15.896226],[2.837641,15.901108],[2.840793,15.892588]]]}},
{"type":"Feature","properties":{},"geometry":{"type":"Polygon","coordinates":[[[2.812487,15.894391],[2.817526,15.886482],[2.808723,15.88404],[2.797415,15.870639],[2.78232,15.871233],[2.784815,15.890714],[2.799286,15.885859],[2.812487,15.894391]]]}},
{"type":"Feature","properties":{},"geometry":{"type":"Polygon","coordinates":[[[2.738278,15.885184],[2.729484,15.876652],[2.720669,15.883945],[2.718764,15.897335],[2.704283,15.907054],[2.712453,15.911935],[2.733212,15.911354],[2.739509,15.905882],[2.738278,15.885184]]]}},
{"type":"Feature","properties":{},"geometry":{"type":"Polygon","coordinates":[[[2.707393,15.930797],[2.686647,15.921637],[2.679097,15.922843],[2.674682,15.929533],[2.677812,15.939276],[2.682853,15.934414],[2.699192,15.946003],[2.704856,15.945403],[2.707393,15.930797]]]}},
{"type":"Feature","properties":{},"geometry":{"type":"Polygon","coordinates":[[[2.769659,15.944265],[2.757709,15.941208],[2.737566,15.949707],[2.731894,15.956397],[2.74825,15.958849],[2.769659,15.944265]]]}},
{"type":"Feature","properties":{},"geometry":{"type":"Polygon","coordinates":[[[2.595516,15.879893],[2.584197,15.879059],[2.584181,15.887175],[2.594662,15.887602],[2.595516,15.879893]]]}},
{"type":"Feature","properties":{},"geometry":{"type":"Polygon","coordinates":[[[2.631938,15.910797],[2.613065,15.911981],[2.604268,15.907503],[2.597554,15.90952],[2.612619,15.926183],[2.625199,15.927018],[2.631938,15.910797]]]}},
{"type":"Feature","properties":{},"geometry":{"type":"Polygon","coordinates":[[[2.665032,15.93236],[2.659164,15.929917],[2.655797,15.937215],[2.643202,15.944499],[2.633508,15.970047],[2.638534,15.974519],[2.634325,15.982222],[2.625937,15.981396],[2.623829,15.986667],[2.628844,15.997228],[2.64477,16.006589],[2.67498,16.005013],[2.680861,16.000557],[2.669976,15.986339],[2.685091,15.97865],[2.698094,15.979481],[2.685948,15.966883],[2.654936,15.949793],[2.656623,15.944521],[2.663334,15.944126],[2.665032,15.93236]]]}},
{"type":"Feature","properties":{},"geometry":{"type":"Polygon","coordinates":[[[2.703508,16.006272],[2.703519,15.998561],[2.698072,15.993684],[2.689261,15.994483],[2.693016,16.008285],[2.703508,16.006272]]]}},
{"type":"Feature","properties":{},"geometry":{"type":"Polygon","coordinates":[[[2.706888,15.990044],[2.711505,15.988022],[2.732053,15.994542],[2.727836,16.010363],[2.742089,16.020117],[2.758456,16.017296],[2.757651,15.98889],[2.740449,15.990087],[2.708997,15.982337],[2.706888,15.990044]]]}},
{"type":"Feature","properties":{},"geometry":{"type":"Polygon","coordinates":[[[2.585835,16.101845],[2.600945,16.102281],[2.665125,16.127956],[2.698718,16.122322],[2.710037,16.133296],[2.704133,16.150736],[2.708746,16.154395],[2.727648,16.148739],[2.740687,16.130494],[2.734819,16.12359],[2.670629,16.099963],[2.677796,16.080494],[2.673186,16.076024],[2.649265,16.074771],[2.666915,16.061408],[2.674876,16.069128],[2.684526,16.071172],[2.691666,16.067529],[2.697989,16.048872],[2.688766,16.043582],[2.627512,16.036587],[2.614501,16.038187],[2.609449,16.0467],[2.581329,16.049082],[2.567023,16.066502],[2.568271,16.071781],[2.577924,16.071801],[2.580832,16.085602],[2.576197,16.094521],[2.585835,16.101845]]]}},
{"type":"Feature","properties":{},"geometry":{"type":"Polygon","coordinates":[[[2.840168,16.150475],[2.830099,16.141135],[2.777633,16.128506],[2.800731,16.12082],[2.811642,16.124482],[2.814585,16.119614],[2.799475,16.117572],[2.782699,16.102948],[2.777269,16.078999],[2.768461,16.073714],[2.754603,16.08019],[2.757129,16.074106],[2.752938,16.068826],[2.736574,16.066373],[2.726917,16.069609],[2.725649,16.075693],[2.733603,16.091125],[2.755845,16.094396],[2.757519,16.098049],[2.746598,16.104123],[2.766321,16.109421],[2.767576,16.113076],[2.753301,16.115089],[2.750356,16.119954],[2.75581,16.123207],[2.771346,16.120385],[2.766293,16.132958],[2.785591,16.14637],[2.791039,16.156115],[2.801531,16.16059],[2.804899,16.150853],[2.833447,16.154528],[2.840168,16.150475]]]}},
{"type":"Feature","properties":{},"geometry":{"type":"Polygon","coordinates":[[[2.696551,16.166956],[2.687315,16.166131],[2.686042,16.174245],[2.696958,16.17548],[2.696551,16.166956]]]}},
{"type":"Feature","properties":{},"geometry":{"type":"Polygon","coordinates":[[[2.772533,16.183283],[2.779254,16.181262],[2.767087,16.172322],[2.757005,16.175962],[2.743574,16.171076],[2.70114,16.186848],[2.702391,16.192936],[2.722971,16.190935],[2.725897,16.201084],[2.730942,16.197034],[2.735558,16.199473],[2.731347,16.207584],[2.735118,16.214082],[2.743947,16.207192],[2.745622,16.211253],[2.753603,16.210451],[2.752782,16.194623],[2.759921,16.195444],[2.768308,16.205597],[2.775027,16.205605],[2.775453,16.200331],[2.768321,16.193829],[2.772533,16.183283]]]}},
{"type":"Feature","properties":{},"geometry":{"type":"Polygon","coordinates":[[[2.682581,16.238356],[2.670407,16.23347],[2.65402,16.237095],[2.65485,16.242777],[2.671646,16.246455],[2.680049,16.245655],[2.682581,16.238356]]]}},
{"type":"Feature","properties":{},"geometry":{"type":"Polygon","coordinates":[[[2.709026,16.249757],[2.699367,16.24812],[2.695158,16.253794],[2.701454,16.257456],[2.709026,16.249757]]]}},
{"type":"Feature","properties":{},"geometry":{"type":"Polygon","coordinates":[[[2.852687,16.253558],[2.839667,16.251519],[2.839662,16.257605],[2.850162,16.260455],[2.852687,16.253558]]]}},
{"type":"Feature","properties":{},"geometry":{"type":"Polygon","coordinates":[[[2.826213,16.264494],[2.815292,16.26286],[2.811506,16.267727],[2.827468,16.27058],[2.826213,16.264494]]]}},
{"type":"Feature","properties":{},"geometry":{"type":"Polygon","coordinates":[[[2.794701,16.268118],[2.779578,16.267697],[2.779993,16.272566],[2.793436,16.273392],[2.794701,16.268118]]]}},
{"type":"Feature","properties":{},"geometry":{"type":"Polygon","coordinates":[[[2.752685,16.272941],[2.740084,16.270493],[2.741758,16.275364],[2.748478,16.276994],[2.752685,16.272941]]]}},
{"type":"Feature","properties":{},"geometry":{"type":"Polygon","coordinates":[[[2.734604,16.284453],[2.724948,16.278996],[2.713603,16.280604],[2.713588,16.290747],[2.726191,16.291576],[2.734604,16.284453]]]}},
{"type":"Feature","properties":{},"geometry":{"type":"Polygon","coordinates":[[[2.816103,16.293296],[2.807704,16.289637],[2.802655,16.296937],[2.813576,16.299786],[2.816103,16.293296]]]}},
{"type":"Feature","properties":{},"geometry":{"type":"Polygon","coordinates":[[[2.846768,16.302249],[2.835424,16.301428],[2.825333,16.309536],[2.80768,16.31439],[2.802209,16.322097],[2.810606,16.329811],[2.81143,16.346856],[2.815629,16.351729],[2.836241,16.329428],[2.846768,16.302249]]]}},
{"type":"Feature","properties":{},"geometry":{"type":"Polygon","coordinates":[[[2.77231,16.376746],[2.760326,16.380383],[2.7641,16.3883],[2.771038,16.386483],[2.77231,16.376746]]]}},
{"type":"Feature","properties":{},"geometry":{"type":"Polygon","coordinates":[[[2.657745,16.268854],[2.655829,16.283459],[2.645098,16.293181],[2.638171,16.290125],[2.634416,16.276118],[2.624965,16.274885],[2.628039,16.315672],[2.587714,16.308903],[2.560606,16.311281],[2.556819,16.313707],[2.558698,16.319189],[2.577593,16.325925],[2.58199,16.333237],[2.600261,16.337535],[2.600219,16.35823],[2.604626,16.361282],[2.624188,16.352186],[2.644354,16.356482],[2.672756,16.33705],[2.677815,16.327318],[2.669014,16.312698],[2.672806,16.306617],[2.683496,16.322457],[2.706822,16.320058],[2.709298,16.350495],[2.706119,16.36875],[2.711156,16.373019],[2.733234,16.365137],[2.740811,16.356621],[2.742749,16.32132],[2.738341,16.317664],[2.713759,16.317631],[2.70621,16.307275],[2.691091,16.302381],[2.687979,16.27803],[2.670987,16.264005],[2.657745,16.268854]]]}},
{"type":"Feature","properties":{},"geometry":{"type":"Polygon","coordinates":[[[2.524003,16.330529],[2.536567,16.349121],[2.527072,16.364926],[2.530838,16.372238],[2.564215,16.389351],[2.552867,16.388719],[2.537127,16.378948],[2.528274,16.389275],[2.552831,16.404544],[2.528798,16.43371],[2.528154,16.439186],[2.541375,16.449561],[2.541357,16.456864],[2.520513,16.468993],[2.520493,16.476905],[2.533073,16.492151],[2.556401,16.498285],[2.565198,16.51413],[2.559432,16.553072],[2.548664,16.57009],[2.557475,16.581066],[2.55557,16.585931],[2.571334,16.59266],[2.585754,16.638341],[2.597097,16.64871],[2.62046,16.647535],[2.684217,16.655555],[2.693698,16.649483],[2.679831,16.634852],[2.661535,16.627522],[2.672909,16.621451],[2.701954,16.618453],[2.685578,16.595298],[2.694445,16.576443],[2.664823,16.552053],[2.655348,16.556906],[2.648421,16.548373],[2.630129,16.544079],[2.629508,16.538904],[2.629517,16.534035],[2.655428,16.511561],[2.664316,16.479925],[2.664966,16.468969],[2.657413,16.459217],[2.658713,16.437308],[2.647995,16.434855],[2.646745,16.428767],[2.657484,16.419047],[2.639854,16.403798],[2.631644,16.410479],[2.635412,16.418398],[2.62281,16.412899],[2.616528,16.400712],[2.620324,16.394025],[2.61595,16.373931],[2.606496,16.372088],[2.606478,16.381217],[2.590088,16.379361],[2.581868,16.390301],[2.575561,16.390896],[2.574326,16.379328],[2.550407,16.361626],[2.549804,16.349452],[2.537242,16.32995],[2.524003,16.330529]]]}},
{"type":"Feature","properties":{},"geometry":{"type":"Polygon","coordinates":[[[2.767844,16.420718],[2.711697,16.434039],[2.685877,16.410262],[2.683337,16.420606],[2.698445,16.438889],[2.732483,16.453546],[2.750771,16.456609],[2.736915,16.441377],[2.762158,16.429232],[2.767844,16.420718]]]}},
{"type":"Feature","properties":{},"geometry":{"type":"Polygon","coordinates":[[[2.719234,16.455353],[2.706212,16.446814],[2.690222,16.454094],[2.66837,16.445134],[2.667099,16.450815],[2.675889,16.475172],[2.692704,16.479662],[2.697733,16.491436],[2.707819,16.496321],[2.722545,16.493096],[2.734334,16.483779],[2.724252,16.475649],[2.726362,16.470783],[2.719234,16.455353]]]}},
{"type":"Feature","properties":{},"geometry":{"type":"Polygon","coordinates":[[[2.672922,16.489371],[2.668712,16.4918],[2.669926,16.519801],[2.674992,16.508851],[2.681301,16.50886],[2.698939,16.527554],[2.702754,16.508082],[2.672922,16.489371]]]}},
{"type":"Feature","properties":{},"geometry":{"type":"Polygon","coordinates":[[[2.671995,16.540093],[2.660235,16.52912],[2.649701,16.53884],[2.653899,16.543715],[2.663153,16.544544],[2.671995,16.540093]]]}},
{"type":"Feature","properties":{},"geometry":{"type":"Polygon","coordinates":[[[2.693459,16.534443],[2.688421,16.527944],[2.688401,16.540523],[2.693459,16.534443]]]}},
{"type":"Feature","properties":{},"geometry":{"type":"Polygon","coordinates":[[[2.70069,16.664237],[2.6903,16.668277],[2.690012,16.673147],[2.700657,16.685336],[2.725909,16.691593],[2.736017,16.689172],[2.736028,16.681056],[2.72986,16.67618],[2.70069,16.664237]]]}},
{"type":"Feature","properties":{},"geometry":{"type":"Polygon","coordinates":[[[2.751429,16.708396],[2.743843,16.714068],[2.744953,16.723538],[2.751132,16.72084],[2.751429,16.708396]]]}},
{"type":"Feature","properties":{},"geometry":{"type":"Polygon","coordinates":[[[2.733175,16.714057],[2.721964,16.702139],[2.709888,16.70645],[2.705662,16.716181],[2.712077,16.744056],[2.719649,16.749747],[2.725828,16.748402],[2.727528,16.737583],[2.716601,16.72215],[2.721941,16.7181],[2.734563,16.725419],[2.733175,16.714057]]]}},
{"type":"Feature","properties":{},"geometry":{"type":"Polygon","coordinates":[[[2.694778,16.764452],[2.694795,16.753632],[2.684152,16.737655],[2.683292,16.748475],[2.694778,16.764452]]]}},
{"type":"Feature","properties":{},"geometry":{"type":"Polygon","coordinates":[[[2.676795,16.771729],[2.675999,16.744406],[2.66983,16.739799],[2.663921,16.747635],[2.665841,16.773336],[2.668082,16.776315],[2.676795,16.771729]]]}},
{"type":"Feature","properties":{},"geometry":{"type":"Polygon","coordinates":[[[2.62582,16.713276],[2.628816,16.687718],[2.625463,16.680002],[2.620414,16.678775],[2.614882,16.708386],[2.606887,16.705531],[2.602279,16.694162],[2.593833,16.70632],[2.605595,16.719731],[2.581165,16.723336],[2.573572,16.729405],[2.582395,16.738351],[2.609759,16.742867],[2.611435,16.746927],[2.596261,16.753393],[2.610149,16.757881],[2.61013,16.767214],[2.632906,16.75062],[2.648899,16.756329],[2.659446,16.746609],[2.654838,16.732804],[2.641363,16.732375],[2.634654,16.71735],[2.62582,16.713276]]]}},
{"type":"Feature","properties":{},"geometry":{"type":"Polygon","coordinates":[[[2.601904,16.67225],[2.594762,16.665339],[2.579194,16.662061],[2.56535,16.64093],[2.551055,16.634002],[2.530854,16.633148],[2.523679,16.641247],[2.538398,16.646554],[2.538383,16.653047],[2.526607,16.648962],[2.513583,16.639193],[2.506901,16.618889],[2.495131,16.613584],[2.491365,16.605054],[2.472883,16.592836],[2.44427,16.619138],[2.444303,16.629822],[2.438666,16.638463],[2.446478,16.653994],[2.442102,16.679139],[2.462759,16.719141],[2.467247,16.720234],[2.475503,16.712498],[2.485597,16.716491],[2.491414,16.710554],[2.538484,16.70823],[2.548044,16.701487],[2.54525,16.696072],[2.550584,16.695542],[2.562057,16.710987],[2.557818,16.723421],[2.566519,16.72398],[2.585351,16.7132],[2.580879,16.704264],[2.589881,16.694815],[2.585403,16.689124],[2.595234,16.685358],[2.594693,16.675617],[2.601904,16.67225]]]}},
{"type":"Feature","properties":{},"geometry":{"type":"Polygon","coordinates":[[[2.429638,16.644283],[2.408529,16.657329],[2.408262,16.701451],[2.418811,16.719393],[2.419965,16.708937],[2.443619,16.704615],[2.439093,16.695046],[2.420637,16.69307],[2.436504,16.684819],[2.435725,16.652476],[2.429638,16.644283]]]}},
{"type":"Feature","properties":{},"geometry":{"type":"Polygon","coordinates":[[[2.402398,16.660372],[2.385381,16.677556],[2.391075,16.691519],[2.397237,16.689053],[2.401708,16.695156],[2.402398,16.660372]]]}},
{"type":"Feature","properties":{},"geometry":{"type":"Polygon","coordinates":[[[2.394309,16.701065],[2.386495,16.686795],[2.373764,16.689282],[2.390549,16.706465],[2.394309,16.701065]]]}},
{"type":"Feature","properties":{},"geometry":{"type":"Polygon","coordinates":[[[2.372028,16.705145],[2.3741,16.700823],[2.364859,16.665989],[2.360961,16.65678],[2.351444,16.649716],[2.345615,16.658354],[2.342348,16.683772],[2.348132,16.688479],[2.353428,16.671725],[2.35675,16.68526],[2.363845,16.689791],[2.372028,16.705145]]]}},
{"type":"Feature","properties":{},"geometry":{"type":"Polygon","coordinates":[[[2.459649,16.555367],[2.429801,16.537235],[2.4159,16.543282],[2.412075,16.556256],[2.404509,16.553802],[2.420566,16.53031],[2.416404,16.515692],[2.39368,16.518877],[2.379388,16.515994],[2.359468,16.497875],[2.341173,16.497819],[2.32653,16.468672],[2.316806,16.470172],[2.313226,16.478455],[2.277513,16.482303],[2.271132,16.489195],[2.243614,16.499976],[2.227408,16.501598],[2.197514,16.528359],[2.20222,16.535709],[2.201271,16.543976],[2.2204,16.541832],[2.21238,16.548701],[2.225817,16.554835],[2.231239,16.566623],[2.237964,16.568272],[2.229506,16.579197],[2.234066,16.596457],[2.241185,16.60541],[2.256727,16.612569],[2.26089,16.624352],[2.269301,16.626003],[2.296988,16.650442],[2.310454,16.651299],[2.302413,16.663445],[2.305337,16.669541],[2.309958,16.672398],[2.318388,16.669181],[2.327658,16.675629],[2.337919,16.665922],[2.343805,16.640632],[2.349543,16.640167],[2.366395,16.654108],[2.371359,16.661818],[2.370926,16.67961],[2.375788,16.680707],[2.398082,16.65132],[2.43699,16.631167],[2.440905,16.614287],[2.458553,16.59083],[2.459649,16.555367]]]}},
{"type":"Feature","properties":{},"geometry":{"type":"Polygon","coordinates":[[[2.356882,16.453233],[2.34975,16.44834],[2.33247,16.460056],[2.339176,16.466569],[2.356839,16.466216],[2.356882,16.453233]]]}},
{"type":"Feature","properties":{},"geometry":{"type":"Polygon","coordinates":[[[2.437804,16.533402],[2.437396,16.528939],[2.42856,16.529726],[2.430234,16.532976],[2.437804,16.533402]]]}},
{"type":"Feature","properties":{},"geometry":{"type":"Polygon","coordinates":[[[2.265768,16.641005],[2.261997,16.636528],[2.257366,16.636916],[2.261127,16.643828],[2.265768,16.641005]]]}},
{"type":"Feature","properties":{},"geometry":{"type":"Polygon","coordinates":[[[2.248974,16.630393],[2.245596,16.633221],[2.247689,16.636069],[2.252326,16.634059],[2.248974,16.630393]]]}},
{"type":"Feature","properties":{},"geometry":{"type":"Polygon","coordinates":[[[2.216298,16.558407],[2.21073,16.594274],[2.218027,16.593218],[2.219484,16.602961],[2.225274,16.604787],[2.228469,16.601013],[2.22375,16.565108],[2.216298,16.558407]]]}},
{"type":"Feature","properties":{},"geometry":{"type":"Polygon","coordinates":[[[2.204909,16.599798],[2.201925,16.575172],[2.19539,16.572804],[2.194849,16.567933],[2.204209,16.565443],[2.20258,16.552452],[2.192931,16.534564],[2.144314,16.53671],[2.117102,16.559411],[2.118393,16.563384],[2.127174,16.564864],[2.133744,16.580038],[2.154292,16.585169],[2.153331,16.591116],[2.170119,16.600924],[2.174628,16.596074],[2.172967,16.591017],[2.152268,16.577587],[2.182957,16.572484],[2.184968,16.583312],[2.176702,16.592114],[2.18602,16.599906],[2.195028,16.592549],[2.204909,16.599798]],[[2.182807,16.541375],[2.179616,16.544429],[2.171956,16.543135],[2.177208,16.539189],[2.182807,16.541375]],[[2.140168,16.544269],[2.148213,16.542857],[2.149846,16.554224],[2.138818,16.553461],[2.140168,16.544269]],[[2.14083,16.563566],[2.149196,16.57442],[2.148444,16.575499],[2.13855,16.571672],[2.14083,16.563566]]]}},
{"type":"Feature","properties":{},"geometry":{"type":"Polygon","coordinates":[[[2.140168,16.544269],[2.138818,16.553461],[2.149846,16.554224],[2.148213,16.542857],[2.140168,16.544269]]]}},
{"type":"Feature","properties":{},"geometry":{"type":"Polygon","coordinates":[[[2.148444,16.575499],[2.14083,16.563566],[2.13855,16.571672],[2.148444,16.575499]]]}},
{"type":"Feature","properties":{},"geometry":{"type":"Polygon","coordinates":[[[2.182807,16.541375],[2.177208,16.539189],[2.171956,16.543135],[2.179616,16.544429],[2.182807,16.541375]]]}},
{"type":"Feature","properties":{},"geometry":{"type":"Polygon","coordinates":[[[2.088332,16.56192],[2.080234,16.554313],[2.064269,16.549918],[2.064241,16.555869],[2.078216,16.565936],[2.088332,16.56192]]]}},
{"type":"Feature","properties":{},"geometry":{"type":"Polygon","coordinates":[[[2.037068,16.547858],[2.029079,16.52081],[1.988203,16.508717],[1.979505,16.510027],[1.989267,16.519812],[1.986992,16.526023],[1.97464,16.528666],[1.977404,16.536253],[1.990018,16.537129],[1.999575,16.532847],[2.00628,16.537746],[2.008737,16.550741],[2.022186,16.553236],[2.026691,16.549741],[2.013865,16.535075],[2.016978,16.52941],[2.037068,16.547858]]]}},
{"type":"Feature","properties":{},"geometry":{"type":"Polygon","coordinates":[[[1.966067,16.506172],[1.961353,16.496411],[1.952108,16.495013],[1.953182,16.503943],[1.959874,16.510739],[1.966067,16.506172]]]}},
{"type":"Feature","properties":{},"geometry":{"type":"Polygon","coordinates":[[[1.951075,16.530711],[1.936222,16.529017],[1.935915,16.533882],[1.944885,16.534467],[1.951075,16.530711]]]}},
{"type":"Feature","properties":{},"geometry":{"type":"Polygon","coordinates":[[[2.330781,16.243935],[2.316961,16.245694],[2.318744,16.269866],[2.312197,16.291304],[2.317277,16.298175],[2.290046,16.32381],[2.28701,16.336905],[2.278006,16.347756],[2.26717,16.348442],[2.279171,16.335616],[2.28348,16.314711],[2.250668,16.300294],[2.244906,16.309409],[2.243431,16.337056],[2.219749,16.358969],[2.19854,16.368691],[2.176742,16.369807],[2.166273,16.386415],[2.153924,16.391114],[2.150743,16.406491],[2.136292,16.421221],[2.123292,16.445212],[2.10823,16.442744],[2.097988,16.421539],[2.083953,16.412821],[2.072087,16.419865],[2.061212,16.414889],[2.053356,16.416777],[2.020833,16.438204],[2.01883,16.446309],[2.002028,16.443259],[1.994727,16.445929],[1.993788,16.464858],[2.007506,16.468439],[1.998233,16.472723],[1.976368,16.472617],[1.97578,16.477753],[2.006015,16.486013],[1.998971,16.492743],[1.995853,16.505442],[2.000195,16.509188],[2.017165,16.504819],[2.021757,16.508446],[2.02903,16.499463],[2.038142,16.521566],[2.035494,16.527685],[2.045689,16.532723],[2.043903,16.54101],[2.061854,16.540251],[2.075603,16.545179],[2.080814,16.523923],[2.089223,16.538023],[2.088072,16.54427],[2.08033,16.547122],[2.084243,16.55176],[2.110459,16.554709],[2.137666,16.533123],[2.178946,16.526858],[2.226992,16.49554],[2.240699,16.495472],[2.272788,16.478574],[2.293102,16.477682],[2.325601,16.447854],[2.336067,16.447647],[2.34779,16.425379],[2.357471,16.417293],[2.355626,16.410193],[2.364367,16.403368],[2.36507,16.388267],[2.373053,16.38951],[2.372665,16.379364],[2.381493,16.378985],[2.3832,16.370875],[2.394563,16.36604],[2.394165,16.358734],[2.40006,16.355099],[2.392966,16.338849],[2.384983,16.338418],[2.382055,16.333945],[2.40484,16.303173],[2.389279,16.307997],[2.39773,16.2924],[2.386819,16.28831],[2.382638,16.281806],[2.375071,16.283406],[2.381412,16.270846],[2.375114,16.270016],[2.372634,16.257023],[2.363803,16.260242],[2.360394,16.275245],[2.353314,16.256152],[2.330781,16.243935]],[[2.233288,16.377729],[2.242203,16.390927],[2.233766,16.39883],[2.224617,16.397353],[2.222995,16.38238],[2.216283,16.379109],[2.219655,16.376597],[2.218002,16.369556],[2.230089,16.383487],[2.233288,16.377729]],[[2.152374,16.427099],[2.161272,16.443727],[2.152093,16.448919],[2.140885,16.447975],[2.152374,16.427099]],[[2.116945,16.514327],[2.124166,16.529687],[2.119259,16.539944],[2.108793,16.539177],[2.104331,16.533749],[2.103847,16.517155],[2.112787,16.524228],[2.116945,16.514327]]]}},
{"type":"Feature","properties":{},"geometry":{"type":"Polygon","coordinates":[[[2.124166,16.529687],[2.116945,16.514327],[2.112787,16.524228],[2.103847,16.517155],[2.104331,16.533749],[2.108793,16.539177],[2.119259,16.539944],[2.124166,16.529687]]]}},
{"type":"Feature","properties":{},"geometry":{"type":"Polygon","coordinates":[[[2.152374,16.427099],[2.140528,16.444006],[2.140885,16.447975],[2.152093,16.448919],[2.161272,16.443727],[2.152374,16.427099]]]}},
{"type":"Feature","properties":{},"geometry":{"type":"Polygon","coordinates":[[[2.242203,16.390927],[2.233288,16.377729],[2.230089,16.383487],[2.218002,16.369556],[2.219655,16.376597],[2.216283,16.379109],[2.222995,16.38238],[2.224617,16.397353],[2.233766,16.39883],[2.242203,16.390927]]]}},
{"type":"Feature","properties":{},"geometry":{"type":"Polygon","coordinates":[[[2.228767,16.297462],[2.210956,16.276364],[2.197479,16.284838],[2.197439,16.294575],[2.190282,16.298199],[2.181484,16.292079],[2.137324,16.302858],[2.139377,16.313822],[2.149431,16.320759],[2.149407,16.326439],[2.141425,16.326002],[2.123014,16.308482],[2.11123,16.312893],[2.109919,16.32425],[2.1439,16.336562],[2.121611,16.340529],[2.101909,16.329895],[2.092601,16.34365],[2.070746,16.344368],[2.070702,16.353701],[2.063548,16.355698],[2.053816,16.36945],[2.052002,16.397032],[2.032689,16.392479],[2.029718,16.398145],[2.049032,16.402699],[2.051928,16.412194],[2.073963,16.411232],[2.095325,16.397619],[2.10067,16.399927],[2.107566,16.417269],[2.105781,16.426277],[2.118171,16.440999],[2.128946,16.427218],[2.129987,16.417185],[2.146448,16.398555],[2.148246,16.386058],[2.155557,16.380135],[2.162526,16.381366],[2.178247,16.35949],[2.192922,16.363995],[2.21782,16.350319],[2.238249,16.332302],[2.244199,16.290486],[2.240021,16.28452],[2.235498,16.295052],[2.228767,16.297462]],[[2.180283,16.343289],[2.175571,16.35355],[2.167164,16.354057],[2.165695,16.3481],[2.174722,16.33335],[2.180283,16.343289]],[[2.126676,16.386176],[2.131647,16.402787],[2.122055,16.416993],[2.120028,16.410672],[2.112193,16.407933],[2.11004,16.388449],[2.118969,16.396962],[2.126676,16.386176]]]}},
{"type":"Feature","properties":{},"geometry":{"type":"Polygon","coordinates":[[[2.180283,16.343289],[2.174722,16.33335],[2.165695,16.3481],[2.167164,16.354057],[2.175571,16.35355],[2.180283,16.343289]]]}},
{"type":"Feature","properties":{},"geometry":{"type":"Polygon","coordinates":[[[2.131647,16.402787],[2.126676,16.386176],[2.118969,16.396962],[2.11004,16.388449],[2.112193,16.407933],[2.120028,16.410672],[2.122055,16.416993],[2.131647,16.402787]]]}},
{"type":"Feature","properties":{},"geometry":{"type":"Polygon","coordinates":[[[2.040148,16.374525],[2.025599,16.3704],[2.013522,16.376025],[2.015739,16.380904],[2.02305,16.375798],[2.033657,16.383962],[2.037864,16.383171],[2.040148,16.374525]]]}},
{"type":"Feature","properties":{},"geometry":{"type":"Polygon","coordinates":[[[2.302549,16.284216],[2.270456,16.278158],[2.246545,16.281319],[2.247091,16.284928],[2.262208,16.286786],[2.253238,16.288737],[2.260859,16.298144],[2.29406,16.308532],[2.305296,16.299374],[2.306636,16.290181],[2.302549,16.284216]]]}},
{"type":"Feature","properties":{},"geometry":{"type":"Polygon","coordinates":[[[2.304083,16.239699],[2.292093,16.251561],[2.294129,16.256437],[2.301976,16.254841],[2.30997,16.264605],[2.310609,16.241885],[2.304083,16.239699]]]}},
{"type":"Feature","properties":{},"geometry":{"type":"Polygon","coordinates":[[[2.301005,16.172939],[2.291385,16.162357],[2.269148,16.158226],[2.254864,16.160611],[2.234212,16.181231],[2.245518,16.189387],[2.264406,16.191485],[2.264811,16.195543],[2.250077,16.205229],[2.258041,16.209315],[2.280752,16.200057],[2.282455,16.193571],[2.301403,16.179028],[2.301005,16.172939]]]}},
{"type":"Feature","properties":{},"geometry":{"type":"Polygon","coordinates":[[[2.213395,16.136317],[2.204179,16.131416],[2.191147,16.13583],[2.190683,16.146784],[2.215883,16.144036],[2.213395,16.136317]]]}},
{"type":"Feature","properties":{},"geometry":{"type":"Polygon","coordinates":[[[2.202698,15.923047],[2.191325,15.935584],[2.195903,15.944528],[2.202624,15.941712],[2.205587,15.934825],[2.202698,15.923047]]]}},
{"type":"Feature","properties":{},"geometry":{"type":"Polygon","coordinates":[[[2.223916,15.966945],[2.210108,15.958375],[2.189127,15.960733],[2.167698,15.969982],[2.162217,15.976858],[2.176027,15.984622],[2.163851,15.987415],[2.19398,16.005793],[2.212914,15.991658],[2.205416,15.978242],[2.216748,15.976657],[2.224258,15.987235],[2.228872,15.987252],[2.223916,15.966945]]]}},
{"type":"Feature","properties":{},"geometry":{"type":"Polygon","coordinates":[[[2.146687,15.979232],[2.142541,15.967855],[2.131207,15.96984],[2.126144,15.976718],[2.13188,16.008391],[2.123017,16.020527],[2.122987,16.027424],[2.112883,16.035092],[2.104526,16.058861],[2.068375,16.102396],[2.089926,16.101132],[2.089593,16.112763],[2.07113,16.111605],[2.066918,16.114832],[2.064609,16.1297],[2.05789,16.130347],[2.046643,16.141387],[2.049952,16.151681],[2.055261,16.153598],[2.054376,16.163062],[2.086555,16.165093],[2.095597,16.146466],[2.092562,16.136716],[2.114122,16.134373],[2.098502,16.122945],[2.104677,16.118643],[2.140147,16.13475],[2.183688,16.129241],[2.191568,16.118451],[2.20138,16.11389],[2.192736,16.106284],[2.172027,16.106743],[2.168964,16.103214],[2.191644,16.099516],[2.195054,16.086544],[2.21439,16.079039],[2.216941,16.070662],[2.231494,16.069362],[2.238805,16.059651],[2.245354,16.066302],[2.252928,16.060919],[2.260004,16.038762],[2.282162,16.022333],[2.27576,16.013572],[2.265414,16.012812],[2.253976,16.004925],[2.231891,16.002142],[2.229333,16.012952],[2.217911,16.001278],[2.211187,16.004231],[2.222037,16.019148],[2.168893,16.01922],[2.16942,16.027067],[2.158992,16.04596],[2.15395,16.047564],[2.131411,16.019886],[2.140678,16.011264],[2.16272,16.024064],[2.162761,16.014057],[2.169806,16.00137],[2.151653,15.995346],[2.155267,16.0005],[2.145742,16.004251],[2.146687,15.979232]],[[2.150174,16.091191],[2.148647,16.099482],[2.139493,16.102512],[2.144975,16.085761],[2.150174,16.091191]]]}},
{"type":"Feature","properties":{},"geometry":{"type":"Polygon","coordinates":[[[2.150174,16.091191],[2.144975,16.085761],[2.139493,16.102512],[2.148647,16.099482],[2.150174,16.091191]]]}},
{"type":"Feature","properties":{},"geometry":{"type":"Polygon","coordinates":[[[2.41479,15.935018],[2.403349,15.927144],[2.394963,15.926851],[2.375637,15.938156],[2.379241,15.948176],[2.373892,15.959793],[2.358254,15.953253],[2.350972,15.956747],[2.345895,15.970258],[2.33955,15.944],[2.332826,15.948039],[2.317173,15.946365],[2.316067,15.942845],[2.30711,15.945521],[2.305944,15.959585],[2.312341,15.969615],[2.32966,15.975081],[2.336033,15.992955],[2.313662,15.992343],[2.324797,16.007529],[2.310793,16.013163],[2.306882,16.011797],[2.305253,15.997725],[2.297982,15.997431],[2.294864,16.009323],[2.285661,16.001717],[2.270005,16.000044],[2.266911,16.004904],[2.28227,16.011444],[2.29035,16.020398],[2.286677,16.030667],[2.272104,16.038194],[2.263115,16.048445],[2.263355,16.059265],[2.270635,16.057667],[2.276548,16.047135],[2.294747,16.042596],[2.302571,16.045057],[2.314338,16.039956],[2.361029,16.047945],[2.366097,16.03768],[2.377007,16.037442],[2.384826,16.041794],[2.401056,16.040216],[2.417539,16.047564],[2.420944,16.031072],[2.406139,16.023999],[2.405604,16.015882],[2.392765,16.006649],[2.408987,16.006963],[2.413449,16.011303],[2.417377,16.007254],[2.407342,15.995597],[2.396991,15.996652],[2.395604,15.99286],[2.400141,15.971772],[2.410787,15.965306],[2.402972,15.960147],[2.411379,15.953946],[2.406644,15.947712],[2.41616,15.94476],[2.41479,15.935018]]]}},
{"type":"Feature","properties":{},"geometry":{"type":"Polygon","coordinates":[[[2.418079,16.054327],[2.411937,16.049983],[2.406059,16.051051],[2.407448,16.05457],[2.418079,16.054327]]]}},
{"type":"Feature","properties":{},"geometry":{"type":"Polygon","coordinates":[[[2.429371,16.01865],[2.422945,16.016198],[2.418178,16.020243],[2.424319,16.024858],[2.429371,16.01865]]]}},
{"type":"Feature","properties":{},"geometry":{"type":"Polygon","coordinates":[[[2.397539,15.906839],[2.380804,15.894346],[2.365422,15.896735],[2.378236,15.911381],[2.397539,15.906839]]]}},
{"type":"Feature","properties":{},"geometry":{"type":"Polygon","coordinates":[[[2.351374,15.918875],[2.341863,15.920471],[2.339325,15.927227],[2.347422,15.930497],[2.353307,15.926185],[2.351374,15.918875]]]}},
{"type":"Feature","properties":{},"geometry":{"type":"Polygon","coordinates":[[[2.302679,15.933333],[2.298815,15.918982],[2.267551,15.905625],[2.256126,15.895847],[2.242999,15.892825],[2.236038,15.885766],[2.222033,15.893289],[2.220318,15.903022],[2.231191,15.910637],[2.24283,15.938001],[2.265418,15.954042],[2.273259,15.95082],[2.277491,15.940284],[2.302679,15.933333]]]}},
{"type":"Feature","properties":{},"geometry":{"type":"Polygon","coordinates":[[[2.294781,15.832875],[2.258192,15.827615],[2.247287,15.82947],[2.24587,15.834876],[2.28073,15.855011],[2.297539,15.843435],[2.294781,15.832875]]]}},
{"type":"Feature","properties":{},"geometry":{"type":"Polygon","coordinates":[[[2.281766,15.87828],[2.286847,15.863959],[2.263935,15.862262],[2.261408,15.8655],[2.263901,15.87173],[2.281766,15.87828]]]}},
{"type":"Feature","properties":{},"geometry":{"type":"Polygon","coordinates":[[[2.237328,15.858651],[2.234371,15.845859],[2.228101,15.841372],[2.222631,15.846627],[2.211335,15.840907],[2.214737,15.828339],[2.209299,15.82548],[2.2076,15.831155],[2.201334,15.825858],[2.206832,15.813299],[2.198889,15.807996],[2.184209,15.81078],[2.180812,15.821723],[2.166533,15.828565],[2.163559,15.838293],[2.15055,15.841894],[2.168285,15.810312],[2.167471,15.804223],[2.154481,15.803766],[2.175907,15.790865],[2.145339,15.785066],[2.155425,15.778205],[2.14173,15.746503],[2.127824,15.765115],[2.120589,15.791055],[2.103402,15.7922],[2.089643,15.776317],[2.077036,15.784381],[2.083856,15.805306],[2.07461,15.810949],[2.056589,15.810873],[2.052015,15.803142],[2.044441,15.809601],[2.043235,15.79864],[2.036528,15.799015],[2.024294,15.816001],[2.03307,15.821316],[2.03137,15.826178],[2.043483,15.83516],[2.043873,15.841248],[2.050568,15.843712],[2.042554,15.854226],[2.03926,15.841633],[2.033825,15.838768],[2.024569,15.846029],[2.023356,15.836691],[2.014953,15.840712],[2.016671,15.832198],[2.012515,15.824876],[2.022582,15.823298],[2.017186,15.812318],[2.019719,15.808677],[2.010504,15.80742],[2.006349,15.800098],[1.994617,15.799639],[1.991624,15.811798],[1.969915,15.795058],[1.956466,15.802702],[1.920001,15.803744],[1.917095,15.798455],[1.905764,15.801642],[1.895237,15.810921],[1.881396,15.812879],[1.881772,15.82059],[1.8706,15.832504],[1.869302,15.839801],[1.883069,15.851636],[1.933362,15.85311],[1.941656,15.87019],[1.910657,15.865979],[1.908114,15.871241],[1.911869,15.874505],[1.92026,15.873332],[1.93071,15.879065],[1.930663,15.887991],[1.913439,15.894395],[1.90507,15.891512],[1.902471,15.906916],[1.894469,15.913367],[1.897371,15.919468],[1.914119,15.924018],[1.919533,15.930944],[1.895658,15.925951],[1.896865,15.935289],[1.912771,15.940647],[1.912332,15.944296],[1.88846,15.938492],[1.880878,15.94454],[1.884135,15.962409],[1.880301,15.972939],[1.894068,15.986398],[1.908299,15.992153],[1.943094,15.996114],[1.949857,15.986138],[1.954448,15.963708],[1.971551,15.954595],[1.987501,15.951967],[1.987839,15.940202],[1.951966,15.943679],[1.956448,15.928485],[1.952079,15.92177],[1.932607,15.916809],[1.930114,15.912536],[1.933945,15.901599],[1.942794,15.89312],[1.944097,15.884606],[1.963591,15.884699],[1.974238,15.893272],[1.952231,15.892556],[1.945269,15.901044],[1.958454,15.905367],[2.035378,15.908768],[2.028255,15.893114],[2.053773,15.905403],[2.06133,15.903408],[2.072612,15.911977],[2.155234,15.908255],[2.168063,15.915339],[2.168008,15.928865],[2.180846,15.934326],[2.190604,15.921074],[2.189043,15.912175],[2.208682,15.894257],[2.212349,15.885613],[2.192796,15.882432],[2.196585,15.87839],[2.225096,15.878084],[2.237328,15.858651]],[[2.22175,15.857783],[2.222129,15.868334],[2.213317,15.870332],[2.20914,15.86626],[2.214223,15.852887],[2.22175,15.857783]],[[2.128317,15.845664],[2.123224,15.86025],[2.117344,15.86266],[2.093488,15.854038],[2.094761,15.850392],[2.115724,15.849669],[2.118278,15.840752],[2.128317,15.845664]]]}},
{"type":"Feature","properties":{},"geometry":{"type":"Polygon","coordinates":[[[2.128317,15.845664],[2.118278,15.840752],[2.115724,15.849669],[2.094761,15.850392],[2.093488,15.854038],[2.117344,15.86266],[2.123224,15.86025],[2.128317,15.845664]]]}},
{"type":"Feature","properties":{},"geometry":{"type":"Polygon","coordinates":[[[2.22175,15.857783],[2.214223,15.852887],[2.20914,15.86626],[2.213317,15.870332],[2.222129,15.868334],[2.22175,15.857783]]]}},
{"type":"Feature","properties":{},"geometry":{"type":"Polygon","coordinates":[[[2.063581,15.794115],[2.07581,15.777529],[2.091339,15.771911],[2.104707,15.781301],[2.111012,15.776864],[2.108127,15.765896],[2.111935,15.75739],[2.137418,15.740092],[2.135919,15.733548],[2.112864,15.736294],[2.086795,15.757284],[2.072123,15.758849],[2.064097,15.773017],[2.059074,15.771778],[2.044468,15.759134],[2.060898,15.73973],[2.075929,15.751154],[2.094386,15.746361],[2.092341,15.734991],[2.080629,15.730884],[2.081503,15.722772],[2.063515,15.717019],[2.060604,15.712542],[2.036298,15.714463],[2.040021,15.724624],[2.031228,15.723772],[2.004462,15.714322],[2.001139,15.708627],[2.012498,15.698532],[2.020879,15.697757],[2.030094,15.697798],[2.045135,15.705982],[2.072785,15.70529],[2.07324,15.697176],[2.064046,15.692675],[2.062402,15.685769],[2.040656,15.678369],[2.04236,15.67229],[2.037353,15.66821],[2.029406,15.666145],[2.01765,15.67218],[2.000479,15.672105],[2.000992,15.652631],[2.006045,15.646972],[2.050428,15.648386],[2.044229,15.630504],[2.014502,15.629966],[1.998248,15.61407],[1.975245,15.609093],[1.967266,15.613924],[1.986479,15.623348],[1.9923,15.631897],[1.966408,15.617978],[1.948369,15.62479],[1.947082,15.630871],[1.960075,15.628497],[1.98639,15.641607],[1.964199,15.641095],[1.957464,15.647961],[1.954559,15.642672],[1.938247,15.638945],[1.932357,15.644192],[1.936907,15.655169],[1.95824,15.660138],[1.961559,15.66624],[1.971179,15.668721],[1.963193,15.674363],[1.966487,15.68574],[1.995807,15.685474],[1.992013,15.690325],[1.966008,15.697504],[1.95928,15.702747],[1.960502,15.709651],[1.980072,15.73328],[1.989697,15.735354],[2.028541,15.760279],[2.018383,15.781333],[1.96641,15.783933],[1.969737,15.788818],[2.009133,15.787785],[2.010347,15.796717],[2.019572,15.79554],[2.025414,15.800841],[2.040154,15.785489],[2.035575,15.778976],[2.055247,15.783934],[2.063581,15.794115]]]}},
{"type":"Feature","properties":{},"geometry":{"type":"Polygon","coordinates":[[[2.202554,15.728121],[2.191694,15.719965],[2.18326,15.733729],[2.191612,15.740659],[2.202532,15.733802],[2.202554,15.728121]]]}},
{"type":"Feature","properties":{},"geometry":{"type":"Polygon","coordinates":[[[2.184432,15.649737],[2.168558,15.639937],[2.153506,15.634197],[2.151779,15.64677],[2.178936,15.662701],[2.184432,15.649737]]]}},
{"type":"Feature","properties":{},"geometry":{"type":"Polygon","coordinates":[[[2.097257,15.665219],[2.098123,15.65873],[2.092707,15.652215],[2.072206,15.648073],[2.060893,15.649243],[2.055421,15.655306],[2.059546,15.66912],[2.097257,15.665219]]]}},
{"type":"Feature","properties":{},"geometry":{"type":"Polygon","coordinates":[[[2.118489,15.694929],[2.106838,15.677026],[2.097622,15.677393],[2.09255,15.687922],[2.099978,15.713112],[2.117171,15.709125],[2.118489,15.694929]]]}},
{"type":"Feature","properties":{},"geometry":{"type":"Polygon","coordinates":[[[2.065024,15.753544],[2.056222,15.754317],[2.059551,15.759201],[2.065024,15.753544]]]}},
{"type":"Feature","properties":{},"geometry":{"type":"Polygon","coordinates":[[[2.1164,15.596113],[2.108477,15.588777],[2.076697,15.580124],[2.045252,15.59054],[2.041033,15.59742],[2.046461,15.60069],[2.068265,15.593481],[2.102564,15.600519],[2.1164,15.596113]]]}},
{"type":"Feature","properties":{},"geometry":{"type":"Polygon","coordinates":[[[2.031027,15.588448],[2.010567,15.577403],[2.011045,15.564825],[2.03535,15.559252],[2.060878,15.560582],[2.057975,15.554482],[2.022489,15.534847],[2.025451,15.527962],[2.009175,15.518154],[2.003433,15.493783],[1.953218,15.493954],[1.952736,15.50653],[1.961492,15.513063],[1.940091,15.524326],[1.95678,15.534547],[1.959618,15.55282],[1.993054,15.563122],[1.971674,15.569514],[1.968707,15.576804],[1.986245,15.585813],[1.983703,15.591888],[1.987033,15.595961],[1.996223,15.600062],[2.006715,15.594834],[2.020901,15.605039],[2.031027,15.588448]]]}},
{"type":"Feature","properties":{},"geometry":{"type":"Polygon","coordinates":[[[2.056993,15.494423],[2.058316,15.479415],[2.050394,15.473294],[2.029899,15.471581],[2.019841,15.475188],[2.01729,15.483698],[2.022707,15.48859],[2.046935,15.497626],[2.056993,15.494423]]]}},
{"type":"Feature","properties":{},"geometry":{"type":"Polygon","coordinates":[[[1.973045,15.461586],[1.99065,15.454771],[1.989012,15.447459],[1.972322,15.438454],[1.961434,15.440837],[1.972675,15.451846],[1.973045,15.461586]]]}},
{"type":"Feature","properties":{},"geometry":{"type":"Polygon","coordinates":[[[1.951194,15.714037],[1.895361,15.710515],[1.903417,15.718401],[1.92571,15.72744],[1.888277,15.729413],[1.884611,15.735887],[1.897421,15.742715],[1.902648,15.75762],[1.962699,15.758183],[1.964693,15.750619],[1.973624,15.752015],[1.97785,15.744731],[1.966467,15.731151],[1.951194,15.714037]]]}},
{"type":"Feature","properties":{},"geometry":{"type":"Polygon","coordinates":[[[1.930804,15.768041],[1.920467,15.76853],[1.922397,15.773139],[1.930804,15.768041]]]}},
{"type":"Feature","properties":{},"geometry":{"type":"Polygon","coordinates":[[[1.960876,15.787119],[1.95503,15.783033],[1.95361,15.787625],[1.958348,15.789812],[1.960876,15.787119]]]}},
{"type":"Feature","properties":{},"geometry":{"type":"Polygon","coordinates":[[[1.958316,15.796032],[1.95385,15.7952],[1.95411,15.798988],[1.958316,15.796032]]]}},
{"type":"Feature","properties":{},"geometry":{"type":"Polygon","coordinates":[[[1.903035,15.78954],[1.89691,15.785722],[1.892136,15.790295],[1.894899,15.79599],[1.901609,15.794943],[1.903035,15.78954]]]}},
{"type":"Feature","properties":{},"geometry":{"type":"Polygon","coordinates":[[[1.871632,15.810075],[1.863837,15.805166],[1.858213,15.811628],[1.864843,15.825188],[1.871632,15.810075]]]}},
{"type":"Feature","properties":{},"geometry":{"type":"Polygon","coordinates":[[[1.846237,15.829686],[1.818602,15.825073],[1.797175,15.833885],[1.790501,15.828573],[1.804024,15.809578],[1.789338,15.812743],[1.765927,15.803276],[1.76962,15.816281],[1.783415,15.82204],[1.780428,15.830949],[1.783332,15.835835],[1.795462,15.839962],[1.804669,15.842446],[1.821062,15.834418],[1.846237,15.829686]]]}},
{"type":"Feature","properties":{},"geometry":{"type":"Polygon","coordinates":[[[1.88216,15.877075],[1.865677,15.87591],[1.864233,15.884288],[1.841289,15.888762],[1.851873,15.895312],[1.897121,15.901225],[1.88991,15.890909],[1.876227,15.888676],[1.88216,15.877075]]]}},
{"type":"Feature","properties":{},"geometry":{"type":"Polygon","coordinates":[[[1.878789,15.930616],[1.877489,15.913027],[1.869714,15.903792],[1.817178,15.901614],[1.817667,15.913519],[1.803418,15.91236],[1.809529,15.918885],[1.789413,15.917151],[1.799704,15.925866],[1.829035,15.929538],[1.866957,15.946786],[1.873117,15.945194],[1.869825,15.933817],[1.850581,15.92587],[1.84531,15.918809],[1.849538,15.912611],[1.861018,15.909156],[1.872092,15.928418],[1.878789,15.930616]]]}},
{"type":"Feature","properties":{},"geometry":{"type":"Polygon","coordinates":[[[1.839567,15.945286],[1.827322,15.93575],[1.808318,15.934567],[1.804932,15.939959],[1.806585,15.944025],[1.825616,15.94061],[1.839567,15.945286]]]}},
{"type":"Feature","properties":{},"geometry":{"type":"Polygon","coordinates":[[[2.114626,15.972764],[2.097156,15.966107],[2.098917,15.94754],[2.082985,15.94639],[2.077917,15.954124],[2.072361,15.946347],[2.063194,15.953522],[2.060411,15.950804],[2.06844,15.947773],[2.064741,15.941447],[2.054478,15.944106],[2.054081,15.949154],[2.046841,15.942989],[2.038228,15.951245],[2.038009,15.957917],[2.04564,15.960476],[2.044873,15.964801],[2.022984,15.962086],[2.01157,15.970871],[1.989014,15.970769],[2.000819,15.958381],[2.006921,15.968507],[2.015717,15.961512],[2.011296,15.950672],[2.000486,15.950444],[1.993556,15.957085],[1.979558,15.960624],[1.974491,15.967452],[1.96873,15.963998],[1.957116,15.974941],[1.958945,15.981803],[1.968679,15.973916],[1.971054,15.983305],[1.957547,15.999739],[1.948761,16.027829],[1.959014,16.04032],[1.979153,16.040539],[1.986325,16.04815],[1.984817,16.051148],[1.974131,16.050013],[1.96328,16.056932],[1.962258,16.062097],[1.973361,16.065458],[1.976747,16.059794],[1.977544,16.067913],[1.985468,16.077689],[1.992596,16.078942],[2.009456,16.064004],[2.027688,16.063636],[2.0322,16.056264],[2.060528,16.06036],[2.071671,16.070507],[2.066955,16.081848],[2.070105,16.086371],[2.097084,16.059883],[2.100372,16.033838],[2.115613,16.002884],[2.114626,15.972764]],[[2.045642,16.014126],[2.058447,16.026898],[2.050251,16.044715],[2.03967,16.034659],[2.041658,16.028445],[2.036925,16.023825],[2.038924,16.015179],[2.045642,16.014126]],[[2.019089,16.010489],[2.026559,16.027293],[2.011179,16.026683],[2.019089,16.010489]],[[2.003002,16.039902],[2.023388,16.046755],[2.022809,16.05081],[2.008261,16.051016],[1.995979,16.045821],[2.003002,16.039902]]]}},
{"type":"Feature","properties":{},"geometry":{"type":"Polygon","coordinates":[[[2.023388,16.046755],[2.003002,16.039902],[1.995979,16.045821],[2.008261,16.051016],[2.022809,16.05081],[2.023388,16.046755]]]}},
{"type":"Feature","properties":{},"geometry":{"type":"Polygon","coordinates":[[[2.058447,16.026898],[2.045642,16.014126],[2.038924,16.015179],[2.036925,16.023825],[2.041658,16.028445],[2.03967,16.034659],[2.050251,16.044715],[2.058447,16.026898]]]}},
{"type":"Feature","properties":{},"geometry":{"type":"Polygon","coordinates":[[[2.026559,16.027293],[2.019089,16.010489],[2.011179,16.026683],[2.026559,16.027293]]]}},
{"type":"Feature","properties":{},"geometry":{"type":"Polygon","coordinates":[[[1.932814,16.000883],[1.93088,16.014039],[1.936995,16.021101],[1.941664,16.01968],[1.948838,16.002763],[1.944572,15.998596],[1.932814,16.000883]]]}},
{"type":"Feature","properties":{},"geometry":{"type":"Polygon","coordinates":[[[1.791256,15.982823],[1.805061,15.988985],[1.807544,15.994679],[1.836792,16.014312],[1.823817,16.009373],[1.799482,16.010052],[1.789802,16.015273],[1.795641,16.020987],[1.819553,16.021115],[1.848724,16.054951],[1.855352,16.07],[1.862471,16.072474],[1.881168,16.030778],[1.875748,16.024666],[1.883769,16.015778],[1.881279,16.010898],[1.845221,16.007462],[1.847349,16.0022],[1.865831,15.997836],[1.863779,15.98971],[1.823596,15.975289],[1.852098,15.978693],[1.855066,15.973028],[1.84504,15.966076],[1.792253,15.956456],[1.781732,15.962481],[1.792982,15.974718],[1.791256,15.982823]]]}},
{"type":"Feature","properties":{},"geometry":{"type":"Polygon","coordinates":[[[1.918047,16.038273],[1.908855,16.031326],[1.900045,16.031282],[1.890777,16.03813],[1.86536,16.081009],[1.883375,16.086375],[1.892231,16.078711],[1.902688,16.084852],[1.927904,16.078086],[1.937108,16.083407],[1.931767,16.061875],[1.918047,16.038273]]]}},
{"type":"Feature","properties":{},"geometry":{"type":"Polygon","coordinates":[[[1.789771,16.032111],[1.785886,16.073201],[1.79122,16.069987],[1.79045,16.058621],[1.802141,16.068154],[1.816465,16.058494],[1.83906,16.069437],[1.840965,16.078644],[1.837875,16.080791],[1.835393,16.074556],[1.814155,16.070653],[1.811606,16.076049],[1.818259,16.086364],[1.836979,16.090524],[1.842523,16.09948],[1.836304,16.110265],[1.832185,16.096988],[1.807316,16.091715],[1.804196,16.09873],[1.811448,16.102556],[1.815037,16.11069],[1.822879,16.109379],[1.822531,16.121008],[1.809943,16.120399],[1.807117,16.124983],[1.810957,16.137987],[1.834694,16.146501],[1.844516,16.141688],[1.84421,16.146284],[1.876056,16.156463],[1.880514,16.160001],[1.874895,16.163759],[1.879051,16.171356],[1.865294,16.178587],[1.864421,16.184535],[1.878395,16.188392],[1.882259,16.173265],[1.891908,16.199551],[1.900014,16.201759],[1.911984,16.213993],[1.916186,16.213475],[1.921009,16.201869],[1.92689,16.201357],[1.930752,16.211928],[1.9358,16.210329],[1.936123,16.202215],[1.95176,16.209864],[1.961588,16.204232],[1.967791,16.195606],[1.962526,16.185437],[1.988021,16.180964],[2.002938,16.164805],[2.006337,16.156706],[1.99448,16.149212],[1.995364,16.14029],[2.008383,16.139131],[2.012969,16.145644],[2.063389,16.091504],[2.054154,16.091868],[2.043585,16.10805],[2.033992,16.095426],[2.029354,16.099868],[2.030574,16.10799],[2.021762,16.107542],[2.017533,16.114016],[2.015784,16.128209],[2.004033,16.127752],[1.996777,16.109866],[1.998934,16.098109],[1.988092,16.084262],[1.976328,16.087044],[1.972901,16.100418],[1.964904,16.104841],[1.936389,16.100241],[1.936438,16.090908],[1.92763,16.090054],[1.913319,16.097689],[1.914963,16.104189],[1.907393,16.106991],[1.850687,16.0906],[1.844955,16.065954],[1.813834,16.030349],[1.789771,16.032111]],[[1.944795,16.124355],[1.944742,16.134363],[1.933535,16.136744],[1.906409,16.133358],[1.904773,16.125505],[1.931113,16.11888],[1.944795,16.124355]],[[1.942787,16.186288],[1.912035,16.1791],[1.91179,16.172879],[1.929724,16.168913],[1.940311,16.178162],[1.942787,16.186288]]]}},
{"type":"Feature","properties":{},"geometry":{"type":"Polygon","coordinates":[[[2.037937,16.133316],[2.007801,16.17186],[2.008601,16.179708],[2.025946,16.181679],[2.038583,16.173353],[2.041998,16.161738],[2.037937,16.133316]]]}},
{"type":"Feature","properties":{},"geometry":{"type":"Polygon","coordinates":[[[1.944795,16.124355],[1.931113,16.11888],[1.904773,16.125505],[1.906409,16.133358],[1.933535,16.136744],[1.944742,16.134363],[1.944795,16.124355]]]}},
{"type":"Feature","properties":{},"geometry":{"type":"Polygon","coordinates":[[[1.942787,16.186288],[1.940311,16.178162],[1.929724,16.168913],[1.91179,16.172879],[1.912035,16.1791],[1.942787,16.186288]]]}},
{"type":"Feature","properties":{},"geometry":{"type":"Polygon","coordinates":[[[1.735479,16.219239],[1.726272,16.214316],[1.725797,16.201058],[1.718588,16.190466],[1.710482,16.188793],[1.7029,16.192533],[1.695084,16.189238],[1.694852,16.181933],[1.681983,16.181045],[1.675241,16.18479],[1.664382,16.176339],[1.659586,16.181988],[1.667499,16.21233],[1.687637,16.214887],[1.70017,16.224702],[1.710242,16.225577],[1.716434,16.220475],[1.735443,16.224917],[1.735479,16.219239]]]}},
{"type":"Feature","properties":{},"geometry":{"type":"Polygon","coordinates":[[[1.609164,16.208035],[1.597139,16.206334],[1.590901,16.217652],[1.600414,16.218255],[1.609164,16.208035]]]}},
{"type":"Feature","properties":{},"geometry":{"type":"Polygon","coordinates":[[[1.645302,16.176081],[1.621958,16.139146],[1.59042,16.127585],[1.575385,16.117204],[1.538707,16.120745],[1.516196,16.100304],[1.501117,16.09668],[1.496608,16.100975],[1.50075,16.108308],[1.49821,16.111266],[1.47133,16.114052],[1.48415,16.157415],[1.496721,16.160206],[1.525145,16.176367],[1.532985,16.175879],[1.551006,16.160854],[1.563068,16.156878],[1.590438,16.164637],[1.606559,16.18043],[1.623623,16.18162],[1.645302,16.176081]]]}},
{"type":"Feature","properties":{},"geometry":{"type":"Polygon","coordinates":[[[1.462162,16.12386],[1.436771,16.115016],[1.431415,16.120115],[1.44518,16.148886],[1.450172,16.154602],[1.459123,16.154938],[1.465035,16.150384],[1.465409,16.138217],[1.462162,16.12386]]]}},
{"type":"Feature","properties":{},"geometry":{"type":"Polygon","coordinates":[[[1.511088,15.978224],[1.497104,15.978936],[1.496162,15.992723],[1.512025,16.002842],[1.519852,16.003169],[1.527177,15.995647],[1.511088,15.978224]]]}},
{"type":"Feature","properties":{},"geometry":{"type":"Polygon","coordinates":[[[1.44869,15.948575],[1.435408,15.967138],[1.440398,15.972584],[1.429688,15.983593],[1.445807,15.996153],[1.457249,15.998942],[1.459171,16.003554],[1.476472,16.008272],[1.477909,16.003145],[1.46648,15.998467],[1.468468,15.994424],[1.48807,15.990503],[1.487872,15.979684],[1.483452,15.972622],[1.477301,15.972579],[1.47531,15.977163],[1.462982,15.980593],[1.460801,15.973275],[1.467831,15.967915],[1.464287,15.95599],[1.44869,15.948575]]]}},
{"type":"Feature","properties":{},"geometry":{"type":"Polygon","coordinates":[[[1.376476,15.925595],[1.35751,15.920582],[1.329554,15.921453],[1.306814,15.933713],[1.296645,15.946342],[1.305536,15.952633],[1.33404,15.95367],[1.371618,15.938809],[1.376476,15.925595]]]}},
{"type":"Feature","properties":{},"geometry":{"type":"Polygon","coordinates":[[[16.276861,13.446569],[16.233816,13.434168],[16.127323,13.435829],[16.102169,13.450543],[16.092812,13.479136],[16.105795,13.515908],[16.132661,13.531866],[16.158787,13.534484],[16.179903,13.545389],[16.209966,13.545113],[16.23382,13.531791],[16.258048,13.525136],[16.272362,13.51233],[16.277819,13.487967],[16.276861,13.446569]]]}},
{"type":"Feature","properties":{},"geometry":{"type":"Polygon","coordinates":[[[16.715468,13.442643],[16.665368,13.425393],[16.634171,13.428452],[16.60427,13.454137],[16.600286,13.479731],[16.60403,13.520924],[16.618051,13.550862],[16.638182,13.568437],[16.724897,13.580944],[16.715468,13.442643]]]}},
{"type":"Feature","properties":{},"geometry":{"type":"Polygon","coordinates":[[[16.297041,12.958201],[16.287898,12.990759],[16.294494,13.011804],[16.317474,13.033326],[16.302563,13.084905],[16.312549,13.117799],[16.331249,13.135523],[16.362967,13.141867],[16.397508,13.125334],[16.415181,13.124399],[16.43903,13.136493],[16.497769,13.138702],[16.527238,13.105065],[16.530128,13.08354],[16.518154,13.064146],[16.496967,13.050583],[16.468212,13.048099],[16.454954,13.030098],[16.429261,13.008744],[16.39827,12.990329],[16.399677,12.966204],[16.38872,12.940053],[16.349897,12.952773],[16.297041,12.958201]]]}},
{"type":"Feature","properties":{},"geometry":{"type":"Polygon","coordinates":[[[6.580483,1.522539],[6.569596,1.515262],[6.546647,1.520163],[6.528518,1.517153],[6.51221,1.519612],[6.504985,1.535433],[6.47966,1.565876],[6.480886,1.576819],[6.496596,1.5774],[6.526185,1.567622],[6.533407,1.550586],[6.547905,1.549953],[6.555141,1.542037],[6.568438,1.545662],[6.580483,1.522539]]]}},
{"type":"Feature","properties":{},"geometry":{"type":"Polygon","coordinates":[[[6.46423,1.353693],[6.45033,1.35128],[6.431008,1.358605],[6.429842,1.38901],[6.43347,1.390829],[6.440711,1.38413],[6.46423,1.353693]]]}},
{"type":"Feature","properties":{},"geometry":{"type":"Polygon","coordinates":[[[6.269662,1.094883],[6.26423,1.100971],[6.26244,1.121651],[6.266682,1.132593],[6.275753,1.139881],[6.27637,1.150827],[6.289075,1.165408],[6.302982,1.173298],[6.324735,1.175097],[6.348889,1.162905],[6.337381,1.139202],[6.320455,1.131315],[6.327091,1.122186],[6.325273,1.117931],[6.282953,1.09426],[6.269662,1.094883]]]}},
{"type":"Feature","properties":{},"geometry":{"type":"Polygon","coordinates":[[[6.709658,1.268527],[6.709645,1.259408],[6.699963,1.246049],[6.680628,1.240605],[6.660676,1.225435],[6.646784,1.225454],[6.634729,1.243708],[6.613609,1.258936],[6.611209,1.270491],[6.540603,1.319837],[6.521918,1.349657],[6.502593,1.354549],[6.494754,1.364289],[6.495378,1.378273],[6.521983,1.394042],[6.569079,1.377555],[6.639096,1.34158],[6.634244,1.328212],[6.646308,1.316644],[6.6469,1.308132],[6.660181,1.303249],[6.662585,1.294735],[6.658334,1.278935],[6.661952,1.274067],[6.686121,1.281326],[6.709658,1.268527]]]}},
{"type":"Feature","properties":{},"geometry":{"type":"Polygon","coordinates":[[[7.083985,1.341547],[7.073125,1.347369],[7.071674,1.360202],[7.065238,1.362373],[7.05287,1.347271],[7.043207,1.345667],[7.024404,1.334085],[7.02198,1.328417],[7.001305,1.320349],[6.996231,1.335212],[7.014276,1.375693],[7.007086,1.408384],[7.015965,1.422143],[7.026171,1.426986],[7.038512,1.425344],[7.05056,1.409389],[7.051613,1.397775],[7.074147,1.394494],[7.07707,1.378016],[7.091032,1.383393],[7.100148,1.379057],[7.100122,1.363934],[7.083985,1.341547]]]}},
{"type":"Feature","properties":{},"geometry":{"type":"Polygon","coordinates":[[[6.876817,1.107525],[6.8442,1.099464],[6.832534,1.105962],[6.828124,1.119745],[6.845839,1.121748],[6.853081,1.118496],[6.855503,1.123761],[6.862751,1.125372],[6.876817,1.107525]]]}},
{"type":"Feature","properties":{},"geometry":{"type":"Polygon","coordinates":[[[7.290406,1.163241],[7.284363,1.158391],[7.254991,1.157221],[7.238916,1.17061],[7.246169,1.177484],[7.263462,1.171787],[7.279161,1.176623],[7.290406,1.163241]]]}},
{"type":"Feature","properties":{},"geometry":{"type":"Polygon","coordinates":[[[7.319977,1.022272],[7.314324,1.006082],[7.297816,0.996384],[7.283333,0.996808],[7.267656,1.007763],[7.272093,1.016667],[7.309122,1.027147],[7.31556,1.027948],[7.319977,1.022272]]]}},
{"type":"Feature","properties":{},"geometry":{"type":"Polygon","coordinates":[[[7.395334,0.967961],[7.3921,0.955818],[7.382031,0.945303],[7.371572,0.944912],[7.354663,0.935215],[7.348632,0.937247],[7.350267,0.958302],[7.361141,0.967601],[7.382874,0.975266],[7.395334,0.967961]]]}},
{"type":"Feature","properties":{},"geometry":{"type":"Polygon","coordinates":[[[7.018424,0.879106],[7.007146,0.870206],[7.00272,0.871021],[7.004342,0.881957],[7.012794,0.883569],[7.018424,0.879106]]]}},
{"type":"Feature","properties":{},"geometry":{"type":"Polygon","coordinates":[[[6.958448,0.869448],[6.958027,0.852027],[6.945925,0.824895],[6.921759,0.805877],[6.889152,0.801046],[6.878671,0.784444],[6.874627,0.762973],[6.864554,0.750827],[6.86053,0.752451],[6.856529,0.778792],[6.842874,0.812435],[6.848121,0.827423],[6.893213,0.837913],[6.945968,0.86703],[6.958448,0.869448]]]}},
{"type":"Feature","properties":{},"geometry":{"type":"Polygon","coordinates":[[[6.974182,0.905083],[6.936714,0.869876],[6.915369,0.856528],[6.856582,0.835518],[6.823169,0.832309],[6.734213,0.841311],[6.712481,0.849031],[6.694376,0.862017],[6.713701,0.862809],[6.727378,0.851043],[6.753952,0.855475],[6.766427,0.851005],[6.788167,0.852604],[6.799836,0.847325],[6.814331,0.850957],[6.825597,0.845273],[6.862239,0.856987],[6.886818,0.883299],[6.932723,0.901077],[6.955679,0.915231],[6.966949,0.915219],[6.974182,0.905083]]]}},
{"type":"Feature","properties":{},"geometry":{"type":"Polygon","coordinates":[[[6.83557,0.747813],[6.825107,0.751874],[6.815865,0.770117],[6.803392,0.775801],[6.782055,0.773794],[6.758724,0.792456],[6.749459,0.785981],[6.741005,0.785988],[6.724915,0.799781],[6.718878,0.802218],[6.712031,0.797767],[6.691911,0.809538],[6.671373,0.802667],[6.666534,0.794161],[6.627886,0.797842],[6.621854,0.806359],[6.60455,0.816102],[6.598932,0.836372],[6.584027,0.829496],[6.565103,0.829108],[6.561486,0.837623],[6.563507,0.846133],[6.569958,0.855044],[6.589293,0.863537],[6.660966,0.868737],[6.72535,0.835038],[6.753528,0.832985],[6.796189,0.822003],[6.830005,0.825617],[6.836436,0.815075],[6.834006,0.799275],[6.844049,0.776575],[6.842824,0.757126],[6.83557,0.747813]]]}},
{"type":"Feature","properties":{},"geometry":{"type":"Polygon","coordinates":[[[6.333563,0.84644],[6.312205,0.831863],[6.303353,0.842817],[6.303762,0.85052],[6.317061,0.859428],[6.331554,0.852118],[6.333563,0.84644]]]}},
{"type":"Feature","properties":{},"geometry":{"type":"Polygon","coordinates":[[[6.268711,0.837981],[6.261866,0.840825],[6.253452,0.892731],[6.255472,0.899216],[6.263531,0.902858],[6.273587,0.887847],[6.275562,0.842841],[6.268711,0.837981]]]}},
{"type":"Feature","properties":{},"geometry":{"type":"Polygon","coordinates":[[[6.208358,0.651311],[6.203528,0.65618],[6.201542,0.699162],[6.20316,0.708081],[6.213233,0.71375],[6.228932,0.699953],[6.229329,0.691844],[6.217221,0.653738],[6.208358,0.651311]]]}},
{"type":"Feature","properties":{},"geometry":{"type":"Polygon","coordinates":[[[6.23892,0.469543],[6.227641,0.465088],[6.215961,0.46631],[6.210729,0.474827],[6.21194,0.481314],[6.237715,0.476031],[6.23892,0.469543]]]}},
{"type":"Feature","properties":{},"geometry":{"type":"Polygon","coordinates":[[[6.100375,0.501236],[6.089495,0.491915],[6.052025,0.476522],[6.026236,0.459906],[6.019391,0.469642],[6.021417,0.494785],[6.032703,0.507757],[6.047206,0.509372],[6.057274,0.50369],[6.07822,0.502058],[6.098363,0.505293],[6.100375,0.501236]]]}},
{"type":"Feature","properties":{},"geometry":{"type":"Polygon","coordinates":[[[6.431072,6.521485],[6.427791,6.508266],[6.416633,6.510961],[6.416684,6.518458],[6.431072,6.521485]]]}},
{"type":"Feature","properties":{},"geometry":{"type":"Polygon","coordinates":[[[7.330104,11.032356],[7.330286,11.044833],[7.340241,11.04639],[7.339447,11.03534],[7.330104,11.032356]]]}},
{"type":"Feature","properties":{},"geometry":{"type":"Polygon","coordinates":[[[10.004188,4.454262],[9.985511,4.457385],[9.961327,4.479338],[9.926623,4.494765],[9.92032,4.50716],[9.922024,4.512851],[9.953577,4.5131],[9.977163,4.524285],[9.978714,4.513778],[9.974969,4.505714],[9.978028,4.49961],[9.998696,4.493521],[10.004118,4.485185],[10.000882,4.472884],[10.004188,4.454262]]]}},
{"type":"Feature","properties":{},"geometry":{"type":"Polygon","coordinates":[[[9.981399,4.54486],[9.974848,4.531486],[9.959709,4.521325],[9.95054,4.521597],[9.947278,4.525679],[9.952219,4.543488],[9.974319,4.552477],[9.978537,4.552435],[9.981399,4.54486]]]}}
]
}
