{
"type": "FeatureCollection",
"name": "Rivers",
"crs": { "type": "name", "properties": { "name": "urn:ogc:def:crs:OGC:1.3:CRS84" } },
"xy_coordinate_resolution": 1e-06,
"features": [
{"type":"Feature","properties":{},"geometry":{"type":"LineString","coordinates":[[7.367306,17.060408],[7.373096,17.067497],[7.363978,17.078514],[7.367811,17.082037],[7.373391,17.080114],[7.379266,17.090807],[7.390511,17.090563],[7.396345,17.099452]]}},
{"type":"Feature","properties":{},"geometry":{"type":"LineString","coordinates":[[6.398458,17.067371],[6.372257,17.071419],[6.370608,17.084084],[6.361389,17.093261]]}},
{"type":"Feature","properties":{},"geometry":{"type":"LineString","coordinates":[[7.937632,16.430981],[7.950603,16.427071],[7.954153,16.419779],[7.967215,16.41947],[7.971039,16.422983],[7.975047,16.433699],[7.976336,16.484127],[7.987813,16.494665],[7.984542,16.512764],[7.994247,16.526947],[8.007455,16.532036],[8.009648,16.544597]]}},
{"type":"Feature","properties":{},"geometry":{"type":"LineString","coordinates":[[7.42576,16.428003],[7.440947,16.438501],[7.45012,16.431093],[7.474728,16.444994],[7.488133,16.459131],[7.498096,16.485965]]}},
{"type":"Feature","properties":{},"geometry":{"type":"LineString","coordinates":[[6.788136,14.484855],[6.840014,14.485816],[6.843779,14.489364],[6.844028,14.503797],[6.85724,14.518016],[6.912857,14.520702],[6.922243,14.527762],[6.944464,14.52739],[6.950083,14.530904],[6.968987,14.552236],[6.967911,14.595557],[7.030053,14.650421],[7.026612,14.664915],[7.027505,14.713613],[7.03687,14.718862],[7.081378,14.719885],[7.10011,14.730378],[7.134112,14.764048],[7.132771,14.791132],[7.129132,14.794805],[7.13428,14.87048],[7.125352,14.88868],[7.122262,14.921208],[7.143391,14.958709],[7.143877,14.983955],[7.129105,14.987831],[7.127354,14.993276],[7.128499,15.052786],[7.143764,15.074154],[7.166421,15.093581],[7.164671,15.099025],[7.177946,15.113211],[7.178265,15.12944],[7.172837,15.136756],[7.173156,15.152985],[7.158586,15.167686],[7.160513,15.171258],[7.155084,15.178574],[7.136763,15.191539],[7.118754,15.220734],[7.125559,15.283747],[7.131274,15.290857],[7.118658,15.310934],[7.121436,15.357785],[7.117826,15.363264],[7.099381,15.370821],[7.097735,15.381676]]}},
{"type":"Feature","properties":{},"geometry":{"type":"LineString","coordinates":[[3.13819,15.036634],[3.12145,15.043877],[3.086102,15.049316],[3.084255,15.085479],[3.097288,15.099937],[3.097292,15.10717],[3.074962,15.116219],[3.069382,15.127069],[3.073106,15.130684],[3.097303,15.132483],[3.102885,15.127056],[3.114052,15.12705],[3.125225,15.136085],[3.130808,15.134274],[3.140122,15.146924],[3.140141,15.175853],[3.136422,15.181279],[3.142012,15.188508]]}},
{"type":"Feature","properties":{},"geometry":{"type":"LineString","coordinates":[[6.575791,14.980956],[6.590521,14.973504],[6.59019,14.953655],[6.690444,14.953859],[6.69796,14.959152],[6.70724,14.959002],[6.724192,14.973164],[6.765022,14.972492],[6.785659,14.984782],[6.79865,14.984566],[6.819289,14.996853],[6.828858,15.012932]]}},
{"type":"Feature","properties":{},"geometry":{"type":"LineString","coordinates":[[7.93523,14.872653],[7.910581,14.847951],[7.880786,14.841377],[7.863795,14.827319],[7.796923,14.819714]]}},
{"type":"Feature","properties":{},"geometry":{"type":"LineString","coordinates":[[7.854181,14.72839],[7.850439,14.726665]]}},
{"type":"Feature","properties":{},"geometry":{"type":"LineString","coordinates":[[12.436833,13.919113],[12.446256,13.925891],[12.452686,13.948862],[12.409805,13.973765],[12.40659,13.98461],[12.408643,14.034556],[12.396808,14.058246],[12.395789,14.077941],[12.388921,14.08893]]}},
{"type":"Feature","properties":{},"geometry":{"type":"LineString","coordinates":[[7.104787,13.918137],[7.097402,13.918261],[7.072026,13.945749],[7.051807,13.9515],[7.031837,13.971679],[7.045525,14.014751],[7.045968,14.040004],[7.05358,14.052505],[7.054058,14.07956],[7.003358,14.13995],[7.005522,14.157956]]}},
{"type":"Feature","properties":{},"geometry":{"type":"LineString","coordinates":[[12.987191,13.690069],[13.01565,13.715663],[13.019597,13.722635],[13.020591,13.745782],[13.006784,13.764186],[12.988948,13.773836],[12.971493,13.79239],[12.952518,13.818143],[12.95313,13.83239],[12.940831,13.843598],[12.93187,13.847533],[12.895414,13.849024],[12.865563,13.83418],[12.847794,13.802781],[12.813478,13.768474],[12.799745,13.745825],[12.798699,13.720881],[12.809036,13.70619],[12.805946,13.675974],[12.796835,13.676338],[12.757902,13.661825],[12.70323,13.663991],[12.683622,13.675477],[12.647397,13.726895],[12.647637,13.776878],[12.65932,13.794269],[12.676326,13.807876],[12.682467,13.8237],[12.708971,13.84585],[12.720887,13.868579],[12.722012,13.895311],[12.71669,13.899095],[12.671078,13.900924],[12.655478,13.921187],[12.652501,13.937375]]}},
{"type":"Feature","properties":{},"geometry":{"type":"LineString","coordinates":[[12.575432,13.301151],[12.579024,13.345656],[12.568595,13.358554],[12.570771,13.367399],[12.551022,13.375295],[12.537019,13.390116],[12.530442,13.408225],[12.512934,13.426752],[12.513573,13.442801],[12.519537,13.455075],[12.547864,13.478993],[12.56076,13.48207],[12.60192,13.507268],[12.61175,13.524743],[12.612762,13.549702],[12.597156,13.569949],[12.578845,13.613517],[12.549445,13.653946],[12.529967,13.66899],[12.512454,13.687529],[12.509167,13.696586],[12.45997,13.744934],[12.44288,13.774177],[12.443892,13.799147],[12.472794,13.835537],[12.54339,13.863135],[12.562598,13.885594],[12.566839,13.899713],[12.583931,13.915109],[12.665575,13.943993],[12.700548,13.94973],[12.721072,13.959614],[12.75247,13.967269],[12.771247,13.979002],[12.80447,13.986574],[12.820288,14.014482],[12.821667,14.046551],[12.779472,14.085761],[12.739471,14.133809],[12.740408,14.198035],[12.73562,14.214298],[12.717737,14.223959],[12.69331,14.25174]]}},
{"type":"Feature","properties":{},"geometry":{"type":"LineString","coordinates":[[6.502478,13.290294],[6.522749,13.290013],[6.523402,13.335135],[6.527141,13.338695],[6.545572,13.338437],[6.578987,13.354213],[6.590206,13.364885],[6.594,13.372051],[6.590447,13.381127],[6.592746,13.411782]]}},
{"type":"Feature","properties":{},"geometry":{"type":"LineString","coordinates":[[7.760706,13.253944],[7.763391,13.297159],[7.778323,13.307694],[7.83474,13.36791],[7.858917,13.380064],[7.877902,13.408536],[7.885263,13.408394],[7.896489,13.417188],[7.896745,13.429799],[7.904181,13.433259],[7.917801,13.469039],[7.92535,13.477902],[7.918208,13.488856],[7.918393,13.497865],[7.931502,13.50842],[7.932171,13.540849],[7.924992,13.550002],[7.93273,13.567872],[7.925549,13.577025],[7.908063,13.622429],[7.915617,13.631291],[7.92667,13.631072],[7.934188,13.638131],[7.936293,13.650705],[7.929149,13.661661],[7.931442,13.683243],[7.922455,13.694237],[7.922719,13.706847],[7.902936,13.730672]]}},
{"type":"Feature","properties":{},"geometry":{"type":"LineString","coordinates":[[14.462823,13.162455],[14.448735,13.118237],[14.466233,13.105017],[14.473548,13.106463],[14.478805,13.102674],[14.493683,13.11088],[14.511927,13.113606],[14.518991,13.109735],[14.548078,13.111965],[14.607003,13.132356],[14.617509,13.124775],[14.616918,13.112377],[14.62966,13.104308],[14.626327,13.081774]]}},
{"type":"Feature","properties":{},"geometry":{"type":"LineString","coordinates":[[5.798224,13.134643],[5.781679,13.138435],[5.727008,13.195023],[5.666407,13.21734],[5.625902,13.223179],[5.613168,13.23957],[5.613361,13.257633],[5.622698,13.268377],[5.623028,13.299087],[5.602894,13.313746],[5.588387,13.337381],[5.55733,13.366604],[5.51879,13.386865],[5.495007,13.406975],[5.483841,13.398051],[5.463469,13.391024],[5.459742,13.387446],[5.459595,13.372993],[5.435552,13.367805],[5.416866,13.344496],[5.3283,13.345325],[5.296983,13.351032],[5.274958,13.36388],[5.26204,13.363996],[5.211983,13.339139],[5.162127,13.335955],[5.115993,13.336344],[5.112334,13.339989],[5.112475,13.356253],[5.125616,13.381443],[5.174108,13.437052],[5.183649,13.471305],[5.204107,13.48739],[5.218912,13.490873],[5.222755,13.507103],[5.215486,13.519817],[5.215569,13.528852],[5.223041,13.537821],[5.243457,13.548481],[5.297014,13.547994],[5.326492,13.540494],[5.343112,13.540339],[5.346841,13.543918],[5.350996,13.590858],[5.329079,13.616361],[5.30327,13.622023],[5.30524,13.634653],[5.320196,13.652583],[5.324299,13.694104],[5.337395,13.710243],[5.357794,13.717277],[5.36169,13.737115],[5.376602,13.74962],[5.385861,13.751338],[5.395268,13.767508],[5.443325,13.767035],[5.445267,13.77605]]}},
{"type":"Feature","properties":{},"geometry":{"type":"LineString","coordinates":[[14.385823,12.854636],[14.398793,12.861169],[14.39723,12.866566],[14.405188,12.8822],[14.396561,12.891461],[14.36026,12.889508],[14.356808,12.893212],[14.359345,12.909087],[14.356299,12.921655],[14.364097,12.933746],[14.380769,12.94189],[14.38232,12.975569],[14.392094,12.991121]]}},
{"type":"Feature","properties":{},"geometry":{"type":"LineString","coordinates":[[10.664363,12.986314],[10.65395,13.00456],[10.656553,13.029595],[10.649574,13.040565],[10.670403,13.063265],[10.661597,13.07429],[10.662656,13.10834],[10.639722,13.135933]]}},
{"type":"Feature","properties":{},"geometry":{"type":"LineString","coordinates":[[10.579898,12.298102],[10.580311,12.312443],[10.587914,12.322994]]}},
{"type":"Feature","properties":{},"geometry":{"type":"LineString","coordinates":[[8.879075,12.321696],[8.868098,12.321934],[8.855572,12.334802],[8.845034,12.354827],[8.825344,12.37505],[8.825504,12.382245]]}},
{"type":"Feature","properties":{},"geometry":{"type":"LineString","coordinates":[[5.131491,12.339458],[4.975244,12.340634],[4.953291,12.355253],[4.931283,12.36264],[4.918493,12.373575],[4.883624,12.382857],[4.850897,12.435502],[4.79596,12.470217],[4.761011,12.470448],[4.716757,12.454463],[4.700203,12.454568],[4.696548,12.458206],[4.69696,12.521473],[4.693304,12.525112],[4.673065,12.525238],[4.673369,12.572237],[4.653207,12.585016],[4.631283,12.610459],[4.631742,12.682767],[4.59144,12.71555],[4.589655,12.7246]]}},
{"type":"Feature","properties":{},"geometry":{"type":"LineString","coordinates":[[11.164411,12.198766],[11.153823,12.209832]]}},
{"type":"Feature","properties":{},"geometry":{"type":"LineString","coordinates":[[14.437588,11.262072],[14.41408,11.303822],[14.41579,11.346363],[14.390783,11.350894],[14.382157,11.36011],[14.381287,11.383226],[14.368995,11.39081],[14.368056,11.412156],[14.351158,11.439455],[14.355038,11.446406],[14.351945,11.458958],[14.359709,11.472858],[14.36647,11.50633],[14.370799,11.568308],[14.3775,11.600004],[14.389456,11.627937],[14.403841,11.62736],[14.414996,11.63579],[14.420317,11.633801],[14.426005,11.640674],[14.447845,11.689504],[14.445726,11.725096],[14.455831,11.751315],[14.464972,11.754494],[14.481829,11.769783],[14.487225,11.769563],[14.505957,11.786547],[14.515773,11.805669],[14.553551,11.84671],[14.562544,11.846338],[14.573789,11.85652],[14.580907,11.85445],[14.586985,11.870169],[14.598384,11.883891],[14.584603,11.898661],[14.592331,11.910761],[14.590836,11.917922]]}},
{"type":"Feature","properties":{},"geometry":{"type":"LineString","coordinates":[[11.745017,11.823003],[11.767133,11.833049],[11.785276,11.832483],[11.790547,11.826952],[11.815944,11.826157],[11.823431,11.833078],[11.825534,11.841956]]}},
{"type":"Feature","properties":{},"geometry":{"type":"LineString","coordinates":[[10.969765,11.693032],[11.00268,11.699279],[11.026301,11.698614],[11.044835,11.710636],[11.066638,11.710018],[11.075984,11.718713],[11.086937,11.720194],[11.090991,11.734414],[11.111345,11.746376],[11.126408,11.763863],[11.139286,11.768867],[11.162798,11.764607],[11.186789,11.776456],[11.205491,11.793829],[11.208183,11.81132]]}},
{"type":"Feature","properties":{},"geometry":{"type":"LineString","coordinates":[[1.314975,11.734972],[1.304021,11.72628]]}},
{"type":"Feature","properties":{},"geometry":{"type":"LineString","coordinates":[[7.892027,11.522929],[7.901351,11.533587],[7.901539,11.544397],[7.910833,11.553252],[7.927247,11.551171],[7.945614,11.556265],[7.962472,11.579406],[7.964523,11.591987],[7.982957,11.600679],[7.970357,11.611711],[7.970485,11.618917],[7.979944,11.636776],[7.974557,11.642276],[7.97475,11.653087],[7.985942,11.665507],[7.984469,11.685358],[7.999417,11.703118],[7.992299,11.714056],[7.989097,11.739343],[7.992851,11.744684],[8.015084,11.760512],[8.033861,11.787212],[8.067104,11.804641],[8.100619,11.836474],[8.109829,11.839912],[8.126253,11.837813],[8.142913,11.848322],[8.159438,11.851624],[8.170613,11.862229],[8.183926,11.889011],[8.200726,11.906717],[8.204694,11.922859],[8.236236,11.945693],[8.243969,11.967167],[8.244387,11.988777],[8.263064,12.008243],[8.265596,12.044225],[8.284209,12.060084],[8.288187,12.076221]]}},
{"type":"Feature","properties":{},"geometry":{"type":"LineString","coordinates":[[12.046026,10.764124],[12.0481,10.773001],[12.041091,10.780357],[12.043058,10.785663],[12.035993,10.791233],[12.034456,10.800217],[12.015445,10.82938],[12.016254,10.856172],[12.023806,10.866675]]}},
{"type":"Feature","properties":{},"geometry":{"type":"LineString","coordinates":[[16.076752,10.581197],[16.062584,10.583559],[16.053303,10.575127],[16.03921,10.57925],[16.037808,10.588133],[16.007647,10.633531],[16.006247,10.642415]]}},
{"type":"Feature","properties":{},"geometry":{"type":"LineString","coordinates":[[2.324031,10.821321],[2.309404,10.817672],[2.274699,10.79589],[2.239958,10.790381],[2.214397,10.772233],[2.197941,10.770382],[2.182521,10.760616]]}},
{"type":"Feature","properties":{},"geometry":{"type":"LineString","coordinates":[[0.951588,10.660938],[0.933266,10.668049],[0.927661,10.686087],[0.91845,10.696871],[0.920093,10.723995]]}},
{"type":"Feature","properties":{},"geometry":{"type":"LineString","coordinates":[[2.875435,10.993173],[2.866285,10.985934],[2.835173,10.975067],[2.815037,10.976864],[2.796737,10.971427],[2.776602,10.971413],[2.719904,10.924342],[2.694292,10.915275],[2.685152,10.906222],[2.674176,10.902594],[2.657698,10.90981],[2.62844,10.891689],[2.628458,10.877221],[2.637623,10.864572],[2.635804,10.855527],[2.646797,10.842879],[2.643152,10.830215],[2.634018,10.819352],[2.630381,10.801262],[2.588359,10.763228],[2.570111,10.732457],[2.546371,10.708912],[2.526263,10.703456],[2.487902,10.678075],[2.473308,10.658156],[2.466038,10.632824],[2.453273,10.614716],[2.435011,10.603832],[2.404,10.569412],[2.394931,10.533223],[2.37854,10.504254],[2.370543,10.461797]]}},
{"type":"Feature","properties":{},"geometry":{"type":"LineString","coordinates":[[2.150593,10.17289],[2.181663,10.158501],[2.198128,10.144073],[2.220049,10.136891],[2.232852,10.12607],[2.245629,10.1261],[2.263931,10.104439],[2.282263,10.068307],[2.309683,10.046662],[2.309729,10.02496],[2.316767,10.014001]]}},
{"type":"Feature","properties":{},"geometry":{"type":"LineString","coordinates":[[2.840427,9.796472],[2.840434,9.780192],[2.833147,9.767528],[2.834979,9.749441],[2.856867,9.729555],[2.893355,9.655409],[2.920706,9.62105],[2.979031,9.604779],[2.995434,9.593927],[2.989967,9.574031],[3.010013,9.555943],[3.013656,9.517958],[3.0173,9.51434],[3.061026,9.494439],[3.086534,9.494433],[3.10657,9.478148],[3.119323,9.476336],[3.128428,9.46548],[3.141181,9.465475],[3.153929,9.456426],[3.184897,9.452793],[3.189613,9.456655]]}},
{"type":"Feature","properties":{},"geometry":{"type":"LineString","coordinates":[[5.341171,9.001574],[5.311993,8.987298],[5.302846,8.978318],[5.281416,8.973351]]}},
{"type":"Feature","properties":{},"geometry":{"type":"LineString","coordinates":[[1.494624,8.957118],[1.519981,8.982535],[1.525364,9.00064],[1.536241,9.009725],[1.536168,9.027807],[1.541596,9.035062],[1.53974,9.044096]]}},
{"type":"Feature","properties":{},"geometry":{"type":"LineString","coordinates":[[1.663551,8.630007],[1.672098,8.659413],[1.670262,8.664832],[1.681134,8.673911],[1.733588,8.748235],[1.75162,8.791698],[1.749656,8.835093],[1.7332,8.862165],[1.733175,8.869399],[1.694914,8.890967],[1.680289,8.912617],[1.678419,8.927077],[1.682023,8.936132],[1.676515,8.95058],[1.692786,8.977763],[1.683601,9.003048],[1.670809,9.019277]]}},
{"type":"Feature","properties":{},"geometry":{"type":"LineString","coordinates":[[10.202732,8.379122],[10.224422,8.382313],[10.242207,8.36942],[10.276272,8.359817],[10.288884,8.359584],[10.314461,8.371672]]}},
{"type":"Feature","properties":{},"geometry":{"type":"LineString","coordinates":[[6.875565,8.371346],[6.866948,8.365097]]}},
{"type":"Feature","properties":{},"geometry":{"type":"LineString","coordinates":[[2.681939,8.372712],[2.687407,8.349201],[2.705587,8.3257],[2.705597,8.313038],[2.714692,8.293147],[2.712895,8.266012],[2.721982,8.255165],[2.720178,8.238884],[2.73108,8.228038],[2.734722,8.211761],[2.754339,8.199472]]}},
{"type":"Feature","properties":{},"geometry":{"type":"LineString","coordinates":[[1.578688,8.115444],[1.57504,8.120857]]}},
{"type":"Feature","properties":{},"geometry":{"type":"LineString","coordinates":[[11.944958,7.773062],[11.914615,7.779068],[11.863411,7.81591],[11.786757,7.837197],[11.749526,7.857652],[11.721479,7.888647],[11.723225,7.970889],[11.719945,7.985268],[11.695254,8.005469],[11.689873,8.005583],[11.674148,8.025595],[11.647543,8.040471],[11.629945,8.056946],[11.613833,8.059076],[11.60322,8.066458],[11.572903,8.076045],[11.562477,8.09237],[11.564576,8.106641],[11.534482,8.126963],[11.520159,8.129054],[11.509692,8.143593],[11.502511,8.143744],[11.486733,8.161975],[11.476379,8.181882],[11.464,8.191092],[11.459529,8.234144],[11.445544,8.252341],[11.442489,8.277466],[11.428388,8.290296],[11.418032,8.310207],[11.402132,8.323077],[11.384243,8.327038],[11.373923,8.348741],[11.357982,8.359822],[11.331142,8.365765],[11.32055,8.374942],[11.299136,8.382558],[11.290342,8.391697],[11.287014,8.404303],[11.259056,8.442502],[11.261199,8.458573],[11.256075,8.471218],[11.256382,8.485538],[11.264076,8.508655],[11.264695,8.537294],[11.274114,8.55679],[11.276536,8.58539],[11.274972,8.596168],[11.262656,8.608971],[11.26,8.652008],[11.309673,8.701063],[11.319185,8.724132]]}},
{"type":"Feature","properties":{},"geometry":{"type":"LineString","coordinates":[[9.092208,7.926186],[9.099132,7.906294],[9.116879,7.886245],[9.140275,7.882304],[9.147357,7.873205],[9.190322,7.850986],[9.206284,7.832764],[9.230233,7.81803]]}},
{"type":"Feature","properties":{},"geometry":{"type":"LineString","coordinates":[[11.172513,7.996535],[11.154372,7.987939],[11.143237,7.970248],[11.125098,7.961649],[11.099067,7.917375],[11.082621,7.903364],[11.075016,7.882013],[11.062234,7.871511],[11.043682,7.841411],[11.025377,7.823844],[10.992668,7.804759],[10.972843,7.801551],[10.956779,7.807231],[10.924343,7.802468],[10.908005,7.793814],[10.893633,7.794084],[10.85713,7.764295],[10.849777,7.755469],[10.847746,7.742959],[10.830352,7.719199]]}},
{"type":"Feature","properties":{},"geometry":{"type":"LineString","coordinates":[[13.702554,7.275058],[13.706497,7.290969],[13.735921,7.329382],[13.751155,7.369909]]}},
{"type":"Feature","properties":{},"geometry":{"type":"LineString","coordinates":[[5.773446,6.738156],[5.784352,6.748935],[5.786243,6.76338]]}},
{"type":"Feature","properties":{},"geometry":{"type":"LineString","coordinates":[[4.767344,6.58914],[4.785459,6.598116],[4.796308,6.598077],[4.805375,6.605277],[4.81984,6.605225],[4.832544,6.617835],[4.838029,6.634088],[4.848919,6.644896],[4.858028,6.662943]]}},
{"type":"Feature","properties":{},"geometry":{"type":"LineString","coordinates":[[15.5772,6.333675],[15.579312,6.347754],[15.575914,6.353137],[15.54794,6.364427],[15.53417,6.378901],[15.529225,6.393158],[15.533017,6.403664]]}},
{"type":"Feature","properties":{},"geometry":{"type":"LineString","coordinates":[[5.142957,6.482816],[5.144817,6.495462],[5.153901,6.506271],[5.152232,6.538818],[5.16134,6.555049]]}},
{"type":"Feature","properties":{},"geometry":{"type":"LineString","coordinates":[[15.866313,6.252365],[15.859703,6.270175],[15.863404,6.27714],[15.84794,6.293407],[15.848116,6.300461],[15.853756,6.314436],[15.873809,6.340398],[15.87218,6.345733],[15.879453,6.354371],[15.885322,6.377158],[15.901452,6.387333],[15.910804,6.408264]]}},
{"type":"Feature","properties":{},"geometry":{"type":"LineString","coordinates":[[15.129574,5.923403],[15.145352,5.917745],[15.156065,5.922814],[15.164777,5.917313],[15.172115,5.929532],[15.181064,5.934639],[15.182987,5.941672]]}},
{"type":"Feature","properties":{},"geometry":{"type":"LineString","coordinates":[[14.830176,5.556251],[14.851739,5.573523],[14.85365,5.580568],[14.857981,5.619441],[14.854629,5.628365],[14.862024,5.644151],[14.860769,5.668971],[14.869936,5.684719],[14.870193,5.69711],[14.884811,5.719825],[14.885034,5.730445],[14.876347,5.737711],[14.878263,5.744755]]}},
{"type":"Feature","properties":{},"geometry":{"type":"LineString","coordinates":[[8.019864,5.653298],[8.003612,5.646229],[7.987421,5.646369]]}},
{"type":"Feature","properties":{},"geometry":{"type":"LineString","coordinates":[[7.816854,5.691078],[7.831145,5.678339],[7.84914,5.678188],[7.854493,5.672735],[7.857686,5.624035],[7.868376,5.611327],[7.877372,5.611252],[7.893429,5.594894],[7.895153,5.585867],[7.905842,5.57316],[7.936274,5.55488],[7.965039,5.552836]]}},
{"type":"Feature","properties":{},"geometry":{"type":"LineString","coordinates":[[7.722479,5.50795],[7.700873,5.506318],[7.684566,5.492022],[7.661104,5.48319],[7.619773,5.490724],[7.598096,5.480072],[7.581886,5.478393],[7.574716,5.482054]]}},
{"type":"Feature","properties":{},"geometry":{"type":"LineString","coordinates":[[4.922974,5.404272],[4.906737,5.404324],[4.897699,5.398927],[4.871496,5.404433]]}},
{"type":"Feature","properties":{},"geometry":{"type":"LineString","coordinates":[[8.081712,5.388411],[8.074252,5.35613]]}},
{"type":"Feature","properties":{},"geometry":{"type":"LineString","coordinates":[[4.83073,5.326805],[4.758523,5.31074],[4.748549,5.313784]]}},
{"type":"Feature","properties":{},"geometry":{"type":"LineString","coordinates":[[5.605066,5.313171],[5.669926,5.302051],[5.677137,5.30202],[5.682067,5.306918]]}},
{"type":"Feature","properties":{},"geometry":{"type":"LineString","coordinates":[[4.501132,5.55376],[4.529969,5.537409],[4.551558,5.510226],[4.562372,5.504773]]}},
{"type":"Feature","properties":{},"geometry":{"type":"LineString","coordinates":[[3.653581,5.245966],[3.639143,5.244172],[3.622914,5.256851],[3.606676,5.260485],[3.597661,5.269539],[3.585032,5.273169],[3.581431,5.282218]]}},
{"type":"Feature","properties":{},"geometry":{"type":"LineString","coordinates":[[7.149871,5.151579],[7.139155,5.16428],[7.137461,5.180531]]}},
{"type":"Feature","properties":{},"geometry":{"type":"LineString","coordinates":[[15.859964,4.943409],[15.855036,4.961148],[15.859986,5.03338],[15.877995,5.054187],[15.887965,5.112197],[15.905946,5.131231]]}},
{"type":"Feature","properties":{},"geometry":{"type":"LineString","coordinates":[[7.658174,5.136115],[7.614894,5.1202],[7.585939,5.095161],[7.539026,5.073852],[7.499221,5.039862],[7.480639,5.03458]]}},
{"type":"Feature","properties":{},"geometry":{"type":"LineString","coordinates":[[6.347676,4.803324],[6.360199,4.787007]]}},
{"type":"Feature","properties":{},"geometry":{"type":"LineString","coordinates":[[3.804743,4.530804],[3.829989,4.53982],[3.846229,4.554273],[3.862453,4.554254],[3.876883,4.561472],[3.894907,4.559641],[3.916545,4.56504],[3.930963,4.563213],[3.934573,4.566826],[3.95744,4.561369]]}},
{"type":"Feature","properties":{},"geometry":{"type":"LineString","coordinates":[[14.405965,3.450885],[14.375837,3.44061],[14.344069,3.440995],[14.327887,3.416355],[14.320533,3.391607],[14.311645,3.38639],[14.284774,3.352998],[14.213649,3.309463],[14.190314,3.27601],[14.129666,3.221666],[14.127338,3.170211],[14.130831,3.166623],[14.123653,3.15605],[14.123519,3.143625],[14.130507,3.136448],[14.13214,3.124005],[14.153025,3.095379],[14.175789,3.077386],[14.182701,3.063114],[14.178966,3.043629],[14.175435,3.043667],[14.169954,3.025975],[14.144964,2.999611],[14.141451,3.001422],[14.128767,2.969601],[14.117657,2.918233],[14.106923,2.904139],[14.09785,2.879375],[14.094094,2.856332],[14.06557,2.828203],[14.014209,2.812718],[13.998047,2.784458],[13.997814,2.759597],[13.992368,2.743664],[13.974496,2.720742],[13.967173,2.692392]]}},
{"type":"Feature","properties":{},"geometry":{"type":"LineString","coordinates":[[13.724992,2.448927],[13.716242,2.459663],[13.677361,2.45998],[13.666681,2.472869]]}},
{"type":"Feature","properties":{},"geometry":{"type":"LineString","coordinates":[[6.886532,0.14166],[6.86502,0.163326],[6.847095,0.190407],[6.830958,0.195826],[6.820202,0.208465],[6.780758,0.235555],[6.764626,0.262639],[6.76105,0.295137],[6.732367,0.322228],[6.734168,0.343892],[6.726971,0.358287]]}},
{"type":"Feature","properties":{},"geometry":{"type":"LineString","coordinates":[[4.261002,5.527191],[4.250558,5.526204],[4.238607,5.538981],[4.235266,5.552567]]}},
{"type":"Feature","properties":{},"geometry":{"type":"LineString","coordinates":[[6.807257,7.016396],[6.818765,7.002715],[6.820221,6.997462],[6.813291,6.995046]]}},
{"type":"Feature","properties":{},"geometry":{"type":"LineString","coordinates":[[3.545193,4.43638],[3.534378,4.436388],[3.519953,4.429162],[3.489313,4.430992],[3.480304,4.436425],[3.467684,4.431006],[3.447856,4.431018],[3.439994,4.43495]]}},
{"type":"Feature","properties":{},"geometry":{"type":"LineString","coordinates":[[2.348624,11.367926],[2.333379,11.343313],[2.316924,11.327],[2.285799,11.316075],[2.263856,11.297937],[2.252942,11.267166],[2.225538,11.238161],[2.17499,11.204469]]}},
{"type":"Feature","properties":{},"geometry":{"type":"LineString","coordinates":[[6.860265,8.0707],[6.864882,8.095008],[6.880152,8.119214],[6.887321,8.147868],[6.880616,8.167289],[6.88264,8.182255],[6.877802,8.187659]]}},
{"type":"Feature","properties":{},"geometry":{"type":"LineString","coordinates":[[7.057219,8.095636],[7.065739,8.133007],[7.065333,8.15486],[7.05855,8.165541],[7.062198,8.184223]]}},
{"type":"Feature","properties":{},"geometry":{"type":"LineString","coordinates":[[6.85564,8.399495],[6.866528,8.394912],[6.862343,8.374705],[6.866582,8.359097],[6.877087,8.348396],[6.878862,8.326725],[6.898064,8.311072],[6.902724,8.296783],[6.919159,8.280446],[6.918757,8.260407],[6.922782,8.254366],[6.949383,8.238641],[6.948955,8.230519]]}},
{"type":"Feature","properties":{},"geometry":{"type":"LineString","coordinates":[[7.155854,11.371346],[7.160065,11.363185],[7.158908,11.353174],[7.162849,11.351832],[7.168755,11.334757],[7.193354,11.310011],[7.194865,11.302013],[7.211387,11.291057],[7.208436,11.273177],[7.217976,11.264194],[7.222413,11.248199],[7.238449,11.241158],[7.249516,11.230186],[7.25805,11.217489],[7.262835,11.199626],[7.281848,11.179372],[7.303643,11.145453],[7.309388,11.123001],[7.321357,11.117796],[7.320484,11.107437],[7.330177,11.094587],[7.323581,11.073075],[7.335804,11.064257],[7.331366,11.042459],[7.337727,11.034031],[7.330486,11.031593],[7.334569,11.022282],[7.33178,11.014594],[7.335123,10.998286]]}},
{"type":"Feature","properties":{},"geometry":{"type":"LineString","coordinates":[[5.930668,11.826296],[5.943776,11.830274],[5.964486,11.822442]]}},
{"type":"Feature","properties":{},"geometry":{"type":"LineString","coordinates":[[5.564237,11.889391],[5.57898,11.896799]]}},
{"type":"Feature","properties":{},"geometry":{"type":"LineString","coordinates":[[5.98785,11.516942],[5.983767,11.516232],[5.976467,11.526438],[5.962889,11.52812],[5.929513,11.50775],[5.919168,11.510252],[5.90216,11.505037],[5.890442,11.519137],[5.882014,11.513971],[5.874656,11.516941],[5.879546,11.510466],[5.875767,11.504349],[5.867313,11.515414],[5.861758,11.516616],[5.859262,11.511873],[5.845061,11.509314]]}},
{"type":"Feature","properties":{},"geometry":{"type":"LineString","coordinates":[[6.211471,11.168553],[6.209844,11.17685],[6.215763,11.183777],[6.216341,11.192594],[6.229084,11.201143],[6.212283,11.217239],[6.224607,11.218939],[6.229451,11.215629],[6.240046,11.222606],[6.24153,11.243996]]}},
{"type":"Feature","properties":{},"geometry":{"type":"LineString","coordinates":[[6.803347,10.563314],[6.783217,10.558142],[6.764536,10.570085]]}},
{"type":"Feature","properties":{},"geometry":{"type":"LineString","coordinates":[[6.647507,9.967378],[6.64162,9.961941],[6.644991,9.940723],[6.623678,9.932703],[6.619192,9.915834],[6.584605,9.898876],[6.577406,9.90019],[6.569271,9.891887],[6.561659,9.893481],[6.558843,9.889659],[6.548145,9.894709]]}},
{"type":"Feature","properties":{},"geometry":{"type":"LineString","coordinates":[[6.520158,8.892538],[6.467637,8.923075],[6.399432,8.932347],[6.382621,8.953076],[6.366604,8.955566],[6.217644,8.954875],[6.197568,8.937884],[6.180476,8.931508],[6.166126,8.929266],[6.143293,8.937003],[6.121337,8.937271],[6.112082,8.933842],[6.088391,8.934978],[6.069726,8.927977],[6.054294,8.932508],[6.040074,8.923818],[6.025221,8.921541]]}},
{"type":"Feature","properties":{},"geometry":{"type":"LineString","coordinates":[[5.419575,8.319274],[5.409174,8.327753],[5.399882,8.345434],[5.410945,8.388085]]}},
{"type":"Feature","properties":{},"geometry":{"type":"LineString","coordinates":[[4.920827,8.405836],[4.916019,8.398421],[4.896072,8.392527],[4.890853,8.385853]]}},
{"type":"Feature","properties":{},"geometry":{"type":"LineString","coordinates":[[5.005851,8.273122],[4.983203,8.264971],[4.967589,8.252859],[4.972505,8.240438],[4.963127,8.231188],[4.932177,8.220801],[4.917237,8.223013],[4.887668,8.193603],[4.888891,8.189052],[4.880955,8.177105],[4.864088,8.161791]]}},
{"type":"Feature","properties":{},"geometry":{"type":"LineString","coordinates":[[4.927764,8.273093],[4.910314,8.267392],[4.905293,8.258326],[4.908927,8.237647],[4.917237,8.223013]]}},
{"type":"Feature","properties":{},"geometry":{"type":"LineString","coordinates":[[5.876646,7.909752],[5.857357,7.915299],[5.840191,7.910073],[5.812151,7.913281],[5.802192,7.901378],[5.77326,7.906017],[5.752084,7.892737],[5.741729,7.894968],[5.729023,7.888259],[5.696028,7.898283],[5.673299,7.900005],[5.645149,7.897669],[5.616681,7.888997],[5.579749,7.890939],[5.528961,7.934814],[5.511764,7.940882],[5.497215,7.967178],[5.473819,7.993061],[5.450498,7.99424],[5.425943,8.004931],[5.416488,8.004783],[5.404907,8.011741],[5.392352,8.033459],[5.381463,8.042308],[5.333649,8.06356],[5.304581,8.054687],[5.291938,8.063796],[5.255717,8.073035],[5.233854,8.055079],[5.219336,8.05335],[5.208474,8.057025],[5.195759,8.053477],[5.181395,8.080669],[5.163354,8.098842],[5.143392,8.097139],[5.123534,8.11532],[5.11625,8.109935],[5.101728,8.108203],[5.085291,8.086594],[5.087049,8.075738],[5.07067,8.064975],[5.056177,8.068664],[5.034393,8.065157],[4.998187,8.079798],[4.981958,8.099763],[4.971082,8.101624],[4.938567,8.130707],[4.924079,8.136199],[4.907742,8.134468],[4.896924,8.148983],[4.877017,8.159924],[4.862509,8.161798],[4.849841,8.169088],[4.829881,8.169179],[4.822656,8.176444],[4.811752,8.172876],[4.79184,8.183814],[4.742734,8.158715],[4.712466,8.149737]]}},
{"type":"Feature","properties":{},"geometry":{"type":"LineString","coordinates":[[5.94579,7.977757],[5.941704,7.985585],[5.929243,7.992536],[5.916624,7.992461],[5.904575,8.003044],[5.88038,8.006194],[5.860944,8.020686],[5.847916,8.023531],[5.837618,8.037895],[5.818595,8.038577],[5.807803,8.051907],[5.790218,8.053596],[5.776826,8.067106],[5.743169,8.076776],[5.718554,8.111735],[5.705642,8.10778],[5.686143,8.120901],[5.682363,8.13096],[5.686291,8.143028],[5.675658,8.160007]]}},
{"type":"Feature","properties":{},"geometry":{"type":"LineString","coordinates":[[5.681207,7.654877],[5.629642,7.650847],[5.61734,7.643843]]}},
{"type":"Feature","properties":{},"geometry":{"type":"LineString","coordinates":[[5.717314,7.699973],[5.698547,7.697409],[5.688809,7.690594],[5.66853,7.69739],[5.634781,7.69636],[5.6192,7.687575],[5.619786,7.680751],[5.606739,7.671486],[5.583258,7.668102],[5.579087,7.664087]]}},
{"type":"Feature","properties":{},"geometry":{"type":"LineString","coordinates":[[6.078063,7.513556],[6.066662,7.485162],[6.07093,7.477598],[6.084044,7.473103],[6.086204,7.465566],[6.10601,7.450976],[6.125928,7.44267],[6.134913,7.443546],[6.143897,7.434451],[6.163737,7.425278],[6.170923,7.418002],[6.172655,7.407152],[6.179853,7.401681],[6.202949,7.395697]]}},
{"type":"Feature","properties":{},"geometry":{"type":"LineString","coordinates":[[6.841771,10.219065],[6.835783,10.214384],[6.810463,10.212832],[6.793238,10.226441],[6.756703,10.236724],[6.740329,10.22713],[6.719389,10.241122],[6.711319,10.255978]]}},
{"type":"Feature","properties":{},"geometry":{"type":"LineString","coordinates":[[7.380476,10.760314],[7.384688,10.774235],[7.403392,10.788148],[7.450542,10.801811],[7.463489,10.81073],[7.467833,10.820216],[7.485782,10.830884],[7.493975,10.842404],[7.52025,10.849236],[7.521163,10.855221],[7.533813,10.858693],[7.536765,10.863529],[7.54948,10.864459],[7.561113,10.882176]]}},
{"type":"Feature","properties":{},"geometry":{"type":"LineString","coordinates":[[8.246889,5.285556],[8.239685,5.283815],[8.21972,5.259947],[8.195531,5.244107],[8.166709,5.205753],[8.129164,5.176623]]}},
{"type":"Feature","properties":{},"geometry":{"type":"LineString","coordinates":[[8.048607,5.313192],[8.06877,5.290665],[8.1174,5.277014]]}},
{"type":"Feature","properties":{},"geometry":{"type":"LineString","coordinates":[[5.795701,5.20753],[5.82816,5.210999],[5.837766,5.218425]]}},
{"type":"Feature","properties":{},"geometry":{"type":"LineString","coordinates":[[5.862265,5.180128],[5.883908,5.183643],[5.901979,5.194402],[5.916397,5.194335],[5.933287,5.217987]]}},
{"type":"Feature","properties":{},"geometry":{"type":"LineString","coordinates":[[4.081099,5.216678],[4.055827,5.209486],[4.037764,5.196854],[3.992822,5.208136],[3.961987,5.198783],[3.931971,5.205817]]}},
{"type":"Feature","properties":{},"geometry":{"type":"LineString","coordinates":[[8.140006,11.126556],[8.137992,11.011357],[8.13181,10.995416],[8.133134,10.986642]]}},
{"type":"Feature","properties":{},"geometry":{"type":"LineString","coordinates":[[8.195025,10.810564],[8.091463,10.880855],[8.081308,10.891235],[8.074476,10.923442],[8.024497,10.93594],[8.003755,10.956584]]}},
{"type":"Feature","properties":{},"geometry":{"type":"LineString","coordinates":[[8.432849,10.980882],[8.4266,10.972697],[8.439876,10.972459],[8.460339,10.961886],[8.509011,10.961008],[8.571961,10.93508],[8.629466,10.934023],[8.671026,10.914782]]}},
{"type":"Feature","properties":{},"geometry":{"type":"LineString","coordinates":[[8.370929,10.622819],[8.322437,10.54636],[8.266276,10.537093],[8.2468,10.518458],[8.230446,10.509978],[8.171461,10.50803],[8.143054,10.483696],[8.123779,10.476715],[8.101128,10.443528],[8.092216,10.439295],[7.994969,10.440834],[7.973991,10.419277],[7.919446,10.418663],[7.899241,10.40743]]}},
{"type":"Feature","properties":{},"geometry":{"type":"LineString","coordinates":[[1.529588,17.517023],[1.520172,17.516953],[1.512594,17.522318],[1.512491,17.534967],[1.504868,17.545752],[1.480381,17.545565],[1.467074,17.559919],[1.453842,17.565239],[1.442539,17.565149],[1.433229,17.552427],[1.411708,17.55039]]}},
{"type":"Feature","properties":{},"geometry":{"type":"LineString","coordinates":[[1.603704,17.512136],[1.592334,17.521091],[1.590367,17.531921],[1.582805,17.535482],[1.582706,17.548132],[1.590171,17.55722],[1.597693,17.559082],[1.63537,17.559345],[1.629569,17.579184],[1.63129,17.600882],[1.624922,17.632418]]}},
{"type":"Feature","properties":{},"geometry":{"type":"LineString","coordinates":[[6.61879,17.244801],[6.621938,17.309713],[6.616445,17.317032],[6.616693,17.32966],[6.624347,17.33674],[6.628033,17.333063],[6.639338,17.334663],[6.646745,17.329115],[6.665993,17.352222],[6.670037,17.366585],[6.683404,17.377165],[6.690918,17.377028],[6.715851,17.401827],[6.718607,17.445084],[6.722439,17.448622],[6.722733,17.463053],[6.730397,17.470125],[6.71934,17.481161],[6.723898,17.492801]]}},
{"type":"Feature","properties":{},"geometry":{"type":"LineString","coordinates":[[1.763944,17.496935],[1.773337,17.500607],[1.822305,17.500904],[1.839164,17.515461],[1.854199,17.520971],[1.878698,17.519304],[1.891436,17.512993]]}},
{"type":"Feature","properties":{},"geometry":{"type":"LineString","coordinates":[[2.472404,17.416931],[2.449782,17.425909],[2.438485,17.425877],[2.417669,17.458353],[2.391784,17.465445]]}},
{"type":"Feature","properties":{},"geometry":{"type":"LineString","coordinates":[[2.926173,17.415808],[2.912992,17.415802],[2.912984,17.43388],[2.926154,17.462807],[2.935568,17.473656],[2.935547,17.533308],[2.944963,17.54958],[2.961652,17.562817]]}},
{"type":"Feature","properties":{},"geometry":{"type":"LineString","coordinates":[[6.911455,17.320503],[6.926706,17.33103],[6.93257,17.34174],[6.933032,17.36338],[6.940698,17.370445],[6.942885,17.384836],[6.954387,17.395432],[6.954503,17.400843],[6.941587,17.411922],[6.942014,17.431759],[6.951805,17.441557]]}},
{"type":"Feature","properties":{},"geometry":{"type":"LineString","coordinates":[[2.463185,17.350025],[2.4481,17.359022],[2.44242,17.369852],[2.44804,17.378906],[2.447997,17.393368],[2.466755,17.416916]]}},
{"type":"Feature","properties":{},"geometry":{"type":"LineString","coordinates":[[6.501834,17.317265],[6.487182,17.337374],[6.487557,17.357222],[6.480178,17.364571],[6.48233,17.378971],[6.49988,17.403517]]}},
{"type":"Feature","properties":{},"geometry":{"type":"LineString","coordinates":[[2.802287,17.343418],[2.796607,17.374142],[2.789068,17.381365],[2.774008,17.381348],[2.755165,17.39398],[2.738216,17.397573],[2.698926,17.395325]]}},
{"type":"Feature","properties":{},"geometry":{"type":"LineString","coordinates":[[1.663458,17.324594],[1.616421,17.324276],[1.558251,17.303986],[1.496289,17.289074],[1.477598,17.274475],[1.462658,17.269701]]}},
{"type":"Feature","properties":{},"geometry":{"type":"LineString","coordinates":[[1.614877,17.279083],[1.564231,17.260656],[1.534181,17.255016],[1.511744,17.238588],[1.459826,17.226274]]}},
{"type":"Feature","properties":{},"geometry":{"type":"LineString","coordinates":[[6.421972,17.224012],[6.386363,17.228226],[6.348644,17.219831],[6.339126,17.21277],[6.333234,17.198427],[6.323846,17.198582],[6.318117,17.19326]]}},
{"type":"Feature","properties":{},"geometry":{"type":"LineString","coordinates":[[7.2111,17.200792],[7.207022,17.186447],[7.191774,17.175943]]}},
{"type":"Feature","properties":{},"geometry":{"type":"LineString","coordinates":[[5.90439,17.196039],[5.889476,17.203478],[5.861111,17.203437]]}},
{"type":"Feature","properties":{},"geometry":{"type":"LineString","coordinates":[[1.873109,17.201174],[1.906882,17.214012],[1.921832,17.23036],[1.933085,17.235842],[1.963168,17.237806],[1.985699,17.245152],[2.019393,17.276045],[2.019278,17.297733],[2.030501,17.31044],[2.06247,17.314207],[2.085005,17.323349],[2.10432,17.319151]]}},
{"type":"Feature","properties":{},"geometry":{"type":"LineString","coordinates":[[6.366768,17.183428],[6.314362,17.193323],[6.297432,17.191795],[6.280248,17.175829],[6.246422,17.17457],[6.238976,17.178301],[6.21131,17.207628],[6.200977,17.261953],[6.191771,17.272932],[6.178621,17.273142],[6.173741,17.302029]]}},
{"type":"Feature","properties":{},"geometry":{"type":"LineString","coordinates":[[3.529901,17.173792],[3.531838,17.193672],[3.52246,17.202734],[3.524448,17.240688],[3.520396,17.246048]]}},
{"type":"Feature","properties":{},"geometry":{"type":"LineString","coordinates":[[6.744641,17.246103],[6.752259,17.251375],[6.768971,17.242039],[6.772322,17.222128],[6.781596,17.216539],[6.792305,17.189272],[6.801503,17.180077],[6.801319,17.171059],[6.808603,17.160095],[6.808271,17.143862],[6.817651,17.143684],[6.825007,17.136328],[6.834387,17.13615],[6.841742,17.128794],[6.854798,17.124935],[6.879257,17.128077],[6.924007,17.114582],[6.929747,17.119883],[6.950377,17.119482],[6.971314,17.133503],[6.997494,17.129379],[7.010893,17.141741],[7.011203,17.156168],[7.032147,17.170181],[7.0572,17.200346],[7.09348,17.228474],[7.100945,17.226517],[7.145063,17.268902]]}},
{"type":"Feature","properties":{},"geometry":{"type":"LineString","coordinates":[[1.591342,17.157835],[1.583891,17.148746],[1.535077,17.141171],[1.531347,17.137527],[1.495593,17.142687],[1.49043,17.13968]]}},
{"type":"Feature","properties":{},"geometry":{"type":"LineString","coordinates":[[7.223654,17.092312],[7.208942,17.105244],[7.205152,17.103519],[7.188724,17.123701],[7.190882,17.136282],[7.1855,17.147215],[7.185783,17.159836],[7.191774,17.175943],[7.173383,17.192558],[7.166285,17.210743],[7.170482,17.230497],[7.155998,17.254246],[7.146778,17.261652],[7.145386,17.283325],[7.139918,17.290653],[7.141653,17.32091],[7.131279,17.352852]]}},
{"type":"Feature","properties":{},"geometry":{"type":"LineString","coordinates":[[2.869882,17.13559],[2.867982,17.162704],[2.892412,17.189835],[2.892389,17.229603],[2.905542,17.256725],[2.909294,17.278419],[2.954441,17.321817],[2.969492,17.350744]]}},
{"type":"Feature","properties":{},"geometry":{"type":"LineString","coordinates":[[7.351237,17.095018],[7.37019,17.103626],[7.400093,17.099371],[7.426843,17.120426],[7.462368,17.116037],[7.468077,17.119518],[7.475358,17.110342],[7.490307,17.108206],[7.496059,17.113487],[7.505342,17.109674],[7.513012,17.116716],[7.526087,17.11462],[7.537418,17.117971],[7.544695,17.108793],[7.563258,17.101164],[7.585699,17.098852],[7.591408,17.102329],[7.596896,17.096796],[7.623438,17.10881],[7.651364,17.100958],[7.662291,17.088087],[7.671612,17.086069],[7.6903,17.083836],[7.697974,17.090868],[7.716753,17.092234],[7.724018,17.08305],[7.748414,17.084282],[7.765089,17.076679],[7.772626,17.078304],[7.790424,17.064625]]}},
{"type":"Feature","properties":{},"geometry":{"type":"LineString","coordinates":[[6.404775,17.105171],[6.382061,17.094723],[6.325736,17.093851],[6.322624,17.130005],[6.296443,17.135849],[6.298671,17.15567],[6.280057,17.164999],[6.280248,17.175829]]}},
{"type":"Feature","properties":{},"geometry":{"type":"LineString","coordinates":[[6.971543,17.055923],[6.972538,17.10281],[6.99355,17.120438],[6.995618,17.129416]]}},
{"type":"Feature","properties":{},"geometry":{"type":"LineString","coordinates":[[1.96591,17.082378],[1.971399,17.109518],[1.950491,17.150984],[1.950349,17.176287],[1.967151,17.198063],[1.961287,17.237797]]}},
{"type":"Feature","properties":{},"geometry":{"type":"LineString","coordinates":[[2.94886,17.085009],[2.962015,17.094051],[2.97705,17.117554],[2.977044,17.162746],[3.00149,17.218786],[2.995846,17.236862],[2.995845,17.283863],[2.982673,17.298323],[2.969492,17.350744],[2.969491,17.357975],[2.980783,17.376053],[2.982663,17.399551],[2.995842,17.419437],[3.039155,17.439318],[3.069297,17.468231],[3.084368,17.473648],[3.116985,17.474414]]}},
{"type":"Feature","properties":{},"geometry":{"type":"LineString","coordinates":[[6.624286,17.04438],[6.633802,17.05143],[6.641199,17.045883],[6.654538,17.056471],[6.654678,17.063686],[6.679414,17.081285],[6.686917,17.08115],[6.700331,17.095341],[6.70971,17.095169],[6.721179,17.105785],[6.74744,17.105301],[6.758768,17.1087],[6.776087,17.130032],[6.809853,17.129396],[6.813531,17.125719],[6.825007,17.136328]]}},
{"type":"Feature","properties":{},"geometry":{"type":"LineString","coordinates":[[2.668793,17.057631],[2.66127,17.061234],[2.636839,17.06119],[2.623694,17.055744],[2.582278,17.088202],[2.557882,17.07188],[2.53157,17.071821],[2.509003,17.07719]]}},
{"type":"Feature","properties":{},"geometry":{"type":"LineString","coordinates":[[6.057254,17.072805],[6.049747,17.072918],[6.044029,17.067587],[6.043766,17.05134],[6.03799,17.042398],[6.021101,17.04265],[6.00961,17.028378]]}},
{"type":"Feature","properties":{},"geometry":{"type":"LineString","coordinates":[[2.772078,17.121042],[2.764567,17.113802],[2.751413,17.11017],[2.740159,17.092079],[2.68755,17.079351],[2.668793,17.057631]]}},
{"type":"Feature","properties":{},"geometry":{"type":"LineString","coordinates":[[6.071177,17.005789],[6.029931,17.008213],[6.00961,17.028378],[5.972138,17.032539],[5.964603,17.030844],[5.964319,17.012791],[5.958491,17.000237],[5.937628,16.986092],[5.911334,16.984665],[5.90212,16.99563],[5.88294,16.999462]]}},
{"type":"Feature","properties":{},"geometry":{"type":"LineString","coordinates":[[7.273677,16.983049],[7.277178,16.972155],[7.27335,16.968628],[7.286094,16.952127]]}},
{"type":"Feature","properties":{},"geometry":{"type":"LineString","coordinates":[[6.876557,16.906202],[6.85819,16.924593],[6.858558,16.942629],[6.851136,16.946379]]}},
{"type":"Feature","properties":{},"geometry":{"type":"LineString","coordinates":[[6.388472,16.9123],[6.364358,16.927141],[6.340018,16.929346],[6.336205,16.925797],[6.326958,16.933168],[6.287364,16.921173]]}},
{"type":"Feature","properties":{},"geometry":{"type":"LineString","coordinates":[[6.825753,16.896334],[6.837213,16.906944],[6.837432,16.917767],[6.850842,16.93195],[6.851357,16.957199],[6.859,16.964272],[6.852019,16.989664],[6.859664,16.996737],[6.865621,17.012863],[6.902061,17.051859],[6.904237,17.066252],[6.911887,17.07332],[6.91249,17.102177],[6.922132,17.114618]]}},
{"type":"Feature","properties":{},"geometry":{"type":"LineString","coordinates":[[1.519906,16.924192],[1.487962,16.927574],[1.472972,16.923847],[1.437229,16.932613],[1.399712,16.928709],[1.382786,16.93219],[1.375106,16.952007],[1.369442,16.955576],[1.368616,16.97248],[1.356418,16.98789]]}},
{"type":"Feature","properties":{},"geometry":{"type":"LineString","coordinates":[[3.348254,17.070236],[3.357651,17.070221],[3.365159,17.064785],[3.365134,17.05213],[3.382021,17.039446],[3.380113,17.024988],[3.385739,17.019554],[3.425208,17.024899],[3.464612,17.00312],[3.498438,17.006655],[3.524816,17.033705],[3.545506,17.04088],[3.554955,17.058931],[3.573736,17.055264],[3.584978,17.044386],[3.637617,17.051458],[3.677027,17.036869],[3.746541,17.034819],[3.754028,17.027561],[3.71257,16.995173],[3.712536,16.986135],[3.720022,16.978878],[3.716155,16.94997],[3.740493,16.93],[3.782402,16.916187]]}},
{"type":"Feature","properties":{},"geometry":{"type":"LineString","coordinates":[[5.844806,16.92601],[5.814661,16.917398],[5.786525,16.917784],[5.764377,16.898259]]}},
{"type":"Feature","properties":{},"geometry":{"type":"LineString","coordinates":[[4.719395,16.910999],[4.69687,16.911186],[4.685544,16.904053],[4.674282,16.904144],[4.66321,16.92592],[4.65018,16.938675],[4.631453,16.944248],[4.616572,16.96063],[4.614819,16.975101],[4.635834,17.016497],[4.614245,17.024327],[4.609741,17.040197],[4.600426,17.049307],[4.587337,17.056639],[4.561067,17.060457],[4.556363,17.069002]]}},
{"type":"Feature","properties":{},"geometry":{"type":"LineString","coordinates":[[8.123926,16.90576],[8.132886,16.891121],[8.149717,16.890697],[8.182294,16.850241],[8.189673,16.846449],[8.206597,16.849623]]}},
{"type":"Feature","properties":{},"geometry":{"type":"LineString","coordinates":[[2.39962,16.908785],[2.403358,16.914219],[2.397708,16.919626],[2.37329,16.92136],[2.337503,16.951977],[2.322452,16.959158],[2.320457,16.991688],[2.284669,17.016872],[2.282749,17.027712]]}},
{"type":"Feature","properties":{},"geometry":{"type":"LineString","coordinates":[[2.622115,16.905701],[2.612704,16.916531],[2.612682,16.927376],[2.621985,16.970779],[2.605046,16.987017],[2.593774,16.986994],[2.580572,17.010468],[2.556139,17.01403]]}},
{"type":"Feature","properties":{},"geometry":{"type":"LineString","coordinates":[[2.285147,16.890341],[2.284936,16.946377],[2.277396,16.953581],[2.277327,16.971657],[2.264115,16.987877],[2.262159,17.007753],[2.282749,17.027712],[2.303303,17.058512],[2.29951,17.067537],[2.299376,17.103689],[2.291373,17.12616]]}},
{"type":"Feature","properties":{},"geometry":{"type":"LineString","coordinates":[[2.532019,16.891054],[2.537629,16.900105],[2.53759,16.916374],[2.550679,16.939903],[2.544975,16.968813],[2.554329,16.985104],[2.556139,17.01403],[2.535409,17.039291],[2.501534,17.059095],[2.501509,17.068134],[2.509008,17.075382],[2.503351,17.0826],[2.503312,17.097061],[2.49201,17.106071],[2.484491,17.106052],[2.471297,17.118671],[2.473136,17.133137],[2.484376,17.147627],[2.484307,17.172935],[2.480536,17.17654],[2.465492,17.1765],[2.450406,17.190922],[2.440998,17.192703],[2.440976,17.199934],[2.431534,17.212561],[2.408965,17.212496],[2.397645,17.223309],[2.350834,17.21973]]}},
{"type":"Feature","properties":{},"geometry":{"type":"LineString","coordinates":[[7.079577,16.848131],[7.152425,16.924231],[7.152742,16.938656],[7.166173,16.952812],[7.170158,16.963552],[7.170637,16.985188],[7.183992,16.995735],[7.202406,16.980927],[7.235966,16.973017],[7.24509,16.962004],[7.272942,16.950602],[7.319765,16.949614],[7.340698,16.963596],[7.367003,16.96664],[7.376242,16.961033],[7.38952,16.96796],[7.420556,16.933027],[7.450515,16.932375],[7.523512,16.851435],[7.530998,16.851271],[7.567731,16.821608],[7.574869,16.807024],[7.621638,16.805977],[7.716459,16.704676],[7.757586,16.703732],[7.786596,16.667011],[7.805645,16.680988],[7.811252,16.680859],[7.83856,16.651382],[7.842988,16.604418],[7.853924,16.593348],[7.862629,16.567911]]}},
{"type":"Feature","properties":{},"geometry":{"type":"LineString","coordinates":[[2.111525,16.882431],[2.105859,16.889637],[2.087058,16.894976],[2.066335,16.909344],[1.994987,16.909006],[1.959254,16.919672],[1.916079,16.917641],[1.889846,16.908463],[1.857951,16.904671],[1.829879,16.890053],[1.784744,16.902443],[1.745188,16.922085],[1.750654,16.947422],[1.735486,16.969017],[1.722279,16.977972],[1.671445,16.99572],[1.629797,17.040627],[1.601537,17.051277],[1.584479,17.071039],[1.499671,17.102959],[1.470973,17.105358]]}},
{"type":"Feature","properties":{},"geometry":{"type":"LineString","coordinates":[[2.19978,16.882795],[2.184706,16.895388],[2.175201,16.922464],[2.156311,16.947693],[2.150587,16.967552],[2.099694,17.005293],[2.103705,17.055819]]}},
{"type":"Feature","properties":{},"geometry":{"type":"LineString","coordinates":[[1.863789,16.870363],[1.84112,16.893732]]}},
{"type":"Feature","properties":{},"geometry":{"type":"LineString","coordinates":[[6.362695,16.8333],[6.378231,16.863731],[6.372705,16.869238],[6.361396,16.865814],[6.333536,16.880711],[6.326482,16.906099],[6.338079,16.925766]]}},
{"type":"Feature","properties":{},"geometry":{"type":"LineString","coordinates":[[7.901994,16.792265],[7.902365,16.806673],[7.912133,16.82266],[7.916525,16.847786],[7.922369,16.856655],[7.92279,16.872866],[7.928542,16.878134],[7.921528,16.896324],[7.927468,16.908796],[7.927904,16.932684]]}},
{"type":"Feature","properties":{},"geometry":{"type":"LineString","coordinates":[[2.835942,16.869829],[2.837837,16.849947],[2.832219,16.833672],[2.820962,16.828239],[2.807853,16.797495],[2.792853,16.784826],[2.791001,16.763132],[2.779757,16.750465],[2.774153,16.728765],[2.766658,16.721527],[2.761676,16.648346],[2.766792,16.611254],[2.755563,16.594971],[2.755597,16.567854],[2.724467,16.551804],[2.71276,16.53635],[2.714494,16.523226],[2.70921,16.504519],[2.70427,16.498287],[2.693845,16.500883],[2.665787,16.471916],[2.66022,16.441174],[2.665883,16.415874],[2.650931,16.397772],[2.647214,16.381495],[2.652858,16.367043],[2.658482,16.363436]]}},
{"type":"Feature","properties":{},"geometry":{"type":"LineString","coordinates":[[2.68198,16.876881],[2.700801,16.847984],[2.700832,16.8281],[2.708354,16.819071],[2.717741,16.817276],[2.721511,16.806435],[2.715886,16.802813],[2.714025,16.791964],[2.6803,16.759375],[2.674066,16.721401]]}},
{"type":"Feature","properties":{},"geometry":{"type":"LineString","coordinates":[[8.163464,16.77685],[8.170891,16.77486],[8.188102,16.788839]]}},
{"type":"Feature","properties":{},"geometry":{"type":"LineString","coordinates":[[7.97898,16.803026],[8.002624,16.777224],[8.010385,16.787848],[8.014029,16.784155],[8.064501,16.782917],[8.087363,16.798567],[8.091054,16.796675],[8.114307,16.826725],[8.136742,16.826164],[8.145894,16.818727],[8.155484,16.827496],[8.195381,16.78145],[8.20935,16.813522],[8.217023,16.820534],[8.21727,16.829535],[8.206499,16.846022],[8.205222,16.867674],[8.222346,16.878046],[8.244882,16.881071],[8.265898,16.896744],[8.269889,16.905647],[8.303544,16.904776],[8.315066,16.915283],[8.31158,16.924379],[8.317745,16.933089]]}},
{"type":"Feature","properties":{},"geometry":{"type":"LineString","coordinates":[[7.790852,16.762444],[7.785559,16.775183],[7.802842,16.792805],[7.810777,16.810644],[7.82396,16.813938],[7.833585,16.824526],[7.848272,16.813366],[7.857715,16.816748],[7.863924,16.840031],[7.864986,16.881458],[7.880408,16.924364]]}},
{"type":"Feature","properties":{},"geometry":{"type":"LineString","coordinates":[[2.484824,16.877375],[2.490568,16.835812],[2.498105,16.824984],[2.49628,16.805094],[2.488807,16.792421],[2.477562,16.78697],[2.477592,16.776125],[2.470101,16.770683],[2.468265,16.756216],[2.45892,16.743538],[2.462707,16.730894],[2.442182,16.692877],[2.444078,16.685652],[2.438473,16.678406],[2.442302,16.6513],[2.434812,16.647665],[2.432958,16.640429]]}},
{"type":"Feature","properties":{},"geometry":{"type":"LineString","coordinates":[[6.121053,16.958086],[6.117094,16.945509],[6.128047,16.927286],[6.118226,16.900354],[6.127095,16.869524],[6.149321,16.852936],[6.158124,16.818497],[6.176654,16.805573],[6.174479,16.787552]]}},
{"type":"Feature","properties":{},"geometry":{"type":"LineString","coordinates":[[7.351339,16.774014],[7.362566,16.773775],[7.379157,16.762602],[7.424057,16.761642],[7.438856,16.75411],[7.450457,16.770088],[7.469123,16.767881],[7.482514,16.780212],[7.489954,16.778246],[7.509046,16.794056],[7.516529,16.793892],[7.543365,16.820345],[7.55829,16.818211],[7.563989,16.82169]]}},
{"type":"Feature","properties":{},"geometry":{"type":"LineString","coordinates":[[5.980539,16.911436],[5.980425,16.904215],[5.989687,16.896856],[5.995057,16.880526],[6.00622,16.874947],[5.99855,16.864223],[6.005792,16.847868],[5.99818,16.840755],[5.983126,16.837364],[5.969807,16.824917],[5.969723,16.8195],[5.982589,16.803062],[5.977166,16.783611]]}},
{"type":"Feature","properties":{},"geometry":{"type":"LineString","coordinates":[[6.299369,16.964306],[6.285677,16.932032],[6.287302,16.917564],[6.267993,16.885378],[6.254098,16.840467],[6.227707,16.831858],[6.195151,16.790842],[6.174479,16.787552],[6.153659,16.775234],[6.127546,16.782854],[6.110594,16.777695],[6.075049,16.781839],[6.067438,16.774731],[6.071098,16.769258],[6.053654,16.763029]]}},
{"type":"Feature","properties":{},"geometry":{"type":"LineString","coordinates":[[2.237282,16.807913],[2.23171,16.79343],[2.233637,16.780785]]}},
{"type":"Feature","properties":{},"geometry":{"type":"LineString","coordinates":[[3.580464,16.779566],[3.604847,16.775881],[3.629181,16.75773],[3.719253,16.761053],[3.732414,16.768236],[3.768064,16.768106],[3.777468,16.773495],[3.788383,16.773348]]}},
{"type":"Feature","properties":{},"geometry":{"type":"LineString","coordinates":[[6.955797,16.841537],[6.938495,16.820221],[6.938234,16.807596],[6.9285,16.789742],[6.928315,16.780724],[6.892192,16.754347],[6.864112,16.754875],[6.84521,16.746206],[6.833725,16.733789],[6.82916,16.713689]]}},
{"type":"Feature","properties":{},"geometry":{"type":"LineString","coordinates":[[2.188719,16.753498],[2.196238,16.749912],[2.207592,16.726458],[2.230153,16.713888],[2.239525,16.715731],[2.243233,16.726591],[2.256358,16.728447],[2.261965,16.733889],[2.278875,16.726719],[2.284577,16.706854],[2.301465,16.705105],[2.337178,16.683529],[2.348572,16.641989],[2.369127,16.663744],[2.369074,16.680014],[2.372813,16.68364],[2.393495,16.667433],[2.401042,16.652992],[2.406667,16.653009]]}},
{"type":"Feature","properties":{},"geometry":{"type":"LineString","coordinates":[[2.196048,16.795103],[2.235513,16.780792],[2.246872,16.755526],[2.256281,16.748329],[2.263847,16.732088]]}},
{"type":"Feature","properties":{},"geometry":{"type":"LineString","coordinates":[[4.88959,16.711231],[4.916018,16.729057],[4.916217,16.748932],[4.927559,16.75786],[4.946349,16.761297],[4.957786,16.779259],[4.990419,16.777803]]}},
{"type":"Feature","properties":{},"geometry":{"type":"LineString","coordinates":[[6.423142,16.752878],[6.392951,16.740742],[6.375777,16.722973],[6.369778,16.701408],[6.35645,16.68899],[6.354293,16.672777]]}},
{"type":"Feature","properties":{},"geometry":{"type":"LineString","coordinates":[[4.76814,16.688795],[4.764423,16.692442],[4.764589,16.71051],[4.768373,16.714092],[4.788998,16.713915],[4.789436,16.760895],[4.785719,16.764542],[4.781901,16.757345],[4.716259,16.757902],[4.714708,16.794058],[4.72425,16.812048],[4.720596,16.822922],[4.696206,16.823124],[4.673597,16.812468],[4.64902,16.790979],[4.645639,16.776194],[4.61135,16.773207],[4.597643,16.765942]]}},
{"type":"Feature","properties":{},"geometry":{"type":"LineString","coordinates":[[2.361053,16.835449],[2.368633,16.81378],[2.378047,16.804771],[2.379953,16.795738],[2.393124,16.784931],[2.400698,16.763262],[2.408454,16.681938],[2.406667,16.653009],[2.432958,16.640429],[2.440485,16.631411],[2.444287,16.613344],[2.4631,16.589893],[2.46312,16.582661],[2.481934,16.557402],[2.484712,16.547319]]}},
{"type":"Feature","properties":{},"geometry":{"type":"LineString","coordinates":[[2.732847,16.752218],[2.730984,16.743177],[2.736615,16.741377],[2.738501,16.734148],[2.738545,16.701609],[2.744182,16.694384],[2.742321,16.683535],[2.749838,16.672697],[2.747979,16.660042],[2.751741,16.651007],[2.763004,16.641981]]}},
{"type":"Feature","properties":{},"geometry":{"type":"LineString","coordinates":[[2.926153,16.627642],[2.913025,16.633059],[2.890537,16.609547],[2.890561,16.567968],[2.88307,16.555309],[2.883076,16.54627],[2.892446,16.548082],[2.894326,16.537237],[2.890588,16.519157],[2.879351,16.508305],[2.881242,16.47938],[2.870016,16.455872],[2.862522,16.455868],[2.856907,16.448631],[2.832563,16.437767],[2.823205,16.42872],[2.815711,16.430521],[2.802606,16.423279],[2.789494,16.423265],[2.78201,16.416027],[2.761407,16.416004],[2.738954,16.3979],[2.72959,16.397888],[2.7277,16.41054],[2.716436,16.428602],[2.707073,16.426783],[2.682781,16.390591],[2.671553,16.385151],[2.658476,16.367052],[2.656654,16.338123],[2.647309,16.329069],[2.645466,16.312796],[2.649287,16.269415],[2.628736,16.249493],[2.623713,16.250699]]}},
{"type":"Feature","properties":{},"geometry":{"type":"LineString","coordinates":[[5.379167,16.637873],[5.384676,16.628777],[5.429729,16.635481],[5.4539,16.620745],[5.468702,16.606119],[5.522574,16.604872]]}},
{"type":"Feature","properties":{},"geometry":{"type":"LineString","coordinates":[[2.856674,16.763187],[2.834187,16.728823],[2.826716,16.692661],[2.814721,16.68108],[2.800516,16.634789],[2.789277,16.623932],[2.787443,16.585966],[2.755583,16.578699]]}},
{"type":"Feature","properties":{},"geometry":{"type":"LineString","coordinates":[[6.401164,16.675623],[6.354293,16.672777],[6.329672,16.656927],[6.299809,16.662821],[6.292166,16.653917],[6.291827,16.634064],[6.272616,16.605484],[6.272341,16.589239],[6.283356,16.576429],[6.283203,16.567406],[6.257683,16.553148]]}},
{"type":"Feature","properties":{},"geometry":{"type":"LineString","coordinates":[[6.575889,16.666229],[6.579062,16.635492],[6.59363,16.613583],[6.604218,16.579109],[6.620752,16.562578],[6.613033,16.550079],[6.611027,16.534752]]}},
{"type":"Feature","properties":{},"geometry":{"type":"LineString","coordinates":[[2.634778,16.66168],[2.624243,16.639969],[2.624271,16.625505],[2.633664,16.616484],[2.618707,16.594765],[2.618764,16.56584],[2.631892,16.562248],[2.641321,16.531532],[2.652569,16.529743],[2.669525,16.477345]]}},
{"type":"Feature","properties":{},"geometry":{"type":"LineString","coordinates":[[1.167711,16.547291],[1.169038,16.605127],[1.129301,16.644527],[1.127234,16.664385],[1.113368,16.687611]]}},
{"type":"Feature","properties":{},"geometry":{"type":"LineString","coordinates":[[1.51244,16.550035],[1.503058,16.551775],[1.470919,16.587687],[1.440921,16.589272],[1.420159,16.607187],[1.393816,16.619637],[1.363475,16.660963],[1.333434,16.666145],[1.295621,16.701981],[1.256149,16.712494],[1.233548,16.723145],[1.214612,16.742859],[1.214477,16.757315],[1.210693,16.760895],[1.186312,16.760683],[1.165509,16.778568],[1.148687,16.777565]]}},
{"type":"Feature","properties":{},"geometry":{"type":"LineString","coordinates":[[7.450311,16.602394],[7.45733,16.582409],[7.453384,16.573477],[7.456789,16.558979],[7.44251,16.50699]]}},
{"type":"Feature","properties":{},"geometry":{"type":"LineString","coordinates":[[1.803471,16.609747],[1.822316,16.593588],[1.854201,16.590151],[1.865511,16.579369],[1.882379,16.579458],[1.901204,16.5651],[1.899473,16.539785],[1.912803,16.501896],[1.912964,16.472977],[1.933669,16.455008],[1.937405,16.456833],[1.958135,16.433439],[1.967499,16.433485],[1.975029,16.426292],[1.976949,16.417263]]}},
{"type":"Feature","properties":{},"geometry":{"type":"LineString","coordinates":[[2.008281,16.697588],[2.013936,16.692192],[2.015867,16.681356],[2.025289,16.672363],[2.034629,16.679638],[2.042058,16.694132],[2.047702,16.690544],[2.070208,16.690645],[2.083422,16.672628],[2.098441,16.669079],[2.10775,16.68358],[2.113377,16.683605],[2.120911,16.676407],[2.130288,16.676447],[2.145387,16.654818],[2.175405,16.651323],[2.194239,16.631514],[2.194284,16.620668],[2.211217,16.606272],[2.207512,16.595411],[2.209556,16.553843],[2.190935,16.524849]]}},
{"type":"Feature","properties":{},"geometry":{"type":"LineString","coordinates":[[1.728932,16.542431],[1.732856,16.515343]]}},
{"type":"Feature","properties":{},"geometry":{"type":"LineString","coordinates":[[7.307403,16.529663],[7.303966,16.497271],[7.275343,16.470804],[7.232409,16.473482],[7.190211,16.510406],[7.179386,16.528662]]}},
{"type":"Feature","properties":{},"geometry":{"type":"LineString","coordinates":[[6.480179,16.550537],[6.47792,16.528915],[6.496139,16.501535],[6.49583,16.484451]]}},
{"type":"Feature","properties":{},"geometry":{"type":"LineString","coordinates":[[7.417586,16.561619],[7.422987,16.552486],[7.420419,16.521885],[7.427728,16.514517],[7.435202,16.514359],[7.45891,16.488609],[7.499964,16.485924],[7.513332,16.498259],[7.530313,16.505102],[7.547546,16.522757],[7.579262,16.52026],[7.584993,16.525543],[7.611146,16.524965],[7.634827,16.499201],[7.651549,16.495222],[7.675221,16.469456],[7.691939,16.465475],[7.704749,16.45437],[7.723288,16.448545]]}},
{"type":"Feature","properties":{},"geometry":{"type":"LineString","coordinates":[[14.524801,16.179227],[14.535799,16.178622],[14.575331,16.194213],[14.638754,16.240438],[14.668076,16.238805],[14.677768,16.247144],[14.705308,16.250915]]}},
{"type":"Feature","properties":{},"geometry":{"type":"LineString","coordinates":[[4.847695,16.482101],[4.889069,16.499802],[4.892885,16.506996],[4.889508,16.544973],[4.893378,16.557587],[4.912272,16.573677],[4.938646,16.587889],[4.940901,16.625813],[4.972869,16.636353],[4.999105,16.636101],[5.017959,16.646761],[5.031002,16.639406],[5.069949,16.601078],[5.079161,16.586531],[5.090382,16.584612],[5.13114,16.542643]]}},
{"type":"Feature","properties":{},"geometry":{"type":"LineString","coordinates":[[7.211017,16.607388],[7.197693,16.596836],[7.197301,16.578806],[7.204584,16.569641],[7.204075,16.546202],[7.183124,16.528587],[7.166379,16.53253],[7.141887,16.524],[7.132272,16.511562],[7.100497,16.51219],[7.087261,16.505234],[7.073837,16.489262],[7.073648,16.480246],[7.054546,16.460772],[7.048416,16.435635],[7.02973,16.435995],[7.013687,16.418297]]}},
{"type":"Feature","properties":{},"geometry":{"type":"LineString","coordinates":[[7.710998,16.403755],[7.722198,16.403503],[7.731792,16.414103]]}},
{"type":"Feature","properties":{},"geometry":{"type":"LineString","coordinates":[[-0.046763,16.426548],[-0.04146,16.446487],[-0.063933,16.464056]]}},
{"type":"Feature","properties":{},"geometry":{"type":"LineString","coordinates":[[1.693378,16.534981],[1.710242,16.535086],[1.719729,16.517069],[1.738488,16.513569],[1.747879,16.51001],[1.751673,16.502804],[1.759166,16.502848],[1.778162,16.461388],[1.793224,16.448824],[1.800716,16.448866],[1.821438,16.429102]]}},
{"type":"Feature","properties":{},"geometry":{"type":"LineString","coordinates":[[8.195397,16.365292],[8.181193,16.392666],[8.192767,16.406794],[8.180428,16.434122],[8.185309,16.47724],[8.194783,16.482409],[8.199803,16.460665],[8.207073,16.453278],[8.214584,16.454891],[8.21994,16.445751],[8.227595,16.452765],[8.236826,16.448931],[8.250224,16.461205],[8.245259,16.484749],[8.252966,16.493563],[8.24481,16.50095]]}},
{"type":"Feature","properties":{},"geometry":{"type":"LineString","coordinates":[[0.754431,16.407751],[0.728146,16.414694],[0.722468,16.420053],[0.714707,16.443455],[0.696531,16.449326]]}},
{"type":"Feature","properties":{},"geometry":{"type":"LineString","coordinates":[[1.975548,16.504021],[1.99241,16.504103],[1.997994,16.51136],[2.031702,16.515133],[2.035432,16.518766],[2.031639,16.527786],[2.042802,16.544107],[2.057776,16.547791],[2.067164,16.544216],[2.089593,16.556969],[2.100847,16.55521],[2.10831,16.562473],[2.1403,16.533686],[2.181543,16.530235],[2.226647,16.497869],[2.241637,16.497925],[2.260401,16.490761],[2.273556,16.479961],[2.294165,16.480032],[2.324242,16.451208],[2.337354,16.451248],[2.348666,16.429592],[2.365571,16.415182],[2.374912,16.422441],[2.372981,16.440512],[2.378366,16.445101]]}},
{"type":"Feature","properties":{},"geometry":{"type":"LineString","coordinates":[[0.023272,16.373381],[0.043843,16.373671],[0.060512,16.384739],[0.069728,16.393896],[0.073431,16.414551]]}},
{"type":"Feature","properties":{},"geometry":{"type":"LineString","coordinates":[[8.283689,16.318056],[8.26582,16.347326],[8.285145,16.372059],[8.285485,16.384661],[8.278221,16.392048],[8.271296,16.412039],[8.290141,16.418768],[8.303099,16.414839],[8.310754,16.421848],[8.312864,16.430801],[8.3056,16.43819],[8.307956,16.456144],[8.302556,16.463486],[8.303244,16.488688],[8.270856,16.521912]]}},
{"type":"Feature","properties":{},"geometry":{"type":"LineString","coordinates":[[4.916539,16.436308],[4.982009,16.430279],[4.996838,16.415684],[5.009608,16.383038],[5.017094,16.382965],[5.022597,16.372072],[5.048797,16.371819],[5.06392,16.386126],[5.06432,16.424065],[5.056928,16.433172],[5.042008,16.438738],[5.04216,16.453192],[5.060977,16.462042],[5.076128,16.478153],[5.080027,16.492569],[5.099045,16.51948],[5.101016,16.528494],[5.110478,16.537434],[5.138631,16.542566],[5.151682,16.537012],[5.179775,16.53672],[5.2076,16.512941],[5.214946,16.500217],[5.233739,16.48809]]}},
{"type":"Feature","properties":{},"geometry":{"type":"LineString","coordinates":[[4.726737,16.448799],[4.706092,16.443546],[4.670361,16.425762],[4.666585,16.422178],[4.662503,16.382454],[4.62132,16.382774],[4.617546,16.379189],[4.617338,16.353889],[4.602941,16.3475]]}},
{"type":"Feature","properties":{},"geometry":{"type":"LineString","coordinates":[[3.02238,16.43964],[3.01676,16.434217],[3.016759,16.426987],[3.00552,16.41614],[3.005517,16.325748],[2.96808,16.287781],[2.951234,16.284163],[2.945622,16.273314],[2.945629,16.248003],[2.934409,16.222691],[2.934419,16.191956],[2.947518,16.18292],[2.947519,16.177498],[2.960617,16.166653],[2.96623,16.155806],[2.969971,16.159422],[2.975583,16.155807],[2.975586,16.135921],[2.968106,16.123264],[2.966239,16.105186],[2.95502,16.096144],[2.955024,16.079874],[2.932594,16.056364],[2.928854,16.058172],[2.917639,16.050936],[2.897073,16.050926],[2.857827,16.029209],[2.855968,16.014746],[2.848501,16.002085],[2.84851,15.989429],[2.835446,15.965918],[2.824243,15.955061],[2.814919,15.933358],[2.798112,15.924304],[2.790659,15.90441],[2.777594,15.893549],[2.773877,15.875466],[2.758951,15.860987],[2.744009,15.86097],[2.712302,15.828388],[2.692773,15.823524]]}},
{"type":"Feature","properties":{},"geometry":{"type":"LineString","coordinates":[[1.949255,16.343016],[1.964136,16.361166],[1.963964,16.393702],[1.954486,16.415346],[1.956301,16.426199],[1.967595,16.415411],[1.978822,16.417273],[1.988214,16.411896],[2.018159,16.415653],[2.021887,16.419285],[2.042487,16.41938],[2.050014,16.412184],[2.07247,16.415899],[2.089359,16.408743],[2.104274,16.423267],[2.107954,16.437744],[2.113549,16.443192],[2.121041,16.443224],[2.132352,16.427002],[2.132384,16.419771],[2.149318,16.401764],[2.149373,16.389111],[2.155014,16.383709],[2.164377,16.383747],[2.179448,16.362114],[2.196284,16.365795],[2.216923,16.355026],[2.243226,16.331621],[2.241458,16.304501],[2.250859,16.293688],[2.291965,16.313713]]}},
{"type":"Feature","properties":{},"geometry":{"type":"LineString","coordinates":[[7.777248,16.286896],[7.779157,16.288654]]}},
{"type":"Feature","properties":{},"geometry":{"type":"LineString","coordinates":[[4.936092,16.369705],[4.941671,16.366039],[4.941528,16.351585],[4.950777,16.340658],[4.965711,16.336905],[4.974957,16.325977],[5.019863,16.325552],[5.069912,16.346158]]}},
{"type":"Feature","properties":{},"geometry":{"type":"LineString","coordinates":[[8.448506,16.34267],[8.427406,16.321606],[8.427157,16.312607],[8.447457,16.304878],[8.463728,16.286448],[8.463029,16.261253],[8.447677,16.245441]]}},
{"type":"Feature","properties":{},"geometry":{"type":"LineString","coordinates":[[12.528637,16.098423],[12.523191,16.100454],[12.531512,16.119732],[12.533235,16.155388],[12.533117,16.191126],[12.526255,16.202158],[12.527379,16.225334],[12.541336,16.246139],[12.542292,16.265751],[12.559685,16.281036],[12.5639,16.291565],[12.563102,16.31304],[12.545777,16.337057],[12.547613,16.374492],[12.560238,16.402355]]}},
{"type":"Feature","properties":{},"geometry":{"type":"LineString","coordinates":[[8.401892,16.275434],[8.421743,16.251513],[8.431059,16.251272],[8.440176,16.243834],[8.447677,16.245441],[8.45488,16.236252],[8.49586,16.235191],[8.528433,16.266754],[8.542232,16.293404],[8.553716,16.303905],[8.577886,16.301466],[8.617883,16.331011],[8.643915,16.328514],[8.651523,16.333712],[8.662702,16.33341],[8.686503,16.318365],[8.717124,16.318009],[8.731384,16.311413],[8.737174,16.312784],[8.742985,16.324894]]}},
{"type":"Feature","properties":{},"geometry":{"type":"LineString","coordinates":[[3.805102,16.324194],[3.838852,16.336718],[3.842565,16.329472],[3.870645,16.329357],[3.891196,16.320232],[3.896787,16.314787],[3.894858,16.302141],[3.907968,16.303892],[3.90801,16.312931],[3.915539,16.321938],[3.930471,16.312834],[3.932309,16.305595],[3.949155,16.305519],[3.967943,16.319895],[3.958645,16.332592],[3.969895,16.336155],[3.979327,16.350573],[4.053825,16.347277]]}},
{"type":"Feature","properties":{},"geometry":{"type":"LineString","coordinates":[[2.271247,16.34799],[2.282513,16.338991],[2.282553,16.328144],[2.291965,16.313713],[2.312613,16.297512]]}},
{"type":"Feature","properties":{},"geometry":{"type":"LineString","coordinates":[[1.032663,16.283142],[1.01579,16.286598],[1.010105,16.293774],[1.007723,16.344345],[1.003889,16.353342],[0.992568,16.36227],[0.990586,16.373093],[0.981154,16.38023],[0.97715,16.405487],[0.935552,16.444834],[0.926057,16.457388],[0.925846,16.477261],[0.90453,16.494967]]}},
{"type":"Feature","properties":{},"geometry":{"type":"LineString","coordinates":[[1.755604,16.287737],[1.76681,16.291418],[1.770575,16.287825],[1.779921,16.289686]]}},
{"type":"Feature","properties":{},"geometry":{"type":"LineString","coordinates":[[7.591342,16.238737],[7.619153,16.230921],[7.625255,16.252422],[7.632885,16.259466],[7.703853,16.261503],[7.711486,16.268545],[7.724543,16.268253],[7.737253,16.253548],[7.750352,16.255056],[7.767006,16.249273]]}},
{"type":"Feature","properties":{},"geometry":{"type":"LineString","coordinates":[[8.474323,16.197931],[8.493597,16.220842],[8.49586,16.235191]]}},
{"type":"Feature","properties":{},"geometry":{"type":"LineString","coordinates":[[3.184026,16.361824],[3.195257,16.358198],[3.223314,16.331053],[3.232673,16.329235],[3.245765,16.318373],[3.249475,16.291252],[3.262556,16.274965],[3.271914,16.274954],[3.283126,16.262283],[3.296221,16.25865]]}},
{"type":"Feature","properties":{},"geometry":{"type":"LineString","coordinates":[[7.242283,16.238808],[7.228988,16.228252],[7.178562,16.227449],[7.163404,16.216925],[7.152207,16.217144],[7.136339,16.207479]]}},
{"type":"Feature","properties":{},"geometry":{"type":"LineString","coordinates":[[14.541777,15.965166],[14.558952,15.944689],[14.590069,15.942995],[14.602467,15.935213],[14.65118,15.929082]]}},
{"type":"Feature","properties":{},"geometry":{"type":"LineString","coordinates":[[4.80718,16.236692],[4.797894,16.243999],[4.764289,16.251511],[4.635764,16.242418]]}},
{"type":"Feature","properties":{},"geometry":{"type":"LineString","coordinates":[[1.610745,16.303102],[1.62976,16.259848],[1.62991,16.238161],[1.646847,16.22381]]}},
{"type":"Feature","properties":{},"geometry":{"type":"LineString","coordinates":[[8.644355,16.14846],[8.650247,16.159105],[8.647139,16.180794],[8.66265,16.201984],[8.663681,16.237965],[8.647386,16.254604],[8.648469,16.292383],[8.634031,16.308973],[8.634341,16.319769],[8.642052,16.328564]]}},
{"type":"Feature","properties":{},"geometry":{"type":"LineString","coordinates":[[0.562357,16.199673],[0.51916,16.215429],[0.479375,16.256508],[0.467809,16.283466],[0.457099,16.292067]]}},
{"type":"Feature","properties":{},"geometry":{"type":"LineString","coordinates":[[5.801237,16.187965],[5.804974,16.187916],[5.805128,16.19875],[5.79033,16.209782],[5.780241,16.211719]]}},
{"type":"Feature","properties":{},"geometry":{"type":"LineString","coordinates":[[0.26841,16.185259],[0.273743,16.205194],[0.258592,16.219448],[0.258442,16.230284],[0.226313,16.25515],[0.22106,16.269227],[0.212814,16.345449]]}},
{"type":"Feature","properties":{},"geometry":{"type":"LineString","coordinates":[[0.617418,16.179214],[0.596573,16.202465],[0.5834,16.209541],[0.554823,16.252569],[0.554645,16.267019],[0.54703,16.277769],[0.546761,16.299444],[0.557045,16.329863]]}},
{"type":"Feature","properties":{},"geometry":{"type":"LineString","coordinates":[[14.432722,15.879804],[14.381254,15.879],[14.351635,15.907242],[14.315505,15.918053],[14.281102,15.940105]]}},
{"type":"Feature","properties":{},"geometry":{"type":"LineString","coordinates":[[7.823655,16.123621],[7.810871,16.134726]]}},
{"type":"Feature","properties":{},"geometry":{"type":"LineString","coordinates":[[-0.044392,16.152117],[-0.05939,16.155514],[-0.07294,16.186016],[-0.095442,16.191105],[-0.104642,16.198008]]}},
{"type":"Feature","properties":{},"geometry":{"type":"LineString","coordinates":[[3.119704,16.298595],[3.084128,16.276918],[3.050435,16.269699],[3.007385,16.217276],[3.001772,16.213661],[2.986803,16.215467],[2.968094,16.197388],[2.968097,16.177502],[2.960617,16.166653]]}},
{"type":"Feature","properties":{},"geometry":{"type":"LineString","coordinates":[[0.306543,16.129755],[0.281985,16.149311],[0.261532,16.141823],[0.233508,16.141462],[0.223965,16.155787],[0.199372,16.177137],[0.182504,16.180525],[0.17851,16.198532],[0.170932,16.205656]]}},
{"type":"Feature","properties":{},"geometry":{"type":"LineString","coordinates":[[1.789023,16.331312],[1.779753,16.316799],[1.779921,16.289686],[1.800649,16.266308],[1.814181,16.194082],[1.817944,16.190489],[1.818083,16.16699],[1.814364,16.163355],[1.814461,16.147087],[1.790047,16.140985]]}},
{"type":"Feature","properties":{},"geometry":{"type":"LineString","coordinates":[[1.825151,16.434544],[1.821493,16.420063],[1.830921,16.409271],[1.83854,16.387623],[1.898741,16.337336],[1.900885,16.288542],[1.897223,16.274063],[1.901006,16.266851],[1.910402,16.25967],[1.917868,16.263325],[1.938471,16.259813],[1.949756,16.249023],[1.947962,16.234554],[1.957374,16.223755],[1.963071,16.207514],[1.976251,16.191309],[1.981863,16.191336],[2.00066,16.173349],[2.021386,16.142715],[2.042036,16.126541]]}},
{"type":"Feature","properties":{},"geometry":{"type":"LineString","coordinates":[[1.634659,16.362904],[1.636669,16.343035],[1.651743,16.328672],[1.666704,16.330574],[1.681763,16.318016],[1.665139,16.285379],[1.66542,16.243809],[1.645001,16.220182],[1.645346,16.169577],[1.632379,16.151419],[1.632479,16.136961],[1.640007,16.12978],[1.640118,16.113512],[1.648099,16.10252]]}},
{"type":"Feature","properties":{},"geometry":{"type":"LineString","coordinates":[[2.155842,16.19029],[2.174579,16.183134],[2.176592,16.148794],[2.193535,16.121744],[2.21225,16.118198],[2.221558,16.129078],[2.230894,16.132729],[2.234649,16.129126],[2.242102,16.136383],[2.266495,16.114777],[2.273975,16.114801],[2.281429,16.122057],[2.285182,16.118454],[2.29826,16.122114],[2.307648,16.111298],[2.331995,16.100529],[2.348812,16.104197]]}},
{"type":"Feature","properties":{},"geometry":{"type":"LineString","coordinates":[[7.503684,16.142223],[7.473889,16.144655],[7.438942,16.167027],[7.39799,16.171486],[7.388504,16.164469],[7.382273,16.135742],[7.355887,16.123661],[7.319829,16.095539],[7.319439,16.077511],[7.280283,16.078299],[7.257485,16.058914]]}},
{"type":"Feature","properties":{},"geometry":{"type":"LineString","coordinates":[[12.437431,15.88985],[12.419255,15.896011],[12.39714,15.896983],[12.379127,15.906709],[12.373848,15.912302],[12.374934,15.935489],[12.368646,15.958999],[12.328249,15.964344],[12.296054,15.987201],[12.272137,15.99526]]}},
{"type":"Feature","properties":{},"geometry":{"type":"LineString","coordinates":[[5.745452,16.073101],[5.745601,16.083937],[5.732897,16.111191],[5.733269,16.138279],[5.720364,16.151087],[5.719587,16.17547]]}},
{"type":"Feature","properties":{},"geometry":{"type":"LineString","coordinates":[[4.978723,16.069517],[5.003016,16.069292],[5.025658,16.090761],[5.035039,16.094286],[5.078021,16.093872],[5.102429,16.104475],[5.11736,16.10252]]}},
{"type":"Feature","properties":{},"geometry":{"type":"LineString","coordinates":[[3.398918,16.140972],[3.385822,16.139189],[3.365221,16.124762],[3.299749,16.115826],[3.29039,16.110415],[3.249249,16.112274],[3.239892,16.106861],[3.217418,16.076151],[3.200588,16.07436],[3.191233,16.068945],[3.176275,16.068958],[3.163196,16.079815],[3.120188,16.078035]]}},
{"type":"Feature","properties":{},"geometry":{"type":"LineString","coordinates":[[8.618485,16.044207],[8.623815,16.035063],[8.619942,16.029764],[8.621398,16.015322],[8.636077,16.007734],[8.639544,15.99864],[8.654119,15.987453],[8.667494,15.999703],[8.695597,16.006159],[8.73,16.037643],[8.739301,16.037395],[8.750772,16.047888],[8.760073,16.047636],[8.774537,16.032845],[8.789624,16.039637],[8.801201,16.053724],[8.808432,16.046328],[8.834365,16.042021],[8.861437,16.060175]]}},
{"type":"Feature","properties":{},"geometry":{"type":"LineString","coordinates":[[0.184569,16.034266],[0.178611,16.059471],[0.196905,16.086802],[0.196652,16.104858],[0.185241,16.119158],[0.183041,16.142607],[0.171729,16.149681],[0.173444,16.16054],[0.163664,16.191111],[0.170932,16.205656],[0.170726,16.2201],[0.189107,16.242018],[0.18488,16.276276],[0.192023,16.299849],[0.174911,16.319487],[0.159181,16.322353]]}},
{"type":"Feature","properties":{},"geometry":{"type":"LineString","coordinates":[[0.059582,16.025364],[0.076173,16.040037],[0.085508,16.040165],[0.098447,16.04937],[0.109337,16.071188],[0.112759,16.092905],[0.11831,16.096592]]}},
{"type":"Feature","properties":{},"geometry":{"type":"LineString","coordinates":[[2.746107,16.137579],[2.74425,16.12673],[2.719962,16.10862],[2.721857,16.090544],[2.727477,16.083321],[2.720022,16.065231],[2.686368,16.065186],[2.663971,16.041649],[2.652754,16.041632],[2.652723,16.05971],[2.643355,16.070541],[2.628401,16.068708],[2.611605,16.052408],[2.575763,16.047225]]}},
{"type":"Feature","properties":{},"geometry":{"type":"LineString","coordinates":[[2.975543,16.48122],[2.975544,16.473989],[2.958686,16.452291],[2.893157,16.379955],[2.89317,16.356455],[2.889427,16.352837],[2.891324,16.307642],[2.876357,16.293171],[2.868909,16.233507],[2.844612,16.195526],[2.848362,16.184681],[2.8652,16.184692],[2.872688,16.177465],[2.885785,16.173857],[2.878311,16.159389],[2.882057,16.152161],[2.889539,16.152164],[2.906369,16.163019],[2.921341,16.144947],[2.915733,16.137714],[2.917607,16.128675],[2.898914,16.10878],[2.898921,16.094316],[2.889579,16.079849],[2.893328,16.061773],[2.882121,16.043688]]}},
{"type":"Feature","properties":{},"geometry":{"type":"LineString","coordinates":[[4.967156,16.033485],[5.036283,16.032839],[5.08127,16.046862],[5.111544,16.082703],[5.117379,16.104328],[5.128804,16.124088],[5.168288,16.145372],[5.170453,16.172451],[5.198301,16.193966]]}},
{"type":"Feature","properties":{},"geometry":{"type":"LineString","coordinates":[[3.057882,16.134106],[3.050401,16.134108],[3.018601,16.096148],[3.005511,16.090725],[2.996161,16.079878],[2.986814,16.054567],[2.966251,16.036486],[2.955034,16.036484],[2.943819,16.029249],[2.938209,16.034672],[2.938205,16.049135],[2.932594,16.056364]]}},
{"type":"Feature","properties":{},"geometry":{"type":"LineString","coordinates":[[1.855293,16.087662],[1.849705,16.084017],[1.847961,16.062315],[1.823798,16.038687],[1.818265,16.026003],[1.78692,16.028055]]}},
{"type":"Feature","properties":{},"geometry":{"type":"LineString","coordinates":[[5.789394,16.009321],[5.808089,16.010883],[5.82507,16.023302],[5.861393,16.021713]]}},
{"type":"Feature","properties":{},"geometry":{"type":"LineString","coordinates":[[-0.012191,15.999086],[-0.088799,16.003414],[-0.115181,16.019283],[-0.148834,16.022404],[-0.163937,16.033014],[-0.187123,16.038788]]}},
{"type":"Feature","properties":{},"geometry":{"type":"LineString","coordinates":[[4.733978,16.039373],[4.674181,16.039848],[4.666586,16.02545],[4.651519,16.011108],[4.632834,16.011251],[4.574798,15.997227]]}},
{"type":"Feature","properties":{},"geometry":{"type":"LineString","coordinates":[[-0.039888,15.978833],[-0.084678,15.978194],[-0.101724,15.9942],[-0.114844,15.997622],[-0.118885,16.017426]]}},
{"type":"Feature","properties":{},"geometry":{"type":"LineString","coordinates":[[0.134929,15.979428],[0.13081,16.006462],[0.131772,16.069685],[0.120359,16.083979],[0.118153,16.107426],[0.091768,16.123322],[0.091504,16.141376],[0.082005,16.152082],[0.087292,16.173824],[0.081608,16.179165],[0.07942,16.200806],[0.064285,16.213238]]}},
{"type":"Feature","properties":{},"geometry":{"type":"LineString","coordinates":[[0.077093,15.976844],[0.056536,15.978369],[0.047018,15.990879],[0.039552,15.990777],[0.035766,15.994336],[0.035526,16.010586],[0.020458,16.019405],[0.016564,16.030186],[0.027551,16.044786],[0.04054,16.050383],[0.042113,16.070269],[0.049476,16.077595],[0.048514,16.142591],[0.063271,16.155436],[0.055371,16.184219],[0.064285,16.213238],[0.06399,16.233097],[0.078674,16.25136],[0.089889,16.251513],[0.099075,16.262474],[0.098809,16.280531],[0.117212,16.300648],[0.115265,16.314892]]}},
{"type":"Feature","properties":{},"geometry":{"type":"LineString","coordinates":[[8.715668,15.96756],[8.726773,15.965464],[8.738084,15.970562],[8.747021,15.957722],[8.750791,15.959421],[8.763548,15.950078],[8.776562,15.949729],[8.789316,15.940385],[8.794945,15.942034],[8.80207,15.931041],[8.811416,15.932589],[8.818591,15.923395],[8.824167,15.923244],[8.827728,15.917747],[8.833357,15.919395],[8.838724,15.91205],[8.842545,15.915545],[8.85922,15.913293],[8.864481,15.90235],[8.888639,15.901691],[8.896178,15.905085],[8.905259,15.897636],[8.924065,15.896009]]}},
{"type":"Feature","properties":{},"geometry":{"type":"LineString","coordinates":[[8.446395,15.96736],[8.448158,15.963714],[8.430589,15.933542],[8.431673,15.904699],[8.435247,15.899206],[8.440826,15.899066],[8.453406,15.882539],[8.484724,15.87094],[8.52367,15.866345],[8.531255,15.871553],[8.544269,15.871219],[8.562563,15.859944],[8.610744,15.853296],[8.617381,15.824316],[8.626424,15.815079],[8.622309,15.800781],[8.62337,15.771946],[8.636376,15.771609],[8.639992,15.767914],[8.639544,15.751721],[8.646975,15.751529],[8.673835,15.781435],[8.690505,15.779198],[8.705115,15.769813],[8.71199,15.749828],[8.717664,15.75328],[8.745323,15.74535],[8.740394,15.702276],[8.74257,15.683895]]}},
{"type":"Feature","properties":{},"geometry":{"type":"LineString","coordinates":[[8.797111,15.887975],[8.800724,15.884277],[8.81745,15.883826],[8.83459,15.897762],[8.860869,15.906049]]}},
{"type":"Feature","properties":{},"geometry":{"type":"LineString","coordinates":[[8.344493,15.925152],[8.353268,15.90512],[8.347497,15.898059],[8.339962,15.894644],[8.295367,15.897545],[8.266761,15.871225]]}},
{"type":"Feature","properties":{},"geometry":{"type":"LineString","coordinates":[[0.041028,15.934815],[0.035536,15.927517],[0.016983,15.920037],[-0.068841,15.918834],[-0.083684,15.913205],[-0.105766,15.893025],[-0.10752,15.885778]]}},
{"type":"Feature","properties":{},"geometry":{"type":"LineString","coordinates":[[12.629292,15.693771],[12.632084,15.752587],[12.66751,15.799224],[12.675728,15.816714],[12.676841,15.839881],[12.6619,15.874487],[12.66293,15.895873],[12.642461,15.930732],[12.577381,15.997969],[12.57781,16.006882],[12.595342,16.025741],[12.599975,16.045183],[12.624627,16.058355],[12.640153,16.073726],[12.656289,16.10157],[12.656899,16.114044],[12.682086,16.137895],[12.682765,16.152086]]}},
{"type":"Feature","properties":{},"geometry":{"type":"LineString","coordinates":[[1.417967,16.365002],[1.401385,16.332346],[1.409032,16.312523],[1.409148,16.298065],[1.401722,16.290781],[1.392352,16.292517],[1.392588,16.263603],[1.411369,16.254709],[1.432291,16.211489],[1.419342,16.193321],[1.419457,16.178864],[1.410338,16.149879],[1.410612,16.115541],[1.403221,16.104643],[1.403308,16.0938],[1.427665,16.086752],[1.420417,16.057781],[1.429846,16.047007],[1.450264,16.065229],[1.48201,16.069071],[1.495257,16.047476],[1.492049,15.976966],[1.46246,15.936996],[1.470082,15.917169],[1.488789,15.90443]]}},
{"type":"Feature","properties":{},"geometry":{"type":"LineString","coordinates":[[1.941219,16.095335],[1.95814,16.077341],[1.960094,16.061083],[1.958281,16.050228],[1.945301,16.030279],[1.951107,15.992348],[1.954863,15.98875],[1.953079,15.972473],[1.96997,15.958094],[1.986786,15.958174],[2.005568,15.938376],[2.009393,15.920318],[2.018778,15.911322],[2.041142,15.922268],[2.046772,15.91687],[2.059857,15.91512],[2.070983,15.933245],[2.084102,15.924263],[2.093442,15.924302],[2.106464,15.937011],[2.112077,15.935225],[2.123247,15.94431],[2.134465,15.942548],[2.153126,15.948045],[2.17187,15.933656],[2.181182,15.940923],[2.186809,15.935521],[2.192501,15.913849],[2.213114,15.897655]]}},
{"type":"Feature","properties":{},"geometry":{"type":"LineString","coordinates":[[12.453767,15.765833],[12.414099,15.746123],[12.38631,15.743758],[12.371082,15.733695],[12.278906,15.735884],[12.256312,15.726126],[12.235317,15.710933],[12.220205,15.69302]]}},
{"type":"Feature","properties":{},"geometry":{"type":"LineString","coordinates":[[1.885433,15.932366],[1.883665,15.914281],[1.872538,15.899762],[1.851992,15.899653],[1.835213,15.894141],[1.825916,15.886861],[1.825958,15.87963]]}},
{"type":"Feature","properties":{},"geometry":{"type":"LineString","coordinates":[[2.262901,16.074993],[2.255443,16.069544],[2.259276,16.044249],[2.278015,16.031658],[2.285531,16.020836],[2.279949,16.013586],[2.261285,16.006292],[2.259495,15.984592],[2.253909,15.97915],[2.255825,15.966502],[2.24464,15.959232],[2.244687,15.946578],[2.227933,15.930248],[2.227968,15.921209],[2.213078,15.906693],[2.213135,15.892232],[2.224356,15.888657],[2.233737,15.877844],[2.248659,15.883319],[2.258032,15.874312],[2.272961,15.877979],[2.282275,15.885242],[2.301023,15.865417],[2.301172,15.82203],[2.297048,15.817269]]}},
{"type":"Feature","properties":{},"geometry":{"type":"LineString","coordinates":[[0.444458,16.012232],[0.444664,15.995977],[0.422582,15.970425],[0.411775,15.939588],[0.41378,15.928774],[0.421293,15.925251],[0.421477,15.910802],[0.391988,15.881547],[0.382914,15.861567],[0.383076,15.85051]]}},
{"type":"Feature","properties":{},"geometry":{"type":"LineString","coordinates":[[5.701579,15.851705],[5.703565,15.86071],[5.686845,15.866338],[5.68718,15.891621],[5.683496,15.895279],[5.66304,15.90095],[5.631291,15.899533]]}},
{"type":"Feature","properties":{},"geometry":{"type":"LineString","coordinates":[[0.809578,15.987361],[0.759455,15.959743],[0.71464,15.959272],[0.705222,15.966399],[0.653001,15.960416],[0.629047,15.933055],[0.589994,15.919976],[0.575277,15.901746],[0.569916,15.881814],[0.536739,15.847115]]}},
{"type":"Feature","properties":{},"geometry":{"type":"LineString","coordinates":[[12.647332,15.646532],[12.658368,15.646042],[12.690652,15.666033],[12.698688,15.679959],[12.699198,15.690652],[12.698806,15.721027],[12.692043,15.733831],[12.705434,15.743944],[12.744241,15.745767],[12.762122,15.734247],[12.808105,15.732163],[12.832981,15.736372]]}},
{"type":"Feature","properties":{},"geometry":{"type":"LineString","coordinates":[[3.915725,15.857378],[3.915921,15.900763],[3.899221,15.926141],[3.899294,15.94241],[3.933635,15.988692]]}},
{"type":"Feature","properties":{},"geometry":{"type":"LineString","coordinates":[[7.581966,15.812412],[7.563555,15.821815],[7.547326,15.845596],[7.548055,15.878036],[7.52093,15.914668],[7.514732,15.970695],[7.511087,15.974378],[7.468235,15.975273],[7.445478,15.957713],[7.441553,15.948778],[7.398703,15.949658],[7.38217,15.960816],[7.359967,15.968481],[7.313381,15.969421],[7.30022,15.964274],[7.28877,15.951879],[7.260818,15.952435],[7.257549,15.974143],[7.244732,15.985218],[7.258889,16.037243],[7.255659,16.060755],[7.239108,16.071905],[7.226055,16.072165],[7.194923,16.099834],[7.183733,16.100054],[7.149524,16.070057],[7.105057,16.070097]]}},
{"type":"Feature","properties":{},"geometry":{"type":"LineString","coordinates":[[1.902551,15.876417],[1.900722,15.869178],[1.882097,15.860044],[1.859677,15.861734],[1.848369,15.879751],[1.825958,15.87963],[1.812938,15.870522],[1.807441,15.852415],[1.759963,15.852231]]}},
{"type":"Feature","properties":{},"geometry":{"type":"LineString","coordinates":[[12.588133,15.64201],[12.578935,15.642415],[12.571994,15.651653],[12.557527,15.657649],[12.545148,15.668913],[12.538456,15.683499],[12.539209,15.699545],[12.547324,15.715265],[12.548247,15.734875],[12.554274,15.745328],[12.571514,15.758855],[12.571767,15.764203],[12.566836,15.776926],[12.56768,15.794753],[12.535381,15.81405],[12.536308,15.833662],[12.542172,15.840547],[12.546921,15.940382],[12.543832,15.953026],[12.537143,15.967617],[12.509016,15.99746],[12.50584,16.008323],[12.456028,16.087381],[12.465283,16.126282],[12.438379,16.143568],[12.390684,16.190376],[12.387333,16.197674],[12.391707,16.211777],[12.382903,16.221107],[12.381621,16.247635]]}},
{"type":"Feature","properties":{},"geometry":{"type":"LineString","coordinates":[[1.173587,15.990763],[1.184795,15.990857],[1.213106,15.958566],[1.257918,15.96074],[1.319921,15.917859],[1.347949,15.916268],[1.374429,15.874902],[1.37275,15.851394],[1.367222,15.842316]]}},
{"type":"Feature","properties":{},"geometry":{"type":"LineString","coordinates":[[0.714182,15.834606],[0.680592,15.834249],[0.650548,15.850185],[0.622556,15.84988],[0.617,15.846206],[0.534873,15.847094],[0.488471,15.82669],[0.469859,15.822861],[0.42695,15.822356],[0.41009,15.827574],[0.401932,15.835382]]}},
{"type":"Feature","properties":{},"geometry":{"type":"LineString","coordinates":[[4.964025,15.826919],[4.992056,15.830276],[5.003379,15.842821],[5.001602,15.851872],[5.00914,15.859031],[5.063272,15.858521],[5.068908,15.862082],[5.076467,15.871044],[5.076615,15.885498],[5.069277,15.898216],[5.06937,15.90725],[5.075027,15.912617],[5.104208,15.910384],[5.114291,15.917656],[5.138582,15.919224],[5.146098,15.923652],[5.161157,15.919172],[5.182624,15.901085],[5.213584,15.884823]]}},
{"type":"Feature","properties":{},"geometry":{"type":"LineString","coordinates":[[5.497121,15.820971],[5.491702,15.835485],[5.491901,15.851742],[5.501543,15.876921],[5.4999,15.895004],[5.461533,15.932729]]}},
{"type":"Feature","properties":{},"geometry":{"type":"LineString","coordinates":[[4.859009,15.81786],[4.842244,15.821617],[4.80892,15.852619],[4.801613,15.870751],[4.790507,15.881686],[4.747579,15.883845],[4.734571,15.891178],[4.689816,15.898762],[4.669454,15.920608],[4.643396,15.931651],[4.61926,15.949906],[4.6137,15.95537],[4.613758,15.962599],[4.574798,15.997227],[4.544903,15.997443],[4.524433,16.008434],[4.518868,16.013895],[4.517355,16.060898],[4.480228,16.095497],[4.470988,16.11002],[4.471148,16.131708],[4.44692,16.142717],[4.441422,16.159958]]}},
{"type":"Feature","properties":{},"geometry":{"type":"LineString","coordinates":[[1.034677,16.0835],[1.049891,16.056536],[1.088243,15.953879],[1.097667,15.944927],[1.097769,15.934086],[1.109075,15.923344],[1.111078,15.908904],[1.118648,15.898128],[1.126651,15.84037],[1.115535,15.831239],[1.115602,15.824011],[1.126917,15.811459]]}},
{"type":"Feature","properties":{},"geometry":{"type":"LineString","coordinates":[[5.531686,15.786715],[5.531798,15.795745],[5.52083,15.813937],[5.523099,15.846426],[5.498766,15.872511]]}},
{"type":"Feature","properties":{},"geometry":{"type":"LineString","coordinates":[[8.295093,15.744439],[8.319068,15.736649],[8.33236,15.74713],[8.341654,15.746902],[8.360524,15.757245],[8.369533,15.746216],[8.376966,15.746032],[8.39336,15.733018]]}},
{"type":"Feature","properties":{},"geometry":{"type":"LineString","coordinates":[[3.593493,15.795225],[3.593556,15.816919],[3.602925,15.827741],[3.60483,15.84039],[3.623522,15.845761],[3.625423,15.856603],[3.632916,15.863812],[3.653485,15.870982],[3.655434,15.896286],[3.664792,15.901681],[3.662954,15.910726],[3.668576,15.916132],[3.681678,15.923322],[3.739634,15.933978],[3.757061,15.951781]]}},
{"type":"Feature","properties":{},"geometry":{"type":"LineString","coordinates":[[1.229045,15.844846],[1.245846,15.844982],[1.256985,15.852301],[1.273803,15.850628],[1.285095,15.839874],[1.348568,15.840367],[1.355991,15.845845],[1.370985,15.83873],[1.374762,15.833336],[1.372967,15.824286],[1.388002,15.811747],[1.391863,15.795509],[1.403133,15.786556],[1.455394,15.786934],[1.461765,15.782786]]}},
{"type":"Feature","properties":{},"geometry":{"type":"LineString","coordinates":[[5.04743,15.768325],[5.094073,15.767881],[5.120381,15.785695],[5.155813,15.78354],[5.177624,15.786726],[5.190501,15.776099],[5.216175,15.779993]]}},
{"type":"Feature","properties":{},"geometry":{"type":"LineString","coordinates":[[0.264372,15.979308],[0.264691,15.955832],[0.244603,15.923066],[0.24475,15.91223],[0.258009,15.89795],[0.258278,15.878086],[0.25462,15.872622],[0.259278,15.804047],[0.280084,15.782634],[0.302656,15.768465],[0.302751,15.761242],[0.309693,15.754774]]}},
{"type":"Feature","properties":{},"geometry":{"type":"LineString","coordinates":[[5.974096,15.744994],[5.978167,15.768414],[5.99705,15.784408],[5.994793,15.824845]]}},
{"type":"Feature","properties":{},"geometry":{"type":"LineString","coordinates":[[7.169197,15.7254],[7.154304,15.725684],[7.148829,15.7312],[7.149122,15.745625],[7.145472,15.749303],[7.130576,15.749586],[7.113673,15.742691],[7.055987,15.745577],[7.058064,15.756363],[7.07325,15.770512],[7.075293,15.779493],[7.055202,15.799713],[7.044026,15.799922],[7.01025,15.78792],[6.983539,15.755937],[6.963088,15.758114],[6.955743,15.76366],[6.924081,15.764235],[6.895591,15.752232]]}},
{"type":"Feature","properties":{},"geometry":{"type":"LineString","coordinates":[[15.149041,15.437725],[15.173607,15.420401],[15.191823,15.419387],[15.214311,15.428768],[15.223417,15.42826],[15.23904,15.445111],[15.231407,15.470355],[15.232673,15.491555],[15.236527,15.494884],[15.257755,15.483055],[15.31079,15.483609],[15.341846,15.513748],[15.365052,15.518336]]}},
{"type":"Feature","properties":{},"geometry":{"type":"LineString","coordinates":[[0.094891,15.821774],[0.093181,15.810916],[0.080282,15.799908],[0.028384,15.777534],[0.004463,15.755535],[-0.045522,15.731367]]}},
{"type":"Feature","properties":{},"geometry":{"type":"LineString","coordinates":[[0.1167,15.862375],[0.135635,15.842761],[0.136144,15.806647],[0.141866,15.797693],[0.173845,15.778245],[0.209224,15.73635]]}},
{"type":"Feature","properties":{},"geometry":{"type":"LineString","coordinates":[[1.980928,15.762917],[1.980982,15.75207],[1.988484,15.744875]]}},
{"type":"Feature","properties":{},"geometry":{"type":"LineString","coordinates":[[6.083836,15.604428],[6.093204,15.607908],[6.110242,15.625724],[6.116268,15.65453],[6.116844,15.69244],[6.111335,15.697935],[6.066636,15.700374],[6.085544,15.718164],[6.085734,15.730802],[6.089517,15.734359],[6.165936,15.733262],[6.177259,15.742126],[6.177596,15.763787],[6.183272,15.769121],[6.229874,15.768434],[6.262383,15.797441]]}},
{"type":"Feature","properties":{},"geometry":{"type":"LineString","coordinates":[[3.620295,15.721029],[3.612823,15.719242]]}},
{"type":"Feature","properties":{},"geometry":{"type":"LineString","coordinates":[[14.658144,15.40695],[14.665345,15.404792],[14.663598,15.438624],[14.699787,15.463327],[14.702312,15.507581],[14.708903,15.526758],[14.734868,15.532461],[14.742069,15.530297],[14.745923,15.53364],[14.746941,15.551339],[14.756987,15.566773],[14.798977,15.564496],[14.838338,15.580102],[14.85456,15.575666],[14.864407,15.587551],[14.877962,15.592277]]}},
{"type":"Feature","properties":{},"geometry":{"type":"LineString","coordinates":[[-0.026142,15.807479],[-0.034794,15.762215],[-0.045818,15.751225],[-0.045495,15.729562],[-0.076911,15.711063],[-0.100811,15.689056],[-0.144787,15.688377]]}},
{"type":"Feature","properties":{},"geometry":{"type":"LineString","coordinates":[[13.823029,15.432685],[13.798981,15.464138],[13.793487,15.464408],[13.784798,15.473739],[13.785356,15.484395],[13.776572,15.49195],[13.740245,15.494399]]}},
{"type":"Feature","properties":{},"geometry":{"type":"LineString","coordinates":[[3.536706,15.824299],[3.527392,15.833362],[3.508722,15.835214],[3.50874,15.842445],[3.501283,15.847886],[3.486342,15.84792],[3.465885,15.88593],[3.447173,15.871507],[3.435966,15.87153],[3.424789,15.886015],[3.407998,15.896894],[3.318328,15.897045],[3.308982,15.893443],[3.301494,15.882607],[3.310767,15.839204],[3.310737,15.819317],[3.301386,15.81029],[3.292047,15.808495],[3.27334,15.783209],[3.217269,15.729033],[3.213521,15.714574],[3.194839,15.696512]]}},
{"type":"Feature","properties":{},"geometry":{"type":"LineString","coordinates":[[12.768078,15.473305],[12.79196,15.47224],[12.808916,15.480408],[12.830228,15.50266],[12.829924,15.534805],[12.845049,15.54305],[12.863336,15.540439],[12.870856,15.543669],[12.875302,15.559532],[12.89201,15.562345],[12.901884,15.576175],[12.90932,15.577622],[12.908258,15.593733],[12.895483,15.596099],[12.881213,15.605672],[12.87883,15.632554],[12.922574,15.6609],[12.924486,15.700077],[12.939541,15.706525],[12.964487,15.726791],[13.00782,15.746199],[13.019786,15.760604]]}},
{"type":"Feature","properties":{},"geometry":{"type":"LineString","coordinates":[[3.611076,15.75902],[3.611006,15.735518],[3.607262,15.731913],[3.612823,15.719242],[3.607197,15.710218],[3.610751,15.681283]]}},
{"type":"Feature","properties":{},"geometry":{"type":"LineString","coordinates":[[2.01451,15.766686],[1.994083,15.744901],[1.977312,15.739399],[1.951349,15.706738],[1.936439,15.703051],[1.934611,15.69581],[1.938361,15.692213],[1.923343,15.681957]]}},
{"type":"Feature","properties":{},"geometry":{"type":"LineString","coordinates":[[4.310494,15.680018],[4.301189,15.683689],[4.292008,15.707241],[4.241989,15.767181],[4.214368,15.830604],[4.210817,15.861352],[4.20339,15.868624],[4.162326,15.872463],[4.160666,15.908625],[4.127225,15.941339],[4.117974,15.957655],[4.075155,15.986795],[4.079067,16.019314],[4.084733,16.03013],[4.107281,16.051706],[4.102365,16.067165]]}},
{"type":"Feature","properties":{},"geometry":{"type":"LineString","coordinates":[[2.105481,15.786964],[2.118581,15.779787],[2.116792,15.761702],[2.141159,15.738298],[2.133868,15.696691],[2.148842,15.685903],[2.143297,15.673227]]}},
{"type":"Feature","properties":{},"geometry":{"type":"LineString","coordinates":[[12.873591,15.44716],[12.864409,15.447573],[12.870726,15.502621],[12.861968,15.511942],[12.863336,15.540439]]}},
{"type":"Feature","properties":{},"geometry":{"type":"LineString","coordinates":[[14.920601,15.43959],[14.97484,15.365665],[14.99417,15.352193],[15.017654,15.347361],[15.029997,15.339591],[15.042751,15.338893],[15.049627,15.331422],[15.06275,15.330699]]}},
{"type":"Feature","properties":{},"geometry":{"type":"LineString","coordinates":[[0.573041,15.724679],[0.560094,15.715503],[0.541446,15.715293],[0.517423,15.696957],[0.480177,15.692917],[0.472808,15.685606],[0.471099,15.672941],[0.460137,15.65475],[0.441721,15.636472],[0.348505,15.63717],[0.339088,15.645844]]}},
{"type":"Feature","properties":{},"geometry":{"type":"LineString","coordinates":[[1.143583,15.826059],[1.126901,15.813266],[1.123268,15.802392],[1.11402,15.793276],[1.121585,15.782499],[1.116103,15.769802],[1.11627,15.751733],[1.110823,15.735421],[1.092385,15.711769],[1.096217,15.700959],[1.079598,15.682743],[1.079834,15.657446],[1.087395,15.646669],[1.092922,15.653946],[1.100449,15.646783],[1.100632,15.626906],[1.080256,15.612272],[1.076762,15.586943],[1.091843,15.569003],[1.09196,15.556355],[1.105091,15.547432],[1.105273,15.527555],[1.098082,15.498579],[1.107548,15.482396],[1.109559,15.466149],[1.100342,15.455228],[1.076255,15.440563],[1.021017,15.371408],[0.995186,15.345879],[0.978428,15.345728],[0.961793,15.332927],[0.956383,15.314807],[0.937978,15.292954],[0.936241,15.280289]]}},
{"type":"Feature","properties":{},"geometry":{"type":"LineString","coordinates":[[2.075962,15.709108],[2.085293,15.709147],[2.092782,15.703755],[2.085366,15.692878],[2.085422,15.680223],[2.091068,15.6694],[2.111592,15.669485],[2.11527,15.682155],[2.120852,15.685792],[2.132102,15.673182],[2.156366,15.67147],[2.161986,15.666068],[2.184354,15.671576],[2.188143,15.657127],[2.200612,15.645178]]}},
{"type":"Feature","properties":{},"geometry":{"type":"LineString","coordinates":[[7.376392,15.60566],[7.360262,15.634837],[7.360951,15.667286],[7.372461,15.683287],[7.372846,15.701313],[7.38246,15.715548],[7.384823,15.738944],[7.401652,15.742211],[7.418754,15.758095],[7.420811,15.76707],[7.456886,15.798791],[7.461164,15.823949],[7.468849,15.83461],[7.504263,15.835679],[7.509969,15.840969],[7.498958,15.848412],[7.499118,15.85562],[7.506887,15.869884],[7.509151,15.887868],[7.526275,15.903737]]}},
{"type":"Feature","properties":{},"geometry":{"type":"LineString","coordinates":[[7.773629,16.003206],[7.77684,15.981505],[7.784118,15.974133],[7.783604,15.952514],[7.787199,15.947026],[7.779537,15.938184],[7.78215,15.89126],[7.768822,15.878937],[7.768143,15.850111],[7.780874,15.837213],[7.797794,15.844048],[7.806886,15.834833],[7.804769,15.824065],[7.813774,15.811248],[7.813518,15.800439],[7.824126,15.776772],[7.819766,15.749831],[7.81224,15.746393],[7.815366,15.721089],[7.807714,15.712246],[7.807333,15.696033],[7.828928,15.664913],[7.82656,15.643336],[7.850218,15.621184],[7.846076,15.603252],[7.86255,15.592073],[7.867531,15.56673],[7.8821,15.55379],[7.881334,15.521365],[7.897885,15.513789],[7.901345,15.502898]]}},
{"type":"Feature","properties":{},"geometry":{"type":"LineString","coordinates":[[0.095432,15.653829],[0.102244,15.635205],[0.101531,15.61779],[0.117758,15.609631]]}},
{"type":"Feature","properties":{},"geometry":{"type":"LineString","coordinates":[[3.296221,16.25865],[3.29806,16.236954],[3.273698,16.211676],[3.273656,16.180943],[3.256798,16.164694],[3.25304,16.152042],[3.236206,16.152061],[3.228715,16.144838],[3.204399,16.144863],[3.180064,16.123192],[3.163231,16.123205],[3.142643,16.101524],[3.137033,16.101528],[3.123935,16.088881],[3.120183,16.068996],[3.099606,16.050928],[3.088389,16.050934],[3.047247,16.007557],[3.041638,16.000326],[3.041636,15.989479],[3.03042,15.973209],[2.991174,15.955132],[2.974356,15.955132],[2.970619,15.951515],[2.959404,15.964169],[2.92391,15.929809],[2.914568,15.929805],[2.903363,15.918953],[2.894021,15.918948],[2.879082,15.904477],[2.879104,15.86832],[2.866048,15.839385],[2.849252,15.821295],[2.824982,15.814045],[2.813796,15.794148],[2.787668,15.781468],[2.778366,15.750725],[2.75039,15.728999],[2.750403,15.718151],[2.713129,15.678331],[2.709427,15.656631],[2.683349,15.627668]]}},
{"type":"Feature","properties":{},"geometry":{"type":"LineString","coordinates":[[1.215966,15.662248],[1.225354,15.655095],[1.225588,15.627989],[1.231229,15.622613],[1.231337,15.609963],[1.242633,15.597404],[1.27433,15.597654],[1.287278,15.610407],[1.33949,15.610807],[1.356201,15.619969],[1.372971,15.621902],[1.384469,15.633453]]}},
{"type":"Feature","properties":{},"geometry":{"type":"LineString","coordinates":[[5.558888,15.59311],[5.558955,15.598529],[5.547841,15.604077],[5.504932,15.600958],[5.495811,15.61732],[5.475373,15.622972],[5.462499,15.637568],[5.451293,15.635887],[5.434794,15.659556],[5.429586,15.692132],[5.418483,15.699482],[5.417109,15.741048],[5.398692,15.761124],[5.381989,15.768534],[5.35813,15.792051]]}},
{"type":"Feature","properties":{},"geometry":{"type":"LineString","coordinates":[[3.007988,15.834002],[2.993047,15.830386],[2.974374,15.810497],[2.927692,15.803255],[2.918358,15.797829],[2.892231,15.770698],[2.867991,15.72187],[2.838151,15.691115],[2.826955,15.689299],[2.774733,15.658516],[2.748614,15.654872],[2.72253,15.625913],[2.681483,15.627666],[2.668441,15.616798],[2.657247,15.616781],[2.649776,15.622193],[2.625565,15.59865],[2.614012,15.597067]]}},
{"type":"Feature","properties":{},"geometry":{"type":"LineString","coordinates":[[5.961387,15.576756],[5.927959,15.584427],[5.915148,15.60085],[5.90027,15.602854]]}},
{"type":"Feature","properties":{},"geometry":{"type":"LineString","coordinates":[[3.043427,15.62066],[3.026636,15.624279],[3.017308,15.620664],[3.007978,15.598969],[2.99492,15.598969],[2.983728,15.589929]]}},
{"type":"Feature","properties":{},"geometry":{"type":"LineString","coordinates":[[12.468119,15.518626],[12.463702,15.502736],[12.426883,15.463224],[12.420687,15.408095],[12.412443,15.388791]]}},
{"type":"Feature","properties":{},"geometry":{"type":"LineString","coordinates":[[7.937226,15.857382],[7.953181,15.824578],[7.982506,15.805884],[7.995527,15.805585],[8.020991,15.78157],[8.016473,15.749239],[8.019971,15.740149],[8.060031,15.704984],[8.067556,15.708413],[8.073045,15.704681],[8.076494,15.69379],[8.089149,15.67908],[8.088523,15.65387],[8.095778,15.646493],[8.095599,15.63929],[8.127973,15.595292],[8.140708,15.584184],[8.153712,15.583879],[8.164678,15.576414],[8.172153,15.578039],[8.190367,15.563197],[8.204727,15.54304],[8.213922,15.539219],[8.217728,15.542732],[8.232175,15.526175],[8.231993,15.518974],[8.25219,15.509486],[8.261108,15.494862],[8.300096,15.493928]]}},
{"type":"Feature","properties":{},"geometry":{"type":"LineString","coordinates":[[5.487442,15.541542],[5.489348,15.545134],[5.47468,15.56517],[5.475373,15.622972]]}},
{"type":"Feature","properties":{},"geometry":{"type":"LineString","coordinates":[[0.745019,15.746399],[0.741408,15.735521],[0.689835,15.677167],[0.680838,15.648165],[0.681285,15.608422],[0.653552,15.588255],[0.648104,15.57555],[0.631518,15.559112],[0.599923,15.551543],[0.579636,15.535632]]}},
{"type":"Feature","properties":{},"geometry":{"type":"LineString","coordinates":[[8.40299,15.547011],[8.395517,15.545394],[8.391522,15.534686],[8.407761,15.516276],[8.411098,15.501786],[8.408543,15.472778]]}},
{"type":"Feature","properties":{},"geometry":{"type":"LineString","coordinates":[[5.206188,15.530082],[5.219406,15.54621],[5.221425,15.560644],[5.240139,15.567682],[5.253304,15.578388],[5.234783,15.589418],[5.240512,15.602007],[5.234998,15.60929],[5.235096,15.618323],[5.257605,15.63074],[5.270654,15.630606],[5.276327,15.637774],[5.272658,15.643232],[5.275474,15.651409]]}},
{"type":"Feature","properties":{},"geometry":{"type":"LineString","coordinates":[[2.016705,15.573269],[2.020452,15.569671],[2.063354,15.568049],[2.085781,15.557297],[2.093295,15.544674],[2.104987,15.537235]]}},
{"type":"Feature","properties":{},"geometry":{"type":"LineString","coordinates":[[14.492523,15.265375],[14.481378,15.262401],[14.390114,15.267121],[14.372909,15.253788],[14.341294,15.244746],[14.241041,15.250284]]}},
{"type":"Feature","properties":{},"geometry":{"type":"LineString","coordinates":[[8.300879,15.524532],[8.295124,15.517465],[8.300372,15.504729],[8.298964,15.468229]]}},
{"type":"Feature","properties":{},"geometry":{"type":"LineString","coordinates":[[3.547512,15.759189],[3.53442,15.750182],[3.519486,15.750218],[3.500775,15.732183],[3.467184,15.735873],[3.439228,15.755818],[3.401852,15.736004],[3.392481,15.716133],[3.396193,15.705279],[3.384937,15.674565],[3.38489,15.649254],[3.369937,15.634816],[3.371773,15.618542],[3.360545,15.598673],[3.360526,15.587826],[3.311951,15.537277],[3.310076,15.530048]]}},
{"type":"Feature","properties":{},"geometry":{"type":"LineString","coordinates":[[12.636459,15.414834],[12.588709,15.377624],[12.570171,15.374857],[12.539218,15.342255],[12.518682,15.335996],[12.510844,15.325613]]}},
{"type":"Feature","properties":{},"geometry":{"type":"LineString","coordinates":[[3.6664,15.578073],[3.632827,15.578172],[3.612252,15.558343],[3.597311,15.551152],[3.580522,15.54939],[3.563713,15.540394],[3.55623,15.531373],[3.531988,15.531433],[3.509598,15.526062],[3.438738,15.526214],[3.435016,15.529838]]}},
{"type":"Feature","properties":{},"geometry":{"type":"LineString","coordinates":[[5.436711,15.505978],[5.43686,15.518621],[5.433176,15.522275],[5.401504,15.522622],[5.395998,15.529908],[5.397066,15.622034],[5.384289,15.645659],[5.384667,15.678174],[5.37197,15.709024],[5.37218,15.727089],[5.376056,15.739693],[5.385487,15.748623],[5.387542,15.764859]]}},
{"type":"Feature","properties":{},"geometry":{"type":"LineString","coordinates":[[5.801291,15.501861],[5.799769,15.527165],[5.775822,15.547336],[5.772217,15.556412],[5.72808,15.600312],[5.730254,15.623765],[5.722919,15.632888],[5.727101,15.667153],[5.716061,15.678128],[5.7163,15.696187],[5.705377,15.716191],[5.677718,15.740013]]}},
{"type":"Feature","properties":{},"geometry":{"type":"LineString","coordinates":[[4.738841,15.592093],[4.725654,15.575932],[4.719775,15.541639],[4.702865,15.525505],[4.69353,15.523769],[4.672852,15.502239]]}},
{"type":"Feature","properties":{},"geometry":{"type":"LineString","coordinates":[[7.545671,15.561004],[7.609817,15.5182],[7.680034,15.498693],[7.694697,15.489367],[7.711461,15.490812],[7.74152,15.50459],[7.776824,15.503828],[7.803004,15.510469],[7.8253,15.509983],[7.87331,15.49631],[7.912534,15.504452],[7.983123,15.502868],[8.039108,15.512407],[8.078024,15.50791],[8.146829,15.509917],[8.174234,15.49126],[8.184746,15.465791],[8.220707,15.441626]]}},
{"type":"Feature","properties":{},"geometry":{"type":"LineString","coordinates":[[13.825749,15.238511],[13.83892,15.244988],[13.862694,15.243824],[13.866537,15.247196],[13.873806,15.316256],[13.89678,15.334701],[13.908595,15.350135],[13.911683,15.408715],[13.927881,15.436149]]}},
{"type":"Feature","properties":{},"geometry":{"type":"LineString","coordinates":[[4.664536,15.627007],[4.662409,15.594491],[4.643432,15.553065],[4.643203,15.52415],[4.672852,15.502239],[4.691313,15.480411],[4.69102,15.444267],[4.702111,15.433338],[4.715123,15.429624],[4.726182,15.415079],[4.742873,15.405912],[4.767136,15.411143],[4.772786,15.418326]]}},
{"type":"Feature","properties":{},"geometry":{"type":"LineString","coordinates":[[0.404661,15.522234],[0.404729,15.516816],[0.414065,15.515119],[0.423491,15.506197],[0.423558,15.500779],[0.43489,15.488266],[0.454856,15.480108]]}},
{"type":"Feature","properties":{},"geometry":{"type":"LineString","coordinates":[[5.239223,15.482772],[5.256362,15.516927],[5.256578,15.536799],[5.243671,15.549579],[5.240139,15.567682]]}},
{"type":"Feature","properties":{},"geometry":{"type":"LineString","coordinates":[[5.261311,15.482548],[5.278176,15.491408],[5.294962,15.493041],[5.304638,15.525462],[5.332729,15.537813],[5.355336,15.559253],[5.351999,15.593616],[5.374697,15.622277],[5.376708,15.634902],[5.384289,15.645659]]}},
{"type":"Feature","properties":{},"geometry":{"type":"LineString","coordinates":[[6.548068,15.463848],[6.548191,15.471066],[6.576567,15.497684],[6.577033,15.524751],[6.588387,15.535396],[6.599617,15.538822],[6.618608,15.560169],[6.618702,15.565582],[6.639463,15.581484],[6.6401,15.617569],[6.657241,15.638942],[6.655509,15.645046]]}},
{"type":"Feature","properties":{},"geometry":{"type":"LineString","coordinates":[[8.38073,15.817983],[8.373102,15.810968],[8.372864,15.801969],[8.387355,15.7872],[8.38683,15.767401],[8.396029,15.76357],[8.405035,15.75254],[8.393455,15.736618],[8.393217,15.727618],[8.417088,15.71622],[8.435143,15.695959],[8.446338,15.69748],[8.459103,15.688156],[8.490731,15.689163],[8.49616,15.683624],[8.505447,15.68339],[8.516301,15.672311],[8.511812,15.643612],[8.518903,15.630828],[8.518468,15.614632],[8.514657,15.611126],[8.517792,15.589438],[8.511981,15.580581],[8.515358,15.56789],[8.51278,15.540943],[8.525823,15.542417],[8.555327,15.534471],[8.558073,15.498388],[8.563496,15.492849],[8.566627,15.471163],[8.558195,15.433562],[8.562318,15.416103]]}},
{"type":"Feature","properties":{},"geometry":{"type":"LineString","coordinates":[[9.688608,15.385848],[9.691786,15.427092],[9.679462,15.447235],[9.68004,15.465192],[9.693697,15.486346],[9.69642,15.513224],[9.703322,15.52129]]}},
{"type":"Feature","properties":{},"geometry":{"type":"LineString","coordinates":[[6.115194,15.459532],[6.115518,15.481195],[6.130683,15.499038],[6.130928,15.515285],[6.142455,15.538595]]}},
{"type":"Feature","properties":{},"geometry":{"type":"LineString","coordinates":[[1.981742,15.477301],[1.959364,15.479004],[1.940183,15.491307]]}},
{"type":"Feature","properties":{},"geometry":{"type":"LineString","coordinates":[[6.236011,15.446966],[6.230427,15.447047],[6.233355,15.515614],[6.209376,15.530408],[6.205959,15.550319],[6.200457,15.555816],[6.178139,15.557944],[6.165269,15.568963],[6.165795,15.603262],[6.149197,15.614335],[6.143967,15.637882],[6.138461,15.643378],[6.114241,15.643724]]}},
{"type":"Feature","properties":{},"geometry":{"type":"LineString","coordinates":[[12.637671,15.321912],[12.564201,15.3251],[12.558527,15.321772],[12.435589,15.330622],[12.398029,15.31435],[12.342815,15.273792],[12.295031,15.275798]]}},
{"type":"Feature","properties":{},"geometry":{"type":"LineString","coordinates":[[3.40529,15.585939],[3.371659,15.555264],[3.362334,15.55528],[3.328724,15.530021],[3.308211,15.53005],[3.295147,15.522837],[3.282067,15.502966],[3.282047,15.488503],[3.26524,15.466827]]}},
{"type":"Feature","properties":{},"geometry":{"type":"LineString","coordinates":[[5.227088,15.465033],[5.260638,15.466499],[5.26803,15.461003],[5.299616,15.45345],[5.331543,15.476604],[5.338873,15.465687],[5.349988,15.460149],[5.377927,15.45985],[5.400382,15.468641],[5.415136,15.455835],[5.42629,15.453906],[5.443179,15.464561],[5.463709,15.467946],[5.476919,15.482251],[5.510424,15.480066],[5.51794,15.4854],[5.527253,15.485294]]}},
{"type":"Feature","properties":{},"geometry":{"type":"LineString","coordinates":[[9.576069,15.360454],[9.561994,15.384241],[9.561331,15.422014],[9.530586,15.446296],[9.498263,15.479613],[9.497087,15.501224],[9.479125,15.519733],[9.478552,15.534968]]}},
{"type":"Feature","properties":{},"geometry":{"type":"LineString","coordinates":[[1.176349,15.57693],[1.197344,15.52108],[1.217954,15.508596],[1.21286,15.450724],[1.250124,15.451021],[1.259957,15.445521]]}},
{"type":"Feature","properties":{},"geometry":{"type":"LineString","coordinates":[[9.885414,15.343884],[9.960171,15.364908],[10.061883,15.361692],[10.075496,15.381016],[10.095435,15.389909]]}},
{"type":"Feature","properties":{},"geometry":{"type":"LineString","coordinates":[[5.545283,15.436314],[5.53411,15.436441],[5.524909,15.445579],[5.528831,15.461792],[5.523353,15.470887],[5.533017,15.49968],[5.559162,15.504798],[5.583534,15.517159],[5.609409,15.500598],[5.624287,15.498615],[5.630057,15.512997],[5.65809,15.519887],[5.648915,15.530835],[5.645443,15.550746],[5.617406,15.543856],[5.608228,15.554802],[5.625293,15.578082],[5.625845,15.621428],[5.629734,15.634026],[5.66573,15.678747],[5.666106,15.707644],[5.673682,15.716581],[5.677694,15.738208],[5.674083,15.747283],[5.67458,15.785209],[5.648844,15.814424],[5.630658,15.850771],[5.631291,15.899533],[5.618368,15.910528],[5.618462,15.917752],[5.622241,15.921319],[5.622523,15.942991],[5.632068,15.959131],[5.594416,15.971908]]}},
{"type":"Feature","properties":{},"geometry":{"type":"LineString","coordinates":[[12.492012,15.437192],[12.466192,15.436519],[12.446994,15.419475],[12.444749,15.410638],[12.416039,15.38685],[12.412443,15.388791],[12.391575,15.375384],[12.378063,15.361662],[12.367828,15.338863],[12.304856,15.289686],[12.281533,15.262063],[12.244457,15.256457],[12.219776,15.239605],[12.205139,15.239054]]}},
{"type":"Feature","properties":{},"geometry":{"type":"LineString","coordinates":[[2.96878,15.756259],[2.968782,15.741796],[2.993051,15.714678],[2.993052,15.683943],[3.011713,15.665863],[3.011712,15.647783],[2.978129,15.618855],[2.978132,15.59716],[2.98746,15.571849],[2.978136,15.557384],[2.959487,15.546534],[2.946439,15.521219],[2.946442,15.510371],[2.950172,15.506757],[2.978141,15.506762],[2.996788,15.494106],[2.991195,15.461562],[3.009836,15.443482],[3.009836,15.432634],[2.996239,15.41322]]}},
{"type":"Feature","properties":{},"geometry":{"type":"LineString","coordinates":[[1.014303,15.87551],[1.027459,15.866595],[1.027634,15.848527],[1.037142,15.830543],[1.041674,15.74746],[1.037977,15.743814],[1.038393,15.700448],[1.055385,15.678915],[1.055471,15.669881],[1.063016,15.660913],[1.063305,15.630195],[1.039409,15.593842],[1.043274,15.579419],[1.039786,15.55409],[1.047378,15.539701],[1.043718,15.532439],[1.047684,15.507175],[1.040349,15.494461],[1.040434,15.485426],[1.048175,15.454775],[1.044838,15.413182],[1.048597,15.409601]]}},
{"type":"Feature","properties":{},"geometry":{"type":"LineString","coordinates":[[2.614688,15.408796],[2.586729,15.410555],[2.5588,15.397845],[2.521528,15.397768],[2.506599,15.406775],[2.49725,15.41941],[2.459615,15.426287]]}},
{"type":"Feature","properties":{},"geometry":{"type":"LineString","coordinates":[[4.925272,15.388144],[4.886176,15.390285],[4.860277,15.410382],[4.834277,15.419635],[4.808165,15.416234],[4.772786,15.418326]]}},
{"type":"Feature","properties":{},"geometry":{"type":"LineString","coordinates":[[6.507387,15.368828],[6.503878,15.381519],[6.481918,15.403525],[6.476338,15.403613],[6.459835,15.418312],[6.457222,15.485143],[6.461064,15.492304],[6.461515,15.519374],[6.411496,15.534595]]}},
{"type":"Feature","properties":{},"geometry":{"type":"LineString","coordinates":[[3.971171,15.403791],[3.960024,15.411071],[3.946955,15.405704],[3.915268,15.404029],[3.881657,15.387894],[3.859319,15.393405]]}},
{"type":"Feature","properties":{},"geometry":{"type":"LineString","coordinates":[[15.541221,15.033985],[15.549323,15.047694],[15.566297,15.057362],[15.618297,15.073901],[15.62801,15.08397],[15.650433,15.093318],[15.6688,15.095814],[15.68631,15.114284],[15.68727,15.130157],[15.704572,15.145095],[15.724864,15.149242],[15.740031,15.158987],[15.819898,15.154386],[15.839128,15.170961],[15.855786,15.175302],[15.931204,15.172567]]}},
{"type":"Feature","properties":{},"geometry":{"type":"LineString","coordinates":[[9.962676,15.27321],[9.974126,15.28363],[9.976452,15.297929],[9.995839,15.324265],[9.995251,15.362008]]}},
{"type":"Feature","properties":{},"geometry":{"type":"LineString","coordinates":[[15.429704,15.027814],[15.438994,15.03084],[15.493483,15.027803],[15.563115,15.034526],[15.586717,15.033198],[15.591953,15.029363],[15.751869,15.023839],[15.780504,15.033796]]}},
{"type":"Feature","properties":{},"geometry":{"type":"LineString","coordinates":[[5.224782,15.423499],[5.243154,15.399825],[5.252426,15.396118],[5.26899,15.377882],[5.283827,15.37231],[5.293018,15.361375]]}},
{"type":"Feature","properties":{},"geometry":{"type":"LineString","coordinates":[[4.47972,15.603026],[4.479526,15.575916],[4.492499,15.564983],[4.494195,15.541475],[4.503437,15.530568],[4.503228,15.501651],[4.518047,15.488897],[4.523572,15.479822],[4.523466,15.465364],[4.540092,15.445367],[4.543524,15.40558],[4.532267,15.394813],[4.524671,15.374983],[4.539533,15.369458],[4.545147,15.373034],[4.550682,15.365766],[4.498102,15.306479],[4.499938,15.302852],[4.447487,15.258009],[4.447363,15.239935]]}},
{"type":"Feature","properties":{},"geometry":{"type":"LineString","coordinates":[[7.390639,14.982935],[7.40781,15.006047],[7.42083,15.007598],[7.422796,15.012969],[7.417455,15.023893],[7.41983,15.049095],[7.410778,15.060091],[7.413155,15.085293],[7.393191,15.107323],[7.393563,15.125349],[7.399391,15.137859],[7.394047,15.148785],[7.345153,15.209249],[7.343926,15.239933],[7.320193,15.260231],[7.320488,15.274653],[7.313207,15.282008],[7.315582,15.307213],[7.301017,15.321923],[7.277123,15.335008],[7.264118,15.335258],[7.252715,15.322849],[7.234137,15.323203],[7.214207,15.348833],[7.182654,15.351233],[7.136981,15.391772],[7.125686,15.384767],[7.088441,15.381846],[7.069924,15.385795],[7.062629,15.393145],[7.038463,15.393585],[7.012957,15.42111],[7.013095,15.428324],[7.007587,15.432032],[7.008142,15.460889],[6.98266,15.490216],[6.990724,15.522547],[6.979805,15.535374],[6.959341,15.535742],[6.917193,15.556702]]}},
{"type":"Feature","properties":{},"geometry":{"type":"LineString","coordinates":[[3.647077,15.455592],[3.652619,15.439304],[3.673057,15.419356],[3.674822,15.388618],[3.695247,15.366859]]}},
{"type":"Feature","properties":{},"geometry":{"type":"LineString","coordinates":[[2.851397,15.385577],[2.873771,15.365703],[2.899367,15.363866]]}},
{"type":"Feature","properties":{},"geometry":{"type":"LineString","coordinates":[[5.190765,15.376859],[5.209215,15.360415],[5.242593,15.347434],[5.257507,15.34909],[5.265012,15.354434],[5.279907,15.354282],[5.293018,15.361375],[5.304169,15.359453],[5.318944,15.348459],[5.344946,15.342768],[5.356196,15.349875],[5.376674,15.349658],[5.386044,15.354978],[5.397378,15.369309],[5.40135,15.390946],[5.425828,15.414166],[5.435159,15.415871],[5.444407,15.41035],[5.444111,15.38506],[5.453314,15.375927],[5.447603,15.365149],[5.43637,15.359854]]}},
{"type":"Feature","properties":{},"geometry":{"type":"LineString","coordinates":[[0.754558,15.38695],[0.751144,15.358006],[0.726941,15.35776],[0.698604,15.340032]]}},
{"type":"Feature","properties":{},"geometry":{"type":"LineString","coordinates":[[4.337402,15.513561],[4.346641,15.500853],[4.352116,15.482743],[4.351986,15.462861],[4.38159,15.430142],[4.381387,15.399416],[4.385041,15.388548],[4.394296,15.379453],[4.394164,15.359571],[4.384778,15.348783],[4.349388,15.349],[4.343777,15.345419]]}},
{"type":"Feature","properties":{},"geometry":{"type":"LineString","coordinates":[[3.629445,15.692077],[3.599533,15.674083],[3.582688,15.656049],[3.562163,15.656102],[3.556546,15.648886],[3.545351,15.648913],[3.524781,15.630885],[3.494922,15.627338],[3.479963,15.612908],[3.453854,15.61658],[3.446353,15.598516],[3.44624,15.546086],[3.429415,15.526233],[3.433069,15.490067],[3.419988,15.475628],[3.419945,15.453933],[3.408739,15.443106],[3.404972,15.423225],[3.393769,15.412397],[3.386321,15.416027],[3.382587,15.412417],[3.376982,15.405195],[3.378817,15.38892],[3.360147,15.369063],[3.345249,15.374511],[3.319143,15.361894],[3.309837,15.369139],[3.302373,15.361917],[3.281872,15.358329],[3.263226,15.347504]]}},
{"type":"Feature","properties":{},"geometry":{"type":"LineString","coordinates":[[0.860636,15.752986],[0.875711,15.738678],[0.890672,15.735209],[0.898208,15.728055],[0.909639,15.704675],[0.906131,15.682959],[0.913701,15.672189],[0.915694,15.659559],[0.93646,15.634459],[0.940351,15.618233],[0.953528,15.605707],[0.953779,15.580412],[0.961324,15.571447],[0.961395,15.564219],[0.952183,15.553292],[0.948688,15.529769],[0.954403,15.517174],[0.954581,15.499105],[0.969682,15.479367],[0.969841,15.463105],[0.957012,15.441303],[0.960879,15.426884],[0.961425,15.370871],[0.956014,15.352751],[0.963637,15.334751]]}},
{"type":"Feature","properties":{},"geometry":{"type":"LineString","coordinates":[[8.299999,15.281122],[8.311127,15.280858],[8.326191,15.289506],[8.330447,15.311019],[8.35651,15.335134]]}},
{"type":"Feature","properties":{},"geometry":{"type":"LineString","coordinates":[[5.188395,15.328096],[5.208872,15.327895],[5.229619,15.352984]]}},
{"type":"Feature","properties":{},"geometry":{"type":"LineString","coordinates":[[5.774681,15.32158],[5.778713,15.34501]]}},
{"type":"Feature","properties":{},"geometry":{"type":"LineString","coordinates":[[3.395116,15.996351],[3.382005,15.981913],[3.365195,15.987365],[3.353972,15.98196],[3.337157,15.985603],[3.316582,15.974787],[3.296025,15.974816],[3.239892,15.918841],[3.23614,15.90619],[3.239871,15.900763],[3.239849,15.882684],[3.226745,15.857387],[3.1987,15.828487],[3.189362,15.828496],[3.178147,15.817657],[3.181873,15.806808],[3.172508,15.774272],[3.176239,15.770653],[3.191177,15.772449],[3.193039,15.767023],[3.16875,15.745348],[3.168725,15.714613],[3.164989,15.711],[3.172449,15.703763],[3.189253,15.71098],[3.192982,15.707361],[3.194823,15.680241],[3.185478,15.663977],[3.185465,15.649513],[3.198512,15.635038],[3.196634,15.622384],[3.202219,15.609724],[3.168607,15.569977],[3.164868,15.559132],[3.15927,15.55552],[3.155548,15.566371],[3.135017,15.544688],[3.138737,15.530222],[3.121944,15.513961],[3.110742,15.486847],[3.110735,15.474191],[3.118186,15.463339],[3.12376,15.430792],[3.14424,15.398236],[3.144233,15.387388],[3.159129,15.371106],[3.160973,15.345793],[3.17028,15.334937]]}},
{"type":"Feature","properties":{},"geometry":{"type":"LineString","coordinates":[[4.074617,15.410546],[4.093053,15.372495],[4.092931,15.348994],[4.109601,15.330835]]}},
{"type":"Feature","properties":{},"geometry":{"type":"LineString","coordinates":[[3.539684,15.497064],[3.532203,15.488042],[3.537568,15.399441],[3.511359,15.350688],[3.51131,15.330801],[3.520603,15.32174]]}},
{"type":"Feature","properties":{},"geometry":{"type":"LineString","coordinates":[[6.207633,15.295712],[6.175055,15.355762],[6.176812,15.471295],[6.171696,15.502064],[6.162635,15.518444],[6.142427,15.53679],[6.140702,15.545842],[6.165269,15.568963]]}},
{"type":"Feature","properties":{},"geometry":{"type":"LineString","coordinates":[[12.892862,15.116116],[12.866446,15.101218],[12.767265,15.101992],[12.751006,15.108057]]}},
{"type":"Feature","properties":{},"geometry":{"type":"LineString","coordinates":[[13.055942,15.089227],[13.061132,15.121104],[13.099739,15.160391],[13.105835,15.1726],[13.107376,15.204637],[13.102305,15.213786],[13.103335,15.235143],[13.140771,15.24949],[13.154208,15.261361],[13.154899,15.275596],[13.169206,15.305259],[13.16964,15.314156],[13.161428,15.334152],[13.166314,15.358896],[13.153824,15.366605],[13.154173,15.373724],[13.181669,15.389689]]}},
{"type":"Feature","properties":{},"geometry":{"type":"LineString","coordinates":[[6.577229,15.264833],[6.576645,15.284698],[6.572989,15.288366],[6.577474,15.333418],[6.573878,15.340695],[6.574493,15.376785],[6.59926,15.410679],[6.599447,15.421506],[6.592286,15.437866],[6.592784,15.466737],[6.609873,15.486313],[6.610125,15.500748],[6.600945,15.508117],[6.599617,15.538822]]}},
{"type":"Feature","properties":{},"geometry":{"type":"LineString","coordinates":[[15.650198,14.950865],[15.746337,14.94543],[15.764685,14.947927],[15.793063,14.935699],[15.868987,14.933821]]}},
{"type":"Feature","properties":{},"geometry":{"type":"LineString","coordinates":[[3.166555,15.336748],[3.147909,15.315065],[3.138976,15.292192]]}},
{"type":"Feature","properties":{},"geometry":{"type":"LineString","coordinates":[[3.937897,15.463591],[3.934177,15.465415],[3.926697,15.460023],[3.915426,15.440184],[3.86687,15.416877],[3.857508,15.406067],[3.859275,15.382558],[3.848073,15.377177],[3.844317,15.369961],[3.825664,15.364607],[3.79949,15.3412],[3.782704,15.335836],[3.75289,15.33413],[3.721147,15.312541],[3.702447,15.290906],[3.694991,15.289121]]}},
{"type":"Feature","properties":{},"geometry":{"type":"LineString","coordinates":[[15.039025,14.952537],[15.068522,14.95805],[15.084075,14.974947],[15.097208,14.981333],[15.103066,14.988108],[15.10842,15.017962],[15.129947,15.043392],[15.223836,15.089681],[15.228809,15.11245],[15.248643,15.139717],[15.265942,15.154713],[15.273321,15.156078],[15.286984,15.171272],[15.294935,15.18979]]}},
{"type":"Feature","properties":{},"geometry":{"type":"LineString","coordinates":[[4.224688,15.579687],[4.226114,15.505567],[4.220288,15.465831],[4.223909,15.447735],[4.231321,15.440463],[4.227456,15.416986],[4.20496,15.393609],[4.193565,15.355709],[4.163649,15.335983],[4.161626,15.307071],[4.142943,15.29632],[4.140993,15.280061],[4.124175,15.2693]]}},
{"type":"Feature","properties":{},"geometry":{"type":"LineString","coordinates":[[0.767539,15.564147],[0.77113,15.576831],[0.782371,15.571524],[0.780875,15.537179],[0.826167,15.483424],[0.826525,15.449098],[0.834051,15.441944],[0.838151,15.405846],[0.860887,15.368121],[0.859172,15.353649],[0.881753,15.330375],[0.882116,15.294239],[0.89717,15.278118],[0.904866,15.252893]]}},
{"type":"Feature","properties":{},"geometry":{"type":"LineString","coordinates":[[8.118048,15.2344],[8.116018,15.22724],[8.145079,15.20135],[8.174747,15.200668],[8.189228,15.185921],[8.190862,15.176875],[8.207106,15.158484],[8.212314,15.14395],[8.244835,15.108968],[8.256964,15.074458],[8.275048,15.056023],[8.29728,15.055504],[8.306678,15.060688],[8.313909,15.053312],[8.311922,15.047956],[8.324532,15.033249],[8.323905,15.008046],[8.336332,14.986139],[8.336019,14.973538],[8.303827,14.94547],[8.301799,14.938312],[8.301621,14.93111],[8.30885,14.923738],[8.306557,14.905778],[8.320968,14.889231],[8.319288,14.820822],[8.311666,14.811992],[8.280207,14.812716],[8.274524,14.807443],[8.274305,14.798441],[8.261004,14.784334],[8.261899,14.744682],[8.246579,14.723413],[8.247826,14.698165],[8.209846,14.657587],[8.189459,14.656243],[8.176215,14.643928]]}},
{"type":"Feature","properties":{},"geometry":{"type":"LineString","coordinates":[[0.843543,15.243278],[0.860255,15.247051],[0.865729,15.257945],[0.878684,15.265296],[0.89753,15.241982]]}},
{"type":"Feature","properties":{},"geometry":{"type":"LineString","coordinates":[[1.176951,15.235391],[1.200871,15.268114],[1.196869,15.300612],[1.224569,15.327943],[1.223816,15.345465]]}},
{"type":"Feature","properties":{},"geometry":{"type":"LineString","coordinates":[[5.160191,15.301268],[5.182397,15.288404],[5.191573,15.275666],[5.19146,15.264826],[5.200596,15.248475],[5.209825,15.241157],[5.239599,15.240861],[5.265553,15.231566],[5.297224,15.234859],[5.315949,15.245506],[5.349865,15.283094],[5.344946,15.342768]]}},
{"type":"Feature","properties":{},"geometry":{"type":"LineString","coordinates":[[5.140862,15.230984],[5.191104,15.230499],[5.202288,15.232196],[5.209825,15.241157]]}},
{"type":"Feature","properties":{},"geometry":{"type":"LineString","coordinates":[[3.74789,15.498663],[3.74778,15.46793],[3.744019,15.458903],[3.695385,15.408441],[3.695343,15.395785],[3.702737,15.377684],[3.691497,15.35964],[3.689462,15.307217],[3.694985,15.287313],[3.687405,15.247562],[3.681795,15.240348],[3.659433,15.234991],[3.647553,15.221456]]}},
{"type":"Feature","properties":{},"geometry":{"type":"LineString","coordinates":[[4.290071,15.396349],[4.308668,15.390818],[4.316075,15.383544],[4.316007,15.372699],[4.352997,15.330903],[4.3455,15.323718],[4.343546,15.309269],[4.365882,15.307325],[4.369583,15.303688],[4.362064,15.292889],[4.363868,15.283839],[4.350752,15.271266],[4.361842,15.258546],[4.361796,15.251316],[4.374746,15.238584],[4.400726,15.22577],[4.40625,15.216698]]}},
{"type":"Feature","properties":{},"geometry":{"type":"LineString","coordinates":[[7.599803,15.305142],[7.597868,15.301577],[7.568159,15.302186],[7.554888,15.289836],[7.552914,15.284467],[7.560029,15.269897],[7.519998,15.222025],[7.514544,15.227545],[7.50886,15.222249],[7.488555,15.228066],[7.469572,15.20861],[7.450857,15.201768],[7.433774,15.184072],[7.424606,15.189664],[7.413468,15.189882],[7.400175,15.175716],[7.387219,15.177773],[7.377826,15.172545]]}},
{"type":"Feature","properties":{},"geometry":{"type":"LineString","coordinates":[[8.386577,15.152973],[8.406073,15.190329],[8.412093,15.208194],[8.4126,15.227993],[8.422332,15.245768],[8.458208,15.270108],[8.477263,15.289451]]}},
{"type":"Feature","properties":{},"geometry":{"type":"LineString","coordinates":[[5.166636,15.203632],[5.17966,15.203506],[5.2077,15.215881],[5.228168,15.215679],[5.245047,15.228159],[5.261793,15.227991],[5.265553,15.231566]]}},
{"type":"Feature","properties":{},"geometry":{"type":"LineString","coordinates":[[1.309312,15.189453],[1.318617,15.189524],[1.338961,15.20594],[1.342011,15.231239],[1.369511,15.231532]]}},
{"type":"Feature","properties":{},"geometry":{"type":"LineString","coordinates":[[12.786899,15.208248],[12.784744,15.161927],[12.769325,15.146535],[12.764914,15.13066],[12.751006,15.108057],[12.743423,15.103031],[12.649874,15.107078],[12.649223,15.09282],[12.63932,15.077173],[12.597752,15.052163],[12.588016,15.040076],[12.586811,15.013336],[12.619421,15.003017],[12.630022,14.993635]]}},
{"type":"Feature","properties":{},"geometry":{"type":"LineString","coordinates":[[3.327105,15.685507],[3.319579,15.645743],[3.299007,15.613229],[3.29896,15.580687],[3.278408,15.555402],[3.278384,15.537322],[3.255974,15.512038],[3.25779,15.47226],[3.281984,15.441495],[3.285692,15.427027],[3.285672,15.412563],[3.257694,15.394517],[3.263219,15.342079],[3.248282,15.314977],[3.224045,15.296922],[3.224024,15.277034],[3.210961,15.251735],[3.196065,15.255364],[3.179289,15.237298],[3.173684,15.215606],[3.155051,15.197539],[3.14015,15.188509],[3.121533,15.190328],[3.10633,15.200894]]}},
{"type":"Feature","properties":{},"geometry":{"type":"LineString","coordinates":[[2.75452,15.394531],[2.748932,15.392717],[2.748958,15.371021],[2.739672,15.345698],[2.739699,15.324002],[2.745303,15.311353],[2.708076,15.289612],[2.691312,15.289589],[2.667121,15.27509],[2.654107,15.260607],[2.657861,15.242533],[2.644831,15.238896],[2.628103,15.22079],[2.626279,15.19909],[2.620703,15.193657],[2.602099,15.186393],[2.5965,15.193615],[2.577882,15.193581],[2.579723,15.204432],[2.57413,15.208037],[2.547692,15.208602]]}},
{"type":"Feature","properties":{},"geometry":{"type":"LineString","coordinates":[[4.840005,15.222602],[4.826977,15.222708],[4.823286,15.226353],[4.817826,15.240855],[4.808597,15.249966],[4.805013,15.266259],[4.786551,15.28448],[4.75867,15.290123],[4.742063,15.308326],[4.727241,15.317477],[4.706773,15.319442],[4.661896,15.296285],[4.609733,15.293051],[4.587254,15.275138],[4.566773,15.275282],[4.538779,15.266438],[4.482873,15.259585],[4.464193,15.25067],[4.45481,15.239886],[4.43056,15.232813],[4.419305,15.220231],[4.396919,15.213141],[4.377921,15.185855]]}},
{"type":"Feature","properties":{},"geometry":{"type":"LineString","coordinates":[[14.160471,14.90538],[14.16959,14.90493],[14.170518,14.922666],[14.143711,14.93466],[14.14034,14.940162],[14.144175,14.943529],[14.131867,14.953029],[14.125773,14.97645],[14.099418,14.997316],[14.100995,15.027474],[14.11068,15.037667],[14.111704,15.05718],[14.097844,15.072096],[14.079585,15.073],[14.069379,15.091026]]}},
{"type":"Feature","properties":{},"geometry":{"type":"LineString","coordinates":[[4.672068,15.169694],[4.657196,15.171611],[4.649864,15.186124],[4.618338,15.200811],[4.618462,15.217077],[4.633561,15.24408],[4.635549,15.260331],[4.631853,15.263973],[4.594619,15.264241],[4.587254,15.275138]]}},
{"type":"Feature","properties":{},"geometry":{"type":"LineString","coordinates":[[3.642317,15.525716],[3.634847,15.522121],[3.610517,15.491456],[3.591862,15.48789],[3.589906,15.455354],[3.576818,15.440925],[3.576758,15.41923],[3.55996,15.410233],[3.567346,15.384904],[3.533666,15.330749],[3.518731,15.318129],[3.522398,15.294617],[3.501798,15.247657],[3.501738,15.222345],[3.507272,15.200637],[3.527711,15.184319],[3.529517,15.166846]]}},
{"type":"Feature","properties":{},"geometry":{"type":"LineString","coordinates":[[3.941605,15.180265],[3.898792,15.180441],[3.889461,15.175054],[3.883832,15.164229],[3.85589,15.158914]]}},
{"type":"Feature","properties":{},"geometry":{"type":"LineString","coordinates":[[9.570238,15.21501],[9.564242,15.200804],[9.539474,15.178157],[9.527547,15.151536],[9.526552,15.119204],[9.538942,15.100865],[9.557043,15.087755],[9.556325,15.064405],[9.515767,15.069175],[9.508592,15.076573],[9.503539,15.0929],[9.49098,15.105848],[9.483693,15.109654],[9.452257,15.110557],[9.448449,15.107069],[9.447741,15.083714],[9.438279,15.076792],[9.433985,15.057135],[9.426319,15.048362],[9.409302,15.036258],[9.366778,15.037458],[9.330491,15.061856],[9.323414,15.072845],[9.324214,15.0998],[9.313542,15.114487],[9.293195,15.115057],[9.276333,15.108333],[9.257306,15.090875],[9.228023,15.092295]]}},
{"type":"Feature","properties":{},"geometry":{"type":"LineString","coordinates":[[1.091721,15.173239],[1.07886,15.155058],[1.075253,15.142377]]}},
{"type":"Feature","properties":{},"geometry":{"type":"LineString","coordinates":[[0.891163,15.133505],[0.885511,15.140679],[0.86682,15.149538],[0.866711,15.160379],[0.870323,15.171255],[0.886886,15.189481],[0.886778,15.200321],[0.895956,15.213057],[0.890176,15.232879]]}},
{"type":"Feature","properties":{},"geometry":{"type":"LineString","coordinates":[[4.091975,15.522539],[4.091729,15.47554],[4.100953,15.457417],[4.11763,15.439258],[4.117515,15.417565],[4.111866,15.406748],[4.109354,15.283835],[4.124175,15.2693],[4.124002,15.236762],[4.131411,15.229493],[4.131256,15.200571],[4.114417,15.184385],[4.112452,15.16451],[4.097409,15.136305]]}},
{"type":"Feature","properties":{},"geometry":{"type":"LineString","coordinates":[[4.24917,15.250164],[4.230425,15.228576],[4.230352,15.215922],[4.245139,15.197764],[4.237545,15.172499],[4.246809,15.165216],[4.242907,15.134508],[4.248516,15.126776]]}},
{"type":"Feature","properties":{},"geometry":{"type":"LineString","coordinates":[[3.313252,15.159407],[3.290944,15.181132],[3.255574,15.182983],[3.251865,15.195643],[3.235109,15.195662],[3.203428,15.164956],[3.194097,15.139652],[3.18292,15.128813],[3.173612,15.127012],[3.164315,15.139676],[3.140124,15.148732]]}},
{"type":"Feature","properties":{},"geometry":{"type":"LineString","coordinates":[[8.709799,15.047791],[8.717204,15.047604],[8.717589,15.061996],[8.725187,15.069004],[8.764066,15.068016],[8.777414,15.082076],[8.777902,15.100063],[8.783146,15.105692]]}},
{"type":"Feature","properties":{},"geometry":{"type":"LineString","coordinates":[[12.923441,15.023752],[12.866632,15.026249],[12.839903,15.004215],[12.828085,14.986881],[12.807516,14.978851],[12.736035,14.981945],[12.720349,15.000475],[12.705683,15.001107],[12.6805,15.012903],[12.663998,15.013612],[12.639513,15.000374],[12.620371,14.983331],[12.603546,14.976904],[12.599638,14.971712],[12.598597,14.948538],[12.572528,14.940712],[12.564795,14.932108],[12.485942,14.935424],[12.448473,14.919123]]}},
{"type":"Feature","properties":{},"geometry":{"type":"LineString","coordinates":[[9.854591,15.170547],[9.863134,15.148725],[9.888773,15.140753],[9.899451,15.127849],[9.899101,15.117079],[9.871263,15.056841],[9.870859,15.044276],[9.876226,15.038723],[9.920495,15.035576],[9.943356,15.056433],[9.956402,15.059625],[9.97833,15.051763],[10.015635,15.0057]]}},
{"type":"Feature","properties":{},"geometry":{"type":"LineString","coordinates":[[5.114197,15.1698],[5.121531,15.158889],[5.141866,15.146048],[5.149142,15.129716],[5.163857,15.113314],[5.173156,15.113224],[5.186026,15.098645]]}},
{"type":"Feature","properties":{},"geometry":{"type":"LineString","coordinates":[[4.034225,15.216909],[4.045298,15.196973],[4.024724,15.177182],[4.017218,15.164561],[4.018993,15.146476],[4.005922,15.137495],[4.009542,15.115786],[4.021014,15.100069]]}},
{"type":"Feature","properties":{},"geometry":{"type":"LineString","coordinates":[[5.019677,15.208614],[5.028929,15.203111],[5.034252,15.175957],[5.05642,15.159492],[5.056368,15.154072],[5.067442,15.144935],[5.067372,15.137708],[5.072899,15.132236],[5.084042,15.130326],[5.100605,15.112103],[5.122887,15.108281],[5.15618,15.089897],[5.186026,15.098645],[5.200903,15.098501],[5.221265,15.089268],[5.247507,15.108884],[5.258665,15.108772],[5.273465,15.101398],[5.277319,15.114006],[5.294153,15.122869],[5.307171,15.122737],[5.321911,15.109939],[5.333068,15.109824],[5.333147,15.11705],[5.342525,15.12418],[5.349963,15.124103],[5.367021,15.152832],[5.361602,15.167342],[5.363643,15.183581],[5.388089,15.20681],[5.39923,15.204885],[5.412376,15.215584],[5.425398,15.215444],[5.446092,15.235092],[5.440698,15.25141],[5.452008,15.263933],[5.470743,15.274567],[5.520962,15.272201],[5.541473,15.275581],[5.545151,15.271927],[5.573061,15.271607],[5.599309,15.287562],[5.610429,15.28382],[5.619598,15.272875],[5.628901,15.272765],[5.661009,15.310319],[5.687176,15.319037],[5.698457,15.327932],[5.70041,15.335135],[5.724885,15.356511],[5.726933,15.370936],[5.742013,15.385201]]}},
{"type":"Feature","properties":{},"geometry":{"type":"LineString","coordinates":[[8.585428,15.029286],[8.600381,15.034319],[8.627107,15.064265],[8.627344,15.073261],[8.616707,15.091531],[8.615472,15.114968],[8.627395,15.145279],[8.642627,15.15408]]}},
{"type":"Feature","properties":{},"geometry":{"type":"LineString","coordinates":[[3.393579,15.135777],[3.391705,15.128548],[3.39542,15.124926],[3.414029,15.123084],[3.432593,15.099545],[3.462859,15.097677],[3.469194,15.092845]]}},
{"type":"Feature","properties":{},"geometry":{"type":"LineString","coordinates":[[1.207873,15.080215],[1.200327,15.092806],[1.159126,15.125005],[1.110632,15.139062],[1.095781,15.135323],[1.084555,15.142456],[1.049159,15.147574],[1.043611,15.143912],[1.047448,15.131295],[1.034626,15.109499],[1.038496,15.093268],[1.033032,15.080571]]}},
{"type":"Feature","properties":{},"geometry":{"type":"LineString","coordinates":[[4.516417,15.11657],[4.492218,15.114923],[4.47541,15.105996],[4.466046,15.097019],[4.464099,15.084379],[4.454749,15.077209],[4.374781,15.081324],[4.356132,15.074205],[4.335714,15.081557],[4.320898,15.09249],[4.298322,15.096338]]}},
{"type":"Feature","properties":{},"geometry":{"type":"LineString","coordinates":[[13.228952,14.849606],[13.291136,14.8468],[13.304108,14.849777],[13.330734,14.869959],[13.365478,14.868374],[13.390454,14.892184],[13.401597,14.895238],[13.412469,14.93038],[13.430756,14.929537],[13.449911,14.946473],[13.457313,14.947912],[13.462278,14.97441],[13.477696,14.98973],[13.48615,15.0125],[13.498002,15.029765],[13.484072,15.04467],[13.454802,15.046034],[13.439913,15.078803],[13.397824,15.08076],[13.383881,15.095665],[13.381181,15.115396],[13.410834,15.158572],[13.411392,15.169865]]}},
{"type":"Feature","properties":{},"geometry":{"type":"LineString","coordinates":[[0.66109,15.082457],[0.661228,15.069811],[0.611405,15.064474]]}},
{"type":"Feature","properties":{},"geometry":{"type":"LineString","coordinates":[[3.761892,15.161953],[3.748741,15.127647],[3.74871,15.118608],[3.757983,15.109537],[3.754159,15.080624],[3.73735,15.062599],[3.724051,15.061123]]}},
{"type":"Feature","properties":{},"geometry":{"type":"LineString","coordinates":[[8.47841,14.974272],[8.508031,14.973556],[8.515621,14.980575],[8.523396,14.994792],[8.525207,15.064977],[8.536413,15.068304],[8.549705,15.080584],[8.555871,15.103841],[8.563468,15.110856],[8.615425,15.113169]]}},
{"type":"Feature","properties":{},"geometry":{"type":"LineString","coordinates":[[0.936241,15.280289],[0.904866,15.252893],[0.895705,15.238352],[0.87724,15.223722],[0.864433,15.201918],[0.847834,15.187304],[0.84612,15.172832],[0.835179,15.151044],[0.809342,15.130919],[0.798201,15.129004],[0.777968,15.107123],[0.776935,15.027611]]}},
{"type":"Feature","properties":{},"geometry":{"type":"LineString","coordinates":[[4.683388,15.070204],[4.681429,15.057567],[4.672017,15.043178],[4.653336,15.03247]]}},
{"type":"Feature","properties":{},"geometry":{"type":"LineString","coordinates":[[4.560772,15.090963],[4.560627,15.071082],[4.554995,15.063891],[4.554785,15.034973],[4.551,15.025962],[4.530376,15.002604],[4.511755,14.999113]]}},
{"type":"Feature","properties":{},"geometry":{"type":"LineString","coordinates":[[3.308431,15.037064],[3.3084,15.015368],[3.313968,15.00632],[3.377802,15.004364],[3.387135,14.998069]]}},
{"type":"Feature","properties":{},"geometry":{"type":"LineString","coordinates":[[14.725355,14.69396],[14.734639,14.697034],[14.755891,14.719016],[14.774461,14.725159],[14.840307,14.72885],[14.845955,14.732106],[14.907762,14.728888],[14.960217,14.754525],[14.976575,14.753666],[14.994354,14.745636],[15.014292,14.71089],[15.01876,14.692921],[15.041489,14.675765],[15.056019,14.675],[15.065494,14.681593],[15.094551,14.680058],[15.086556,14.699984],[15.091341,14.752921],[15.097385,14.763238],[15.116844,14.78525],[15.197658,14.828782],[15.241351,14.828198],[15.248414,14.824272],[15.281101,14.822503],[15.322876,14.852126],[15.404369,14.844129],[15.426838,14.823413],[15.444884,14.820652]]}},
{"type":"Feature","properties":{},"geometry":{"type":"LineString","coordinates":[[14.542459,14.701487],[14.543403,14.7192],[14.532079,14.746414],[14.532836,14.760585],[14.523524,14.791252],[14.525612,14.830223],[14.513339,14.839729],[14.493401,14.842516],[14.483042,14.8537],[14.484561,14.882046],[14.471033,14.902275]]}},
{"type":"Feature","properties":{},"geometry":{"type":"LineString","coordinates":[[3.912477,15.332243],[3.889993,15.3016],[3.865572,15.251077],[3.869111,15.205867],[3.854123,15.182422],[3.855882,15.157105],[3.840971,15.151738],[3.83533,15.137296],[3.814774,15.115676],[3.814692,15.093982],[3.823926,15.07587],[3.823828,15.050559],[3.829389,15.045115],[3.829361,15.037884],[3.818165,15.028885],[3.814321,14.996357],[3.804731,14.991552]]}},
{"type":"Feature","properties":{},"geometry":{"type":"LineString","coordinates":[[4.935236,15.100723],[4.92752,15.070067],[4.914292,15.046686],[4.914098,15.025002],[4.934388,15.006758],[4.91937,14.990621],[4.919305,14.983393],[4.921116,14.977956],[4.954576,14.977672]]}},
{"type":"Feature","properties":{},"geometry":{"type":"LineString","coordinates":[[4.51968,15.067745],[4.519436,15.033404],[4.50996,15.008162],[4.505962,14.968424],[4.522657,14.962891],[4.531991,14.96825],[4.5468,14.959113],[4.578325,14.948052],[4.583916,14.949821],[4.591312,14.944347],[4.624244,14.873625],[4.622345,14.868217],[4.637007,14.841001],[4.651761,14.826435],[4.655367,14.81195],[4.664614,14.806461],[4.671837,14.779298],[4.66061,14.768534],[4.660569,14.763112],[4.645669,14.757796],[4.61781,14.757993],[4.602898,14.750867],[4.582468,14.751008],[4.562153,14.767413],[4.541772,14.77478],[4.506504,14.778628],[4.482293,14.769748],[4.469181,14.753563]]}},
{"type":"Feature","properties":{},"geometry":{"type":"LineString","coordinates":[[13.910806,14.707582],[13.916725,14.716197],[13.93559,14.727752],[13.93248,14.738577],[13.909304,14.750362],[13.892045,14.770761],[13.881277,14.774834],[13.876161,14.782197],[13.91738,14.801581],[13.950491,14.805329],[13.986241,14.824955],[14.018619,14.850073],[14.024821,14.864004],[14.015607,14.898252],[14.023546,14.910319],[14.06553,14.943843],[14.069383,14.982787],[14.086456,14.994398],[14.099418,14.997316]]}},
{"type":"Feature","properties":{},"geometry":{"type":"LineString","coordinates":[[12.951358,14.754868],[12.938549,14.755425],[12.899181,14.776762],[12.822375,14.781861],[12.804389,14.789773],[12.749452,14.792125],[12.732649,14.785701],[12.719269,14.773772],[12.694981,14.76409],[12.679772,14.752235],[12.606506,14.75532],[12.584681,14.759807],[12.556154,14.778862],[12.519505,14.780391],[12.510108,14.775422]]}},
{"type":"Feature","properties":{},"geometry":{"type":"LineString","coordinates":[[0.998993,14.941126],[0.995243,14.944708],[0.996766,14.980863],[0.98372,14.984363],[0.978093,14.989734],[0.976132,15.000559],[0.957387,15.016655],[0.960986,15.029337],[0.957095,15.047372],[0.960745,15.054633],[0.942012,15.06892],[0.930907,15.063398],[0.923434,15.066944]]}},
{"type":"Feature","properties":{},"geometry":{"type":"LineString","coordinates":[[14.418264,14.665078],[14.414624,14.66526],[14.4121,14.686707],[14.389642,14.710924],[14.392163,14.758776],[14.374977,14.779182],[14.362413,14.783363],[14.352604,14.805178],[14.372228,14.830854],[14.372979,14.845033],[14.36415,14.850806],[14.362797,14.859761],[14.376965,14.885705],[14.401506,14.900462],[14.423374,14.899359],[14.449644,14.912243],[14.471033,14.902275],[14.473902,14.921671],[14.463339,14.963071],[14.464103,14.977246],[14.483286,14.994032],[14.48578,15.00634],[14.514082,15.022656],[14.530485,15.021813],[14.542568,15.008758],[14.541124,14.982188],[14.549657,14.971093],[14.582451,14.969407],[14.590511,14.983199],[14.61966,14.981695],[14.630008,14.970506],[14.664614,14.968714],[14.673331,14.96116],[14.731699,14.9599],[14.766332,14.991817],[14.769037,15.007649],[14.775089,15.017982],[14.792266,15.031278],[14.800734,15.05213],[14.785826,15.079539],[14.738913,15.122839],[14.728969,15.141115],[14.729958,15.158816],[14.741387,15.167089],[14.759809,15.169665],[14.81083,15.166959],[14.826404,15.183879],[14.845125,15.191753],[14.883484,15.191477],[14.918899,15.203771],[14.943995,15.227258],[14.964032,15.226175],[14.978197,15.218314],[14.992767,15.217525],[15.007539,15.220272],[15.01523,15.22695],[15.027978,15.226257],[15.03442,15.231184]]}},
{"type":"Feature","properties":{},"geometry":{"type":"LineString","coordinates":[[10.345179,14.830974],[10.35071,14.830795],[10.352918,14.841495],[10.360536,14.848431],[10.36072,14.853809],[10.33404,14.88339],[10.33625,14.89409],[10.353212,14.904314],[10.359051,14.913101],[10.359848,14.936411],[10.351165,14.946382]]}},
{"type":"Feature","properties":{},"geometry":{"type":"LineString","coordinates":[[4.652132,15.117426],[4.653894,15.104762],[4.646216,15.074092],[4.653559,15.061387],[4.653322,15.030663],[4.649561,15.025268],[4.653211,15.016204],[4.645496,14.980112],[4.663851,14.949253],[4.684285,14.947295],[4.697226,14.938163]]}},
{"type":"Feature","properties":{},"geometry":{"type":"LineString","coordinates":[[5.188088,14.936003],[5.186322,14.945054],[5.195742,14.957612],[5.195852,14.968452],[5.214604,14.984533],[5.212894,14.999005],[5.222281,15.007948],[5.222862,15.063955],[5.228552,15.074741],[5.221265,15.089268]]}},
{"type":"Feature","properties":{},"geometry":{"type":"LineString","coordinates":[[4.880898,15.110217],[4.89759,15.104656],[4.895634,15.093829],[4.882582,15.090324],[4.878815,15.084934],[4.865402,15.039865],[4.87273,15.027153],[4.870619,14.998255],[4.877992,14.990966],[4.876054,14.981945],[4.879709,14.974687],[4.888925,14.965574],[4.888766,14.947503],[4.883111,14.938514],[4.860855,14.944118],[4.819705,14.913726],[4.79565,14.926567],[4.795724,14.935603],[4.781019,14.955598],[4.762357,14.946707],[4.740095,14.952299],[4.730757,14.946948],[4.719618,14.948839],[4.700972,14.94175],[4.684088,14.921993],[4.678484,14.91842],[4.671063,14.920281],[4.667234,14.90585],[4.657887,14.898688],[4.654073,14.886064],[4.646585,14.878888],[4.653825,14.853532],[4.651871,14.840894],[4.661064,14.828176],[4.655408,14.817372]]}},
{"type":"Feature","properties":{},"geometry":{"type":"LineString","coordinates":[[14.002191,14.671188],[14.035344,14.712288],[14.048558,14.720544],[14.091305,14.734482],[14.138703,14.767743],[14.269924,14.761296],[14.27576,14.768117],[14.276873,14.789393],[14.3263,14.826041],[14.340366,14.85022],[14.362703,14.857988]]}},
{"type":"Feature","properties":{},"geometry":{"type":"LineString","coordinates":[[13.852486,14.674758],[13.858709,14.726077],[13.851945,14.737076],[13.852479,14.74773],[13.877806,14.778559]]}},
{"type":"Feature","properties":{},"geometry":{"type":"LineString","coordinates":[[4.977614,15.056986],[4.979357,15.044321],[4.992255,15.031558],[4.992121,15.017102],[4.98646,15.008117],[4.971554,15.004632],[4.969595,14.993806],[4.954608,14.981285],[4.954477,14.966829],[4.983985,14.941275],[4.972685,14.925108],[4.976369,14.921462],[5.002369,14.919429],[4.992861,14.896019],[4.992812,14.890598],[5.002018,14.881482],[4.999778,14.839938],[5.031054,14.807137],[5.019726,14.787357],[5.025063,14.762012],[5.015595,14.742216],[5.015512,14.733181],[5.027372,14.726066]]}},
{"type":"Feature","properties":{},"geometry":{"type":"LineString","coordinates":[[10.480946,14.808628],[10.498647,14.840352],[10.498235,14.881641],[10.501779,14.891535]]}},
{"type":"Feature","properties":{},"geometry":{"type":"LineString","coordinates":[[13.329713,14.695324],[13.366042,14.727548],[13.436585,14.747509],[13.484515,14.754224],[13.510781,14.767271],[13.528348,14.789621],[13.536871,14.814168],[13.552096,14.825932],[13.627609,14.834884],[13.649111,14.862372],[13.656003,14.890543],[13.65568,14.920833],[13.673278,14.943153],[13.735092,14.970492],[13.782297,14.998503],[13.841756,14.997186]]}},
{"type":"Feature","properties":{},"geometry":{"type":"LineString","coordinates":[[1.092915,15.039518],[1.089213,15.03768],[1.064812,15.062774],[1.055366,15.078957],[1.046018,15.084298],[1.036785,15.076989],[1.014334,15.09125],[1.003226,15.085732],[0.992051,15.08744],[0.973556,15.076433],[0.962364,15.079947],[0.938223,15.076114],[0.912312,15.063228],[0.899296,15.063107],[0.895542,15.066687],[0.888193,15.057584],[0.867794,15.051971],[0.864165,15.042903],[0.849328,15.039149],[0.841964,15.031852],[0.838209,15.03543],[0.830864,15.026325],[0.789985,15.024124],[0.775075,15.027593],[0.758552,15.007555],[0.742164,14.97487],[0.737063,14.929647],[0.721676,14.914724]]}},
{"type":"Feature","properties":{},"geometry":{"type":"LineString","coordinates":[[16.310859,14.536823],[16.305762,14.542414],[16.306943,14.561767],[16.321609,14.564448],[16.327958,14.573671]]}},
{"type":"Feature","properties":{},"geometry":{"type":"LineString","coordinates":[[8.620457,14.826766],[8.668452,14.821984],[8.681446,14.823463],[8.694628,14.832138]]}},
{"type":"Feature","properties":{},"geometry":{"type":"LineString","coordinates":[[7.630562,14.839354],[7.638127,14.846413],[7.644193,14.956266],[7.624345,14.981911],[7.615192,14.987506],[7.600939,15.014839],[7.566437,15.049794],[7.560874,15.049906],[7.530069,15.084784],[7.524504,15.084895],[7.517351,15.09766],[7.48585,15.100091],[7.474983,15.112929],[7.46385,15.11315],[7.443704,15.126171],[7.41958,15.126645],[7.410451,15.134037],[7.399353,15.136057]]}},
{"type":"Feature","properties":{},"geometry":{"type":"LineString","coordinates":[[3.055349,14.875751],[3.064644,14.87575],[3.085102,14.895632],[3.077668,14.906483],[3.070232,14.908293],[3.070235,14.917334],[3.081396,14.929986],[3.086992,14.973378],[3.081414,14.978804],[3.051656,14.984237],[3.033674,14.983026]]}},
{"type":"Feature","properties":{},"geometry":{"type":"LineString","coordinates":[[5.534589,14.859958],[5.540182,14.861703]]}},
{"type":"Feature","properties":{},"geometry":{"type":"LineString","coordinates":[[3.183673,14.932928],[3.18738,14.918461],[3.205961,14.90398],[3.207494,14.871726]]}},
{"type":"Feature","properties":{},"geometry":{"type":"LineString","coordinates":[[16.472227,14.479789],[16.497379,14.476555],[16.511163,14.465163],[16.579704,14.461144],[16.585332,14.464339],[16.613065,14.458418]]}},
{"type":"Feature","properties":{},"geometry":{"type":"LineString","coordinates":[[13.4707,14.619446],[13.490239,14.645282],[13.516916,14.667224],[13.573157,14.694923]]}},
{"type":"Feature","properties":{},"geometry":{"type":"LineString","coordinates":[[16.133392,14.479894],[16.158687,14.478455],[16.153795,14.487566],[16.15517,14.510451],[16.158996,14.513766],[16.20066,14.513149],[16.195665,14.5205],[16.19758,14.552182],[16.192478,14.557773],[16.163774,14.562953]]}},
{"type":"Feature","properties":{},"geometry":{"type":"LineString","coordinates":[[8.09074,14.788164],[8.085187,14.788287],[8.067181,14.810308]]}},
{"type":"Feature","properties":{},"geometry":{"type":"LineString","coordinates":[[12.354432,14.656749],[12.335727,14.648572],[12.297244,14.650126],[12.286552,14.657707],[12.257528,14.666024],[12.242166,14.693454],[12.218936,14.708688],[12.138326,14.713695],[12.127622,14.721273],[12.074428,14.723381],[12.061364,14.718531],[12.055638,14.713392],[12.055341,14.706251],[12.032514,14.687475],[12.010133,14.67941],[11.97315,14.673699],[11.958034,14.663554],[11.95039,14.663832]]}},
{"type":"Feature","properties":{},"geometry":{"type":"LineString","coordinates":[[16.007844,14.472861],[15.999014,14.476893],[15.996128,14.489427],[15.989314,14.49688]]}},
{"type":"Feature","properties":{},"geometry":{"type":"LineString","coordinates":[[2.987216,14.829145],[2.970488,14.829144],[2.970484,14.852649],[2.946317,14.861685],[2.936974,14.881757]]}},
{"type":"Feature","properties":{},"geometry":{"type":"LineString","coordinates":[[14.667379,14.620584],[14.688249,14.60177],[14.689593,14.592826],[14.71716,14.563024],[14.736488,14.549617],[14.735918,14.538996],[14.742713,14.529777]]}},
{"type":"Feature","properties":{},"geometry":{"type":"LineString","coordinates":[[8.5505,14.769047],[8.563262,14.761537],[8.581755,14.761088],[8.58721,14.757356]]}},
{"type":"Feature","properties":{},"geometry":{"type":"LineString","coordinates":[[13.542096,14.582347],[13.544864,14.601815],[13.56771,14.620363],[13.563611,14.64905],[13.575512,14.668097],[13.575502,14.705502],[13.611063,14.759071],[13.621766,14.790632],[13.627609,14.834884]]}},
{"type":"Feature","properties":{},"geometry":{"type":"LineString","coordinates":[[10.643842,14.697403],[10.64491,14.727866],[10.659104,14.749527]]}},
{"type":"Feature","properties":{},"geometry":{"type":"LineString","coordinates":[[9.551502,14.722969],[9.552203,14.74632],[9.539876,14.766446],[9.540956,14.802372],[9.562025,14.826939],[9.5699,14.842892],[9.573331,14.894927],[9.557418,14.918756],[9.534058,14.941001],[9.528952,14.95553],[9.510965,14.972227],[9.477703,14.973178],[9.465199,14.987918],[9.470743,15.048893],[9.443881,15.07843]]}},
{"type":"Feature","properties":{},"geometry":{"type":"LineString","coordinates":[[4.112302,14.811598],[4.112441,14.838714],[4.099477,14.847816],[4.102735,14.874214]]}},
{"type":"Feature","properties":{},"geometry":{"type":"LineString","coordinates":[[9.919145,14.705046],[9.935912,14.709932],[9.936596,14.73147],[9.968922,14.761033],[9.982637,14.785766],[9.983099,14.800123],[10.007831,14.822721],[10.0094,14.871172],[9.973774,14.911783],[9.974588,14.936908],[9.999342,14.959499],[10.006052,14.995218],[10.015635,15.0057],[10.028853,15.014272],[10.03993,15.013927],[10.049398,15.020817],[10.081091,15.03039]]}},
{"type":"Feature","properties":{},"geometry":{"type":"LineString","coordinates":[[14.558145,14.555065],[14.58962,14.564141],[14.616895,14.56277],[14.623697,14.553549],[14.648678,14.543413],[14.65902,14.532239],[14.777331,14.529789],[14.800276,14.549913],[14.845694,14.547586],[14.849519,14.550939],[14.847036,14.572358],[14.856503,14.578968],[14.874862,14.581571],[14.911467,14.551297],[14.892247,14.532774],[14.891384,14.516852],[14.928364,14.493661],[14.98464,14.490755],[15.003467,14.502192],[15.009203,14.507215],[15.009783,14.517825],[15.026702,14.527585],[15.027479,14.541731],[15.008286,14.556917],[15.007248,14.571158],[15.025501,14.571979],[15.029326,14.575327],[15.030009,14.587704],[15.041487,14.597743],[15.061459,14.596696],[15.080842,14.58504],[15.137108,14.58208],[15.161925,14.570134],[15.173839,14.555325],[15.213752,14.553213],[15.240633,14.578368],[15.270154,14.585655],[15.277409,14.585268],[15.294951,14.5737],[15.318528,14.572439],[15.323769,14.568616],[15.371015,14.567853]]}},
{"type":"Feature","properties":{},"geometry":{"type":"LineString","coordinates":[[8.653217,14.73414],[8.666486,14.746418],[8.670932,14.775114]]}},
{"type":"Feature","properties":{},"geometry":{"type":"LineString","coordinates":[[16.286824,14.469354],[16.295745,14.467075],[16.312947,14.451961],[16.311881,14.434369],[16.316659,14.423501],[16.32685,14.412323],[16.333952,14.410775]]}},
{"type":"Feature","properties":{},"geometry":{"type":"LineString","coordinates":[[8.07286,14.815588],[8.067181,14.810308],[8.030155,14.811121],[8.014971,14.795235],[8.022043,14.780663],[8.045524,14.754923],[8.020967,14.733834]]}},
{"type":"Feature","properties":{},"geometry":{"type":"LineString","coordinates":[[0.966728,14.816153],[0.961224,14.808875],[0.951954,14.806986],[0.929632,14.8104],[0.916838,14.7886],[0.913107,14.790374],[0.892801,14.77754],[0.883516,14.777455],[0.870429,14.786369],[0.870323,14.797211],[0.864681,14.804386],[0.84236,14.807793],[0.807274,14.787584],[0.792454,14.78383],[0.783078,14.792774],[0.775669,14.790895],[0.758826,14.803381],[0.745603,14.824934],[0.731756,14.830888]]}},
{"type":"Feature","properties":{},"geometry":{"type":"LineString","coordinates":[[7.218661,14.72644],[7.21125,14.726576],[7.192964,14.739535],[7.157758,14.740171],[7.134112,14.764048]]}},
{"type":"Feature","properties":{},"geometry":{"type":"LineString","coordinates":[[10.139643,14.652212],[10.158362,14.660613],[10.171848,14.678152],[10.230872,14.678108]]}},
{"type":"Feature","properties":{},"geometry":{"type":"LineString","coordinates":[[12.692885,14.551706],[12.678247,14.552318],[12.669411,14.559829],[12.668131,14.572382],[12.658013,14.592445],[12.599441,14.594884],[12.590444,14.598829],[12.592899,14.613015],[12.553865,14.64321],[12.532903,14.667299],[12.514156,14.700229],[12.516342,14.750154],[12.509561,14.76294],[12.508432,14.779065],[12.476069,14.7947],[12.460118,14.807868],[12.445609,14.812041],[12.423023,14.841563],[12.424038,14.86475],[12.430164,14.87879],[12.44554,14.894232],[12.446954,14.926333],[12.421981,14.943454],[12.38736,14.950252],[12.367803,14.96536],[12.357731,14.987222],[12.312433,14.999531]]}},
{"type":"Feature","properties":{},"geometry":{"type":"LineString","coordinates":[[0.943263,14.743661],[0.939379,14.761697],[0.926278,14.772422],[0.926175,14.783263],[0.916838,14.7886]]}},
{"type":"Feature","properties":{},"geometry":{"type":"LineString","coordinates":[[3.846947,14.749449],[3.809804,14.753198],[3.75944,14.777271]]}},
{"type":"Feature","properties":{},"geometry":{"type":"LineString","coordinates":[[14.438686,14.502389],[14.470776,14.488368],[14.491303,14.462484],[14.549479,14.459598],[14.588582,14.475407],[14.704886,14.469567],[14.721425,14.472282],[14.764911,14.502026],[14.82323,14.502604],[14.841966,14.512291],[14.869208,14.510895],[14.890047,14.525791]]}},
{"type":"Feature","properties":{},"geometry":{"type":"LineString","coordinates":[[3.047297,14.781136],[3.060304,14.779325],[3.065877,14.773899],[3.065875,14.766666],[3.073306,14.76124],[3.09003,14.764851],[3.101174,14.753997],[3.103316,14.740697]]}},
{"type":"Feature","properties":{},"geometry":{"type":"LineString","coordinates":[[4.047811,14.737779],[4.051621,14.757648],[4.083355,14.788234],[4.087126,14.799063],[4.07612,14.82804],[4.074395,14.855165],[4.063288,14.864256],[4.054425,14.881171]]}},
{"type":"Feature","properties":{},"geometry":{"type":"LineString","coordinates":[[16.148739,14.403064],[16.166696,14.40028],[16.182529,14.392317],[16.199218,14.36841],[16.222433,14.360046]]}},
{"type":"Feature","properties":{},"geometry":{"type":"LineString","coordinates":[[2.929027,14.750989],[2.906737,14.736516],[2.890017,14.7347],[2.864016,14.720222],[2.7637,14.718333],[2.7317,14.73514]]}},
{"type":"Feature","properties":{},"geometry":{"type":"LineString","coordinates":[[10.212795,14.74511],[10.218802,14.703624],[10.236163,14.670761],[10.237235,14.647386],[10.231354,14.636797],[10.249124,14.616491],[10.291488,14.615163],[10.31431,14.592081]]}},
{"type":"Feature","properties":{},"geometry":{"type":"LineString","coordinates":[[10.595451,14.654147],[10.593176,14.641663],[10.641376,14.597019],[10.644462,14.57785]]}},
{"type":"Feature","properties":{},"geometry":{"type":"LineString","coordinates":[[2.925322,14.718442],[2.916034,14.718438],[2.89375,14.698541],[2.797157,14.698476],[2.776715,14.707498],[2.769273,14.718339]]}},
{"type":"Feature","properties":{},"geometry":{"type":"LineString","coordinates":[[8.704587,13.659404],[8.697488,13.670369],[8.699762,13.68832],[8.689155,13.706568],[8.671055,13.719587],[8.649573,13.745287],[8.650006,13.763281],[8.642859,13.772448],[8.643423,13.79584],[8.651048,13.806467],[8.651701,13.833458],[8.659285,13.842284],[8.657705,13.853123],[8.665291,13.861949],[8.665553,13.872746],[8.647792,13.900164],[8.651782,13.912674],[8.644546,13.918243],[8.661432,13.930453],[8.654326,13.941422],[8.656785,13.966569],[8.624496,14.00333],[8.609534,13.994676],[8.598564,13.998531],[8.557088,14.037302],[8.52395,14.039864],[8.51319,14.052715],[8.502129,14.052969],[8.471559,14.086081],[8.470704,14.127521],[8.452906,14.154941],[8.468095,14.172603],[8.468657,14.196002],[8.445277,14.22175],[8.432361,14.222045],[8.425109,14.227612],[8.423522,14.238455],[8.374978,14.293591],[8.375278,14.306191],[8.381031,14.315066],[8.382237,14.365471],[8.389883,14.376103],[8.389554,14.43915],[8.26348,14.578915],[8.235792,14.58134],[8.214286,14.610647],[8.176215,14.643928],[8.148557,14.648146],[8.13914,14.641148],[8.124301,14.639674],[8.118878,14.645199],[8.096682,14.645687],[8.078392,14.655098],[8.071408,14.673269],[8.028038,14.719265],[8.020967,14.733834],[8.009986,14.739479],[7.986501,14.765218],[7.977369,14.770822],[7.936642,14.771698],[7.920387,14.790068],[7.920509,14.795472],[7.900507,14.81212],[7.879856,14.799943],[7.822452,14.801154],[7.813113,14.797744]]}},
{"type":"Feature","properties":{},"geometry":{"type":"LineString","coordinates":[[3.047899,14.732914],[3.06461,14.700364],[3.062747,14.678667]]}},
{"type":"Feature","properties":{},"geometry":{"type":"LineString","coordinates":[[15.818712,14.364739],[15.812674,14.35446],[15.786746,14.345272],[15.779107,14.338617],[15.746553,14.340398],[15.718816,14.331297],[15.709165,14.321208],[15.650177,14.322733]]}},
{"type":"Feature","properties":{},"geometry":{"type":"LineString","coordinates":[[6.703573,14.634199],[6.7002,14.654105],[6.711685,14.67558],[6.710502,14.715303]]}},
{"type":"Feature","properties":{},"geometry":{"type":"LineString","coordinates":[[2.990308,14.687716],[3.027457,14.687715],[3.042318,14.693136],[3.066461,14.67505],[3.064602,14.671433],[3.073884,14.658774],[3.07265,14.650771]]}},
{"type":"Feature","properties":{},"geometry":{"type":"LineString","coordinates":[[8.987444,14.571728],[8.970827,14.572154],[8.959894,14.577832],[8.9545,14.583369],[8.955083,14.604949],[8.964705,14.619099],[8.994596,14.630925],[9.004173,14.643273],[9.005897,14.706208],[9.015578,14.722151],[9.018183,14.738079]]}},
{"type":"Feature","properties":{},"geometry":{"type":"LineString","coordinates":[[8.547115,14.556038],[8.536213,14.569511],[8.534591,14.578553],[8.535583,14.618146],[8.541309,14.625212],[8.541581,14.636009],[8.518908,14.690573],[8.519498,14.713968],[8.549265,14.720458],[8.58721,14.757356],[8.619202,14.778183],[8.646987,14.779304],[8.670932,14.775114],[8.68809,14.794494],[8.686665,14.810732],[8.694344,14.821343],[8.694628,14.832138],[8.715303,14.844225],[8.721232,14.858479],[8.74789,14.886614],[8.77052,14.902244],[8.785651,14.901957]]}},
{"type":"Feature","properties":{},"geometry":{"type":"LineString","coordinates":[[9.961519,14.527722],[9.9781,14.527227],[10.002618,14.544456],[10.006643,14.555112],[10.00744,14.580235],[10.003983,14.587524],[10.007885,14.652073],[10.034841,14.687179],[10.056962,14.686503],[10.060764,14.68998],[10.061401,14.709717],[10.030358,14.777124],[10.025,14.782678],[9.984771,14.794682]]}},
{"type":"Feature","properties":{},"geometry":{"type":"LineString","coordinates":[[9.655364,14.529468],[9.659699,14.550913],[9.667345,14.559682],[9.678625,14.566547],[9.691585,14.567973],[9.744526,14.609576]]}},
{"type":"Feature","properties":{},"geometry":{"type":"LineString","coordinates":[[2.886943,14.606323],[2.894373,14.600903],[2.924082,14.597298]]}},
{"type":"Feature","properties":{},"geometry":{"type":"LineString","coordinates":[[15.985854,14.346842],[15.987041,14.336171],[16.016102,14.306276],[16.022398,14.290021],[16.016155,14.276231],[15.998974,14.26128],[16.000267,14.252373],[16.02803,14.231393],[16.033447,14.231092],[16.041602,14.219266]]}},
{"type":"Feature","properties":{},"geometry":{"type":"LineString","coordinates":[[6.552944,14.719582],[6.552739,14.706949],[6.539353,14.681883],[6.513111,14.66423],[6.511027,14.649821],[6.499675,14.635551],[6.499446,14.621113],[6.519547,14.602759],[6.517292,14.577521],[6.509765,14.570414],[6.483681,14.561778],[6.472365,14.54931]]}},
{"type":"Feature","properties":{},"geometry":{"type":"LineString","coordinates":[[6.208462,14.628917],[6.215826,14.625204],[6.215563,14.607151],[6.222873,14.599828],[6.224543,14.587165],[6.2336,14.572596],[6.26503,14.566741],[6.288857,14.548352],[6.299976,14.548195],[6.301722,14.540949]]}},
{"type":"Feature","properties":{},"geometry":{"type":"LineString","coordinates":[[2.905491,14.653342],[2.931497,14.637078],[2.922217,14.620803],[2.927792,14.609956],[2.924082,14.597298],[2.929658,14.579218],[2.941706,14.565308]]}},
{"type":"Feature","properties":{},"geometry":{"type":"LineString","coordinates":[[7.14247,14.518558],[7.129646,14.526],[7.114869,14.528065],[7.09487,14.54826],[7.060649,14.601177],[7.059693,14.649905],[7.04322,14.661017],[7.030219,14.65944]]}},
{"type":"Feature","properties":{},"geometry":{"type":"LineString","coordinates":[[8.735523,14.474109],[8.747205,14.497225],[8.749211,14.574581],[8.762987,14.606643],[8.76374,14.635426],[8.780746,14.649404],[8.781031,14.660196],[8.772028,14.669421],[8.772928,14.7036],[8.782549,14.71776],[8.812694,14.738603],[8.816253,14.765493]]}},
{"type":"Feature","properties":{},"geometry":{"type":"LineString","coordinates":[[7.602745,14.484722],[7.606332,14.479242]]}},
{"type":"Feature","properties":{},"geometry":{"type":"LineString","coordinates":[[4.09152,14.629107],[4.045035,14.614858],[4.031971,14.600452],[4.020808,14.595078],[3.996658,14.591567],[3.991057,14.584359],[3.991008,14.573512],[3.977951,14.559104],[3.977879,14.542832],[3.984089,14.533363]]}},
{"type":"Feature","properties":{},"geometry":{"type":"LineString","coordinates":[[2.756224,14.523447],[2.719102,14.523406],[2.700519,14.539656],[2.685659,14.546869],[2.670809,14.546848],[2.655934,14.5631],[2.627922,14.57406]]}},
{"type":"Feature","properties":{},"geometry":{"type":"LineString","coordinates":[[11.549824,14.363933],[11.557708,14.377969],[11.558394,14.395848],[11.547662,14.403401],[11.529318,14.404069],[11.517092,14.420628],[11.517571,14.433145],[11.530551,14.436253],[11.538166,14.443138],[11.530701,14.459174]]}},
{"type":"Feature","properties":{},"geometry":{"type":"LineString","coordinates":[[4.271915,14.527853],[4.258956,14.533347],[4.247892,14.546061],[4.229334,14.546159],[4.225642,14.549793],[4.216343,14.546227],[4.216244,14.528149],[4.227229,14.500975],[4.224012,14.469014]]}},
{"type":"Feature","properties":{},"geometry":{"type":"LineString","coordinates":[[9.030061,14.391466],[9.026371,14.391561],[9.026759,14.405946],[9.021515,14.416876],[9.022243,14.443848],[9.026078,14.449147],[9.022486,14.452838],[9.02341,14.487002],[9.046241,14.511604],[9.057609,14.522105],[9.078058,14.526972],[9.106535,14.555015],[9.138961,14.525379],[9.155569,14.524942],[9.172527,14.537087],[9.183599,14.536794],[9.191383,14.550979],[9.206348,14.557776],[9.204704,14.565015],[9.218028,14.57905],[9.21818,14.584442],[9.20033,14.606504],[9.204984,14.640558],[9.202053,14.667619],[9.225537,14.713757],[9.249903,14.725689],[9.267091,14.745008],[9.271611,14.773663],[9.283264,14.793129],[9.283836,14.812898],[9.289638,14.821732],[9.293437,14.825225],[9.298875,14.821478],[9.321776,14.846026],[9.322143,14.858606],[9.300466,14.879832]]}},
{"type":"Feature","properties":{},"geometry":{"type":"LineString","coordinates":[[9.195906,14.381767],[9.219283,14.426121],[9.23045,14.429422],[9.238178,14.441809],[9.253034,14.44501],[9.257732,14.480859]]}},
{"type":"Feature","properties":{},"geometry":{"type":"LineString","coordinates":[[13.38347,14.249157],[13.392339,14.24342],[13.395574,14.234368],[13.408006,14.226693]]}},
{"type":"Feature","properties":{},"geometry":{"type":"LineString","coordinates":[[0.668754,14.540501],[0.646498,14.540277],[0.616979,14.525525],[0.605832,14.527219],[0.576318,14.512462],[0.569078,14.496126],[0.532194,14.477674],[0.519217,14.477538],[0.493646,14.442941],[0.464574,14.434642],[0.459388,14.428403],[0.453746,14.430462],[0.448923,14.424228],[0.43199,14.43017]]}},
{"type":"Feature","properties":{},"geometry":{"type":"LineString","coordinates":[[2.937753,14.445418],[2.950741,14.445421],[2.963726,14.465313],[2.97792,14.472185]]}},
{"type":"Feature","properties":{},"geometry":{"type":"LineString","coordinates":[[9.394354,14.35309],[9.387186,14.360477],[9.382219,14.380392],[9.365935,14.391623],[9.353031,14.391972],[9.349649,14.402853],[9.333056,14.4033],[9.319947,14.396459],[9.312776,14.403845],[9.31308,14.414627],[9.289666,14.435039],[9.288176,14.447669],[9.264757,14.468081],[9.263165,14.477116],[9.247019,14.493735],[9.240044,14.508311],[9.252127,14.543962],[9.273495,14.58116],[9.264931,14.604773],[9.271697,14.647757],[9.270621,14.674766],[9.258416,14.700276],[9.253699,14.729183]]}},
{"type":"Feature","properties":{},"geometry":{"type":"LineString","coordinates":[[11.56026,14.275824],[11.52624,14.298539],[11.486507,14.316088],[11.475503,14.316482],[11.436095,14.342968],[11.423388,14.347005],[11.396742,14.371241],[11.373225,14.381036],[11.364049,14.381362],[11.352637,14.371021],[11.326746,14.366566],[11.313433,14.354497],[11.307929,14.35469],[11.299151,14.365749],[11.251953,14.36677]]}},
{"type":"Feature","properties":{},"geometry":{"type":"LineString","coordinates":[[9.896595,14.326632],[9.953156,14.368089],[9.979211,14.376301],[10.071197,14.37176],[10.123532,14.395326],[10.160343,14.394208],[10.178517,14.386472],[10.209273,14.389664]]}},
{"type":"Feature","properties":{},"geometry":{"type":"LineString","coordinates":[[13.001014,14.340601],[12.993072,14.326668],[12.991958,14.301739],[12.967348,14.283158],[12.950914,14.283852],[12.935752,14.272003],[12.932587,14.241804],[12.923065,14.233283],[12.920846,14.224455],[12.897997,14.203999],[12.863463,14.209008],[12.822396,14.232132],[12.720949,14.25596],[12.70085,14.256787],[12.689656,14.25189],[12.644584,14.268019],[12.588226,14.277458],[12.557073,14.276936],[12.538563,14.272326],[12.518679,14.278488],[12.511506,14.273927],[12.500728,14.277961]]}},
{"type":"Feature","properties":{},"geometry":{"type":"LineString","coordinates":[[9.731815,14.311615],[9.736683,14.351014],[9.75575,14.372034],[9.708827,14.405725],[9.705304,14.411217],[9.706059,14.436357],[9.744053,14.473008],[9.746714,14.499888],[9.737881,14.512723],[9.738153,14.521701],[9.761423,14.558766],[9.763706,14.573077],[9.744581,14.611372],[9.748819,14.62922],[9.76228,14.646799],[9.768643,14.673569],[9.728453,14.687322],[9.729281,14.714255],[9.738837,14.72476],[9.759075,14.72237],[9.779925,14.739728],[9.788031,14.762851],[9.826565,14.81382],[9.827244,14.835361],[9.846663,14.865328],[9.918695,14.864955],[9.933862,14.87707],[9.934207,14.887839],[9.939975,14.89485],[9.969677,14.899334],[9.977291,14.906286]]}},
{"type":"Feature","properties":{},"geometry":{"type":"LineString","coordinates":[[8.640065,14.334249],[8.602521,14.383756],[8.572984,14.384456],[8.556725,14.399244],[8.519976,14.407311],[8.503756,14.423898],[8.473547,14.39759],[8.439381,14.436201],[8.398746,14.437138],[8.389423,14.433749]]}},
{"type":"Feature","properties":{},"geometry":{"type":"LineString","coordinates":[[13.627475,14.15638],[13.614977,14.162283],[13.606874,14.184015],[13.595778,14.18095],[13.570693,14.190976],[13.556035,14.189849],[13.543781,14.201082],[13.540553,14.210131],[13.522748,14.219831],[13.491851,14.222986],[13.476774,14.212966],[13.462028,14.210055],[13.450097,14.228399],[13.442805,14.228721],[13.425072,14.240195]]}},
{"type":"Feature","properties":{},"geometry":{"type":"LineString","coordinates":[[8.143075,14.331162],[8.178022,14.404268],[8.178356,14.418674],[8.171174,14.42784],[8.1718,14.454851],[8.155584,14.473225],[8.148233,14.475188],[8.112332,14.441738],[8.103133,14.44374],[8.096688,14.485323],[8.110248,14.512054],[8.108565,14.519299],[8.088477,14.530548],[8.066291,14.53103],[8.048089,14.544037],[8.024052,14.544555],[8.016492,14.53751],[7.992454,14.538024],[7.96982,14.518682],[7.942083,14.51927],[7.936696,14.526593],[7.923751,14.526866],[7.896649,14.556273],[7.906216,14.57049],[7.904486,14.575933],[7.873318,14.589203],[7.848012,14.616768],[7.845541,14.672695],[7.862597,14.690362],[7.863036,14.710179],[7.832445,14.750475],[7.831151,14.775737],[7.812953,14.790538],[7.813113,14.797744],[7.796764,14.812507],[7.796923,14.819714],[7.782305,14.829031],[7.762444,14.852878],[7.736943,14.873236],[7.735327,14.884086],[7.729887,14.889606],[7.720662,14.8916],[7.660564,14.941509],[7.642107,14.945492]]}},
{"type":"Feature","properties":{},"geometry":{"type":"LineString","coordinates":[[0.693058,14.46124],[0.67463,14.450217],[0.66362,14.439267],[0.663677,14.433847],[0.639787,14.413734],[0.605108,14.362796],[0.595881,14.359089],[0.575438,14.364301],[0.555211,14.349639],[0.540269,14.360325],[0.532936,14.353022],[0.533035,14.343989],[0.520204,14.331208],[0.509167,14.323866],[0.501717,14.327401],[0.492473,14.325497],[0.481277,14.316783]]}},
{"type":"Feature","properties":{},"geometry":{"type":"LineString","coordinates":[[2.658316,14.389127],[2.628643,14.385466],[2.619381,14.378219],[2.619393,14.370986],[2.604164,14.360301]]}},
{"type":"Feature","properties":{},"geometry":{"type":"LineString","coordinates":[[6.420791,14.328017],[6.424576,14.333378],[6.42485,14.351427],[6.436262,14.37112],[6.42739,14.396523],[6.42761,14.410962],[6.435322,14.430709],[6.435516,14.443343],[6.431868,14.447006]]}},
{"type":"Feature","properties":{},"geometry":{"type":"LineString","coordinates":[[2.763452,14.340435],[2.754173,14.34585],[2.715226,14.345806],[2.68367,14.365656]]}},
{"type":"Feature","properties":{},"geometry":{"type":"LineString","coordinates":[[2.793085,14.383859],[2.711468,14.383773],[2.68367,14.365656],[2.666974,14.367441],[2.659566,14.360198],[2.659582,14.349349],[2.652181,14.33849],[2.657755,14.331265],[2.657777,14.3168],[2.609608,14.291412],[2.594732,14.292906]]}},
{"type":"Feature","properties":{},"geometry":{"type":"LineString","coordinates":[[5.211168,14.345262],[5.194394,14.328225],[5.151428,14.332935],[5.124011,14.343359],[5.123097,14.347067],[5.106364,14.3503],[5.065434,14.342825],[5.059188,14.336209],[5.046742,14.333532],[5.033039,14.317851],[4.997731,14.307307],[4.954888,14.282362],[4.939904,14.282081],[4.917886,14.290166],[4.898252,14.28269],[4.878762,14.292387]]}},
{"type":"Feature","properties":{},"geometry":{"type":"LineString","coordinates":[[7.323071,14.18523],[7.319511,14.192509],[7.292198,14.214645],[7.318589,14.241224],[7.306129,14.266701],[7.321573,14.30069]]}},
{"type":"Feature","properties":{},"geometry":{"type":"LineString","coordinates":[[2.856815,14.304346],[2.869797,14.300737],[2.871657,14.291698],[2.886491,14.289897],[2.895767,14.279052],[2.89577,14.271819],[2.9047,14.26692]]}},
{"type":"Feature","properties":{},"geometry":{"type":"LineString","coordinates":[[14.56482,13.984713],[14.583407,13.992692],[14.607076,13.993321],[14.624212,14.008466],[14.66284,14.017235],[14.691771,14.049544],[14.701751,14.066803],[14.728149,14.085026],[14.773117,14.075706],[14.800406,14.076128],[14.81909,14.085846],[14.821828,14.103452],[14.798106,14.13657],[14.773455,14.151993],[14.733915,14.161056],[14.720046,14.174167],[14.720784,14.188329],[14.730596,14.20204]]}},
{"type":"Feature","properties":{},"geometry":{"type":"LineString","coordinates":[[12.597723,14.093136],[12.556266,14.064437],[12.54348,14.064948],[12.51485,14.080377],[12.498407,14.081031],[12.478608,14.088962],[12.396378,14.092211],[12.390748,14.088858],[12.376274,14.093001],[12.297674,14.096073],[12.27237,14.104206],[12.236818,14.130607],[12.222029,14.172293],[12.222393,14.181216],[12.214048,14.201203],[12.205264,14.210482],[12.174887,14.229536],[12.147683,14.23793],[12.109374,14.238932]]}},
{"type":"Feature","properties":{},"geometry":{"type":"LineString","coordinates":[[9.641979,14.182685],[9.623885,14.193974],[9.576018,14.195298],[9.557088,14.177842],[9.554884,14.165319],[9.541997,14.165672],[9.530641,14.155196],[9.514381,14.166427],[9.495969,14.166928],[9.486558,14.159992],[9.468452,14.171271],[9.44073,14.168425],[9.426455,14.184992],[9.414987,14.235649],[9.409614,14.241188],[9.391041,14.236294],[9.378703,14.256406],[9.365958,14.262143],[9.370201,14.281811],[9.363033,14.289196],[9.364456,14.339511],[9.377562,14.346351],[9.387186,14.360477]]}},
{"type":"Feature","properties":{},"geometry":{"type":"LineString","coordinates":[[12.958192,14.033774],[12.971583,14.047489],[12.96204,14.08],[12.955055,14.087427],[12.938633,14.088111],[12.935529,14.10073],[12.928464,14.106376],[12.908391,14.107212],[12.901325,14.112859],[12.901336,14.196722],[12.897997,14.203999]]}},
{"type":"Feature","properties":{},"geometry":{"type":"LineString","coordinates":[[13.573494,14.055495],[13.579951,14.037399],[13.568534,14.027218],[13.570107,14.021805],[13.566301,14.018411],[13.55902,14.018733],[13.545784,14.008629]]}},
{"type":"Feature","properties":{},"geometry":{"type":"LineString","coordinates":[[13.474452,14.004633],[13.457902,14.001792],[13.430993,14.011873]]}},
{"type":"Feature","properties":{},"geometry":{"type":"LineString","coordinates":[[4.486497,14.50039],[4.489751,14.493138],[4.510121,14.487586],[4.548916,14.463835],[4.544944,14.425902],[4.531925,14.420565],[4.52813,14.407936],[4.533631,14.398862],[4.531691,14.386222],[4.535337,14.37716],[4.550084,14.364411],[4.557375,14.346288],[4.555472,14.339069],[4.52376,14.310353],[4.521833,14.29952],[4.50875,14.283335],[4.492021,14.27621],[4.451233,14.274654],[4.447504,14.271062],[4.447434,14.260216],[4.436245,14.249437],[4.430252,14.223806]]}},
{"type":"Feature","properties":{},"geometry":{"type":"LineString","coordinates":[[11.595412,14.090156],[11.573835,14.101673],[11.553685,14.102394],[11.529467,14.092517],[11.516109,14.078669],[11.434116,14.080292]]}},
{"type":"Feature","properties":{},"geometry":{"type":"LineString","coordinates":[[0.599764,14.283244],[0.583323,14.261396],[0.559341,14.252118],[0.553979,14.233996],[0.533823,14.213915],[0.50049,14.213569],[0.492661,14.225749]]}},
{"type":"Feature","properties":{},"geometry":{"type":"LineString","coordinates":[[13.459043,14.263635],[13.429048,14.247147],[13.409993,14.230169],[13.406444,14.192906],[13.398251,14.173665],[13.409862,14.14821],[13.409453,14.139318],[13.425198,14.124374],[13.425222,14.085174],[13.430443,14.079601],[13.445261,14.084298],[13.457276,14.067737],[13.460184,14.051575],[13.470376,14.035096],[13.474371,14.002855],[13.479588,13.997283],[13.48747,13.970216],[13.499887,13.962549],[13.518688,13.935009],[13.531265,13.930896],[13.535991,13.91466],[13.535503,13.903994],[13.523936,13.89025],[13.510711,13.880139],[13.507153,13.882075],[13.472012,13.87113],[13.461867,13.84841],[13.440967,13.829714]]}},
{"type":"Feature","properties":{},"geometry":{"type":"LineString","coordinates":[[0.535355,14.188637],[0.514988,14.188427],[0.511324,14.184775],[0.490917,14.188175],[0.483391,14.198936],[0.454133,14.192819]]}},
{"type":"Feature","properties":{},"geometry":{"type":"LineString","coordinates":[[13.069285,14.171812],[13.069602,14.178933],[13.080867,14.185588],[13.106489,14.186281],[13.120765,14.178538],[13.127583,14.167548],[13.131311,14.169172],[13.149152,14.159494],[13.160256,14.162585],[13.178094,14.152906],[13.186651,14.140059],[13.20148,14.144771],[13.208614,14.140899],[13.227089,14.145454],[13.25307,14.11403],[13.274542,14.104191],[13.297511,14.087159],[13.358134,14.095226],[13.375462,14.074871],[13.386557,14.077952],[13.397244,14.072141],[13.39627,14.050801],[13.404891,14.039735],[13.417234,14.030288],[13.430228,14.035068],[13.440911,14.029257],[13.430993,14.011873]]}},
{"type":"Feature","properties":{},"geometry":{"type":"LineString","coordinates":[[13.612224,13.986107],[13.619092,13.976901],[13.621825,13.957192],[13.595365,13.936989]]}},
{"type":"Feature","properties":{},"geometry":{"type":"LineString","coordinates":[[2.757912,14.30065],[2.726412,14.282535],[2.726427,14.269877],[2.715324,14.253591],[2.698639,14.253571],[2.681969,14.2427],[2.6802,14.183028],[2.662479,14.16041]]}},
{"type":"Feature","properties":{},"geometry":{"type":"LineString","coordinates":[[12.159472,13.983421],[12.16911,13.995568],[12.183806,13.996795],[12.193232,14.003585],[12.195633,14.017794],[12.179609,14.029133],[12.163227,14.031546],[12.152543,14.039105],[12.1491,14.0446],[12.154118,14.078377],[12.165736,14.094022],[12.19396,14.112601],[12.21232,14.113681],[12.236818,14.130607]]}},
{"type":"Feature","properties":{},"geometry":{"type":"LineString","coordinates":[[8.946798,14.080137],[8.911623,14.145793],[8.889599,14.149936],[8.878262,14.139416],[8.863516,14.139777],[8.856189,14.141756],[8.856374,14.148952],[8.841996,14.163701],[8.842597,14.187085],[8.839095,14.19437],[8.852696,14.221035],[8.842004,14.235696],[8.842236,14.24469],[8.867049,14.276476],[8.867423,14.290865],[8.853042,14.305619],[8.851384,14.31286],[8.838704,14.322172],[8.83978,14.363543],[8.82927,14.385401],[8.832241,14.428525],[8.839952,14.440933],[8.840236,14.451725],[8.827691,14.466436],[8.809324,14.470492],[8.791519,14.496133],[8.789094,14.544793],[8.768388,14.601109],[8.762987,14.606643]]}},
{"type":"Feature","properties":{},"geometry":{"type":"LineString","coordinates":[[11.958181,13.98742],[11.978369,13.988457]]}},
{"type":"Feature","properties":{},"geometry":{"type":"LineString","coordinates":[[9.20383,13.996613],[9.204072,14.0056],[9.198743,14.012932],[9.189683,14.018561],[9.176795,14.018891],[9.173257,14.024379],[9.173837,14.045951],[9.198455,14.070502],[9.20771,14.072062],[9.22932,14.053515],[9.258632,14.047359],[9.275398,14.054118],[9.291967,14.053685],[9.309278,14.08021],[9.305695,14.0839],[9.306686,14.119844],[9.319826,14.12849],[9.321966,14.139225],[9.327392,14.135485],[9.331175,14.138982],[9.331424,14.147967],[9.344767,14.163799],[9.341433,14.176476],[9.34726,14.187112],[9.340094,14.194496],[9.344632,14.224948],[9.339307,14.232283],[9.336983,14.280902],[9.340769,14.284398],[9.351724,14.280508],[9.363033,14.289196]]}},
{"type":"Feature","properties":{},"geometry":{"type":"LineString","coordinates":[[15.436686,13.817091],[15.521778,13.816234],[15.575112,13.83116],[15.62796,13.837245],[15.647723,13.834441],[15.668804,13.82272],[15.677247,13.811662],[15.747045,13.797377],[15.78752,13.809385],[15.83613,13.805038],[15.854461,13.809366],[15.873285,13.822505],[15.875976,13.838271],[15.891196,13.851599],[15.896805,13.854834],[15.916645,13.853769],[15.953624,13.835876],[15.990989,13.825029],[16.065393,13.829841],[16.094729,13.837081],[16.116353,13.835904],[16.13547,13.822499],[16.168025,13.776927]]}},
{"type":"Feature","properties":{},"geometry":{"type":"LineString","coordinates":[[13.79603,14.05622],[13.787271,14.063736],[13.772631,14.062617],[13.765521,14.066497],[13.75228,14.056414],[13.760203,14.031137],[13.78111,14.010617],[13.784329,14.001572],[13.781924,13.989222],[13.774229,13.980668],[13.775797,13.975257],[13.768272,13.970255],[13.772976,13.954026]]}},
{"type":"Feature","properties":{},"geometry":{"type":"LineString","coordinates":[[2.808079,14.179548],[2.745072,14.175873],[2.74137,14.172253],[2.741388,14.155979],[2.730272,14.154159],[2.722873,14.143301],[2.708442,14.143658],[2.696699,14.136138]]}},
{"type":"Feature","properties":{},"geometry":{"type":"LineString","coordinates":[[16.29326,13.755951],[16.309419,13.751181],[16.393897,13.744757],[16.39729,13.741041],[16.468735,13.728257],[16.528385,13.730225],[16.559776,13.742577],[16.581556,13.744882],[16.624492,13.738942],[16.636556,13.729448]]}},
{"type":"Feature","properties":{},"geometry":{"type":"LineString","coordinates":[[9.721321,13.999204],[9.726786,13.997253]]}},
{"type":"Feature","properties":{},"geometry":{"type":"LineString","coordinates":[[7.508701,14.037544],[7.51417,14.033835]]}},
{"type":"Feature","properties":{},"geometry":{"type":"LineString","coordinates":[[2.92924,14.078356],[2.968141,14.080172],[2.997411,14.087911]]}},
{"type":"Feature","properties":{},"geometry":{"type":"LineString","coordinates":[[9.606567,13.977205],[9.615867,13.980546],[9.629154,13.994562],[9.667622,13.988111],[9.684331,13.993041],[9.695208,13.987348],[9.717486,13.993918],[9.72915,14.01516],[9.729939,14.042095],[9.737718,14.056254],[9.748914,14.061332],[9.756006,14.052147],[9.765308,14.05548],[9.776238,14.051578]]}},
{"type":"Feature","properties":{},"geometry":{"type":"LineString","coordinates":[[4.980273,14.128073],[4.969131,14.12455],[4.95978,14.113783],[4.959626,14.095711],[4.944798,14.094024],[4.918741,14.077967],[4.866725,14.056687],[4.829727,14.060585],[4.802098,14.078867],[4.777121,14.081692],[4.75418,14.077134]]}},
{"type":"Feature","properties":{},"geometry":{"type":"LineString","coordinates":[[11.609784,13.93211],[11.622595,13.931653],[11.629649,13.924241],[11.657099,13.923261],[11.691318,13.956038],[11.698638,13.955775],[11.704399,13.962727],[11.715379,13.96233],[11.737882,13.975832],[11.764243,13.946244],[11.782402,13.942005],[11.782062,13.933071],[11.790868,13.923804],[11.788494,13.909575],[11.799061,13.898456],[11.806378,13.898189],[11.812069,13.903351],[11.819386,13.903084],[11.822839,13.897591],[11.848443,13.896657],[11.863348,13.903268],[11.869041,13.908426],[11.869589,13.922718],[11.879216,13.934888],[11.879628,13.945606],[11.898748,13.966369],[11.898857,14.016454],[11.936842,14.050818],[11.937051,14.056177],[11.958088,14.078644],[11.963817,14.114817],[11.970868,14.125345],[11.971797,14.144199],[11.98229,14.17037]]}},
{"type":"Feature","properties":{},"geometry":{"type":"LineString","coordinates":[[5.324572,14.058136],[5.335548,14.045382],[5.346615,14.04166],[5.337216,14.027297],[5.32604,14.020177],[5.32408,14.009355],[5.311386,13.992771],[5.281343,13.991691],[5.207485,14.008637],[5.151986,14.010944],[5.111106,13.993233],[5.060756,13.950294],[5.007099,13.950742],[5.003445,13.956194]]}},
{"type":"Feature","properties":{},"geometry":{"type":"LineString","coordinates":[[13.999564,13.815699],[13.990483,13.816111],[13.972909,13.829359],[13.963658,13.826219],[13.949294,13.830427],[13.930793,13.824147],[13.914693,13.830209],[13.888087,13.806497],[13.878921,13.805129],[13.866868,13.819904],[13.830525,13.82153],[13.814419,13.827588],[13.805746,13.836874],[13.782201,13.839702],[13.753778,13.855206],[13.733944,13.859647],[13.721629,13.869093],[13.713446,13.889039]]}},
{"type":"Feature","properties":{},"geometry":{"type":"LineString","coordinates":[[10.189912,13.982113],[10.180671,13.980593],[10.17488,13.971786],[10.167476,13.97021],[10.161186,13.945257],[10.147939,13.933079],[10.142983,13.951182],[10.110691,13.977275],[10.047724,13.962955],[10.030169,13.990408]]}},
{"type":"Feature","properties":{},"geometry":{"type":"LineString","coordinates":[[9.412647,13.955197],[9.413096,13.971369],[9.418767,13.976613],[9.419367,13.998175],[9.415787,14.001866],[9.419667,14.008956],[9.42037,14.034111],[9.429924,14.046443],[9.432067,14.057175],[9.428637,14.066257],[9.43242,14.069752],[9.459978,14.067215],[9.465652,14.072456],[9.47091,14.128053],[9.47858,14.138633],[9.473568,14.156749],[9.479244,14.161988]]}},
{"type":"Feature","properties":{},"geometry":{"type":"LineString","coordinates":[[9.762074,14.132844],[9.773888,14.096569],[9.776185,14.049783],[9.788475,14.02967],[9.806545,14.018378],[9.814008,14.021761],[9.818111,14.03602],[9.838447,14.039037],[9.845962,14.044214],[9.853157,14.038619],[9.85089,14.024309],[9.857977,14.015124],[9.869062,14.016605],[9.876792,14.028961],[9.896371,14.006843],[9.896102,13.997868],[9.912377,13.98842],[9.915837,13.981134],[9.921352,13.980976],[9.919891,13.993593],[9.929191,13.99692],[9.932056,13.969891],[9.953247,13.940539],[9.952869,13.927976],[9.969622,13.93468],[9.973894,13.954317],[9.98319,13.957642],[9.983353,13.963026],[10.000492,13.982289],[10.016977,13.980015],[10.030169,13.990408],[10.04191,14.013415],[10.055216,14.027394],[10.067405,14.064754],[10.065843,14.073779],[10.095145,14.12859],[10.093697,14.141204],[10.121951,14.161914],[10.128256,14.186867],[10.139515,14.193713],[10.175952,14.181845],[10.196818,14.186193]]}},
{"type":"Feature","properties":{},"geometry":{"type":"LineString","coordinates":[[7.27021,14.323264],[7.279491,14.324901],[7.29038,14.313882],[7.307023,14.31358],[7.321573,14.30069],[7.334481,14.298651],[7.358134,14.278378],[7.387748,14.279637],[7.396815,14.270452],[7.394862,14.265079],[7.403894,14.25409],[7.474485,14.177035],[7.47239,14.164452],[7.48145,14.155266],[7.511007,14.154711],[7.529122,14.136337],[7.538107,14.123546],[7.535831,14.101951],[7.550105,14.076437],[7.549534,14.047597],[7.541935,14.036922],[7.543603,14.027874],[7.561637,14.005897],[7.570867,14.005722],[7.578143,14.000175],[7.596135,13.976395],[7.612782,13.977881],[7.623675,13.968659],[7.629284,13.972158],[7.668039,13.971415],[7.675347,13.967669],[7.707195,13.990489],[7.72565,13.990129],[7.736464,13.977299],[7.754842,13.973333]]}},
{"type":"Feature","properties":{},"geometry":{"type":"LineString","coordinates":[[7.701659,13.990596],[7.703467,13.988758]]}},
{"type":"Feature","properties":{},"geometry":{"type":"LineString","coordinates":[[7.592372,13.97286],[7.596135,13.976395]]}},
{"type":"Feature","properties":{},"geometry":{"type":"LineString","coordinates":[[11.651975,13.63706],[11.702936,13.579787],[11.689492,13.562363],[11.688902,13.546276],[11.699471,13.535168],[11.695621,13.529934],[11.69699,13.517358],[11.687531,13.50874],[11.687075,13.496228],[11.695881,13.486973],[11.693859,13.481674],[11.70097,13.476057],[11.759407,13.47401],[11.768406,13.470115]]}},
{"type":"Feature","properties":{},"geometry":{"type":"LineString","coordinates":[[2.884824,13.991544],[2.920008,13.991558],[2.93667,14.004221],[2.962596,14.000609],[2.979263,14.004229],[2.995929,14.01327],[3.010746,14.032301],[3.021028,14.037726]]}},
{"type":"Feature","properties":{},"geometry":{"type":"LineString","coordinates":[[12.335508,13.810474],[12.342882,13.811978],[12.35996,13.827403],[12.360319,13.836324],[12.368054,13.846746],[12.402148,13.8758],[12.402874,13.893638],[12.383658,13.915825],[12.384821,13.944366],[12.409805,13.973765]]}},
{"type":"Feature","properties":{},"geometry":{"type":"LineString","coordinates":[[12.286907,13.921349],[12.277701,13.919916],[12.249153,13.892413],[12.247726,13.856721],[12.243717,13.847937],[12.201906,13.808412],[12.186379,13.785761],[12.142547,13.787408],[12.115567,13.799145],[12.062153,13.8369],[12.061925,13.924528],[12.035415,13.948768],[12.008549,13.96408],[11.990262,13.964762],[11.984986,13.970324],[11.97802,13.979526],[11.980058,13.984816],[11.975061,13.997522],[11.97884,14.032259],[11.950349,14.068201]]}},
{"type":"Feature","properties":{},"geometry":{"type":"LineString","coordinates":[[2.901508,13.949963],[2.925572,13.964437],[2.955189,14.000608]]}},
{"type":"Feature","properties":{},"geometry":{"type":"LineString","coordinates":[[13.167346,13.82886],[13.173928,13.812539],[13.183268,13.817496],[13.197523,13.809766],[13.220176,13.785639],[13.238225,13.781316],[13.243059,13.766852],[13.251847,13.759352],[13.253041,13.745043],[13.246878,13.729258],[13.233514,13.715558],[13.235675,13.681599],[13.225722,13.662406],[13.22069,13.630528],[13.212794,13.616595]]}},
{"type":"Feature","properties":{},"geometry":{"type":"LineString","coordinates":[[5.130262,14.063542],[5.072424,14.013445],[5.025981,13.993958],[5.011003,13.974204],[5.010909,13.963361],[4.986684,13.943681],[4.929325,13.944142],[4.895915,13.931753],[4.884711,13.919188],[4.847736,13.923086],[4.831141,13.930441],[4.808424,13.930519],[4.784905,13.937721]]}},
{"type":"Feature","properties":{},"geometry":{"type":"LineString","coordinates":[[3.076414,13.928253],[3.106046,13.953558],[3.109766,13.98972],[3.118783,14.003425]]}},
{"type":"Feature","properties":{},"geometry":{"type":"LineString","coordinates":[[8.990108,13.830739],[8.960754,13.835055],[8.939356,13.862571],[8.932131,13.868145],[8.911973,13.872234],[8.876063,13.909099]]}},
{"type":"Feature","properties":{},"geometry":{"type":"LineString","coordinates":[[14.395603,13.657069],[14.39871,13.646266],[14.388873,13.630736]]}},
{"type":"Feature","properties":{},"geometry":{"type":"LineString","coordinates":[[11.529077,13.734443],[11.507646,13.749512],[11.491182,13.750084],[11.469487,13.757997],[11.432892,13.759262],[11.428113,13.779126],[11.400445,13.824853],[11.392132,13.848422],[11.383173,13.854104],[11.352047,13.855175],[11.332678,13.877335],[11.308872,13.878151],[11.281763,13.914059]]}},
{"type":"Feature","properties":{},"geometry":{"type":"LineString","coordinates":[[12.010834,13.549098],[11.989946,13.576683],[11.990488,13.59097],[11.962427,13.622394],[11.946059,13.624777],[11.943152,13.644557],[11.950865,13.655008],[11.951272,13.665725],[11.933822,13.687823],[11.919139,13.686568],[11.913862,13.692126],[11.914812,13.717134],[11.902294,13.724745]]}},
{"type":"Feature","properties":{},"geometry":{"type":"LineString","coordinates":[[13.526045,13.655051],[13.55593,13.671576],[13.572289,13.67087],[13.581618,13.67581],[13.587311,13.680906],[13.589853,13.696824]]}},
{"type":"Feature","properties":{},"geometry":{"type":"LineString","coordinates":[[13.946422,13.730937],[13.94609,13.723836],[13.923302,13.70351],[13.884423,13.689231],[13.871795,13.691573],[13.84761,13.680191],[13.836713,13.680674],[13.821445,13.665333],[13.819137,13.654758],[13.792159,13.622133],[13.773673,13.615825],[13.748248,13.616938],[13.738843,13.610229],[13.726651,13.582281],[13.728063,13.57332],[13.718499,13.563056],[13.730162,13.539408],[13.732586,13.512604],[13.718192,13.475847],[13.706741,13.463881],[13.694812,13.441253],[13.654161,13.426974],[13.638609,13.404493],[13.601594,13.390044],[13.591652,13.370878],[13.580368,13.362452],[13.558897,13.370482],[13.54248,13.369394],[13.508942,13.351213],[13.500564,13.367594],[13.476958,13.368584]]}},
{"type":"Feature","properties":{},"geometry":{"type":"LineString","coordinates":[[14.38189,13.599083],[14.383264,13.627444],[14.387061,13.630821]]}},
{"type":"Feature","properties":{},"geometry":{"type":"LineString","coordinates":[[14.34322,13.625745],[14.345117,13.627434]]}},
{"type":"Feature","properties":{},"geometry":{"type":"LineString","coordinates":[[12.120242,13.684547],[12.108223,13.70466],[12.109196,13.729655],[12.132365,13.760972],[12.142547,13.787408]]}},
{"type":"Feature","properties":{},"geometry":{"type":"LineString","coordinates":[[9.719873,13.758422],[9.725333,13.756475],[9.732887,13.763456],[9.731309,13.772486],[9.722432,13.783512],[9.722793,13.796082],[9.73638,13.820868],[9.720411,13.841077]]}},
{"type":"Feature","properties":{},"geometry":{"type":"LineString","coordinates":[[12.935324,13.565511],[12.946472,13.570415],[12.955425,13.566487],[12.968693,13.578439],[13.000317,13.593214],[13.024435,13.602936],[13.031565,13.599079],[13.074264,13.616955],[13.092159,13.609089],[13.103461,13.617541],[13.111429,13.633262],[13.129476,13.628954],[13.140625,13.633843]]}},
{"type":"Feature","properties":{},"geometry":{"type":"LineString","coordinates":[[11.223806,13.701881],[11.218315,13.702064],[11.224495,13.721566],[11.232069,13.728478],[11.246775,13.729776],[11.250941,13.743968],[11.263754,13.743536],[11.269435,13.748719],[11.271962,13.76834],[11.255739,13.776054],[11.243745,13.799749],[11.224299,13.820114],[11.2171,13.82394],[11.16222,13.827577],[11.158485,13.877876],[11.166633,13.900897],[11.179726,13.919264]]}},
{"type":"Feature","properties":{},"geometry":{"type":"LineString","coordinates":[[13.627874,13.611489],[13.631266,13.606001]]}},
{"type":"Feature","properties":{},"geometry":{"type":"LineString","coordinates":[[2.95891,13.904773],[2.929299,13.884876],[2.916342,13.884871],[2.905248,13.857744],[2.876381,13.830272]]}},
{"type":"Feature","properties":{},"geometry":{"type":"LineString","coordinates":[[10.07489,13.707134],[10.076134,13.748405],[10.089689,13.77136],[10.092124,13.791045],[10.081707,13.811103],[10.07896,13.841713],[10.032951,13.90052],[10.022582,13.922375],[10.023072,13.938526],[9.996109,13.959064],[9.990867,13.968198]]}},
{"type":"Feature","properties":{},"geometry":{"type":"LineString","coordinates":[[9.57341,13.715652],[9.572376,13.744442],[9.59483,13.758221],[9.611521,13.763164],[9.626933,13.787912],[9.658685,13.805025],[9.674002,13.826176],[9.683243,13.82772],[9.688601,13.822182],[9.703252,13.819983],[9.712802,13.832301],[9.711067,13.835943],[9.733743,13.856884],[9.739829,13.876484],[9.751066,13.883361],[9.722542,13.914702],[9.730678,13.941434],[9.725157,14.004488]]}},
{"type":"Feature","properties":{},"geometry":{"type":"LineString","coordinates":[[13.634981,13.607621],[13.627392,13.600826],[13.628648,13.588308],[13.617108,13.574561]]}},
{"type":"Feature","properties":{},"geometry":{"type":"LineString","coordinates":[[13.589853,13.696824],[13.609605,13.690626],[13.618048,13.676015],[13.655485,13.658365],[13.686615,13.662351],[13.693235,13.64782],[13.690286,13.623025],[13.704252,13.609957],[13.713616,13.575728],[13.720476,13.56653]]}},
{"type":"Feature","properties":{},"geometry":{"type":"LineString","coordinates":[[14.407451,13.526846],[14.421331,13.551071],[14.420463,13.57065],[14.406399,13.580184],[14.41235,13.590566],[14.409156,13.599595],[14.413038,13.604744]]}},
{"type":"Feature","properties":{},"geometry":{"type":"LineString","coordinates":[[7.908503,13.732363],[7.902936,13.730672],[7.899326,13.734348],[7.899589,13.74696],[7.892366,13.754313],[7.893532,13.810163],[7.888114,13.815679],[7.888981,13.857116],[7.881757,13.86447],[7.883827,13.875242],[7.869414,13.891752],[7.869565,13.898959],[7.856918,13.911829],[7.808924,13.910979],[7.794353,13.92028],[7.765504,13.953295],[7.765653,13.960503],[7.754842,13.973333],[7.758681,13.980469],[7.759498,14.020112],[7.76703,14.027174],[7.768451,14.095647],[7.764984,14.106531],[7.741468,14.130432],[7.728393,14.123479],[7.691463,14.124204],[7.683928,14.117139],[7.674696,14.117319],[7.667457,14.124672],[7.64899,14.12503],[7.632699,14.141571],[7.633687,14.190232],[7.60841,14.219569],[7.608813,14.239394],[7.588816,14.256008],[7.590847,14.264984],[7.576427,14.283293],[7.578385,14.288664],[7.56389,14.303368],[7.564219,14.31959],[7.546134,14.339771],[7.546753,14.370413],[7.554368,14.381085],[7.555432,14.433355],[7.566786,14.445757],[7.574184,14.445613],[7.583617,14.454445],[7.585651,14.46342]]}},
{"type":"Feature","properties":{},"geometry":{"type":"LineString","coordinates":[[9.750708,13.689287],[9.747139,13.692979]]}},
{"type":"Feature","properties":{},"geometry":{"type":"LineString","coordinates":[[7.267256,13.866967],[7.270617,13.84887],[7.310484,13.80849],[7.319477,13.795706],[7.319344,13.788493],[7.337559,13.775547],[7.379113,13.727918],[7.384579,13.724214],[7.40302,13.723885],[7.416166,13.736274],[7.42894,13.728831],[7.439766,13.716012],[7.439529,13.703393],[7.448511,13.690607],[7.473845,13.664903],[7.483131,13.668342],[7.488559,13.662833],[7.495728,13.651883],[7.497092,13.626613]]}},
{"type":"Feature","properties":{},"geometry":{"type":"LineString","coordinates":[[10.914701,13.64032],[10.907916,13.656673],[10.899059,13.665922],[10.900502,13.708906],[10.884376,13.720182],[10.879181,13.729314],[10.877414,13.772884]]}},
{"type":"Feature","properties":{},"geometry":{"type":"LineString","coordinates":[[12.375028,13.585619],[12.398736,13.584719],[12.411856,13.593151],[12.416571,13.619769],[12.411384,13.627113],[12.412239,13.648518],[12.454591,13.70227],[12.456033,13.737941],[12.45997,13.744934]]}},
{"type":"Feature","properties":{},"geometry":{"type":"LineString","coordinates":[[13.638484,13.523787],[13.656884,13.528336],[13.663749,13.519139],[13.680092,13.518434],[13.691147,13.521517],[13.712085,13.541973],[13.725037,13.546752]]}},
{"type":"Feature","properties":{},"geometry":{"type":"LineString","coordinates":[[15.541412,13.42057],[15.594533,13.433802],[15.637119,13.452863]]}},
{"type":"Feature","properties":{},"geometry":{"type":"LineString","coordinates":[[15.484507,13.473],[15.564047,13.472509],[15.592709,13.467512],[15.71367,13.431256],[15.866776,13.423352],[15.918511,13.411824],[16.018819,13.397746],[16.034722,13.391611],[16.086991,13.390627],[16.09438,13.39377]]}},
{"type":"Feature","properties":{},"geometry":{"type":"LineString","coordinates":[[13.76139,13.506014],[13.737309,13.49638],[13.726497,13.498628]]}},
{"type":"Feature","properties":{},"geometry":{"type":"LineString","coordinates":[[5.747379,13.846924],[5.747209,13.832475],[5.739667,13.819915],[5.739562,13.810884],[5.722739,13.794813],[5.7223,13.756883],[5.712915,13.744341],[5.707165,13.72634],[5.690392,13.713878],[5.618237,13.705621]]}},
{"type":"Feature","properties":{},"geometry":{"type":"LineString","coordinates":[[9.727508,13.639602],[9.733068,13.641248],[9.740208,13.633864],[9.75505,13.638851],[9.762856,13.654811],[9.755872,13.667582],[9.756283,13.681946],[9.767817,13.6996],[9.784708,13.711714],[9.804961,13.712952],[9.812514,13.71993],[9.838015,13.712035],[9.860207,13.716807],[9.860889,13.740146],[9.877996,13.75943],[9.889173,13.764505],[9.889808,13.786047],[9.897313,13.791225],[9.897472,13.796611],[9.886663,13.804102],[9.881894,13.829389],[9.876594,13.836725],[9.889879,13.850723],[9.911925,13.850099],[9.915813,13.857175],[9.91938,13.85348],[9.936021,13.8566],[9.956765,13.873973],[9.984807,13.889336],[9.989239,13.914356],[9.983944,13.921694],[9.986648,13.950356],[9.98319,13.957642]]}},
{"type":"Feature","properties":{},"geometry":{"type":"LineString","coordinates":[[7.173544,13.684581],[7.198098,13.716636],[7.248812,13.766274],[7.259881,13.766084],[7.27869,13.785598],[7.310053,13.785049],[7.319344,13.788493]]}},
{"type":"Feature","properties":{},"geometry":{"type":"LineString","coordinates":[[15.712342,13.540976],[15.87678,13.507675],[15.980706,13.459816],[16.013743,13.436878],[16.052657,13.422463],[16.087668,13.402955],[16.106583,13.386062],[16.140852,13.386016],[16.176231,13.373546],[16.256374,13.364314]]}},
{"type":"Feature","properties":{},"geometry":{"type":"LineString","coordinates":[[8.931968,13.643198],[8.910618,13.672503],[8.907254,13.685182],[8.898327,13.696194],[8.898777,13.71418],[8.888054,13.727035],[8.888279,13.736028],[8.899725,13.751951],[8.899997,13.762743],[8.893224,13.786302],[8.877023,13.801089],[8.876087,13.837107],[8.86545,13.85356],[8.863926,13.866196],[8.864561,13.891378],[8.875972,13.905501],[8.874723,13.928928],[8.860355,13.943674],[8.84544,13.936834],[8.81863,13.969877],[8.81715,13.984313],[8.826679,13.996683],[8.828977,14.014626],[8.84408,14.028661],[8.809574,14.049294],[8.795196,14.06404],[8.738021,14.063609],[8.721568,14.069402],[8.714375,14.076774],[8.714914,14.098364],[8.730292,14.123199],[8.727056,14.141279],[8.755029,14.15321],[8.774013,14.174353],[8.77424,14.183348],[8.79678,14.199002],[8.839048,14.192572]]}},
{"type":"Feature","properties":{},"geometry":{"type":"LineString","coordinates":[[10.51867,13.598872],[10.524396,13.605875],[10.525023,13.625594],[10.540257,13.643073],[10.53493,13.648619],[10.534071,13.679148]]}},
{"type":"Feature","properties":{},"geometry":{"type":"LineString","coordinates":[[13.620581,13.57085],[13.617108,13.574561],[13.595307,13.575498],[13.532419,13.512295],[13.502249,13.48864]]}},
{"type":"Feature","properties":{},"geometry":{"type":"LineString","coordinates":[[3.284459,13.709322],[3.3196,13.709279],[3.338118,13.725529],[3.364604,13.725055]]}},
{"type":"Feature","properties":{},"geometry":{"type":"LineString","coordinates":[[6.283081,14.085886],[6.281128,14.078691],[6.223062,14.027109],[6.208143,14.018279],[6.150821,14.019032],[6.139652,14.013761],[6.077836,13.954959],[5.996532,13.959587],[5.949894,13.927649],[5.916616,13.928049],[5.896099,13.913845],[5.899706,13.906577],[5.899391,13.881294],[5.891773,13.863323],[5.919115,13.832294],[5.924433,13.814169],[5.935408,13.805007],[5.93525,13.792366],[5.923804,13.763604],[5.917568,13.707687],[5.909935,13.687909]]}},
{"type":"Feature","properties":{},"geometry":{"type":"LineString","coordinates":[[14.166129,13.454327],[14.158714,13.451106],[14.139192,13.46087],[14.102275,13.448301],[14.097002,13.452092],[14.08596,13.449029],[14.053904,13.462904],[14.045828,13.484603],[14.048551,13.504043],[14.040227,13.520419],[14.015166,13.528651],[13.9727,13.553662]]}},
{"type":"Feature","properties":{},"geometry":{"type":"LineString","coordinates":[[10.836411,13.545987],[10.83275,13.546102],[10.833518,13.569389],[10.791577,13.576091],[10.775447,13.587357],[10.770657,13.609029],[10.774674,13.619663],[10.792991,13.619086],[10.815563,13.636306],[10.812077,13.641796],[10.81273,13.661502],[10.826564,13.691547],[10.843711,13.710726],[10.845389,13.76088],[10.839201,13.770525]]}},
{"type":"Feature","properties":{},"geometry":{"type":"LineString","coordinates":[[14.245694,13.447183],[14.210683,13.436324],[14.198333,13.44399],[14.183585,13.439322]]}},
{"type":"Feature","properties":{},"geometry":{"type":"LineString","coordinates":[[14.110645,13.664836],[14.10841,13.656047],[14.091577,13.646141],[14.083398,13.626952],[14.064671,13.615349],[14.06515,13.586876],[14.059457,13.581797],[14.04338,13.587854],[14.033977,13.581162],[14.0202,13.558659],[14.007253,13.553902],[13.982019,13.558584],[13.9727,13.553662],[13.965525,13.55576],[13.884046,13.523784],[13.863352,13.508681],[13.857258,13.494714],[13.840115,13.47767],[13.831042,13.478067],[13.806321,13.454231],[13.795273,13.451151],[13.786441,13.456874],[13.775552,13.457346],[13.741791,13.474827],[13.734851,13.482247],[13.718192,13.475847]]}},
{"type":"Feature","properties":{},"geometry":{"type":"LineString","coordinates":[[6.467296,13.662673],[6.436416,13.697405],[6.40355,13.723136],[6.399987,13.732212],[6.394656,13.746729],[6.395047,13.773805],[6.426626,13.786004],[6.427048,13.814884],[6.443963,13.834506],[6.432933,13.838271],[6.41103,13.856631],[6.381968,13.891338]]}},
{"type":"Feature","properties":{},"geometry":{"type":"LineString","coordinates":[[10.592885,13.567903],[10.58235,13.582578],[10.582809,13.596916],[10.574162,13.613329],[10.574449,13.622291],[10.546559,13.668],[10.534071,13.679148],[10.530978,13.697185],[10.52565,13.702732],[10.527828,13.713431],[10.520781,13.722619],[10.522959,13.733318],[10.517746,13.74245],[10.518091,13.753205],[10.503822,13.766204],[10.496945,13.78077],[10.482386,13.784805],[10.46926,13.776234],[10.450862,13.79634]]}},
{"type":"Feature","properties":{},"geometry":{"type":"LineString","coordinates":[[7.912045,13.636769],[7.915617,13.631291]]}},
{"type":"Feature","properties":{},"geometry":{"type":"LineString","coordinates":[[7.137586,13.632868],[7.17701,13.671895],[7.173544,13.684581]]}},
{"type":"Feature","properties":{},"geometry":{"type":"LineString","coordinates":[[13.158543,13.668762],[13.152929,13.665429],[13.149955,13.638807],[13.140625,13.633843],[13.147675,13.628203],[13.159185,13.599202],[13.152501,13.57095],[13.154994,13.544103],[13.15825,13.535055],[13.175829,13.520071],[13.20021,13.451327]]}},
{"type":"Feature","properties":{},"geometry":{"type":"LineString","coordinates":[[7.179167,14.149579],[7.079461,14.156709],[7.057376,14.162497],[7.020279,14.155905],[7.003674,14.157987],[6.98168,14.169179],[6.970777,14.180186],[6.963633,14.194739],[6.945362,14.207673],[6.936429,14.225864],[6.920097,14.244178],[6.870099,14.241385],[6.853362,14.236243],[6.838413,14.227461],[6.813945,14.202588],[6.795331,14.195666],[6.746684,14.162143],[6.723788,14.119184],[6.688223,14.092659],[6.671238,14.071259],[6.657954,14.049803],[6.650103,14.021042],[6.632986,13.990615],[6.59734,13.95685]]}},
{"type":"Feature","properties":{},"geometry":{"type":"LineString","coordinates":[[7.524498,13.613492],[7.519107,13.620803]]}},
{"type":"Feature","properties":{},"geometry":{"type":"LineString","coordinates":[[13.520582,13.450462],[13.51593,13.427505],[13.510247,13.422401],[13.4973,13.417603],[13.486558,13.421618]]}},
{"type":"Feature","properties":{},"geometry":{"type":"LineString","coordinates":[[3.276955,13.650255],[3.284341,13.641206],[3.302828,13.639376],[3.304421,13.636134]]}},
{"type":"Feature","properties":{},"geometry":{"type":"LineString","coordinates":[[15.13191,13.403725],[15.126949,13.377386],[15.115668,13.369075],[15.11234,13.33911]]}},
{"type":"Feature","properties":{},"geometry":{"type":"LineString","coordinates":[[7.781923,13.581629],[7.763863,13.600002],[7.772319,13.65392],[7.7669,13.659432],[7.767045,13.66664],[7.750822,13.684979],[7.74739,13.697664],[7.753137,13.70837],[7.751657,13.726426],[7.730008,13.750278],[7.706042,13.750738],[7.696968,13.758122],[7.669313,13.758649],[7.663889,13.764161],[7.656514,13.7643],[7.652719,13.758964],[7.634281,13.759312],[7.62336,13.766729]]}},
{"type":"Feature","properties":{},"geometry":{"type":"LineString","coordinates":[[11.162941,13.569519],[11.151779,13.564511],[11.158666,13.551742],[11.158298,13.541002],[11.146708,13.523463],[11.145913,13.500194],[11.13634,13.487963]]}},
{"type":"Feature","properties":{},"geometry":{"type":"LineString","coordinates":[[3.075465,13.711283],[3.056968,13.705863],[3.060665,13.69682],[3.058811,13.680547],[3.066206,13.673312],[3.066203,13.660654],[3.055105,13.647999],[3.055099,13.620874],[3.046776,13.611936]]}},
{"type":"Feature","properties":{},"geometry":{"type":"LineString","coordinates":[[12.902705,13.415169],[12.888148,13.415746],[12.879344,13.423231],[12.854253,13.477754]]}},
{"type":"Feature","properties":{},"geometry":{"type":"LineString","coordinates":[[12.981098,13.503019],[12.951981,13.504188],[12.925608,13.483836],[12.894667,13.48507],[12.885345,13.480089],[12.846972,13.478042],[12.839837,13.481894],[12.805027,13.477916],[12.795558,13.469365],[12.777932,13.439718],[12.742542,13.421469],[12.729581,13.41662],[12.674961,13.418742],[12.653973,13.440978],[12.65556,13.480193],[12.636318,13.500579],[12.612762,13.549702]]}},
{"type":"Feature","properties":{},"geometry":{"type":"LineString","coordinates":[[14.288439,13.352846],[14.260131,13.368338],[14.227279,13.364485],[14.216661,13.370294],[14.204478,13.381505],[14.203831,13.406417],[14.197332,13.422706],[14.181857,13.441177],[14.167608,13.447151],[14.164233,13.452635]]}},
{"type":"Feature","properties":{},"geometry":{"type":"LineString","coordinates":[[13.817487,13.298933],[13.823485,13.31113],[13.819404,13.341556],[13.821006,13.377076],[13.808789,13.388281],[13.816607,13.400399],[13.809752,13.409594],[13.810074,13.416698],[13.829748,13.449652],[13.821402,13.466031]]}},
{"type":"Feature","properties":{},"geometry":{"type":"LineString","coordinates":[[13.163692,13.449255],[13.178087,13.445101],[13.196573,13.451476],[13.207406,13.449249],[13.217477,13.429228],[13.233151,13.412542],[13.23633,13.401717],[13.255713,13.386663],[13.264266,13.373836],[13.283048,13.387322],[13.285248,13.396144],[13.296074,13.393915],[13.305313,13.397098],[13.315909,13.389533],[13.34695,13.391814],[13.357621,13.386026],[13.3805,13.410021],[13.378993,13.417211],[13.385062,13.431212],[13.400139,13.443055],[13.409224,13.442675],[13.418774,13.452964],[13.440498,13.450273],[13.456537,13.442474],[13.461752,13.43691],[13.459391,13.42454],[13.464295,13.411866],[13.475037,13.407852]]}},
{"type":"Feature","properties":{},"geometry":{"type":"LineString","coordinates":[[14.428719,13.326935],[14.438021,13.331839],[14.448084,13.352691],[14.448677,13.365095],[14.456341,13.373623],[14.453485,13.389738],[14.459171,13.394805],[14.456486,13.414464],[14.448116,13.429057],[14.447499,13.45395],[14.456023,13.480197],[14.455411,13.50509],[14.461015,13.508382],[14.454629,13.526438],[14.475411,13.543232],[14.479809,13.559011],[14.492919,13.567279],[14.497146,13.579513]]}},
{"type":"Feature","properties":{},"geometry":{"type":"LineString","coordinates":[[5.651867,13.573384],[5.642614,13.571676],[5.635368,13.584399],[5.637414,13.602443],[5.650342,13.602305],[5.648595,13.611357],[5.634061,13.63319],[5.59561,13.664308],[5.582876,13.682507],[5.581246,13.702396]]}},
{"type":"Feature","properties":{},"geometry":{"type":"LineString","coordinates":[[11.468639,13.501965],[11.481306,13.497953],[11.500707,13.477596],[11.509415,13.450335],[11.50557,13.445095],[11.520161,13.432173],[11.519082,13.401772],[11.511395,13.391292],[11.510826,13.375196],[11.505156,13.370018],[11.503831,13.332463],[11.496212,13.323768],[11.495773,13.31125],[11.502762,13.302062],[11.500559,13.291393],[11.520078,13.274622],[11.571131,13.271107]]}},
{"type":"Feature","properties":{},"geometry":{"type":"LineString","coordinates":[[15.730089,13.278331],[15.761259,13.287353],[15.782863,13.28625],[15.838099,13.272817],[15.920684,13.265035],[15.945585,13.258449],[15.959596,13.250656],[15.966316,13.241475]]}},
{"type":"Feature","properties":{},"geometry":{"type":"LineString","coordinates":[[13.974822,13.363253],[13.964676,13.379706],[13.940942,13.377189],[13.933284,13.368631],[13.930662,13.350956],[13.924819,13.342318],[13.931506,13.329574],[13.912571,13.31261],[13.899639,13.307835],[13.878204,13.315881],[13.882393,13.328153],[13.877435,13.339043],[13.853861,13.340066],[13.848661,13.345629],[13.835806,13.342627],[13.827139,13.351899],[13.821697,13.352134]]}},
{"type":"Feature","properties":{},"geometry":{"type":"LineString","coordinates":[[3.159204,13.617213],[3.172135,13.602738],[3.166685,13.567933]]}},
{"type":"Feature","properties":{},"geometry":{"type":"LineString","coordinates":[[15.11234,13.33911],[15.104941,13.335924],[15.08147,13.337061],[15.060248,13.346949],[15.045446,13.340572],[15.044058,13.276829]]}},
{"type":"Feature","properties":{},"geometry":{"type":"LineString","coordinates":[[6.395275,13.531874],[6.39548,13.546314],[6.40691,13.571435],[6.407271,13.596705],[6.392843,13.620374],[6.393178,13.64384],[6.39718,13.66545],[6.414053,13.683272],[6.414497,13.713958]]}},
{"type":"Feature","properties":{},"geometry":{"type":"LineString","coordinates":[[15.570295,13.261633],[15.599027,13.258423],[15.655326,13.264432],[15.670698,13.247738],[15.677066,13.231498]]}},
{"type":"Feature","properties":{},"geometry":{"type":"LineString","coordinates":[[14.936562,13.51603],[14.927075,13.507623],[14.920022,13.51151],[14.908997,13.508495],[14.896429,13.510874],[14.855319,13.486245],[14.825857,13.477012],[14.807069,13.463717],[14.789565,13.439713]]}},
{"type":"Feature","properties":{},"geometry":{"type":"LineString","coordinates":[[9.75625,13.579515],[9.769049,13.577371],[9.785773,13.584102],[9.793064,13.582106],[9.807387,13.569135],[9.812944,13.570779],[9.84205,13.560995],[9.852751,13.54992],[9.856266,13.544434],[9.855749,13.526481],[9.8665,13.517201],[9.860583,13.502991],[9.863891,13.490323],[9.857976,13.476112],[9.869994,13.447036]]}},
{"type":"Feature","properties":{},"geometry":{"type":"LineString","coordinates":[[14.093065,13.288695],[14.101865,13.322086],[14.099225,13.343538],[14.113967,13.348217]]}},
{"type":"Feature","properties":{},"geometry":{"type":"LineString","coordinates":[[15.555477,13.21991],[15.56601,13.214077],[15.587624,13.212996],[15.675266,13.231589],[15.732785,13.226913],[15.739706,13.221257],[15.748707,13.220801],[15.805249,13.232069],[16.009669,13.242764],[16.052729,13.23876],[16.089621,13.220943],[16.12878,13.211837],[16.190069,13.212158],[16.304934,13.204337],[16.356053,13.186783]]}},
{"type":"Feature","properties":{},"geometry":{"type":"LineString","coordinates":[[12.431154,13.342322],[12.443905,13.341843],[12.452663,13.379025],[12.466119,13.396379],[12.485041,13.413524],[12.505223,13.416329],[12.516436,13.423046]]}},
{"type":"Feature","properties":{},"geometry":{"type":"LineString","coordinates":[[14.215565,13.269039],[14.203631,13.285567],[14.167987,13.299596],[14.164859,13.3104],[14.138592,13.331123],[14.130109,13.343944],[14.124427,13.338864],[14.115533,13.342815],[14.114625,13.362411],[14.100786,13.377249],[14.103093,13.387814],[14.095185,13.413058],[14.069396,13.444433],[14.066348,13.457015]]}},
{"type":"Feature","properties":{},"geometry":{"type":"LineString","coordinates":[[13.129838,13.381097],[13.12742,13.366931],[13.165906,13.329715],[13.157736,13.308653]]}},
{"type":"Feature","properties":{},"geometry":{"type":"LineString","coordinates":[[9.435676,13.548475],[9.428184,13.543275],[9.427797,13.5289],[9.435095,13.526914],[9.442149,13.515944],[9.453216,13.517455],[9.460415,13.511875],[9.477657,13.470075],[9.47012,13.463078],[9.462777,13.463268],[9.434613,13.440619],[9.401137,13.425291]]}},
{"type":"Feature","properties":{},"geometry":{"type":"LineString","coordinates":[[14.565591,13.231886],[14.486356,13.242613],[14.474032,13.250279]]}},
{"type":"Feature","properties":{},"geometry":{"type":"LineString","coordinates":[[15.686891,13.177945],[15.739706,13.221257]]}},
{"type":"Feature","properties":{},"geometry":{"type":"LineString","coordinates":[[13.636775,13.168735],[13.605813,13.154834],[13.597131,13.164099],[13.587985,13.1627],[13.563749,13.190422],[13.573592,13.207818],[13.572243,13.218558],[13.606453,13.252735],[13.590981,13.272972],[13.425811,13.279865],[13.418703,13.283723]]}},
{"type":"Feature","properties":{},"geometry":{"type":"LineString","coordinates":[[11.116706,13.502939],[11.139815,13.482473],[11.138475,13.443094],[11.123299,13.42746],[11.122935,13.416719],[11.133483,13.403833],[11.131472,13.398522],[11.136715,13.391185],[11.125322,13.379009],[11.118932,13.352336]]}},
{"type":"Feature","properties":{},"geometry":{"type":"LineString","coordinates":[[4.823458,13.451162],[4.785432,13.454909],[4.75325,13.475523],[4.738489,13.477433],[4.72197,13.492007],[4.705565,13.522848],[4.677932,13.53388],[4.666848,13.533955],[4.649336,13.55846]]}},
{"type":"Feature","properties":{},"geometry":{"type":"LineString","coordinates":[[9.973007,13.454967],[9.960067,13.451735],[9.941935,13.459424],[9.932713,13.457883],[9.923751,13.465317],[9.922228,13.476138],[9.898901,13.494748],[9.881978,13.480843],[9.872342,13.464938],[9.871263,13.427237],[9.829843,13.390636],[9.840338,13.372384],[9.839981,13.359817]]}},
{"type":"Feature","properties":{},"geometry":{"type":"LineString","coordinates":[[6.535673,13.418005],[6.552267,13.417771],[6.57081,13.424729],[6.579868,13.413771],[6.589059,13.411835],[6.640705,13.412899],[6.646317,13.418233],[6.668439,13.417912],[6.674052,13.423244]]}},
{"type":"Feature","properties":{},"geometry":{"type":"LineString","coordinates":[[9.335567,13.446737],[9.342865,13.444755],[9.350351,13.44996],[9.359817,13.460509],[9.367687,13.480091],[9.385954,13.476028],[9.394799,13.463215],[9.40326,13.436027],[9.40109,13.423494],[9.39346,13.4129],[9.404283,13.405432],[9.400087,13.385758],[9.407238,13.378384],[9.431097,13.377775],[9.447231,13.362979],[9.454572,13.362791],[9.482242,13.367475],[9.497404,13.385063],[9.52493,13.384351],[9.530386,13.382412],[9.52459,13.371776],[9.527871,13.357308],[9.568137,13.352667],[9.584207,13.33607],[9.613558,13.335303],[9.619355,13.345936],[9.65604,13.344971],[9.671011,13.355359],[9.689452,13.358465],[9.70229,13.358125],[9.70576,13.350843],[9.718598,13.350502],[9.727968,13.357441],[9.730152,13.369962],[9.744875,13.371366],[9.768717,13.370726],[9.777584,13.359705],[9.893153,13.358368],[9.900742,13.367143],[9.913524,13.364996],[9.952437,13.378296],[9.9725,13.374148],[9.981458,13.366714],[10.019952,13.365644],[10.025555,13.369081],[10.02393,13.37631],[10.04048,13.377645],[10.0531,13.370107],[10.098866,13.367024],[10.116716,13.350358],[10.131376,13.349944],[10.158913,13.350959],[10.183373,13.37181],[10.245668,13.370025]]}},
{"type":"Feature","properties":{},"geometry":{"type":"LineString","coordinates":[[5.847495,13.408662],[5.832735,13.408828],[5.814412,13.419871],[5.801455,13.416403],[5.742453,13.420665]]}},
{"type":"Feature","properties":{},"geometry":{"type":"LineString","coordinates":[[4.584392,13.415148],[4.580983,13.458553],[4.544185,13.480474],[4.543635,13.51967]]}},
{"type":"Feature","properties":{},"geometry":{"type":"LineString","coordinates":[[7.821751,13.362752],[7.827235,13.360845]]}},
{"type":"Feature","properties":{},"geometry":{"type":"LineString","coordinates":[[11.70664,13.176999],[11.676709,13.208446],[11.671172,13.206845],[11.647961,13.221955],[11.626825,13.244154],[11.6031,13.244961],[11.596053,13.25236],[11.579625,13.252917],[11.572577,13.260317],[11.571194,13.272895],[11.599399,13.295207],[11.601117,13.343479],[11.625299,13.355181],[11.661273,13.38974],[11.660093,13.407679],[11.665764,13.412851],[11.664196,13.420065],[11.679387,13.435646],[11.686692,13.435392],[11.707233,13.447205],[11.740101,13.446056],[11.745839,13.453013],[11.758621,13.452565],[11.768406,13.470115],[11.779361,13.469729],[11.796057,13.476298],[11.84389,13.533643],[11.845088,13.565802],[11.852794,13.576261],[11.85177,13.597766],[11.859545,13.61001],[11.860081,13.624303],[11.8483,13.651561],[11.855876,13.658444],[11.85452,13.671017],[11.869676,13.684782],[11.870013,13.693714],[11.902294,13.724745],[11.903532,13.805197],[11.918635,13.817165],[11.919183,13.831455],[11.912214,13.840655],[11.918866,13.87082],[11.913725,13.879953],[11.914207,13.892457],[11.927558,13.906275],[11.929959,14.0153],[11.939594,14.027463],[11.936842,14.050818]]}},
{"type":"Feature","properties":{},"geometry":{"type":"LineString","coordinates":[[7.073292,13.375606],[7.06399,13.370343],[7.034513,13.370815],[7.034965,13.397872],[6.978588,13.443878],[6.960782,13.482052],[6.946184,13.491304],[6.91306,13.495433],[6.89439,13.481288],[6.872123,13.47261],[6.870819,13.391422],[6.867076,13.387871],[6.817375,13.392237],[6.80989,13.385131],[6.784032,13.38191],[6.756108,13.36428],[6.743152,13.360862]]}},
{"type":"Feature","properties":{},"geometry":{"type":"LineString","coordinates":[[7.799203,13.339747],[7.804688,13.33784]]}},
{"type":"Feature","properties":{},"geometry":{"type":"LineString","coordinates":[[14.768713,13.221993],[14.770175,13.214828],[14.76038,13.196258]]}},
{"type":"Feature","properties":{},"geometry":{"type":"LineString","coordinates":[[12.792753,13.291012],[12.792103,13.274975],[12.807898,13.260085],[12.809356,13.251106],[12.818017,13.240063],[12.837373,13.22325],[12.832872,13.202013],[12.855501,13.176154],[12.88277,13.175093],[12.892221,13.183646],[12.903128,13.183221],[12.910181,13.177594],[12.94399,13.203029],[12.946172,13.211863],[12.957589,13.223901],[12.972425,13.230451],[12.984636,13.217484],[12.982307,13.20509],[12.989285,13.19768],[12.983898,13.110494],[12.987242,13.103228],[12.972056,13.087769],[12.971549,13.075304],[12.96385,13.064901],[12.962121,13.022159],[12.967354,13.016605],[12.967067,13.009481],[12.981021,12.994671],[12.980015,12.969739],[12.970577,12.961186],[12.948787,12.962028],[12.9208,12.989865],[12.909903,12.990286],[12.889424,12.978585],[12.862105,12.977849],[12.82988,12.945178],[12.827559,12.886383],[12.836218,12.875349],[12.826718,12.865002],[12.828253,12.857807],[12.818614,12.843897],[12.827344,12.834645],[12.832093,12.816623],[12.824551,12.809769],[12.826088,12.802575],[12.812614,12.783454],[12.809897,12.760359],[12.813111,12.749532],[12.803689,12.740963],[12.804743,12.721295],[12.789671,12.707581],[12.776966,12.708055],[12.766281,12.713806],[12.745323,12.736001],[12.696302,12.737819],[12.675782,12.724297],[12.666635,12.722849],[12.655196,12.708989],[12.61968,12.683513]]}},
{"type":"Feature","properties":{},"geometry":{"type":"LineString","coordinates":[[11.304208,13.365994],[11.290986,13.353891],[11.280021,13.354253],[11.274723,13.359801],[11.250965,13.360582],[11.245298,13.355393],[11.232505,13.355812],[11.22495,13.348893],[11.206673,13.34949],[11.193454,13.337378],[11.147759,13.33886],[11.140688,13.346257],[11.126064,13.34673],[11.118932,13.352336],[11.096994,13.353043],[11.082188,13.348143],[11.065075,13.328977],[11.063466,13.280638],[11.057804,13.275441],[11.053554,13.257654],[11.042114,13.243679],[11.032976,13.243968],[11.027316,13.23877],[10.95243,13.242922],[10.944942,13.237779],[10.930668,13.248981],[10.870331,13.250861]]}},
{"type":"Feature","properties":{},"geometry":{"type":"LineString","coordinates":[[8.028659,13.310061],[8.003465,13.337592],[8.003911,13.359208],[8.00958,13.366304],[8.009841,13.378914],[8.004433,13.384428],[8.007358,13.436631],[8.000146,13.443983],[8.000258,13.449387],[8.022945,13.477767],[8.031367,13.528055],[8.013373,13.548241],[8.002326,13.548462],[7.97328,13.568868],[7.954566,13.554823],[7.930702,13.5589]]}},
{"type":"Feature","properties":{},"geometry":{"type":"LineString","coordinates":[[14.802199,13.087874],[14.782934,13.101185],[14.768232,13.096543],[14.759287,13.098731],[14.753614,13.093672],[14.724973,13.100316],[14.71199,13.093818],[14.703128,13.097775],[14.693927,13.094649],[14.677924,13.100708],[14.669315,13.109976]]}},
{"type":"Feature","properties":{},"geometry":{"type":"LineString","coordinates":[[16.024466,13.052989],[16.012091,13.023594]]}},
{"type":"Feature","properties":{},"geometry":{"type":"LineString","coordinates":[[14.555627,13.326437],[14.555116,13.315809],[14.532643,13.300864],[14.517918,13.296214],[14.48703,13.256788],[14.464818,13.247147],[14.424852,13.245411],[14.3912,13.223845],[14.360441,13.225231],[14.315851,13.202363],[14.298904,13.188907],[14.286991,13.201002],[14.272265,13.196328],[14.257787,13.196973],[14.247256,13.20455],[14.232435,13.202531],[14.191865,13.227437],[14.124868,13.2304],[14.111621,13.21854],[14.099861,13.199501],[14.075834,13.189887],[14.021419,13.190484],[14.002822,13.180624],[13.976342,13.156874],[13.961851,13.157501],[13.95146,13.168622],[13.939019,13.174494],[13.924525,13.17512],[13.902146,13.161852],[13.897888,13.147804],[13.903084,13.142244],[13.902529,13.129816],[13.907568,13.120705],[13.920248,13.120161],[13.928908,13.110896],[13.926224,13.091444],[13.932993,13.080481],[13.927165,13.071837],[13.91992,13.072148],[13.91236,13.065356],[13.823604,13.069133],[13.783765,13.029891],[13.772895,13.030348],[13.753898,13.052502],[13.743027,13.05296],[13.733656,13.046234],[13.659353,13.049341],[13.653608,13.04246],[13.640921,13.042987],[13.621904,13.065142],[13.614653,13.065444],[13.587026,13.09864],[13.588873,13.141297],[13.605813,13.154834]]}},
{"type":"Feature","properties":{},"geometry":{"type":"LineString","coordinates":[[8.904994,13.276766],[8.908841,13.283875],[8.925631,13.294281],[8.929743,13.312181],[8.906393,13.334323],[8.867993,13.342416],[8.835361,13.361171],[8.815151,13.361637],[8.777428,13.398505],[8.760888,13.398884],[8.748367,13.413571],[8.749743,13.471145],[8.737047,13.478636],[8.713147,13.479183],[8.698824,13.495711],[8.687835,13.497763],[8.697371,13.511948],[8.698359,13.553331],[8.694982,13.56601],[8.66581,13.577478],[8.635051,13.599783],[8.594661,13.604298],[8.56497,13.594161],[8.494925,13.590318],[8.459675,13.578488],[8.435753,13.579013],[8.413794,13.584894],[8.364918,13.621978],[8.307975,13.628607],[8.29705,13.634245],[8.275478,13.658124],[8.259068,13.665679],[8.20927,13.66313],[8.185211,13.65823],[8.175807,13.649419]]}},
{"type":"Feature","properties":{},"geometry":{"type":"LineString","coordinates":[[10.16118,13.241362],[10.157623,13.245053],[10.159666,13.252178],[10.145223,13.259768]]}},
{"type":"Feature","properties":{},"geometry":{"type":"LineString","coordinates":[[4.492844,13.338588],[4.479954,13.344087],[4.415301,13.34332],[4.398746,13.348164],[4.400811,13.386116],[4.397139,13.389752],[4.376828,13.389864],[4.351017,13.397234],[4.310391,13.397449],[4.306279,13.401096]]}},
{"type":"Feature","properties":{},"geometry":{"type":"LineString","coordinates":[[15.744908,13.010581],[15.71424,13.010343]]}},
{"type":"Feature","properties":{},"geometry":{"type":"LineString","coordinates":[[4.918368,13.318035],[4.922245,13.341502],[4.929728,13.354096],[4.963199,13.384564],[4.979812,13.384435],[4.992674,13.377105],[5.022207,13.37687],[5.042572,13.383935],[5.070012,13.354796],[5.112428,13.350831]]}},
{"type":"Feature","properties":{},"geometry":{"type":"LineString","coordinates":[[6.246264,13.29189],[6.222444,13.303028],[6.194792,13.303377],[6.178365,13.316224],[6.174796,13.325297],[6.175173,13.354186],[6.192054,13.375643],[6.179193,13.379416],[6.144529,13.408745],[6.118707,13.409065],[6.111423,13.416379],[6.109787,13.432652],[6.0734,13.47283],[6.042309,13.494881],[6.009253,13.507922],[5.964962,13.508451],[5.957536,13.504927],[5.941015,13.512345],[5.931898,13.521483],[5.928494,13.545003],[5.919419,13.557753],[5.891971,13.577941],[5.888366,13.585207],[5.888672,13.610491],[5.881462,13.625025],[5.848441,13.643468]]}},
{"type":"Feature","properties":{},"geometry":{"type":"LineString","coordinates":[[13.394579,13.730145],[13.390702,13.724965],[13.397662,13.717541],[13.395289,13.70517],[13.402249,13.697747],[13.398378,13.651586],[13.412295,13.636743],[13.410162,13.629707],[13.41712,13.622286],[13.415065,13.617028],[13.422023,13.609606],[13.431035,13.607443],[13.446529,13.58719],[13.457278,13.583172],[13.472926,13.566476],[13.470793,13.559441],[13.479408,13.548388],[13.477118,13.537798],[13.503114,13.508196],[13.499087,13.499461],[13.502407,13.492196],[13.499804,13.474495],[13.484253,13.451996],[13.48316,13.427105],[13.486558,13.421618],[13.475193,13.411408],[13.474056,13.343769],[13.424687,13.295945],[13.418703,13.283723],[13.401902,13.273728],[13.363911,13.236095],[13.334556,13.23017],[13.326991,13.223351],[13.317837,13.221943],[13.306413,13.209935],[13.295443,13.208599],[13.28659,13.214306],[13.248518,13.260409],[13.230353,13.261146],[13.211197,13.281531],[13.193329,13.289386],[13.179393,13.304211],[13.154101,13.308799],[13.139412,13.305826],[13.118525,13.285271],[13.113072,13.28549],[13.086515,13.259807],[13.081062,13.260026],[13.067822,13.248071],[13.064114,13.246436],[13.055322,13.253919],[13.048052,13.254208],[13.042378,13.249084],[13.038482,13.154719],[12.998506,13.111706],[12.987314,13.10501]]}},
{"type":"Feature","properties":{},"geometry":{"type":"LineString","coordinates":[[15.762037,13.032709],[15.769835,13.009335],[15.8011,12.986555],[15.825718,12.974715],[15.830652,12.965631]]}},
{"type":"Feature","properties":{},"geometry":{"type":"LineString","coordinates":[[15.898349,13.087695],[15.993169,13.040459],[16.008497,13.023777],[16.022497,13.015997],[16.066656,12.999608],[16.085378,12.979223],[16.098339,12.952071]]}},
{"type":"Feature","properties":{},"geometry":{"type":"LineString","coordinates":[[9.714577,13.271534],[9.728846,13.256779],[9.752479,13.248963]]}},
{"type":"Feature","properties":{},"geometry":{"type":"LineString","coordinates":[[14.649894,13.006159],[14.650565,13.020326],[14.640232,13.031445],[14.634099,13.054797],[14.618596,13.071478]]}},
{"type":"Feature","properties":{},"geometry":{"type":"LineString","coordinates":[[15.692289,12.974299],[15.710548,12.978697],[15.726643,12.976129],[15.75118,12.96253],[15.763127,12.94956]]}},
{"type":"Feature","properties":{},"geometry":{"type":"LineString","coordinates":[[14.365633,13.123744],[14.361521,13.11327],[14.32617,13.093529],[14.316306,13.076201],[14.293785,13.059432],[14.274378,13.070952],[14.231229,13.039091],[14.220214,13.036021],[14.204175,13.042056],[14.196858,13.040599],[14.181302,13.057276],[14.174146,13.059367],[14.146359,13.046361],[14.140368,13.034179],[14.124002,13.033114],[14.116443,13.026331],[14.107555,13.030273],[14.100157,13.027038]]}},
{"type":"Feature","properties":{},"geometry":{"type":"LineString","coordinates":[[12.413371,13.144699],[12.415053,13.141064],[12.401695,13.125479],[12.388476,13.11346],[12.373642,13.106859],[12.367909,13.099923],[12.369525,13.094504],[12.34869,13.073828],[12.345582,12.991754],[12.350771,12.984419],[12.398071,12.982698],[12.403257,12.975364],[12.414172,12.974965],[12.431885,12.961814],[12.444617,12.961348],[12.45162,12.953947],[12.451077,12.939678],[12.45808,12.932278],[12.46899,12.931878],[12.474242,12.926328],[12.506969,12.925127],[12.514515,12.931993],[12.527378,12.935091],[12.532627,12.92954],[12.532354,12.922407],[12.544601,12.909455],[12.549303,12.88964],[12.633382,12.804408],[12.634584,12.788297],[12.641508,12.779115],[12.641098,12.768418],[12.633289,12.754424],[12.652448,12.732297],[12.666635,12.722849]]}},
{"type":"Feature","properties":{},"geometry":{"type":"LineString","coordinates":[[14.925045,13.027763],[14.924615,13.018918],[14.904083,13.00569],[14.903227,12.987997],[14.882698,12.974764]]}},
{"type":"Feature","properties":{},"geometry":{"type":"LineString","coordinates":[[15.323029,12.946315],[15.317979,12.95364],[15.305371,12.954245],[15.28591,12.962262],[15.23819,13.019452],[15.205838,13.022773],[15.18491,13.037945]]}},
{"type":"Feature","properties":{},"geometry":{"type":"LineString","coordinates":[[7.604872,13.188295],[7.625514,13.209558],[7.625855,13.227583],[7.616826,13.236762],[7.619279,13.269172],[7.612055,13.276515],[7.614271,13.296309],[7.594299,13.311095],[7.589084,13.327417],[7.592669,13.419311],[7.567437,13.44862],[7.568088,13.482868],[7.570033,13.488242],[7.579242,13.488073],[7.599918,13.509332],[7.612846,13.510897],[7.624107,13.521506],[7.638878,13.523036],[7.672561,13.549452],[7.689529,13.568965],[7.695447,13.588684],[7.708593,13.601056],[7.708879,13.615473],[7.72582,13.633179],[7.737308,13.654593],[7.757976,13.674026]]}},
{"type":"Feature","properties":{},"geometry":{"type":"LineString","coordinates":[[5.834238,13.220953],[5.831807,13.32936],[5.820783,13.333096],[5.809591,13.322382],[5.776393,13.322747],[5.724871,13.334145],[5.713884,13.341488],[5.686655,13.381522],[5.692351,13.395913],[5.705307,13.399388],[5.727651,13.417212],[5.742453,13.420665],[5.735359,13.446032],[5.72441,13.456989],[5.672815,13.464769],[5.562074,13.465923],[5.549096,13.460635],[5.537907,13.449908],[5.532237,13.437319],[5.508038,13.417686],[5.500506,13.403307]]}},
{"type":"Feature","properties":{},"geometry":{"type":"LineString","coordinates":[[14.53591,12.968713],[14.560389,12.988915],[14.555967,13.010417],[14.567556,13.02587],[14.566501,13.041894]]}},
{"type":"Feature","properties":{},"geometry":{"type":"LineString","coordinates":[[15.722732,12.90029],[15.744145,12.931055],[15.763127,12.94956],[15.798018,12.961961],[15.828854,12.96572],[15.857614,12.964277],[15.959115,12.941491],[16.009411,12.938943],[16.094747,12.952255],[16.182902,12.951261],[16.23967,12.935977],[16.29415,12.911981],[16.338611,12.902616],[16.386266,12.886025],[16.397119,12.887223]]}},
{"type":"Feature","properties":{},"geometry":{"type":"LineString","coordinates":[[4.18456,13.227542],[4.13657,13.225952],[4.118033,13.207953],[4.066364,13.208174],[4.046096,13.21549],[3.996416,13.25185],[3.979826,13.257339],[3.946728,13.290009],[3.946826,13.315322],[3.957974,13.333362],[3.961789,13.364084],[3.941244,13.393789]]}},
{"type":"Feature","properties":{},"geometry":{"type":"LineString","coordinates":[[6.047749,13.193211],[6.009578,13.237008],[6.009933,13.265902],[6.000915,13.282263],[5.989919,13.28781],[5.966236,13.311567],[5.953547,13.329778],[5.959382,13.504905]]}},
{"type":"Feature","properties":{},"geometry":{"type":"LineString","coordinates":[[14.736315,13.015216],[14.745458,12.979314],[14.767658,12.951686],[14.772314,12.935507]]}},
{"type":"Feature","properties":{},"geometry":{"type":"LineString","coordinates":[[15.260997,12.914449],[15.226946,12.919613],[15.221803,12.925171],[15.178563,12.927223],[15.130756,12.909993],[15.101922,12.91135],[15.081329,12.933583],[15.070772,12.939396],[15.069834,12.957162],[15.061252,12.966427],[15.06529,12.975099],[15.061857,12.978805],[15.00965,12.983029],[15.002178,12.978062],[14.999342,12.956922],[14.984144,12.941679],[14.983544,12.929297],[14.975988,12.922559],[14.952546,12.923649],[14.9199,12.958852],[14.901775,12.95792],[14.895327,12.974178],[14.882698,12.974764],[14.841814,12.951825],[14.766816,12.933984],[14.763038,12.930609],[14.7682,12.925051],[14.767779,12.916201],[14.760225,12.90945],[14.766855,12.896729],[14.762576,12.882733],[14.724682,12.884456],[14.719519,12.890013],[14.720103,12.902406],[14.713303,12.911587],[14.644792,12.916467],[14.620244,12.894503],[14.619664,12.882105],[14.653387,12.875302],[14.658365,12.820026],[14.643185,12.804735],[14.642938,12.799422],[14.63539,12.792662],[14.622593,12.789684],[14.600937,12.790652],[14.594047,12.798059],[14.584941,12.79669],[14.580676,12.78268],[14.56952,12.776077],[14.549665,12.776958],[14.535633,12.786456],[14.522589,12.778157],[14.525874,12.770911],[14.538509,12.770352],[14.541957,12.766649],[14.54098,12.745389],[14.528021,12.738861],[14.512367,12.712921],[14.493672,12.69954],[14.49343,12.694225],[14.514521,12.68087],[14.51299,12.647207],[14.52694,12.635944],[14.532869,12.60728],[14.583601,12.53051],[14.606357,12.474499],[14.670516,12.375879],[14.669321,12.349317],[14.676128,12.34015],[14.675015,12.315358],[14.6801,12.308042],[14.675687,12.249683],[14.669576,12.233978],[14.691797,12.206409],[14.692338,12.178],[14.684588,12.165914],[14.682161,12.151825],[14.674649,12.14505],[14.669328,12.147052],[14.666356,12.120566],[14.653524,12.11579],[14.649301,12.101775],[14.699704,12.018022],[14.713938,12.013869],[14.720823,12.006481],[14.725364,11.986777],[14.745703,11.957533],[14.752043,11.937754],[14.76283,11.937297],[14.767991,11.931757],[14.774253,11.91021],[14.799513,11.870125],[14.823512,11.842509],[14.823204,11.83543],[14.835009,11.8172],[14.834238,11.799501]]}},
{"type":"Feature","properties":{},"geometry":{"type":"LineString","coordinates":[[13.71702,12.977518],[13.709466,12.970712],[13.696784,12.971241],[13.683412,12.955776],[13.684917,12.948594],[13.677212,12.938233],[13.68234,12.9309],[13.683387,12.913057],[13.677266,12.89729],[13.6285,12.817407],[13.609713,12.80215],[13.611148,12.793191],[13.597047,12.759937],[13.571173,12.748521],[13.549293,12.745844],[13.505161,12.731593],[13.499727,12.73181],[13.494886,12.746252],[13.487788,12.750099],[13.449969,12.756957],[13.416769,12.744032],[13.410894,12.733577]]}},
{"type":"Feature","properties":{},"geometry":{"type":"LineString","coordinates":[[8.611226,13.128586],[8.602086,13.130587],[8.585968,13.148944],[8.56944,13.149303],[8.53699,13.177018],[8.538949,13.182378],[8.529967,13.191576],[8.518987,13.193614]]}},
{"type":"Feature","properties":{},"geometry":{"type":"LineString","coordinates":[[9.538935,13.153877],[9.553504,13.149909],[9.566096,13.140598],[9.577142,13.142113],[9.584281,13.134739],[9.583897,13.120368],[9.59258,13.102169]]}},
{"type":"Feature","properties":{},"geometry":{"type":"LineString","coordinates":[[10.167606,13.084964],[10.14585,13.092752],[10.149927,13.107004],[10.14454,13.110745],[10.148253,13.112438],[10.146683,13.12146],[10.139517,13.127047],[10.139777,13.136018],[10.145426,13.141248],[10.133445,13.170314],[10.137682,13.189948],[10.134386,13.20261],[10.13852,13.218656],[10.135067,13.225935],[10.13533,13.234906],[10.141034,13.241929],[10.139623,13.256334],[10.158679,13.280936],[10.188251,13.289076],[10.212703,13.309926],[10.243788,13.307241],[10.253267,13.317741],[10.255744,13.339214],[10.245184,13.35388],[10.245722,13.371819],[10.306195,13.431104],[10.308355,13.441812],[10.329552,13.475298],[10.336482,13.521765],[10.355474,13.542744],[10.355752,13.551711],[10.372861,13.570948],[10.371584,13.588935],[10.382974,13.601159],[10.387256,13.620775],[10.39487,13.629521],[10.393148,13.633162],[10.414781,13.679178],[10.415176,13.69173],[10.43998,13.721491],[10.442325,13.737572],[10.448056,13.744576],[10.447533,13.785869],[10.451488,13.794722]]}},
{"type":"Feature","properties":{},"geometry":{"type":"LineString","coordinates":[[10.991849,13.118936],[10.966453,13.111622],[10.957318,13.111906],[10.950241,13.119296],[10.940816,13.110625],[10.935392,13.112587],[10.914832,13.098881],[10.909407,13.100841],[10.899984,13.092168],[10.890848,13.092449],[10.875658,13.074986],[10.857385,13.075546],[10.849848,13.068604],[10.840711,13.068884],[10.83363,13.076272],[10.822666,13.076607],[10.80942,13.062665],[10.791146,13.063219],[10.771495,13.078161],[10.764184,13.078382],[10.756648,13.071437],[10.694502,13.073306],[10.681315,13.061145],[10.670348,13.061473]]}},
{"type":"Feature","properties":{},"geometry":{"type":"LineString","coordinates":[[9.831178,13.307949],[9.83999,13.295134],[9.854604,13.292942],[9.8599,13.285611],[9.87273,13.285264],[9.90053,13.295287],[9.912798,13.275191],[9.905263,13.26821],[9.908775,13.262725],[9.934482,13.263821],[9.949039,13.25983],[9.954383,13.254293],[9.953922,13.238139],[9.959266,13.232604],[9.955191,13.218345],[9.973205,13.207074],[9.972642,13.18733],[9.983019,13.165492],[9.993752,13.156217],[10.002859,13.154171],[10.015218,13.137668],[10.033273,13.128191],[10.04034,13.119017],[10.043849,13.113532],[10.039879,13.102865],[10.05172,13.068417],[10.06616,13.060836],[10.075672,13.073146],[10.090522,13.07992]]}},
{"type":"Feature","properties":{},"geometry":{"type":"LineString","coordinates":[[11.236255,13.033215],[11.230303,13.019073],[11.22094,13.012206]]}},
{"type":"Feature","properties":{},"geometry":{"type":"LineString","coordinates":[[9.303168,13.118432],[9.305048,13.120184]]}},
{"type":"Feature","properties":{},"geometry":{"type":"LineString","coordinates":[[11.222705,13.010359],[11.204513,13.01273],[11.193325,13.005919],[11.187672,13.000724],[11.18349,12.984731],[11.170478,12.977976]]}},
{"type":"Feature","properties":{},"geometry":{"type":"LineString","coordinates":[[5.142876,13.096607],[5.120754,13.096789],[5.091638,13.142209],[5.084308,13.14769],[5.065868,13.14784],[5.051236,13.162415],[5.049512,13.176887]]}},
{"type":"Feature","properties":{},"geometry":{"type":"LineString","coordinates":[[4.55395,13.277987],[4.526256,13.276347],[4.507722,13.263803],[4.50212,13.25299],[4.479931,13.245888],[4.441019,13.218993],[4.440733,13.170184],[4.418325,13.123304],[4.407187,13.110711],[4.407094,13.09444]]}},
{"type":"Feature","properties":{},"geometry":{"type":"LineString","coordinates":[[15.544163,12.786982],[15.612401,12.781906],[15.639724,12.787651],[15.668127,12.77919],[15.704073,12.777434],[15.778826,12.794977],[15.82922,12.794255],[15.878967,12.781183],[15.907609,12.777992],[15.937678,12.767661],[16.014591,12.758517],[16.019792,12.754724],[16.07533,12.750168],[16.113284,12.753551],[16.12745,12.749305],[16.172944,12.75044]]}},
{"type":"Feature","properties":{},"geometry":{"type":"LineString","coordinates":[[9.188373,13.004303],[9.208325,13.068581],[9.23436,13.082341],[9.245726,13.096455],[9.258699,13.101534],[9.265989,13.099558],[9.294184,13.125846]]}},
{"type":"Feature","properties":{},"geometry":{"type":"LineString","coordinates":[[12.57084,12.976339],[12.569877,12.951377],[12.576736,12.940409],[12.557872,12.923251],[12.557325,12.908986],[12.547895,12.900406]]}},
{"type":"Feature","properties":{},"geometry":{"type":"LineString","coordinates":[[11.608266,12.922593],[11.597576,12.930108],[11.600511,12.96223],[11.591706,12.971473],[11.59659,13.00711],[11.591431,13.016232]]}},
{"type":"Feature","properties":{},"geometry":{"type":"LineString","coordinates":[[14.062018,12.822446],[14.050619,12.810485],[14.036074,12.809326],[14.032613,12.813029],[14.01091,12.813949],[13.981097,12.83655]]}},
{"type":"Feature","properties":{},"geometry":{"type":"LineString","coordinates":[[11.512438,12.895323],[11.542461,12.9194],[11.540101,12.957072],[11.570074,12.979352],[11.568868,12.997292],[11.591431,13.016232],[11.60293,13.031958],[11.602727,13.078504],[11.612159,13.087137],[11.610773,13.099713],[11.629829,13.12234]]}},
{"type":"Feature","properties":{},"geometry":{"type":"LineString","coordinates":[[15.072052,12.817057],[15.021768,12.822939],[15.016191,12.819653],[14.947698,12.822819],[14.936628,12.81801],[14.880485,12.815269],[14.871133,12.808603],[14.843834,12.804531],[14.835533,12.781854],[14.818469,12.764894]]}},
{"type":"Feature","properties":{},"geometry":{"type":"LineString","coordinates":[[13.936436,12.809978],[13.932585,12.804804],[13.93778,12.79925],[13.961451,12.801812]]}},
{"type":"Feature","properties":{},"geometry":{"type":"LineString","coordinates":[[5.59552,13.016567],[5.492345,13.01758],[5.462721,13.003407],[5.453509,13.003495],[5.446069,12.996338],[5.365,12.997089],[5.357732,13.007997],[5.344902,13.015341],[5.228775,13.012751],[5.223279,13.016413],[5.173521,13.016834],[5.138722,13.042425],[5.098172,13.042757],[5.064874,13.028566],[5.026168,13.028872],[5.00241,13.054359],[4.952893,13.087272],[4.941944,13.101813],[4.929094,13.109139],[4.910683,13.112891],[4.847988,13.113349],[4.833155,13.10261],[4.81656,13.102727],[4.801703,13.088371],[4.764774,13.081396],[4.742647,13.081547],[4.727997,13.096106],[4.731736,13.103312],[4.726241,13.108771]]}},
{"type":"Feature","properties":{},"geometry":{"type":"LineString","coordinates":[[12.143394,12.895332],[12.160088,12.853632],[12.148715,12.841519],[12.140722,12.822137]]}},
{"type":"Feature","properties":{},"geometry":{"type":"LineString","coordinates":[[8.183973,12.908764],[8.178391,12.905272]]}},
{"type":"Feature","properties":{},"geometry":{"type":"LineString","coordinates":[[5.414682,13.179129],[5.405375,13.170181],[5.302154,13.174743],[5.257667,13.149839],[5.19682,13.150367],[5.154552,13.16699],[5.101382,13.203576],[5.084828,13.209133],[5.064539,13.209297],[5.055166,13.1913],[5.044085,13.189581],[5.049512,13.176887],[5.003582,13.198938],[4.926168,13.206762],[4.898415,13.196125],[4.890981,13.18895],[4.842968,13.18207],[4.805985,13.169681],[4.770706,13.13739],[4.720696,13.107],[4.698592,13.110763],[4.680077,13.100038],[4.610001,13.100485],[4.593473,13.111434],[4.558433,13.111649],[4.538078,13.100924],[4.469862,13.104938],[4.445823,13.094227],[4.401551,13.092663],[4.395988,13.08727],[4.395703,13.036651],[4.386434,13.027661],[4.358648,13.004306],[4.327229,12.990005],[4.319798,12.979195],[4.271028,12.978494],[4.260815,12.981296],[4.24613,12.994022],[4.23138,12.994093],[4.231452,13.008556],[4.225938,13.012198],[4.117168,13.016305],[4.089628,13.043544],[4.049141,13.0636],[4.017833,13.074574],[3.982789,13.074709],[3.982818,13.081942],[3.957086,13.105544],[3.95717,13.127241],[3.962739,13.136261],[3.963001,13.203159],[3.981635,13.248291],[3.981672,13.257332]]}},
{"type":"Feature","properties":{},"geometry":{"type":"LineString","coordinates":[[14.118699,12.752477],[14.108403,12.765359],[14.093706,12.760652],[14.084824,12.764585],[14.069179,12.779472],[14.067683,12.786647],[14.049993,12.796288],[14.050619,12.810485]]}},
{"type":"Feature","properties":{},"geometry":{"type":"LineString","coordinates":[[13.462408,12.846323],[13.465809,12.840842],[13.463477,12.828468],[13.471942,12.813879],[13.45899,12.799343],[13.456513,12.783412],[13.466791,12.768751],[13.468085,12.756232]]}},
{"type":"Feature","properties":{},"geometry":{"type":"LineString","coordinates":[[13.884632,12.701862],[13.870544,12.711341],[13.852099,12.745907],[13.814181,12.749259],[13.785839,12.764665],[13.774828,12.761561],[13.750023,12.775041],[13.739011,12.771935],[13.7053,12.78934],[13.687197,12.790083],[13.661245,12.776905],[13.633936,12.774459],[13.606175,12.761346],[13.599008,12.763418]]}},
{"type":"Feature","properties":{},"geometry":{"type":"LineString","coordinates":[[13.530986,12.859421],[13.522018,12.818827],[13.507758,12.793819],[13.485203,12.775137],[13.475256,12.754163]]}},
{"type":"Feature","properties":{},"geometry":{"type":"LineString","coordinates":[[8.091325,12.959241],[8.094925,12.955566]]}},
{"type":"Feature","properties":{},"geometry":{"type":"LineString","coordinates":[[8.19866,12.908471],[8.200421,12.904833]]}},
{"type":"Feature","properties":{},"geometry":{"type":"LineString","coordinates":[[14.261302,12.863634],[14.262949,12.86001],[14.251544,12.848067],[14.250905,12.83388],[14.262836,12.817371],[14.262436,12.808504],[14.241524,12.78631],[14.242219,12.761403],[14.232789,12.752924],[14.232154,12.738736],[14.254453,12.711124],[14.249892,12.689998],[14.256722,12.680821],[14.254364,12.668484],[14.261194,12.659308],[14.260721,12.648668],[14.248942,12.62785],[14.221853,12.629006],[14.206701,12.613657]]}},
{"type":"Feature","properties":{},"geometry":{"type":"LineString","coordinates":[[13.268304,12.39171],[13.260663,12.427643],[13.276064,12.450218],[13.282488,12.474918],[13.291826,12.481685],[13.292324,12.494139],[13.305069,12.495429],[13.316361,12.505683],[13.349667,12.522207],[13.358575,12.518297],[13.36415,12.521643],[13.374426,12.551528],[13.385506,12.556439],[13.399482,12.587956],[13.394846,12.607733],[13.396948,12.614776],[13.387099,12.640104],[13.371088,12.64786],[13.361524,12.635766],[13.352612,12.639679],[13.353627,12.664582],[13.366598,12.671198],[13.366962,12.680092],[13.351166,12.693186],[13.33769,12.71866],[13.336315,12.729405],[13.330951,12.731398],[13.323484,12.726348],[13.317394,12.710551],[13.309856,12.70372],[13.278688,12.696032],[13.263541,12.680586],[13.238026,12.678015],[13.202423,12.695441],[13.19293,12.685115],[13.174447,12.676918],[13.163785,12.682678],[13.142958,12.706658],[13.12664,12.707288],[13.102322,12.734969],[13.095069,12.735248],[13.089913,12.742579],[13.05908,12.743766],[13.043536,12.763978],[12.989183,12.767844],[12.973417,12.782715],[12.937054,12.782317],[12.93175,12.786086]]}},
{"type":"Feature","properties":{},"geometry":{"type":"LineString","coordinates":[[14.067398,12.697766],[14.053016,12.700151],[14.041782,12.691735],[14.029052,12.690492],[14.017741,12.680299],[14.005165,12.682604],[13.993933,12.674184],[13.983394,12.681738],[13.983626,12.687064]]}},
{"type":"Feature","properties":{},"geometry":{"type":"LineString","coordinates":[[9.335429,12.799325],[9.354421,12.825841],[9.372451,12.886543],[9.367777,12.919026],[9.355181,12.928326],[9.36118,12.94796],[9.354216,12.962517],[9.377034,12.994326],[9.374105,13.02317],[9.39111,13.042529],[9.399418,13.080085],[9.418169,13.0958],[9.467757,13.098153],[9.475231,13.103358],[9.479606,13.130217],[9.498176,13.138736],[9.511483,13.156376],[9.516983,13.156236],[9.524078,13.147066],[9.538935,13.153877]]}},
{"type":"Feature","properties":{},"geometry":{"type":"LineString","coordinates":[[4.241885,12.881353],[4.243802,12.896402],[4.262331,12.916202],[4.26442,12.965007],[4.258908,12.968649],[4.271028,12.978494]]}},
{"type":"Feature","properties":{},"geometry":{"type":"LineString","coordinates":[[12.609857,12.616029],[12.602932,12.625207],[12.6032,12.632339],[12.585784,12.652612],[12.516778,12.655109],[12.506148,12.662636],[12.484352,12.663421],[12.473188,12.656678],[12.457105,12.664399],[12.43349,12.665245],[12.427776,12.658305],[12.40961,12.658954],[12.402606,12.666348],[12.353549,12.668094],[12.308068,12.717945],[12.288336,12.725791],[12.272432,12.738862],[12.245161,12.739824],[12.181976,12.804602],[12.165605,12.805177],[12.160343,12.810723],[12.153067,12.810979],[12.135394,12.825898],[12.128117,12.826154],[12.103422,12.84847],[12.090684,12.848914],[12.08542,12.854462],[12.067221,12.855097],[12.058379,12.862556],[11.998314,12.864641],[11.979059,12.886766],[11.966315,12.887207],[11.938143,12.915006]]}},
{"type":"Feature","properties":{},"geometry":{"type":"LineString","coordinates":[[12.929626,12.404443],[12.922445,12.406492],[12.907403,12.392776],[12.894651,12.391462],[12.890552,12.379126],[12.88122,12.372333],[12.872429,12.379791],[12.857864,12.378542],[12.845581,12.389696],[12.847596,12.394975],[12.840616,12.402366],[12.842105,12.441563],[12.83526,12.452519],[12.837277,12.457798],[12.799284,12.509154],[12.801301,12.514434],[12.774909,12.536817],[12.778741,12.542029],[12.763026,12.558668],[12.769148,12.576288],[12.765053,12.587147],[12.742419,12.612965],[12.740944,12.621943],[12.728717,12.634887],[12.727243,12.643864],[12.718577,12.654893],[12.693165,12.655827],[12.686176,12.663224],[12.655315,12.664357],[12.648324,12.671754],[12.630168,12.672417],[12.61968,12.683513],[12.592509,12.68629],[12.587331,12.693621],[12.567354,12.694347],[12.561637,12.687413],[12.548924,12.687875],[12.535741,12.675853],[12.523028,12.676312],[12.506148,12.662636]]}},
{"type":"Feature","properties":{},"geometry":{"type":"LineString","coordinates":[[15.006526,12.655259],[14.970502,12.656905],[14.948466,12.649046],[14.945831,12.631438],[14.938293,12.624689],[14.914459,12.616905],[14.90487,12.604928],[14.910834,12.578063],[14.939465,12.534223],[14.949029,12.5072],[14.967677,12.481543],[14.972171,12.461843],[14.97904,12.454443],[15.006038,12.453227],[15.019113,12.424281],[15.036117,12.402249],[15.031685,12.306752],[15.016481,12.289709],[15.007733,12.295416],[14.991626,12.297905],[14.968904,12.2741],[14.97545,12.25963],[14.973994,12.227791],[14.965188,12.19273],[14.976728,12.16918],[14.976246,12.158566],[14.964575,12.139583],[14.965573,12.121815],[14.939207,12.096379],[14.929502,12.080849],[14.930743,12.068386],[14.939095,12.053842],[14.936822,12.043305],[14.92009,12.031623],[14.912901,12.031934],[14.892103,12.009787],[14.888183,11.962089],[14.896384,11.944009],[14.906852,11.936468],[14.915837,11.936082],[14.92271,11.928696],[14.916145,11.902388],[14.892789,11.903389],[14.868962,11.893769],[14.858181,11.894229],[14.849586,11.903461],[14.842397,11.903768],[14.827088,11.883141],[14.812247,11.873132],[14.80991,11.860818]]}},
{"type":"Feature","properties":{},"geometry":{"type":"LineString","coordinates":[[10.015251,12.74791],[10.010262,12.766004],[10.021931,12.790837],[10.000235,12.800398],[9.989759,12.81864],[9.976906,12.817186],[9.969739,12.822765]]}},
{"type":"Feature","properties":{},"geometry":{"type":"LineString","coordinates":[[11.893741,12.574901],[11.857364,12.576116],[11.850334,12.583505],[11.83384,12.580477],[11.825113,12.5915],[11.80874,12.592044],[11.805224,12.595738],[11.777809,12.593068],[11.765501,12.606],[11.758223,12.60624],[11.731965,12.637525],[11.723477,12.655699],[11.686838,12.703434],[11.675791,12.700219],[11.668814,12.709397],[11.659648,12.707909],[11.654369,12.713451],[11.631848,12.694504],[11.619344,12.702072],[11.564709,12.703854],[11.534666,12.677977],[11.518275,12.678507],[11.511228,12.685895],[11.498418,12.684518],[11.477037,12.69953],[11.456521,12.685864],[11.445888,12.695158],[11.436719,12.693662],[11.431432,12.699202],[11.410798,12.681954],[11.403571,12.683975],[11.384643,12.663088],[11.368305,12.665397],[11.358784,12.653161]]}},
{"type":"Feature","properties":{},"geometry":{"type":"LineString","coordinates":[[15.83165,12.54229],[15.928628,12.539325],[15.990148,12.511577],[16.027442,12.502678],[16.072351,12.502229],[16.161169,12.517243],[16.175232,12.511247],[16.219933,12.507251],[16.237482,12.499313],[16.245983,12.490065]]}},
{"type":"Feature","properties":{},"geometry":{"type":"LineString","coordinates":[[7.511915,12.881264],[7.49512,12.867126],[7.482225,12.865543],[7.481841,12.84391],[7.47807,12.838564],[7.446613,12.826475],[7.426435,12.82862],[7.386513,12.858148],[7.371843,12.860196],[7.356986,12.851426],[7.336678,12.846352],[7.319922,12.834002],[7.3326,12.822971],[7.332446,12.813955],[7.3303,12.795954],[7.315294,12.778163],[7.300535,12.774796],[7.24909,12.775631],[7.229179,12.793991],[7.230175,12.853504],[7.226649,12.86258],[7.217519,12.866336],[7.204472,12.855721],[7.171386,12.856251],[7.162076,12.849182],[7.152885,12.849328],[7.133079,12.874899],[7.130114,12.918244],[7.108374,12.938434],[7.088204,12.94236]]}},
{"type":"Feature","properties":{},"geometry":{"type":"LineString","coordinates":[[9.243885,12.802802],[9.225214,12.788856],[9.221109,12.770966],[9.202397,12.755219],[9.194764,12.742806],[9.194457,12.730223],[9.181114,12.708949],[9.182509,12.690928],[9.169343,12.676845],[9.181639,12.654971],[9.168346,12.635493],[9.14586,12.614427],[9.154625,12.598034],[9.141424,12.582148],[9.123119,12.582569],[9.115926,12.588131],[9.090297,12.588717],[9.079184,12.583573],[9.057555,12.598459],[9.046358,12.589718],[9.015233,12.590422],[9.008077,12.59778],[8.980653,12.600197],[8.96567,12.586137],[8.945569,12.588386],[8.927174,12.585196]]}},
{"type":"Feature","properties":{},"geometry":{"type":"LineString","coordinates":[[5.204401,12.911758],[5.195159,12.908222],[5.093841,12.909054],[5.051395,12.900353],[5.018134,12.88796],[4.927866,12.888641],[4.892808,12.881667],[4.868724,12.863765],[4.855803,12.860242],[4.763643,12.853647],[4.752527,12.844684],[4.748731,12.828441],[4.724649,12.808716],[4.711622,12.788917]]}},
{"type":"Feature","properties":{},"geometry":{"type":"LineString","coordinates":[[13.832527,12.542122],[13.855502,12.571426],[13.88081,12.570386]]}},
{"type":"Feature","properties":{},"geometry":{"type":"LineString","coordinates":[[11.511288,12.687684],[11.511228,12.685895]]}},
{"type":"Feature","properties":{},"geometry":{"type":"LineString","coordinates":[[11.182759,13.128092],[11.160071,13.105523],[11.149114,13.105872],[11.141573,13.098945],[11.143043,13.088147],[11.135443,13.079429],[11.137151,13.07579],[11.12001,13.05483],[11.119774,13.047669],[11.126843,13.040278],[11.139447,13.034504],[11.160705,13.014121],[11.170597,12.981556],[11.167371,12.883111],[11.159257,12.85828],[11.1422,12.839104],[11.141273,12.810463],[11.131632,12.794636],[11.130941,12.773154],[11.115717,12.753915],[11.100783,12.743624],[11.084312,12.742339],[11.057753,12.710895],[11.046868,12.71302],[11.028177,12.699252],[10.975283,12.700857],[10.947139,12.67661],[10.939843,12.676829],[10.92862,12.668203],[10.926629,12.662885]]}},
{"type":"Feature","properties":{},"geometry":{"type":"LineString","coordinates":[[13.194303,12.583462],[13.177249,12.610856],[13.183182,12.622136],[13.184843,12.63856],[13.1786,12.644672],[13.188019,12.653221],[13.188376,12.662119],[13.178072,12.676778]]}},
{"type":"Feature","properties":{},"geometry":{"type":"LineString","coordinates":[[11.51894,12.028638],[11.519565,12.048311],[11.525243,12.055297],[11.52587,12.074968],[11.531549,12.081954],[11.530132,12.094528],[11.537629,12.101457],[11.536155,12.112243],[11.543711,12.120959],[11.544055,12.131689],[11.528731,12.164387],[11.530778,12.171484],[11.520331,12.18613],[11.520964,12.205803],[11.541539,12.223061],[11.541945,12.235579],[11.517356,12.263201],[11.512364,12.277679],[11.514356,12.282988],[11.507313,12.290369],[11.51511,12.306236],[11.526371,12.316624],[11.527887,12.363121],[11.521019,12.375869],[11.506757,12.38527],[11.491083,12.407248],[11.493311,12.41971],[11.488027,12.425248],[11.488729,12.446711],[11.479981,12.457729],[11.475458,12.486519],[11.461658,12.510231],[11.461892,12.517385],[11.442453,12.535907],[11.440985,12.546697],[11.430529,12.561353],[11.427004,12.565045],[11.419662,12.563487],[11.412612,12.570873],[11.403976,12.585472],[11.40421,12.592627],[11.395397,12.60186],[11.393927,12.612651],[11.386877,12.620037],[11.383703,12.634464],[11.372948,12.640178],[11.366013,12.651142],[11.346031,12.653564],[11.33545,12.664644],[11.322694,12.665047],[11.31335,12.658176],[11.297592,12.678374],[11.29036,12.680392],[11.256279,12.642051],[11.241701,12.642506],[11.232761,12.648158],[11.227121,12.642959],[11.177911,12.644484],[11.162137,12.664679],[11.164533,12.682523],[11.15747,12.689909],[11.160099,12.714912],[11.13384,12.74977],[11.115717,12.753915]]}},
{"type":"Feature","properties":{},"geometry":{"type":"LineString","coordinates":[[11.037537,12.648784],[11.030525,12.657958]]}},
{"type":"Feature","properties":{},"geometry":{"type":"LineString","coordinates":[[7.428441,12.733001],[7.426887,12.749259],[7.419696,12.758397],[7.381308,12.769858],[7.350139,12.773982],[7.328401,12.792377]]}},
{"type":"Feature","properties":{},"geometry":{"type":"LineString","coordinates":[[9.259321,12.685525],[9.246725,12.694816],[9.23574,12.695075],[9.228592,12.702438],[9.199295,12.703127],[9.193626,12.696064],[9.18264,12.696321]]}},
{"type":"Feature","properties":{},"geometry":{"type":"LineString","coordinates":[[14.229344,12.511411],[14.224627,12.527603],[14.209078,12.544253]]}},
{"type":"Feature","properties":{},"geometry":{"type":"LineString","coordinates":[[8.911491,13.012063],[8.902192,13.006877],[8.878387,13.009218],[8.863373,12.995161],[8.857869,12.995286],[8.827803,12.965365],[8.825843,12.96001],[8.859807,12.92145],[8.861473,12.914212],[8.833421,12.891444],[8.80779,12.893816],[8.800329,12.888582],[8.792663,12.874352],[8.77387,12.854967],[8.773252,12.82798],[8.765713,12.819146],[8.765549,12.811949],[8.752429,12.799636],[8.730225,12.791121],[8.720571,12.769729],[8.741796,12.735064],[8.741551,12.724268]]}},
{"type":"Feature","properties":{},"geometry":{"type":"LineString","coordinates":[[14.079016,12.507057],[14.060649,12.50071],[14.046658,12.511959]]}},
{"type":"Feature","properties":{},"geometry":{"type":"LineString","coordinates":[[15.278807,12.502767],[15.219544,12.507276],[15.192764,12.474855],[15.156371,12.467666],[15.151645,12.482054],[15.125831,12.508037],[15.102774,12.516177],[15.098589,12.503965],[15.08181,12.492327],[15.077713,12.481881],[15.047121,12.483271],[15.032142,12.471543],[15.017497,12.466888],[15.006038,12.453227]]}},
{"type":"Feature","properties":{},"geometry":{"type":"LineString","coordinates":[[9.033786,12.678168],[9.024501,12.672981],[9.022415,12.662232],[9.014962,12.657004],[9.002142,12.657294],[8.986037,12.673853],[8.938412,12.674925],[8.929045,12.666137],[8.910768,12.668344],[8.903233,12.659513],[8.892448,12.668752],[8.881415,12.667197],[8.876044,12.672715],[8.86676,12.667521]]}},
{"type":"Feature","properties":{},"geometry":{"type":"LineString","coordinates":[[14.008136,12.542007],[14.020783,12.541481],[14.025973,12.535932],[14.021139,12.507684],[14.031672,12.500136]]}},
{"type":"Feature","properties":{},"geometry":{"type":"LineString","coordinates":[[13.626964,12.477451],[13.628992,12.48271],[13.665752,12.495482],[13.671103,12.493487],[13.680589,12.503787],[13.686014,12.503568],[13.69255,12.530003],[13.70392,12.542003]]}},
{"type":"Feature","properties":{},"geometry":{"type":"LineString","coordinates":[[15.854518,12.424547],[15.858282,12.4279],[15.876217,12.427033],[15.915405,12.419835],[15.952348,12.403909],[15.979149,12.40084],[16.017959,12.386586],[16.034534,12.394607],[16.136307,12.417858],[16.216749,12.445642],[16.22455,12.457607],[16.225641,12.478729],[16.245983,12.490065],[16.26201,12.487498],[16.294523,12.49116],[16.366053,12.485793],[16.440493,12.467917],[16.485321,12.467403],[16.497661,12.463249]]}},
{"type":"Feature","properties":{},"geometry":{"type":"LineString","coordinates":[[9.524953,12.616704],[9.525044,12.620297],[9.506886,12.626136],[9.503456,12.635209],[9.511872,12.678149],[9.527246,12.706534],[9.540426,12.720591],[9.541861,12.776283],[9.545709,12.783379]]}},
{"type":"Feature","properties":{},"geometry":{"type":"LineString","coordinates":[[14.876627,12.733875],[14.85835,12.729386],[14.836718,12.730368],[14.828871,12.755553],[14.820272,12.764812],[14.789285,12.759122],[14.765841,12.760182],[14.746334,12.768158],[14.74271,12.729293],[14.703109,12.693812],[14.695321,12.681739],[14.690569,12.657111],[14.670079,12.643828],[14.667462,12.626199],[14.672138,12.610022],[14.666323,12.601407],[14.676572,12.588534],[14.677806,12.576059],[14.704943,12.5376],[14.707333,12.510882],[14.720859,12.49077],[14.713516,12.448515],[14.702465,12.443678],[14.677839,12.418143],[14.671954,12.407754],[14.672956,12.389968],[14.667233,12.38312]]}},
{"type":"Feature","properties":{},"geometry":{"type":"LineString","coordinates":[[4.915217,12.677259],[4.902426,12.690004],[4.900679,12.702669]]}},
{"type":"Feature","properties":{},"geometry":{"type":"LineString","coordinates":[[13.465168,12.419733],[13.454744,12.430826],[13.455032,12.437939],[13.444823,12.454367],[13.432227,12.456641],[13.421226,12.453507],[13.414131,12.457347],[13.404795,12.450585],[13.400083,12.468582],[13.384295,12.481666],[13.36415,12.521643]]}},
{"type":"Feature","properties":{},"geometry":{"type":"LineString","coordinates":[[15.804205,12.425205],[15.80206,12.418238],[15.812034,12.401852],[15.83885,12.398795],[15.859493,12.380131],[15.88451,12.377159],[15.896621,12.367741],[15.94,12.372711],[15.98032,12.388418],[15.987846,12.395118]]}},
{"type":"Feature","properties":{},"geometry":{"type":"LineString","coordinates":[[13.211233,12.461612],[13.227742,12.466327],[13.236373,12.455304],[13.251212,12.463646],[13.278442,12.464382]]}},
{"type":"Feature","properties":{},"geometry":{"type":"LineString","coordinates":[[8.186933,12.604223],[8.190528,12.60055]]}},
{"type":"Feature","properties":{},"geometry":{"type":"LineString","coordinates":[[15.968441,12.330708],[15.998617,12.35927],[16.017959,12.386586]]}},
{"type":"Feature","properties":{},"geometry":{"type":"LineString","coordinates":[[12.18443,12.468499],[12.204475,12.469598],[12.21136,12.458638],[12.222321,12.460048],[12.233028,12.454318],[12.2517,12.46797],[12.260462,12.458732],[12.269798,12.465556],[12.336922,12.461437],[12.344443,12.468321],[12.366231,12.467559],[12.379199,12.474251],[12.394438,12.493365],[12.408189,12.521461],[12.426804,12.533307],[12.428947,12.542162],[12.449709,12.562857],[12.44809,12.568273],[12.455682,12.576934],[12.457134,12.616175],[12.470377,12.629989],[12.471371,12.656743]]}},
{"type":"Feature","properties":{},"geometry":{"type":"LineString","coordinates":[[3.384582,12.627823],[3.366173,12.631465],[3.336749,12.660438],[3.336772,12.678522],[3.33083,12.684346]]}},
{"type":"Feature","properties":{},"geometry":{"type":"LineString","coordinates":[[13.756043,12.358392],[13.749182,12.367564],[13.741954,12.367853],[13.736752,12.373399],[13.737414,12.389389],[13.743056,12.394501],[13.750286,12.394211],[13.761719,12.407988],[13.792516,12.40853],[13.815612,12.441402],[13.828263,12.44089],[13.845348,12.459766]]}},
{"type":"Feature","properties":{},"geometry":{"type":"LineString","coordinates":[[8.976155,12.564308],[8.972326,12.557197],[8.965003,12.55736],[8.959386,12.552087]]}},
{"type":"Feature","properties":{},"geometry":{"type":"LineString","coordinates":[[8.312915,12.664789],[8.316507,12.661115]]}},
{"type":"Feature","properties":{},"geometry":{"type":"LineString","coordinates":[[9.750618,12.638026],[9.764868,12.623287],[9.773394,12.59971],[9.800341,12.581055],[9.807701,12.582664],[9.811262,12.578979],[9.819641,12.550016],[9.852015,12.529425],[9.853557,12.518605],[9.84976,12.513313]]}},
{"type":"Feature","properties":{},"geometry":{"type":"LineString","coordinates":[[10.114159,12.488463],[10.099648,12.49244],[10.08277,12.476724],[10.071959,12.482396],[10.024327,12.478259],[9.990107,12.497114],[9.984579,12.495461]]}},
{"type":"Feature","properties":{},"geometry":{"type":"LineString","coordinates":[[14.495339,12.415405],[14.492827,12.399535],[14.497763,12.38867],[14.486476,12.378502],[14.485848,12.364327],[14.504263,12.331583],[14.513037,12.325882],[14.512646,12.317024],[14.503245,12.308548],[14.492276,12.305466],[14.486168,12.289748]]}},
{"type":"Feature","properties":{},"geometry":{"type":"LineString","coordinates":[[16.404211,12.234328],[16.430853,12.229477],[16.534535,12.224296],[16.586909,12.232237],[16.631628,12.265217]]}},
{"type":"Feature","properties":{},"geometry":{"type":"LineString","coordinates":[[11.810033,12.416681],[11.807003,12.43467],[11.812761,12.443426],[11.817859,12.486193],[11.827257,12.494827],[11.829503,12.507275],[11.84485,12.530023],[11.845096,12.537169],[11.839823,12.542711],[11.839296,12.580295]]}},
{"type":"Feature","properties":{},"geometry":{"type":"LineString","coordinates":[[12.42361,12.395884],[12.411423,12.410601],[12.413691,12.423025],[12.41032,12.430288],[12.395799,12.430796],[12.387047,12.440035],[12.38925,12.450676],[12.382247,12.458067],[12.384322,12.465139],[12.379199,12.474251]]}},
{"type":"Feature","properties":{},"geometry":{"type":"LineString","coordinates":[[8.107883,12.503042],[8.109645,12.499405]]}},
{"type":"Feature","properties":{},"geometry":{"type":"LineString","coordinates":[[7.539303,12.561615],[7.52997,12.552756],[7.493267,12.553375],[7.465613,12.546624],[7.445456,12.548762],[7.421474,12.541945],[7.360876,12.541135],[7.336924,12.536112],[7.28926,12.540486],[7.278157,12.535253],[7.210325,12.541738],[7.19558,12.538361],[7.165886,12.518979],[7.103325,12.510921],[7.09231,12.511089],[7.075929,12.520359],[7.052569,12.55319],[7.032398,12.555299],[7.017876,12.566343],[6.98354,12.602945],[6.974719,12.626534],[6.951116,12.644931],[6.938643,12.670379],[6.922883,12.72114],[6.922018,12.784312],[6.931545,12.805824],[6.976004,12.826809],[7.024693,12.882002],[7.041502,12.897981],[7.058196,12.906744],[7.088175,12.940556],[7.090161,12.949546],[7.08307,12.965895],[7.083483,12.991147],[7.074522,13.005722],[7.073273,13.041826],[7.112714,13.089913],[7.114914,13.111528],[7.102302,13.127967],[7.094971,13.129889],[6.991933,13.133314],[6.94212,13.126865],[6.918305,13.134448],[6.890977,13.152909],[6.876277,13.154937],[6.843674,13.189715],[6.834777,13.209701],[6.813128,13.2389]]}},
{"type":"Feature","properties":{},"geometry":{"type":"LineString","coordinates":[[13.431974,12.269631],[13.427186,12.285845],[13.391721,12.305023],[13.383384,12.323157],[13.382922,12.357021],[13.376253,12.371529],[13.387321,12.376446],[13.387534,12.381782],[13.370365,12.405604],[13.374197,12.410801],[13.376052,12.457046],[13.371481,12.478601],[13.377557,12.494398]]}},
{"type":"Feature","properties":{},"geometry":{"type":"LineString","coordinates":[[4.358577,12.521588],[4.340296,12.545183],[4.310952,12.565216],[4.303727,12.592371],[4.298232,12.597822],[4.274311,12.599745],[4.230288,12.632496],[4.210079,12.641628],[4.205672,12.655589],[4.179824,12.663832]]}},
{"type":"Feature","properties":{},"geometry":{"type":"LineString","coordinates":[[7.907659,12.486949],[7.905927,12.492388],[7.917134,12.502997],[7.922567,12.499292],[7.944983,12.520509],[7.959722,12.523841],[8.006841,12.494132],[8.030675,12.493687],[8.03607,12.488179],[8.045237,12.488008],[8.054157,12.475226],[8.07055,12.469512],[8.096671,12.492444],[8.116978,12.499266],[8.137464,12.515091],[8.141236,12.520424],[8.141989,12.558248],[8.149503,12.567111],[8.155399,12.586817],[8.164748,12.595645],[8.186751,12.595218],[8.194231,12.60228],[8.207067,12.602029],[8.212713,12.609125],[8.223679,12.607109],[8.23303,12.615933],[8.254959,12.611898],[8.290575,12.649023],[8.301577,12.648804],[8.316507,12.661115],[8.323842,12.660968],[8.356282,12.633296],[8.367283,12.633075],[8.392647,12.618153],[8.405024,12.596289],[8.43191,12.566926],[8.437408,12.566814],[8.44997,12.553951],[8.47196,12.553502],[8.483147,12.562278],[8.495935,12.560214],[8.542907,12.613266],[8.545089,12.629427],[8.556476,12.647196],[8.557493,12.693993],[8.552189,12.703107],[8.55266,12.724706],[8.558278,12.72999],[8.540217,12.742974],[8.547828,12.755419],[8.540689,12.764573],[8.542759,12.775333],[8.528402,12.790042],[8.528717,12.804441],[8.523411,12.813557],[8.530984,12.824202],[8.542028,12.825769],[8.590834,12.87515]]}},
{"type":"Feature","properties":{},"geometry":{"type":"LineString","coordinates":[[5.862979,12.505324],[5.831867,12.518298],[5.788114,12.553079],[5.738659,12.571653],[5.724177,12.59348],[5.724406,12.615156],[5.743145,12.647482],[5.74328,12.660126],[5.73441,12.690928],[5.725365,12.705474],[5.724046,12.754264],[5.71711,12.79408],[5.726546,12.81566],[5.758172,12.846041]]}},
{"type":"Feature","properties":{},"geometry":{"type":"LineString","coordinates":[[4.092945,12.50291],[4.080093,12.510194],[4.080305,12.560821],[4.070853,12.590141]]}},
{"type":"Feature","properties":{},"geometry":{"type":"LineString","coordinates":[[14.337284,12.395509],[14.354466,12.375244],[14.357374,12.359136],[14.385778,12.306432],[14.388688,12.290326],[14.409158,12.262825]]}},
{"type":"Feature","properties":{},"geometry":{"type":"LineString","coordinates":[[3.721319,12.545752],[3.717602,12.533104],[3.574033,12.533448],[3.550135,12.547965],[3.53725,12.547992],[3.520664,12.538982],[3.511422,12.519108],[3.485643,12.513731],[3.475921,12.504221]]}},
{"type":"Feature","properties":{},"geometry":{"type":"LineString","coordinates":[[13.118826,11.992709],[13.103154,12.009326],[13.105365,12.019941],[13.098467,12.029107],[13.08038,12.029767],[13.067451,12.023107],[13.062292,12.030427],[13.042394,12.031151],[13.018403,12.067685],[13.007481,12.066298],[12.9747,12.110288],[12.959954,12.103689],[12.949361,12.111207],[12.951438,12.118266],[12.944464,12.125653],[12.944731,12.132778],[12.927896,12.167277],[12.928164,12.174402],[12.941305,12.186409],[12.941573,12.193534],[12.929435,12.208245],[12.931648,12.218866],[12.893416,12.26307],[12.878924,12.263597],[12.875503,12.269073],[12.864566,12.267688],[12.854165,12.280554],[12.85866,12.303583],[12.844836,12.321927],[12.85242,12.330571],[12.849671,12.353864],[12.860948,12.364157],[12.861488,12.378409]]}},
{"type":"Feature","properties":{},"geometry":{"type":"LineString","coordinates":[[15.618689,12.308185],[15.607922,12.308691],[15.600402,12.301969],[15.597838,12.286171],[15.588269,12.274238],[15.587673,12.261884],[15.564866,12.236415],[15.545483,12.207244],[15.545146,12.200183],[15.552153,12.196321],[15.578033,12.211041],[15.618615,12.195005],[15.615804,12.173914],[15.624179,12.161147],[15.618206,12.149045],[15.619493,12.138374],[15.626582,12.136278],[15.627363,12.11502],[15.625316,12.10981],[15.614473,12.108543],[15.606964,12.101816],[15.587322,12.104491],[15.572137,12.087503],[15.561711,12.095057],[15.557539,12.082867],[15.531595,12.066368]]}},
{"type":"Feature","properties":{},"geometry":{"type":"LineString","coordinates":[[8.025548,12.418095],[8.029179,12.416225]]}},
{"type":"Feature","properties":{},"geometry":{"type":"LineString","coordinates":[[14.903393,12.300044],[14.905941,12.276884],[14.917728,12.258637],[14.918882,12.244403],[14.949244,12.19875],[14.956197,12.193126],[14.965188,12.19273]]}},
{"type":"Feature","properties":{},"geometry":{"type":"LineString","coordinates":[[7.972085,12.402864],[8.014239,12.402086],[8.042252,12.428596],[8.040524,12.434034],[8.046162,12.441137],[8.070374,12.460505],[8.07055,12.469512]]}},
{"type":"Feature","properties":{},"geometry":{"type":"LineString","coordinates":[[14.140854,12.240239],[14.142506,12.236617],[14.149797,12.238094],[14.161895,12.225156],[14.171587,12.198101],[14.182557,12.201205],[14.20683,12.219752],[14.213892,12.215907],[14.223135,12.220855],[14.255591,12.219512],[14.266789,12.22793],[14.290455,12.232276],[14.29759,12.230203],[14.309218,12.206626],[14.336102,12.201954],[14.353471,12.22787],[14.384264,12.230132],[14.394122,12.249253],[14.409158,12.262825],[14.421774,12.262293],[14.431869,12.286726],[14.458269,12.31224],[14.471907,12.293906],[14.486168,12.289748],[14.494788,12.280505],[14.507791,12.288827],[14.521814,12.279353],[14.524793,12.265025],[14.508978,12.233746],[14.5212,12.224351],[14.53412,12.230902],[14.548452,12.228518],[14.565683,12.210035],[14.566938,12.197558],[14.583932,12.173763],[14.590201,12.152199],[14.667634,12.026479],[14.67984,12.017091],[14.694153,12.01471],[14.699704,12.018022]]}},
{"type":"Feature","properties":{},"geometry":{"type":"LineString","coordinates":[[15.256576,12.185054],[15.247677,12.187226],[15.238367,12.180562],[15.231182,12.180886],[15.225135,12.16699],[15.211906,12.153417],[15.204721,12.153739],[15.184308,12.140484],[15.179818,12.121202],[15.193617,12.108189],[15.196559,12.093889],[15.203824,12.095336],[15.212477,12.087866],[15.209624,12.064971],[15.221625,12.05204],[15.213793,12.038222],[15.229384,12.025133],[15.254608,11.986827],[15.25755,11.972531],[15.270856,11.948923],[15.294683,11.919539],[15.300487,11.889187],[15.307099,11.876503],[15.306616,11.865903],[15.3386,11.818466],[15.344809,11.796952],[15.340101,11.772379],[15.354955,11.743407],[15.350412,11.722367],[15.334958,11.698265],[15.330499,11.678989],[15.298526,11.646748],[15.296024,11.630925],[15.282692,11.6138],[15.278322,11.596286],[15.283149,11.583685],[15.279637,11.54489],[15.291399,11.526683],[15.289918,11.493112],[15.300044,11.478518],[15.300903,11.45724],[15.310951,11.44088]]}},
{"type":"Feature","properties":{},"geometry":{"type":"LineString","coordinates":[[15.487218,12.192242],[15.494649,12.197208],[15.520556,12.174784],[15.520221,12.167723],[15.501523,12.152661],[15.488963,12.153238],[15.485207,12.149871],[15.482744,12.135831],[15.498139,12.119202],[15.509154,12.124005],[15.514286,12.118462],[15.513534,12.102575],[15.53072,12.085867],[15.531512,12.064602],[15.516332,12.047606],[15.515667,12.033484],[15.52543,12.011811],[15.523058,11.999536],[15.532656,11.974335],[15.533292,11.949542],[15.529295,11.940879],[15.507782,11.941852],[15.485282,11.921638],[15.470857,11.920519],[15.468491,11.90824],[15.488694,11.879025],[15.488449,11.873729],[15.422461,11.805903],[15.414968,11.799158],[15.409671,11.801162],[15.392812,11.785983],[15.38647,11.765026],[15.369456,11.746309],[15.354875,11.741641]]}},
{"type":"Feature","properties":{},"geometry":{"type":"LineString","coordinates":[[10.14236,12.31713],[10.123965,12.312226],[10.111239,12.314355],[10.100531,12.323613],[10.095639,12.345291],[10.088484,12.350865],[10.079308,12.34931],[10.063364,12.367684],[10.065432,12.37661],[10.053138,12.39489],[10.036996,12.406087],[10.013161,12.403115],[10.011529,12.410342],[10.017442,12.426352],[10.014031,12.435422],[10.003316,12.444681],[9.99347,12.486249],[9.984579,12.495461],[9.957515,12.508739]]}},
{"type":"Feature","properties":{},"geometry":{"type":"LineString","coordinates":[[14.428309,12.121743],[14.441301,12.130078],[14.457281,12.124082],[14.482802,12.130113],[14.492192,12.138594],[14.498519,12.15963],[14.50611,12.168186],[14.515038,12.166034],[14.523655,12.156794],[14.536416,12.159805],[14.543464,12.155957],[14.553494,12.137782],[14.578312,12.127858],[14.591706,12.10422],[14.611428,12.101609],[14.618783,12.104846]]}},
{"type":"Feature","properties":{},"geometry":{"type":"LineString","coordinates":[[3.951884,12.463664],[3.891163,12.463871],[3.798961,12.399062],[3.75481,12.399188],[3.712478,12.392069],[3.70328,12.392094],[3.697776,12.397532],[3.677539,12.397584],[3.638889,12.390444],[3.6021,12.392336],[3.59107,12.395977],[3.581892,12.405039],[3.559896,12.443061],[3.503499,12.439878]]}},
{"type":"Feature","properties":{},"geometry":{"type":"LineString","coordinates":[[9.682026,12.319856],[9.696639,12.319496],[9.707095,12.29947],[9.716044,12.292061],[9.725084,12.288243],[9.741567,12.289634],[9.763112,12.274724],[9.770416,12.274543],[9.785163,12.279567],[9.798269,12.291818],[9.831323,12.298178],[9.867188,12.342191],[9.891116,12.348769],[9.909139,12.339329],[9.918032,12.33012],[9.917891,12.324735],[9.937879,12.320632]]}},
{"type":"Feature","properties":{},"geometry":{"type":"LineString","coordinates":[[13.846525,12.139515],[13.854327,12.153435],[13.852741,12.158835],[13.860253,12.165651],[13.861057,12.185186],[13.87218,12.191857]]}},
{"type":"Feature","properties":{},"geometry":{"type":"LineString","coordinates":[[10.016578,12.257545],[10.011007,12.254096],[9.99463,12.256312],[9.979697,12.244121],[9.974222,12.244261],[9.961683,12.253562],[9.954856,12.271698],[9.936932,12.284729],[9.935628,12.304523],[9.941247,12.309768],[9.937879,12.320632],[9.941863,12.333104],[9.936766,12.347606],[9.942386,12.352851],[9.944878,12.377935],[9.960061,12.3991],[9.960397,12.411666],[9.942372,12.421112],[9.93064,12.460934],[9.932802,12.473453],[9.946023,12.489278],[9.944292,12.492916]]}},
{"type":"Feature","properties":{},"geometry":{"type":"LineString","coordinates":[[4.168786,12.415802],[4.166866,12.39773],[4.128121,12.370771],[4.124366,12.352706],[4.118825,12.347304],[4.102251,12.341948],[4.083808,12.329364],[4.041511,12.329529]]}},
{"type":"Feature","properties":{},"geometry":{"type":"LineString","coordinates":[[9.751375,12.244466],[9.76859,12.274588]]}},
{"type":"Feature","properties":{},"geometry":{"type":"LineString","coordinates":[[9.045963,12.256865],[9.040478,12.256986],[9.026218,12.273495],[9.016993,12.2701],[8.983062,12.306833],[8.948308,12.307594],[8.919688,12.337012],[8.9105,12.335413]]}},
{"type":"Feature","properties":{},"geometry":{"type":"LineString","coordinates":[[15.759164,12.16545],[15.756602,12.149662],[15.74158,12.136225],[15.737314,12.122283],[15.712738,12.096914],[15.711468,12.070455],[15.698162,12.055162],[15.696562,12.021646],[15.692305,12.007699],[15.684718,11.99921],[15.683964,11.983333],[15.690544,11.970655],[15.694128,11.97049]]}},
{"type":"Feature","properties":{},"geometry":{"type":"LineString","coordinates":[[11.178295,12.192977],[11.178461,12.198347],[11.187835,12.207025],[11.200572,12.206643],[11.223241,12.232834],[11.247343,12.246437],[11.281914,12.24539],[11.29073,12.236166],[11.325296,12.235114],[11.338539,12.250828]]}},
{"type":"Feature","properties":{},"geometry":{"type":"LineString","coordinates":[[14.579592,12.074562],[14.585146,12.077877],[14.601268,12.075422],[14.613401,12.064261],[14.640705,12.070202]]}},
{"type":"Feature","properties":{},"geometry":{"type":"LineString","coordinates":[[13.94297,11.38883],[13.956462,11.411436],[13.955075,11.422156],[13.990375,11.449264],[14.01017,11.44851],[14.019375,11.453492],[14.039796,11.46871],[14.053092,11.485976],[14.066997,11.473],[14.095784,11.471894],[14.112607,11.48724],[14.113312,11.504984],[14.104669,11.514204],[14.106891,11.524782],[14.099976,11.532158],[14.08558,11.532715],[14.07997,11.5276],[14.074783,11.533132],[14.063101,11.55669],[14.040689,11.582441],[14.039241,11.591384],[14.016825,11.617138],[14.013507,11.624378],[14.01732,11.629564],[14.008812,11.642337],[14.011037,11.652917],[13.990347,11.676832],[13.992289,11.680312],[13.980319,11.696778],[13.981028,11.71453],[13.967255,11.731066],[13.969271,11.736323],[13.962419,11.745479],[13.963201,11.765008],[13.892513,11.847783],[13.893725,11.87797],[13.920113,11.905393],[13.921047,11.928475],[13.907341,11.946798],[13.910513,11.980464],[13.916141,11.985577],[13.964759,11.981877],[13.998599,12.014316],[14.00084,12.024894],[14.006469,12.030004],[14.017361,12.031347],[14.019384,12.0366],[14.005837,12.058476],[14.00786,12.063729],[13.987097,12.085896],[13.945608,12.087553],[13.938172,12.082514],[13.93298,12.088056],[13.933564,12.10226],[13.921446,12.115192],[13.929175,12.127332],[13.910204,12.149431],[13.91057,12.158309],[13.89845,12.171243],[13.885816,12.171748],[13.873693,12.184681],[13.872327,12.195408],[13.887502,12.212589],[13.888385,12.233898],[13.895901,12.240711],[13.894833,12.25854],[13.902424,12.267128],[13.906431,12.36301],[13.89958,12.37218],[13.90273,12.404069],[13.890607,12.417013],[13.883381,12.417306],[13.857623,12.450372],[13.841883,12.463464],[13.840524,12.474193]]}},
{"type":"Feature","properties":{},"geometry":{"type":"LineString","coordinates":[[9.826577,12.185103],[9.830135,12.181421],[9.839307,12.18299],[9.856382,12.207717]]}},
{"type":"Feature","properties":{},"geometry":{"type":"LineString","coordinates":[[11.149569,12.265503],[11.156241,12.245594],[11.137158,12.217496],[11.124198,12.210713],[11.062315,12.212544],[11.030556,12.186596],[11.007742,12.155002],[10.99666,12.149947],[10.983919,12.150318],[10.966253,12.168755],[10.962881,12.177815],[10.966965,12.252981],[10.938856,12.28786],[10.922625,12.293712],[10.90136,12.314051],[10.8795,12.314686],[10.867124,12.327595],[10.860105,12.336763],[10.864287,12.354571],[10.859036,12.361896],[10.859413,12.374434],[10.86515,12.383232]]}},
{"type":"Feature","properties":{},"geometry":{"type":"LineString","coordinates":[[7.551791,12.224198],[7.542566,12.220744],[7.504322,12.235802],[7.471297,12.234538],[7.444013,12.247606],[7.412938,12.253519],[7.376271,12.254107],[7.367044,12.250647],[7.321267,12.25498],[7.31204,12.251518],[7.304794,12.257044],[7.295626,12.257187],[7.256887,12.243361],[7.231187,12.241955],[7.193022,12.26419],[7.17835,12.264414],[7.154311,12.252151],[7.101293,12.263775],[7.064858,12.280557],[7.054101,12.296955],[7.037646,12.300808],[7.019631,12.322726],[7.005008,12.32655],[6.994218,12.341145],[6.992602,12.355603],[6.985372,12.362927],[6.96713,12.370412],[6.945352,12.386971],[6.912449,12.39647],[6.903407,12.405623],[6.879571,12.40777],[6.868717,12.418754],[6.826706,12.433788],[6.806721,12.448509],[6.790222,12.450546],[6.777474,12.457944],[6.747913,12.445722],[6.735137,12.451314],[6.718482,12.442519],[6.707465,12.44267],[6.685685,12.461019],[6.645434,12.472396],[6.614212,12.472816],[6.601455,12.480207],[6.566507,12.477062],[6.555536,12.480818],[6.544589,12.486378],[6.524726,12.511912],[6.447948,12.541795],[6.437068,12.552768],[6.431771,12.569085],[6.386349,12.609385],[6.355148,12.61339],[6.344213,12.620749],[6.318431,12.61746],[6.298372,12.630349]]}},
{"type":"Feature","properties":{},"geometry":{"type":"LineString","coordinates":[[4.967151,12.241282],[4.948802,12.245028],[4.895922,12.30324],[4.896143,12.333966],[4.866947,12.364897],[4.867063,12.381164],[4.87816,12.390125]]}},
{"type":"Feature","properties":{},"geometry":{"type":"LineString","coordinates":[[12.944201,11.522846],[12.953358,11.526097],[12.960393,11.520504],[12.982828,11.541125],[12.974242,11.553905],[12.974688,11.566373],[13.020024,11.620067],[13.032668,11.619623],[13.053054,11.633169],[13.065696,11.632723],[13.073181,11.63959],[13.073569,11.650273],[13.064927,11.661276],[13.081573,11.671383],[13.087513,11.685433],[13.088099,11.701457],[13.081134,11.708836],[13.082008,11.781898],[13.132845,11.835333],[13.147633,11.843711],[13.16831,11.86435],[13.167303,11.885774],[13.149896,11.904232],[13.15264,11.929086],[13.145944,11.94359],[13.139048,11.952755],[13.128201,11.95315],[13.114272,11.967918],[13.118826,11.992709]]}},
{"type":"Feature","properties":{},"geometry":{"type":"LineString","coordinates":[[7.736328,12.190429],[7.734785,12.20668],[7.72408,12.22309],[7.72498,12.273554],[7.714112,12.280953],[7.701636,12.301],[7.694754,12.326359]]}},
{"type":"Feature","properties":{},"geometry":{"type":"LineString","coordinates":[[7.010163,12.182122],[7.021383,12.196394],[7.025405,12.219791]]}},
{"type":"Feature","properties":{},"geometry":{"type":"LineString","coordinates":[[11.823696,12.063826],[11.824287,12.081696],[11.810527,12.105391],[11.811354,12.13041],[11.795482,12.14523],[11.764203,12.189169],[11.764855,12.208828],[11.754605,12.228838],[11.754901,12.237774],[11.735861,12.267013],[11.736395,12.283099],[11.708619,12.323358],[11.710705,12.385919],[11.722094,12.399865],[11.722754,12.419526],[11.72845,12.426499],[11.727232,12.444431],[11.740445,12.458316],[11.742868,12.476129],[11.748506,12.481313],[11.743291,12.488641],[11.743776,12.502939],[11.735044,12.51396],[11.737474,12.585453],[11.728802,12.598264],[11.72984,12.628648],[11.733724,12.635677]]}},
{"type":"Feature","properties":{},"geometry":{"type":"LineString","coordinates":[[8.695745,11.790911],[8.681431,11.8056],[8.681691,11.818197],[8.689147,11.825249],[8.676769,11.845302],[8.676918,11.8525],[8.659058,11.872663],[8.651749,11.872809],[8.646378,11.878319],[8.642014,11.932419],[8.629668,11.954273],[8.630828,12.010064],[8.636425,12.015352],[8.636839,12.03515],[8.631504,12.042459],[8.631956,12.064055],[8.637554,12.069344],[8.637856,12.083741],[8.63256,12.092851],[8.638159,12.098138],[8.638387,12.108936],[8.626076,12.132593],[8.633544,12.139643],[8.613802,12.158051],[8.59368,12.15846],[8.589795,12.147735],[8.580461,12.138921],[8.576839,12.140795],[8.554514,12.123238],[8.552499,12.114275],[8.526259,12.084188],[8.527865,12.073351],[8.522231,12.06626],[8.494208,12.038002],[8.479578,12.038291],[8.468861,12.051108],[8.469593,12.087112],[8.44647,12.119986],[8.446727,12.132587],[8.432566,12.15628],[8.434616,12.167045],[8.427627,12.183393],[8.409729,12.203557],[8.411236,12.277371],[8.404319,12.29732],[8.430655,12.331017],[8.437868,12.32547],[8.44534,12.332524],[8.451244,12.352217],[8.505592,12.410547],[8.52051,12.422849],[8.527759,12.419099],[8.535237,12.426149],[8.53375,12.442386],[8.541266,12.451236],[8.541573,12.465635],[8.552833,12.478007],[8.552986,12.485208],[8.542265,12.498034],[8.546352,12.517757],[8.530442,12.545096],[8.531097,12.575696],[8.522167,12.586685]]}},
{"type":"Feature","properties":{},"geometry":{"type":"LineString","coordinates":[[11.290245,11.747204],[11.27748,11.745786],[11.26856,11.75142],[11.244206,11.787954],[11.212311,11.815755],[11.188055,11.855873],[11.188861,11.882723],[11.179989,11.890148],[11.174967,11.904627],[11.153908,11.930325],[11.154069,11.935695],[11.138193,11.952283],[11.121775,11.95097],[11.116481,11.956499],[11.098835,11.974932],[11.090333,11.99489],[11.062307,12.031545],[11.04738,12.019434],[10.949301,12.027636],[10.905395,12.082672],[10.911597,12.107593],[10.932364,12.132092],[10.939645,12.131883],[10.946712,12.124508],[10.96138,12.127669],[10.962452,12.163488],[10.966253,12.168755]]}},
{"type":"Feature","properties":{},"geometry":{"type":"LineString","coordinates":[[15.331796,12.100219],[15.316859,12.0885],[15.304777,12.060717],[15.272793,12.030281],[15.268796,12.021607],[15.269534,11.998557],[15.291405,11.965715],[15.299323,11.942348],[15.294683,11.919539]]}},
{"type":"Feature","properties":{},"geometry":{"type":"LineString","coordinates":[[14.942709,11.933153],[14.922632,11.926927]]}},
{"type":"Feature","properties":{},"geometry":{"type":"LineString","coordinates":[[3.730555,12.180448],[3.712168,12.178687],[3.699311,12.182337],[3.675474,12.205905],[3.647912,12.211396],[3.635069,12.222276],[3.594639,12.2296],[3.585423,12.218769]]}},
{"type":"Feature","properties":{},"geometry":{"type":"LineString","coordinates":[[12.559637,12.014354],[12.560209,12.030402],[12.554964,12.03594],[12.557604,12.059059]]}},
{"type":"Feature","properties":{},"geometry":{"type":"LineString","coordinates":[[3.710273,12.156992],[3.677202,12.162499],[3.640502,12.187904],[3.612941,12.193392],[3.587261,12.218765],[3.556011,12.220638],[3.521105,12.233366],[3.445741,12.244349]]}},
{"type":"Feature","properties":{},"geometry":{"type":"LineString","coordinates":[[9.886526,12.172828],[9.888397,12.174577]]}},
{"type":"Feature","properties":{},"geometry":{"type":"LineString","coordinates":[[16.600975,11.825103],[16.596876,11.814732],[16.57628,11.796355],[16.565576,11.796875],[16.555311,11.806185],[16.539982,11.785783],[16.532614,11.745609],[16.516596,11.711135],[16.513073,11.676058],[16.51799,11.667012],[16.51882,11.647586],[16.534351,11.63627]]}},
{"type":"Feature","properties":{},"geometry":{"type":"LineString","coordinates":[[14.162597,11.940793],[14.175062,11.936737],[14.19234,11.918273],[14.205318,11.926634],[14.215978,11.922651],[14.217263,11.910162],[14.229133,11.891917],[14.226743,11.8778],[14.233431,11.865095],[14.251144,11.857275],[14.252503,11.846562],[14.257684,11.841024],[14.272529,11.851084],[14.285131,11.850576],[14.318994,11.797699],[14.336475,11.784562],[14.345621,11.787744],[14.361742,11.785317],[14.376433,11.791826],[14.377618,11.82019],[14.38721,11.834006],[14.393726,11.860376],[14.399349,11.865473],[14.404749,11.865253],[14.416599,11.847012],[14.421998,11.846792],[14.43894,11.863853],[14.451685,11.866882],[14.456784,11.859571],[14.456409,11.850709],[14.466905,11.843178],[14.488493,11.842291],[14.50731,11.861042],[14.512632,11.859048],[14.522003,11.867537],[14.528231,11.886803],[14.544346,11.884361],[14.557469,11.89624],[14.571125,11.920518]]}},
{"type":"Feature","properties":{},"geometry":{"type":"LineString","coordinates":[[15.718245,11.835035],[15.688,11.878842],[15.677088,11.875803]]}},
{"type":"Feature","properties":{},"geometry":{"type":"LineString","coordinates":[[8.199503,12.128344],[8.197568,12.122975],[8.21552,12.104621],[8.22101,12.104518],[8.235264,12.084432],[8.251698,12.082319],[8.266195,12.074839],[8.308313,12.075837],[8.31549,12.068494],[8.361227,12.067615],[8.366752,12.069309],[8.383685,12.092397],[8.383974,12.1068],[8.38968,12.117496],[8.390261,12.146303],[8.408924,12.163948],[8.409289,12.181952],[8.418659,12.192574]]}},
{"type":"Feature","properties":{},"geometry":{"type":"LineString","coordinates":[[11.869722,10.73349],[11.887567,10.786626],[11.886608,10.815267],[11.890647,10.829456],[11.900057,10.8417],[11.900697,10.863141],[11.917392,10.87696],[11.921382,10.889359],[11.93978,10.899548],[11.952919,10.915255],[11.967487,10.918401],[11.976796,10.927065],[11.990317,10.955271],[12.003298,10.965611],[12.017922,10.970539],[12.035998,10.969998],[12.120296,11.004999],[12.131639,11.02074],[12.146432,11.031013],[12.1807,11.085366],[12.204309,11.088215],[12.226619,11.107181],[12.23752,11.108631],[12.278077,11.132385],[12.324864,11.180941],[12.346363,11.23028],[12.355632,11.237132],[12.370093,11.236673],[12.377672,11.247149],[12.425483,11.270627],[12.447996,11.294906],[12.467015,11.322865],[12.480676,11.352779],[12.486991,11.379358],[12.498495,11.398625],[12.507774,11.405464],[12.527354,11.44946],[12.563096,11.489344],[12.576482,11.510323],[12.604458,11.534384],[12.631062,11.570979],[12.652311,11.609532],[12.65293,11.62736],[12.668391,11.655393],[12.675566,11.705124],[12.692911,11.734872],[12.701029,11.759579],[12.694764,11.838322],[12.676508,11.885357],[12.681657,11.928014],[12.678229,11.933487],[12.691668,11.954437],[12.70434,11.953996],[12.722957,11.967622],[12.74106,11.966988],[12.756058,11.980738],[12.819408,11.978504],[12.830463,11.983465],[12.877277,12.024615],[12.878329,12.053119],[12.887709,12.061703],[12.886096,12.067112],[12.9068,12.087773],[12.909008,12.098396],[12.9202,12.10691],[12.938301,12.106257],[12.949428,12.112988]]}},
{"type":"Feature","properties":{},"geometry":{"type":"LineString","coordinates":[[10.522447,11.474376],[10.542441,11.473857],[10.579418,11.496215],[10.608644,11.500831],[10.627255,11.516484],[10.643808,11.523222],[10.65825,11.519253],[10.674753,11.524196],[10.692877,11.521921],[10.711344,11.532189],[10.724115,11.533641],[10.744103,11.533106],[10.762026,11.523659],[10.785697,11.524816],[10.836117,11.507316],[10.87068,11.508171],[10.885462,11.516732],[10.885814,11.529271],[10.943594,11.57967],[10.960044,11.5828],[10.984016,11.594682],[11.007681,11.595816],[11.037309,11.614701],[11.082716,11.613424],[11.121375,11.63025],[11.133982,11.626308],[11.165063,11.632591],[11.186696,11.626598],[11.205063,11.633239],[11.23043,11.630719],[11.253661,11.617512],[11.286283,11.614779],[11.299149,11.61978],[11.320931,11.619148],[11.352323,11.636143],[11.401434,11.638286],[11.442283,11.66752],[11.476044,11.702325],[11.496283,11.710672],[11.526149,11.736629],[11.539407,11.754131],[11.607675,11.78786],[11.677257,11.862677],[11.690647,11.883736],[11.689232,11.896305],[11.694906,11.903286],[11.702397,11.910211],[11.7096,11.908197],[11.715275,11.915177],[11.721987,11.954332],[11.73703,11.969964],[11.739877,12.057545],[11.749482,12.073343],[11.751006,12.119814],[11.762551,12.139127],[11.763023,12.153424],[11.778145,12.170832]]}},
{"type":"Feature","properties":{},"geometry":{"type":"LineString","coordinates":[[10.405348,11.992438],[10.420611,12.017157],[10.441146,12.034553],[10.441542,12.048898],[10.432781,12.061694],[10.433527,12.088593],[10.443086,12.104485],[10.444036,12.138556],[10.430358,12.171226],[10.43111,12.198125],[10.425792,12.203652],[10.432772,12.257299],[10.427504,12.264622],[10.427757,12.273587],[10.417069,12.282851],[10.398783,12.281554],[10.379478,12.308999],[10.370358,12.309247],[10.354345,12.324039],[10.354697,12.336594],[10.349426,12.343916],[10.370351,12.373859],[10.371718,12.422281],[10.368425,12.434935],[10.343739,12.466123],[10.348153,12.492926],[10.330765,12.523915],[10.331529,12.550819],[10.33716,12.556049],[10.337364,12.563223],[10.371307,12.599977],[10.379179,12.619502],[10.365242,12.643222],[10.371135,12.657416],[10.388142,12.676685],[10.390801,12.705326],[10.394611,12.710604],[10.380624,12.732533],[10.380884,12.7415],[10.392578,12.766298],[10.394048,12.816509],[10.363926,12.849667],[10.350302,12.884153],[10.351144,12.912848],[10.366245,12.928575],[10.366934,12.951888],[10.372631,12.958905],[10.376909,13.041346],[10.36986,13.050522],[10.373893,13.06297],[10.36679,13.070353],[10.363559,13.084805]]}},
{"type":"Feature","properties":{},"geometry":{"type":"LineString","coordinates":[[7.629402,12.048003],[7.578306,12.059668],[7.558158,12.059999],[7.536482,12.078386],[7.52366,12.078595],[7.515228,12.122012],[7.490062,12.151277],[7.468314,12.166057],[7.442657,12.166471],[7.411651,12.175986],[7.386377,12.199837],[7.382919,12.212518],[7.354062,12.241836],[7.352377,12.25088]]}},
{"type":"Feature","properties":{},"geometry":{"type":"LineString","coordinates":[[7.068731,12.053158],[7.059757,12.06592],[7.05992,12.076743],[7.069249,12.087432],[7.069358,12.094648],[7.060411,12.109214],[7.060684,12.127253],[7.068374,12.150596],[7.052448,12.188721],[7.007392,12.241708],[7.002244,12.265241],[6.98231,12.281772],[6.982419,12.288988],[6.96982,12.305411],[6.970228,12.332473],[6.963187,12.352425],[6.96713,12.370412]]}},
{"type":"Feature","properties":{},"geometry":{"type":"LineString","coordinates":[[3.710134,12.104549],[3.67702,12.090165],[3.665999,12.092001],[3.647606,12.08481],[3.632881,12.073994],[3.579587,12.070494],[3.544704,12.085032],[3.530004,12.085059],[3.500627,12.097773],[3.489601,12.097793],[3.474922,12.110477],[3.460217,12.108693],[3.447374,12.121373],[3.436353,12.125008]]}},
{"type":"Feature","properties":{},"geometry":{"type":"LineString","coordinates":[[11.090436,11.937545],[11.096105,11.944548],[11.1006,11.973088]]}},
{"type":"Feature","properties":{},"geometry":{"type":"LineString","coordinates":[[11.188717,11.938265],[11.161449,11.939062],[11.154069,11.935695]]}},
{"type":"Feature","properties":{},"geometry":{"type":"LineString","coordinates":[[16.386831,11.872514],[16.376939,11.853594],[16.361868,11.838448],[16.356992,11.812231],[16.349415,11.803776],[16.348982,11.794979],[16.331352,11.764076],[16.305059,11.73887],[16.300888,11.726723],[16.263384,11.728496]]}},
{"type":"Feature","properties":{},"geometry":{"type":"LineString","coordinates":[[3.715469,12.037627],[3.680572,12.041331],[3.671408,12.050395],[3.649352,12.04683],[3.634654,12.046865],[3.623643,12.052315],[3.608941,12.050538],[3.599766,12.055984],[3.597961,12.070455]]}},
{"type":"Feature","properties":{},"geometry":{"type":"LineString","coordinates":[[11.036855,11.910417],[11.035196,11.91584],[11.063428,11.947286],[11.077976,11.946865],[11.090436,11.937545]]}},
{"type":"Feature","properties":{},"geometry":{"type":"LineString","coordinates":[[13.4366,11.785019],[13.46296,11.812533],[13.496478,11.837992],[13.495085,11.848728],[13.504522,11.859058],[13.505418,11.882172],[13.463601,11.92292],[13.462071,11.930101],[13.46957,11.936942],[13.466166,11.942413],[13.470123,11.951168],[13.447681,11.978726],[13.451916,11.994595],[13.429402,12.020379],[13.426274,12.032964],[13.419254,12.038572],[13.410151,12.037135],[13.389366,12.061075],[13.387905,12.070036]]}},
{"type":"Feature","properties":{},"geometry":{"type":"LineString","coordinates":[[14.670763,11.765554],[14.690381,11.761191],[14.699822,11.771441],[14.71068,11.772762],[14.733737,11.764706],[14.741229,11.771487],[14.753807,11.770962],[14.792916,11.801243],[14.801746,11.797324],[14.832442,11.799577],[14.848455,11.795354],[14.87227,11.804984],[14.90265,11.800149],[14.911862,11.805076],[14.949507,11.760935],[14.98323,11.750638],[14.998842,11.737568],[15.022098,11.734804],[15.025844,11.738188]]}},
{"type":"Feature","properties":{},"geometry":{"type":"LineString","coordinates":[[15.049175,11.777941],[15.046834,11.765639],[15.024515,11.748877],[15.027482,11.734574],[15.052768,11.696286],[15.085536,11.66477],[15.115726,11.615654],[15.132961,11.598978],[15.143719,11.598519],[15.164381,11.578156],[15.172802,11.5654],[15.177405,11.547495],[15.198139,11.528903],[15.224944,11.525988],[15.228373,11.522301],[15.268661,11.458616],[15.279176,11.452857],[15.278789,11.444022],[15.287203,11.431272],[15.286431,11.413604],[15.293131,11.402697],[15.290415,11.381572],[15.295479,11.374276],[15.294787,11.358374],[15.289671,11.32319],[15.295454,11.291083],[15.303794,11.276572],[15.295718,11.255671],[15.271462,11.233677],[15.265334,11.216231],[15.262637,11.195102],[15.267326,11.178974],[15.274183,11.171608],[15.273654,11.159239],[15.265518,11.136565],[15.264017,11.101224],[15.242321,11.054322],[15.24292,11.025973],[15.254699,11.007788],[15.250455,10.99203],[15.25106,10.963682],[15.244809,10.942695],[15.242897,10.896747],[15.245959,10.884231],[15.264454,10.85516],[15.261277,10.821657],[15.244244,10.799332],[15.238566,10.748224]]}},
{"type":"Feature","properties":{},"geometry":{"type":"LineString","coordinates":[[9.858121,11.918421],[9.854475,11.91851]]}},
{"type":"Feature","properties":{},"geometry":{"type":"LineString","coordinates":[[1.898892,12.123164],[1.91551,12.10334],[1.919243,12.088889],[1.904633,12.067134],[1.901032,12.049038],[1.891906,12.034536],[1.890136,12.018255],[1.877368,11.996507]]}},
{"type":"Feature","properties":{},"geometry":{"type":"LineString","coordinates":[[12.281977,11.85406],[12.276298,11.847101],[12.261742,11.845795]]}},
{"type":"Feature","properties":{},"geometry":{"type":"LineString","coordinates":[[6.449705,11.971247],[6.44982,11.980273],[6.440858,11.996633]]}},
{"type":"Feature","properties":{},"geometry":{"type":"LineString","coordinates":[[7.380433,11.947423],[7.371276,11.947566],[7.358572,11.954978],[7.335196,11.982397],[7.322805,12.009645],[7.323065,12.025875],[7.308697,12.044135],[7.295958,12.049744],[7.242879,12.054166],[7.21593,12.088851],[7.195968,12.101782],[7.181305,12.102003],[7.166979,12.123868],[7.15237,12.127696],[7.139762,12.142318],[7.101264,12.142892],[7.075707,12.150488],[7.068346,12.148791]]}},
{"type":"Feature","properties":{},"geometry":{"type":"LineString","coordinates":[[8.385114,11.795177],[8.401773,11.805668],[8.427927,11.833984],[8.424486,11.844857],[8.446848,11.866038],[8.44717,11.882241],[8.452763,11.887536],[8.449358,11.900208],[8.442189,11.907552],[8.455094,11.912704]]}},
{"type":"Feature","properties":{},"geometry":{"type":"LineString","coordinates":[[1.423982,11.954548],[1.392737,11.959794],[1.378006,11.966941],[1.348629,11.96677],[1.330235,11.972084],[1.3064,11.966518],[1.293514,11.971863],[1.253121,11.971615],[1.229206,11.978696],[1.214554,11.97318]]}},
{"type":"Feature","properties":{},"geometry":{"type":"LineString","coordinates":[[3.597706,11.954718],[3.5371,11.956648],[3.511406,11.967546],[3.493036,11.965771],[3.474677,11.971228],[3.460007,11.98572],[3.434305,11.994803],[3.412292,12.014729],[3.39026,12.023804],[3.373745,12.038294],[3.348037,12.049178],[3.337011,12.047382]]}},
{"type":"Feature","properties":{},"geometry":{"type":"LineString","coordinates":[[9.949019,11.636144],[9.954034,11.688521],[9.965816,11.705608],[9.964356,11.720014],[9.977651,11.741242],[9.949319,11.774269],[9.928268,11.807118],[9.904669,11.811289],[9.874227,11.833589],[9.880192,11.853205],[9.891581,11.870892],[9.879002,11.878386],[9.869797,11.875017],[9.85366,11.88619],[9.846865,11.906119],[9.854475,11.91851],[9.845448,11.922323],[9.836829,11.942297],[9.844395,11.952892],[9.84111,11.967345],[9.850501,11.977895],[9.84895,11.988713],[9.864042,12.008104],[9.860852,12.026149],[9.864683,12.03324],[9.902407,12.080811],[9.918918,12.083991],[9.928317,12.094534],[9.95231,12.104709],[9.965594,12.124133]]}},
{"type":"Feature","properties":{},"geometry":{"type":"LineString","coordinates":[[12.954264,11.80249],[12.975958,11.801722],[13.007779,11.780978],[13.031276,11.780143],[13.036502,11.774607],[13.045734,11.779628],[13.058123,11.772054],[13.079939,11.774841]]}},
{"type":"Feature","properties":{},"geometry":{"type":"LineString","coordinates":[[16.230422,12.005287],[16.221395,12.003957],[16.206218,11.987041],[16.202689,11.951919],[16.189391,11.936673],[16.154411,11.954226],[16.126289,11.929089],[16.119137,11.929428],[16.109764,11.921047],[16.085987,11.87451],[16.07287,11.86277],[16.060778,11.835092],[16.030638,11.804722],[16.023583,11.769738],[16.014221,11.761345],[16.008858,11.761594],[15.991924,11.744722],[15.990581,11.71653],[15.960759,11.65433],[15.946457,11.654985],[15.936145,11.664288],[15.920052,11.665024],[15.901177,11.644691],[15.900433,11.628827],[15.894574,11.618495],[15.879611,11.605043],[15.86393,11.614587],[15.857352,11.627252],[15.857846,11.637829],[15.847364,11.643606],[15.82403,11.642897],[15.812642,11.629277],[15.805486,11.6296]]}},
{"type":"Feature","properties":{},"geometry":{"type":"LineString","coordinates":[[10.051637,11.854355],[10.072006,11.866415],[10.070741,11.887997],[10.078217,11.894992],[10.086254,11.923522],[10.08289,11.934381],[10.103549,11.957203],[10.101961,11.966222],[10.087662,11.97736],[10.09159,11.988035],[10.110244,12.003721],[10.108752,12.016329],[10.101649,12.023694],[10.103567,12.027236]]}},
{"type":"Feature","properties":{},"geometry":{"type":"LineString","coordinates":[[5.091635,11.93407],[5.078801,11.935972],[5.062392,11.950553],[5.047735,11.954274],[5.033172,11.970648],[5.016664,11.972574],[4.991149,11.998061],[4.974652,12.001793],[4.971006,12.005434],[4.974771,12.01806],[4.993278,12.037811],[5.011707,12.046716],[5.056051,12.082541],[5.09278,12.082267],[5.120439,12.096516],[5.171887,12.099733],[5.192162,12.10861],[5.225277,12.115575],[5.262173,12.135156],[5.300848,12.147487],[5.330485,12.176152],[5.371021,12.190264],[5.383991,12.202801],[5.395029,12.204513],[5.415414,12.224212],[5.439609,12.25833],[5.447275,12.292594],[5.449699,12.355815],[5.440678,12.373965],[5.446462,12.402824],[5.437708,12.449883],[5.43975,12.471549],[5.45279,12.4895],[5.46384,12.491206],[5.478722,12.509138],[5.479067,12.545273],[5.48658,12.561465],[5.495863,12.570413],[5.521701,12.579206],[5.549325,12.582557],[5.560451,12.591485],[5.581172,12.640067],[5.583339,12.672567],[5.590881,12.690561],[5.591248,12.726692],[5.602547,12.751876],[5.625042,12.7914],[5.65842,12.814551],[5.675178,12.832447],[5.71775,12.853689],[5.743523,12.85342],[5.758172,12.846041],[5.831803,12.845257],[5.874304,12.859245],[5.881791,12.870001],[5.887603,12.895225],[5.89505,12.902368],[5.918921,12.896684],[5.941033,12.898242],[5.998294,12.913847],[6.057335,12.923998],[6.083352,12.943558],[6.106005,12.988438],[6.120893,13.000901],[6.209881,13.046766],[6.230349,13.062763],[6.250701,13.069731],[6.309633,13.068982],[6.344403,13.052283],[6.401384,13.044318],[6.457121,13.079687],[6.50704,13.093455],[6.558389,13.07831],[6.654122,13.076971],[6.67616,13.073049],[6.692781,13.076421]]}},
{"type":"Feature","properties":{},"geometry":{"type":"LineString","coordinates":[[4.150166,11.936725],[4.119083,11.969398],[4.117313,11.985679],[4.121009,11.991088],[4.10456,12.011044],[4.097279,12.027346],[4.099167,12.039996],[4.079004,12.050923],[4.066194,12.06363],[4.062777,12.128738],[4.051829,12.14867]]}},
{"type":"Feature","properties":{},"geometry":{"type":"LineString","coordinates":[[11.845972,11.800174],[11.846724,11.823403],[11.836476,11.843401]]}},
{"type":"Feature","properties":{},"geometry":{"type":"LineString","coordinates":[[11.212311,11.815755],[11.195418,11.80487]]}},
{"type":"Feature","properties":{},"geometry":{"type":"LineString","coordinates":[[11.333478,11.794291],[11.324778,11.807085],[11.325267,11.823189],[11.329009,11.82666],[11.32554,11.832135],[11.309627,11.846933],[11.302361,11.847148],[11.296748,11.841941],[11.274947,11.842583],[11.271422,11.846269],[11.271856,11.860585],[11.252629,11.886229],[11.252901,11.895177],[11.236979,11.909976],[11.229709,11.91019],[11.22442,11.915719],[11.209879,11.916146],[11.197373,11.923678],[11.186845,11.936528]]}},
{"type":"Feature","properties":{},"geometry":{"type":"LineString","coordinates":[[14.216061,11.705892],[14.231968,11.698154],[14.240532,11.687155],[14.251328,11.686726],[14.273868,11.708922],[14.278268,11.728286],[14.302687,11.752176],[14.306872,11.766217],[14.321269,11.765638],[14.338275,11.784489]]}},
{"type":"Feature","properties":{},"geometry":{"type":"LineString","coordinates":[[14.777762,11.658235],[14.794712,11.717821],[14.783129,11.74136],[14.789664,11.767686],[14.786301,11.773147],[14.78848,11.781922],[14.781676,11.791075]]}},
{"type":"Feature","properties":{},"geometry":{"type":"LineString","coordinates":[[8.453488,11.739842],[8.449905,11.743513],[8.452408,11.777683],[8.457996,11.782979],[8.474405,11.780862],[8.491173,11.796746],[8.493216,11.807511],[8.502532,11.816335],[8.50519,11.857702],[8.410429,11.965799],[8.412401,11.972965],[8.401573,11.980379],[8.401716,11.987581],[8.405625,12.000113],[8.413085,12.007173],[8.413374,12.021576],[8.407995,12.027083],[8.400679,12.027225],[8.366752,12.069309]]}},
{"type":"Feature","properties":{},"geometry":{"type":"LineString","coordinates":[[9.833572,11.738837],[9.800904,11.74501],[9.78659,11.756133],[9.785122,11.770543],[9.778008,11.777901],[9.747198,11.785824],[9.738259,11.793224],[9.720162,11.799046],[9.705929,11.81376],[9.684225,11.821463],[9.673548,11.832499],[9.674029,11.852256],[9.667173,11.870391],[9.687761,11.891469],[9.689806,11.900406],[9.646911,11.93737],[9.610644,11.947216],[9.596267,11.956543],[9.583976,11.976605],[9.564296,11.993247],[9.555564,12.009631],[9.554088,12.024047],[9.543399,12.035085],[9.519888,12.044626],[9.502111,12.064818],[9.497723,12.109867],[9.488854,12.120863],[9.476334,12.131944],[9.454506,12.136051],[9.442156,12.15432],[9.44246,12.166899],[9.433545,12.176098],[9.386742,12.20596]]}},
{"type":"Feature","properties":{},"geometry":{"type":"LineString","coordinates":[[2.163507,11.813058],[2.21295,11.854792],[2.218437,11.86204],[2.214729,11.874688],[2.220222,11.880128],[2.25873,11.898315],[2.266051,11.907376],[2.26418,11.920031],[2.273338,11.929096],[2.29352,11.936381],[2.324669,11.965392],[2.31353,12.012383],[2.293228,12.048499],[2.302368,12.066606],[2.294981,12.081054],[2.304145,12.090119],[2.315165,12.091955],[2.333509,12.104658],[2.359215,12.11376],[2.423508,12.12656],[2.467555,12.157392],[2.489608,12.159242],[2.523994,12.200441]]}},
{"type":"Feature","properties":{},"geometry":{"type":"LineString","coordinates":[[3.832345,11.807645],[3.812176,11.814937],[3.792025,11.82946],[3.775565,11.851206]]}},
{"type":"Feature","properties":{},"geometry":{"type":"LineString","coordinates":[[16.63329,11.64913],[16.619027,11.649819],[16.615636,11.653506],[16.573757,11.637904],[16.552793,11.647721],[16.539701,11.636014],[16.534351,11.63627],[16.525001,11.627906],[16.522787,11.619201],[16.509958,11.612765],[16.487351,11.589167],[16.474779,11.588002],[16.465176,11.574358],[16.450907,11.575033],[16.439522,11.56147],[16.436039,11.563397],[16.419305,11.550084],[16.415141,11.53794],[16.39263,11.516079],[16.38618,11.493461],[16.373948,11.499323],[16.357894,11.500073],[16.35118,11.509204],[16.336908,11.509869],[16.321357,11.521176],[16.313966,11.51623],[16.300535,11.534492],[16.255835,11.53481],[16.252434,11.538496],[16.223873,11.539822],[16.210097,11.551046],[16.195815,11.551708],[16.187474,11.564445],[16.162726,11.570885]]}},
{"type":"Feature","properties":{},"geometry":{"type":"LineString","coordinates":[[9.791262,11.653167],[9.773242,11.674144],[9.770842,11.689728],[9.74375,11.719418],[9.730993,11.719719],[9.71112,11.727376],[9.711251,11.732764],[9.702268,11.738367],[9.702487,11.747348],[9.689989,11.758426],[9.692073,11.769159],[9.683482,11.790928],[9.676364,11.798285],[9.676626,11.809062],[9.684225,11.821463]]}},
{"type":"Feature","properties":{},"geometry":{"type":"LineString","coordinates":[[10.279667,11.622466],[10.283521,11.628299],[10.304416,11.630961],[10.319195,11.647463],[10.342244,11.696593],[10.353616,11.695871],[10.38139,11.7131],[10.394225,11.716357],[10.42962,11.745942],[10.45716,11.754192],[10.477129,11.751873],[10.49188,11.758661],[10.49911,11.756676],[10.512239,11.770681],[10.511007,11.792245],[10.493151,11.805279],[10.499249,11.828442],[10.486851,11.841331],[10.488819,11.846662],[10.483653,11.857565],[10.487934,11.880777],[10.477306,11.891827],[10.479817,11.916881],[10.495473,11.955936],[10.487809,12.008177],[10.477229,12.021022],[10.485114,12.042342],[10.480598,12.076556],[10.486665,12.097924],[10.488276,12.155299],[10.498703,12.201667],[10.499312,12.223182],[10.489188,12.252169],[10.451511,12.274734],[10.431505,12.277074],[10.427757,12.273587]]}},
{"type":"Feature","properties":{},"geometry":{"type":"LineString","coordinates":[[14.598921,11.426067],[14.608046,11.429249],[14.614935,11.421875],[14.616219,11.409404],[14.624977,11.403731],[14.676931,11.442439],[14.703931,11.443119],[14.71448,11.437371],[14.725693,11.447557],[14.747378,11.450221],[14.760239,11.456791],[14.775191,11.470367],[14.777358,11.479144],[14.792462,11.496258],[14.7971,11.520892],[14.802784,11.527751],[14.803459,11.543681],[14.834048,11.544192],[14.839206,11.538659],[14.858134,11.560923],[14.863518,11.560699],[14.87712,11.542406],[14.891476,11.54181],[14.898427,11.536203],[14.910155,11.516218],[14.909625,11.503832],[14.925998,11.50847],[14.936384,11.499176],[14.956116,11.498355],[14.964856,11.492674],[14.968596,11.496062],[14.977488,11.49392],[14.999237,11.498328],[15.004389,11.492797],[15.015073,11.490578],[15.025985,11.493665],[15.055668,11.515451],[15.066656,11.520304],[15.075545,11.518158],[15.08684,11.530082],[15.091117,11.545844],[15.111766,11.566226],[15.119634,11.581833],[15.132185,11.581299],[15.149186,11.559322],[15.172414,11.556561]]}},
{"type":"Feature","properties":{},"geometry":{"type":"LineString","coordinates":[[16.625361,11.415238],[16.626044,11.429297],[16.619519,11.441936],[16.622328,11.462941],[16.615546,11.470309],[16.573707,11.454676],[16.5631,11.45694],[16.555631,11.450245],[16.543496,11.457866],[16.530937,11.456697],[16.522365,11.46415],[16.490194,11.463903],[16.480179,11.478473],[16.479759,11.506693],[16.459044,11.521769],[16.454975,11.548401],[16.439522,11.56147]]}},
{"type":"Feature","properties":{},"geometry":{"type":"LineString","coordinates":[[8.456181,11.597514],[8.439886,11.605026],[8.41439,11.609109],[8.400023,11.621986],[8.372697,11.626101],[8.34554,11.639215],[8.345713,11.648219],[8.340336,11.653723],[8.342301,11.660892],[8.351539,11.666123],[8.369771,11.66398],[8.399103,11.668833],[8.417755,11.688293],[8.41786,11.693694],[8.401629,11.704808],[8.405494,11.715542],[8.383989,11.737562],[8.362238,11.746978],[8.364205,11.754146],[8.353415,11.763355],[8.357175,11.768688]]}},
{"type":"Feature","properties":{},"geometry":{"type":"LineString","coordinates":[[7.327292,11.713758],[7.308965,11.712232],[7.299704,11.705155],[7.266793,11.707452],[7.263077,11.703899],[7.25401,11.709447],[7.231995,11.706165],[7.219266,11.711765],[7.21028,11.722722],[7.216292,11.756909],[7.211076,11.775027],[7.198481,11.789645],[7.167604,11.806337],[7.16069,11.833501]]}},
{"type":"Feature","properties":{},"geometry":{"type":"LineString","coordinates":[[1.40446,11.741321],[1.395287,11.741269],[1.369688,11.726662]]}},
{"type":"Feature","properties":{},"geometry":{"type":"LineString","coordinates":[[7.36718,11.689704],[7.356287,11.695281],[7.305109,11.699662],[7.299704,11.705155]]}},
{"type":"Feature","properties":{},"geometry":{"type":"LineString","coordinates":[[2.235356,11.719225],[2.25726,11.762684],[2.266413,11.771749],[2.293911,11.784477],[2.314043,11.808036],[2.314029,11.813461],[2.35251,11.842485],[2.365311,11.864216],[2.392792,11.891402],[2.414799,11.904108],[2.438627,11.925858],[2.458814,11.93313],[2.46248,11.936754],[2.462451,11.951221],[2.477123,11.9621]]}},
{"type":"Feature","properties":{},"geometry":{"type":"LineString","coordinates":[[5.240125,11.870518],[5.245555,11.861439],[5.243646,11.852418],[5.252775,11.846924],[5.252038,11.842451],[5.265821,11.828162],[5.252822,11.804179],[5.234004,11.794662],[5.226594,11.785684],[5.215574,11.783962],[5.206331,11.774998],[5.191614,11.76969],[5.16018,11.737397],[5.13806,11.723105],[5.134309,11.712289]]}},
{"type":"Feature","properties":{},"geometry":{"type":"LineString","coordinates":[[1.584407,11.713341],[1.55686,11.718627],[1.54775,11.727621]]}},
{"type":"Feature","properties":{},"geometry":{"type":"LineString","coordinates":[[10.393371,11.615879],[10.39701,11.615786],[10.4028,11.628199],[10.401219,11.637212],[10.408926,11.653164],[10.429561,11.675958],[10.437417,11.697287],[10.452358,11.711252],[10.479941,11.721295],[10.487414,11.728275],[10.498964,11.751297],[10.49729,11.756723]]}},
{"type":"Feature","properties":{},"geometry":{"type":"LineString","coordinates":[[2.317994,11.694116],[2.365594,11.741244],[2.393091,11.755771],[2.407769,11.75761],[2.426089,11.773924],[2.468133,11.862619],[2.471753,11.889752],[2.480911,11.902429],[2.486372,11.927757],[2.486348,11.940416],[2.473415,11.980178],[2.489899,12.005527],[2.510021,12.052581],[2.517358,12.059828],[2.520994,12.081535],[2.528319,12.096015],[2.524605,12.11771],[2.498832,12.141174],[2.489608,12.159242]]}},
{"type":"Feature","properties":{},"geometry":{"type":"LineString","coordinates":[[15.694128,11.97049],[15.697209,11.959741],[15.692289,11.931681],[15.697079,11.919087],[15.676209,11.895291],[15.676922,11.872276],[15.671134,11.863699],[15.670306,11.846057],[15.650993,11.816878],[15.638932,11.789134],[15.623949,11.775664],[15.610268,11.751524],[15.610592,11.71968],[15.602622,11.663451],[15.607508,11.652624],[15.603684,11.647489],[15.60191,11.608666],[15.605167,11.601448],[15.599499,11.555724],[15.604067,11.53784],[15.615952,11.52317],[15.620952,11.475211],[15.632678,11.457016],[15.633909,11.444585],[15.650681,11.419098],[15.651595,11.399612],[15.656643,11.392319],[15.677862,11.386086],[15.684141,11.366367]]}},
{"type":"Feature","properties":{},"geometry":{"type":"LineString","coordinates":[[1.459919,11.665692],[1.370026,11.668812],[1.364545,11.665165],[1.289394,11.657496],[1.272855,11.662821],[1.223339,11.662519],[1.21598,11.666089],[1.164702,11.654921],[1.128002,11.658299]]}},
{"type":"Feature","properties":{},"geometry":{"type":"LineString","coordinates":[[15.381813,11.50155],[15.370597,11.491416],[15.364365,11.472217],[15.353698,11.474446],[15.329326,11.450714],[15.310951,11.44088],[15.30613,11.412765],[15.293054,11.400931]]}},
{"type":"Feature","properties":{},"geometry":{"type":"LineString","coordinates":[[3.227207,11.658666],[3.236392,11.671318],[3.263919,11.67672],[3.278609,11.687557],[3.296962,11.691155],[3.306145,11.69838],[3.335503,11.696539]]}},
{"type":"Feature","properties":{},"geometry":{"type":"LineString","coordinates":[[8.987552,11.496521],[8.999806,11.505872],[9.000136,11.521413],[9.011534,11.533981],[9.010217,11.55916],[9.001683,11.572142],[9.000605,11.586798],[8.969553,11.610732],[8.969745,11.619725],[8.957242,11.632581],[8.957587,11.648769],[8.950442,11.656116],[8.932347,11.66369],[8.926796,11.660205],[8.912234,11.662306],[8.897901,11.675199],[8.892425,11.675311],[8.883529,11.686293],[8.859914,11.692177],[8.849265,11.706794],[8.853144,11.717513],[8.82804,11.739626],[8.832148,11.761141],[8.821343,11.768562]]}},
{"type":"Feature","properties":{},"geometry":{"type":"LineString","coordinates":[[1.229035,11.631823],[1.188682,11.63338],[1.179443,11.644168],[1.166595,11.645894],[1.161034,11.654897]]}},
{"type":"Feature","properties":{},"geometry":{"type":"LineString","coordinates":[[3.844661,11.632198],[3.815443,11.677492],[3.791663,11.702876],[3.777075,11.735466],[3.760623,11.75902],[3.747791,11.764479],[3.734977,11.777171],[3.73134,11.789839],[3.70937,11.811595],[3.678182,11.818905],[3.669029,11.829777]]}},
{"type":"Feature","properties":{},"geometry":{"type":"LineString","coordinates":[[11.294732,11.532146],[11.304228,11.546202],[11.326483,11.561678],[11.353702,11.560889],[11.378356,11.535103],[11.407276,11.53068],[11.414318,11.523313],[11.437739,11.517258],[11.450113,11.506154],[11.504684,11.509924],[11.519734,11.527381],[11.526988,11.527167],[11.532646,11.53416],[11.531977,11.571771],[11.537691,11.580551],[11.525706,11.604177],[11.526527,11.631004],[11.552916,11.662435],[11.563691,11.658532],[11.58794,11.679281],[11.601306,11.700355]]}},
{"type":"Feature","properties":{},"geometry":{"type":"LineString","coordinates":[[13.618347,11.4347],[13.644578,11.460432],[13.645117,11.47465],[13.658269,11.488402],[13.65881,11.502619],[13.671898,11.514591],[13.672712,11.535916],[13.693351,11.556502],[13.694581,11.588487],[13.682717,11.608506],[13.683539,11.62983],[13.667657,11.639323],[13.659054,11.650324],[13.659398,11.65921],[13.633106,11.679773],[13.61763,11.699932],[13.616719,11.723105],[13.604643,11.737798],[13.606928,11.750172],[13.594851,11.764867],[13.595608,11.78442],[13.588736,11.793579],[13.59373,11.92156],[13.586789,11.928944],[13.572347,11.929494],[13.558602,11.947819],[13.545342,11.97859],[13.547161,12.024811],[13.531607,12.04321],[13.517087,12.041983],[13.510072,12.047593],[13.517647,12.056207],[13.518629,12.081097],[13.470143,12.136374]]}},
{"type":"Feature","properties":{},"geometry":{"type":"LineString","coordinates":[[8.117398,11.573894],[8.099934,11.600435],[8.089135,11.609636],[8.094879,11.62395],[8.087865,11.640292],[8.09012,11.663677],[8.077458,11.671109],[8.077557,11.676514],[8.090746,11.697903],[8.087255,11.706975],[8.116866,11.726267],[8.117065,11.737075],[8.124511,11.744148],[8.124644,11.751353],[8.145087,11.769003],[8.141633,11.779876],[8.158761,11.8156],[8.162824,11.837148],[8.179585,11.853057],[8.170613,11.862229]]}},
{"type":"Feature","properties":{},"geometry":{"type":"LineString","coordinates":[[1.052579,11.692142],[1.006938,11.662908],[0.986988,11.632041],[0.987066,11.621197]]}},
{"type":"Feature","properties":{},"geometry":{"type":"LineString","coordinates":[[8.489993,11.55185],[8.471772,11.553997],[8.464609,11.561336],[8.472299,11.581]]}},
{"type":"Feature","properties":{},"geometry":{"type":"LineString","coordinates":[[0.481582,11.584883],[0.474236,11.586625],[0.461261,11.602774],[0.452082,11.6045],[0.443956,11.614058]]}},
{"type":"Feature","properties":{},"geometry":{"type":"LineString","coordinates":[[2.937332,11.573748],[2.948333,11.595452],[2.975846,11.626201],[3.00153,11.664182],[3.00153,11.754608],[2.994189,11.769076],[2.975322,11.788001]]}},
{"type":"Feature","properties":{},"geometry":{"type":"LineString","coordinates":[[9.530213,11.554386],[9.542967,11.54496],[9.564623,11.5399],[9.586592,11.528437],[9.593376,11.52143],[9.59349,11.513144],[9.613065,11.492928],[9.612812,11.482148]]}},
{"type":"Feature","properties":{},"geometry":{"type":"LineString","coordinates":[[11.870953,11.445258],[11.854651,11.445756],[11.849049,11.44056],[11.77115,11.442923],[11.756323,11.432637],[11.749075,11.432855],[11.741496,11.422349],[11.730571,11.420888]]}},
{"type":"Feature","properties":{},"geometry":{"type":"LineString","coordinates":[[0.98293,11.686238],[0.955661,11.65351],[0.952285,11.613722]]}},
{"type":"Feature","properties":{},"geometry":{"type":"LineString","coordinates":[[8.319133,11.499202],[8.304561,11.501269],[8.2956,11.51044],[8.297527,11.515809],[8.29215,11.521311],[8.279368,11.521544],[8.245242,11.55279],[8.234318,11.554789],[8.216288,11.567726],[8.171419,11.611774],[8.166138,11.62268],[8.153481,11.630114],[8.166571,11.646094],[8.157668,11.658867],[8.165244,11.673144],[8.162226,11.707432],[8.151594,11.725642],[8.133416,11.731375],[8.124511,11.744148]]}},
{"type":"Feature","properties":{},"geometry":{"type":"LineString","coordinates":[[2.209331,11.664903],[2.203904,11.637762],[2.194783,11.619653],[2.156431,11.563483],[2.128989,11.541702]]}},
{"type":"Feature","properties":{},"geometry":{"type":"LineString","coordinates":[[7.843879,11.490953],[7.831806,11.491154],[7.811225,11.500963],[7.786555,11.499125],[7.770414,11.517417],[7.75226,11.524926],[7.73974,11.541357],[7.729289,11.572176],[7.720361,11.584942],[7.711342,11.5923],[7.700373,11.59248]]}},
{"type":"Feature","properties":{},"geometry":{"type":"LineString","coordinates":[[0.745339,11.586878],[0.749049,11.581485],[0.74736,11.563399],[0.760304,11.549042],[0.758558,11.538184],[0.767835,11.523797]]}},
{"type":"Feature","properties":{},"geometry":{"type":"LineString","coordinates":[[13.107594,11.288991],[13.096709,11.287583],[13.086262,11.298638],[13.066293,11.295759],[13.059328,11.303129],[13.059641,11.312032],[13.052802,11.322963],[13.05492,11.331805],[13.0622,11.333338],[13.086603,11.359236],[13.087805,11.393064],[13.095341,11.401716],[13.094172,11.419582],[13.10345,11.426389],[13.115108,11.449157],[13.115492,11.459838],[13.10337,11.474522],[13.105815,11.492263],[13.09711,11.50148],[13.101101,11.561949],[13.094138,11.569325],[13.095106,11.59603],[13.088206,11.605187],[13.088917,11.624772],[13.096595,11.636979],[13.08273,11.653515],[13.086667,11.662288],[13.081573,11.671383]]}},
{"type":"Feature","properties":{},"geometry":{"type":"LineString","coordinates":[[16.03677,12.078111],[16.022277,12.075271],[16.02167,12.062939],[16.008189,12.044155],[16.009635,12.037023],[15.986177,11.997517],[15.983873,11.987029],[15.941682,11.930728],[15.929331,11.897746],[15.921749,11.889267],[15.91834,11.892959],[15.905052,11.877679],[15.892714,11.844688],[15.884913,11.793819],[15.83523,11.728963],[15.83253,11.709651],[15.822511,11.687138],[15.819568,11.662534],[15.805978,11.64018],[15.797432,11.610526],[15.767263,11.578309],[15.759214,11.559229],[15.744176,11.543996],[15.741175,11.51762],[15.723226,11.477767],[15.720074,11.44786],[15.713988,11.432222],[15.712152,11.391652],[15.680407,11.362996],[15.679932,11.35241],[15.672226,11.340373],[15.670254,11.296266],[15.662003,11.271877],[15.663005,11.254157],[15.657408,11.249096]]}},
{"type":"Feature","properties":{},"geometry":{"type":"LineString","coordinates":[[16.340741,11.213455],[16.32204,11.233703],[16.316611,11.232187],[16.308356,11.246671],[16.295467,11.238439],[16.245792,11.245987],[16.229007,11.230871],[16.205908,11.233679],[16.191397,11.229041],[16.175751,11.238567],[16.165619,11.251375],[16.145348,11.238172],[16.137482,11.222643],[16.130187,11.219442],[16.115021,11.239533],[16.093694,11.242253],[16.07293,11.257303],[16.067252,11.250497],[16.054601,11.247532],[15.998333,11.190012],[15.988531,11.171025],[15.990077,11.16566],[15.981983,11.14483],[15.974686,11.141619],[15.964059,11.143853],[15.946848,11.158735],[15.92194,11.161595],[15.912777,11.156699],[15.909366,11.16038],[15.89687,11.160927]]}},
{"type":"Feature","properties":{},"geometry":{"type":"LineString","coordinates":[[9.459907,11.505141],[9.509481,11.506056],[9.522026,11.496785],[9.534737,11.494701],[9.554525,11.48347],[9.57274,11.483058],[9.585282,11.473786],[9.610991,11.48219],[9.629205,11.481775],[9.657795,11.457757],[9.666561,11.443178],[9.713733,11.434907],[9.724486,11.427471],[9.744512,11.427009],[9.761153,11.437406],[9.781135,11.435144],[9.801375,11.443657]]}},
{"type":"Feature","properties":{},"geometry":{"type":"LineString","coordinates":[[14.307319,11.288437],[14.316232,11.286317],[14.323559,11.289586],[14.3423,11.308393],[14.363928,11.309328],[14.386407,11.331535],[14.390783,11.350894]]}},
{"type":"Feature","properties":{},"geometry":{"type":"LineString","coordinates":[[7.81459,11.443793],[7.807264,11.450022],[7.806222,11.461646],[7.786159,11.475696]]}},
{"type":"Feature","properties":{},"geometry":{"type":"LineString","coordinates":[[14.671931,11.277671],[14.677313,11.277457],[14.689436,11.26633],[14.71986,11.26334],[14.730186,11.252286],[14.745311,11.226853],[14.73812,11.182804],[14.750093,11.168142],[14.77304,11.158362],[14.785734,11.161402],[14.805308,11.157074],[14.812189,11.149707],[14.815194,11.135404],[14.82573,11.129665],[14.835759,11.111535],[14.844357,11.102328],[14.856756,11.098289],[14.872085,11.078178],[14.884337,11.070599],[14.887992,11.072225],[14.898162,11.057639],[14.90891,11.05721],[14.921013,11.046092],[14.935269,11.04375],[14.942071,11.034618],[14.956325,11.032274],[14.964916,11.02307],[14.988194,11.022138],[15.009462,11.015968],[15.035222,10.98836],[15.082209,10.910306],[15.092654,10.902802],[15.096377,10.906196],[15.10525,10.904069],[15.117047,10.885885],[15.130995,10.876472],[15.132275,10.864023],[15.144505,10.85645],[15.147917,10.808502],[15.164859,10.784807],[15.167786,10.768755],[15.190594,10.757222],[15.199748,10.762168],[15.206754,10.758347],[15.226488,10.759329],[15.245425,10.740869],[15.245552,10.700151],[15.257195,10.678447],[15.250544,10.64685],[15.238893,10.624301],[15.188735,10.57848]]}},
{"type":"Feature","properties":{},"geometry":{"type":"LineString","coordinates":[[2.132265,11.668297],[2.126919,11.617647],[2.125304,11.547116],[2.129,11.538086],[2.125427,11.507333],[2.118155,11.487419]]}},
{"type":"Feature","properties":{},"geometry":{"type":"LineString","coordinates":[[7.771118,11.450704],[7.780617,11.472181],[7.786159,11.475696],[7.786555,11.499125]]}},
{"type":"Feature","properties":{},"geometry":{"type":"LineString","coordinates":[[1.272164,11.476615],[1.239164,11.478225],[1.233643,11.481808]]}},
{"type":"Feature","properties":{},"geometry":{"type":"LineString","coordinates":[[3.879041,11.480194],[3.866285,11.505549],[3.877398,11.541683],[3.888595,11.603133],[3.870348,11.63393],[3.841052,11.652101],[3.835538,11.6485]]}},
{"type":"Feature","properties":{},"geometry":{"type":"LineString","coordinates":[[8.440423,11.444877],[8.425581,11.432546]]}},
{"type":"Feature","properties":{},"geometry":{"type":"LineString","coordinates":[[8.407536,11.443686],[8.425581,11.432546],[8.445209,11.408768],[8.459673,11.365997],[8.46262,11.314025],[8.472532,11.262858],[8.499321,11.191598],[8.505215,11.161862],[8.519146,11.144985],[8.546203,11.091674],[8.56308,11.073993],[8.600317,11.048008],[8.626571,11.020951],[8.637018,10.998983],[8.64318,10.963889],[8.679078,10.89772],[8.708546,10.879235],[8.740425,10.850303],[8.750069,10.847356],[8.754623,10.830479],[8.768286,10.817888],[8.773108,10.804493],[8.783556,10.792438],[8.792664,10.760291],[8.856155,10.696532],[8.941345,10.650187],[8.953132,10.636524],[9.011801,10.62179],[9.029482,10.60143],[9.068594,10.574105],[9.135567,10.536064],[9.16959,10.52267],[9.192628,10.505792],[9.278354,10.473377],[9.312109,10.447928],[9.379886,10.433461],[9.477216,10.388153],[9.493552,10.387821],[9.504219,10.376818],[9.538778,10.379708],[9.554962,10.372187],[9.587589,10.369719],[9.605471,10.35677],[9.692561,10.354962],[9.714254,10.350914],[9.73251,10.355923],[9.739651,10.350382],[9.756131,10.357222],[9.774193,10.353247],[9.796231,10.365357],[9.816574,10.382892],[9.847331,10.378641],[9.868663,10.358422],[9.878915,10.329459],[9.882032,10.306039],[9.915971,10.28196],[9.943328,10.205931],[9.977252,10.181855],[9.987183,10.138537],[10.001483,10.129251],[10.027751,10.134221]]}},
{"type":"Feature","properties":{},"geometry":{"type":"LineString","coordinates":[[7.350135,11.415796],[7.337615,11.43402],[7.324928,11.441422]]}},
{"type":"Feature","properties":{},"geometry":{"type":"LineString","coordinates":[[0.394794,11.461267],[0.369235,11.452004],[0.362043,11.437486],[0.346246,11.424725]]}},
{"type":"Feature","properties":{},"geometry":{"type":"LineString","coordinates":[[12.485299,11.274062],[12.503606,11.280613],[12.505267,11.330554],[12.49158,11.354211],[12.480735,11.354563]]}},
{"type":"Feature","properties":{},"geometry":{"type":"LineString","coordinates":[[8.110331,11.388144],[8.111995,11.379106],[8.124645,11.371678]]}},
{"type":"Feature","properties":{},"geometry":{"type":"LineString","coordinates":[[2.388137,11.446515],[2.397338,11.430258],[2.397365,11.417599]]}},
{"type":"Feature","properties":{},"geometry":{"type":"LineString","coordinates":[[13.5773,11.154956],[13.521487,11.156942],[13.514543,11.164309],[13.496536,11.164948],[13.489591,11.172316],[13.476986,11.172763],[13.470039,11.180131],[13.446626,11.180958],[13.43376,11.174289],[13.419864,11.189026],[13.409248,11.194742],[13.396638,11.195185],[13.389688,11.202554],[13.346446,11.204072],[13.339494,11.211441],[13.319672,11.212134],[13.314521,11.21944],[13.301905,11.219881],[13.277903,11.204684]]}},
{"type":"Feature","properties":{},"geometry":{"type":"LineString","coordinates":[[2.413874,11.412207],[2.410197,11.417624]]}},
{"type":"Feature","properties":{},"geometry":{"type":"LineString","coordinates":[[2.237145,11.556474],[2.217002,11.545569],[2.169444,11.503845],[2.145738,11.460375]]}},
{"type":"Feature","properties":{},"geometry":{"type":"LineString","coordinates":[[5.532942,11.383794],[5.529311,11.387439],[5.500865,11.388858],[5.488208,11.402487],[5.462689,11.406369],[5.454895,11.418581],[5.460268,11.451271],[5.45482,11.456738]]}},
{"type":"Feature","properties":{},"geometry":{"type":"LineString","coordinates":[[0.889751,11.394573],[0.865911,11.398016],[0.845638,11.414134],[0.825474,11.415793],[0.812678,11.412083],[0.805309,11.41745],[0.794318,11.417368],[0.770646,11.399116],[0.765151,11.399074],[0.748793,11.382684]]}},
{"type":"Feature","properties":{},"geometry":{"type":"LineString","coordinates":[[0.569686,11.563058],[0.546053,11.541174],[0.542545,11.523074],[0.546288,11.514071],[0.535452,11.495909],[0.510027,11.470395],[0.508669,11.416174],[0.469325,11.376754]]}},
{"type":"Feature","properties":{},"geometry":{"type":"LineString","coordinates":[[16.303497,11.816552],[16.302286,11.791917],[16.285349,11.775083],[16.263384,11.728496],[16.25607,11.725314],[16.197722,11.666305],[16.194159,11.629419],[16.174868,11.60032],[16.170541,11.58464],[16.162726,11.570885],[16.14113,11.568354],[16.120483,11.548128],[16.117448,11.521794],[16.11151,11.509712],[16.107772,11.506353],[16.102498,11.50836],[16.091203,11.496522],[16.085929,11.498529],[16.076585,11.49013],[16.045976,11.486229],[16.030946,11.471025],[16.013168,11.473597],[16.009432,11.470235],[16.010397,11.452536],[16.006498,11.44565],[15.97044,11.401368],[15.969302,11.376698],[15.956071,11.361398],[15.954616,11.329678],[15.950641,11.321025],[15.914944,11.28376],[15.904724,11.176479],[15.887391,11.148979],[15.886444,11.127825],[15.871141,11.105531],[15.865786,11.105764]]}},
{"type":"Feature","properties":{},"geometry":{"type":"LineString","coordinates":[[12.962156,11.210153],[12.960722,11.220901],[12.975278,11.223976],[12.990329,11.241298],[12.989208,11.26095],[12.996673,11.267829],[12.997171,11.282076],[13.004637,11.288954],[13.00327,11.301482],[13.010737,11.308359],[13.037677,11.303872],[13.05448,11.31934]]}},
{"type":"Feature","properties":{},"geometry":{"type":"LineString","coordinates":[[9.932647,11.30584],[9.985395,11.304594],[10.003451,11.298778],[10.025407,11.303643],[10.04022,11.314065],[10.051176,11.315598],[10.056853,11.324442],[10.080495,11.323874]]}},
{"type":"Feature","properties":{},"geometry":{"type":"LineString","coordinates":[[10.234079,11.281845],[10.254164,11.284942],[10.281381,11.282476],[10.299693,11.287409],[10.312643,11.296062],[10.343584,11.297089],[10.373168,11.316092],[10.375124,11.321426],[10.370041,11.335911]]}},
{"type":"Feature","properties":{},"geometry":{"type":"LineString","coordinates":[[16.571173,11.141213],[16.572373,11.128827],[16.555275,11.106711],[16.54278,11.068525],[16.530322,11.069094],[16.524653,11.062305],[16.515754,11.062711],[16.506444,11.054325],[16.45668,11.058348],[16.452322,11.079694],[16.445444,11.085294],[16.417347,11.056604],[16.412004,11.056846],[16.39897,11.045095],[16.376141,11.014393],[16.363674,11.014952],[16.356957,11.024069],[16.328621,11.028865],[16.316153,11.029423],[16.301579,11.023022],[16.282708,11.039736],[16.266915,11.045732],[16.25234,11.039327],[16.24027,11.048684],[16.24051,11.053965],[16.232002,11.063163],[16.218147,11.0726],[16.200165,11.069873],[16.170023,11.074741],[16.155361,11.06657],[16.139237,11.06552],[16.114943,11.041889],[16.10678,11.019308],[16.086218,10.999034],[16.082732,11.000952],[16.071482,10.98909],[16.053811,10.993393],[16.037055,10.978238],[16.030002,10.980311],[16.026279,10.976943],[16.017657,10.943778],[16.011994,10.936962],[15.994243,10.939497],[15.986422,10.964552],[15.97239,10.970456],[15.968135,10.99536],[15.949769,11.024408],[15.933714,11.025105],[15.923323,11.03262],[15.90199,11.035311],[15.883599,11.023744],[15.872972,11.025969],[15.856297,11.053185],[15.858551,11.063685],[15.862433,11.070583],[15.86965,11.072036],[15.873847,11.085984],[15.865472,11.098712],[15.865786,11.105764],[15.851977,11.116962],[15.825355,11.121651],[15.798796,11.087467],[15.781019,11.090001],[15.771702,11.081567],[15.762696,11.080188],[15.745695,11.059714],[15.723648,11.046521],[15.719305,11.029033],[15.704327,11.013766],[15.701543,10.990909],[15.678968,10.965355],[15.655943,10.929208],[15.643444,10.929734],[15.613587,10.900934],[15.597668,10.905136],[15.568116,10.883383],[15.553906,10.885743]]}},
{"type":"Feature","properties":{},"geometry":{"type":"LineString","coordinates":[[7.786105,11.406998],[7.786581,11.398438],[7.798893,11.394266],[7.800627,11.386907],[7.830572,11.371254],[7.826493,11.346085],[7.817181,11.335422],[7.818825,11.324578],[7.826009,11.31725]]}},
{"type":"Feature","properties":{},"geometry":{"type":"LineString","coordinates":[[3.316772,11.356556],[3.355346,11.425237],[3.410421,11.479421],[3.419613,11.495684],[3.417819,11.522815],[3.403205,11.562622],[3.401394,11.578901],[3.392261,11.606042],[3.383104,11.616905],[3.375803,11.644042],[3.357491,11.671193],[3.350206,11.714606]]}},
{"type":"Feature","properties":{},"geometry":{"type":"LineString","coordinates":[[16.543328,11.042074],[16.537989,11.042317],[16.5295,11.051513],[16.524653,11.062305]]}},
{"type":"Feature","properties":{},"geometry":{"type":"LineString","coordinates":[[15.098389,11.297549],[15.114211,11.289808],[15.109726,11.26874],[15.123379,11.252234],[15.129643,11.230722],[15.16992,11.165306],[15.201317,11.144533],[15.22093,11.141952],[15.240907,11.105719],[15.256412,11.090917]]}},
{"type":"Feature","properties":{},"geometry":{"type":"LineString","coordinates":[[0.653201,11.364977],[0.622233,11.34485],[0.613056,11.311931]]}},
{"type":"Feature","properties":{},"geometry":{"type":"LineString","coordinates":[[16.160734,11.027516],[16.163235,11.043285],[16.155361,11.06657]]}},
{"type":"Feature","properties":{},"geometry":{"type":"LineString","coordinates":[[7.784008,11.317934],[7.798317,11.299675],[7.80508,11.267117]]}},
{"type":"Feature","properties":{},"geometry":{"type":"LineString","coordinates":[[7.710766,11.381834],[7.712497,11.37417],[7.704619,11.365743],[7.702162,11.348065],[7.714937,11.338878],[7.737908,11.291636],[7.741116,11.264542]]}},
{"type":"Feature","properties":{},"geometry":{"type":"LineString","coordinates":[[7.826009,11.31725],[7.825043,11.259583]]}},
{"type":"Feature","properties":{},"geometry":{"type":"LineString","coordinates":[[1.111904,11.321971],[1.08449,11.312757],[1.071839,11.287367]]}},
{"type":"Feature","properties":{},"geometry":{"type":"LineString","coordinates":[[1.262901,11.492829],[1.240918,11.490891],[1.222692,11.47451],[1.206198,11.474409],[1.198936,11.463518],[1.189796,11.459846],[1.186188,11.450785],[1.149597,11.441517],[1.114698,11.453948],[1.107308,11.462938],[1.092624,11.466458],[1.072356,11.482594],[1.055851,11.484292],[1.033735,11.502219],[1.011768,11.498455],[1.000747,11.501995],[0.969398,11.528891],[0.96026,11.525211],[0.892329,11.540994]]}},
{"type":"Feature","properties":{},"geometry":{"type":"LineString","coordinates":[[0.919715,11.304414],[0.910598,11.298927],[0.901626,11.273559]]}},
{"type":"Feature","properties":{},"geometry":{"type":"LineString","coordinates":[[14.68799,11.053542],[14.691433,11.04986],[14.721764,11.045123],[14.746929,11.045907],[14.766286,11.036279],[14.775604,11.044777],[14.780908,11.042794],[14.799259,11.052708],[14.815458,11.053839],[14.824921,11.065873],[14.844632,11.06509],[14.851654,11.061265],[14.865194,11.041228],[14.883035,11.038746],[14.893277,11.025931],[14.902162,11.023805],[14.927525,11.029883],[14.933478,11.043821]]}},
{"type":"Feature","properties":{},"geometry":{"type":"LineString","coordinates":[[14.96231,11.090511],[14.969547,11.091992],[14.9762,11.07932],[14.989068,11.043365],[14.988194,11.022138]]}},
{"type":"Feature","properties":{},"geometry":{"type":"LineString","coordinates":[[14.282609,10.766653],[14.305003,10.788912],[14.30368,10.801392],[14.311123,10.808219],[14.312336,10.840139],[14.305431,10.847498],[14.307833,10.863391],[14.301131,10.876072],[14.293954,10.87634],[14.25776,10.916761],[14.263483,10.925428],[14.226479,11.038716],[14.212592,11.051672],[14.215071,11.069343],[14.189772,11.112932],[14.193836,11.171405],[14.186994,11.180547],[14.189205,11.191123],[14.182363,11.200266],[14.184716,11.260583],[14.172482,11.269933]]}},
{"type":"Feature","properties":{},"geometry":{"type":"LineString","coordinates":[[14.062832,11.039485],[14.063708,11.062558],[14.069368,11.069457],[14.081945,11.068989],[14.089401,11.07582],[14.098385,11.075487],[14.107097,11.068054],[14.122079,11.083488],[14.121984,11.127916],[14.151962,11.158774],[14.169165,11.184776],[14.172621,11.273482],[14.165917,11.286174],[14.057357,11.411159],[14.057636,11.418258],[14.045599,11.432938],[14.046645,11.459561],[14.039796,11.46871]]}},
{"type":"Feature","properties":{},"geometry":{"type":"LineString","coordinates":[[0.709749,11.225152],[0.685895,11.232197],[0.663624,11.257336]]}},
{"type":"Feature","properties":{},"geometry":{"type":"LineString","coordinates":[[11.600142,11.245802],[11.603391,11.23318],[11.615802,11.22387],[11.627945,11.205621],[11.627626,11.194893],[11.643442,11.178327],[11.652336,11.1727],[11.670443,11.172172],[11.675714,11.16665],[11.701007,11.164122],[11.720115,11.136724],[11.717715,11.117114],[11.726498,11.107912]]}},
{"type":"Feature","properties":{},"geometry":{"type":"LineString","coordinates":[[0.856291,11.213591],[0.850719,11.224395],[0.852349,11.251517]]}},
{"type":"Feature","properties":{},"geometry":{"type":"LineString","coordinates":[[12.516271,11.171291],[12.530721,11.170827],[12.555183,11.145047],[12.569042,11.12675],[12.566884,11.116108],[12.573637,11.10161],[12.585806,11.086939],[12.600425,11.091824],[12.609276,11.086184],[12.628075,11.053451],[12.660562,11.052405]]}},
{"type":"Feature","properties":{},"geometry":{"type":"LineString","coordinates":[[0.684427,11.179615],[0.658659,11.197487],[0.647678,11.1974],[0.631088,11.211726],[0.626293,11.232662]]}},
{"type":"Feature","properties":{},"geometry":{"type":"LineString","coordinates":[[11.692215,11.051656],[11.703074,11.051341],[11.714304,11.063539],[11.712761,11.07253],[11.72229,11.088355],[11.7208,11.099132],[11.745187,11.127045],[11.747481,11.143079],[11.760636,11.158792],[11.76342,11.190912]]}},
{"type":"Feature","properties":{},"geometry":{"type":"LineString","coordinates":[[7.607437,11.406082],[7.605103,11.395731],[7.585354,11.380765],[7.573417,11.350704],[7.576053,11.337461],[7.59212,11.31377],[7.622796,11.28985],[7.648277,11.284042],[7.666278,11.267532],[7.682625,11.261866],[7.730072,11.25931],[7.73929,11.26457],[7.786733,11.262006],[7.808732,11.267057],[7.814119,11.261562],[7.825043,11.259583],[7.841142,11.239491],[7.839196,11.232312],[7.86804,11.210212],[7.878658,11.19021],[7.893047,11.177357],[7.906888,11.13207]]}},
{"type":"Feature","properties":{},"geometry":{"type":"LineString","coordinates":[[2.623276,11.179368],[2.599472,11.173912],[2.559171,11.177472],[2.546341,11.182878],[2.507882,11.179201],[2.491391,11.182791],[2.482243,11.177349],[2.46393,11.175508],[2.451126,11.166443],[2.39436,11.160908],[2.357778,11.13913],[2.326637,11.142678],[2.315657,11.139036],[2.264358,11.147958],[2.227741,11.144249],[2.213066,11.153253],[2.19109,11.153194],[2.169129,11.147709],[2.157678,11.138515]]}},
{"type":"Feature","properties":{},"geometry":{"type":"LineString","coordinates":[[1.155131,11.143067],[1.12597,11.123002],[1.098503,11.124638]]}},
{"type":"Feature","properties":{},"geometry":{"type":"LineString","coordinates":[[2.371966,11.125937],[2.357778,11.13913]]}},
{"type":"Feature","properties":{},"geometry":{"type":"LineString","coordinates":[[1.374307,11.111793],[1.381639,11.110023],[1.399202,11.115541]]}},
{"type":"Feature","properties":{},"geometry":{"type":"LineString","coordinates":[[0.06566,11.089234],[0.084454,11.139599]]}},
{"type":"Feature","properties":{},"geometry":{"type":"LineString","coordinates":[[0.111649,11.087029],[0.126191,11.0962],[0.144074,11.100723]]}},
{"type":"Feature","properties":{},"geometry":{"type":"LineString","coordinates":[[13.785302,10.683197],[13.778371,10.690553],[13.717293,10.692681],[13.705157,10.705557],[13.680001,10.70643],[13.648409,10.728877],[13.594488,10.730739],[13.570071,10.752938],[13.558174,10.772928],[13.485458,10.855542],[13.48596,10.869768],[13.477278,10.87897],[13.477845,10.894974],[13.450061,10.924423],[13.450312,10.931536],[13.401111,10.96707],[13.408815,10.981051],[13.384557,11.008604],[13.383071,11.017561],[13.374447,11.028545],[13.376373,11.03204],[13.366011,11.044866],[13.373656,11.05707],[13.372171,11.066026],[13.328979,11.11918],[13.297435,11.145214],[13.299934,11.164724],[13.292979,11.172091],[13.295226,11.184484],[13.244799,11.237906],[13.225096,11.242154],[13.207891,11.265917],[13.210202,11.280092],[13.183915,11.302391],[13.176701,11.302642],[13.166324,11.315477],[13.160913,11.315665],[13.12965,11.350614],[13.131708,11.357672],[13.124745,11.365044],[13.127358,11.438033],[13.115108,11.449157]]}},
{"type":"Feature","properties":{},"geometry":{"type":"LineString","coordinates":[[5.861255,11.085361],[5.871756,11.111893],[5.866375,11.122783],[5.856173,11.126958],[5.859901,11.134149],[5.856314,11.141409]]}},
{"type":"Feature","properties":{},"geometry":{"type":"LineString","coordinates":[[0.131775,11.073732],[0.150137,11.091957]]}},
{"type":"Feature","properties":{},"geometry":{"type":"LineString","coordinates":[[7.764521,11.132564],[7.766228,11.125325],[7.796692,11.090588],[7.803667,11.070647],[7.819821,11.054166],[7.850569,11.03745]]}},
{"type":"Feature","properties":{},"geometry":{"type":"LineString","coordinates":[[12.99202,10.922074],[13.014128,10.935608],[13.032089,10.933229],[13.055757,10.939574],[13.061345,10.944736],[13.06183,10.958981],[13.067663,10.971266],[13.084369,10.984967],[13.102083,10.975462],[13.117627,10.955333],[13.14068,10.943867],[13.134604,10.924466],[13.143061,10.908142],[13.170079,10.907237],[13.191324,10.895832],[13.204113,10.900747],[13.209271,10.893446],[13.216535,10.894983],[13.22957,10.907017],[13.238573,10.906712],[13.249624,10.913465],[13.282034,10.912368],[13.29439,10.904822],[13.350258,10.9047],[13.357832,10.915127],[13.377694,10.916229],[13.387006,10.924814],[13.39502,10.947691],[13.40806,10.959707]]}},
{"type":"Feature","properties":{},"geometry":{"type":"LineString","coordinates":[[0.018639,11.049033],[-0.010689,11.055967],[-0.023673,11.0739],[-0.030987,11.073827],[-0.035575,11.079431]]}},
{"type":"Feature","properties":{},"geometry":{"type":"LineString","coordinates":[[0.617109,11.046201],[0.600557,11.056912],[0.585893,11.06041],[0.561948,11.080096],[0.526839,11.121372],[0.526778,11.1286],[0.505997,11.15774]]}},
{"type":"Feature","properties":{},"geometry":{"type":"LineString","coordinates":[[2.286935,11.448094],[2.226497,11.42624],[2.197238,11.400844]]}},
{"type":"Feature","properties":{},"geometry":{"type":"LineString","coordinates":[[12.774974,10.686524],[12.795777,10.716193],[12.803278,10.746282],[12.800599,10.753503],[12.785833,10.743269],[12.771299,10.740163],[12.76409,10.740392],[12.758856,10.74591],[12.757574,10.762009],[12.778214,10.786329],[12.788393,10.821684],[12.779963,10.839795],[12.782527,10.862905],[12.774098,10.881017],[12.7613,10.876076],[12.760552,10.908214],[12.755319,10.913735],[12.751594,10.910287],[12.74636,10.915808],[12.742636,10.912359],[12.744263,10.906954],[12.733208,10.900171],[12.726345,10.911097],[12.729322,10.946688],[12.741262,10.980205],[12.739577,10.983828],[12.730498,10.982338],[12.727244,10.993149],[12.716597,10.998846],[12.710264,11.025817],[12.696183,11.03698],[12.675803,11.021576],[12.66605,11.022569],[12.657934,11.027505],[12.654678,11.038318]]}},
{"type":"Feature","properties":{},"geometry":{"type":"LineString","coordinates":[[15.513444,11.315424],[15.528685,11.295314],[15.534904,11.273823],[15.541747,11.266456],[15.611401,11.261691],[15.627256,11.255702],[15.645288,11.258459],[15.657408,11.249096],[15.6623,11.238277],[15.668041,11.206211],[15.660503,11.197697],[15.654363,11.180285],[15.653585,11.162641],[15.638437,11.143844],[15.635259,11.112159],[15.641402,11.088916],[15.62723,11.009966],[15.602029,10.965064],[15.598878,10.933372],[15.563437,10.899492],[15.548248,10.878905],[15.539093,10.87398],[15.506945,10.875313],[15.483053,10.860382],[15.47241,10.86259],[15.461245,10.852436],[15.432514,10.850079],[15.406393,10.824612],[15.40409,10.812322],[15.407221,10.801579],[15.403354,10.79466],[15.390702,10.791637]]}},
{"type":"Feature","properties":{},"geometry":{"type":"LineString","coordinates":[[0.25382,11.022354],[0.242613,11.047545],[0.242528,11.056578],[0.246034,11.072869],[0.256906,11.083809],[0.255772,11.097572]]}},
{"type":"Feature","properties":{},"geometry":{"type":"LineString","coordinates":[[12.926171,10.949207],[12.904299,10.942791],[12.894212,10.911018],[12.868084,10.885115],[12.827775,10.866799],[12.818467,10.858181],[12.793169,10.857211],[12.782527,10.862905]]}},
{"type":"Feature","properties":{},"geometry":{"type":"LineString","coordinates":[[13.05634,10.850422],[13.073215,10.869472],[13.079224,10.887099],[13.086732,10.895762],[13.109079,10.916407],[13.134604,10.924466]]}},
{"type":"Feature","properties":{},"geometry":{"type":"LineString","coordinates":[[0.328626,10.854991],[0.31394,10.86209],[0.297312,10.881819],[0.278968,10.888884],[0.278902,10.89611],[0.265926,10.915868],[0.240268,10.922864],[0.227338,10.937201],[0.21791,10.967828],[0.171879,11.001728],[0.182505,11.037958],[0.17507,11.050535],[0.174914,11.066792],[0.17927,11.075334]]}},
{"type":"Feature","properties":{},"geometry":{"type":"LineString","coordinates":[[14.141092,10.848824],[14.131652,10.836732],[14.1272,10.813797],[14.114305,10.805382]]}},
{"type":"Feature","properties":{},"geometry":{"type":"LineString","coordinates":[[12.391962,10.789477],[12.401208,10.796337],[12.402105,10.824884],[12.407688,10.83007],[12.440173,10.829069],[12.449647,10.843061],[12.471926,10.862013],[12.472209,10.870931],[12.479656,10.877842],[12.478477,10.89752],[12.485925,10.904429],[12.484691,10.922323],[12.496036,10.938038]]}},
{"type":"Feature","properties":{},"geometry":{"type":"LineString","coordinates":[[0.687582,11.013323],[0.724318,10.99372],[0.748316,10.964982]]}},
{"type":"Feature","properties":{},"geometry":{"type":"LineString","coordinates":[[7.728393,11.042992],[7.730044,11.032148],[7.746203,11.01567],[7.74965,11.002996],[7.783815,10.971812],[7.792615,10.951844],[7.807002,10.938998],[7.825122,10.931501]]}},
{"type":"Feature","properties":{},"geometry":{"type":"LineString","coordinates":[[0.90638,11.116131],[0.891739,11.116029],[0.877151,11.108696],[0.844411,11.081352],[0.828182,11.048702],[0.841253,11.012648]]}},
{"type":"Feature","properties":{},"geometry":{"type":"LineString","coordinates":[[0.832595,10.945712],[0.834318,10.960183],[0.845135,10.981949],[0.852413,10.987423]]}},
{"type":"Feature","properties":{},"geometry":{"type":"LineString","coordinates":[[13.943708,10.859551],[13.959546,10.850092],[13.969863,10.837275],[13.972539,10.812291],[13.980931,10.79599],[13.993042,10.783111],[14.0124,10.771749],[14.031298,10.747963],[14.045397,10.740346],[14.06328,10.737926],[14.092388,10.747537],[14.106746,10.747018]]}},
{"type":"Feature","properties":{},"geometry":{"type":"LineString","coordinates":[[1.148875,10.973103],[1.119638,10.9675],[1.101425,10.954733],[1.086779,10.95645],[1.077586,10.963622],[1.066657,10.956323]]}},
{"type":"Feature","properties":{},"geometry":{"type":"LineString","coordinates":[[16.591371,10.770394],[16.587493,10.763522],[16.580383,10.763839],[16.569236,10.753769],[16.560427,10.755922],[16.547422,10.74417],[16.514782,10.731524],[16.499922,10.718087],[16.476885,10.720866],[16.46428,10.717897],[16.454913,10.707737],[16.440686,10.708362],[16.435035,10.701562],[16.42792,10.701874],[16.420413,10.693391],[16.412276,10.670835],[16.369571,10.632155]]}},
{"type":"Feature","properties":{},"geometry":{"type":"LineString","coordinates":[[15.410026,10.911153],[15.390819,10.880095],[15.358963,10.846011],[15.353013,10.832097],[15.352424,10.817965],[15.359204,10.808843],[15.375063,10.80289],[15.378784,10.806276],[15.38407,10.804293],[15.390848,10.79517],[15.382895,10.776031],[15.382382,10.763667],[15.374871,10.755125],[15.373774,10.72863],[15.368124,10.721781],[15.365609,10.704188],[15.348808,10.68717],[15.331091,10.69142],[15.325515,10.686335],[15.320228,10.688317],[15.303357,10.669525],[15.283779,10.672077],[15.269271,10.667345],[15.264198,10.674627],[15.257124,10.67668]]}},
{"type":"Feature","properties":{},"geometry":{"type":"LineString","coordinates":[[3.529966,11.016247],[3.537259,10.999957],[3.561008,10.974595],[3.560997,10.96917],[3.579262,10.949242],[3.582901,10.938383],[3.608485,10.920248],[3.61212,10.907581],[3.621247,10.896711]]}},
{"type":"Feature","properties":{},"geometry":{"type":"LineString","coordinates":[[14.883593,10.512326],[14.902232,10.531112],[14.920045,10.52866],[14.940544,10.54914],[14.972657,10.546136],[14.99281,10.557762],[15.006307,10.559012],[15.012166,10.567749],[15.04231,10.582952],[15.071581,10.586102],[15.074435,10.59846],[15.094604,10.620273],[15.118007,10.624422],[15.126246,10.63345],[15.125866,10.643595],[15.13496,10.665583]]}},
{"type":"Feature","properties":{},"geometry":{"type":"LineString","coordinates":[[14.493424,10.715028],[14.493018,10.704396],[14.516884,10.671562],[14.545411,10.666946],[14.583163,10.66908],[14.605562,10.645176],[14.612725,10.644907],[14.621339,10.635714],[14.633805,10.633472],[14.648675,10.647103],[14.667892,10.633962],[14.673331,10.635531],[14.685453,10.624432],[14.694404,10.624094],[14.739151,10.668504],[14.749959,10.669866],[14.760354,10.660604],[14.783553,10.657946],[14.794775,10.669928],[14.805445,10.667747],[14.825824,10.684693],[14.884665,10.67711],[14.9162,10.704247],[14.92192,10.712885],[14.920271,10.716494]]}},
{"type":"Feature","properties":{},"geometry":{"type":"LineString","coordinates":[[2.516506,11.00909],[2.485436,10.980103],[2.461661,10.969211],[2.445222,10.951096],[2.423277,10.942012],[2.401351,10.923884],[2.370268,10.911162],[2.35749,10.896667],[2.344689,10.893023],[2.322768,10.876699],[2.269725,10.869344],[2.22951,10.854777],[2.192929,10.851067],[2.178318,10.841986],[2.163683,10.841947],[2.155686,10.837503]]}},
{"type":"Feature","properties":{},"geometry":{"type":"LineString","coordinates":[[0.25045,10.809134],[0.257661,10.820039],[0.252014,10.838056],[0.257332,10.85617],[0.26456,10.865268],[0.264494,10.872494],[0.278968,10.888884]]}},
{"type":"Feature","properties":{},"geometry":{"type":"LineString","coordinates":[[3.564409,10.837139],[3.568051,10.82809],[3.580836,10.817214]]}},
{"type":"Feature","properties":{},"geometry":{"type":"LineString","coordinates":[[13.544457,10.638117],[13.533858,10.643817],[13.534972,10.67582]]}},
{"type":"Feature","properties":{},"geometry":{"type":"LineString","coordinates":[[15.74634,10.273416],[15.751126,10.303259],[15.746143,10.312292],[15.746721,10.326402],[15.734757,10.33925],[15.729269,10.335937],[15.715161,10.340037],[15.704182,10.33341],[15.690289,10.342802],[15.69236,10.349786],[15.687375,10.358822],[15.67069,10.343586],[15.656865,10.354742],[15.659295,10.370551],[15.649107,10.38333],[15.650262,10.411563],[15.629957,10.438891],[15.631117,10.467125],[15.617217,10.476523],[15.62886,10.499033],[15.63985,10.505658],[15.641998,10.514409],[15.623551,10.543438],[15.590029,10.553635],[15.567424,10.568694],[15.542084,10.560878],[15.527884,10.563218],[15.50804,10.558713],[15.489545,10.54354],[15.460994,10.544683],[15.448935,10.555779],[15.428871,10.545968],[15.416449,10.548233],[15.394026,10.524359],[15.372606,10.525209],[15.357683,10.509877],[15.348686,10.508464],[15.329911,10.486201],[15.304139,10.46775],[15.297069,10.469796],[15.276796,10.454662],[15.269725,10.456709],[15.260446,10.448221],[15.256946,10.450128],[15.236745,10.436755],[15.229603,10.437033],[15.21847,10.426845],[15.207826,10.429028],[15.192982,10.415441],[15.182338,10.417623],[15.169281,10.403963],[15.168656,10.388053],[15.150106,10.37106],[15.145843,10.353519],[15.110676,10.32299],[15.080113,10.318839],[15.067134,10.306933],[15.035054,10.309919]]}},
{"type":"Feature","properties":{},"geometry":{"type":"LineString","coordinates":[[4.319752,10.796859],[4.274007,10.791626],[4.233691,10.771898],[4.211767,10.77741],[4.173369,10.779366],[4.129456,10.774104],[4.123949,10.768699],[4.09649,10.761564],[4.067243,10.765283],[4.034385,10.783478],[3.979568,10.799932],[3.9595,10.81627],[3.926602,10.825413],[3.911995,10.834498],[3.890113,10.858071],[3.871833,10.863549],[3.86819,10.868985]]}},
{"type":"Feature","properties":{},"geometry":{"type":"LineString","coordinates":[[10.929084,10.66111],[10.924997,10.64329]]}},
{"type":"Feature","properties":{},"geometry":{"type":"LineString","coordinates":[[4.326798,10.73535],[4.268346,10.750059],[4.255591,10.760961],[4.239148,10.764644],[4.233691,10.771898]]}},
{"type":"Feature","properties":{},"geometry":{"type":"LineString","coordinates":[[10.90178,10.656427],[10.924997,10.64329],[10.93015,10.632403]]}},
{"type":"Feature","properties":{},"geometry":{"type":"LineString","coordinates":[[16.341286,10.677455],[16.34283,10.672099],[16.353504,10.671635],[16.365486,10.660537],[16.364625,10.641184],[16.369415,10.628636],[16.363691,10.620071],[16.359045,10.595593],[16.319918,10.556732],[16.317137,10.533933],[16.320385,10.526741],[16.304853,10.497434],[16.299232,10.450068]]}},
{"type":"Feature","properties":{},"geometry":{"type":"LineString","coordinates":[[11.020818,10.635461],[11.006429,10.639416],[10.984609,10.636391],[10.955873,10.646087],[10.93015,10.632403],[10.928199,10.627076]]}},
{"type":"Feature","properties":{},"geometry":{"type":"LineString","coordinates":[[7.702747,10.688212],[7.71172,10.679062],[7.735244,10.667889],[7.746262,10.67313],[7.774813,10.668301],[7.784585,10.67615],[7.832597,10.686892]]}},
{"type":"Feature","properties":{},"geometry":{"type":"LineString","coordinates":[[13.295595,10.571662],[13.291759,10.564663],[13.293258,10.555707],[13.27282,10.536783],[13.260231,10.537196],[13.252799,10.530313],[13.252324,10.516076],[13.288777,10.475693],[13.31053,10.480325],[13.315447,10.465914],[13.30628,10.46087],[13.305332,10.432401],[13.319238,10.417699],[13.317027,10.405302],[13.325776,10.397893],[13.331168,10.397717],[13.336797,10.404658],[13.352852,10.400572],[13.368373,10.380475],[13.36784,10.364464]]}},
{"type":"Feature","properties":{},"geometry":{"type":"LineString","coordinates":[[11.029211,10.610157],[11.016446,10.6069],[11.009017,10.599922]]}},
{"type":"Feature","properties":{},"geometry":{"type":"LineString","coordinates":[[14.11277,10.860523],[14.115109,10.778699],[14.109461,10.771797],[14.106746,10.747018],[14.11539,10.73782],[14.118936,10.68794],[14.132831,10.675002],[14.150574,10.669031],[14.162738,10.657932],[14.156311,10.629738],[14.171278,10.597221],[14.159738,10.576316],[14.129686,10.540081],[14.125456,10.522463],[14.137427,10.506048],[14.166307,10.51035],[14.203048,10.484169],[14.217452,10.485432],[14.259583,10.508788],[14.270336,10.5084]]}},
{"type":"Feature","properties":{},"geometry":{"type":"LineString","coordinates":[[10.893886,10.631531],[10.93001,10.627029],[10.951458,10.61573],[10.965943,10.61536],[10.969657,10.618851],[10.984047,10.614899],[11.009017,10.599922],[11.022843,10.574479]]}},
{"type":"Feature","properties":{},"geometry":{"type":"LineString","coordinates":[[0.018837,10.66067],[-0.001267,10.662284],[-0.043606,10.696195],[-0.059987,10.690616],[-0.083006,10.699743]]}},
{"type":"Feature","properties":{},"geometry":{"type":"LineString","coordinates":[[0.598924,10.662046],[0.613427,10.676615],[0.633468,10.683996],[0.648099,10.6823],[0.664446,10.695073]]}},
{"type":"Feature","properties":{},"geometry":{"type":"LineString","coordinates":[[1.637748,10.713498],[1.654346,10.681023],[1.685503,10.663074],[1.694689,10.652263]]}},
{"type":"Feature","properties":{},"geometry":{"type":"LineString","coordinates":[[11.087573,10.556689],[11.056714,10.553899],[11.043906,10.548852],[11.023998,10.549361]]}},
{"type":"Feature","properties":{},"geometry":{"type":"LineString","coordinates":[[13.902168,10.455646],[13.913247,10.464152],[13.940283,10.466769],[13.964488,10.490814],[14.000556,10.494885],[14.011891,10.510483],[14.018741,10.551122],[14.028159,10.563231],[14.050902,10.546431],[14.081716,10.554225],[14.105987,10.530262],[14.12552,10.524238]]}},
{"type":"Feature","properties":{},"geometry":{"type":"LineString","coordinates":[[10.921654,10.584223],[10.937624,10.571272],[10.944495,10.556759],[10.969698,10.550743],[10.974989,10.545232],[10.974479,10.52553]]}},
{"type":"Feature","properties":{},"geometry":{"type":"LineString","coordinates":[[2.851135,10.60973],[2.834687,10.59887],[2.814579,10.595242]]}},
{"type":"Feature","properties":{},"geometry":{"type":"LineString","coordinates":[[16.574038,10.302673],[16.542543,10.314587],[16.514211,10.317558],[16.500389,10.326956],[16.487865,10.366248],[16.4711,10.389869],[16.471561,10.40042],[16.453173,10.427638],[16.453635,10.43819],[16.430377,10.476194]]}},
{"type":"Feature","properties":{},"geometry":{"type":"LineString","coordinates":[[10.902811,10.556018],[10.938509,10.535401],[10.96204,10.534806],[10.974479,10.52553],[10.975918,10.511156],[10.988264,10.498298],[11.034894,10.480987]]}},
{"type":"Feature","properties":{},"geometry":{"type":"LineString","coordinates":[[14.797018,10.356055],[14.803834,10.346938],[14.816281,10.344703],[14.829199,10.354858],[14.875674,10.353121],[14.88124,10.35823],[14.904678,10.362666],[14.922481,10.360226],[14.938973,10.370237],[14.979858,10.40944],[14.992367,10.408965],[14.997934,10.414068],[15.001989,10.426314],[15.016835,10.43992],[15.024673,10.457335],[15.039522,10.470936],[15.043027,10.46903],[15.056021,10.480929],[15.061381,10.480723],[15.080758,10.472893],[15.08584,10.465613]]}},
{"type":"Feature","properties":{},"geometry":{"type":"LineString","coordinates":[[3.030296,10.566356],[3.012017,10.566357],[2.95352,10.580823]]}},
{"type":"Feature","properties":{},"geometry":{"type":"LineString","coordinates":[[16.583182,10.510094],[16.578849,10.492672],[16.556209,10.463713],[16.547483,10.467615],[16.517208,10.467164],[16.446526,10.479024],[16.428599,10.476271],[16.419945,10.481929],[16.387952,10.483302],[16.374894,10.469761],[16.367784,10.470065],[16.360366,10.463332],[16.35511,10.465319],[16.33827,10.446647],[16.299232,10.450068],[16.228484,10.378994],[16.208623,10.372772],[16.191869,10.355835],[16.189042,10.33126],[16.191926,10.315266],[16.180289,10.292819]]}},
{"type":"Feature","properties":{},"geometry":{"type":"LineString","coordinates":[[15.885109,10.308453],[15.879696,10.306906],[15.872866,10.314247],[15.851356,10.311586],[15.832753,10.29291],[15.816873,10.297082],[15.80328,10.313528],[15.792595,10.313958],[15.771657,10.3254],[15.746721,10.326402]]}},
{"type":"Feature","properties":{},"geometry":{"type":"LineString","coordinates":[[4.024405,10.533953],[4.004326,10.541251],[3.989706,10.541297],[3.958694,10.559477],[3.944072,10.559521],[3.936778,10.564968],[3.905723,10.570484],[3.898433,10.577739]]}},
{"type":"Feature","properties":{},"geometry":{"type":"LineString","coordinates":[[3.925883,10.58851],[3.916743,10.588536],[3.892944,10.575946],[3.819836,10.577952],[3.803367,10.570761],[3.733918,10.574547],[3.726598,10.570947],[3.68273,10.571045],[3.666264,10.563846],[3.627886,10.567542],[3.578493,10.545933],[3.534633,10.549627],[3.490735,10.529804],[3.46762,10.533531]]}},
{"type":"Feature","properties":{},"geometry":{"type":"LineString","coordinates":[[1.173431,10.541189],[1.166145,10.537532],[1.14057,10.537382]]}},
{"type":"Feature","properties":{},"geometry":{"type":"LineString","coordinates":[[1.31688,10.549216],[1.377193,10.545916],[1.404693,10.527976],[1.433953,10.522697],[1.472311,10.524693],[1.494263,10.519374],[1.528951,10.524961],[1.550894,10.521445],[1.569123,10.530569],[1.580094,10.528811],[1.592819,10.543332],[1.609232,10.550637],[1.618328,10.559718],[1.621911,10.576008],[1.634639,10.590528],[1.636419,10.601385],[1.645509,10.612274],[1.643642,10.621306]]}},
{"type":"Feature","properties":{},"geometry":{"type":"LineString","coordinates":[[1.899923,10.515615],[1.912511,10.573526],[1.987179,10.655153]]}},
{"type":"Feature","properties":{},"geometry":{"type":"LineString","coordinates":[[1.339027,10.507751],[1.375555,10.509748],[1.397441,10.517091],[1.40652,10.527985]]}},
{"type":"Feature","properties":{},"geometry":{"type":"LineString","coordinates":[[1.14057,10.537382],[1.13684,10.550014],[1.129489,10.557202],[1.114851,10.560731],[1.096593,10.558814],[1.083872,10.547891],[1.065626,10.544164],[1.05293,10.529624],[1.03649,10.529523],[1.01294,10.498646]]}},
{"type":"Feature","properties":{},"geometry":{"type":"LineString","coordinates":[[16.266781,10.232799],[16.241167,10.258549],[16.202136,10.261931],[16.180289,10.292819],[16.171399,10.293188],[16.152434,10.308086],[16.125907,10.312712],[16.100046,10.290843],[16.096563,10.292751],[16.076112,10.272418],[16.065513,10.274617],[16.056326,10.267935],[16.052639,10.222205],[16.044794,10.204877],[16.012852,10.20794],[15.984973,10.223192],[15.976515,10.234126],[15.95168,10.236898],[15.937081,10.228661],[15.922374,10.261035],[15.907846,10.254561],[15.894043,10.265712],[15.865709,10.270388],[15.858153,10.260097]]}},
{"type":"Feature","properties":{},"geometry":{"type":"LineString","coordinates":[[2.825507,10.667594],[2.812739,10.615135],[2.814581,10.593432],[2.805451,10.57534],[2.805466,10.551828],[2.810963,10.530128],[2.83474,10.499393]]}},
{"type":"Feature","properties":{},"geometry":{"type":"LineString","coordinates":[[3.41761,10.517248],[3.417601,10.510014],[3.428504,10.491166]]}},
{"type":"Feature","properties":{},"geometry":{"type":"LineString","coordinates":[[1.124575,10.463169],[1.08444,10.4557],[1.055107,10.473599],[1.040485,10.475317],[1.025771,10.491495],[1.016639,10.491438]]}},
{"type":"Feature","properties":{},"geometry":{"type":"LineString","coordinates":[[3.342632,10.475739],[3.353581,10.463067],[3.380383,10.45294]]}},
{"type":"Feature","properties":{},"geometry":{"type":"LineString","coordinates":[[1.111889,10.446825],[1.097224,10.455776]]}},
{"type":"Feature","properties":{},"geometry":{"type":"LineString","coordinates":[[14.314984,10.551183],[14.302242,10.546318],[14.294548,10.532389],[14.280277,10.534681],[14.272715,10.524298],[14.264803,10.455321],[14.272339,10.415982],[14.264463,10.396728],[14.242193,10.376207],[14.2285,10.344722],[14.196834,10.312089],[14.183343,10.285917],[14.15232,10.271012],[14.140941,10.253642]]}},
{"type":"Feature","properties":{},"geometry":{"type":"LineString","coordinates":[[1.031683,10.42284],[1.033441,10.433697],[1.026068,10.444497],[1.03141,10.466223],[1.016673,10.486015],[1.01294,10.498646],[1.001946,10.504],[0.969058,10.505599],[0.961717,10.510975],[0.950794,10.505482],[0.930691,10.507158],[0.917955,10.499845],[0.897865,10.499713],[0.879552,10.506821],[0.863165,10.499481],[0.850368,10.501203],[0.837635,10.493886],[0.823025,10.493786],[0.804839,10.482817],[0.783145,10.45194],[0.744749,10.4589],[0.732033,10.449773],[0.721078,10.449695]]}},
{"type":"Feature","properties":{},"geometry":{"type":"LineString","coordinates":[[2.701398,10.42695],[2.677656,10.416075],[2.668535,10.403405]]}},
{"type":"Feature","properties":{},"geometry":{"type":"LineString","coordinates":[[16.52148,10.11468],[16.528491,10.19541],[16.512029,10.22605],[16.516185,10.239966],[16.509843,10.25785],[16.515987,10.317482]]}},
{"type":"Feature","properties":{},"geometry":{"type":"LineString","coordinates":[[0.865781,10.383819],[0.853001,10.383733],[0.823642,10.405225],[0.814501,10.40697],[0.807135,10.415956],[0.807059,10.426801],[0.79424,10.432136],[0.783209,10.442904],[0.781319,10.451927]]}},
{"type":"Feature","properties":{},"geometry":{"type":"LineString","coordinates":[[0.239675,10.386271],[0.248752,10.391769],[0.261526,10.391878],[0.279899,10.377581],[0.300003,10.374137],[0.318189,10.381516],[0.334644,10.37804],[0.349197,10.383581]]}},
{"type":"Feature","properties":{},"geometry":{"type":"LineString","coordinates":[[3.085121,10.515703],[3.048567,10.506667],[3.032116,10.490392],[3.015668,10.483158],[2.990085,10.452411],[2.944407,10.425276],[2.860372,10.396311],[2.825662,10.392676],[2.796439,10.379998],[2.790957,10.381804]]}},
{"type":"Feature","properties":{},"geometry":{"type":"LineString","coordinates":[[7.422553,10.346021],[7.440917,10.356589]]}},
{"type":"Feature","properties":{},"geometry":{"type":"LineString","coordinates":[[2.276709,10.371894],[2.304081,10.384614],[2.329613,10.404563],[2.384374,10.428185]]}},
{"type":"Feature","properties":{},"geometry":{"type":"LineString","coordinates":[[1.185495,10.351437],[1.17093,10.344123]]}},
{"type":"Feature","properties":{},"geometry":{"type":"LineString","coordinates":[[6.204027,10.306293],[6.160189,10.2995],[6.147423,10.299624],[6.140182,10.305114]]}},
{"type":"Feature","properties":{},"geometry":{"type":"LineString","coordinates":[[7.576477,10.284359],[7.596553,10.287681],[7.60394,10.294788]]}},
{"type":"Feature","properties":{},"geometry":{"type":"LineString","coordinates":[[2.986422,10.633278],[2.984595,10.611573]]}},
{"type":"Feature","properties":{},"geometry":{"type":"LineString","coordinates":[[2.561621,10.414128],[2.519677,10.363426],[2.481349,10.343472],[2.453997,10.316298],[2.446713,10.303625]]}},
{"type":"Feature","properties":{},"geometry":{"type":"LineString","coordinates":[[7.762979,10.337553],[7.76105,10.33037]]}},
{"type":"Feature","properties":{},"geometry":{"type":"LineString","coordinates":[[2.180198,10.302336],[2.207619,10.291553],[2.227698,10.295218],[2.256926,10.29167],[2.266069,10.286265],[2.282501,10.288111],[2.300779,10.280916],[2.320863,10.282767],[2.330005,10.277361],[2.342788,10.277387],[2.364731,10.262962],[2.375691,10.261174],[2.392123,10.263015],[2.415835,10.277527],[2.446744,10.27212]]}},
{"type":"Feature","properties":{},"geometry":{"type":"LineString","coordinates":[[0.138678,10.373462],[0.12229,10.369702],[0.113135,10.373234],[0.089467,10.3676],[0.067826,10.340306],[0.051509,10.329319],[0.046154,10.316625],[0.022527,10.307376],[0.004407,10.294564],[-0.00628,10.267369],[-0.018373,10.251196]]}},
{"type":"Feature","properties":{},"geometry":{"type":"LineString","coordinates":[[0.56524,10.296742],[0.547049,10.289376],[0.538219,10.25136]]}},
{"type":"Feature","properties":{},"geometry":{"type":"LineString","coordinates":[[14.519572,10.31302],[14.553898,10.320649],[14.570001,10.320065],[14.580473,10.312588],[14.595655,10.2872],[14.596723,10.267649],[14.606997,10.254859],[14.619151,10.195884],[14.641224,10.163163],[14.640898,10.154306],[14.654421,10.132536],[14.655496,10.112989]]}},
{"type":"Feature","properties":{},"geometry":{"type":"LineString","coordinates":[[1.158831,10.226545],[1.12597,10.228166],[1.109449,10.24434]]}},
{"type":"Feature","properties":{},"geometry":{"type":"LineString","coordinates":[[3.083074,10.229931],[3.103163,10.238968],[3.108639,10.235349],[3.128726,10.23715]]}},
{"type":"Feature","properties":{},"geometry":{"type":"LineString","coordinates":[[16.221302,9.95253],[16.214126,9.951055],[16.175181,9.912055],[16.158198,9.888041],[16.132485,9.911995],[16.133198,9.929607],[16.124745,9.940528],[16.108758,9.941165],[16.09867,9.955681],[16.084098,9.947441],[16.069955,9.949768],[16.059793,9.962524],[16.06015,9.971332],[16.042736,9.980849],[16.039823,9.996847],[16.021272,10.022292],[15.987709,10.028924],[15.976828,10.024063],[15.934295,10.029282],[15.924409,10.049094],[15.923628,10.073842],[15.918363,10.075817],[15.898299,10.064254],[15.889476,10.06637],[15.882931,10.080756],[15.884994,10.087737],[15.873397,10.109387],[15.869132,10.136044],[15.870063,10.158963],[15.88189,10.186742],[15.878283,10.229267],[15.86782,10.234985],[15.859861,10.258263],[15.849325,10.262219],[15.846416,10.27823],[15.836386,10.29453]]}},
{"type":"Feature","properties":{},"geometry":{"type":"LineString","coordinates":[[1.239799,10.295693],[1.265386,10.290407],[1.294691,10.272484],[1.31113,10.270761],[1.342163,10.270922],[1.364004,10.283689],[1.374957,10.283744],[1.404257,10.265809],[1.426172,10.264108],[1.451791,10.251575],[1.477356,10.249887],[1.502956,10.240966],[1.510291,10.233767],[1.532221,10.228442],[1.581676,10.190689],[1.638258,10.190929]]}},
{"type":"Feature","properties":{},"geometry":{"type":"LineString","coordinates":[[14.094207,10.097124],[14.102854,10.087945],[14.109217,10.064631],[14.13015,10.047929],[14.147193,10.022478],[14.209104,9.999054]]}},
{"type":"Feature","properties":{},"geometry":{"type":"LineString","coordinates":[[5.961845,10.153251],[5.945388,10.14798],[5.91078,10.151902]]}},
{"type":"Feature","properties":{},"geometry":{"type":"LineString","coordinates":[[1.164638,10.168727],[1.133691,10.155897],[1.109982,10.153954],[1.088066,10.157442],[1.067898,10.173594],[1.055115,10.175326],[1.045925,10.186117]]}},
{"type":"Feature","properties":{},"geometry":{"type":"LineString","coordinates":[[14.062651,10.220811],[14.080692,10.223744],[14.103505,10.260271],[14.114444,10.265221],[14.140941,10.253642],[14.151313,10.242623],[14.165707,10.243899],[14.174475,10.238265],[14.186447,10.221861],[14.216137,10.199514],[14.22396,10.167272],[14.234013,10.147386],[14.234552,10.111847],[14.260029,10.071897],[14.244964,10.051106],[14.244467,10.036915],[14.238727,10.026457],[14.209227,10.002602],[14.210093,9.975931],[14.218733,9.966756],[14.261554,9.961745],[14.301655,9.981679],[14.353532,9.979893],[14.379259,9.998531],[14.408251,10.008174],[14.465648,10.061187],[14.472864,10.062708],[14.485129,10.055179],[14.494197,10.058408]]}},
{"type":"Feature","properties":{},"geometry":{"type":"LineString","coordinates":[[13.992751,9.961931],[14.033937,9.960556],[14.0516,9.952857],[14.080367,9.955446],[14.09135,9.962184],[14.11578,9.995119],[14.150712,10.020582]]}},
{"type":"Feature","properties":{},"geometry":{"type":"LineString","coordinates":[[0.850344,10.237308],[0.837668,10.222764],[0.821308,10.213617],[0.808672,10.19365],[0.810595,10.179204],[0.803458,10.155659],[0.818224,10.130453]]}},
{"type":"Feature","properties":{},"geometry":{"type":"LineString","coordinates":[[2.774672,10.161133],[2.712624,10.135762],[2.676117,10.13392],[2.656033,10.137517],[2.639608,10.133882],[2.617688,10.146518],[2.581174,10.15009],[2.561078,10.160916],[2.535526,10.157264],[2.506315,10.15903]]}},
{"type":"Feature","properties":{},"geometry":{"type":"LineString","coordinates":[[5.682875,10.141198],[5.675431,10.123191]]}},
{"type":"Feature","properties":{},"geometry":{"type":"LineString","coordinates":[[0.348274,10.14868],[0.337408,10.139557],[0.321041,10.134003],[0.315646,10.124925],[0.295634,10.11934],[0.282962,10.108395],[0.277492,10.10835]]}},
{"type":"Feature","properties":{},"geometry":{"type":"LineString","coordinates":[[16.554257,9.880839],[16.548865,9.879299],[16.545466,9.882961],[16.538226,9.879736],[16.526198,9.846764],[16.506114,9.833493],[16.505532,9.819425],[16.488849,9.802488]]}},
{"type":"Feature","properties":{},"geometry":{"type":"LineString","coordinates":[[15.616545,10.151314],[15.613123,10.154984],[15.600654,10.155472],[15.595521,10.160974],[15.58291,10.157931],[15.560622,10.135818],[15.558073,10.11647],[15.547314,10.11512],[15.534287,10.101479],[15.527486,10.064613],[15.532278,10.050285],[15.513223,10.019191],[15.508836,9.998141],[15.497191,9.97383],[15.498289,9.956107],[15.505139,9.948773],[15.502132,9.917061],[15.513849,9.897168],[15.51317,9.879513],[15.55398,9.874433],[15.566033,9.863371],[15.567269,9.849182],[15.58644,9.83785],[15.589524,9.825361],[15.586593,9.795423],[15.589949,9.789994]]}},
{"type":"Feature","properties":{},"geometry":{"type":"LineString","coordinates":[[15.484044,10.274952],[15.472833,10.307223],[15.455566,10.322048],[15.423304,10.363994],[15.409387,10.373385],[15.400256,10.368437],[15.391619,10.375852],[15.396673,10.412803],[15.391533,10.418312],[15.377329,10.42064],[15.368336,10.419224],[15.355279,10.405582],[15.348868,10.379293],[15.333821,10.360417],[15.329761,10.348189],[15.327943,10.302255],[15.318535,10.290232],[15.307831,10.290646],[15.299884,10.315727],[15.28561,10.316278],[15.264613,10.327708],[15.257475,10.327984],[15.242572,10.312629],[15.231724,10.309505],[15.228971,10.284831],[15.239127,10.270282],[15.23885,10.263212],[15.231161,10.249346],[15.208854,10.227186],[15.209475,10.19707],[15.192393,10.171165],[15.191237,10.141114],[15.177395,10.10623],[15.178706,10.093788],[15.172882,10.081615],[15.168948,10.025111],[15.159295,10.005996],[15.158494,9.984781],[15.170312,9.966641],[15.168519,9.918909],[15.146262,9.896712],[15.14098,9.898677],[15.122818,9.89049],[15.105982,9.869857],[15.088149,9.870507],[15.07336,9.856878]]}},
{"type":"Feature","properties":{},"geometry":{"type":"LineString","coordinates":[[0.302093,10.218769],[0.289418,10.207823],[0.278659,10.186051],[0.282444,10.169822],[0.27705,10.160743],[0.277233,10.139063],[0.270031,10.128162],[0.277477,10.110157],[0.270504,10.072156],[0.255981,10.064809],[0.251701,10.056002]]}},
{"type":"Feature","properties":{},"geometry":{"type":"LineString","coordinates":[[1.641112,10.377189],[1.632185,10.330137],[1.615845,10.30837],[1.612288,10.286655],[1.616073,10.255932],[1.630748,10.23972],[1.641809,10.214452],[1.638273,10.187313],[1.662122,10.15848],[1.669505,10.138619],[1.685989,10.124219],[1.691537,10.106158],[1.729986,10.07376],[1.753735,10.066617]]}},
{"type":"Feature","properties":{},"geometry":{"type":"LineString","coordinates":[[1.291981,11.075179],[1.319455,11.071717],[1.35604,11.075535],[1.374373,11.07021],[1.431103,11.072318],[1.453152,11.05616],[1.455068,11.039898],[1.478897,11.032786],[1.497199,11.032878],[1.531882,11.051128],[1.544694,11.05119],[1.557471,11.058484],[1.562971,11.056702],[1.599518,11.06953],[1.63963,11.104068],[1.661549,11.115015],[1.679759,11.136793],[1.699884,11.140497],[1.756652,11.138929],[1.771248,11.151648],[1.785881,11.155323],[1.802384,11.149965],[1.828143,11.119327],[1.844664,11.108541],[1.862994,11.103186],[1.890443,11.106905],[1.908765,11.103355],[1.916076,11.106998],[1.934398,11.103447],[1.947201,11.107109],[1.998493,11.10005],[2.033251,11.109205],[2.112105,11.069663],[2.134133,11.049835]]}},
{"type":"Feature","properties":{},"geometry":{"type":"LineString","coordinates":[[0.181974,10.71096],[0.188102,10.640558],[0.204669,10.626253],[0.212088,10.613672],[0.234147,10.597608],[0.241452,10.597672],[0.25433,10.586944],[0.259808,10.586991],[0.283785,10.560098],[0.283991,10.536612],[0.291373,10.527641],[0.29345,10.49875],[0.319179,10.479094],[0.324779,10.464686],[0.346853,10.444995],[0.343386,10.423284],[0.350778,10.412504],[0.351053,10.379983],[0.360253,10.371024],[0.378547,10.365753],[0.424538,10.320951],[0.466607,10.308635],[0.472125,10.303256],[0.472211,10.292415],[0.496144,10.265494],[0.518123,10.254821],[0.540044,10.251373],[0.545573,10.244186],[0.547508,10.229744],[0.545906,10.200818],[0.558771,10.188264]]}},
{"type":"Feature","properties":{},"geometry":{"type":"LineString","coordinates":[[14.465144,9.793242],[14.479316,9.789208],[14.518933,9.79672],[14.540248,9.792437],[14.556886,9.807829],[14.567542,9.805687],[14.584243,9.822848],[14.602106,9.822228],[14.610191,9.848552],[14.619563,9.86064],[14.624397,9.895944],[14.611812,9.944275],[14.614425,9.967242],[14.599106,9.989067],[14.599487,9.999696],[14.589657,10.024878],[14.580847,10.028737],[14.570696,10.045062]]}},
{"type":"Feature","properties":{},"geometry":{"type":"LineString","coordinates":[[0.87553,10.015145],[0.846413,10.005919],[0.822708,10.005766],[0.80259,10.01467],[0.791588,10.023635],[0.78788,10.032647],[0.780549,10.038021],[0.76962,10.03614],[0.75492,10.052308],[0.760166,10.084877]]}},
{"type":"Feature","properties":{},"geometry":{"type":"LineString","coordinates":[[5.743195,9.956409],[5.735875,9.952856],[5.7358,9.943889]]}},
{"type":"Feature","properties":{},"geometry":{"type":"LineString","coordinates":[[3.871247,9.996019],[3.843866,9.990664],[3.820116,9.978064],[3.785456,9.979955],[3.765367,9.970959],[3.752596,9.970988],[3.71058,9.94576]]}},
{"type":"Feature","properties":{},"geometry":{"type":"LineString","coordinates":[[16.144898,9.689256],[16.141907,9.703483],[16.147581,9.71208],[16.150337,9.736666],[16.146998,9.742088]]}},
{"type":"Feature","properties":{},"geometry":{"type":"LineString","coordinates":[[2.036715,10.121817],[2.03145,10.05127],[2.026003,10.042212],[2.027865,10.029558],[2.022418,10.020499],[2.022473,10.002415],[2.049944,9.966325],[2.054244,9.937401]]}},
{"type":"Feature","properties":{},"geometry":{"type":"LineString","coordinates":[[16.546175,9.641667],[16.546484,9.692724],[16.534655,9.707289],[16.519064,9.716722],[16.516167,9.732691],[16.50611,9.747187],[16.511099,9.782211],[16.487149,9.804318],[16.480056,9.804606],[16.468984,9.794485],[16.4582,9.791397],[16.446365,9.805969],[16.435293,9.795845],[16.426353,9.794444],[16.413362,9.78087],[16.402721,9.781299],[16.383642,9.792638],[16.368879,9.779132],[16.357592,9.763722],[16.359009,9.754854],[16.35326,9.744509],[16.359001,9.710795],[16.357725,9.679124],[16.353754,9.668708],[16.34269,9.65857],[16.303744,9.66187],[16.295087,9.667499],[16.28167,9.687418],[16.280461,9.701569],[16.273717,9.71065],[16.268106,9.747893],[16.249084,9.760988],[16.232187,9.782816],[16.225088,9.783097],[16.217281,9.765774],[16.204363,9.75394],[16.161551,9.750335],[16.139826,9.740606],[16.13102,9.742714],[16.114178,9.766306],[16.082425,9.772843],[16.077308,9.778336],[16.074809,9.804899],[16.079276,9.827659],[16.092275,9.841261],[16.094899,9.862328],[16.057445,9.904389],[16.0605,9.936029],[16.07109,9.933843],[16.080117,9.937013],[16.084098,9.947441]]}},
{"type":"Feature","properties":{},"geometry":{"type":"LineString","coordinates":[[14.903232,9.795683],[14.911961,9.790056],[14.922856,9.794984],[14.945662,9.783541],[14.952412,9.77267],[14.9468,9.716179],[14.951387,9.694758],[14.960112,9.689135],[14.958138,9.68389],[14.964889,9.673022],[14.982529,9.667084],[14.996283,9.652428],[15.014876,9.623431]]}},
{"type":"Feature","properties":{},"geometry":{"type":"LineString","coordinates":[[1.150241,10.447049],[1.157674,10.425399],[1.154096,10.412724],[1.156102,10.382002],[1.17092,10.34593],[1.165621,10.315167],[1.152979,10.291594],[1.109449,10.24434],[1.076674,10.231494],[1.06214,10.220561],[1.060392,10.207896],[1.045925,10.186117],[1.005783,10.185875],[0.963942,10.165733],[0.945698,10.165619],[0.9166,10.150974],[0.900158,10.154485],[0.874724,10.138053],[0.823684,10.132297],[0.805516,10.121331],[0.789248,10.099532],[0.76199,10.084889],[0.741878,10.091982],[0.720056,10.082795],[0.694524,10.082618],[0.689092,10.077157],[0.654482,10.071491],[0.627287,10.04961],[0.616387,10.04411],[0.60908,10.045865]]}},
{"type":"Feature","properties":{},"geometry":{"type":"LineString","coordinates":[[0.316707,9.877394],[0.300309,9.877263],[0.245228,9.927406],[0.21246,9.923521],[0.186842,9.935954],[0.174273,9.960512]]}},
{"type":"Feature","properties":{},"geometry":{"type":"LineString","coordinates":[[9.935227,9.823408],[9.966039,9.824569],[9.973128,9.817238],[10.000279,9.816675],[10.046994,9.79954],[10.063282,9.799199],[10.068722,9.802778]]}},
{"type":"Feature","properties":{},"geometry":{"type":"LineString","coordinates":[[1.287251,9.954244],[1.349464,9.912972],[1.364124,9.89858],[1.395131,9.896921],[1.449893,9.884521],[1.459052,9.875523],[1.466346,9.875556],[1.475496,9.868365],[1.501039,9.864863],[1.526622,9.852319],[1.557587,9.859685],[1.588592,9.858008],[1.606787,9.867125],[1.630507,9.863605],[1.687027,9.865639],[1.694335,9.86205],[1.727144,9.865792]]}},
{"type":"Feature","properties":{},"geometry":{"type":"LineString","coordinates":[[2.764198,9.889817],[2.744143,9.877142],[2.716784,9.875311],[2.691264,9.859011],[2.640197,9.857151],[2.620142,9.849895],[2.570878,9.866114],[2.548973,9.878746],[2.528912,9.876909],[2.503355,9.891342],[2.485112,9.893124],[2.463206,9.903941],[2.443141,9.903909],[2.408441,9.927361],[2.381061,9.936356],[2.359166,9.938123],[2.346372,9.950759],[2.324476,9.952524],[2.278485,9.997643]]}},
{"type":"Feature","properties":{},"geometry":{"type":"LineString","coordinates":[[9.812592,9.782054],[9.823456,9.781835],[9.830845,9.788873]]}},
{"type":"Feature","properties":{},"geometry":{"type":"LineString","coordinates":[[1.177233,9.94643],[1.144462,9.937211],[1.120902,9.91177],[1.088168,9.897123],[1.070053,9.877133],[1.04096,9.864311],[1.024651,9.847947],[1.004655,9.838791],[0.999176,9.840566]]}},
{"type":"Feature","properties":{},"geometry":{"type":"LineString","coordinates":[[7.738517,9.802458],[7.747629,9.804132]]}},
{"type":"Feature","properties":{},"geometry":{"type":"LineString","coordinates":[[1.176028,9.834335],[1.130488,9.828663],[1.110355,9.843014],[1.106616,9.859263],[1.092012,9.862797],[1.075501,9.88078]]}},
{"type":"Feature","properties":{},"geometry":{"type":"LineString","coordinates":[[15.968554,9.590192],[15.936653,9.639066],[15.910487,9.652421],[15.902083,9.6651],[15.884385,9.66754],[15.873588,9.664421],[15.866686,9.669981],[15.852402,9.668759],[15.822396,9.675196]]}},
{"type":"Feature","properties":{},"geometry":{"type":"LineString","coordinates":[[9.926447,9.786961],[9.93893,9.777723],[9.947532,9.75596]]}},
{"type":"Feature","properties":{},"geometry":{"type":"LineString","coordinates":[[9.365106,9.768231],[9.352421,9.76847],[9.327254,9.77973],[9.298188,9.776675]]}},
{"type":"Feature","properties":{},"geometry":{"type":"LineString","coordinates":[[2.650208,10.454027],[2.650237,10.428706],[2.672196,10.396173],[2.681362,10.365436],[2.692331,10.356403],[2.697832,10.334704],[2.696019,10.320233],[2.701506,10.313004]]}},
{"type":"Feature","properties":{},"geometry":{"type":"LineString","coordinates":[[9.752004,9.74194],[9.766561,9.745245]]}},
{"type":"Feature","properties":{},"geometry":{"type":"LineString","coordinates":[[9.264789,9.735929],[9.279388,9.741055],[9.297781,9.755102]]}},
{"type":"Feature","properties":{},"geometry":{"type":"LineString","coordinates":[[9.384317,9.73011],[9.326301,9.729395],[9.318985,9.725934]]}},
{"type":"Feature","properties":{},"geometry":{"type":"LineString","coordinates":[[0.630188,9.821352],[0.621129,9.814059],[0.615766,9.799563],[0.606669,9.797692],[0.584949,9.777658],[0.579571,9.765532]]}},
{"type":"Feature","properties":{},"geometry":{"type":"LineString","coordinates":[[3.770356,9.762959],[3.721125,9.761258],[3.713839,9.764891],[3.675536,9.757734],[3.651844,9.763206],[3.635424,9.757812],[3.611728,9.761473],[3.604429,9.757868]]}},
{"type":"Feature","properties":{},"geometry":{"type":"LineString","coordinates":[[9.284117,9.7032],[9.293312,9.710224],[9.308248,9.733327]]}},
{"type":"Feature","properties":{},"geometry":{"type":"LineString","coordinates":[[2.467097,9.752019],[2.443383,9.759215],[2.405049,9.784472]]}},
{"type":"Feature","properties":{},"geometry":{"type":"LineString","coordinates":[[5.646799,9.753005],[5.639456,9.745834],[5.641543,9.720203]]}},
{"type":"Feature","properties":{},"geometry":{"type":"LineString","coordinates":[[11.839536,10.27888],[11.831768,10.259419],[11.83097,10.230825],[11.823554,10.223874],[11.819301,10.200739],[11.800764,10.183357],[11.792956,10.162105],[11.746923,10.129358],[11.694213,10.116455],[11.668567,10.102822],[11.635223,10.071496],[11.613708,10.009431],[11.602788,10.006137],[11.59168,9.995689],[11.580288,9.97451],[11.537903,9.9416],[11.524343,9.906152],[11.506165,9.83144],[11.48527,9.790799],[11.437695,9.76514],[11.422949,9.752976],[11.384757,9.741392],[11.366227,9.722155],[11.338904,9.712083],[11.311802,9.710956],[11.300802,9.704061],[11.291915,9.709651],[11.282807,9.706291],[11.256977,9.683637],[11.247123,9.649846]]}},
{"type":"Feature","properties":{},"geometry":{"type":"LineString","coordinates":[[1.899186,10.220847],[1.884619,10.209948],[1.870084,10.190005],[1.850044,10.179085],[1.837364,10.151915],[1.806457,10.119253],[1.786409,10.111947],[1.757294,10.090138],[1.753742,10.064809],[1.764806,10.034108],[1.766699,10.016032],[1.750445,9.972571],[1.721393,9.938104],[1.727151,9.863984],[1.743638,9.844154],[1.751019,9.820673],[1.76385,9.802637],[1.780305,9.790038],[1.789544,9.755712],[1.814448,9.737196]]}},
{"type":"Feature","properties":{},"geometry":{"type":"LineString","coordinates":[[2.352264,9.735542],[2.385044,9.755498],[2.405052,9.782663],[2.403193,9.802555],[2.392229,9.815196],[2.392183,9.840518],[2.377549,9.864003],[2.381152,9.887523],[2.359209,9.91642],[2.359166,9.938123]]}},
{"type":"Feature","properties":{},"geometry":{"type":"LineString","coordinates":[[4.308861,9.73184],[4.283335,9.730128],[4.268774,9.735608]]}},
{"type":"Feature","properties":{},"geometry":{"type":"LineString","coordinates":[[0.741536,9.793756],[0.723426,9.777369],[0.703445,9.768198],[0.694423,9.755486],[0.678089,9.746338],[0.65624,9.744381],[0.644144,9.716662]]}},
{"type":"Feature","properties":{},"geometry":{"type":"LineString","coordinates":[[0.376925,9.892324],[0.385964,9.901429],[0.413199,9.914289],[0.420531,9.908925],[0.442399,9.909092],[0.473601,9.880415]]}},
{"type":"Feature","properties":{},"geometry":{"type":"LineString","coordinates":[[0.989635,9.91101],[0.987988,9.882076],[0.997255,9.856824],[0.999198,9.83695],[0.983046,9.795278],[0.941352,9.758875],[0.930598,9.729887],[0.934364,9.710026],[0.907181,9.686361],[0.903605,9.675494],[0.890943,9.660955],[0.87637,9.660866],[0.865509,9.649953],[0.842247,9.58888]]}},
{"type":"Feature","properties":{},"geometry":{"type":"LineString","coordinates":[[0.265316,9.772186],[0.261821,9.75409],[0.254654,9.739578],[0.243787,9.732264],[0.233482,9.701628]]}},
{"type":"Feature","properties":{},"geometry":{"type":"LineString","coordinates":[[1.051023,9.701671],[1.03828,9.699791],[1.027316,9.705151],[0.99451,9.706768],[0.974392,9.719303],[0.948961,9.706498],[0.934364,9.710026]]}},
{"type":"Feature","properties":{},"geometry":{"type":"LineString","coordinates":[[15.614725,9.785525],[15.607675,9.787558],[15.599185,9.798484],[15.575106,9.774645],[15.528836,9.77638],[15.515269,9.794568],[15.499316,9.796933],[15.492196,9.7972],[15.473991,9.78727],[15.469762,9.769746],[15.450893,9.742153],[15.441585,9.636391],[15.444685,9.623897],[15.468283,9.587667],[15.469604,9.575242],[15.525232,9.490117],[15.519571,9.481483],[15.518402,9.449704],[15.514651,9.444536],[15.507604,9.446559],[15.489434,9.436607],[15.466379,9.439207],[15.422025,9.394821],[15.413005,9.391606],[15.409256,9.386435],[15.410587,9.374007],[15.404997,9.367131],[15.385751,9.376659],[15.35729,9.377669],[15.318405,9.386123],[15.302329,9.384922],[15.278565,9.368067],[15.278062,9.35393],[15.27063,9.345344],[15.266443,9.327796],[15.269437,9.311767],[15.265628,9.304822],[15.25642,9.296296],[15.249304,9.296544],[15.230825,9.277721],[15.211377,9.281936],[15.205915,9.278586],[15.202402,9.229153],[15.213685,9.195138],[15.208653,9.152837],[15.213439,9.136746],[15.209637,9.129797]]}},
{"type":"Feature","properties":{},"geometry":{"type":"LineString","coordinates":[[15.809823,9.809895],[15.81105,9.795719],[15.817748,9.784865],[15.81713,9.768995],[15.82212,9.759974],[15.819931,9.749462],[15.824647,9.733388],[15.822329,9.673433],[15.78734,9.642969],[15.76437,9.647367],[15.749813,9.639084],[15.732104,9.641515],[15.72288,9.633029],[15.71577,9.633296],[15.699099,9.616253],[15.681388,9.618681],[15.675854,9.613586],[15.656012,9.559548],[15.657392,9.548896],[15.671215,9.537782],[15.679573,9.523338],[15.679176,9.512752],[15.675291,9.504061],[15.659228,9.502887],[15.645996,9.482169],[15.635397,9.484325],[15.611176,9.455169],[15.598732,9.455623],[15.593139,9.448758],[15.577335,9.454635],[15.56463,9.448027],[15.5516,9.432592],[15.539155,9.433042],[15.530655,9.443957],[15.518402,9.449704]]}},
{"type":"Feature","properties":{},"geometry":{"type":"LineString","coordinates":[[15.339823,9.583496],[15.337137,9.558825],[15.319763,9.522299],[15.318671,9.492262],[15.314855,9.485322],[15.314783,9.434018],[15.325076,9.423038],[15.32997,9.41048],[15.329651,9.401647],[15.320184,9.38606]]}},
{"type":"Feature","properties":{},"geometry":{"type":"LineString","coordinates":[[0.398968,9.684691],[0.341036,9.640882],[0.328305,9.638976],[0.308234,9.64424],[0.295561,9.635107],[0.276603,9.632603]]}},
{"type":"Feature","properties":{},"geometry":{"type":"LineString","coordinates":[[4.158136,9.755894],[4.147155,9.743272],[4.143442,9.723392],[4.121447,9.687296],[4.113925,9.616791]]}},
{"type":"Feature","properties":{},"geometry":{"type":"LineString","coordinates":[[16.521246,9.268222],[16.511848,9.269678],[16.496397,9.2826],[16.475153,9.283417],[16.466986,9.301344],[16.463375,9.299722],[16.456566,9.307029],[16.448262,9.321441],[16.437705,9.323608],[16.430896,9.330916],[16.431308,9.341471],[16.42627,9.348712],[16.413871,9.349189],[16.408763,9.354672],[16.409589,9.375781],[16.397395,9.381537],[16.389087,9.395953],[16.387798,9.408337],[16.377582,9.419304],[16.359586,9.412951],[16.339203,9.390826],[16.326866,9.393063],[16.317732,9.386364],[16.312553,9.390087],[16.313032,9.402407],[16.307921,9.40789],[16.290129,9.406811],[16.267838,9.427056],[16.23252,9.431936],[16.225154,9.425164],[16.187986,9.428347],[16.180553,9.419813],[16.179805,9.400444],[16.166851,9.386828],[16.154438,9.387299],[16.144069,9.394745],[16.115692,9.395819],[16.091692,9.372029],[16.092795,9.354348],[16.083456,9.342349],[16.072882,9.34451],[16.064482,9.357174],[16.046811,9.3596],[16.039916,9.365152],[16.031714,9.383103],[16.032317,9.39896],[16.028903,9.402617],[16.02358,9.402817],[16.01983,9.397665],[15.996696,9.396766],[15.974467,9.372891],[15.967368,9.373155],[15.960003,9.36637],[15.935674,9.333738],[15.910696,9.331132],[15.888216,9.347849],[15.859682,9.345371],[15.844231,9.360065],[15.819309,9.359216]]}},
{"type":"Feature","properties":{},"geometry":{"type":"LineString","coordinates":[[3.471121,9.609764],[3.476594,9.613375],[3.503932,9.613336],[3.540408,9.629559]]}},
{"type":"Feature","properties":{},"geometry":{"type":"LineString","coordinates":[[4.276127,9.751856],[4.261456,9.728401],[4.213926,9.690598],[4.212039,9.672521],[4.195572,9.654494],[4.188225,9.638244],[4.16813,9.623845],[4.142527,9.596805]]}},
{"type":"Feature","properties":{},"geometry":{"type":"LineString","coordinates":[[0.872053,9.767487],[0.873944,9.756653],[0.868593,9.738544],[0.874116,9.72954],[0.881631,9.693435],[0.87637,9.660866]]}},
{"type":"Feature","properties":{},"geometry":{"type":"LineString","coordinates":[[0.781993,9.607853],[0.796644,9.595294],[0.798535,9.584461],[0.809175,9.568444]]}},
{"type":"Feature","properties":{},"geometry":{"type":"LineString","coordinates":[[1.354933,9.58006],[1.385149,9.575035]]}},
{"type":"Feature","properties":{},"geometry":{"type":"LineString","coordinates":[[2.033282,9.572021],[2.005813,9.618964],[1.994858,9.626167],[1.976634,9.626113],[1.954726,9.638707],[1.927384,9.640431],[1.903658,9.651208],[1.870854,9.651102],[1.848948,9.66188],[1.837187,9.661834]]}},
{"type":"Feature","properties":{},"geometry":{"type":"LineString","coordinates":[[4.008264,9.627966],[4.033706,9.604381],[4.050028,9.579013],[4.062749,9.568123]]}},
{"type":"Feature","properties":{},"geometry":{"type":"LineString","coordinates":[[15.83332,9.401079],[15.819637,9.368033],[15.815035,9.339949],[15.809447,9.33309],[15.80583,9.331457],[15.797214,9.338836],[15.770578,9.339811],[15.757821,9.331445],[15.751972,9.317528],[15.758035,9.289048],[15.753835,9.271538],[15.737725,9.268589],[15.7282,9.251269],[15.702568,9.230995],[15.703253,9.200939]]}},
{"type":"Feature","properties":{},"geometry":{"type":"LineString","coordinates":[[4.365015,9.644823],[4.299289,9.612527],[4.284657,9.598115],[4.273718,9.596347],[4.257273,9.583749],[4.233587,9.583834],[4.224457,9.578441],[4.211703,9.578485],[4.198911,9.567679],[4.169717,9.55512]]}},
{"type":"Feature","properties":{},"geometry":{"type":"LineString","coordinates":[[0.487637,9.525414],[0.503875,9.545408],[0.516566,9.552728],[0.529336,9.549205],[0.541977,9.563752]]}},
{"type":"Feature","properties":{},"geometry":{"type":"LineString","coordinates":[[10.953672,9.454274],[10.960432,9.434406]]}},
{"type":"Feature","properties":{},"geometry":{"type":"LineString","coordinates":[[0.519932,9.590703],[0.534551,9.583578],[0.541977,9.563752],[0.556606,9.554819],[0.575017,9.526032],[0.584145,9.522481],[0.58967,9.513483],[0.615666,9.504473]]}},
{"type":"Feature","properties":{},"geometry":{"type":"LineString","coordinates":[[0.975523,9.529502],[0.959145,9.527598],[0.944652,9.514859],[0.930107,9.511158],[0.909816,9.481313]]}},
{"type":"Feature","properties":{},"geometry":{"type":"LineString","coordinates":[[3.978676,9.477943],[3.996903,9.481509],[4.0188,9.494105],[4.051573,9.488584]]}},
{"type":"Feature","properties":{},"geometry":{"type":"LineString","coordinates":[[1.37598,9.587648],[1.385149,9.575035],[1.427189,9.54449],[1.467448,9.503081],[1.523927,9.499708],[1.545837,9.487143],[1.562229,9.48721],[1.589638,9.465622],[1.615157,9.460299],[1.627935,9.453116],[1.646351,9.452935]]}},
{"type":"Feature","properties":{},"geometry":{"type":"LineString","coordinates":[[11.102806,10.584965],[11.066515,10.582317],[11.05756,10.586132],[11.032033,10.579619],[11.020938,10.570944],[11.023624,10.535034],[11.037589,10.514966],[11.042597,10.498711],[11.034941,10.482778],[11.032436,10.455961],[11.043943,10.410871],[11.043205,10.382217],[11.0484,10.373127],[11.04627,10.360637],[11.051374,10.347965],[11.025504,10.327111],[11.013922,10.298728],[10.995293,10.277686],[10.995112,10.270522],[10.980057,10.247597],[10.98137,10.22785],[10.990096,10.21509],[10.991543,10.200717],[11.00384,10.186077],[11.021693,10.176677],[11.030416,10.163918],[11.044877,10.16356],[11.064037,10.134417],[11.099594,10.110245],[11.097201,10.087011],[11.109443,10.070584],[11.121235,10.036253],[11.116413,9.987999],[11.088074,9.938524],[11.069438,9.915684],[11.062789,9.865674],[11.069355,9.838639],[11.083537,9.827548],[11.096132,9.825453],[11.113703,9.805322],[11.128102,9.803184],[11.161694,9.773709],[11.171601,9.735851],[11.19964,9.701141],[11.212095,9.693677],[11.213723,9.686473],[11.22961,9.671761],[11.232954,9.660933],[11.254118,9.640722],[11.271192,9.600911],[11.272209,9.56865],[11.280876,9.554115],[11.28181,9.518276],[11.274802,9.452182],[11.248408,9.40445],[11.230042,9.390553],[11.216999,9.372948],[11.211169,9.355173]]}},
{"type":"Feature","properties":{},"geometry":{"type":"LineString","coordinates":[[2.064736,9.493737],[2.05381,9.491899],[2.044727,9.482832],[2.01925,9.473719],[2.008346,9.464645],[1.993774,9.464603],[1.968305,9.453679],[1.953766,9.442784],[1.930088,9.442714],[1.906445,9.431789],[1.895517,9.431756],[1.882803,9.420865],[1.857306,9.420783],[1.83723,9.433376],[1.808825,9.436754]]}},
{"type":"Feature","properties":{},"geometry":{"type":"LineString","coordinates":[[0.356021,9.438619],[0.357937,9.425984],[0.342005,9.400269]]}},
{"type":"Feature","properties":{},"geometry":{"type":"LineString","coordinates":[[1.150465,9.553976],[1.154225,9.532302],[1.143493,9.496087],[1.147203,9.483452],[1.143716,9.454507],[1.152878,9.443707],[1.152965,9.427437],[1.162405,9.404988]]}},
{"type":"Feature","properties":{},"geometry":{"type":"LineString","coordinates":[[1.190842,9.449329],[1.174655,9.411279],[1.164757,9.404929]]}},
{"type":"Feature","properties":{},"geometry":{"type":"LineString","coordinates":[[0.454548,9.439345],[0.445489,9.433859],[0.440109,9.422977],[0.418259,9.424624],[0.403728,9.420903],[0.380731,9.385474]]}},
{"type":"Feature","properties":{},"geometry":{"type":"LineString","coordinates":[[1.064089,9.468539],[1.055147,9.439565],[1.053469,9.414247],[1.066313,9.396239],[1.066272,9.389983]]}},
{"type":"Feature","properties":{},"geometry":{"type":"LineString","coordinates":[[7.43215,9.40564],[7.455642,9.396326],[7.464606,9.387195],[7.475524,9.38886],[7.489934,9.37966],[7.494566,9.362951],[7.501436,9.356561]]}},
{"type":"Feature","properties":{},"geometry":{"type":"LineString","coordinates":[[2.019531,9.374249],[1.972151,9.384966],[1.942959,9.402966],[1.891938,9.411851],[1.882803,9.420865]]}},
{"type":"Feature","properties":{},"geometry":{"type":"LineString","coordinates":[[15.780108,9.212306],[15.7661,9.218109],[15.757545,9.227249],[15.734465,9.22808],[15.71042,9.202449],[15.697735,9.195837],[15.691961,9.183676],[15.675406,9.168367],[15.665829,9.149274],[15.654795,9.139065],[15.623021,9.145491],[15.605704,9.158474],[15.582614,9.15929],[15.543803,9.118236],[15.533235,9.070882],[15.509523,9.054029],[15.501984,9.041916],[15.513798,9.023829],[15.511838,9.018594],[15.476983,8.987975]]}},
{"type":"Feature","properties":{},"geometry":{"type":"LineString","coordinates":[[16.17765,9.10957],[16.158225,9.112048],[16.14569,9.108982],[16.131645,9.113026],[16.117141,9.10474],[16.10664,9.108653],[16.090557,9.105713],[16.0595,9.129782],[16.036519,9.132387],[16.03146,9.139629],[16.033495,9.146612],[16.026663,9.153919],[16.017798,9.154243],[15.995674,9.132112],[15.988582,9.13237],[15.957206,9.09998],[15.932443,9.10264],[15.926929,9.097543],[15.897397,9.066835],[15.895239,9.056321],[15.880541,9.042725],[15.880285,9.035673],[15.870972,9.023648],[15.861787,9.015148],[15.851209,9.01729],[15.842023,9.008789],[15.83987,8.998272],[15.808583,8.967596],[15.808268,8.958778]]}},
{"type":"Feature","properties":{},"geometry":{"type":"LineString","coordinates":[[3.386991,9.3476],[3.412481,9.342145],[3.43799,9.352967],[3.450752,9.363804],[3.461682,9.365598],[3.496288,9.36736],[3.507207,9.361918]]}},
{"type":"Feature","properties":{},"geometry":{"type":"LineString","coordinates":[[0.496139,9.356497],[0.505365,9.33849],[0.527757,9.317634]]}},
{"type":"Feature","properties":{},"geometry":{"type":"LineString","coordinates":[[1.280578,9.53114],[1.282535,9.504029],[1.27535,9.484106],[1.277333,9.451571],[1.268328,9.43164],[1.268472,9.402712],[1.25407,9.370097],[1.256052,9.337563],[1.252851,9.324061]]}},
{"type":"Feature","properties":{},"geometry":{"type":"LineString","coordinates":[[14.911508,9.217802],[14.912231,9.239038],[14.898826,9.264293],[14.908885,9.297615],[14.916376,9.307991],[14.921158,9.343261],[14.934486,9.367608],[14.941797,9.372673],[14.98271,9.369499],[14.994687,9.354919],[14.996038,9.342474],[15.002855,9.333386],[15.00089,9.328139],[15.012743,9.310023],[15.013422,9.278121],[15.018275,9.263787],[15.028531,9.251042],[15.026506,9.244027],[15.041433,9.211644],[15.040826,9.193957],[15.051082,9.181214],[15.05147,9.140474],[15.059705,9.120718],[15.057382,9.10486],[15.06432,9.099315],[15.078616,9.100605],[15.083773,9.09512],[15.081693,9.086337],[15.107118,9.048305],[15.128224,9.040515],[15.143511,9.01876],[15.154182,9.018402],[15.162894,9.012799],[15.190385,8.983558],[15.244458,8.898577],[15.245818,8.886145],[15.259379,8.86623],[15.258785,8.848557],[15.267312,8.837657],[15.280281,8.800074],[15.290407,8.783816],[15.293134,8.758959],[15.308472,8.738994],[15.311494,8.722974],[15.325113,8.704836],[15.332118,8.648005],[15.343845,8.626396],[15.341429,8.607019],[15.348181,8.596188],[15.34571,8.575044],[15.359272,8.555149]]}},
{"type":"Feature","properties":{},"geometry":{"type":"LineString","coordinates":[[3.700211,9.341695],[3.685586,9.312784],[3.683706,9.282041]]}},
{"type":"Feature","properties":{},"geometry":{"type":"LineString","coordinates":[[14.17869,9.191934],[14.154801,9.171369],[14.145424,9.157452],[14.134654,9.156011],[14.125446,9.147416],[14.114174,9.130003],[14.10346,9.130334],[14.070649,9.110029],[14.005854,9.096025]]}},
{"type":"Feature","properties":{},"geometry":{"type":"LineString","coordinates":[[16.365279,9.005696],[16.354989,9.014887],[16.328569,9.019388],[16.298343,9.016978],[16.293228,9.022454],[16.259457,9.020171],[16.208295,9.027337],[16.201798,9.043443],[16.17562,9.054982],[16.166631,9.051784],[16.138351,9.054582],[16.12746,9.047925],[16.113868,9.064294],[16.114259,9.074862],[16.091808,9.091557],[16.092329,9.105648]]}},
{"type":"Feature","properties":{},"geometry":{"type":"LineString","coordinates":[[1.953394,9.242039],[1.938837,9.240187],[1.898863,9.216557],[1.884307,9.214703],[1.866094,9.218263],[1.84602,9.234475],[1.833278,9.234434],[1.818686,9.243429],[1.795016,9.245158],[1.784107,9.241505],[1.773173,9.245085],[1.765911,9.239635],[1.724047,9.239489],[1.702105,9.266535],[1.662059,9.266388],[1.650826,9.281202]]}},
{"type":"Feature","properties":{},"geometry":{"type":"LineString","coordinates":[[1.940792,9.19498],[1.920749,9.202154],[1.898863,9.216557]]}},
{"type":"Feature","properties":{},"geometry":{"type":"LineString","coordinates":[[3.765693,9.307195],[3.711042,9.294647],[3.670947,9.27483],[3.621769,9.264066],[3.603544,9.253245],[3.570758,9.244255],[3.563464,9.237032],[3.547074,9.233439],[3.525204,9.217194],[3.51246,9.217212],[3.488767,9.197349]]}},
{"type":"Feature","properties":{},"geometry":{"type":"LineString","coordinates":[[14.948022,10.137792],[14.94749,10.123637],[14.95582,10.107385],[14.973209,10.094342],[14.995024,10.056338],[14.992186,9.980271],[14.999992,9.949873],[15.013939,9.940509],[15.018636,9.922626],[15.047327,9.877304],[15.061464,9.873249],[15.076599,9.847907],[15.072511,9.833888],[15.04281,9.803085],[15.036168,9.767903],[15.012085,9.743969],[15.010046,9.736958],[15.012522,9.706759],[15.017551,9.697724],[15.011692,9.683764],[15.013028,9.671317],[15.026843,9.658429],[15.033527,9.645795],[15.014813,9.621662],[15.021245,9.601953],[15.026402,9.596458],[15.033531,9.596207],[15.036842,9.589006],[15.025201,9.56285],[15.033481,9.54485],[15.031321,9.534299],[15.03457,9.525331],[15.051948,9.512325],[15.055134,9.501588],[15.077225,9.470713],[15.091252,9.413563],[15.123401,9.364642],[15.124684,9.350435],[15.131432,9.339579],[15.130315,9.307753],[15.137126,9.298666],[15.139574,9.266717],[15.154237,9.227269],[15.151904,9.211418],[15.197553,9.140828],[15.209637,9.129797],[15.216202,9.113646],[15.215592,9.09597],[15.222279,9.083355],[15.214703,9.018134],[15.217295,8.989733],[15.214676,8.965046],[15.209043,8.956387]]}},
{"type":"Feature","properties":{},"geometry":{"type":"LineString","coordinates":[[15.711823,9.386117],[15.697889,9.345993],[15.687165,9.344616],[15.674211,9.330952],[15.666264,9.308271],[15.646014,9.289565],[15.631738,9.288312],[15.618789,9.27464],[15.608321,9.280316],[15.593979,9.277296],[15.56206,9.280205],[15.549876,9.287709],[15.538958,9.281029],[15.534958,9.268798],[15.527595,9.261989],[15.513123,9.255431],[15.490082,9.258016],[15.473453,9.240924],[15.461011,9.241362],[15.407766,9.195487],[15.409637,9.147674],[15.425322,9.138286],[15.424266,9.108261],[15.43468,9.100826],[15.453173,9.070126],[15.453098,9.017085],[15.477106,8.991507],[15.465406,8.961852],[15.464917,8.947725]]}},
{"type":"Feature","properties":{},"geometry":{"type":"LineString","coordinates":[[16.036135,8.927748],[16.01677,8.931969],[16.005946,8.927062],[15.965248,8.930276],[15.959804,8.92694],[15.944231,8.938081],[15.917641,8.939026],[15.898645,8.953819],[15.88275,8.956148],[15.87591,8.963451],[15.861535,8.958664],[15.84608,8.973334],[15.835186,8.966657],[15.831702,8.968546],[15.822519,8.960042],[15.808268,8.958778],[15.795225,8.941579],[15.776988,8.928091],[15.767433,8.908999],[15.725086,8.866318],[15.719272,8.852389],[15.706424,8.840468],[15.70789,8.831586],[15.700427,8.821244],[15.654433,8.775122],[15.647216,8.771834],[15.620606,8.772739],[15.613631,8.77651],[15.588731,8.775589],[15.548099,8.782267],[15.535315,8.772094],[15.531284,8.758089],[15.520216,8.746089],[15.500216,8.732618],[15.497963,8.718553],[15.492401,8.711667],[15.474891,8.719323],[15.464183,8.717913],[15.432704,8.680062],[15.42738,8.680239],[15.414482,8.666519],[15.404726,8.640317],[15.399225,8.635193],[15.388634,8.637309],[15.377632,8.627059],[15.373498,8.60951],[15.378532,8.600503],[15.365583,8.585009],[15.364945,8.565576],[15.359331,8.556915],[15.358348,8.526882],[15.36842,8.508871],[15.365725,8.480662],[15.372364,8.4663],[15.373451,8.445045],[15.368364,8.397459],[15.376722,8.381277],[15.377307,8.344122],[15.416181,8.282771],[15.428368,8.275313],[15.446636,8.235843],[15.482236,8.183457],[15.486494,8.149739],[15.470875,8.104268],[15.45061,8.080148],[15.450006,8.060721],[15.440652,8.045099],[15.438443,8.031024],[15.429038,8.013634],[15.412546,7.996458],[15.410449,7.985914],[15.401372,7.979118],[15.39262,7.982921],[15.375439,8.001126],[15.370068,7.999521],[15.364913,8.004983],[15.357661,7.999899],[15.353901,7.992939],[15.357014,7.978697],[15.353951,7.936349],[15.286196,7.865865],[15.285669,7.848193],[15.295827,7.831973],[15.288213,7.814511],[15.260585,7.779947],[15.255269,7.780103],[15.231555,7.757799],[15.206328,7.74438],[15.186831,7.744947],[15.178124,7.750508],[15.160346,7.749254],[15.122891,7.803434],[15.109016,7.814457],[15.075153,7.870316],[15.059657,7.886701],[15.015305,7.887996],[15.003455,7.907818],[14.993069,7.916974],[14.970051,7.919416],[14.95575,7.916291],[14.922286,7.926118],[14.892057,7.925224],[14.883336,7.93079]]}},
{"type":"Feature","properties":{},"geometry":{"type":"LineString","coordinates":[[15.575376,8.954534],[15.539868,8.955759],[15.527193,8.949125],[15.512988,8.949613],[15.49817,8.932444],[15.482188,8.932991],[15.46994,8.938713],[15.464917,8.947725],[15.43852,8.9557],[15.427679,8.950765],[15.408262,8.954964],[15.397238,8.944728],[15.372427,8.947339],[15.330053,8.904552],[15.32039,8.881882],[15.301786,8.857739],[15.268971,8.834064]]}},
{"type":"Feature","properties":{},"geometry":{"type":"LineString","coordinates":[[13.464291,9.534064],[13.482519,9.485449],[13.483329,9.453383],[13.491251,9.419324],[13.516323,9.359832],[13.537213,9.339629],[13.571609,9.292328],[13.589561,9.293569],[13.605451,9.285975],[13.650461,9.234807],[13.663038,9.236209],[13.670031,9.230661],[13.681689,9.201849],[13.681311,9.189408],[13.689715,9.171367],[13.713999,9.145739],[13.711942,9.136906],[13.715304,9.129692],[13.736169,9.109504],[13.764559,9.101542],[13.788511,9.06526],[13.802701,9.06128],[13.809635,9.05396],[13.817552,9.01994],[13.831473,9.007079],[13.832725,8.989262],[13.841337,8.978338]]}},
{"type":"Feature","properties":{},"geometry":{"type":"LineString","coordinates":[[0.457846,9.074798],[0.466961,9.071247],[0.48326,9.080396],[0.514118,9.087835],[0.533932,9.115079],[0.552127,9.113395],[0.564482,9.128383]]}},
{"type":"Feature","properties":{},"geometry":{"type":"LineString","coordinates":[[10.464925,9.002938],[10.444824,8.990787]]}},
{"type":"Feature","properties":{},"geometry":{"type":"LineString","coordinates":[[11.920383,9.67229],[11.907541,9.663685],[11.873901,9.618069],[11.837418,9.601128],[11.824441,9.587153],[11.798997,9.578863],[11.780387,9.556086],[11.760531,9.554803],[11.721932,9.52537],[11.700576,9.465082],[11.680315,9.447697],[11.670547,9.417525],[11.657807,9.412473],[11.633728,9.386229],[11.602584,9.36552],[11.583737,9.331981],[11.55058,9.302361],[11.539166,9.277581],[11.519012,9.263747],[11.509489,9.242497],[11.502113,9.235515],[11.48012,9.219929],[11.425844,9.210472],[11.411268,9.203654],[11.378811,9.202625],[11.331269,9.173295]]}},
{"type":"Feature","properties":{},"geometry":{"type":"LineString","coordinates":[[14.371998,9.14677],[14.371371,9.127265],[14.381734,9.116288],[14.381563,9.110969],[14.370689,9.105989],[14.362929,9.086709],[14.362025,9.05834],[14.36976,9.020824],[14.367077,8.992509],[14.357712,8.978603],[14.359606,8.925296],[14.350301,8.91316],[14.344287,8.892046],[14.333312,8.883509],[14.32947,8.874753],[14.320389,8.869706],[14.291967,8.874128],[14.278825,8.853226],[14.27353,8.855163],[14.264393,8.848341],[14.263848,8.830602],[14.26898,8.823345],[14.266325,8.795019],[14.282746,8.748362],[14.282259,8.732399],[14.288742,8.710901],[14.286582,8.698538],[14.275565,8.688218]]}},
{"type":"Feature","properties":{},"geometry":{"type":"LineString","coordinates":[[0.98214,9.046874],[0.941904,9.04412],[0.929216,9.036818],[0.912861,9.034917]]}},
{"type":"Feature","properties":{},"geometry":{"type":"LineString","coordinates":[[0.976583,9.06492],[0.983898,9.05773],[0.98214,9.046874],[0.995064,9.024603]]}},
{"type":"Feature","properties":{},"geometry":{"type":"LineString","coordinates":[[15.795697,8.80383],[15.77479,8.815148],[15.74122,8.819839],[15.723976,8.834564],[15.70789,8.831586]]}},
{"type":"Feature","properties":{},"geometry":{"type":"LineString","coordinates":[[5.199784,9.071133],[5.212381,9.049366],[5.237703,9.027522],[5.261226,9.009303],[5.281217,9.006958]]}},
{"type":"Feature","properties":{},"geometry":{"type":"LineString","coordinates":[[14.735379,8.739741],[14.697662,8.730287],[14.688538,8.723481],[14.665562,8.729516],[14.640582,8.728522],[14.623444,8.750333],[14.575195,8.746512],[14.564732,8.753931],[14.559832,8.768272],[14.53545,8.786766],[14.508783,8.789366],[14.485898,8.798945],[14.461894,8.829849],[14.454876,8.833615],[14.436943,8.83062],[14.426415,8.836269],[14.402569,8.872497],[14.379781,8.885625],[14.361841,8.88263],[14.344287,8.892046]]}},
{"type":"Feature","properties":{},"geometry":{"type":"LineString","coordinates":[[0.448222,9.025474],[0.4356,9.010929],[0.417462,9.005381],[0.402908,9.007085],[0.384798,8.997922],[0.380126,8.989529],[0.370017,8.98697]]}},
{"type":"Feature","properties":{},"geometry":{"type":"LineString","coordinates":[[2.10745,9.004319],[2.083805,9.002453],[2.061993,8.995163]]}},
{"type":"Feature","properties":{},"geometry":{"type":"LineString","coordinates":[[13.407062,9.302558],[13.436015,9.251856],[13.447488,9.215914],[13.469913,9.186774],[13.481439,9.152616],[13.49707,9.13614],[13.515019,9.076881],[13.537646,9.054866],[13.550857,9.01711],[13.573742,9.003989],[13.580373,8.986002],[13.577906,8.962941],[13.588531,8.959075],[13.598946,8.948098],[13.599903,8.919601],[13.61537,8.897804],[13.612858,8.872968],[13.618013,8.865703],[13.608612,8.84996],[13.606464,8.837567]]}},
{"type":"Feature","properties":{},"geometry":{"type":"LineString","coordinates":[[5.602029,9.066683],[5.574568,9.039771],[5.570817,9.023534],[5.546997,8.996593],[5.543248,8.980354],[5.534098,8.971381],[5.533972,8.953311]]}},
{"type":"Feature","properties":{},"geometry":{"type":"LineString","coordinates":[[14.66653,8.816364],[14.62239,8.773419],[14.614541,8.750611]]}},
{"type":"Feature","properties":{},"geometry":{"type":"LineString","coordinates":[[2.08178,9.083835],[2.065422,9.076559],[2.047293,9.051192],[2.047379,9.018638],[2.061989,8.996972],[2.051121,8.978858],[2.032945,8.973385],[2.012999,8.949821],[2.003904,8.949797],[1.989378,8.940714],[1.976687,8.92621],[1.933031,8.927896],[1.920327,8.918817],[1.900321,8.918758],[1.883981,8.909667]]}},
{"type":"Feature","properties":{},"geometry":{"type":"LineString","coordinates":[[2.602276,9.157667],[2.593183,9.150422],[2.578626,9.146788],[2.562263,9.132298],[2.54589,9.126852],[2.529507,9.12864],[2.514966,9.114151],[2.489506,9.101455],[2.467702,9.077909],[2.458633,9.058],[2.458655,9.04353],[2.444137,9.018186],[2.445984,9.000101],[2.422364,8.980168],[2.42241,8.951228],[2.413344,8.933126],[2.415191,8.915042],[2.404316,8.891511]]}},
{"type":"Feature","properties":{},"geometry":{"type":"LineString","coordinates":[[1.425797,8.914118],[1.416721,8.910463],[1.405795,8.914033],[1.387636,8.90853],[1.374893,8.912091],[1.298544,8.908134],[1.27315,8.89536],[1.267721,8.889911],[1.265954,8.879054]]}},
{"type":"Feature","properties":{},"geometry":{"type":"LineString","coordinates":[[3.423056,8.930415],[3.40485,8.915965],[3.390267,8.887039],[3.370115,8.8764]]}},
{"type":"Feature","properties":{},"geometry":{"type":"LineString","coordinates":[[2.175207,8.867561],[2.20066,8.871234],[2.217038,8.865843],[2.229757,8.871295],[2.244306,8.871325],[2.269738,8.885845],[2.289744,8.885884],[2.30427,8.898572],[2.326082,8.905848],[2.342455,8.904068],[2.358806,8.914948]]}},
{"type":"Feature","properties":{},"geometry":{"type":"LineString","coordinates":[[4.941429,9.050902],[4.926764,9.029285],[4.893908,9.005954],[4.882932,8.993355],[4.87742,8.982535],[4.873608,8.948205],[4.864416,8.928364],[4.851644,8.919388],[4.838818,8.899565],[4.816957,8.890632],[4.805987,8.878029],[4.795071,8.876274],[4.782284,8.863679]]}},
{"type":"Feature","properties":{},"geometry":{"type":"LineString","coordinates":[[13.836931,9.472759],[13.841735,9.454828],[13.852132,9.443836],[13.865486,9.413193],[13.871072,9.363239],[13.907561,9.328329],[13.920749,9.292368],[13.948459,9.263071],[13.962535,9.255525],[13.991913,9.222626],[13.989016,9.187173],[14.000859,9.165483],[14.001045,9.113943],[14.005799,9.094249],[13.998435,9.087367],[13.969635,9.081135],[13.96043,9.072528],[13.933524,9.06979],[13.913166,9.047297],[13.887721,9.033842],[13.867369,9.011342],[13.863473,9.000791],[13.841391,8.980115],[13.837391,8.96601],[13.793396,8.92997],[13.783724,8.905359],[13.774528,8.896738],[13.718353,8.871699],[13.686032,8.8673],[13.675102,8.8605],[13.644513,8.854267],[13.626177,8.838782],[13.617137,8.835482],[13.604677,8.837619],[13.584554,8.82218],[13.559478,8.821114],[13.546557,8.807245],[13.544464,8.796628],[13.52603,8.777573],[13.512154,8.729912],[13.513689,8.72097]]}},
{"type":"Feature","properties":{},"geometry":{"type":"LineString","coordinates":[[0.546165,8.84903],[0.562375,8.870824],[0.589491,8.892688],[0.596559,8.923457],[0.605587,8.932552],[0.621921,8.936273],[0.643639,8.95087],[0.643499,8.972558],[0.65487,8.988711]]}},
{"type":"Feature","properties":{},"geometry":{"type":"LineString","coordinates":[[12.302771,9.295909],[12.288349,9.294501],[12.249809,9.265142],[12.199653,9.203915],[12.162834,9.170912],[12.126571,9.159328],[12.119383,9.159511],[12.105281,9.17059],[12.092702,9.17091],[12.072702,9.16248],[12.05971,9.146723],[12.045149,9.13994],[12.037733,9.13119],[12.033414,9.1027],[12.018494,9.081623],[12.023347,9.060054],[12.022897,9.04219],[12.015351,9.028078],[12.016077,8.985162],[12.006693,8.969305],[12.002346,8.939024],[11.996735,8.930224],[11.996073,8.903427],[11.98674,8.889354],[11.984374,8.866173],[11.978722,8.855584],[11.954717,8.829348],[11.954197,8.807909],[11.94487,8.793831],[11.944007,8.758096],[11.952599,8.741802]]}},
{"type":"Feature","properties":{},"geometry":{"type":"LineString","coordinates":[[3.437422,8.886304],[3.421013,8.851955],[3.404632,8.839312]]}},
{"type":"Feature","properties":{},"geometry":{"type":"LineString","coordinates":[[14.629077,8.645539],[14.628677,8.689881],[14.643586,8.710697],[14.642362,8.728466]]}},
{"type":"Feature","properties":{},"geometry":{"type":"LineString","coordinates":[[1.262509,8.818688],[1.238863,8.822195],[1.22974,8.829384],[1.217033,8.825707]]}},
{"type":"Feature","properties":{},"geometry":{"type":"LineString","coordinates":[[0.718459,8.808173],[0.731101,8.820903],[0.752917,8.819226],[0.761981,8.822895],[0.780001,8.848308],[0.803627,8.848448],[0.81994,8.855773],[0.838198,8.841418],[0.858189,8.841533],[0.869125,8.836172],[0.887288,8.838083],[0.898254,8.827298]]}},
{"type":"Feature","properties":{},"geometry":{"type":"LineString","coordinates":[[3.61605,9.115761],[3.599669,9.113979],[3.555954,9.090535],[3.532295,9.088762],[3.506805,9.079755],[3.49041,9.067116],[3.472206,9.061713],[3.45765,9.06354],[3.417574,9.052735]]}},
{"type":"Feature","properties":{},"geometry":{"type":"LineString","coordinates":[[15.780072,8.608361],[15.750816,8.582859],[15.741356,8.565516],[15.710037,8.53124],[15.691899,8.51948],[15.683096,8.521539],[15.678489,8.542889],[15.668326,8.55736],[15.65568,8.550714],[15.649003,8.563303],[15.636652,8.56548],[15.619632,8.587248],[15.593092,8.589898],[15.576834,8.581602],[15.569858,8.585367],[15.561463,8.599783],[15.533141,8.602489],[15.502337,8.584063],[15.502101,8.577001],[15.487382,8.561576],[15.481534,8.545857],[15.474438,8.54609],[15.461611,8.534135],[15.443,8.508222],[15.437735,8.510161],[15.432239,8.505035],[15.421825,8.512446],[15.407631,8.512907],[15.402193,8.509546],[15.379182,8.51206],[15.368362,8.507104]]}},
{"type":"Feature","properties":{},"geometry":{"type":"LineString","coordinates":[[2.265807,9.032342],[2.273132,9.008843],[2.298634,8.992615],[2.309583,8.974548],[2.324143,8.970958],[2.335078,8.960125],[2.342394,8.938434],[2.353323,8.929409],[2.358806,8.914948],[2.378826,8.907748],[2.409784,8.884285],[2.424342,8.878881],[2.468041,8.844579],[2.502611,8.831965],[2.528071,8.831998],[2.542635,8.819354],[2.559007,8.813948],[2.613557,8.817625],[2.631755,8.804982],[2.699042,8.797806],[2.726326,8.786974],[2.731791,8.774316],[2.749982,8.761666],[2.749989,8.750813],[2.764545,8.734544],[2.764549,8.727308],[2.777287,8.707418],[2.780935,8.687523],[2.779146,8.638682],[2.784607,8.624215],[2.779159,8.615168],[2.777366,8.573563],[2.802824,8.542826],[2.822818,8.533792],[2.826459,8.519321],[2.833731,8.510281],[2.831918,8.501235],[2.837373,8.490384],[2.831936,8.459631],[2.859207,8.405375],[2.862848,8.38367]]}},
{"type":"Feature","properties":{},"geometry":{"type":"LineString","coordinates":[[16.457521,8.621266],[16.458844,8.608891],[16.454994,8.600222],[16.458274,8.593061],[16.452342,8.57566],[16.453794,8.566803],[16.464271,8.562909],[16.475882,8.541365],[16.496138,8.563537],[16.499545,8.559894],[16.50005,8.52466],[16.493746,8.49671],[16.498608,8.484212]]}},
{"type":"Feature","properties":{},"geometry":{"type":"LineString","coordinates":[[13.737784,8.67906],[13.718241,8.683173],[13.704412,8.699573],[13.678998,8.686065],[13.661237,8.690126],[13.645008,8.685248],[13.618515,8.69667],[13.601053,8.711397],[13.574301,8.71393],[13.55842,8.721494],[13.543921,8.714783],[13.513689,8.72097],[13.478677,8.684571],[13.421975,8.639858],[13.394867,8.62992]]}},
{"type":"Feature","properties":{},"geometry":{"type":"LineString","coordinates":[[14.3906,8.599569],[14.387736,8.622725]]}},
{"type":"Feature","properties":{},"geometry":{"type":"LineString","coordinates":[[0.621413,8.761919],[0.608742,8.75461],[0.567019,8.745308],[0.548854,8.745191],[0.536079,8.754144],[0.517926,8.752217],[0.510624,8.757591],[0.492556,8.743014],[0.479805,8.748351],[0.461653,8.746423],[0.447048,8.757168],[0.437979,8.755299],[0.427043,8.760646],[0.397196,8.741378]]}},
{"type":"Feature","properties":{},"geometry":{"type":"LineString","coordinates":[[10.921954,8.671753],[10.941946,8.680296],[10.97339,8.719061],[11.002771,8.745318],[11.010474,8.768449],[11.02687,8.777059],[11.045263,8.794581],[11.050937,8.807002],[11.067453,8.820979],[11.071407,8.837019],[11.091526,8.850915],[11.10116,8.87937],[11.131849,8.88228],[11.179217,8.906315],[11.19206,8.916778],[11.209982,8.912797],[11.217345,8.919798],[11.237147,8.919356],[11.253145,8.910045]]}},
{"type":"Feature","properties":{},"geometry":{"type":"LineString","coordinates":[[0.519407,8.80283],[0.508663,8.779265],[0.510624,8.757591]]}},
{"type":"Feature","properties":{},"geometry":{"type":"LineString","coordinates":[[14.475073,8.621864],[14.46266,8.624014],[14.457533,8.631266],[14.446684,8.626272],[14.441394,8.628206],[14.423257,8.618107],[14.422988,8.609243],[14.415647,8.602366],[14.410356,8.6043],[14.410572,8.611392],[14.398425,8.622404],[14.387736,8.622725],[14.380771,8.628259],[14.359229,8.623581],[14.339897,8.633035],[14.327853,8.647596],[14.317268,8.651463],[14.317643,8.663878],[14.309001,8.673012],[14.30025,8.678601],[14.28772,8.677202],[14.272053,8.690098],[14.263194,8.692139],[14.257739,8.688752],[14.252229,8.68359],[14.250125,8.673],[14.239269,8.667997],[14.207712,8.686694],[14.189828,8.68545],[14.17221,8.693078],[14.161775,8.702267],[14.154642,8.702479],[14.123071,8.721178],[14.110638,8.723322],[14.09967,8.714766],[14.085399,8.715188],[14.062683,8.731847],[14.053763,8.732111],[14.046362,8.723446],[14.041792,8.689823],[14.021904,8.681522],[14.019544,8.662046],[14.006533,8.644657],[13.995048,8.618336],[13.990651,8.590032]]}},
{"type":"Feature","properties":{},"geometry":{"type":"LineString","coordinates":[[1.168283,8.736882],[1.157398,8.733213],[1.141025,8.73675]]}},
{"type":"Feature","properties":{},"geometry":{"type":"LineString","coordinates":[[0.83651,8.723725],[0.849635,8.749294],[0.876734,8.776563],[0.87849,8.787418],[0.889321,8.800133],[0.887442,8.810968],[0.892843,8.820037],[0.930784,8.860018],[0.930673,8.879903],[0.946921,8.899878],[0.952253,8.921599],[0.96639,8.932971]]}},
{"type":"Feature","properties":{},"geometry":{"type":"LineString","coordinates":[[1.417354,8.714498],[1.381016,8.712537],[1.330101,8.719548],[1.293797,8.710347],[1.281068,8.712097]]}},
{"type":"Feature","properties":{},"geometry":{"type":"LineString","coordinates":[[10.168808,8.772908],[10.176757,8.717103],[10.17284,8.70102],[10.186891,8.681006],[10.19529,8.648534]]}},
{"type":"Feature","properties":{},"geometry":{"type":"LineString","coordinates":[[0.928106,8.701849],[0.920756,8.702691],[0.913448,8.709882],[0.911561,8.722526],[0.886004,8.744077],[0.882227,8.769362],[0.876734,8.776563]]}},
{"type":"Feature","properties":{},"geometry":{"type":"LineString","coordinates":[[15.888618,8.514659],[15.883124,8.509549],[15.83365,8.514745],[15.817171,8.499408],[15.806601,8.501528],[15.793784,8.489596],[15.783215,8.491715],[15.777721,8.486601],[15.73189,8.49519],[15.72108,8.49025]]}},
{"type":"Feature","properties":{},"geometry":{"type":"LineString","coordinates":[[3.208162,8.730942],[3.211793,8.721895],[3.231779,8.701986],[3.249956,8.698357]]}},
{"type":"Feature","properties":{},"geometry":{"type":"LineString","coordinates":[[9.966745,8.68152],[10.011316,8.651965],[10.02037,8.653595],[10.038209,8.64249],[10.050802,8.640462],[10.067239,8.650931],[10.099537,8.641354],[10.113966,8.641085],[10.133601,8.629945],[10.175147,8.632756],[10.193488,8.648568],[10.240164,8.636913],[10.256668,8.650959]]}},
{"type":"Feature","properties":{},"geometry":{"type":"LineString","coordinates":[[1.577466,8.695239],[1.590106,8.716987],[1.593592,8.756783],[1.609803,8.796626],[1.609756,8.809284],[1.644145,8.851003],[1.664099,8.863733],[1.693089,8.89277]]}},
{"type":"Feature","properties":{},"geometry":{"type":"LineString","coordinates":[[0.605547,8.68591],[0.601822,8.700346],[0.583508,8.723725],[0.583415,8.738183],[0.577907,8.747185]]}},
{"type":"Feature","properties":{},"geometry":{"type":"LineString","coordinates":[[4.612336,9.475601],[4.630462,9.457436],[4.630377,9.439356],[4.646662,9.417583],[4.644739,9.395895],[4.666458,9.368671],[4.666328,9.341552],[4.68988,9.317935],[4.684264,9.285417],[4.691483,9.272726],[4.691371,9.249222],[4.698564,9.231108],[4.693027,9.214861],[4.694717,9.187733],[4.687251,9.147989],[4.696229,9.122635],[4.692505,9.104571],[4.701532,9.090065],[4.703249,9.06836],[4.681278,9.037724],[4.679418,9.028692],[4.684832,9.019628],[4.708407,9.005054],[4.719251,8.990539],[4.715444,8.954395],[4.720848,8.943521],[4.720772,8.92725],[4.71163,8.916444],[4.711579,8.905596],[4.718801,8.894713],[4.73874,8.881965],[4.745995,8.878315],[4.760548,8.880054],[4.782284,8.863679],[4.782241,8.854639],[4.773091,8.842027],[4.77484,8.827554],[4.798338,8.800323],[4.798277,8.787666],[4.785434,8.762416],[4.761672,8.733599],[4.756111,8.710119],[4.723116,8.675917],[4.721255,8.637956],[4.712098,8.621724],[4.713841,8.605443],[4.735493,8.572801],[4.733644,8.565577],[4.742636,8.545648],[4.742537,8.523951],[4.735223,8.513135],[4.740591,8.49503],[4.736917,8.486006],[4.738611,8.457767]]}},
{"type":"Feature","properties":{},"geometry":{"type":"LineString","coordinates":[[7.109435,8.656189],[7.151173,8.659346]]}},
{"type":"Feature","properties":{},"geometry":{"type":"LineString","coordinates":[[1.997375,8.673064],[1.971919,8.676614],[1.959167,8.68743],[1.928247,8.694579],[1.910035,8.707188],[1.900904,8.72163],[1.884529,8.727008]]}},
{"type":"Feature","properties":{},"geometry":{"type":"LineString","coordinates":[[1.142789,8.747606],[1.137427,8.7295],[1.135744,8.702373],[1.139432,8.691543],[1.134025,8.682477],[1.134088,8.669822],[1.141409,8.65901],[1.146974,8.635533]]}},
{"type":"Feature","properties":{},"geometry":{"type":"LineString","coordinates":[[7.139432,8.627129],[7.162979,8.625069],[7.186425,8.613988]]}},
{"type":"Feature","properties":{},"geometry":{"type":"LineString","coordinates":[[14.094608,8.560719],[14.058425,8.585438],[14.019503,8.599859],[14.008592,8.593067],[14.003292,8.594997],[13.997786,8.589825],[13.990651,8.590032],[13.970614,8.576393],[13.959601,8.566047],[13.951798,8.543168],[13.932379,8.550832],[13.925192,8.549261],[13.908317,8.521303],[13.903017,8.523231],[13.883187,8.516684],[13.859435,8.497802],[13.85149,8.469582],[13.833045,8.448766],[13.810087,8.394291],[13.800175,8.359006],[13.799532,8.33591],[13.806421,8.32683],[13.806076,8.314394],[13.785376,8.275844],[13.795052,8.238241],[13.788972,8.211736],[13.791811,8.184989],[13.785737,8.158482],[13.802316,8.111808],[13.794705,8.094232],[13.794274,8.078242],[13.804732,8.069073],[13.793274,8.040931],[13.793823,7.99469],[13.746023,7.940825],[13.7253,7.898687],[13.674192,7.853766],[13.647178,7.843786],[13.611478,7.84292],[13.584508,7.834711],[13.566679,7.835163],[13.554016,7.828367],[13.523747,7.830912],[13.503905,7.822514],[13.466722,7.834127],[13.432697,7.829641],[13.411649,7.844407],[13.363611,7.850947],[13.319401,7.868072],[13.281878,7.867222],[13.226236,7.856129],[13.20995,7.847623],[13.204638,7.849534]]}},
{"type":"Feature","properties":{},"geometry":{"type":"LineString","coordinates":[[1.91028,8.622187],[1.886618,8.634778],[1.875683,8.645597],[1.855681,8.649156],[1.839281,8.663574]]}},
{"type":"Feature","properties":{},"geometry":{"type":"LineString","coordinates":[[13.612168,8.4709],[13.599619,8.469466],[13.589003,8.473316],[13.567378,8.466791],[13.549715,8.474392],[13.519352,8.475219],[13.48879,8.468933],[13.474597,8.472877],[13.458908,8.487542],[13.449975,8.487784],[13.434577,8.513123],[13.401112,8.531832],[13.379763,8.535971],[13.365319,8.531021],[13.329474,8.528427]]}},
{"type":"Feature","properties":{},"geometry":{"type":"LineString","coordinates":[[3.375305,8.609621],[3.360779,8.624106],[3.333523,8.633175],[3.313545,8.65128]]}},
{"type":"Feature","properties":{},"geometry":{"type":"LineString","coordinates":[[0.809312,8.678942],[0.77499,8.646207],[0.764252,8.619032],[0.764337,8.604571],[0.76799,8.600978],[0.751742,8.584615],[0.740856,8.582744],[0.73182,8.57546],[0.728327,8.551943],[0.719323,8.539237],[0.704841,8.531921],[0.694023,8.519205],[0.650559,8.500871],[0.632571,8.473651],[0.618115,8.462718],[0.609206,8.435554],[0.589341,8.419166],[0.567628,8.408188]]}},
{"type":"Feature","properties":{},"geometry":{"type":"LineString","coordinates":[[2.215376,8.733805],[2.235469,8.686819],[2.226422,8.666905],[2.233736,8.645215],[2.217434,8.618052],[2.213837,8.599957],[2.24843,8.56747],[2.250286,8.547577],[2.244852,8.538523],[2.244874,8.52767],[2.253983,8.515027],[2.248564,8.498737],[2.237684,8.487864],[2.239522,8.477015],[2.252264,8.464379],[2.252288,8.451717],[2.234176,8.424552],[2.230575,8.408266],[2.25607,8.373949],[2.267008,8.352264],[2.270681,8.330566],[2.277958,8.323344],[2.277975,8.314301],[2.292522,8.303473],[2.299866,8.258267],[2.312598,8.245628],[2.31627,8.22212],[2.336401,8.19864]]}},
{"type":"Feature","properties":{},"geometry":{"type":"LineString","coordinates":[[1.743176,8.598166],[1.774019,8.612733],[1.839281,8.663574],[1.860953,8.708852],[1.884529,8.727008],[1.891725,8.752348],[1.880764,8.770401],[1.907975,8.790375],[1.922467,8.808502],[1.918804,8.817534],[1.922393,8.833821],[1.913276,8.842838],[1.911425,8.853683],[1.889567,8.86628],[1.885908,8.873503],[1.893139,8.887992],[1.891277,8.902454],[1.871222,8.918671],[1.869381,8.9259],[1.851138,8.943929],[1.842038,8.945708],[1.827448,8.958323],[1.811007,8.979971],[1.796474,8.974499],[1.785555,8.976272],[1.756416,8.987025],[1.745465,8.997839],[1.734557,8.995993],[1.70359,9.008544],[1.683529,9.02294],[1.667171,9.019264],[1.647134,9.026424],[1.618037,9.024508],[1.603436,9.03711],[1.577962,9.038821],[1.5652,9.046004],[1.537921,9.044088],[1.525329,9.054843]]}},
{"type":"Feature","properties":{},"geometry":{"type":"LineString","coordinates":[[16.300939,8.59863],[16.310676,8.573617],[16.315793,8.568151],[16.326338,8.566018],[16.346867,8.545916],[16.345004,8.493124],[16.356756,8.475096],[16.362961,8.450216],[16.380447,8.444322],[16.384106,8.447718],[16.401714,8.445343],[16.410671,8.448553],[16.417491,8.44127],[16.418394,8.416579],[16.406745,8.38704],[16.411371,8.367505],[16.414781,8.363865],[16.420143,8.365441],[16.425134,8.356462],[16.416663,8.316244],[16.442485,8.295984],[16.436336,8.271539],[16.442185,8.236117],[16.45041,8.218225],[16.449988,8.205913]]}},
{"type":"Feature","properties":{},"geometry":{"type":"LineString","coordinates":[[0.422704,8.58617],[0.409934,8.595119],[0.399041,8.595046],[0.386245,8.607609],[0.368127,8.602064],[0.353577,8.605578],[0.344673,8.601944]]}},
{"type":"Feature","properties":{},"geometry":{"type":"LineString","coordinates":[[15.049632,8.82004],[15.04704,8.795336],[15.050421,8.789914],[15.042904,8.777764],[15.041056,8.721162],[15.037156,8.710663],[15.018634,8.688237],[14.994951,8.671286],[14.990769,8.651939],[14.979591,8.636355],[14.972995,8.540927],[14.965215,8.519919],[14.958435,8.474081],[14.950994,8.463686],[14.945662,8.463851],[14.9365,8.45528],[14.904452,8.454499],[14.898734,8.442274],[14.88785,8.435524],[14.876527,8.414613],[14.843605,8.3855]]}},
{"type":"Feature","properties":{},"geometry":{"type":"LineString","coordinates":[[14.828641,8.419622],[14.828259,8.40723],[14.843605,8.3855],[14.839127,8.355516],[14.849358,8.341031]]}},
{"type":"Feature","properties":{},"geometry":{"type":"LineString","coordinates":[[0.485824,8.503455],[0.460423,8.501483],[0.449472,8.510448],[0.436765,8.510364],[0.429456,8.517544],[0.420404,8.51387],[0.405846,8.519195],[0.394991,8.5137],[0.376953,8.516238]]}},
{"type":"Feature","properties":{},"geometry":{"type":"LineString","coordinates":[[3.039095,8.884749],[3.028181,8.864853],[3.026361,8.852191],[2.977261,8.781646],[2.979081,8.752705],[2.991809,8.720145],[2.984538,8.685777],[2.962727,8.649598],[2.960911,8.631509],[2.92275,8.591708],[2.897309,8.57904],[2.882784,8.533813],[2.870069,8.519339],[2.855534,8.513907],[2.837372,8.494002]]}},
{"type":"Feature","properties":{},"geometry":{"type":"LineString","coordinates":[[0.913113,8.547561],[0.904092,8.536665],[0.886221,8.484145]]}},
{"type":"Feature","properties":{},"geometry":{"type":"LineString","coordinates":[[1.622642,8.495141],[1.595409,8.491427],[1.579088,8.484135],[1.559095,8.487679],[1.551849,8.482226],[1.540951,8.482185],[1.531849,8.487576]]}},
{"type":"Feature","properties":{},"geometry":{"type":"LineString","coordinates":[[15.433778,8.333487],[15.434364,8.29634],[15.428368,8.275313]]}},
{"type":"Feature","properties":{},"geometry":{"type":"LineString","coordinates":[[3.49511,8.49553],[3.458761,8.48653],[3.433325,8.48656],[3.398785,8.468509],[3.340647,8.468563],[3.326119,8.475811],[3.307948,8.472208],[3.297049,8.475834],[3.280692,8.468611],[3.260708,8.470433],[3.237082,8.457787],[3.217097,8.457798],[3.213465,8.461418],[3.200746,8.457807],[3.182581,8.463243]]}},
{"type":"Feature","properties":{},"geometry":{"type":"LineString","coordinates":[[10.978864,8.378459],[11.004009,8.376155],[11.033044,8.388103],[11.045634,8.387845],[11.101869,8.409976],[11.114795,8.425831],[11.127533,8.432731],[11.147353,8.434109],[11.158066,8.430302],[11.176313,8.442458],[11.190622,8.438575],[11.199764,8.445546],[11.215984,8.446996],[11.228837,8.45926],[11.257719,8.46402]]}},
{"type":"Feature","properties":{},"geometry":{"type":"LineString","coordinates":[[1.56315,8.608386],[1.545036,8.593851],[1.528713,8.586556],[1.515995,8.586507],[1.497884,8.571971],[1.481548,8.568291],[1.468882,8.555583],[1.447127,8.544646],[1.432616,8.539164],[1.396287,8.539015],[1.387235,8.531744],[1.37088,8.533484],[1.325596,8.504361],[1.262085,8.491426],[1.234918,8.475031],[1.240432,8.460591],[1.235017,8.453335],[1.216858,8.453253],[1.204189,8.444155],[1.126109,8.443789],[1.107846,8.465396],[1.096924,8.470767],[1.095055,8.481606],[1.082272,8.496006],[1.074909,8.515857]]}},
{"type":"Feature","properties":{},"geometry":{"type":"LineString","coordinates":[[14.663125,8.302312],[14.640992,8.276373],[14.62849,8.27497],[14.627859,8.253711],[14.616926,8.245167],[14.614624,8.227503],[14.57425,8.186122],[14.561697,8.18294],[14.540406,8.185331],[14.528163,8.192781],[14.522723,8.189391],[14.507258,8.147267],[14.506796,8.131316],[14.497494,8.117392],[14.500847,8.1102],[14.497086,8.103213],[14.473201,8.077285],[14.462378,8.072271],[14.455314,8.074245],[14.422439,8.045014],[14.407708,8.027685],[14.394356,7.99612],[14.381556,7.984056],[14.367426,7.987999],[14.363768,7.984551],[14.359863,7.972238],[14.364853,7.959677],[14.35749,7.951008],[14.348696,7.954801],[14.337628,7.940909],[14.330808,7.951746],[14.325422,7.95012],[14.32147,7.93603],[14.326364,7.919922],[14.333283,7.912633],[14.33294,7.900219]]}},
{"type":"Feature","properties":{},"geometry":{"type":"LineString","coordinates":[[16.491682,8.287247],[16.485836,8.271601],[16.469399,8.256317],[16.470496,8.23691],[16.455706,8.218044],[16.450349,8.216466]]}},
{"type":"Feature","properties":{},"geometry":{"type":"LineString","coordinates":[[1.421093,8.478103],[1.419335,8.46363],[1.437591,8.440196]]}},
{"type":"Feature","properties":{},"geometry":{"type":"LineString","coordinates":[[16.189514,8.295783],[16.206356,8.270536],[16.207645,8.25639],[16.219064,8.227804],[16.224485,8.231147],[16.231496,8.22915],[16.239261,8.197164],[16.249745,8.193288],[16.258758,8.198274],[16.267236,8.187416],[16.268765,8.180316],[16.24862,8.15984],[16.24809,8.143996],[16.252976,8.131497],[16.256392,8.127859],[16.265462,8.134607],[16.27924,8.123575],[16.277184,8.061966],[16.273011,8.04272],[16.269011,8.028754],[16.256068,8.011555],[16.255778,8.002754],[16.23725,7.976922],[16.236905,7.966359],[16.245217,7.950227],[16.246581,7.937847],[16.258538,7.925123],[16.262919,7.896785],[16.256823,7.872311],[16.259728,7.852832],[16.245728,7.802175],[16.223756,7.7782],[16.213977,7.748548]]}},
{"type":"Feature","properties":{},"geometry":{"type":"LineString","coordinates":[[15.855361,8.208634],[15.822019,8.218542],[15.808146,8.227819],[15.805067,8.242043],[15.788228,8.269074],[15.756146,8.317794],[15.74067,8.332427],[15.735507,8.390874],[15.722095,8.414273],[15.727401,8.467082],[15.719427,8.493838],[15.700879,8.522714]]}},
{"type":"Feature","properties":{},"geometry":{"type":"LineString","coordinates":[[0.862491,8.590669],[0.847972,8.588779],[0.822453,8.604905],[0.76799,8.600978]]}},
{"type":"Feature","properties":{},"geometry":{"type":"LineString","coordinates":[[3.533151,8.412274],[3.509548,8.42135],[3.489563,8.419567],[3.473228,8.43044],[3.447797,8.432279],[3.436908,8.441335],[3.426008,8.441347],[3.396969,8.46851]]}},
{"type":"Feature","properties":{},"geometry":{"type":"LineString","coordinates":[[1.153517,8.40776],[1.137168,8.409491],[1.12988,8.41488],[1.120732,8.429299],[1.126109,8.443789]]}},
{"type":"Feature","properties":{},"geometry":{"type":"LineString","coordinates":[[1.981713,8.416744],[2.008948,8.420431],[2.018039,8.416836],[2.050711,8.42596],[2.127013,8.420711],[2.145161,8.427985],[2.157892,8.420778],[2.18876,8.42627],[2.217867,8.404624],[2.230575,8.408266]]}},
{"type":"Feature","properties":{},"geometry":{"type":"LineString","coordinates":[[1.480654,8.790703],[1.424358,8.777814],[1.317153,8.770119],[1.313567,8.759254],[1.281035,8.71933],[1.281077,8.710289],[1.250311,8.683028],[1.221315,8.666622],[1.206797,8.662938],[1.192323,8.650213],[1.174163,8.648319],[1.146974,8.635533]]}},
{"type":"Feature","properties":{},"geometry":{"type":"LineString","coordinates":[[5.299275,8.392721],[5.292068,8.4018],[5.290349,8.418078],[5.281336,8.428975],[5.281474,8.452473]]}},
{"type":"Feature","properties":{},"geometry":{"type":"LineString","coordinates":[[5.021503,8.385205],[5.043158,8.409885],[5.049008,8.437489],[5.081804,8.459009]]}},
{"type":"Feature","properties":{},"geometry":{"type":"LineString","coordinates":[[2.891705,9.098178],[2.871692,9.081892],[2.869876,9.071039],[2.857143,9.056563],[2.862609,9.038477],[2.857156,9.024005],[2.833511,9.005906],[2.8135,8.998661],[2.793497,8.980562],[2.780779,8.951613],[2.780805,8.908202],[2.744449,8.87562],[2.731737,8.848478],[2.735403,8.808686],[2.726326,8.786974]]}},
{"type":"Feature","properties":{},"geometry":{"type":"LineString","coordinates":[[3.78128,8.404082],[3.813963,8.39859],[3.85025,8.380426],[3.886575,8.380346],[3.919301,8.394741],[4.01009,8.385475],[4.033724,8.394458]]}},
{"type":"Feature","properties":{},"geometry":{"type":"LineString","coordinates":[[0.523598,8.482011],[0.530871,8.480249],[0.543681,8.464065],[0.549309,8.435184],[0.567628,8.408188],[0.552184,8.370326]]}},
{"type":"Feature","properties":{},"geometry":{"type":"LineString","coordinates":[[1.591398,8.404829],[1.605958,8.39584],[1.620543,8.379615],[1.633261,8.377851],[1.647826,8.36705]]}},
{"type":"Feature","properties":{},"geometry":{"type":"LineString","coordinates":[[15.099835,8.390002],[15.082021,8.388787],[15.071531,8.394424],[15.039615,8.397186],[15.028626,8.386903],[15.016025,8.38198],[15.007199,8.384024],[14.981997,8.374176],[14.953461,8.371512],[14.944303,8.362937],[14.930088,8.363372],[14.910106,8.349813],[14.90133,8.353623],[14.890342,8.343329],[14.865516,8.345856],[14.860022,8.340707],[14.847581,8.341085],[14.827383,8.320434],[14.806268,8.32816],[14.787902,8.30922],[14.780738,8.307662],[14.778693,8.298863],[14.760329,8.279918],[14.756401,8.26763],[14.745363,8.255552],[14.738041,8.24868],[14.73093,8.248891],[14.71618,8.231603],[14.719524,8.224414],[14.708069,8.198164],[14.718314,8.183683],[14.712981,8.123573],[14.718104,8.116333],[14.716119,8.109301],[14.697777,8.090337],[14.692393,8.088721],[14.669496,8.096476],[14.656692,8.084437],[14.646079,8.086517],[14.633276,8.074476],[14.629824,8.078122],[14.617381,8.07848],[14.604578,8.066436],[14.590664,8.077475],[14.581723,8.075959],[14.562422,8.085379],[14.548044,8.080471],[14.541084,8.08599],[14.528637,8.086347],[14.510294,8.06736],[14.48372,8.071664],[14.473201,8.077285]]}},
{"type":"Feature","properties":{},"geometry":{"type":"LineString","coordinates":[[3.657967,8.523686],[3.668863,8.520051],[3.708836,8.519979],[3.725158,8.503671],[3.745122,8.492781],[3.755998,8.480099],[3.78685,8.463759],[3.801353,8.44926],[3.828613,8.454629],[3.839501,8.44918],[3.872191,8.445491],[3.901276,8.454469],[3.921224,8.439953],[3.955724,8.434444],[3.981103,8.414487],[3.99745,8.414446],[4.017402,8.403543],[4.026483,8.40352],[4.033724,8.394458],[4.046432,8.392615],[4.062748,8.38172],[4.093607,8.37621],[4.120807,8.361665],[4.133524,8.363438],[4.158911,8.350704],[4.164337,8.343454],[4.182502,8.345209],[4.195191,8.337936],[4.202465,8.341532]]}},
{"type":"Feature","properties":{},"geometry":{"type":"LineString","coordinates":[[5.166452,8.335629],[5.159272,8.350129],[5.159332,8.360975],[5.144901,8.377322],[5.137729,8.393631],[5.114219,8.410027],[5.10102,8.412197],[5.096538,8.427301],[5.099813,8.431797],[5.082344,8.449894],[5.081882,8.473471],[5.067472,8.49524],[5.073046,8.518711],[5.013272,8.547951],[4.992594,8.54808],[4.95335,8.576416]]}},
{"type":"Feature","properties":{},"geometry":{"type":"LineString","coordinates":[[1.058208,8.325503],[1.020099,8.323507],[1.012857,8.319856],[0.987437,8.321535],[0.97476,8.316048],[0.951137,8.32135],[0.931106,8.3339]]}},
{"type":"Feature","properties":{},"geometry":{"type":"LineString","coordinates":[[4.124315,8.31825],[4.149784,8.334454],[4.157047,8.334433],[4.164337,8.343454]]}},
{"type":"Feature","properties":{},"geometry":{"type":"LineString","coordinates":[[3.102601,8.311325],[3.084442,8.322183],[3.075361,8.320375],[3.015428,8.333044],[2.991817,8.351133],[2.977285,8.369222],[2.966387,8.376457],[2.946406,8.378263],[2.939138,8.387307]]}},
{"type":"Feature","properties":{},"geometry":{"type":"LineString","coordinates":[[1.012546,8.381321],[0.985344,8.375759],[0.967276,8.359397],[0.940115,8.346601],[0.931106,8.3339],[0.903909,8.328335],[0.887662,8.311979],[0.856809,8.311814],[0.823046,8.293531]]}},
{"type":"Feature","properties":{},"geometry":{"type":"LineString","coordinates":[[7.260866,8.311448],[7.280631,8.296803],[7.293288,8.294863],[7.320195,8.27112],[7.328456,8.269346]]}},
{"type":"Feature","properties":{},"geometry":{"type":"LineString","coordinates":[[1.629894,8.301887],[1.620835,8.29643],[1.60812,8.298194],[1.599074,8.289121],[1.588182,8.289083]]}},
{"type":"Feature","properties":{},"geometry":{"type":"LineString","coordinates":[[15.315485,8.128524],[15.331938,8.143934],[15.401084,8.141794],[15.433935,8.114254],[15.433604,8.103657],[15.442355,8.09985],[15.454319,8.085337]]}},
{"type":"Feature","properties":{},"geometry":{"type":"LineString","coordinates":[[1.310567,8.417972],[1.297983,8.388987],[1.279882,8.376252],[1.26906,8.359932],[1.280056,8.336474],[1.278327,8.316577],[1.292928,8.298559],[1.298444,8.28231]]}},
{"type":"Feature","properties":{},"geometry":{"type":"LineString","coordinates":[[15.096968,8.182983],[15.034572,8.117595],[15.016874,8.119896],[15.002085,8.100862],[14.975456,8.101656],[14.955132,8.075696],[14.95659,8.065027],[14.952829,8.058054],[14.956169,8.050871],[14.946767,8.033439],[14.946032,8.008666],[14.940288,7.994666],[14.885318,7.937818],[14.883336,7.93079],[14.859692,7.911987],[14.801042,7.849885],[14.788664,7.852009],[14.763402,7.83855],[14.75995,7.842192],[14.740417,7.842745],[14.723932,7.825488],[14.707898,7.824166],[14.698769,7.815561],[14.668625,7.818179],[14.664972,7.814736],[14.641831,7.813611]]}},
{"type":"Feature","properties":{},"geometry":{"type":"LineString","coordinates":[[3.069901,8.257065],[3.062639,8.262492],[3.037217,8.267922],[3.02269,8.280586],[3.01361,8.282395],[2.988185,8.309528]]}},
{"type":"Feature","properties":{},"geometry":{"type":"LineString","coordinates":[[4.31299,8.268844],[4.31109,8.243531]]}},
{"type":"Feature","properties":{},"geometry":{"type":"LineString","coordinates":[[14.917368,8.179547],[14.914952,8.158364],[14.947154,8.10604],[14.935601,8.076275],[14.937166,8.069144],[14.944005,8.060087],[14.952882,8.059823]]}},
{"type":"Feature","properties":{},"geometry":{"type":"LineString","coordinates":[[1.512062,8.254447],[1.543028,8.225628]]}},
{"type":"Feature","properties":{},"geometry":{"type":"LineString","coordinates":[[6.394145,8.215865],[6.397694,8.206806]]}},
{"type":"Feature","properties":{},"geometry":{"type":"LineString","coordinates":[[1.801282,8.261968],[1.774162,8.225716],[1.752401,8.218415]]}},
{"type":"Feature","properties":{},"geometry":{"type":"LineString","coordinates":[[4.606868,8.21714],[4.586939,8.22626],[4.583331,8.231699]]}},
{"type":"Feature","properties":{},"geometry":{"type":"LineString","coordinates":[[5.745025,8.294102],[5.732166,8.2707],[5.732566,8.258821],[5.739296,8.252583],[5.732896,8.239914],[5.733521,8.203835]]}},
{"type":"Feature","properties":{},"geometry":{"type":"LineString","coordinates":[[14.39183,8.095561],[14.400674,8.093536],[14.419436,8.064616],[14.422439,8.045014]]}},
{"type":"Feature","properties":{},"geometry":{"type":"LineString","coordinates":[[2.121105,8.621461],[2.128371,8.623286],[2.161108,8.612507],[2.181094,8.614359],[2.190197,8.607143],[2.213833,8.601766]]}},
{"type":"Feature","properties":{},"geometry":{"type":"LineString","coordinates":[[4.552355,8.201079],[4.526932,8.19756],[4.514247,8.203033],[4.508782,8.197629]]}},
{"type":"Feature","properties":{},"geometry":{"type":"LineString","coordinates":[[2.612339,8.222514],[2.592388,8.200788],[2.581501,8.195351],[2.576052,8.197154]]}},
{"type":"Feature","properties":{},"geometry":{"type":"LineString","coordinates":[[4.508762,8.192204],[4.490599,8.188655],[4.483374,8.19835]]}},
{"type":"Feature","properties":{},"geometry":{"type":"LineString","coordinates":[[1.552241,8.187686],[1.530441,8.193032]]}},
{"type":"Feature","properties":{},"geometry":{"type":"LineString","coordinates":[[1.36451,8.215682],[1.351835,8.208398],[1.340946,8.208353],[1.315652,8.181126],[1.302513,8.179262]]}},
{"type":"Feature","properties":{},"geometry":{"type":"LineString","coordinates":[[4.592197,8.179226],[4.579479,8.175659],[4.568618,8.182934],[4.563079,8.180555]]}},
{"type":"Feature","properties":{},"geometry":{"type":"LineString","coordinates":[[4.472872,8.191927],[4.485094,8.1724]]}},
{"type":"Feature","properties":{},"geometry":{"type":"LineString","coordinates":[[4.530444,8.166806],[4.525048,8.179485]]}},
{"type":"Feature","properties":{},"geometry":{"type":"LineString","coordinates":[[2.583199,8.307502],[2.574138,8.289404],[2.57238,8.235136],[2.577851,8.213435],[2.576052,8.197154],[2.556101,8.179044],[2.54704,8.164563]]}},
{"type":"Feature","properties":{},"geometry":{"type":"LineString","coordinates":[[2.090874,8.339238],[2.089133,8.306678],[2.096421,8.295842],[2.092827,8.279556],[2.096537,8.245199],[2.122003,8.223552],[2.12932,8.198246],[2.151147,8.178396],[2.160265,8.15852],[2.172994,8.147693],[2.185708,8.144101]]}},
{"type":"Feature","properties":{},"geometry":{"type":"LineString","coordinates":[[1.768316,8.354101],[1.768401,8.326974],[1.759408,8.299819],[1.759453,8.285351],[1.745031,8.252753],[1.752412,8.214798],[1.741572,8.198487],[1.739813,8.180397],[1.743483,8.167749],[1.738072,8.156881],[1.741753,8.140616],[1.749024,8.137022],[1.747231,8.129783],[1.750878,8.124368],[1.750917,8.111709],[1.745506,8.100842],[1.747388,8.079144],[1.76565,8.041222],[1.76754,8.015908],[1.762174,7.990572],[1.769469,7.977934],[1.769501,7.967083],[1.776779,7.959871],[1.775019,7.941781],[1.758205,7.927151]]}},
{"type":"Feature","properties":{},"geometry":{"type":"LineString","coordinates":[[9.905597,8.188668],[9.925298,8.181145],[9.962642,8.151764],[9.98414,8.144208],[10.001844,8.125943],[10.008738,8.107865],[10.019359,8.096907],[10.044485,8.091084],[10.067713,8.079907],[10.089295,8.077736]]}},
{"type":"Feature","properties":{},"geometry":{"type":"LineString","coordinates":[[6.595706,8.092342],[6.613917,8.103015],[6.624932,8.119165],[6.654146,8.144179],[6.677293,8.186506]]}},
{"type":"Feature","properties":{},"geometry":{"type":"LineString","coordinates":[[4.472086,8.089264],[4.454012,8.109221],[4.452237,8.120077],[4.430525,8.138238]]}},
{"type":"Feature","properties":{},"geometry":{"type":"LineString","coordinates":[[1.946526,8.262377],[1.939321,8.240655],[1.937578,8.213521],[1.921332,8.179114],[1.921405,8.151985],[1.914218,8.124837],[1.905178,8.112152],[1.867156,8.079494]]}},
{"type":"Feature","properties":{},"geometry":{"type":"LineString","coordinates":[[2.467033,8.07945],[2.481518,8.106601],[2.501467,8.121097],[2.503268,8.131952],[2.510518,8.141006],[2.494383,8.173545]]}},
{"type":"Feature","properties":{},"geometry":{"type":"LineString","coordinates":[[1.634057,8.146378],[1.621384,8.137292],[1.605051,8.137237],[1.585146,8.120893],[1.518016,8.117037]]}},
{"type":"Feature","properties":{},"geometry":{"type":"LineString","coordinates":[[5.447012,8.216522],[5.436117,8.214781],[5.423353,8.204014],[5.399728,8.196926],[5.390615,8.189751],[5.372314,8.162747],[5.330375,8.125033],[5.319337,8.097984],[5.301097,8.080012],[5.291938,8.063796]]}},
{"type":"Feature","properties":{},"geometry":{"type":"LineString","coordinates":[[16.155252,7.902012],[16.16209,7.894741],[16.171554,7.859181],[16.165748,7.8435],[16.168491,7.818733],[16.171911,7.815099],[16.180852,7.81834],[16.193044,7.812665],[16.208793,7.752237],[16.222523,7.739466],[16.225718,7.72879]]}},
{"type":"Feature","properties":{},"geometry":{"type":"LineString","coordinates":[[15.926134,7.876349],[15.913758,7.876736],[15.902762,7.864728],[15.897513,7.866657],[15.881268,7.856575],[15.86364,7.85889],[15.850877,7.846932],[15.843859,7.848915],[15.832863,7.8369],[15.829381,7.838773],[15.814739,7.823339],[15.809489,7.825267],[15.800372,7.816721],[15.79153,7.816994],[15.763831,7.837268],[15.735071,7.880533],[15.737499,7.901648],[15.731027,7.921273],[15.733624,7.947681],[15.698011,7.99824]]}},
{"type":"Feature","properties":{},"geometry":{"type":"LineString","coordinates":[[2.178258,8.236332],[2.198262,8.220094],[2.198313,8.194771],[2.187475,8.167619],[2.187548,8.131444],[2.211187,8.109785],[2.213027,8.097128],[2.223951,8.079061],[2.225828,8.046507],[2.242215,8.017597],[2.265943,8.008595]]}},
{"type":"Feature","properties":{},"geometry":{"type":"LineString","coordinates":[[14.983339,7.826949],[14.984625,7.871181],[14.960867,7.909058],[14.961074,7.916136]]}},
{"type":"Feature","properties":{},"geometry":{"type":"LineString","coordinates":[[2.866493,7.982093],[2.859229,7.998372],[2.861041,8.007417],[2.851964,8.016459],[2.851959,8.03093],[2.844695,8.04178],[2.846501,8.067106]]}},
{"type":"Feature","properties":{},"geometry":{"type":"LineString","coordinates":[[14.625264,7.856625],[14.630443,7.85116],[14.630144,7.840531],[14.643807,7.820647],[14.641781,7.811839],[14.623422,7.791076],[14.600031,7.781087],[14.589077,7.770751],[14.580194,7.770997],[14.561193,7.791028],[14.488434,7.796583],[14.474411,7.804064],[14.433369,7.863738],[14.397907,7.868264],[14.380764,7.891804],[14.33294,7.900219],[14.320489,7.90056],[14.311448,7.895484]]}},
{"type":"Feature","properties":{},"geometry":{"type":"LineString","coordinates":[[2.719513,7.976593],[2.723132,7.991067],[2.719473,8.034478],[2.728535,8.052573],[2.723078,8.070659],[2.7241,8.087848]]}},
{"type":"Feature","properties":{},"geometry":{"type":"LineString","coordinates":[[12.05827,7.874291],[12.08382,7.895177],[12.108779,7.88927],[12.121634,7.903282],[12.132302,7.899473],[12.149057,7.92769],[12.159924,7.932809]]}},
{"type":"Feature","properties":{},"geometry":{"type":"LineString","coordinates":[[5.091881,7.956401],[5.077557,7.992629],[5.075918,8.026985],[5.039835,8.06513]]}},
{"type":"Feature","properties":{},"geometry":{"type":"LineString","coordinates":[[1.856069,8.149998],[1.854366,8.110205],[1.859826,8.104794],[1.861692,8.086713],[1.867151,8.081303],[1.863572,8.063207],[1.823822,8.003412],[1.807525,7.992514],[1.776784,7.958062]]}},
{"type":"Feature","properties":{},"geometry":{"type":"LineString","coordinates":[[3.200374,7.95855],[3.180416,7.962178],[3.155019,7.980277],[3.1151,7.989335],[3.064288,7.980301],[3.051587,7.989347],[3.017109,7.996586],[3.00622,7.992969],[2.946336,7.994774],[2.933632,8.002007],[2.90641,8.003812],[2.89915,8.009236],[2.891881,8.047222],[2.871912,8.061687],[2.87191,8.070733]]}},
{"type":"Feature","properties":{},"geometry":{"type":"LineString","coordinates":[[2.042171,8.181227],[2.049475,8.163157],[2.049509,8.148688],[2.042274,8.137819],[2.042322,8.117924],[2.035096,8.103437],[2.035139,8.085351],[2.04973,8.054638],[2.049755,8.043785],[2.060676,8.029341],[2.064376,7.998601],[2.057168,7.976881],[2.03545,7.953318]]}},
{"type":"Feature","properties":{},"geometry":{"type":"LineString","coordinates":[[15.870957,7.752768],[15.837564,7.817338],[15.821978,7.828411]]}},
{"type":"Feature","properties":{},"geometry":{"type":"LineString","coordinates":[[14.35472,7.786043],[14.353136,7.793184],[14.330601,7.815093],[14.33094,7.827507],[14.310375,7.856465],[14.318221,7.882874],[14.297805,7.917157],[14.285547,7.924594],[14.253522,7.925471],[14.23958,7.936504],[14.168638,7.947319],[14.147958,7.972744],[14.126693,7.976874],[14.112694,7.986136],[14.091473,7.992042],[14.077568,8.004854],[14.059566,7.998237],[14.022361,8.00635],[13.991986,8.003618],[13.985005,8.009136],[13.956551,8.011679],[13.935364,8.019357],[13.897613,8.007929],[13.885475,8.020695],[13.869485,8.0229],[13.817468,8.011842],[13.806489,8.001466],[13.793871,7.996466]]}},
{"type":"Feature","properties":{},"geometry":{"type":"LineString","coordinates":[[1.806994,8.173368],[1.790696,8.160659],[1.768927,8.156977],[1.749024,8.137022]]}},
{"type":"Feature","properties":{},"geometry":{"type":"LineString","coordinates":[[7.033001,7.989001],[7.054491,7.965332],[7.081515,7.952435],[7.090457,7.941519],[7.099488,7.939626],[7.112049,7.928675],[7.135556,7.926638],[7.153453,7.906612]]}},
{"type":"Feature","properties":{},"geometry":{"type":"LineString","coordinates":[[16.107536,7.679604],[16.099049,7.634022],[16.110971,7.619549],[16.128462,7.613721],[16.133978,7.620602],[16.13425,7.629409],[16.143405,7.639703],[16.140808,7.669755],[16.146766,7.690725],[16.145387,7.703108],[16.153171,7.725783],[16.160455,7.732606],[16.177943,7.726769],[16.199239,7.729624],[16.213027,7.718615],[16.234656,7.732033],[16.246954,7.729882],[16.254126,7.73318],[16.264918,7.683499],[16.26293,7.676513],[16.268057,7.671065],[16.288191,7.693338],[16.29525,7.693115],[16.306171,7.703341],[16.31505,7.704822]]}},
{"type":"Feature","properties":{},"geometry":{"type":"LineString","coordinates":[[1.96346,8.018256],[1.932685,7.991048],[1.927275,7.978374],[1.912794,7.965675],[1.907394,7.949384],[1.885688,7.925814],[1.885707,7.91858]]}},
{"type":"Feature","properties":{},"geometry":{"type":"LineString","coordinates":[[3.258209,10.029615],[3.294698,10.020541],[3.331207,10.033168],[3.362236,10.038562],[3.37501,10.038548],[3.402372,10.029472],[3.429747,10.031246],[3.44983,10.038455],[3.455327,10.054725],[3.49005,10.087232]]}},
{"type":"Feature","properties":{},"geometry":{"type":"LineString","coordinates":[[16.317094,7.713566],[16.31603,7.680126],[16.310514,7.673253],[16.315473,7.662526],[16.320934,7.667639],[16.329753,7.667361],[16.338909,7.677641],[16.347507,7.670323],[16.360133,7.678731],[16.367133,7.676748],[16.38931,7.707748],[16.413777,7.699923],[16.419125,7.701514],[16.46133,7.751227],[16.470775,7.77029],[16.475671,7.798236]]}},
{"type":"Feature","properties":{},"geometry":{"type":"LineString","coordinates":[[9.781384,7.890738],[9.806397,7.877754],[9.833445,7.879108],[9.854882,7.867978],[9.934092,7.864875],[9.964494,7.851797],[9.977098,7.851587],[9.995224,7.858468],[10.027571,7.854334],[10.051097,7.861121],[10.08524,7.856953],[10.108971,7.861936]]}},
{"type":"Feature","properties":{},"geometry":{"type":"LineString","coordinates":[[15.526551,7.722576],[15.532019,7.727714],[15.569187,7.726604],[15.589292,7.747203],[15.598676,7.764589],[15.633373,7.798871],[15.639545,7.826948],[15.656393,7.856462],[15.653235,7.868924],[15.659362,7.895231],[15.658084,7.911168],[15.665383,7.918008],[15.676003,7.91768],[15.688776,7.929648],[15.69851,8.01412],[15.681755,8.044671],[15.68349,8.09937],[15.674974,8.110237],[15.675819,8.136705],[15.666776,8.186452],[15.670659,8.196926],[15.652598,8.241666],[15.629625,8.244168],[15.624083,8.237279],[15.625457,8.224868],[15.617916,8.210975],[15.612432,8.205849],[15.608946,8.207726],[15.587009,8.187221],[15.560433,8.188063],[15.551461,8.184812],[15.529469,8.162531],[15.517121,8.164686],[15.511638,8.159556],[15.486605,8.153272]]}},
{"type":"Feature","properties":{},"geometry":{"type":"LineString","coordinates":[[4.435157,7.906749],[4.40974,7.899602],[4.39523,7.899651],[4.384366,7.905112],[4.349898,7.903416],[4.335364,7.896229],[4.317233,7.898095],[4.302694,7.889098],[4.291811,7.889132],[4.282765,7.896394]]}},
{"type":"Feature","properties":{},"geometry":{"type":"LineString","coordinates":[[1.987116,7.991185],[1.972673,7.962211],[1.954576,7.944079],[1.947361,7.927783],[1.934686,7.918708],[1.903857,7.91501],[1.883893,7.918575],[1.838604,7.896749],[1.815018,7.898491],[1.800533,7.889407],[1.782455,7.890213]]}},
{"type":"Feature","properties":{},"geometry":{"type":"LineString","coordinates":[[3.767852,8.033315],[3.800456,8.002503],[3.811329,7.995247],[3.824027,7.993413],[3.843938,7.969859],[3.847571,7.971661],[3.867495,7.955341],[3.87471,7.93543],[3.874668,7.915534],[3.885533,7.906467],[3.885499,7.890189],[3.878208,7.873925]]}},
{"type":"Feature","properties":{},"geometry":{"type":"LineString","coordinates":[[3.06064,7.848249],[3.04613,7.873576],[3.046131,7.882621],[3.051574,7.889856],[3.049763,7.909755],[3.058836,7.926034]]}},
{"type":"Feature","properties":{},"geometry":{"type":"LineString","coordinates":[[3.164035,7.83375],[3.149525,7.840991],[3.113255,7.877182],[3.111443,7.884418],[3.078794,7.920604],[3.055208,7.927843],[3.040694,7.942317],[3.037067,7.962215],[3.027995,7.973069],[3.013479,7.978497],[3.00622,7.992969]]}},
{"type":"Feature","properties":{},"geometry":{"type":"LineString","coordinates":[[2.72243,7.909122],[2.715184,7.892838],[2.698865,7.880164],[2.693434,7.865688],[2.675298,7.858439],[2.655345,7.856614],[2.640843,7.84394],[2.613637,7.840298],[2.591883,7.825806]]}},
{"type":"Feature","properties":{},"geometry":{"type":"LineString","coordinates":[[3.493592,7.838377],[3.477252,7.825734],[3.46635,7.809466],[3.442761,7.800447],[3.42644,7.804081]]}},
{"type":"Feature","properties":{},"geometry":{"type":"LineString","coordinates":[[6.504426,7.908548],[6.506176,7.901311],[6.531358,7.881237],[6.538371,7.854094],[6.558165,7.839482],[6.559898,7.83044],[6.574305,7.82129],[6.590567,7.817541],[6.601336,7.806616],[6.593876,7.779536]]}},
{"type":"Feature","properties":{},"geometry":{"type":"LineString","coordinates":[[2.017209,7.994875],[2.022716,7.967758],[2.037273,7.949705],[2.035531,7.918953],[2.062828,7.881032],[2.062881,7.85752],[2.0738,7.841265],[2.070208,7.824979],[2.075677,7.81233],[2.07322,7.793588]]}},
{"type":"Feature","properties":{},"geometry":{"type":"LineString","coordinates":[[3.855247,8.170605],[3.869765,8.168765],[3.8915,8.147014],[3.913273,8.143348],[3.935021,8.128829],[3.945911,8.128803],[3.969468,8.11247],[3.982129,8.094353],[3.998445,8.087079],[4.012927,8.072574],[4.054643,8.063426],[4.067322,8.05435],[4.083644,8.05069],[4.094507,8.041617],[4.096239,8.010867],[4.110696,7.989125],[4.099718,7.954791],[4.099694,7.945748],[4.105117,7.938499],[4.103231,7.911375],[4.106835,7.902322],[4.099512,7.877021],[4.113975,7.858897],[4.113897,7.829959],[4.135558,7.791921]]}},
{"type":"Feature","properties":{},"geometry":{"type":"LineString","coordinates":[[16.046429,7.589789],[16.055691,7.603614],[16.06452,7.603344],[16.074574,7.585401],[16.085493,7.595647],[16.09079,7.595484],[16.110971,7.619549]]}},
{"type":"Feature","properties":{},"geometry":{"type":"LineString","coordinates":[[3.573976,8.245264],[3.595732,8.223526],[3.628385,8.205388],[3.661049,8.196292],[3.675549,8.181798],[3.690066,8.178156],[3.706376,8.161848],[3.728143,8.152766],[3.739008,8.138276],[3.75171,8.136444],[3.771636,8.114701],[3.786149,8.111056],[3.816968,8.092908],[3.824206,8.082042],[3.835088,8.078402],[3.855006,8.056656],[3.865883,8.051207],[3.907605,8.043881],[3.927534,8.029367],[3.983738,8.009342],[3.994603,8.000273],[3.994529,7.969525],[4.005366,7.949604],[4.005335,7.936944],[3.998039,7.920683],[3.998013,7.909831],[4.005235,7.895344],[4.001572,7.880884],[4.005134,7.853745],[3.999667,7.842906],[4.005065,7.824806],[4.001407,7.812154],[4.003135,7.775977]]}},
{"type":"Feature","properties":{},"geometry":{"type":"LineString","coordinates":[[2.348855,7.805604],[2.341603,7.803784],[2.327125,7.783864],[2.287702,7.773001]]}},
{"type":"Feature","properties":{},"geometry":{"type":"LineString","coordinates":[[2.515766,7.767841],[2.532115,7.744344],[2.543,7.740738]]}},
{"type":"Feature","properties":{},"geometry":{"type":"LineString","coordinates":[[15.555305,7.55739],[15.571538,7.567516],[15.579291,7.590257],[15.592198,7.607544],[15.594386,7.621613],[15.609012,7.63708],[15.607559,7.647723],[15.62599,7.671906],[15.634658,7.782934],[15.629672,7.793684]]}},
{"type":"Feature","properties":{},"geometry":{"type":"LineString","coordinates":[[3.355651,7.744452],[3.386457,7.717292],[3.395523,7.715475]]}},
{"type":"Feature","properties":{},"geometry":{"type":"LineString","coordinates":[[6.858303,7.696461],[6.8748,7.719776],[6.878765,7.757643]]}},
{"type":"Feature","properties":{},"geometry":{"type":"LineString","coordinates":[[3.805776,7.939186],[3.820276,7.931923],[3.832935,7.912002],[3.842002,7.910175],[3.858303,7.89748],[3.861901,7.883003],[3.878208,7.873925],[3.889046,7.852198],[3.890817,7.832298],[3.885345,7.81784],[3.883452,7.77986],[3.894261,7.745471],[3.89236,7.703875],[3.897777,7.693011]]}},
{"type":"Feature","properties":{},"geometry":{"type":"LineString","coordinates":[[16.306425,7.543008],[16.309515,7.528819],[16.303567,7.507861],[16.304788,7.490206],[16.311679,7.484708],[16.328094,7.501819],[16.333057,7.491096],[16.332677,7.478777],[16.339511,7.47152],[16.348437,7.474768],[16.351853,7.47114],[16.361726,7.447938],[16.387408,7.422491],[16.387083,7.411934]]}},
{"type":"Feature","properties":{},"geometry":{"type":"LineString","coordinates":[[2.551896,7.901739],[2.586408,7.86017],[2.582801,7.838459],[2.591887,7.822188],[2.579213,7.79866],[2.561087,7.787788],[2.550218,7.775115],[2.550241,7.753408],[2.542998,7.742547],[2.544827,7.728077],[2.533962,7.713595],[2.537615,7.690083],[2.534121,7.678185]]}},
{"type":"Feature","properties":{},"geometry":{"type":"LineString","coordinates":[[3.477141,7.728054],[3.469879,7.720826],[3.448111,7.713614],[3.413626,7.682897],[3.408186,7.682902]]}},
{"type":"Feature","properties":{},"geometry":{"type":"LineString","coordinates":[[15.401271,7.498221],[15.405015,7.505185],[15.387976,7.528658],[15.386563,7.541075],[15.376451,7.559047],[15.379658,7.608462],[15.37309,7.626333],[15.374073,7.6599],[15.362246,7.679696],[15.337762,7.691021],[15.317129,7.712846],[15.299621,7.720432],[15.269398,7.717777],[15.260695,7.723337],[15.250529,7.739555],[15.229315,7.741942],[15.217117,7.749374]]}},
{"type":"Feature","properties":{},"geometry":{"type":"LineString","coordinates":[[4.554244,7.739959],[4.527037,7.736441],[4.503417,7.722058],[4.481562,7.6932],[4.454346,7.68606],[4.441577,7.662594]]}},
{"type":"Feature","properties":{},"geometry":{"type":"LineString","coordinates":[[4.262057,7.643263],[4.274821,7.668545],[4.282088,7.673949]]}},
{"type":"Feature","properties":{},"geometry":{"type":"LineString","coordinates":[[4.818895,7.735296],[4.789748,7.701066],[4.787769,7.661295],[4.800403,7.648586],[4.802185,7.641346]]}},
{"type":"Feature","properties":{},"geometry":{"type":"LineString","coordinates":[[4.608255,7.640304],[4.600979,7.633098],[4.595548,7.634926]]}},
{"type":"Feature","properties":{},"geometry":{"type":"LineString","coordinates":[[9.593266,7.58117],[9.613021,7.577274],[9.625681,7.580675],[9.643965,7.598367],[9.653225,7.614818]]}},
{"type":"Feature","properties":{},"geometry":{"type":"LineString","coordinates":[[4.632045,7.699887],[4.592024,7.662064],[4.595541,7.633118],[4.588252,7.622295],[4.590051,7.618672]]}},
{"type":"Feature","properties":{},"geometry":{"type":"LineString","coordinates":[[5.288263,7.725807],[5.280928,7.709578],[5.251782,7.68081],[5.248083,7.666369],[5.233531,7.655599],[5.226284,7.655637],[5.206689,7.634686],[5.200705,7.614192]]}},
{"type":"Feature","properties":{},"geometry":{"type":"LineString","coordinates":[[12.227898,7.518673],[12.258617,7.532309],[12.271406,7.544538],[12.292834,7.542293],[12.310953,7.552619],[12.339766,7.560927]]}},
{"type":"Feature","properties":{},"geometry":{"type":"LineString","coordinates":[[2.474273,7.588787],[2.483813,7.592695],[2.495516,7.583075]]}},
{"type":"Feature","properties":{},"geometry":{"type":"LineString","coordinates":[[2.786012,7.749974],[2.755192,7.730059],[2.753384,7.721013],[2.693592,7.646808],[2.6936,7.635955],[2.679103,7.625091],[2.668238,7.606993],[2.606748,7.581471]]}},
{"type":"Feature","properties":{},"geometry":{"type":"LineString","coordinates":[[3.721945,7.722283],[3.696511,7.693385],[3.691036,7.671688],[3.674689,7.653625],[3.674672,7.642772],[3.649256,7.621105],[3.645593,7.595787],[3.640141,7.58675],[3.643756,7.579509]]}},
{"type":"Feature","properties":{},"geometry":{"type":"LineString","coordinates":[[15.909243,7.381033],[15.89413,7.407946],[15.868261,7.429885],[15.852989,7.451514],[15.826852,7.464641],[15.750681,7.579884],[15.740232,7.585492],[15.725403,7.562978],[15.720152,7.5649],[15.711049,7.55634],[15.697009,7.560288],[15.679745,7.574927],[15.667419,7.577058],[15.654004,7.602183],[15.646773,7.597098],[15.639802,7.600837],[15.637159,7.630945],[15.63201,7.636397],[15.609065,7.638845]]}},
{"type":"Feature","properties":{},"geometry":{"type":"LineString","coordinates":[[12.103056,7.54096],[12.088475,7.528757],[12.086423,7.516292],[12.060732,7.486448],[12.045931,7.463522],[12.043883,7.451055]]}},
{"type":"Feature","properties":{},"geometry":{"type":"LineString","coordinates":[[16.25079,7.340322],[16.254581,7.349018],[16.290968,7.38492],[16.297914,7.381186],[16.306302,7.366837],[16.331037,7.367849],[16.341828,7.374567],[16.376507,7.412259],[16.401184,7.411502],[16.411867,7.414696],[16.421005,7.42498],[16.431019,7.463411],[16.428095,7.482871],[16.433823,7.49678],[16.430573,7.505686],[16.434593,7.521408],[16.469211,7.611879]]}},
{"type":"Feature","properties":{},"geometry":{"type":"LineString","coordinates":[[4.781796,7.531136],[4.761917,7.543873],[4.743877,7.563836],[4.742102,7.572884],[4.724031,7.585612],[4.718667,7.603715]]}},
{"type":"Feature","properties":{},"geometry":{"type":"LineString","coordinates":[[14.411928,7.46099],[14.418615,7.444847],[14.414412,7.420118],[14.417502,7.402297],[14.411712,7.384705]]}},
{"type":"Feature","properties":{},"geometry":{"type":"LineString","coordinates":[[14.344039,7.098975],[14.358154,7.095077],[14.379103,7.080362],[14.407237,7.069019],[14.414381,7.070616],[14.424853,7.06326],[14.442512,7.059273],[14.451605,7.067916],[14.467752,7.074609],[14.489046,7.074077],[14.497784,7.068537],[14.502796,7.055997],[14.513939,7.054588]]}},
{"type":"Feature","properties":{},"geometry":{"type":"LineString","coordinates":[[14.258615,7.445448],[14.261986,7.438262],[14.269049,7.436305],[14.2916,7.414425],[14.298387,7.401826],[14.314378,7.401414],[14.324581,7.383405],[14.356328,7.373715],[14.370722,7.380442],[14.391945,7.376345],[14.408206,7.38657],[14.425781,7.379018],[14.439344,7.35383],[14.444625,7.35192],[14.450089,7.3571],[14.458784,7.34978],[14.463651,7.331915],[14.470569,7.324641],[14.466558,7.307006],[14.476799,7.290778],[14.478163,7.274779],[14.486537,7.255054],[14.484579,7.248009],[14.493227,7.238919],[14.491224,7.230102],[14.496277,7.219331],[14.488679,7.200015],[14.490183,7.189335],[14.481038,7.178925],[14.476724,7.148881],[14.471086,7.136607],[14.476143,7.125837],[14.474144,7.117019],[14.488162,7.109572],[14.493217,7.098803],[14.502,7.095035],[14.513939,7.054588],[14.54879,6.978596],[14.554111,6.978464],[14.56267,6.965839],[14.571493,6.963848],[14.611265,6.922084],[14.630504,6.910971],[14.644686,6.910619],[14.711203,6.875294],[14.712668,6.862852],[14.708905,6.854084],[14.712317,6.848683],[14.699432,6.829507],[14.699213,6.820651],[14.689961,6.804927],[14.696702,6.790584],[14.683347,6.751919],[14.680802,6.72009]]}},
{"type":"Feature","properties":{},"geometry":{"type":"LineString","coordinates":[[14.27041,6.994297],[14.292886,6.968904],[14.29605,6.952854],[14.306442,6.941954],[14.337789,6.916353],[14.346619,6.914365],[14.369131,6.890755],[14.388435,6.881418],[14.409211,6.859627],[14.412416,6.845358],[14.406796,6.833074],[14.415113,6.809813],[14.430907,6.802338],[14.459583,6.814067],[14.500115,6.80245],[14.516245,6.809155],[14.530216,6.79995],[14.54959,6.794162],[14.568706,6.777742],[14.609175,6.764353],[14.614363,6.758909],[14.614063,6.746507],[14.624354,6.732077],[14.670042,6.715021],[14.680802,6.72009]]}},
{"type":"Feature","properties":{},"geometry":{"type":"LineString","coordinates":[[4.975584,7.515841],[4.986503,7.526639],[4.99202,7.544693],[5.019338,7.575302],[5.019388,7.586149],[5.026703,7.600578],[5.024934,7.609625]]}},
{"type":"Feature","properties":{},"geometry":{"type":"LineString","coordinates":[[3.208725,7.690281],[3.219602,7.684849],[3.235922,7.68484],[3.259478,7.655884],[3.263096,7.64141],[3.270344,7.63417],[3.304782,7.619676],[3.312029,7.612434],[3.313825,7.588917],[3.330133,7.578051],[3.333748,7.563577],[3.353667,7.536427],[3.375414,7.530982],[3.389903,7.516499],[3.404398,7.511058]]}},
{"type":"Feature","properties":{},"geometry":{"type":"LineString","coordinates":[[12.270345,7.410611],[12.286781,7.426338],[12.306376,7.422353],[12.324523,7.434469],[12.337041,7.434203],[12.344345,7.441191],[12.356786,7.437354]]}},
{"type":"Feature","properties":{},"geometry":{"type":"LineString","coordinates":[[15.702161,7.312907],[15.702771,7.33408],[15.696007,7.34487],[15.703536,7.360547],[15.703893,7.372897],[15.716931,7.395476],[15.755335,7.438499],[15.75783,7.463143],[15.754503,7.470303],[15.756895,7.49142],[15.75383,7.5074],[15.758415,7.542576],[15.753532,7.556846],[15.757384,7.567325]]}},
{"type":"Feature","properties":{},"geometry":{"type":"LineString","coordinates":[[2.320269,7.532425],[2.31126,7.498043],[2.298579,7.494405],[2.29135,7.481731],[2.27877,7.47447]]}},
{"type":"Feature","properties":{},"geometry":{"type":"LineString","coordinates":[[4.716328,7.469919],[4.696449,7.482654],[4.671098,7.486367],[4.654793,7.486428],[4.64209,7.481051],[4.627603,7.482913],[4.609452,7.473938]]}},
{"type":"Feature","properties":{},"geometry":{"type":"LineString","coordinates":[[2.398178,7.556054],[2.392758,7.543385],[2.390978,7.519867],[2.398248,7.505406],[2.398265,7.492743],[2.405527,7.483709],[2.405547,7.469238],[2.42278,7.442776]]}},
{"type":"Feature","properties":{},"geometry":{"type":"LineString","coordinates":[[3.95706,7.443279],[3.940778,7.455975],[3.935365,7.466839],[3.900981,7.490424],[3.891945,7.503104],[3.881078,7.506743],[3.86299,7.524867],[3.863008,7.533911],[3.857581,7.539348],[3.815886,7.53581],[3.806833,7.541253],[3.797767,7.539461],[3.779661,7.550346],[3.770598,7.550363],[3.750696,7.572103],[3.752519,7.577526]]}},
{"type":"Feature","properties":{},"geometry":{"type":"LineString","coordinates":[[9.91994,8.490183],[9.924512,8.4434],[9.931371,8.423521],[9.945411,8.401718],[9.945251,8.39274],[9.968177,8.363598],[9.989522,8.347055],[10.015694,8.298103],[10.028119,8.287108],[10.038516,8.263579],[10.038228,8.247422],[10.068126,8.205594],[10.073023,8.176778],[10.087085,8.156779],[10.086072,8.099339],[10.091223,8.084885],[10.089295,8.077736],[10.101399,8.048797],[10.099034,8.016519],[10.111202,7.991171],[10.106791,7.944565],[10.113806,7.933672],[10.120419,7.899445],[10.111018,7.876265],[10.110588,7.851136],[10.099542,7.836959],[10.099024,7.806445],[10.114856,7.784632],[10.152099,7.751687],[10.164087,7.715579],[10.180067,7.702744],[10.18702,7.688265],[10.215439,7.666245],[10.225988,7.651707],[10.249309,7.647724],[10.288084,7.600403],[10.311216,7.585655],[10.318196,7.572974],[10.319356,7.535267],[10.326396,7.526175],[10.354947,7.513134],[10.36558,7.503982],[10.368872,7.485982],[10.384625,7.460595],[10.430926,7.434696],[10.446826,7.418281],[10.462875,7.410834],[10.487999,7.408616],[10.502159,7.395818],[10.537904,7.384449],[10.557449,7.371562],[10.580861,7.37475],[10.591545,7.369187],[10.605975,7.372528],[10.641646,7.357569],[10.702698,7.356517],[10.713409,7.352746],[10.74582,7.357563],[10.765537,7.355426],[10.816054,7.368884],[10.87173,7.369694],[10.90067,7.381727],[10.936564,7.381086],[10.985177,7.389174],[11.008667,7.397709]]}},
{"type":"Feature","properties":{},"geometry":{"type":"LineString","coordinates":[[4.638293,8.150268],[4.635649,8.153737],[4.61388,8.155633],[4.595719,8.152088],[4.58666,8.15574],[4.557624,8.155852],[4.532259,8.1668],[4.514104,8.165059],[4.501428,8.172339],[4.45061,8.1671]]}},
{"type":"Feature","properties":{},"geometry":{"type":"LineString","coordinates":[[3.404332,7.438701],[3.416997,7.417017]]}},
{"type":"Feature","properties":{},"geometry":{"type":"LineString","coordinates":[[4.498638,7.387527],[4.485982,7.394803],[4.458898,7.422018],[4.4245,7.429364],[4.370265,7.467512],[4.352157,7.471185],[4.330468,7.489336]]}},
{"type":"Feature","properties":{},"geometry":{"type":"LineString","coordinates":[[4.645343,7.381585],[4.61648,7.41424],[4.612923,7.432335],[4.603918,7.446835],[4.609452,7.473938],[4.580548,7.497551],[4.548127,7.551916],[4.521065,7.58637],[4.517574,7.624357]]}},
{"type":"Feature","properties":{},"geometry":{"type":"LineString","coordinates":[[3.201357,7.444267],[3.284707,7.417087],[3.308268,7.420689],[3.324571,7.411633],[3.346316,7.409807],[3.380735,7.395308],[3.398845,7.382629]]}},
{"type":"Feature","properties":{},"geometry":{"type":"LineString","coordinates":[[2.996394,7.552851],[2.985517,7.552851],[2.969203,7.540187],[2.956514,7.538377],[2.9402,7.52933],[2.887635,7.518466],[2.849581,7.485893],[2.82602,7.482267],[2.807901,7.467788],[2.784343,7.460541],[2.717327,7.393572],[2.688337,7.388125],[2.677474,7.375455],[2.655733,7.370012],[2.634115,7.37616]]}},
{"type":"Feature","properties":{},"geometry":{"type":"LineString","coordinates":[[3.72312,7.337001],[3.706837,7.351498],[3.676057,7.366016],[3.648929,7.400424],[3.643514,7.414903]]}},
{"type":"Feature","properties":{},"geometry":{"type":"LineString","coordinates":[[14.67383,7.354794],[14.687742,7.343792],[14.684006,7.336801],[14.704218,7.295503],[14.693155,7.279841],[14.691056,7.267489],[14.670895,7.2432],[14.663846,7.245156],[14.65834,7.238209],[14.651291,7.240165],[14.636869,7.231675],[14.633412,7.23531],[14.617308,7.230408],[14.606754,7.234227],[14.588645,7.22051],[14.572631,7.219149],[14.558253,7.212425],[14.545923,7.216288],[14.525948,7.199065],[14.518895,7.201018],[14.500876,7.190836],[14.490227,7.191107]]}},
{"type":"Feature","properties":{},"geometry":{"type":"LineString","coordinates":[[4.35529,7.31022],[4.338994,7.312077],[4.331765,7.317524],[4.311935,7.350136],[4.295684,7.368268],[4.295716,7.379119],[4.290302,7.386369],[4.292203,7.417109],[4.310406,7.445992],[4.315928,7.474912],[4.330468,7.489336],[4.332319,7.50199],[4.326948,7.523708],[4.337888,7.545377],[4.337921,7.556228],[4.334369,7.579749],[4.316322,7.605123],[4.312752,7.623219],[4.305534,7.634091],[4.303777,7.652182],[4.282088,7.673949],[4.287631,7.708294],[4.282208,7.713736],[4.275032,7.739077]]}},
{"type":"Feature","properties":{},"geometry":{"type":"LineString","coordinates":[[3.106924,7.344806],[3.076119,7.333958],[3.057997,7.310444],[3.043501,7.299592]]}},
{"type":"Feature","properties":{},"geometry":{"type":"LineString","coordinates":[[13.684954,6.980263],[13.721392,7.016769],[13.725321,7.032681],[13.734504,7.044915],[13.76545,7.07442],[13.783404,7.081111],[13.809397,7.12672],[13.825532,7.131671],[13.840481,7.161534],[13.840694,7.170416],[13.83197,7.177735],[13.824854,7.177904]]}},
{"type":"Feature","properties":{},"geometry":{"type":"LineString","coordinates":[[15.159835,7.22314],[15.158925,7.189545],[15.165767,7.180514],[15.165577,7.173441],[15.183184,7.169429],[15.202322,7.156529],[15.221265,7.13656],[15.221123,7.131256],[15.238343,7.113105],[15.238201,7.107802],[15.247002,7.105797]]}},
{"type":"Feature","properties":{},"geometry":{"type":"LineString","coordinates":[[9.497849,7.403473],[9.517654,7.403182],[9.574358,7.341234],[9.575708,7.310658],[9.586084,7.281748],[9.585821,7.263778],[9.572858,7.238803],[9.57617,7.218984],[9.572388,7.206457]]}},
{"type":"Feature","properties":{},"geometry":{"type":"LineString","coordinates":[[6.567604,7.223705],[6.562387,7.201558]]}},
{"type":"Feature","properties":{},"geometry":{"type":"LineString","coordinates":[[3.019954,7.417178],[3.01814,7.388234],[3.030823,7.364717],[3.034446,7.348435],[3.032633,7.326727],[3.043502,7.301401],[3.041686,7.257985],[3.050742,7.241704],[3.047116,7.21276],[3.054462,7.196641]]}},
{"type":"Feature","properties":{},"geometry":{"type":"LineString","coordinates":[[12.155651,7.488042],[12.142938,7.479375],[12.130451,7.481423],[12.101447,7.46416],[12.052943,7.45623],[12.003737,7.414347],[11.987446,7.405743],[11.976744,7.407748],[11.962243,7.399105],[11.951576,7.402896],[11.938901,7.396003],[11.874347,7.391939],[11.857983,7.379751],[11.848996,7.378143],[11.810578,7.337779],[11.788353,7.300664],[11.7774,7.290148],[11.775399,7.279458],[11.760622,7.256496],[11.716994,7.223358],[11.700881,7.223668],[11.644519,7.180024],[11.63901,7.172973],[11.638841,7.164031],[11.624246,7.149994],[11.620192,7.125024],[11.612862,7.116216]]}},
{"type":"Feature","properties":{},"geometry":{"type":"LineString","coordinates":[[6.694057,7.318792],[6.710061,7.286165],[6.709705,7.242841],[6.718507,7.213885],[6.718433,7.204859],[6.692705,7.152713]]}},
{"type":"Feature","properties":{},"geometry":{"type":"LineString","coordinates":[[4.058085,7.253137],[4.034473,7.224252],[4.032539,7.169995],[4.043364,7.151884]]}},
{"type":"Feature","properties":{},"geometry":{"type":"LineString","coordinates":[[15.388903,7.050698],[15.381592,7.042056],[15.384985,7.036661],[15.382979,7.027875],[15.368453,7.014121],[15.359658,7.016124],[15.352491,7.012779],[15.321813,6.99061],[15.309527,6.994473],[15.273682,6.977738],[15.270192,6.979598]]}},
{"type":"Feature","properties":{},"geometry":{"type":"LineString","coordinates":[[13.922121,7.003201],[13.907942,7.005311],[13.89393,7.014526],[13.883179,7.011224]]}},
{"type":"Feature","properties":{},"geometry":{"type":"LineString","coordinates":[[2.875003,7.319476],[2.856889,7.304998],[2.849649,7.283288],[2.829728,7.263382],[2.824306,7.230818],[2.811632,7.214532],[2.808022,7.183778],[2.786295,7.165679],[2.762756,7.153004],[2.762763,7.140341],[2.741041,7.120431],[2.738288,7.112458]]}},
{"type":"Feature","properties":{},"geometry":{"type":"LineString","coordinates":[[14.651151,6.956546],[14.638609,6.951541],[14.636659,6.9445],[14.638123,6.932054],[14.646591,6.91589],[14.644686,6.910619]]}},
{"type":"Feature","properties":{},"geometry":{"type":"LineString","coordinates":[[13.732694,6.96672],[13.749152,6.9859],[13.774504,7.004871],[13.794647,7.029292],[13.800356,7.045158],[13.797759,7.086107],[13.805125,7.0966],[13.799999,7.10561]]}},
{"type":"Feature","properties":{},"geometry":{"type":"LineString","coordinates":[[16.226044,7.039724],[16.24004,7.035797],[16.248649,7.028501],[16.258409,7.000029],[16.275726,6.988961],[16.280555,6.972966],[16.292434,6.956771],[16.296912,6.928457],[16.278047,6.88495],[16.282783,6.865438],[16.291539,6.863429],[16.303571,6.85252],[16.303422,6.847239]]}},
{"type":"Feature","properties":{},"geometry":{"type":"LineString","coordinates":[[15.181779,6.983695],[15.179732,6.973133],[15.184669,6.95885],[15.175268,6.937865],[15.178576,6.928932],[15.167362,6.906223],[15.172211,6.888405]]}},
{"type":"Feature","properties":{},"geometry":{"type":"LineString","coordinates":[[14.933564,7.112329],[14.924197,7.093094],[14.930315,7.055746],[14.922861,7.041772],[14.929535,7.025662],[14.925398,7.002747],[14.935433,6.979468],[14.931255,6.954784],[14.944879,6.933186],[14.955277,6.924067],[14.962406,6.925656],[14.967627,6.921982],[14.996958,6.891135],[15.011211,6.894312],[15.032318,6.888462],[15.051924,6.893271],[15.058959,6.891321],[15.069715,6.896355],[15.087367,6.894131],[15.096353,6.899209],[15.133332,6.891178],[15.149394,6.896072],[15.163502,6.893938],[15.166904,6.888542],[15.17398,6.888359],[15.214072,6.864323],[15.228131,6.860422],[15.238927,6.867217],[15.270118,6.841647],[15.287984,6.848258],[15.300178,6.840867],[15.305528,6.842497],[15.31577,6.828084],[15.345502,6.814935],[15.356016,6.811125],[15.382576,6.812203],[15.412299,6.799054],[15.455508,6.760812],[15.467415,6.742829],[15.518138,6.722073],[15.526785,6.714781],[15.547885,6.710699],[15.561737,6.699739],[15.573364,6.671171],[15.565935,6.657231],[15.57621,6.6446],[15.570595,6.632379],[15.575709,6.625181],[15.593227,6.61943],[15.594856,6.614089],[15.592456,6.589421],[15.579602,6.570319],[15.586212,6.552486],[15.582368,6.540219]]}},
{"type":"Feature","properties":{},"geometry":{"type":"LineString","coordinates":[[4.001472,7.039835],[3.977935,7.039885],[3.956243,7.056209],[3.934531,7.063488]]}},
{"type":"Feature","properties":{},"geometry":{"type":"LineString","coordinates":[[3.887876,7.280633],[3.880584,7.257133],[3.866052,7.235456],[3.86965,7.222787],[3.865987,7.201089],[3.867722,7.161292],[3.860431,7.135983],[3.860397,7.117895],[3.873008,7.083504],[3.867529,7.058191],[3.881976,7.038267]]}},
{"type":"Feature","properties":{},"geometry":{"type":"LineString","coordinates":[[13.318407,6.580809],[13.318779,6.598605],[13.326196,6.612692],[13.332547,6.660627],[13.347238,6.681679],[13.368936,6.697238],[13.372838,6.713176],[13.381889,6.720102],[13.391476,6.751936],[13.413179,6.767487],[13.420607,6.781565],[13.419021,6.790498],[13.422735,6.797537],[13.41759,6.806548],[13.417823,6.817222],[13.425293,6.833077],[13.42758,6.856165],[13.459018,6.908862],[13.498931,6.941784],[13.518589,6.944902],[13.524127,6.953674],[13.540306,6.960427],[13.549486,6.972674],[13.563843,6.977686],[13.570921,6.975747],[13.576664,6.993407],[13.57537,7.014784],[13.586212,7.021653],[13.600448,7.021328],[13.602554,7.03551],[13.611696,7.045974],[13.62763,7.04205],[13.64203,7.048833],[13.647328,7.046932],[13.652829,7.05392],[13.651503,7.073515],[13.664331,7.089225],[13.673269,7.090795],[13.687339,7.083355],[13.743703,7.133604],[13.768904,7.145456],[13.778094,7.157684],[13.785295,7.161069],[13.801221,7.157135],[13.817484,7.167414],[13.82494,7.181458],[13.818463,7.208277],[13.824142,7.222362],[13.819233,7.240257],[13.836407,7.287837],[13.812405,7.325751],[13.794739,7.331513],[13.780849,7.346074],[13.775986,7.365749],[13.767304,7.37485],[13.749374,7.369953],[13.742471,7.379011],[13.728925,7.407792],[13.72806,7.445156],[13.672947,7.45006],[13.662131,7.444988],[13.646495,7.461377],[13.62699,7.46541],[13.611437,7.485356],[13.561816,7.497236],[13.531872,7.512198],[13.489406,7.525683],[13.478929,7.534835],[13.455672,7.531838],[13.441671,7.542855],[13.400198,7.524273],[13.357325,7.521739],[13.31279,7.524581],[13.302219,7.530174],[13.277167,7.527207],[13.259586,7.538309],[13.23623,7.531738],[13.225697,7.539111],[13.216777,7.539322],[13.189558,7.520369]]}},
{"type":"Feature","properties":{},"geometry":{"type":"LineString","coordinates":[[16.415424,7.124037],[16.384857,7.103806],[16.370093,7.081346],[16.357504,7.072907],[16.353775,7.065971],[16.357144,7.060589],[16.355023,7.048322],[16.328473,6.983922],[16.321225,6.977084],[16.309897,6.950986],[16.314828,6.938515],[16.312865,6.931525],[16.321471,6.924234],[16.341095,6.932479],[16.361876,6.919556],[16.354378,6.90392],[16.36072,6.879082],[16.353325,6.866964],[16.352726,6.845847],[16.347244,6.838957]]}},
{"type":"Feature","properties":{},"geometry":{"type":"LineString","coordinates":[[14.796654,6.889111],[14.792889,6.880347],[14.796299,6.874947],[14.794262,6.864368],[14.80622,6.846353],[14.818399,6.837192],[14.826683,6.813957],[14.824472,6.796297],[14.827795,6.787357],[14.841437,6.765763],[14.858796,6.751164],[14.867038,6.726164],[14.884569,6.718648],[14.894886,6.705996],[14.929986,6.692737],[14.938662,6.68544],[14.941896,6.672965],[14.927302,6.655616],[14.915991,6.627559],[14.925879,6.597215],[14.925578,6.584827],[14.916388,6.570883],[14.916088,6.558494],[14.926109,6.533462],[14.922316,6.522928]]}},
{"type":"Feature","properties":{},"geometry":{"type":"LineString","coordinates":[[15.273255,7.15992],[15.250921,7.119842],[15.246811,7.098727],[15.265611,7.07346],[15.285517,7.023407],[15.270426,6.988436],[15.270192,6.979598],[15.262882,6.970948],[15.245754,6.925411],[15.238494,6.918525],[15.23817,6.906152],[15.221148,6.86414]]}},
{"type":"Feature","properties":{},"geometry":{"type":"LineString","coordinates":[[13.915912,6.889617],[13.928723,6.905313],[13.930789,6.917703],[13.907483,6.985774],[13.86747,7.024033],[13.846759,7.051181],[13.832659,7.056844],[13.811026,7.044909],[13.800398,7.046935]]}},
{"type":"Feature","properties":{},"geometry":{"type":"LineString","coordinates":[[4.739875,6.996084],[4.689137,6.978186],[4.672856,6.980052]]}},
{"type":"Feature","properties":{},"geometry":{"type":"LineString","coordinates":[[9.029894,7.568416],[9.037054,7.564718],[9.074936,7.565989],[9.10007,7.558441],[9.135686,7.527359],[9.144443,7.509247],[9.189137,7.483435],[9.199669,7.463501],[9.219182,7.441642],[9.225957,7.410971],[9.256148,7.379971],[9.275783,7.367105],[9.280882,7.345453],[9.29321,7.325498],[9.312841,7.312633],[9.328793,7.294426],[9.339268,7.270902],[9.389018,7.223452],[9.406942,7.217805],[9.435768,7.219196],[9.455388,7.206333],[9.498582,7.205719],[9.511282,7.212728],[9.539998,7.206923],[9.563443,7.210181],[9.591921,7.188201],[9.635101,7.187576],[9.676189,7.167209],[9.686825,7.156272],[9.699022,7.129139],[9.698473,7.091412],[9.692661,7.062744],[9.701341,7.041056],[9.702675,7.008691],[9.718522,6.985105],[9.743358,6.96139],[9.753707,6.930697],[9.788312,6.899529],[9.819578,6.857171],[9.843798,6.850119],[9.883252,6.852905],[9.925059,6.844759],[9.946016,6.844456],[9.95446,6.848523],[10.064208,6.843564],[10.107031,6.829585]]}},
{"type":"Feature","properties":{},"geometry":{"type":"LineString","coordinates":[[15.776528,6.935942],[15.78192,6.939324],[15.853409,6.905595],[15.872915,6.908589],[15.904332,6.895374],[15.931378,6.9158],[15.945685,6.92246],[15.952643,6.918739],[15.963422,6.925496],[15.984343,6.916097],[15.991005,6.901801],[16.00487,6.892598],[16.053995,6.882418],[16.067657,6.866169],[16.075885,6.844783],[16.072214,6.839595],[16.080394,6.816448],[16.095916,6.803679],[16.118632,6.796001],[16.141688,6.800653],[16.153923,6.796789],[16.164643,6.80178],[16.180256,6.792535],[16.183876,6.79596],[16.187058,6.783535],[16.199293,6.779672],[16.263587,6.8096],[16.276359,6.825099],[16.288787,6.828273],[16.299651,6.838537],[16.2998,6.843818]]}},
{"type":"Feature","properties":{},"geometry":{"type":"LineString","coordinates":[[4.986249,7.058387],[4.924465,6.997173],[4.924391,6.979094],[4.93154,6.957368]]}},
{"type":"Feature","properties":{},"geometry":{"type":"LineString","coordinates":[[3.688338,7.237568],[3.657521,7.221334],[3.643008,7.205074],[3.628507,7.197859],[3.615804,7.179787],[3.581355,7.15089],[3.56682,7.112921],[3.564987,7.094834],[3.568589,7.078549],[3.559522,7.067707],[3.53778,7.056879],[3.534136,7.036984],[3.52326,7.026143],[3.499712,7.017124],[3.485209,6.99905],[3.46529,6.995452],[3.450785,6.973759],[3.427246,6.970162],[3.414807,6.955493]]}},
{"type":"Feature","properties":{},"geometry":{"type":"LineString","coordinates":[[14.312339,6.817586],[14.333421,6.808212],[14.367343,6.816277],[14.393657,6.803229],[14.415113,6.809813]]}},
{"type":"Feature","properties":{},"geometry":{"type":"LineString","coordinates":[[15.951917,6.763526],[15.989232,6.773096],[16.005051,6.770902],[16.012199,6.774234],[16.02268,6.770421],[16.042505,6.785751],[16.054893,6.787175],[16.063899,6.793981],[16.072664,6.791977],[16.095916,6.803679]]}},
{"type":"Feature","properties":{},"geometry":{"type":"LineString","coordinates":[[14.565673,6.871789],[14.56204,6.868332],[14.568698,6.850439],[14.56299,6.83462],[14.564591,6.827488],[14.54959,6.794162]]}},
{"type":"Feature","properties":{},"geometry":{"type":"LineString","coordinates":[[4.720194,7.057635],[4.694769,7.034221],[4.689274,7.016159],[4.672921,6.998135],[4.672856,6.980052],[4.654658,6.951184],[4.663623,6.927645],[4.661757,6.911377]]}},
{"type":"Feature","properties":{},"geometry":{"type":"LineString","coordinates":[[16.416349,6.727834],[16.43546,6.718497],[16.439029,6.720158]]}},
{"type":"Feature","properties":{},"geometry":{"type":"LineString","coordinates":[[11.494936,7.599831],[11.476758,7.58766],[11.469304,7.573488],[11.44923,7.555982],[11.439846,7.534686],[11.443118,7.518513],[11.388053,7.453341],[11.391331,7.437168],[11.383988,7.428357],[11.385338,7.405059],[11.37945,7.378318],[11.386248,7.358498],[11.382358,7.342459],[11.387567,7.333411],[11.381618,7.30309],[11.411648,7.279256],[11.436534,7.268051],[11.462974,7.244287],[11.477037,7.229705],[11.485626,7.209858],[11.525853,7.157208],[11.538357,7.155185],[11.552449,7.142396],[11.566776,7.142128],[11.612862,7.116216],[11.636954,7.063883],[11.661413,7.031227],[11.675599,7.023807],[11.682458,7.00758],[11.700388,7.009035],[11.705689,7.005358],[11.710758,6.989166],[11.734054,6.99052],[11.744623,6.98138],[11.760258,6.95605],[11.765092,6.927346],[11.777316,6.911024],[11.775096,6.887817],[11.780329,6.880567],[11.796295,6.873118],[11.801297,6.853356],[11.810108,6.84604],[11.81703,6.811938]]}},
{"type":"Feature","properties":{},"geometry":{"type":"LineString","coordinates":[[15.608801,6.742671],[15.599741,6.734077],[15.587566,6.741461],[15.564609,6.742063],[15.551877,6.728262],[15.547885,6.710699]]}},
{"type":"Feature","properties":{},"geometry":{"type":"LineString","coordinates":[[6.515189,6.863388],[6.565976,6.890097],[6.594936,6.897101],[6.613153,6.916824]]}},
{"type":"Feature","properties":{},"geometry":{"type":"LineString","coordinates":[[13.587227,6.749456],[13.569323,6.744512],[13.553392,6.748419],[13.52667,6.747224],[13.498709,6.770965],[13.47523,6.755462]]}},
{"type":"Feature","properties":{},"geometry":{"type":"LineString","coordinates":[[4.500908,6.975206],[4.49179,6.953534],[4.493537,6.933636],[4.482594,6.906543],[4.491563,6.881197],[4.491439,6.841413],[4.500447,6.828726]]}},
{"type":"Feature","properties":{},"geometry":{"type":"LineString","coordinates":[[3.657778,6.893101],[3.641463,6.875034],[3.617915,6.860593],[3.596186,6.853385],[3.581709,6.855212],[3.569029,6.846182],[3.558174,6.849813],[3.543682,6.838976],[3.516528,6.833579],[3.498416,6.820935],[3.465839,6.820968],[3.458605,6.826402],[3.442312,6.82099],[3.424213,6.821006],[3.411982,6.828855]]}},
{"type":"Feature","properties":{},"geometry":{"type":"LineString","coordinates":[[5.709023,6.854169],[5.721628,6.845062],[5.746898,6.83769],[5.774036,6.841149],[5.801132,6.837378],[5.838956,6.813667]]}},
{"type":"Feature","properties":{},"geometry":{"type":"LineString","coordinates":[[15.871256,6.65101],[15.895617,6.638013],[15.913202,6.635783]]}},
{"type":"Feature","properties":{},"geometry":{"type":"LineString","coordinates":[[5.139687,6.974551],[5.12866,6.936636],[5.117733,6.920415],[5.126665,6.895066],[5.122943,6.871581],[5.128337,6.864326]]}},
{"type":"Feature","properties":{},"geometry":{"type":"LineString","coordinates":[[13.396765,6.666385],[13.408125,6.69818],[13.417175,6.705106]]}},
{"type":"Feature","properties":{},"geometry":{"type":"LineString","coordinates":[[5.728411,6.765515],[5.741074,6.767251],[5.755484,6.758134],[5.7736,6.765259],[5.78805,6.76337],[5.811642,6.779496],[5.820785,6.797512],[5.838956,6.813667],[5.882404,6.82425],[5.900556,6.836789],[5.922291,6.843884],[5.945923,6.86542],[5.960373,6.863524],[6.000185,6.870503],[6.00745,6.875877],[6.023718,6.875775],[6.041874,6.888305],[6.063727,6.913456],[6.089151,6.931357],[6.103625,6.933069],[6.11271,6.940235],[6.150682,6.94179],[6.172422,6.948871]]}},
{"type":"Feature","properties":{},"geometry":{"type":"LineString","coordinates":[[4.436435,7.196037],[4.430986,7.190629],[4.4165,7.190674],[4.407429,7.185277],[4.376663,7.190795],[4.333177,7.181881],[4.322318,7.183721],[4.309626,7.178332],[4.300577,7.180166],[4.248019,7.164035],[4.226295,7.165902],[4.200905,7.1515],[4.162892,7.157024],[4.148424,7.164295],[4.115833,7.166183],[4.097703,7.157184],[4.081409,7.159031],[4.048792,7.150063],[4.043364,7.151884],[4.014362,7.139287],[3.996218,7.123049],[3.983543,7.123075],[3.95454,7.108666],[3.949097,7.103251],[3.949067,7.088781],[3.936371,7.077954],[3.934531,7.063488],[3.907365,7.059924],[3.881976,7.038267],[3.87828,6.99848],[3.85652,6.978623],[3.851069,6.967781],[3.838385,6.960568],[3.836562,6.953336],[3.820241,6.937085],[3.825619,6.906325],[3.809288,6.882838],[3.814663,6.85027],[3.807387,6.828576],[3.809163,6.808676],[3.801901,6.794217],[3.807284,6.767076]]}},
{"type":"Feature","properties":{},"geometry":{"type":"LineString","coordinates":[[5.646782,6.755123],[5.62507,6.751626],[5.592607,6.766258],[5.552825,6.764661],[5.543861,6.779167],[5.536639,6.781012],[5.511449,6.804638],[5.504273,6.815519],[5.50432,6.824556],[5.495326,6.833639],[5.488084,6.831869],[5.47908,6.839145],[5.464633,6.842834],[5.44487,6.868239]]}},
{"type":"Feature","properties":{},"geometry":{"type":"LineString","coordinates":[[4.432343,7.04414],[4.426873,7.031497],[4.405081,7.008053],[4.401283,6.948385],[4.379481,6.919513],[4.379387,6.88696],[4.393806,6.867024],[4.390066,6.825439],[4.400859,6.803707],[4.391746,6.780222],[4.393492,6.758515]]}},
{"type":"Feature","properties":{},"geometry":{"type":"LineString","coordinates":[[13.455099,6.647342],[13.452112,6.674101],[13.441703,6.686781],[13.431104,6.690568],[13.417137,6.703327],[13.415549,6.71226],[13.414152,6.730089],[13.418056,6.746023],[13.429119,6.763582],[13.434883,6.783034]]}},
{"type":"Feature","properties":{},"geometry":{"type":"LineString","coordinates":[[13.524396,6.642298],[13.525163,6.677866],[13.528951,6.68846],[13.522183,6.70462],[13.509846,6.710225],[13.497664,6.722945],[13.470008,6.760914],[13.441769,6.772206],[13.433297,6.791967],[13.422735,6.797537]]}},
{"type":"Feature","properties":{},"geometry":{"type":"LineString","coordinates":[[13.659307,6.62871],[13.65235,6.635975],[13.645781,6.661017],[13.623248,6.688188],[13.600987,6.727808],[13.590511,6.736932],[13.587227,6.749456]]}},
{"type":"Feature","properties":{},"geometry":{"type":"LineString","coordinates":[[5.035545,6.736367],[5.021092,6.740043],[5.010294,6.752744],[5.006729,6.765414],[4.999525,6.772676],[5.003239,6.796163]]}},
{"type":"Feature","properties":{},"geometry":{"type":"LineString","coordinates":[[15.223636,6.754403],[15.233705,6.732921],[15.295,6.70837],[15.32274,6.686444],[15.356139,6.678521],[15.366337,6.662349],[15.378571,6.656735],[15.402677,6.631373],[15.412919,6.616972],[15.417413,6.585042],[15.433088,6.575808]]}},
{"type":"Feature","properties":{},"geometry":{"type":"LineString","coordinates":[[5.180196,6.732128],[5.167547,6.733992],[5.154961,6.750318],[5.1532,6.761172],[5.142422,6.77749],[5.144278,6.788328],[5.108218,6.813796]]}},
{"type":"Feature","properties":{},"geometry":{"type":"LineString","coordinates":[[14.230959,6.601172],[14.234628,6.606413],[14.252167,6.597137],[14.262933,6.602215],[14.280592,6.598261],[14.294986,6.606804],[14.310746,6.597569],[14.328401,6.593614],[14.351702,6.603723]]}},
{"type":"Feature","properties":{},"geometry":{"type":"LineString","coordinates":[[15.004817,6.566968],[14.994115,6.563688],[14.98898,6.570894],[14.989194,6.579741],[14.983973,6.583409],[14.964294,6.575035],[14.948583,6.584269],[14.93965,6.580944],[14.925578,6.584827]]}},
{"type":"Feature","properties":{},"geometry":{"type":"LineString","coordinates":[[14.288164,6.383346],[14.307628,6.381138],[14.318147,6.375581],[14.328902,6.380665],[14.362624,6.381686],[14.391342,6.39701],[14.405641,6.402011],[14.42691,6.401532],[14.480636,6.425147],[14.498922,6.449559],[14.532954,6.464738],[14.5477,6.489223],[14.57271,6.49751],[14.578231,6.506246],[14.608844,6.526807],[14.616635,6.556761],[14.629411,6.572415],[14.628141,6.593717],[14.63548,6.604179],[14.644296,6.602198],[14.656866,6.608989],[14.669224,6.606923],[14.688246,6.586976],[14.705874,6.583013]]}},
{"type":"Feature","properties":{},"geometry":{"type":"LineString","coordinates":[[16.208401,6.853432],[16.222543,6.854798],[16.229393,6.847558],[16.240013,6.849022],[16.259092,6.837916],[16.312276,6.848751],[16.347244,6.838957],[16.353493,6.810601],[16.375736,6.787081],[16.398174,6.770602],[16.403158,6.759898],[16.401248,6.754669],[16.40995,6.750903],[16.416349,6.727834]]}},
{"type":"Feature","properties":{},"geometry":{"type":"LineString","coordinates":[[4.632133,6.712566],[4.653904,6.732384],[4.670277,6.759453],[4.670301,6.766685]]}},
{"type":"Feature","properties":{},"geometry":{"type":"LineString","coordinates":[[5.811142,6.692768],[5.824001,6.728831],[5.833101,6.73962],[5.836937,6.777542],[5.828037,6.801083]]}},
{"type":"Feature","properties":{},"geometry":{"type":"LineString","coordinates":[[14.351702,6.603723],[14.400576,6.568885],[14.438218,6.585753],[14.450545,6.581919],[14.470293,6.592102],[14.482701,6.591813],[14.496716,6.584392],[14.537937,6.602934],[14.550385,6.604415],[14.553846,6.600787],[14.564562,6.604081],[14.601398,6.587257],[14.604649,6.574771],[14.620345,6.563765]]}},
{"type":"Feature","properties":{},"geometry":{"type":"LineString","coordinates":[[4.92517,6.722351],[4.910688,6.718791],[4.888923,6.702603],[4.874448,6.70085],[4.847212,6.672024]]}},
{"type":"Feature","properties":{},"geometry":{"type":"LineString","coordinates":[[15.913202,6.635783],[15.900301,6.614953],[15.904661,6.579553],[15.893483,6.55691],[15.906941,6.531858],[15.904995,6.524852],[15.908383,6.519471],[15.899157,6.503833],[15.907833,6.498315],[15.907696,6.493026],[15.891421,6.477569],[15.873021,6.448048]]}},
{"type":"Feature","properties":{},"geometry":{"type":"LineString","coordinates":[[6.59541,6.718349],[6.609844,6.716437],[6.622418,6.707317],[6.635059,6.707223],[6.685403,6.677961],[6.721174,6.63256],[6.72469,6.619896]]}},
{"type":"Feature","properties":{},"geometry":{"type":"LineString","coordinates":[[5.199723,6.650692],[5.158061,6.632798],[5.132735,6.629292],[5.103716,6.607722]]}},
{"type":"Feature","properties":{},"geometry":{"type":"LineString","coordinates":[[3.6244,6.67328],[3.633414,6.647943],[3.629761,6.620814],[3.635174,6.609954],[3.635146,6.588247],[3.64779,6.573759]]}},
{"type":"Feature","properties":{},"geometry":{"type":"LineString","coordinates":[[8.193884,6.538233],[8.204823,6.550732],[8.21747,6.554204]]}},
{"type":"Feature","properties":{},"geometry":{"type":"LineString","coordinates":[[8.114039,6.657984],[8.115413,6.616524],[8.122527,6.607441],[8.124124,6.587603],[8.138371,6.571239],[8.141808,6.554986],[8.159619,6.534983]]}},
{"type":"Feature","properties":{},"geometry":{"type":"LineString","coordinates":[[8.041586,6.622687],[8.041293,6.593855],[8.046535,6.577582],[8.05902,6.564841],[8.062442,6.546785],[8.07489,6.53044]]}},
{"type":"Feature","properties":{},"geometry":{"type":"LineString","coordinates":[[15.926079,6.384941],[15.929783,6.391902],[15.926349,6.395518],[15.926937,6.418436]]}},
{"type":"Feature","properties":{},"geometry":{"type":"LineString","coordinates":[[15.75257,6.359334],[15.758393,6.38037],[15.755043,6.387516],[15.757074,6.398056]]}},
{"type":"Feature","properties":{},"geometry":{"type":"LineString","coordinates":[[14.680802,6.720078],[14.698348,6.712564],[14.710449,6.699866],[14.76126,6.675601],[14.785454,6.650211],[14.790338,6.632376],[14.812675,6.603493],[14.889797,6.569754],[14.908753,6.548046],[14.915364,6.528408],[14.924,6.519346],[14.923788,6.510498],[14.928969,6.505061],[14.942152,6.46402],[14.938529,6.460566],[14.941899,6.453402],[14.957611,6.444176],[14.991009,6.434529],[15.052149,6.40121],[15.060948,6.399231],[15.066379,6.404411],[15.089153,6.395018],[15.103508,6.403523],[15.110537,6.401586]]}},
{"type":"Feature","properties":{},"geometry":{"type":"LineString","coordinates":[[7.997207,6.689822],[7.991561,6.666449],[8.007272,6.615826],[7.996132,6.583497],[7.995844,6.554663],[8.022441,6.511143]]}},
{"type":"Feature","properties":{},"geometry":{"type":"LineString","coordinates":[[14.095724,6.428428],[14.091941,6.417856],[14.100425,6.399911],[14.12314,6.383433],[14.139146,6.384858],[14.153182,6.377448],[14.163825,6.377215],[14.183453,6.382109],[14.188697,6.378443],[14.190588,6.383728],[14.204855,6.386964],[14.211833,6.381485],[14.218497,6.361811],[14.230715,6.352667],[14.240849,6.32937],[14.249715,6.329175],[14.267251,6.319916],[14.275844,6.307304],[14.293417,6.29982],[14.300237,6.287248]]}},
{"type":"Feature","properties":{},"geometry":{"type":"LineString","coordinates":[[6.402705,7.050208],[6.422509,7.039227],[6.444012,7.013788],[6.471001,6.997337],[6.483544,6.982799],[6.490773,6.982745],[6.52678,6.96442],[6.541086,6.944451],[6.559114,6.938899],[6.582494,6.924279],[6.605981,6.924101],[6.613153,6.916824],[6.667294,6.909188],[6.678189,6.916326],[6.698046,6.914366],[6.716224,6.928667],[6.730661,6.926748],[6.73975,6.933898],[6.746976,6.933841],[6.75056,6.930202],[6.770445,6.931849],[6.78663,6.922695],[6.80108,6.92258],[6.813666,6.915258]]}},
{"type":"Feature","properties":{},"geometry":{"type":"LineString","coordinates":[[8.175833,6.534816],[8.186474,6.51849],[8.220474,6.496518]]}},
{"type":"Feature","properties":{},"geometry":{"type":"LineString","coordinates":[[4.412705,6.517488],[4.425435,6.542771],[4.459877,6.571608]]}},
{"type":"Feature","properties":{},"geometry":{"type":"LineString","coordinates":[[4.609811,6.522322],[4.566444,6.531501],[4.506748,6.522641],[4.499499,6.517237]]}},
{"type":"Feature","properties":{},"geometry":{"type":"LineString","coordinates":[[11.253827,6.451297],[11.25946,6.467321],[11.285162,6.506292],[11.292854,6.538394],[11.293033,6.549134],[11.286112,6.563573],[11.30079,6.584814],[11.30118,6.608084],[11.322841,6.618462],[11.344744,6.643156],[11.355575,6.648343],[11.386125,6.654983],[11.430929,6.657794],[11.468911,6.680407],[11.506769,6.695856],[11.515904,6.706433],[11.507082,6.713746],[11.505449,6.722722],[11.518269,6.740392]]}},
{"type":"Feature","properties":{},"geometry":{"type":"LineString","coordinates":[[5.54127,6.651546],[5.486981,6.63917],[5.474265,6.626582],[5.472413,6.617554],[5.463322,6.606755],[5.430744,6.597878],[5.394473,6.572749],[5.387209,6.565553],[5.383526,6.551111],[5.367166,6.531305],[5.321984,6.505527]]}},
{"type":"Feature","properties":{},"geometry":{"type":"LineString","coordinates":[[5.92203,6.495186],[5.932973,6.51319],[5.934895,6.533053],[5.942227,6.551077],[5.975099,6.610503],[5.99692,6.633858],[6.024097,6.646339],[6.044172,6.678733],[6.080477,6.705605],[6.091409,6.719987],[6.100697,6.75967],[6.15697,6.799048],[6.16062,6.804443],[6.157172,6.829754],[6.164507,6.845963],[6.200844,6.874622],[6.204544,6.887241],[6.213641,6.896212],[6.224792,6.941292]]}},
{"type":"Feature","properties":{},"geometry":{"type":"LineString","coordinates":[[5.707221,6.568664],[5.638299,6.520238],[5.587632,6.506043],[5.553283,6.502604],[5.520668,6.484694]]}},
{"type":"Feature","properties":{},"geometry":{"type":"LineString","coordinates":[[4.886273,6.480219],[4.861085,6.512858],[4.857577,6.541801],[4.846789,6.558114],[4.845094,6.588859],[4.832544,6.617835]]}},
{"type":"Feature","properties":{},"geometry":{"type":"LineString","coordinates":[[8.342389,6.61233],[8.338671,6.601562],[8.329568,6.592653],[8.320216,6.560328],[8.270924,6.497796],[8.268934,6.479801],[8.259799,6.467285],[8.259724,6.460079],[8.232488,6.438741]]}},
{"type":"Feature","properties":{},"geometry":{"type":"LineString","coordinates":[[4.955114,6.969927],[4.926097,6.953774],[4.924236,6.941126],[4.886089,6.90331],[4.88423,6.890661],[4.867862,6.869028]]}},
{"type":"Feature","properties":{},"geometry":{"type":"LineString","coordinates":[[6.54287,6.440662],[6.579058,6.453048],[6.619141,6.505125],[6.621037,6.517749],[6.630167,6.532128],[6.621375,6.56469]]}},
{"type":"Feature","properties":{},"geometry":{"type":"LineString","coordinates":[[8.119328,6.470524],[8.128207,6.457821],[8.185571,6.430212],[8.232321,6.422528]]}},
{"type":"Feature","properties":{},"geometry":{"type":"LineString","coordinates":[[6.418266,6.434289],[6.415055,6.493905],[6.451411,6.529775],[6.467735,6.540497]]}},
{"type":"Feature","properties":{},"geometry":{"type":"LineString","coordinates":[[5.955972,6.429948],[5.965128,6.451575],[5.9815,6.471353],[5.97981,6.491236],[5.985314,6.505657],[5.963872,6.54553],[5.947689,6.558272]]}},
{"type":"Feature","properties":{},"geometry":{"type":"LineString","coordinates":[[3.978531,6.433945],[3.974928,6.441187],[3.955057,6.452077],[3.92621,6.49916],[3.909954,6.510042],[3.900911,6.510058],[3.881039,6.522756],[3.855713,6.519181],[3.83403,6.531879],[3.81775,6.530097],[3.797875,6.542791],[3.77075,6.546452],[3.741864,6.582673],[3.729209,6.588118],[3.696649,6.588165],[3.669535,6.602673]]}},
{"type":"Feature","properties":{},"geometry":{"type":"LineString","coordinates":[[5.654042,6.420763],[5.610667,6.417371],[5.596251,6.424674],[5.589016,6.422903]]}},
{"type":"Feature","properties":{},"geometry":{"type":"LineString","coordinates":[[7.942159,6.409197],[7.958443,6.416249],[7.998095,6.417665],[8.034,6.404697],[8.075412,6.402486],[8.086273,6.407785],[8.124062,6.403804],[8.152969,6.412523],[8.179857,6.399639],[8.241049,6.395413]]}},
{"type":"Feature","properties":{},"geometry":{"type":"LineString","coordinates":[[9.489917,6.372736],[9.509724,6.376081],[9.527803,6.384839],[9.555118,6.413249],[9.573152,6.41841],[9.609104,6.419743],[9.625387,6.428517],[9.663226,6.437009],[9.677737,6.4476],[9.724579,6.457763],[9.733678,6.466627],[9.737485,6.482747],[9.748454,6.496974],[9.779107,6.505546],[9.806436,6.533922],[9.811947,6.54283],[9.812216,6.562588],[9.839428,6.581976],[9.841396,6.594524],[9.856013,6.612286],[9.856437,6.642818],[9.865568,6.65347],[9.885477,6.663969],[9.900048,6.678134],[9.932505,6.686656],[9.950696,6.702563],[9.963576,6.723931],[9.987079,6.73437],[9.996344,6.753991],[10.020057,6.778789],[10.041741,6.787451],[10.050853,6.796297],[10.077898,6.803082],[10.116116,6.836631],[10.14485,6.836204],[10.157286,6.827042],[10.207591,6.828084],[10.221847,6.820689],[10.241597,6.820392],[10.264583,6.796712],[10.30568,6.783528],[10.319794,6.767162],[10.33766,6.761508],[10.35384,6.763057],[10.369883,6.755635],[10.398322,6.737259],[10.408843,6.720951],[10.430182,6.708066],[10.455245,6.704096],[10.507408,6.712265],[10.51795,6.697752],[10.542841,6.683019],[10.575097,6.680727],[10.585913,6.684147],[10.596562,6.676808],[10.625255,6.676362],[10.643075,6.668911],[10.669916,6.664906],[10.693057,6.653785],[10.732667,6.663921],[10.76539,6.692089],[10.814193,6.716407],[10.851864,6.717594],[10.906101,6.745391],[10.958133,6.748124],[10.997882,6.767179],[11.02297,6.766763],[11.047876,6.755599],[11.069435,6.758824],[11.090725,6.745928],[11.103026,6.731392],[11.173003,6.737383],[11.212588,6.74746],[11.23766,6.747035],[11.264491,6.744787],[11.280332,6.728401],[11.287524,6.730069],[11.321389,6.720538],[11.357318,6.727083],[11.369849,6.726867],[11.382257,6.719492],[11.436079,6.725721],[11.452156,6.723652],[11.511527,6.74051],[11.53118,6.738376],[11.542011,6.743553],[11.602909,6.746054],[11.631758,6.758063],[11.651501,6.761288],[11.669647,6.775273],[11.687665,6.782103],[11.74679,6.786398],[11.80269,6.810413],[11.815208,6.810183],[11.872796,6.828788],[11.903259,6.831797],[11.955409,6.84691],[11.987689,6.851664],[12.014739,6.863664],[12.032546,6.859752],[12.052242,6.861165],[12.061246,6.864567],[12.088535,6.889061],[12.096131,6.912144],[12.110636,6.922584],[12.123494,6.940203],[12.131164,6.966853],[12.145743,6.980861],[12.175184,7.023158],[12.186545,7.055088],[12.230838,7.123866],[12.249146,7.14493],[12.288686,7.154844],[12.308747,7.174078],[12.3198,7.189924],[12.327539,7.218336],[12.340271,7.228787]]}},
{"type":"Feature","properties":{},"geometry":{"type":"LineString","coordinates":[[14.763373,6.314105],[14.737948,6.286337],[14.746274,6.263113]]}},
{"type":"Feature","properties":{},"geometry":{"type":"LineString","coordinates":[[15.163575,6.251702],[15.165716,6.267574],[15.160873,6.287149],[15.140084,6.305333],[15.140209,6.310638],[15.128047,6.319773],[15.104096,6.353961],[15.083134,6.365077],[15.081576,6.373963],[15.106705,6.389291],[15.127425,6.441878],[15.257876,6.497078],[15.27762,6.508971]]}},
{"type":"Feature","properties":{},"geometry":{"type":"LineString","coordinates":[[14.241192,6.263688],[14.25896,6.265077],[14.268095,6.277302],[14.275147,6.275374],[14.298464,6.287286],[14.319541,6.277952],[14.354951,6.275401],[14.374251,6.266106],[14.402956,6.28144],[14.425795,6.272066],[14.441977,6.28235],[14.455837,6.267854],[14.455484,6.251898]]}},
{"type":"Feature","properties":{},"geometry":{"type":"LineString","coordinates":[[5.644777,6.375632],[5.621285,6.373944],[5.605055,6.379448],[5.587118,6.40484],[5.589016,6.422903]]}},
{"type":"Feature","properties":{},"geometry":{"type":"LineString","coordinates":[[3.339787,6.461698],[3.334359,6.458084],[3.323492,6.432765],[3.281875,6.39299],[3.274168,6.379366]]}},
{"type":"Feature","properties":{},"geometry":{"type":"LineString","coordinates":[[14.54882,6.304794],[14.54862,6.295933],[14.541258,6.283686],[14.540823,6.264192],[14.556408,6.247886]]}},
{"type":"Feature","properties":{},"geometry":{"type":"LineString","coordinates":[[8.092978,6.357261],[8.100236,6.362595],[8.121848,6.362381],[8.146971,6.353121],[8.184751,6.34914],[8.209962,6.348886],[8.22444,6.355946],[8.267635,6.353705]]}},
{"type":"Feature","properties":{},"geometry":{"type":"LineString","coordinates":[[6.776868,6.354138],[6.794977,6.363031],[6.813019,6.362898],[6.82752,6.371816],[6.838426,6.382565],[6.847636,6.407768],[6.865815,6.425681],[6.892948,6.4345],[6.94348,6.435916],[6.972389,6.441107],[7.024993,6.476788],[7.034013,6.476716],[7.0467,6.483833],[7.068349,6.48366],[7.093678,6.492478],[7.106439,6.508615]]}},
{"type":"Feature","properties":{},"geometry":{"type":"LineString","coordinates":[[8.208161,6.348904],[8.215291,6.341625],[8.235043,6.33602],[8.254867,6.337621],[8.270998,6.330251],[8.292603,6.33003],[8.29804,6.333578]]}},
{"type":"Feature","properties":{},"geometry":{"type":"LineString","coordinates":[[6.202844,6.343565],[6.251643,6.352292]]}},
{"type":"Feature","properties":{},"geometry":{"type":"LineString","coordinates":[[14.002344,6.29724],[13.998304,6.274233],[14.010085,6.243785],[14.017032,6.236532],[14.018544,6.224066],[14.011185,6.211787],[13.99869,6.208498],[13.989632,6.199806],[13.980389,6.182235]]}},
{"type":"Feature","properties":{},"geometry":{"type":"LineString","coordinates":[[8.364818,6.349102],[8.361217,6.349139],[8.353811,6.329401],[8.342862,6.315104]]}},
{"type":"Feature","properties":{},"geometry":{"type":"LineString","coordinates":[[3.871643,6.36902],[3.808341,6.356461],[3.777574,6.33661],[3.759492,6.334828],[3.719739,6.351165],[3.672732,6.353037],[3.658274,6.358482],[3.6438,6.351264],[3.611274,6.367585],[3.600421,6.363979],[3.584153,6.369425],[3.558835,6.365835],[3.539103,6.379157]]}},
{"type":"Feature","properties":{},"geometry":{"type":"LineString","coordinates":[[8.353811,6.329401],[8.358971,6.305931]]}},
{"type":"Feature","properties":{},"geometry":{"type":"LineString","coordinates":[[8.375283,6.31657],[8.364352,6.304074]]}},
{"type":"Feature","properties":{},"geometry":{"type":"LineString","coordinates":[[13.823242,6.224602],[13.817695,6.214052],[13.828126,6.203172],[13.827943,6.194288],[13.809351,6.15379],[13.816125,6.137654],[13.814241,6.13236]]}},
{"type":"Feature","properties":{},"geometry":{"type":"LineString","coordinates":[[6.961938,6.302217],[6.978295,6.318336],[6.990963,6.323653],[7.037913,6.330508],[7.050609,6.339432],[7.068673,6.3429],[7.081398,6.355432],[7.09763,6.355303],[7.113948,6.366],[7.15905,6.367443],[7.173594,6.38176],[7.188037,6.383447],[7.204356,6.394139],[7.224134,6.38676],[7.238591,6.390249],[7.247548,6.382959],[7.265551,6.379201],[7.283764,6.400699],[7.3036,6.400533],[7.316298,6.409447],[7.33977,6.412856],[7.350774,6.43441],[7.361686,6.44514],[7.370934,6.472119],[7.410953,6.511456]]}},
{"type":"Feature","properties":{},"geometry":{"type":"LineString","coordinates":[[6.244095,6.299959],[6.247942,6.337866],[6.253414,6.346862],[6.251655,6.354098],[6.26997,6.395525],[6.277515,6.446049],[6.275896,6.474957],[6.285077,6.498378],[6.283388,6.51645],[6.272624,6.527357],[6.272683,6.536387],[6.290824,6.548912],[6.344987,6.546748],[6.357676,6.553887],[6.372086,6.548372],[6.404589,6.548153],[6.41358,6.542674],[6.438846,6.540696],[6.456939,6.545989],[6.474957,6.540447],[6.532783,6.547266],[6.543577,6.541774],[6.552629,6.545321],[6.567047,6.541607],[6.574307,6.546973],[6.585139,6.546896],[6.601503,6.563028],[6.621375,6.56469],[6.641457,6.595237],[6.677724,6.616636],[6.706637,6.620031],[6.719247,6.616326],[6.742784,6.625176],[6.757226,6.625067],[6.768126,6.63401],[6.780749,6.632109],[6.804258,6.637344],[6.833071,6.628097],[6.843944,6.633427],[6.892681,6.633047]]}},
{"type":"Feature","properties":{},"geometry":{"type":"LineString","coordinates":[[10.26948,6.255815],[10.278697,6.273633],[10.291886,6.283015],[10.319518,6.33467],[10.341292,6.352305],[10.366551,6.362711],[10.373955,6.378754],[10.392198,6.400023],[10.397812,6.41609],[10.398124,6.437617],[10.405429,6.446482],[10.434463,6.469381],[10.457856,6.474418],[10.488578,6.490109],[10.534105,6.536067],[10.568389,6.549899],[10.592108,6.576441],[10.657345,6.620271],[10.688383,6.655651]]}},
{"type":"Feature","properties":{},"geometry":{"type":"LineString","coordinates":[[14.207605,6.102877],[14.212998,6.106314],[14.228914,6.104202],[14.248636,6.114435],[14.25746,6.112473],[14.270017,6.119305],[14.275297,6.117418],[14.284309,6.124325],[14.293094,6.120588],[14.323485,6.132361],[14.354256,6.161863],[14.370279,6.165065],[14.440999,6.238028],[14.442927,6.245081],[14.471663,6.262182],[14.494418,6.249264],[14.517601,6.255843],[14.538619,6.244736],[14.55995,6.247808],[14.568607,6.23875],[14.57935,6.243829],[14.591587,6.236465],[14.612835,6.235991],[14.64864,6.252914],[14.669725,6.24535],[14.678735,6.252236],[14.698007,6.242941],[14.705207,6.248095],[14.714016,6.246124],[14.731875,6.252808],[14.749854,6.264803],[14.767551,6.264401],[14.783599,6.269351],[14.798078,6.283193],[14.846339,6.30334],[14.857322,6.319027],[14.876124,6.36641],[14.859464,6.411077],[14.859797,6.425239],[14.835353,6.439984],[14.816385,6.461687],[14.798851,6.469186],[14.788522,6.48183],[14.741553,6.518374],[14.705664,6.574157],[14.706001,6.588326],[14.711609,6.600598],[14.72249,6.610971],[14.740243,6.612318],[14.749353,6.622731],[14.777943,6.632675],[14.785283,6.643128]]}},
{"type":"Feature","properties":{},"geometry":{"type":"LineString","coordinates":[[3.692529,6.284271],[3.679879,6.287906],[3.645579,6.327746],[3.6438,6.351264]]}},
{"type":"Feature","properties":{},"geometry":{"type":"LineString","coordinates":[[5.566567,6.267591],[5.544885,6.265889],[5.483596,6.291486],[5.463838,6.315076],[5.438642,6.335077],[5.418812,6.344207],[5.384654,6.380516],[5.373838,6.385989],[5.3595,6.41136],[5.352548,6.471042]]}},
{"type":"Feature","properties":{},"geometry":{"type":"LineString","coordinates":[[6.420192,6.284387],[6.412915,6.275404],[6.383957,6.262951]]}},
{"type":"Feature","properties":{},"geometry":{"type":"LineString","coordinates":[[15.229629,6.128106],[15.233367,6.136862],[15.232216,6.163419],[15.243267,6.182616],[15.243474,6.191454],[15.229756,6.209463],[15.23173,6.21826],[15.21103,6.239972],[15.204005,6.241907],[15.198955,6.252639],[15.186586,6.25293],[15.171059,6.269218],[15.165716,6.267574]]}},
{"type":"Feature","properties":{},"geometry":{"type":"LineString","coordinates":[[3.869642,6.253256],[3.857012,6.267748],[3.842559,6.273198],[3.82812,6.287692],[3.828157,6.311207],[3.822753,6.323878],[3.815539,6.334743],[3.793863,6.347438]]}},
{"type":"Feature","properties":{},"geometry":{"type":"LineString","coordinates":[[5.308066,6.221794],[5.302655,6.223626],[5.290105,6.245372],[5.291983,6.261632],[5.26505,6.299711],[5.261515,6.317803],[5.254335,6.32868],[5.25443,6.350372],[5.263543,6.368409],[5.270994,6.418991],[5.294573,6.438769],[5.30006,6.453206],[5.318196,6.467584],[5.329139,6.489225]]}},
{"type":"Feature","properties":{},"geometry":{"type":"LineString","coordinates":[[4.975641,6.214103],[4.963028,6.22319],[4.954055,6.239495],[4.941434,6.246774],[4.916152,6.250483],[4.889114,6.268662],[4.876479,6.272324],[4.858403,6.27058],[4.824108,6.281549],[4.815104,6.290622],[4.791631,6.296127],[4.777205,6.305218],[4.768448,6.30286]]}},
{"type":"Feature","properties":{},"geometry":{"type":"LineString","coordinates":[[6.517521,6.265683],[6.492102,6.242378],[6.470437,6.240716],[6.41786,6.203136],[6.408803,6.197777],[6.403401,6.199617]]}},
{"type":"Feature","properties":{},"geometry":{"type":"LineString","coordinates":[[13.669368,5.993036],[13.676574,5.998229],[13.713858,5.997492],[13.731435,5.988254],[13.779784,6.008626],[13.787026,6.015592],[13.800054,6.04555],[13.814504,6.057701],[13.81653,6.070102],[13.827539,6.087653],[13.824097,6.093055],[13.835397,6.124818]]}},
{"type":"Feature","properties":{},"geometry":{"type":"LineString","coordinates":[[15.826231,6.128069],[15.822408,6.115809],[15.811494,6.101955],[15.81489,6.096579],[15.81283,6.084275],[15.819709,6.077051],[15.817439,6.055929],[15.838241,6.041312],[15.847092,6.042863],[15.852249,6.037446],[15.852038,6.028629]]}},
{"type":"Feature","properties":{},"geometry":{"type":"LineString","coordinates":[[13.951713,6.253901],[13.95134,6.236142],[13.963092,6.203916],[13.98209,6.178646],[13.967452,6.157633],[13.967268,6.148754],[13.960097,6.14535],[13.952632,6.127738],[13.938254,6.119151],[13.934523,6.110345],[13.954831,6.061957],[13.952876,6.053114]]}},
{"type":"Feature","properties":{},"geometry":{"type":"LineString","coordinates":[[3.474333,6.176658],[3.45264,6.173059],[3.439978,6.162215],[3.407432,6.147769],[3.400194,6.13692]]}},
{"type":"Feature","properties":{},"geometry":{"type":"LineString","coordinates":[[6.375015,6.275651],[6.376761,6.266609],[6.389325,6.255692],[6.389185,6.234022],[6.40169,6.214076],[6.403401,6.199617],[6.399711,6.186999],[6.388793,6.172622],[6.390551,6.165387],[6.383151,6.136538]]}},
{"type":"Feature","properties":{},"geometry":{"type":"LineString","coordinates":[[7.34123,6.109777],[7.382781,6.122067],[7.410259,6.175956],[7.441031,6.191933],[7.45922,6.21162],[7.479074,6.21506],[7.518891,6.234559],[7.542552,6.261408],[7.542599,6.266818],[7.60438,6.323985],[7.62245,6.329234],[7.636981,6.341726],[7.655018,6.343368],[7.674956,6.35581],[7.696614,6.35922],[7.756398,6.392928],[7.785264,6.396265],[7.799798,6.408749],[7.808808,6.408664],[7.82693,6.419311],[7.841345,6.419174],[7.848689,6.424513]]}},
{"type":"Feature","properties":{},"geometry":{"type":"LineString","coordinates":[[5.454628,6.132569],[5.438335,6.123606],[5.36969,6.118491],[5.353438,6.118562],[5.322777,6.127734],[5.286643,6.124274],[5.274031,6.131558],[5.246941,6.131673],[5.236082,6.126295],[5.214417,6.128193]]}},
{"type":"Feature","properties":{},"geometry":{"type":"LineString","coordinates":[[5.450959,6.119934],[5.445542,6.119958],[5.441955,6.125397]]}},
{"type":"Feature","properties":{},"geometry":{"type":"LineString","coordinates":[[5.259461,6.102697],[5.239589,6.100972],[5.208932,6.111946]]}},
{"type":"Feature","properties":{},"geometry":{"type":"LineString","coordinates":[[15.540424,6.051917],[15.561133,6.031999],[15.567569,6.005352],[15.576016,5.989258],[15.605416,5.963845],[15.622882,5.956374],[15.633705,5.966718],[15.640757,5.966553],[15.646169,5.971725],[15.637725,5.987815],[15.652035,5.996309],[15.652283,6.006898],[15.666592,6.01539],[15.682374,6.011486],[15.703068,5.991577],[15.722412,5.989356],[15.726145,5.998094],[15.743768,5.997677],[15.752704,6.002761],[15.774351,6.023428],[15.790167,6.021286],[15.797299,6.024645],[15.80766,6.015574],[15.826997,6.013347],[15.84495,6.027034],[15.8538,6.028586],[15.864284,6.024806],[15.869399,6.017626],[15.876445,6.017457],[15.896285,6.036386],[15.905048,6.034411],[15.92476,6.048047],[15.930043,6.047918],[15.941987,6.031754],[15.954398,6.034982],[15.96999,6.024022],[15.978793,6.023808],[15.9824,6.027248],[15.980852,6.036104],[15.991758,6.049947],[16.0058,6.047842],[16.014217,6.031766],[16.033923,6.045392],[16.046159,6.041567],[16.053328,6.046681],[16.072604,6.042684],[16.091704,6.031639],[16.122051,6.048521],[16.130806,6.046543],[16.13767,6.039324],[16.154531,6.008949],[16.154359,6.001904],[16.186967,5.967625],[16.199193,5.963802],[16.207688,5.951261],[16.223302,5.942071],[16.242516,5.936318],[16.258,5.921847],[16.273909,5.924982]]}},
{"type":"Feature","properties":{},"geometry":{"type":"LineString","coordinates":[[14.537066,6.010718],[14.554389,5.992618],[14.559398,5.978327],[14.573595,5.979796],[14.584366,5.986658],[14.596755,5.986392],[14.618182,5.994795],[14.625413,6.00173],[14.658768,5.988604],[14.676615,5.995308],[14.690655,5.989688],[14.699577,5.993039],[14.717154,5.987342],[14.726114,5.992464],[14.733382,6.001165],[14.733728,6.017105],[14.746652,6.041628],[14.754467,6.07512],[14.747975,6.10184],[14.770426,6.156263],[14.760404,6.183064],[14.759191,6.207895],[14.783599,6.269351]]}},
{"type":"Feature","properties":{},"geometry":{"type":"LineString","coordinates":[[7.425719,6.083835],[7.398794,6.096682],[7.382781,6.122067]]}},
{"type":"Feature","properties":{},"geometry":{"type":"LineString","coordinates":[[6.228617,6.244062],[6.239447,6.243995],[6.252026,6.234887],[6.269739,6.180592],[6.269662,6.167949],[6.291072,6.128082],[6.290928,6.104603],[6.310665,6.086421]]}},
{"type":"Feature","properties":{},"geometry":{"type":"LineString","coordinates":[[15.187192,5.97165],[15.183501,5.964657],[15.200803,5.948348],[15.198879,5.941316]]}},
{"type":"Feature","properties":{},"geometry":{"type":"LineString","coordinates":[[4.405047,6.111032],[4.376133,6.109298],[4.352663,6.116592],[4.287553,6.091431],[4.267712,6.105947],[4.226182,6.118704],[4.200888,6.12057],[4.179156,6.098914],[4.162878,6.091714]]}},
{"type":"Feature","properties":{},"geometry":{"type":"LineString","coordinates":[[3.582723,6.120472],[3.564637,6.107828],[3.562816,6.095167],[3.551964,6.086133]]}},
{"type":"Feature","properties":{},"geometry":{"type":"LineString","coordinates":[[7.618276,6.056973],[7.591455,6.080645],[7.595196,6.096844],[7.581138,6.138442],[7.570436,6.151157],[7.570544,6.16378],[7.556269,6.180133],[7.55456,6.190969],[7.543841,6.201882],[7.543888,6.207292],[7.525976,6.22007],[7.518891,6.234559]]}},
{"type":"Feature","properties":{},"geometry":{"type":"LineString","coordinates":[[7.728067,6.04701],[7.762412,6.061133],[7.769584,6.057464],[7.789425,6.060894],[7.801999,6.057177],[7.834461,6.062296],[7.84713,6.069394],[7.863337,6.069248]]}},
{"type":"Feature","properties":{},"geometry":{"type":"LineString","coordinates":[[3.711022,6.105845],[3.701985,6.105857],[3.682092,6.095029],[3.667635,6.095047],[3.651355,6.082405],[3.620633,6.082441],[3.591698,6.064384]]}},
{"type":"Feature","properties":{},"geometry":{"type":"LineString","coordinates":[[16.277897,5.944261],[16.272236,5.928546],[16.27734,5.921376],[16.277126,5.912574],[16.27524,5.907335],[16.264605,5.904071],[16.269667,5.89514],[16.306328,5.883682],[16.313188,5.876471],[16.314691,5.865867],[16.323308,5.858614],[16.335824,5.867116],[16.337796,5.875873],[16.344869,5.877462],[16.362229,5.868235],[16.393731,5.862186],[16.395274,5.853345],[16.389876,5.848195],[16.387736,5.832401],[16.401705,5.828541],[16.416146,5.844035]]}},
{"type":"Feature","properties":{},"geometry":{"type":"LineString","coordinates":[[4.385038,6.058636],[4.368769,6.05506],[4.339884,6.064175],[4.332649,6.060575],[4.280245,6.057085],[4.245942,6.068017],[4.231512,6.078901],[4.204421,6.084389],[4.161044,6.079057]]}},
{"type":"Feature","properties":{},"geometry":{"type":"LineString","coordinates":[[15.554867,5.913791],[15.570452,5.901068],[15.577505,5.900906],[15.584718,5.907806],[15.590495,5.928868],[15.622636,5.945784],[15.621119,5.956415]]}},
{"type":"Feature","properties":{},"geometry":{"type":"LineString","coordinates":[[7.794446,6.017581],[7.812437,6.01562],[7.850346,6.0261]]}},
{"type":"Feature","properties":{},"geometry":{"type":"LineString","coordinates":[[14.301447,5.926984],[14.294178,5.918262]]}},
{"type":"Feature","properties":{},"geometry":{"type":"LineString","coordinates":[[15.430554,5.799993],[15.439294,5.796264],[15.446112,5.785508],[15.451403,5.78539],[15.467669,5.802698],[15.483579,5.804108],[15.494396,5.814466],[15.49832,5.832047],[15.509099,5.840637],[15.530019,5.829564],[15.547609,5.827399],[15.551295,5.834382],[15.546285,5.846861],[15.560631,5.857133],[15.55406,5.878481],[15.559591,5.888952],[15.56488,5.888831],[15.570452,5.901068]]}},
{"type":"Feature","properties":{},"geometry":{"type":"LineString","coordinates":[[5.49205,6.023952],[5.416246,6.029716],[5.325931,6.021071],[5.306115,6.032001]]}},
{"type":"Feature","properties":{},"geometry":{"type":"LineString","coordinates":[[15.41094,6.024895],[15.422966,6.010478],[15.424487,5.999839],[15.439797,5.974744],[15.439312,5.953548],[15.456468,5.931948],[15.466972,5.928174],[15.475388,5.910311],[15.487614,5.904732],[15.49615,5.892168],[15.518915,5.884582],[15.522202,5.873907],[15.55398,5.874949]]}},
{"type":"Feature","properties":{},"geometry":{"type":"LineString","coordinates":[[4.016233,6.000445],[3.992759,6.007724],[3.931329,6.007832],[3.913275,6.016907],[3.875323,6.011542],[3.868105,6.01698]]}},
{"type":"Feature","properties":{},"geometry":{"type":"LineString","coordinates":[[5.322404,6.04097],[5.266323,6.015899],[5.246387,5.997904]]}},
{"type":"Feature","properties":{},"geometry":{"type":"LineString","coordinates":[[6.792074,6.054368],[6.791948,6.036317],[6.786426,6.020108],[6.797106,6.000177],[6.809677,5.992869],[6.836696,5.98907]]}},
{"type":"Feature","properties":{},"geometry":{"type":"LineString","coordinates":[[3.940344,5.996964],[3.933135,6.007829]]}},
{"type":"Feature","properties":{},"geometry":{"type":"LineString","coordinates":[[15.940947,5.839522],[15.954987,5.83743],[15.967597,5.849479],[15.978779,5.875669],[15.98104,5.896778],[15.986445,5.90194],[15.992311,5.92649],[16.005012,5.942057],[16.026048,5.938026],[16.043395,5.927031],[16.045028,5.921703],[16.052068,5.921534],[16.062247,5.905424],[16.072762,5.903409],[16.086502,5.888978],[16.165241,5.869469],[16.212766,5.870089],[16.221812,5.880443],[16.258566,5.872509],[16.279747,5.87552],[16.286652,5.870069],[16.292053,5.875222],[16.294065,5.885741]]}},
{"type":"Feature","properties":{},"geometry":{"type":"LineString","coordinates":[[6.910074,6.16363],[6.911613,6.12752],[6.906059,6.107706],[6.914904,6.084178],[6.914774,6.06613],[6.905422,6.019269],[6.910676,5.997571],[6.93393,5.972136]]}},
{"type":"Feature","properties":{},"geometry":{"type":"LineString","coordinates":[[5.381847,6.008177],[5.365559,5.99921],[5.336641,5.992104],[5.329365,5.979482]]}},
{"type":"Feature","properties":{},"geometry":{"type":"LineString","coordinates":[[7.234953,5.97531],[7.240318,5.969856],[7.260125,5.967899]]}},
{"type":"Feature","properties":{},"geometry":{"type":"LineString","coordinates":[[5.493715,5.993219],[5.461212,5.991559],[5.426935,5.997134],[5.374539,5.988326],[5.352836,5.979382],[5.32756,5.979489],[5.322128,5.975897],[5.282423,5.979679],[5.257176,5.987014],[5.248193,5.997897],[5.199535,6.021596],[5.179672,6.021676],[5.168859,6.027142],[5.158081,6.041647]]}},
{"type":"Feature","properties":{},"geometry":{"type":"LineString","coordinates":[[8.915752,6.213513],[8.859592,6.176345],[8.852162,6.15483],[8.839418,6.140571],[8.83934,6.133372],[8.782998,6.078185],[8.757405,6.038857],[8.738707,5.970649],[8.724174,5.956399]]}},
{"type":"Feature","properties":{},"geometry":{"type":"LineString","coordinates":[[5.705713,6.019319],[5.656731,5.968959]]}},
{"type":"Feature","properties":{},"geometry":{"type":"LineString","coordinates":[[7.302136,5.974403],[7.288856,5.955046]]}},
{"type":"Feature","properties":{},"geometry":{"type":"LineString","coordinates":[[15.349043,5.943234],[15.356022,5.93954],[15.362721,5.923477],[15.36978,5.923318],[15.371265,5.91091],[15.38851,5.892844],[15.404309,5.888952],[15.405755,5.874779],[15.43158,5.845919],[15.452627,5.840144],[15.46305,5.832841],[15.466617,5.834528],[15.480527,5.82538],[15.496477,5.828554]]}},
{"type":"Feature","properties":{},"geometry":{"type":"LineString","coordinates":[[3.491675,5.987821],[3.462758,5.98061],[3.451911,5.973383],[3.4212,5.980644],[3.408542,5.96799],[3.390509,5.96408]]}},
{"type":"Feature","properties":{},"geometry":{"type":"LineString","coordinates":[[3.857179,5.962731],[3.846361,5.977219],[3.831913,5.980859],[3.826509,5.99172]]}},
{"type":"Feature","properties":{},"geometry":{"type":"LineString","coordinates":[[3.942376,6.127196],[3.929714,6.119983],[3.922451,6.100098],[3.91159,6.089263],[3.89888,6.053108],[3.875364,6.036866],[3.868105,6.01698]]}},
{"type":"Feature","properties":{},"geometry":{"type":"LineString","coordinates":[[7.793754,5.938262],[7.804525,5.934563]]}},
{"type":"Feature","properties":{},"geometry":{"type":"LineString","coordinates":[[7.353873,5.97438],[7.342907,5.954623],[7.292277,5.931567]]}},
{"type":"Feature","properties":{},"geometry":{"type":"LineString","coordinates":[[3.638538,5.939511],[3.647614,5.97568]]}},
{"type":"Feature","properties":{},"geometry":{"type":"LineString","coordinates":[[5.106269,5.93615],[5.077406,5.943491],[5.06025,5.958862]]}},
{"type":"Feature","properties":{},"geometry":{"type":"LineString","coordinates":[[13.435594,5.940643],[13.4371,5.926378],[13.425934,5.899895],[13.427577,5.892745],[13.418593,5.887576],[13.407298,5.853974],[13.398216,5.843466]]}},
{"type":"Feature","properties":{},"geometry":{"type":"LineString","coordinates":[[8.986472,5.942809],[8.975672,5.941127],[8.939365,5.907329],[8.917667,5.894964]]}},
{"type":"Feature","properties":{},"geometry":{"type":"LineString","coordinates":[[6.59457,5.913073],[6.555015,5.931385],[6.535179,5.931512],[6.526196,5.936986],[6.50273,5.933524],[6.479342,5.942701],[6.459493,5.94102],[6.441503,5.948356],[6.419848,5.946684],[6.405442,5.950385],[6.387538,5.972167],[6.378531,5.974029],[6.369567,5.983114],[6.34251,5.983279],[6.329926,5.99058],[6.317277,5.987045],[6.30829,5.992517],[6.290262,5.994432],[6.257972,6.025331]]}},
{"type":"Feature","properties":{},"geometry":{"type":"LineString","coordinates":[[6.840517,6.01973],[6.845812,6.003447],[6.836683,5.987265],[6.838386,5.972813],[6.845521,5.961932],[6.849102,5.958297],[6.868944,5.959963],[6.892189,5.932724],[6.910138,5.921768],[6.91547,5.910901]]}},
{"type":"Feature","properties":{},"geometry":{"type":"LineString","coordinates":[[3.739688,5.921296],[3.72344,5.930362],[3.719841,5.94122],[3.710817,5.948468],[3.710831,5.959321]]}},
{"type":"Feature","properties":{},"geometry":{"type":"LineString","coordinates":[[16.287767,5.769645],[16.336723,5.757912],[16.361783,5.776683],[16.372369,5.77819],[16.392073,5.793563],[16.404455,5.796786],[16.417391,5.82288]]}},
{"type":"Feature","properties":{},"geometry":{"type":"LineString","coordinates":[[7.793411,5.898602],[7.799061,5.927399],[7.817238,5.947072],[7.828372,5.984832],[7.852098,6.020676],[7.854139,6.047698],[7.865073,6.062022],[7.863369,6.072853],[7.881555,6.092518],[7.885385,6.11772],[7.905442,6.144575],[7.907342,6.155373],[7.927502,6.193039],[7.960103,6.212561],[7.992963,6.259111],[8.023734,6.275037],[8.04919,6.300022],[8.081783,6.317726],[8.117836,6.320975],[8.135898,6.326202],[8.139553,6.331572]]}},
{"type":"Feature","properties":{},"geometry":{"type":"LineString","coordinates":[[11.465713,6.175173],[11.476438,6.175002],[11.519053,6.156422],[11.531566,6.15622],[11.54033,6.145343],[11.539728,6.107776],[11.543245,6.104141],[11.570081,6.105501],[11.578873,6.096414],[11.578586,6.078527],[11.606832,6.056606],[11.625915,6.020522],[11.64704,6.000508],[11.700512,5.992499],[11.71803,5.970757],[11.73586,5.968683],[11.75026,5.975606],[11.760917,5.971858],[11.777016,5.973388],[11.793288,5.985643],[11.822001,5.994119],[11.850829,6.009741],[11.881208,6.011032],[11.893617,6.005465],[11.909771,6.010563],[11.947256,6.009945],[11.97543,5.986245],[11.978589,5.961172],[11.990875,5.948459],[12.003308,5.944681],[12.022702,5.930065],[12.06359,5.920458],[12.083038,5.909417],[12.122105,5.898052],[12.139588,5.876326],[12.18233,5.872046],[12.196389,5.85931],[12.215944,5.855413],[12.247684,5.833455],[12.260163,5.833249],[12.276356,5.841908],[12.29956,5.843307],[12.316732,5.803738],[12.325497,5.794664],[12.344953,5.785414],[12.353657,5.772771],[12.356134,5.706672],[12.350585,5.694265],[12.353974,5.683498],[12.350294,5.676416],[12.324972,5.653617],[12.291058,5.650595],[12.276658,5.641898],[12.271112,5.629487],[12.272467,5.602679],[12.263301,5.586753],[12.245368,5.579894],[12.22039,5.578504],[12.202176,5.553786],[12.180761,5.552336],[12.160905,5.53657],[12.140692,5.497584],[12.124431,5.483543],[12.125859,5.460297],[12.103874,5.421328],[12.09661,5.412505],[12.082244,5.405576],[12.078465,5.391339],[12.064126,5.386194],[12.062077,5.368357],[12.088306,5.334018],[12.064847,5.314712],[12.032584,5.302681],[12.021733,5.292119],[12.017933,5.276092],[12.005224,5.260194],[11.964047,5.248281],[11.953249,5.241289],[11.938989,5.241494],[11.897833,5.23136],[11.890601,5.224313],[11.886858,5.211853],[11.886278,5.170746],[11.859112,5.140737],[11.855199,5.115763],[11.828064,5.087534],[11.822716,5.087608]]}},
{"type":"Feature","properties":{},"geometry":{"type":"LineString","coordinates":[[4.598022,5.992104],[4.626825,5.959469],[4.632196,5.943178],[4.653825,5.928647],[4.670085,5.930406],[4.6827,5.921326],[4.691729,5.921299],[4.709811,5.928476],[4.729637,5.915757],[4.745902,5.919322],[4.758525,5.913858],[4.76932,5.901166],[4.788204,5.897494]]}},
{"type":"Feature","properties":{},"geometry":{"type":"LineString","coordinates":[[7.347704,5.877015],[7.333238,5.869911],[7.300771,5.86475]]}},
{"type":"Feature","properties":{},"geometry":{"type":"LineString","coordinates":[[5.544471,5.893582],[5.573274,5.877184],[5.596753,5.88069],[5.625544,5.862483],[5.647207,5.864188]]}},
{"type":"Feature","properties":{},"geometry":{"type":"LineString","coordinates":[[8.392151,5.84268],[8.412072,5.856897],[8.459022,5.876251],[8.504425,5.920826],[8.567527,5.936401],[8.580242,5.948877],[8.601893,5.955859],[8.614627,5.970133],[8.634443,5.973531],[8.659747,5.985873],[8.690538,6.007157]]}},
{"type":"Feature","properties":{},"geometry":{"type":"LineString","coordinates":[[8.154577,5.830501],[8.162022,5.85746],[8.18203,5.880699],[8.200476,5.929174],[8.233187,5.963097],[8.263928,5.979017],[8.273011,5.987937],[8.274967,6.004132],[8.289518,6.020205],[8.322063,6.0361],[8.3617,6.041114],[8.38892,6.06426],[8.394443,6.076813],[8.403511,6.083927],[8.412561,6.089239],[8.439548,6.088967],[8.45763,6.097789],[8.506629,6.138709],[8.549898,6.147264],[8.586198,6.177495],[8.609697,6.188051]]}},
{"type":"Feature","properties":{},"geometry":{"type":"LineString","coordinates":[[13.377028,5.754866],[13.427225,5.778855]]}},
{"type":"Feature","properties":{},"geometry":{"type":"LineString","coordinates":[[9.012743,5.879548],[8.989328,5.874403],[8.973197,5.878174],[8.960581,5.874711],[8.917667,5.894964],[8.899697,5.895155],[8.890674,5.891652],[8.867047,5.866705],[8.85443,5.863238],[8.843534,5.852553],[8.81656,5.851035],[8.80572,5.845747],[8.78597,5.847752],[8.77513,5.842464],[8.755139,5.821068],[8.72807,5.810544]]}},
{"type":"Feature","properties":{},"geometry":{"type":"LineString","coordinates":[[5.647207,5.864188],[5.659754,5.846057],[5.683153,5.833296],[5.683664,5.822692]]}},
{"type":"Feature","properties":{},"geometry":{"type":"LineString","coordinates":[[4.02512,5.862277],[4.054003,5.853179],[4.086512,5.851308],[4.11177,5.836789],[4.13163,5.833131],[4.13884,5.825882],[4.160509,5.824029]]}},
{"type":"Feature","properties":{},"geometry":{"type":"LineString","coordinates":[[3.437608,5.827546],[3.413559,5.823263]]}},
{"type":"Feature","properties":{},"geometry":{"type":"LineString","coordinates":[[5.20776,5.819213],[5.187883,5.813868],[5.177081,5.821141],[5.159022,5.819402],[5.130167,5.826744],[5.11029,5.821394],[5.088634,5.823283],[5.048958,5.834277],[5.029158,5.85062],[5.009325,5.857924],[5.00209,5.854333],[4.976945,5.858036]]}},
{"type":"Feature","properties":{},"geometry":{"type":"LineString","coordinates":[[15.099825,5.692263],[15.082243,5.696176],[15.073678,5.708746],[15.081117,5.726283],[15.111665,5.7504],[15.132663,5.741101],[15.145289,5.753212]]}},
{"type":"Feature","properties":{},"geometry":{"type":"LineString","coordinates":[[8.526457,5.783987],[8.526639,5.802553]]}},
{"type":"Feature","properties":{},"geometry":{"type":"LineString","coordinates":[[14.401529,5.708491],[14.390483,5.687426],[14.390306,5.678559]]}},
{"type":"Feature","properties":{},"geometry":{"type":"LineString","coordinates":[[14.55658,5.671669],[14.517837,5.681317],[14.491687,5.701352]]}},
{"type":"Feature","properties":{},"geometry":{"type":"LineString","coordinates":[[14.680209,5.660291],[14.678803,5.678042],[14.696485,5.677679],[14.701862,5.681112],[14.71803,5.693183],[14.734381,5.714108],[14.741453,5.713961],[14.746867,5.719164],[14.758986,5.706511],[14.769557,5.70452],[14.773166,5.707988],[14.780163,5.7043],[14.832236,5.742181],[14.848181,5.743618],[14.862246,5.739779],[14.871268,5.748444],[14.923834,5.726086],[14.957329,5.721837]]}},
{"type":"Feature","properties":{},"geometry":{"type":"LineString","coordinates":[[7.578617,5.750732],[7.594791,5.746995],[7.602036,5.752347],[7.616438,5.75223]]}},
{"type":"Feature","properties":{},"geometry":{"type":"LineString","coordinates":[[3.971302,5.775548],[3.967452,5.761767]]}},
{"type":"Feature","properties":{},"geometry":{"type":"LineString","coordinates":[[4.049836,5.772474],[4.042613,5.772488],[4.020918,5.759865],[3.972163,5.763568],[3.95771,5.759975],[3.943274,5.767234],[3.919796,5.767273],[3.896337,5.779973]]}},
{"type":"Feature","properties":{},"geometry":{"type":"LineString","coordinates":[[14.898946,5.634532],[14.900933,5.645115],[14.915288,5.65544],[14.930344,5.69939],[14.935645,5.699278],[14.980819,5.746122],[14.99668,5.744014],[15.009234,5.752597],[15.018027,5.750639],[15.026973,5.755758],[15.088369,5.734975]]}},
{"type":"Feature","properties":{},"geometry":{"type":"LineString","coordinates":[[8.023021,5.808263],[7.98872,5.795952],[7.963559,5.799778],[7.956329,5.796237],[7.914549,5.751538],[7.885618,5.735564]]}},
{"type":"Feature","properties":{},"geometry":{"type":"LineString","coordinates":[[8.506139,5.728117],[8.516994,5.735216],[8.533192,5.736859],[8.538637,5.742209]]}},
{"type":"Feature","properties":{},"geometry":{"type":"LineString","coordinates":[[7.690291,5.757036],[7.684906,5.758883],[7.657815,5.748287],[7.641467,5.730388],[7.619864,5.730563]]}},
{"type":"Feature","properties":{},"geometry":{"type":"LineString","coordinates":[[7.440406,5.75363],[7.431417,5.755504],[7.416954,5.748401],[7.39533,5.746764],[7.3359,5.74722],[7.292581,5.734919],[7.276371,5.73504],[7.260094,5.726141],[7.240295,5.728092]]}},
{"type":"Feature","properties":{},"geometry":{"type":"LineString","coordinates":[[13.788618,5.638716],[13.776268,5.642502],[13.7673,5.637337],[13.737176,5.639678],[13.728438,5.646953],[13.696701,5.658213],[13.677447,5.672798],[13.670581,5.685374],[13.670846,5.699595],[13.687618,5.741955],[13.686079,5.754432],[13.689796,5.763252],[13.686348,5.768651],[13.705077,5.819859],[13.692959,5.836094],[13.689683,5.850383],[13.726941,5.940338],[13.72534,5.94926],[13.732649,5.959783],[13.740346,5.989855]]}},
{"type":"Feature","properties":{},"geometry":{"type":"LineString","coordinates":[[8.329082,5.830674],[8.395283,5.794017],[8.472413,5.773465],[8.504601,5.755145],[8.529718,5.749499],[8.538637,5.742209],[8.596072,5.732645],[8.606769,5.723537],[8.622909,5.719778],[8.63898,5.708817],[8.651578,5.710493],[8.671294,5.704897],[8.691152,5.713702],[8.72163,5.706197]]}},
{"type":"Feature","properties":{},"geometry":{"type":"LineString","coordinates":[[14.981385,5.604494],[14.989,5.630888],[15.015936,5.651565],[15.027799,5.711492],[15.044484,5.748303]]}},
{"type":"Feature","properties":{},"geometry":{"type":"LineString","coordinates":[[12.700679,5.643839],[12.620605,5.646966],[12.583364,5.656509],[12.549503,5.655288],[12.51433,5.682639],[12.50011,5.68466],[12.453683,5.67829],[12.428568,5.667994],[12.405438,5.670159],[12.394895,5.679257],[12.377166,5.684904],[12.353945,5.681713]]}},
{"type":"Feature","properties":{},"geometry":{"type":"LineString","coordinates":[[14.516819,5.718575],[14.516748,5.71503],[14.482803,5.699759],[14.452896,5.70923],[14.388536,5.678595],[14.377633,5.664621],[14.384468,5.652066],[14.378912,5.639759],[14.380367,5.623764],[14.376583,5.611421]]}},
{"type":"Feature","properties":{},"geometry":{"type":"LineString","coordinates":[[5.881346,6.123216],[5.892157,6.119544],[5.902929,6.108645],[5.902832,6.090578],[5.89373,6.076172],[5.897233,6.056278],[5.888123,6.040066],[5.889822,6.020182],[5.867976,5.98416],[5.864291,5.969724],[5.851593,5.957142],[5.851537,5.946301],[5.856867,5.930012],[5.871229,5.915483],[5.876576,5.902807],[5.874642,5.877521],[5.889002,5.862992],[5.885282,5.84133],[5.892388,5.819611],[5.921067,5.783328],[5.942639,5.768762],[5.949761,5.750658],[5.96592,5.736121],[5.973014,5.712596],[5.985565,5.698078]]}},
{"type":"Feature","properties":{},"geometry":{"type":"LineString","coordinates":[[7.288856,5.955046],[7.290392,5.920757],[7.302836,5.899012],[7.299191,5.893628],[7.300771,5.86475],[7.282536,5.836024],[7.287776,5.814335]]}},
{"type":"Feature","properties":{},"geometry":{"type":"LineString","coordinates":[[3.896207,5.696764],[3.883564,5.694975],[3.874548,5.704033],[3.874559,5.711268],[3.858325,5.723955],[3.845713,5.743872]]}},
{"type":"Feature","properties":{},"geometry":{"type":"LineString","coordinates":[[5.619275,5.676368],[5.630107,5.678125],[5.640973,5.687112],[5.668042,5.688795],[5.697024,5.71396],[5.713252,5.712076],[5.725923,5.721051],[5.780026,5.717177],[5.795046,5.722767]]}},
{"type":"Feature","properties":{},"geometry":{"type":"LineString","coordinates":[[3.328555,5.673529],[3.319531,5.684388],[3.29967,5.693444],[3.287036,5.707923],[3.259388,5.723524]]}},
{"type":"Feature","properties":{},"geometry":{"type":"LineString","coordinates":[[14.376583,5.611421],[14.364054,5.604572],[14.336843,5.571395],[14.32428,5.562769],[14.306542,5.561339],[14.296092,5.570414],[14.278422,5.572532],[14.264086,5.563936],[14.246516,5.571376],[14.20487,5.616556],[14.205007,5.623654],[14.214104,5.635902],[14.232023,5.646201],[14.257268,5.668778],[14.305748,5.79026],[14.304407,5.81158],[14.311814,5.8274],[14.317959,5.868086]]}},
{"type":"Feature","properties":{},"geometry":{"type":"LineString","coordinates":[[9.120172,5.742458],[9.068091,5.743016],[9.053666,5.737772],[9.037578,5.745139],[9.003281,5.729308],[8.97993,5.729553],[8.954652,5.717221],[8.942058,5.715553],[8.925762,5.703125],[8.914946,5.699637],[8.898798,5.701603],[8.878853,5.683811],[8.864445,5.680358],[8.853575,5.67147],[8.844611,5.67336],[8.835538,5.664453],[8.813888,5.655672],[8.794126,5.65587],[8.776071,5.647051],[8.763493,5.647176],[8.740029,5.636608],[8.729928,5.636711]]}},
{"type":"Feature","properties":{},"geometry":{"type":"LineString","coordinates":[[8.602353,5.638953],[8.622139,5.640563],[8.636481,5.636822],[8.649095,5.640301],[8.669002,5.654509],[8.692434,5.66148],[8.724778,5.661161]]}},
{"type":"Feature","properties":{},"geometry":{"type":"LineString","coordinates":[[3.920041,5.667101],[3.948905,5.650775]]}},
{"type":"Feature","properties":{},"geometry":{"type":"LineString","coordinates":[[7.839782,5.635001],[7.855931,5.629458]]}},
{"type":"Feature","properties":{},"geometry":{"type":"LineString","coordinates":[[7.870085,5.81321],[7.877191,5.802333],[7.875159,5.775311],[7.882219,5.759027],[7.885449,5.715736],[7.892585,5.708465],[7.908765,5.706524],[7.914117,5.701071],[7.915671,5.672217],[7.931619,5.643241],[7.940554,5.635955],[7.962111,5.632166],[7.972829,5.623063]]}},
{"type":"Feature","properties":{},"geometry":{"type":"LineString","coordinates":[[3.572898,5.639288],[3.556684,5.679102],[3.542255,5.699015],[3.522405,5.715314],[3.517,5.729792],[3.498958,5.751516],[3.49716,5.760563],[3.477305,5.776861],[3.464677,5.794962],[3.461063,5.793156],[3.448427,5.80402],[3.430389,5.836597],[3.410444,5.835714]]}},
{"type":"Feature","properties":{},"geometry":{"type":"LineString","coordinates":[[13.215127,5.545906],[13.220488,5.547593],[13.22245,5.558244],[13.229682,5.56524],[13.229962,5.581261],[13.23919,5.600686]]}},
{"type":"Feature","properties":{},"geometry":{"type":"LineString","coordinates":[[5.48793,5.760089],[5.507732,5.749158],[5.511222,5.722032],[5.489437,5.691401],[5.482142,5.673358],[5.467639,5.657153],[5.465782,5.644509],[5.447664,5.626511]]}},
{"type":"Feature","properties":{},"geometry":{"type":"LineString","coordinates":[[4.602669,5.721675],[4.617062,5.703551],[4.627883,5.699903],[4.64409,5.68539],[4.649423,5.656441],[4.671028,5.636487],[4.681801,5.616565]]}},
{"type":"Feature","properties":{},"geometry":{"type":"LineString","coordinates":[[8.069934,5.618621],[8.060925,5.616898],[8.050055,5.607981],[8.026718,5.613589],[8.003287,5.608384],[7.974368,5.59241]]}},
{"type":"Feature","properties":{},"geometry":{"type":"LineString","coordinates":[[13.348565,5.849733],[13.36097,5.847721],[13.362879,5.854806],[13.366367,5.851181],[13.391242,5.850715],[13.410419,5.830779],[13.410187,5.818325],[13.424002,5.796711],[13.427225,5.778855],[13.434132,5.768049],[13.426667,5.748612],[13.433575,5.737807],[13.431472,5.720049],[13.436573,5.707498],[13.448842,5.698376],[13.462658,5.676769],[13.466015,5.666031],[13.465595,5.642907],[13.47415,5.624957],[13.473957,5.614285],[13.464759,5.596658],[13.46983,5.582331],[13.482034,5.569656],[13.492654,5.567685],[13.517155,5.547674],[13.571729,5.521787],[13.587381,5.503718],[13.60706,5.512257],[13.621127,5.504889],[13.635449,5.511744],[13.64074,5.50987]]}},
{"type":"Feature","properties":{},"geometry":{"type":"LineString","coordinates":[[8.61628,5.592005],[8.630605,5.586466],[8.644998,5.588128],[8.675404,5.573431],[8.693389,5.575057],[8.71849,5.569412]]}},
{"type":"Feature","properties":{},"geometry":{"type":"LineString","coordinates":[[4.773772,5.589169],[4.7449,5.591064],[4.728704,5.607387]]}},
{"type":"Feature","properties":{},"geometry":{"type":"LineString","coordinates":[[3.814789,5.584732],[3.807579,5.593786],[3.789584,5.639034],[3.746308,5.686124],[3.726462,5.700621],[3.715629,5.702444],[3.70661,5.7115],[3.666878,5.709738],[3.647026,5.722424],[3.64342,5.727855],[3.645241,5.740516],[3.62901,5.762241],[3.63263,5.769474],[3.609166,5.783971],[3.605571,5.800256]]}},
{"type":"Feature","properties":{},"geometry":{"type":"LineString","coordinates":[[3.72451,5.583041],[3.713706,5.606571],[3.711917,5.621045],[3.701105,5.639148],[3.706544,5.657231],[3.706575,5.682556],[3.719239,5.70063]]}},
{"type":"Feature","properties":{},"geometry":{"type":"LineString","coordinates":[[16.189219,4.970303],[16.185778,4.973897],[16.188,4.996755],[16.189972,5.007286],[16.198897,5.01415],[16.199112,5.024716],[16.193953,5.030108],[16.191056,5.060118],[16.186005,5.070795],[16.188162,5.09013],[16.181538,5.109649],[16.180518,5.144909],[16.175433,5.153826],[16.169184,5.19096],[16.201741,5.234313],[16.209334,5.260577],[16.221895,5.272637],[16.220404,5.285001],[16.227621,5.293652],[16.227812,5.302456],[16.222695,5.309615],[16.226936,5.342994],[16.248596,5.36894],[16.248945,5.384786],[16.254293,5.388191],[16.261242,5.384513],[16.270063,5.386079],[16.286106,5.39629],[16.30527,5.388819],[16.317798,5.399106],[16.324706,5.393669],[16.340707,5.402116],[16.347693,5.400198],[16.362015,5.412202],[16.357102,5.42816],[16.364481,5.443839],[16.364918,5.463197],[16.374018,5.477076],[16.380963,5.473397],[16.393334,5.476636],[16.393574,5.487193],[16.406507,5.515065],[16.405033,5.527421],[16.414217,5.544813],[16.408989,5.546695],[16.407436,5.555532]]}},
{"type":"Feature","properties":{},"geometry":{"type":"LineString","coordinates":[[14.076873,5.501825],[14.092218,5.469573],[14.108094,5.465724],[14.113176,5.4532],[14.123737,5.449451],[14.146298,5.424173],[14.16558,5.413161],[14.170925,5.414837],[14.184892,5.403925],[14.211418,5.401654],[14.218565,5.40507],[14.227583,5.413776],[14.256141,5.425662],[14.265259,5.439687],[14.27588,5.439486],[14.288472,5.449894],[14.29218,5.458696]]}},
{"type":"Feature","properties":{},"geometry":{"type":"LineString","coordinates":[[3.285302,5.609871],[3.272656,5.597213],[3.269036,5.577315],[3.258195,5.561038]]}},
{"type":"Feature","properties":{},"geometry":{"type":"LineString","coordinates":[[3.954352,5.668854],[3.948902,5.648966],[3.957889,5.623627],[3.956072,5.616395],[3.995741,5.585578],[4.006552,5.572898],[4.008329,5.556615],[4.01734,5.547556]]}},
{"type":"Feature","properties":{},"geometry":{"type":"LineString","coordinates":[[8.233111,5.563128],[8.222243,5.554217],[8.16636,5.538493],[8.150066,5.526022],[8.141076,5.5261]]}},
{"type":"Feature","properties":{},"geometry":{"type":"LineString","coordinates":[[3.615704,5.569818],[3.559739,5.57711],[3.534453,5.568089],[3.518205,5.569912],[3.501948,5.56269],[3.464029,5.559103],[3.417087,5.562756],[3.37013,5.542888],[3.310546,5.539304],[3.306937,5.542924],[3.279854,5.542937],[3.258195,5.561038],[3.240138,5.559237],[3.220281,5.570099],[3.204244,5.573376]]}},
{"type":"Feature","properties":{},"geometry":{"type":"LineString","coordinates":[[10.195091,5.495958],[10.186179,5.499656],[10.182705,5.508673],[10.161404,5.525088],[10.147095,5.527056]]}},
{"type":"Feature","properties":{},"geometry":{"type":"LineString","coordinates":[[13.981816,5.441433],[13.987197,5.444886],[13.999503,5.43933],[14.006721,5.446301],[14.035233,5.454653],[14.046027,5.463332],[14.070929,5.468196],[14.087037,5.476773]]}},
{"type":"Feature","properties":{},"geometry":{"type":"LineString","coordinates":[[13.309263,5.441001],[13.318388,5.455085],[13.330942,5.461987],[13.338293,5.4761],[13.354398,5.482939],[13.366829,5.482721],[13.401159,5.515934],[13.410446,5.538905],[13.417579,5.540558],[13.444783,5.572105],[13.445133,5.591673]]}},
{"type":"Feature","properties":{},"geometry":{"type":"LineString","coordinates":[[7.395566,5.53932],[7.357721,5.534188],[7.312726,5.536322],[7.280292,5.532948],[7.242302,5.507963]]}},
{"type":"Feature","properties":{},"geometry":{"type":"LineString","coordinates":[[14.319495,5.404946],[14.30911,5.417563],[14.307574,5.430012],[14.297289,5.447952],[14.29916,5.45324],[14.29218,5.458696],[14.288977,5.476502],[14.294592,5.492366],[14.28785,5.51024],[14.270486,5.52832],[14.27246,5.53893],[14.264086,5.563936]]}},
{"type":"Feature","properties":{},"geometry":{"type":"LineString","coordinates":[[5.294523,5.683171],[5.326982,5.677619],[5.337809,5.677575],[5.345049,5.682968],[5.375717,5.681036],[5.39734,5.673716],[5.426126,5.653713],[5.433313,5.646453],[5.435065,5.633793],[5.447664,5.626511],[5.45294,5.593954],[5.427579,5.568754],[5.423942,5.561539],[5.425657,5.539842],[5.407552,5.523648],[5.405661,5.501966],[5.398395,5.489342]]}},
{"type":"Feature","properties":{},"geometry":{"type":"LineString","coordinates":[[14.182694,5.380889],[14.177448,5.384536],[14.177612,5.393409],[14.184892,5.403925]]}},
{"type":"Feature","properties":{},"geometry":{"type":"LineString","coordinates":[[3.831348,5.517095],[3.827705,5.493584],[3.818664,5.482743]]}},
{"type":"Feature","properties":{},"geometry":{"type":"LineString","coordinates":[[7.285228,5.467965],[7.260229,5.49701],[7.235126,5.511623],[7.199115,5.511878],[7.181172,5.521027],[7.132565,5.523172],[7.121798,5.52866],[7.094785,5.528847],[7.076715,5.519949],[7.04072,5.523805]]}},
{"type":"Feature","properties":{},"geometry":{"type":"LineString","coordinates":[[4.915155,5.517607],[4.909742,5.517624],[4.891651,5.503217],[4.891594,5.485136],[4.882527,5.470699],[4.877052,5.450826],[4.878817,5.438164],[4.869745,5.421918],[4.871483,5.400215],[4.833536,5.380441],[4.824515,5.380467],[4.797362,5.349808],[4.768466,5.339043],[4.746735,5.310172],[4.705177,5.28678],[4.665359,5.238062],[4.638296,5.236325],[4.625697,5.247209],[4.586028,5.254544],[4.547391,5.27996]]}},
{"type":"Feature","properties":{},"geometry":{"type":"LineString","coordinates":[[3.94685,5.495215],[3.952254,5.487971],[3.977505,5.475269]]}},
{"type":"Feature","properties":{},"geometry":{"type":"LineString","coordinates":[[8.462818,5.517817],[8.467979,5.492555],[8.484037,5.479801],[8.491094,5.465329],[8.50186,5.463429],[8.526867,5.446991],[8.546632,5.446809]]}},
{"type":"Feature","properties":{},"geometry":{"type":"LineString","coordinates":[[5.522904,5.501481],[5.533665,5.486976],[5.542675,5.48513],[5.549851,5.476063]]}},
{"type":"Feature","properties":{},"geometry":{"type":"LineString","coordinates":[[8.250771,5.526939],[8.250645,5.512527],[8.257756,5.503456],[8.255911,5.498068],[8.271916,5.478109],[8.315027,5.474124],[8.327498,5.461403],[8.338266,5.459506],[8.354267,5.439549],[8.375771,5.432152]]}},
{"type":"Feature","properties":{},"geometry":{"type":"LineString","coordinates":[[8.66007,5.472756],[8.63836,5.456758],[8.614988,5.455176],[8.575213,5.428538],[8.55006,5.42877]]}},
{"type":"Feature","properties":{},"geometry":{"type":"LineString","coordinates":[[8.117022,5.447021],[8.129516,5.436102],[8.145651,5.430559]]}},
{"type":"Feature","properties":{},"geometry":{"type":"LineString","coordinates":[[4.959273,5.471055],[4.941195,5.460265],[4.877029,5.443594]]}},
{"type":"Feature","properties":{},"geometry":{"type":"LineString","coordinates":[[13.736736,5.421014],[13.710007,5.414382],[13.682868,5.384639],[13.656044,5.372666],[13.636065,5.346343],[13.614935,5.355606],[13.606407,5.375319]]}},
{"type":"Feature","properties":{},"geometry":{"type":"LineString","coordinates":[[5.466657,5.420381],[5.49192,5.423892],[5.517214,5.434631],[5.524458,5.441831],[5.535378,5.465281],[5.533589,5.468903]]}},
{"type":"Feature","properties":{},"geometry":{"type":"LineString","coordinates":[[13.40325,5.329027],[13.412338,5.341328],[13.407165,5.350316],[13.4146,5.369764],[13.40952,5.384089],[13.41509,5.39823],[13.436854,5.424545],[13.435234,5.433471],[13.453732,5.475854],[13.452396,5.50079],[13.481621,5.546532],[13.478388,5.564384],[13.482034,5.569656]]}},
{"type":"Feature","properties":{},"geometry":{"type":"LineString","coordinates":[[8.267676,5.404283],[8.296467,5.407634],[8.341273,5.392829],[8.378983,5.388894]]}},
{"type":"Feature","properties":{},"geometry":{"type":"LineString","coordinates":[[3.878161,5.432009],[3.87272,5.413928],[3.86006,5.395856]]}},
{"type":"Feature","properties":{},"geometry":{"type":"LineString","coordinates":[[5.607183,5.38726],[5.636096,5.401593],[5.650585,5.415988],[5.652452,5.430438],[5.67058,5.452044],[5.668817,5.461087]]}},
{"type":"Feature","properties":{},"geometry":{"type":"LineString","coordinates":[[5.67749,5.38334],[5.697316,5.381446],[5.713576,5.388602],[5.747825,5.386642],[5.76411,5.399217],[5.803775,5.399035],[5.818274,5.41523],[5.832723,5.420584],[5.841805,5.434997],[5.861672,5.44213],[5.870747,5.454735],[5.867201,5.4674],[5.872653,5.476408],[5.896172,5.492557],[5.916014,5.494267],[5.926868,5.501441]]}},
{"type":"Feature","properties":{},"geometry":{"type":"LineString","coordinates":[[7.413559,5.636591],[7.424171,5.611258],[7.433118,5.603974]]}},
{"type":"Feature","properties":{},"geometry":{"type":"LineString","coordinates":[[10.063313,5.381153],[10.07404,5.379232],[10.084578,5.361155],[10.100678,5.359172],[10.111236,5.34289],[10.13987,5.340761],[10.15426,5.345978]]}},
{"type":"Feature","properties":{},"geometry":{"type":"LineString","coordinates":[[8.215347,5.381313],[8.190104,5.37252],[8.173804,5.358244],[8.148521,5.355726]]}},
{"type":"Feature","properties":{},"geometry":{"type":"LineString","coordinates":[[3.782425,5.377872],[3.802274,5.374228],[3.81311,5.379641],[3.860037,5.379576],[3.865457,5.383186]]}},
{"type":"Feature","properties":{},"geometry":{"type":"LineString","coordinates":[[3.744702,5.524446],[3.750109,5.517203],[3.786197,5.502685],[3.818664,5.482743],[3.827673,5.470068],[3.829411,5.421224],[3.842023,5.404926],[3.863665,5.392233],[3.869061,5.379563],[3.892524,5.379529],[3.89973,5.370474],[3.914174,5.374071],[3.948424,5.346885]]}},
{"type":"Feature","properties":{},"geometry":{"type":"LineString","coordinates":[[8.717145,5.429008],[8.711722,5.425459],[8.709791,5.411075],[8.695303,5.39861],[8.689855,5.387775],[8.66638,5.379077],[8.65023,5.381028],[8.633882,5.361374],[8.612227,5.35077],[8.601286,5.332865],[8.581396,5.318642]]}},
{"type":"Feature","properties":{},"geometry":{"type":"LineString","coordinates":[[7.853578,5.423969],[7.862427,5.405871],[7.880268,5.387702],[7.901374,5.328046],[7.911527,5.312862],[7.935959,5.303435]]}},
{"type":"Feature","properties":{},"geometry":{"type":"LineString","coordinates":[[7.980224,5.370778],[7.975009,5.351872],[7.935959,5.303435],[7.93659,5.295559],[7.929283,5.281197],[7.927043,5.250821],[7.916137,5.223259],[7.914287,5.204635],[7.899451,5.178447],[7.897114,5.129858],[7.878804,5.074778],[7.87702,5.022663],[7.870243,5.007025],[7.839071,4.970189],[7.801173,4.912832],[7.748153,4.896533],[7.737279,4.88399],[7.697558,4.859026],[7.618402,4.850557],[7.560692,4.823898],[7.549918,4.825774],[7.522914,4.820544],[7.46719,4.822717],[7.407726,4.803264],[7.377135,4.799854],[7.355142,4.787018],[7.360559,4.776068],[7.347836,4.754501],[7.324471,4.756453],[7.266944,4.747805]]}},
{"type":"Feature","properties":{},"geometry":{"type":"LineString","coordinates":[[5.000461,5.376901],[5.011272,5.37325],[5.027436,5.3515],[5.041849,5.346028],[5.0472,5.32793],[5.057999,5.320663]]}},
{"type":"Feature","properties":{},"geometry":{"type":"LineString","coordinates":[[7.057261,5.303767],[7.046518,5.312861],[7.026762,5.32021],[7.007109,5.3438],[6.996317,5.345675],[6.985573,5.354769],[6.962164,5.354921],[6.940696,5.376718],[6.915531,5.3841],[6.903004,5.396574]]}},
{"type":"Feature","properties":{},"geometry":{"type":"LineString","coordinates":[[10.324678,5.518025],[10.331752,5.51076],[10.329763,5.494634],[10.336595,5.467632],[10.327402,5.448006],[10.32893,5.426453],[10.325241,5.417525],[10.339346,5.399409],[10.340833,5.374269],[10.322694,5.354748],[10.317153,5.340458],[10.304515,5.331636],[10.293582,5.315615],[10.289811,5.299508],[10.260915,5.278312],[10.242908,5.269549],[10.233957,5.269654]]}},
{"type":"Feature","properties":{},"geometry":{"type":"LineString","coordinates":[[13.593187,5.226147],[13.58303,5.25478],[13.574282,5.262045]]}},
{"type":"Feature","properties":{},"geometry":{"type":"LineString","coordinates":[[7.24998,5.318708],[7.221169,5.317102],[7.212132,5.311751],[7.203133,5.311813],[7.194182,5.319091],[7.186957,5.315532],[7.177969,5.317397],[7.158083,5.304901],[7.143671,5.303193],[7.132798,5.292439]]}},
{"type":"Feature","properties":{},"geometry":{"type":"LineString","coordinates":[[6.315643,5.387425],[6.303009,5.383881],[6.28307,5.362315],[6.254151,5.346213],[6.23963,5.326421],[6.216147,5.315707],[6.194421,5.29595]]}},
{"type":"Feature","properties":{},"geometry":{"type":"LineString","coordinates":[[5.371356,5.317729],[5.403704,5.288683],[5.441557,5.28492]]}},
{"type":"Feature","properties":{},"geometry":{"type":"LineString","coordinates":[[9.745426,5.253072],[9.725653,5.247896],[9.713147,5.251625],[9.686224,5.248321],[9.668378,5.255701]]}},
{"type":"Feature","properties":{},"geometry":{"type":"LineString","coordinates":[[6.650508,5.638275],[6.655881,5.632825],[6.675682,5.629089],[6.686437,5.619995],[6.704457,5.61988],[6.713409,5.612614]]}},
{"type":"Feature","properties":{},"geometry":{"type":"LineString","coordinates":[[5.752943,5.321564],[5.799685,5.292441],[5.833926,5.290479],[5.860898,5.2759],[5.880767,5.284842],[5.90601,5.286531],[5.918602,5.281052],[5.929425,5.282807],[5.984006,5.271948]]}},
{"type":"Feature","properties":{},"geometry":{"type":"LineString","coordinates":[[3.687827,5.270196],[3.680617,5.27744],[3.682431,5.285799]]}},
{"type":"Feature","properties":{},"geometry":{"type":"LineString","coordinates":[[13.407813,5.177677],[13.422127,5.184557],[13.427628,5.195143],[13.436441,5.191436],[13.452648,5.2054],[13.465009,5.201634],[13.473971,5.206821],[13.477459,5.203204],[13.491802,5.211859],[13.500643,5.20993],[13.509604,5.215116],[13.522022,5.214906],[13.527254,5.209481],[13.523586,5.202427],[13.530593,5.196971],[13.548391,5.200229],[13.577133,5.221085],[13.57037,5.240767],[13.574616,5.281605],[13.602363,5.346933],[13.599155,5.366554],[13.608336,5.384178],[13.603233,5.396718],[13.618085,5.433804],[13.613077,5.451679],[13.626131,5.487015],[13.636872,5.492156],[13.64074,5.50987],[13.672095,5.575096],[13.656974,5.621609],[13.666239,5.642777],[13.666469,5.65522],[13.677447,5.672798]]}},
{"type":"Feature","properties":{},"geometry":{"type":"LineString","coordinates":[[7.752869,5.292894],[7.759994,5.283824],[7.777923,5.276474],[7.811899,5.250972],[7.840715,5.237903]]}},
{"type":"Feature","properties":{},"geometry":{"type":"LineString","coordinates":[[4.404481,5.544353],[4.377364,5.52633],[4.370098,5.506453],[4.352016,5.492025],[4.350148,5.477529]]}},
{"type":"Feature","properties":{},"geometry":{"type":"LineString","coordinates":[[8.480928,5.270353],[8.47891,5.245157],[8.467881,5.216438]]}},
{"type":"Feature","properties":{},"geometry":{"type":"LineString","coordinates":[[3.438802,5.200926],[3.43339,5.202739],[3.431602,5.226259],[3.424388,5.2335],[3.422595,5.249783],[3.406373,5.280548]]}},
{"type":"Feature","properties":{},"geometry":{"type":"LineString","coordinates":[[7.229715,5.250287],[7.191956,5.255955],[7.148879,5.274287],[7.12921,5.294268],[7.091454,5.301737],[7.080712,5.310831],[7.069911,5.310903],[7.057261,5.303767]]}},
{"type":"Feature","properties":{},"geometry":{"type":"LineString","coordinates":[[4.809613,5.219579],[4.775332,5.216061],[4.755446,5.199842],[4.730175,5.192678],[4.699535,5.201803],[4.679723,5.212707],[4.661747,5.236263]]}},
{"type":"Feature","properties":{},"geometry":{"type":"LineString","coordinates":[[9.762207,5.213902],[9.787197,5.204648],[9.814073,5.204357],[9.847843,5.17884],[9.871113,5.17679],[9.908789,5.181767],[9.923022,5.17263],[9.932017,5.176124],[9.946307,5.172374],[9.971402,5.173893],[9.990985,5.162901],[10.012476,5.162663],[10.032095,5.155262],[10.057244,5.162165],[10.082253,5.156499],[10.096637,5.161724],[10.121705,5.161442],[10.137697,5.15049],[10.1663,5.146576],[10.175313,5.15186]]}},
{"type":"Feature","properties":{},"geometry":{"type":"LineString","coordinates":[[4.41365,5.188643],[4.420906,5.206712],[4.455253,5.23738],[4.4953,5.289739]]}},
{"type":"Feature","properties":{},"geometry":{"type":"LineString","coordinates":[[4.505646,5.186622],[4.466006,5.206609],[4.460607,5.212047],[4.460631,5.222898],[4.451636,5.233771]]}},
{"type":"Feature","properties":{},"geometry":{"type":"LineString","coordinates":[[12.601504,5.115636],[12.571315,5.11966],[12.552093,5.143145],[12.529204,5.159551],[12.514969,5.159767],[12.488089,5.14768],[12.472287,5.162195],[12.445591,5.162596],[12.434992,5.16811],[12.418972,5.16835],[12.364,5.183453],[12.35175,5.197919],[12.314785,5.227039],[12.311356,5.236018],[12.313351,5.250273],[12.301045,5.261171],[12.283263,5.263225],[12.244427,5.287023],[12.150196,5.300938],[12.116792,5.331806],[12.088332,5.335804]]}},
{"type":"Feature","properties":{},"geometry":{"type":"LineString","coordinates":[[8.004161,5.233498],[7.991462,5.21918],[7.960772,5.203202],[7.940828,5.18173],[7.922753,5.169253],[7.901138,5.164013]]}},
{"type":"Feature","properties":{},"geometry":{"type":"LineString","coordinates":[[8.911557,5.473921],[8.900659,5.461431],[8.89874,5.448853],[8.889656,5.438143],[8.871299,5.396929],[8.867275,5.351974],[8.841678,5.303625],[8.844862,5.260398],[8.837614,5.253267],[8.807043,5.248154],[8.787145,5.232139],[8.758302,5.219805],[8.738339,5.196586],[8.709546,5.189647],[8.689618,5.170024],[8.653579,5.155944]]}},
{"type":"Feature","properties":{},"geometry":{"type":"LineString","coordinates":[[4.760767,5.167278],[4.751774,5.176344],[4.742761,5.178177],[4.733782,5.192668]]}},
{"type":"Feature","properties":{},"geometry":{"type":"LineString","coordinates":[[3.603527,5.160992],[3.637811,5.162767],[3.684735,5.173572],[3.711796,5.169924],[3.733452,5.173518],[3.751487,5.166261],[3.780369,5.17708]]}},
{"type":"Feature","properties":{},"geometry":{"type":"LineString","coordinates":[[16.069055,5.023858],[16.069271,5.03443],[16.089029,5.055176],[16.085622,5.060534],[16.086637,5.109865],[16.092018,5.115041],[16.093994,5.125576],[16.101131,5.130714],[16.103771,5.172958]]}},
{"type":"Feature","properties":{},"geometry":{"type":"LineString","coordinates":[[9.368187,5.115005],[9.382567,5.118457],[9.407885,5.139779],[9.425815,5.139597],[9.445719,5.157374],[9.451098,5.157319]]}},
{"type":"Feature","properties":{},"geometry":{"type":"LineString","coordinates":[[4.85021,5.203789],[4.853796,5.196546],[4.853712,5.167615],[4.864485,5.151309],[4.866247,5.136839]]}},
{"type":"Feature","properties":{},"geometry":{"type":"LineString","coordinates":[[3.388785,5.153856],[3.341866,5.144838],[3.320215,5.146658],[3.312996,5.143044],[3.302171,5.146667],[3.291342,5.139435],[3.278713,5.143059],[3.267439,5.136769]]}},
{"type":"Feature","properties":{},"geometry":{"type":"LineString","coordinates":[[3.305773,5.132192],[3.294951,5.141243]]}},
{"type":"Feature","properties":{},"geometry":{"type":"LineString","coordinates":[[5.347339,5.164173],[5.376125,5.147797],[5.404943,5.140459],[5.419318,5.127751],[5.431937,5.127704],[5.440929,5.122247],[5.460766,5.123978]]}},
{"type":"Feature","properties":{},"geometry":{"type":"LineString","coordinates":[[5.6881,5.175471],[5.664585,5.155691],[5.664562,5.15027],[5.655513,5.141271],[5.633846,5.132325],[5.601395,5.130651],[5.582531,5.121757]]}},
{"type":"Feature","properties":{},"geometry":{"type":"LineString","coordinates":[[6.86096,5.094274],[6.839391,5.099819],[6.816095,5.11801],[6.787364,5.130817],[6.76219,5.136382],[6.753231,5.143655],[6.735225,5.143762],[6.706458,5.151151],[6.686641,5.149461],[6.674067,5.15495],[6.652407,5.146048],[6.629039,5.153403],[6.609322,5.169766],[6.582339,5.175336],[6.542606,5.206532]]}},
{"type":"Feature","properties":{},"geometry":{"type":"LineString","coordinates":[[8.304608,5.09591],[8.27392,5.078148],[8.237974,5.07664],[8.223631,5.080359]]}},
{"type":"Feature","properties":{},"geometry":{"type":"LineString","coordinates":[[7.263965,5.100066],[7.271102,5.090997],[7.271054,5.083781]]}},
{"type":"Feature","properties":{},"geometry":{"type":"LineString","coordinates":[[15.71788,4.965615],[15.726882,4.976029],[15.735749,4.979384],[15.751512,4.975544],[15.764033,4.985886],[15.782076,5.008471],[15.786188,5.038388],[15.806101,5.066223],[15.814966,5.069573],[15.821825,5.060613],[15.830655,5.062199],[15.837866,5.070875],[15.840087,5.093766],[15.854408,5.105825],[15.860006,5.121589],[15.867184,5.128499],[15.877701,5.126519],[15.890191,5.135083],[15.912979,5.131087],[15.929094,5.144865],[15.936381,5.15706],[15.936672,5.171163]]}},
{"type":"Feature","properties":{},"geometry":{"type":"LineString","coordinates":[[6.803206,5.069346],[6.779835,5.074899],[6.769086,5.083988],[6.752872,5.082278],[6.734942,5.095019],[6.702576,5.102428],[6.695426,5.111496],[6.682843,5.11518],[6.656009,5.146027]]}},
{"type":"Feature","properties":{},"geometry":{"type":"LineString","coordinates":[[3.715497,5.251325],[3.729919,5.238646],[3.738922,5.222354],[3.776776,5.189747],[3.780369,5.17708],[3.789377,5.166215],[3.818218,5.144471],[3.821798,5.122759],[3.830807,5.113702],[3.841627,5.11007],[3.852435,5.097394],[3.852404,5.073877],[3.857802,5.063016]]}},
{"type":"Feature","properties":{},"geometry":{"type":"LineString","coordinates":[[6.463328,5.045294],[6.443557,5.052623],[6.412932,5.050979],[6.402155,5.056454],[6.382326,5.052946],[6.371548,5.05842],[6.351727,5.056716],[6.333745,5.062228]]}},
{"type":"Feature","properties":{},"geometry":{"type":"LineString","coordinates":[[7.96121,5.026999],[7.941399,5.021742],[7.877814,5.025298]]}},
{"type":"Feature","properties":{},"geometry":{"type":"LineString","coordinates":[[15.794315,4.914703],[15.824658,4.937047],[15.846766,4.987776],[15.857387,4.991092]]}},
{"type":"Feature","properties":{},"geometry":{"type":"LineString","coordinates":[[5.859951,5.066303],[5.874246,5.039136],[5.895764,5.015552],[5.908352,5.010076]]}},
{"type":"Feature","properties":{},"geometry":{"type":"LineString","coordinates":[[15.130485,4.922379],[15.103938,4.917562],[15.064689,4.893511],[15.029191,4.881771],[15.011169,4.860861],[15.001748,4.827403],[14.971478,4.812015],[14.961971,4.773241],[14.966983,4.757221],[14.994738,4.730182],[15.052808,4.72208],[15.063295,4.716586],[15.077121,4.700418],[15.077059,4.69688],[15.061191,4.697159],[15.048757,4.692069],[15.050243,4.676117],[15.043037,4.667394],[15.021665,4.655378],[15.009017,4.637899],[15.001934,4.636252],[15.003093,4.600834],[15.013703,4.602422],[15.030943,4.579121],[15.048422,4.569974],[15.132937,4.56322],[15.181884,4.539384],[15.185438,4.541092]]}},
{"type":"Feature","properties":{},"geometry":{"type":"LineString","coordinates":[[9.39297,4.96912],[9.400088,4.963656],[9.400129,4.957004]]}},
{"type":"Feature","properties":{},"geometry":{"type":"LineString","coordinates":[[9.374191,4.955458],[9.413663,4.95867],[9.440445,4.947622],[9.460161,4.947429],[9.478154,4.954443],[9.501453,4.954214],[9.519445,4.961226],[9.560645,4.959019],[9.585875,4.973145]]}},
{"type":"Feature","properties":{},"geometry":{"type":"LineString","coordinates":[[6.816823,5.006767],[6.838359,4.995811],[6.861747,4.993868],[6.872514,4.988389],[6.881524,4.990141],[6.897679,4.982825],[6.928124,4.957375],[6.951529,4.95904]]}},
{"type":"Feature","properties":{},"geometry":{"type":"LineString","coordinates":[[3.516768,4.971116],[3.556455,4.974702],[3.583506,4.967442],[3.588921,4.971056]]}},
{"type":"Feature","properties":{},"geometry":{"type":"LineString","coordinates":[[5.781382,5.028698],[5.768723,5.01791],[5.761455,5.003484],[5.754239,5.001708],[5.741573,4.989111],[5.709102,4.98021],[5.683433,4.951429]]}},
{"type":"Feature","properties":{},"geometry":{"type":"LineString","coordinates":[[6.43789,5.002208],[6.416224,4.991486],[6.40723,4.993339],[6.387375,4.984411],[6.378325,4.975428],[6.383617,4.953729]]}},
{"type":"Feature","properties":{},"geometry":{"type":"LineString","coordinates":[[7.771426,5.055025],[7.783839,5.031496],[7.783589,4.997243],[7.791788,4.980785],[7.795885,4.95749],[7.81575,4.936805]]}},
{"type":"Feature","properties":{},"geometry":{"type":"LineString","coordinates":[[14.861862,4.900733],[14.861766,4.895422],[14.926712,4.874776],[14.919559,4.869594],[14.92983,4.851705],[14.928003,4.848197],[14.934934,4.840991],[14.980392,4.817165]]}},
{"type":"Feature","properties":{},"geometry":{"type":"LineString","coordinates":[[5.658954,4.99668],[5.65891,4.985837],[5.648019,4.966002],[5.648241,4.944738]]}},
{"type":"Feature","properties":{},"geometry":{"type":"LineString","coordinates":[[6.542017,4.94387],[6.498797,4.942294],[6.489823,4.947759],[6.443019,4.94981],[6.428642,4.955302],[6.423278,4.962554]]}},
{"type":"Feature","properties":{},"geometry":{"type":"LineString","coordinates":[[6.549538,5.003418],[6.538734,5.003476],[6.526082,4.994516],[6.486441,4.989311],[6.479172,4.976708],[6.455755,4.975026],[6.419667,4.960767],[6.389028,4.955507],[6.374568,4.944745],[6.352968,4.946661],[6.340335,4.941306],[6.292041,4.937513]]}},
{"type":"Feature","properties":{},"geometry":{"type":"LineString","coordinates":[[5.416131,5.238023],[5.432337,5.232538],[5.441234,5.201776],[5.441136,5.176471],[5.466243,5.142032],[5.460773,5.125786],[5.46252,5.111319],[5.491285,5.091326],[5.496609,5.069616],[5.512789,5.058709],[5.518106,5.035192],[5.532447,5.015255],[5.532371,4.995374],[5.523284,4.975527],[5.496183,4.957556],[5.476339,4.952209],[5.463677,4.939603],[5.460961,4.929262]]}},
{"type":"Feature","properties":{},"geometry":{"type":"LineString","coordinates":[[5.991638,5.038607],[6.000399,4.984366],[6.021892,4.957168],[6.032676,4.951698],[6.048796,4.931752],[6.066374,4.919093]]}},
{"type":"Feature","properties":{},"geometry":{"type":"LineString","coordinates":[[4.436949,4.919917],[4.402681,4.916372],[4.393795,4.921134]]}},
{"type":"Feature","properties":{},"geometry":{"type":"LineString","coordinates":[[5.277389,5.13554],[5.282746,5.121059],[5.291728,5.111989],[5.289855,5.09211],[5.293416,5.079444],[5.302391,5.068565],[5.304079,5.036021],[5.323805,5.007028],[5.321932,4.987151],[5.329104,4.976279],[5.327238,4.958209],[5.341543,4.925621],[5.369489,4.913368]]}},
{"type":"Feature","properties":{},"geometry":{"type":"LineString","coordinates":[[3.418345,4.921378],[3.362426,4.915983],[3.337166,4.899714],[3.321276,4.897556]]}},
{"type":"Feature","properties":{},"geometry":{"type":"LineString","coordinates":[[9.116297,4.923183],[9.08742,4.90366],[9.06223,4.894895],[9.049578,4.884214],[9.020847,4.880875],[9.004737,4.884619],[8.98848,4.872169]]}},
{"type":"Feature","properties":{},"geometry":{"type":"LineString","coordinates":[[7.020517,5.057883],[7.038391,5.03792],[7.076002,5.008811],[7.102913,4.996011],[7.113709,4.995944],[7.120862,4.988681],[7.118995,4.977865],[7.127946,4.970591],[7.129655,4.956144],[7.142126,4.936217],[7.142002,4.916369],[7.129331,4.903816],[7.131108,4.900197],[7.118404,4.88223]]}},
{"type":"Feature","properties":{},"geometry":{"type":"LineString","coordinates":[[6.729922,4.918807],[6.747921,4.918705],[6.780196,4.89686],[6.792774,4.893178],[6.805392,4.896717],[6.825127,4.885774],[6.875536,4.889094],[6.884492,4.881822],[6.913294,4.883459],[6.933046,4.876124],[6.95649,4.88501],[7.005114,4.891941]]}},
{"type":"Feature","properties":{},"geometry":{"type":"LineString","coordinates":[[6.889022,5.040637],[6.912334,5.026057],[6.93377,4.998854],[6.953491,4.986101],[6.956982,4.968031],[6.95154,4.960845],[6.951487,4.95182],[6.97654,4.928207],[6.983662,4.915531],[6.998035,4.911835],[6.997992,4.904616],[7.01049,4.888299],[7.024873,4.886407],[7.041001,4.875482],[7.057193,4.875385],[7.068042,4.884342],[7.080658,4.887875],[7.1256,4.882185],[7.130964,4.876739],[7.163311,4.871126],[7.184919,4.8746],[7.19388,4.869131],[7.210237,4.869952]]}},
{"type":"Feature","properties":{},"geometry":{"type":"LineString","coordinates":[[3.504166,5.003689],[3.531227,5.007286],[3.558283,5.003645],[3.587123,4.978293],[3.588921,4.971056],[3.634007,4.961968],[3.653836,4.949286],[3.666451,4.938419],[3.679057,4.918507],[3.693486,4.918492],[3.711507,4.904001],[3.722329,4.90399],[3.736743,4.891311],[3.763797,4.891281]]}},
{"type":"Feature","properties":{},"geometry":{"type":"LineString","coordinates":[[7.680365,4.970942],[7.682048,4.954701],[7.696341,4.941978],[7.696239,4.927554],[7.715836,4.902172],[7.71033,4.885983],[7.717432,4.873312]]}},
{"type":"Feature","properties":{},"geometry":{"type":"LineString","coordinates":[[6.521841,4.889925],[6.42464,4.894042],[6.372326,4.874441],[6.361523,4.874496],[6.356085,4.867298],[6.343482,4.867361],[6.307532,4.880182],[6.294919,4.878438],[6.27769,4.867929]]}},
{"type":"Feature","properties":{},"geometry":{"type":"LineString","coordinates":[[5.942811,5.060511],[5.919274,5.035322],[5.908352,5.010076],[5.910106,4.999227],[5.904669,4.992023],[5.913597,4.973916],[5.909828,4.935989],[5.913415,4.93236],[5.915099,4.90525],[5.911441,4.892618],[5.925601,4.865941]]}},
{"type":"Feature","properties":{},"geometry":{"type":"LineString","coordinates":[[6.38664,4.856309],[6.368635,4.856399],[6.356085,4.867298]]}},
{"type":"Feature","properties":{},"geometry":{"type":"LineString","coordinates":[[4.79752,5.066514],[4.799298,5.057468],[4.822684,5.037512],[4.828049,5.021223],[4.838837,5.010344],[4.85865,5.003055],[4.86764,4.993988],[4.874765,4.963229],[4.887329,4.943303],[4.908911,4.925159],[4.90889,4.917927],[4.925053,4.896183],[4.926799,4.876288],[4.961001,4.859917]]}},
{"type":"Feature","properties":{},"geometry":{"type":"LineString","coordinates":[[10.332525,4.80193],[10.380931,4.812171],[10.404415,4.833445],[10.408187,4.851345]]}},
{"type":"Feature","properties":{},"geometry":{"type":"LineString","coordinates":[[7.532557,4.917871],[7.539688,4.908804],[7.541388,4.894365],[7.519727,4.881887],[7.514248,4.869299],[7.515974,4.858466],[7.510509,4.847681],[7.512234,4.836848],[7.506793,4.829669],[7.508543,4.822443]]}},
{"type":"Feature","properties":{},"geometry":{"type":"LineString","coordinates":[[6.333426,4.824064],[6.315439,4.827765],[6.304698,4.84046],[6.286692,4.840548],[6.279429,4.844439]]}},
{"type":"Feature","properties":{},"geometry":{"type":"LineString","coordinates":[[8.382346,4.936754],[8.3927,4.884435],[8.383621,4.871899],[8.381681,4.853902],[8.390588,4.844825],[8.388679,4.830431],[8.393908,4.810575]]}},
{"type":"Feature","properties":{},"geometry":{"type":"LineString","coordinates":[[3.491416,4.837263],[3.505842,4.835443],[3.518461,4.828197],[3.581577,4.82272],[3.606838,4.83717],[3.628501,4.860668],[3.650157,4.875119],[3.677239,4.904037],[3.680861,4.918505]]}},
{"type":"Feature","properties":{},"geometry":{"type":"LineString","coordinates":[[9.125867,4.791776],[9.113252,4.784693],[9.091782,4.790282],[9.0828,4.788563],[9.075675,4.794024],[9.064916,4.79412],[9.050665,4.805042],[9.030969,4.808815],[9.002559,4.841455],[8.993814,4.866724],[8.977766,4.877663],[8.94908,4.879718],[8.936476,4.874432],[8.918536,4.87459],[8.902438,4.880131],[8.886244,4.874875],[8.859457,4.889508],[8.811012,4.889931],[8.782503,4.913579],[8.768178,4.917304],[8.74686,4.94269],[8.727149,4.946462],[8.6969,4.977328],[8.684381,4.982838],[8.666617,5.004596],[8.634475,5.02468]]}},
{"type":"Feature","properties":{},"geometry":{"type":"LineString","coordinates":[[4.631529,5.034403],[4.645942,5.028941],[4.671124,5.00356],[4.672891,4.989089],[4.708879,4.960062],[4.717815,4.929297],[4.735831,4.923825],[4.750217,4.909321],[4.766428,4.903854],[4.805956,4.853117],[4.816762,4.849471],[4.832942,4.833153],[4.845556,4.831311],[4.879755,4.813135],[4.884652,4.802753]]}},
{"type":"Feature","properties":{},"geometry":{"type":"LineString","coordinates":[[9.140115,4.780854],[9.12577,4.780983],[9.120439,4.786427]]}},
{"type":"Feature","properties":{},"geometry":{"type":"LineString","coordinates":[[6.572808,4.823848],[6.534895,4.802378],[6.518686,4.800656],[6.500639,4.79172],[6.457428,4.790134],[6.448446,4.793792],[6.428617,4.788474],[6.417879,4.801169],[6.41537,4.799624]]}},
{"type":"Feature","properties":{},"geometry":{"type":"LineString","coordinates":[[8.61628,4.781765],[8.564231,4.782191],[8.548106,4.785923],[8.533674,4.777037]]}},
{"type":"Feature","properties":{},"geometry":{"type":"LineString","coordinates":[[7.040879,4.814564],[7.067778,4.799967],[7.074931,4.792706],[7.074866,4.781878]]}},
{"type":"Feature","properties":{},"geometry":{"type":"LineString","coordinates":[[7.63589,4.778306],[7.60357,4.783935],[7.587513,4.802076],[7.564179,4.807643],[7.558894,4.82391]]}},
{"type":"Feature","properties":{},"geometry":{"type":"LineString","coordinates":[[14.372903,4.721323],[14.425166,4.67434],[14.430264,4.661842],[14.428265,4.647686],[14.422905,4.644227],[14.420821,4.624752],[14.42401,4.603417],[14.418309,4.57868],[14.421616,4.564438],[14.412554,4.550395],[14.3948,4.545359],[14.378614,4.52788],[14.343074,4.516028],[14.344786,4.512453],[14.327001,4.505638],[14.303997,4.504227],[14.24351,4.480333],[14.185249,4.486563],[14.153284,4.478183],[14.130104,4.466114],[14.117751,4.468079]]}},
{"type":"Feature","properties":{},"geometry":{"type":"LineString","coordinates":[[6.236776,4.769307],[6.245779,4.769265]]}},
{"type":"Feature","properties":{},"geometry":{"type":"LineString","coordinates":[[6.265579,4.768159],[6.247588,4.771062]]}},
{"type":"Feature","properties":{},"geometry":{"type":"LineString","coordinates":[[7.037133,4.789321],[7.055079,4.781996],[7.078464,4.781857],[7.099974,4.769096],[7.130509,4.761695]]}},
{"type":"Feature","properties":{},"geometry":{"type":"LineString","coordinates":[[6.24752,4.756613],[6.245779,4.769265],[6.251223,4.77827],[6.251267,4.799402]]}},
{"type":"Feature","properties":{},"geometry":{"type":"LineString","coordinates":[[15.503135,4.676892],[15.495905,4.666423],[15.463841,4.645801],[15.421591,4.646559],[15.395307,4.654098],[15.379334,4.647315],[15.373832,4.635041],[15.364935,4.629897],[15.36481,4.622829],[15.341917,4.623235],[15.309969,4.609657],[15.211321,4.611387],[15.209467,4.606114],[15.20245,4.608005],[15.198773,4.599226],[15.193487,4.599318],[15.184312,4.578253],[15.182125,4.55353],[15.193947,4.52326],[15.202545,4.510733],[15.20783,4.510643],[15.209054,4.478789],[15.175019,4.445761],[15.141281,4.430406],[15.107074,4.386747],[15.091187,4.38524],[15.091072,4.378165],[15.084052,4.380049],[15.082146,4.371234],[15.05514,4.336287],[15.045677,4.295741],[15.055354,4.238963],[15.049984,4.233739],[15.051663,4.228404],[15.046349,4.226719],[15.04621,4.217873],[15.037262,4.209167],[15.040758,4.207342],[15.036685,4.172014],[15.048311,4.125826],[15.060428,4.111485],[15.089596,4.059728],[15.077053,4.045765],[15.062828,4.037134],[15.050523,4.039089],[15.005952,4.004366],[14.986467,3.997577],[14.931762,3.993078],[14.919348,3.98795],[14.888846,3.951227]]}},
{"type":"Feature","properties":{},"geometry":{"type":"LineString","coordinates":[[8.24566,5.137833],[8.236559,5.123494],[8.236441,5.109082],[8.221805,5.076771],[8.203693,5.0589],[8.158618,5.039441]]}},
{"type":"Feature","properties":{},"geometry":{"type":"LineString","coordinates":[[6.363823,4.7424],[6.361727,4.731012]]}},
{"type":"Feature","properties":{},"geometry":{"type":"LineString","coordinates":[[7.123792,4.841134],[7.130867,4.821241],[7.12534,4.799621],[7.137822,4.7815],[7.130487,4.758086],[7.143023,4.748989],[7.155602,4.747108],[7.169904,4.732586],[7.187666,4.724832]]}},
{"type":"Feature","properties":{},"geometry":{"type":"LineString","coordinates":[[6.394156,4.736272],[6.336508,4.727522],[6.318523,4.731221]]}},
{"type":"Feature","properties":{},"geometry":{"type":"LineString","coordinates":[[4.435047,4.861982],[4.444043,4.852921],[4.444005,4.834835],[4.458385,4.814909],[4.46374,4.789578],[4.476333,4.776891],[4.476256,4.74072],[4.492457,4.729834]]}},
{"type":"Feature","properties":{},"geometry":{"type":"LineString","coordinates":[[6.387496,4.790733],[6.383638,4.794116],[6.369183,4.783351],[6.356598,4.787025],[6.343952,4.778057],[6.329533,4.774515],[6.318652,4.758312],[6.318523,4.731221],[6.278819,4.716188]]}},
{"type":"Feature","properties":{},"geometry":{"type":"LineString","coordinates":[[6.916056,4.694363],[6.937644,4.694241],[6.953874,4.701369]]}},
{"type":"Feature","properties":{},"geometry":{"type":"LineString","coordinates":[[6.938072,4.770045],[6.972151,4.7518],[6.984733,4.749923],[7.002639,4.735381],[7.01522,4.733503],[7.022353,4.722633],[7.04214,4.722517],[7.060042,4.707976],[7.05815,4.691745]]}},
{"type":"Feature","properties":{},"geometry":{"type":"LineString","coordinates":[[8.651308,4.675251],[8.620805,4.675497],[8.60833,4.6864],[8.59396,4.684715],[8.577894,4.695648],[8.572612,4.708295],[8.547672,4.731905],[8.549611,4.749897],[8.540695,4.757172],[8.524859,4.796917],[8.501668,4.815114],[8.480446,4.854906]]}},
{"type":"Feature","properties":{},"geometry":{"type":"LineString","coordinates":[[3.288001,4.681795],[3.295223,4.703501],[3.318676,4.730628]]}},
{"type":"Feature","properties":{},"geometry":{"type":"LineString","coordinates":[[6.642462,4.674302],[6.658619,4.666995]]}},
{"type":"Feature","properties":{},"geometry":{"type":"LineString","coordinates":[[6.934177,4.717725],[6.94675,4.714044],[6.955663,4.699553],[6.991619,4.695739],[7.000561,4.686664],[7.059948,4.691734],[7.068889,4.682659],[7.064991,4.663297]]}},
{"type":"Feature","properties":{},"geometry":{"type":"LineString","coordinates":[[7.741561,4.723492],[7.730583,4.694718],[7.710695,4.676822],[7.708837,4.667819],[7.698008,4.660679]]}},
{"type":"Feature","properties":{},"geometry":{"type":"LineString","coordinates":[[6.367034,4.711681],[6.36693,4.690009],[6.381218,4.666461]]}},
{"type":"Feature","properties":{},"geometry":{"type":"LineString","coordinates":[[4.532247,4.789428],[4.524984,4.765934],[4.499702,4.746095],[4.485192,4.70453],[4.501377,4.686409],[4.513979,4.679148],[4.521162,4.666473],[4.541811,4.666154]]}},
{"type":"Feature","properties":{},"geometry":{"type":"LineString","coordinates":[[3.471924,4.690741],[3.46651,4.683507],[3.45569,4.681705],[3.435847,4.667245],[3.417814,4.661829],[3.39618,4.667269],[3.379959,4.679942],[3.367337,4.679948]]}},
{"type":"Feature","properties":{},"geometry":{"type":"LineString","coordinates":[[4.125902,4.653374],[4.106078,4.657023],[4.089869,4.667902],[4.082675,4.678766],[4.062852,4.684223],[4.043015,4.680635],[4.017778,4.682481],[4.00515,4.677073],[3.983519,4.678912],[3.96548,4.671701]]}},
{"type":"Feature","properties":{},"geometry":{"type":"LineString","coordinates":[[3.468289,4.647325],[3.444855,4.654576],[3.43224,4.665439]]}},
{"type":"Feature","properties":{},"geometry":{"type":"LineString","coordinates":[[9.353229,4.824397],[9.381873,4.820531],[9.417734,4.82199],[9.435706,4.827213],[9.487486,4.806943],[9.512417,4.790526],[9.541032,4.78486],[9.589145,4.757437],[9.623195,4.758906],[9.641004,4.747951],[9.657141,4.749592],[9.674948,4.738637],[9.716139,4.738236],[9.741035,4.720026],[9.771406,4.712542],[9.792648,4.687182],[9.833581,4.661632],[9.849675,4.659678],[9.869174,4.639728],[9.908395,4.623178],[9.924503,4.62302],[9.929802,4.615784]]}},
{"type":"Feature","properties":{},"geometry":{"type":"LineString","coordinates":[[14.061268,4.591472],[14.100991,4.528703],[14.117778,4.469854],[14.11397,4.452158],[14.095909,4.427577],[14.104165,4.388391],[14.084393,4.367381],[14.031281,4.364623],[14.013408,4.352457],[14.004329,4.336607],[13.982893,4.322714],[13.977613,4.324568],[13.972124,4.312214],[13.963176,4.30524],[13.929356,4.291521],[13.913253,4.279318],[13.888405,4.274347],[13.859839,4.256988],[13.845631,4.253637],[13.808341,4.245282],[13.76768,4.249413],[13.760675,4.254845],[13.755339,4.253143],[13.746612,4.262154],[13.743047,4.260427],[13.715095,4.287489],[13.690406,4.294951],[13.655039,4.299008],[13.647856,4.291997],[13.645886,4.277799],[13.635235,4.276171],[13.633316,4.265529],[13.636759,4.258367],[13.629576,4.251355],[13.617229,4.255084],[13.610096,4.251627],[13.582967,4.211098],[13.568627,4.198845],[13.52432,4.197673],[13.518933,4.19241],[13.495903,4.192724],[13.474524,4.184118],[13.462121,4.184286],[13.41799,4.197338],[13.417942,4.19378],[13.396677,4.194067],[13.368535,4.210463],[13.341924,4.209042],[13.313208,4.182727],[13.295481,4.182963],[13.272248,4.169029],[13.265227,4.174463],[13.254519,4.169264],[13.242108,4.169427],[13.218803,4.150148],[13.208095,4.144946],[13.202799,4.146796],[13.190134,4.127373],[13.168695,4.115185],[13.143776,4.108383],[13.122178,4.083725],[13.113288,4.082057],[13.113197,4.074934],[13.104218,4.066142],[13.098897,4.066209],[13.061117,4.023933],[13.05194,3.999106],[13.025115,3.981622],[13.012373,3.955053],[12.983841,3.942929],[12.976318,3.907382],[12.969159,3.902122],[12.926518,3.897287],[12.892555,3.876304],[12.883558,3.865716],[12.877986,3.844392],[12.854446,3.803669],[12.83658,3.79318],[12.802803,3.78822],[12.783443,3.802705],[12.772795,3.802828],[12.758698,3.811905],[12.756883,3.808359],[12.746294,3.81383],[12.714222,3.803498],[12.696329,3.791218],[12.653722,3.791701],[12.648277,3.78106],[12.559023,3.739242],[12.516382,3.737927],[12.496787,3.732788],[12.450624,3.735077],[12.397175,3.721378],[12.352738,3.720071],[12.336822,3.727383],[12.33686,3.730953],[12.315536,3.731182],[12.31202,3.734791],[12.269274,3.72632],[12.162621,3.727451],[12.134286,3.738466],[12.109393,3.738728],[12.098799,3.745985],[12.093446,3.744255],[12.077609,3.760501],[12.074034,3.758752],[12.063513,3.773155],[12.060143,3.791058],[12.051344,3.800085],[12.030057,3.80567],[12.00158,3.804185],[11.98924,3.815037],[11.973286,3.820567]]}},
{"type":"Feature","properties":{},"geometry":{"type":"LineString","coordinates":[[6.466457,4.634343],[6.482654,4.634263],[6.493488,4.641433],[6.51323,4.6305],[6.551012,4.628505]]}},
{"type":"Feature","properties":{},"geometry":{"type":"LineString","coordinates":[[10.358891,4.588116],[10.380606,4.61301],[10.396791,4.621812],[10.398692,4.632557]]}},
{"type":"Feature","properties":{},"geometry":{"type":"LineString","coordinates":[[3.267421,4.62316],[3.242179,4.62136],[3.22956,4.628601],[3.195302,4.624993],[3.177273,4.628616]]}},
{"type":"Feature","properties":{},"geometry":{"type":"LineString","coordinates":[[6.796969,4.630155],[6.789773,4.630194],[6.782538,4.623012],[6.775266,4.608608]]}},
{"type":"Feature","properties":{},"geometry":{"type":"LineString","coordinates":[[6.835021,4.680373],[6.926558,4.64196],[6.942778,4.647285],[6.964322,4.639944],[6.976842,4.62724],[7.003801,4.623478],[7.023306,4.607581]]}},
{"type":"Feature","properties":{},"geometry":{"type":"LineString","coordinates":[[7.370823,4.653776],[7.368914,4.635748],[7.377791,4.617654],[7.395679,4.603112],[7.406454,4.601242]]}},
{"type":"Feature","properties":{},"geometry":{"type":"LineString","coordinates":[[13.677967,4.536937],[13.723753,4.518472],[13.723701,4.514917],[13.737789,4.509374],[13.748256,4.498551],[13.753437,4.489586],[13.756637,4.46643],[13.775827,4.446593],[13.77942,4.450094],[13.788141,4.441078],[13.782778,4.437602],[13.789755,4.43039],[13.786162,4.426888],[13.787595,4.403761],[13.796163,4.384085],[13.786644,4.338013],[13.783129,4.339841],[13.750907,4.31542],[13.720658,4.305187],[13.706292,4.291169]]}},
{"type":"Feature","properties":{},"geometry":{"type":"LineString","coordinates":[[3.607181,4.608103],[3.673885,4.606234],[3.704563,4.636957],[3.698636,4.661606]]}},
{"type":"Feature","properties":{},"geometry":{"type":"LineString","coordinates":[[9.201218,4.575617],[9.180488,4.579497],[9.164495,4.595824],[9.150171,4.597747],[9.135986,4.615859]]}},
{"type":"Feature","properties":{},"geometry":{"type":"LineString","coordinates":[[6.556528,4.651952],[6.551003,4.626699],[6.563563,4.619414],[6.583249,4.597647],[6.575988,4.585043]]}},
{"type":"Feature","properties":{},"geometry":{"type":"LineString","coordinates":[[10.188697,4.559344],[10.197675,4.562844],[10.231657,4.5625],[10.267568,4.576494],[10.296474,4.604912],[10.309194,4.62452],[10.325418,4.636913],[10.338196,4.661902]]}},
{"type":"Feature","properties":{},"geometry":{"type":"LineString","coordinates":[[7.665816,4.684336],[7.698008,4.660679],[7.694258,4.637264],[7.699589,4.628212],[7.713904,4.619102],[7.726339,4.597382],[7.724471,4.586576],[7.729802,4.577526],[7.719898,4.565786]]}},
{"type":"Feature","properties":{},"geometry":{"type":"LineString","coordinates":[[3.198895,4.577954],[3.188078,4.577957],[3.180869,4.587004],[3.179071,4.606905],[3.173664,4.614143],[3.175472,4.635853],[3.139081,4.649973]]}},
{"type":"Feature","properties":{},"geometry":{"type":"LineString","coordinates":[[8.169887,4.559218],[8.159126,4.561098],[8.151918,4.557546],[8.116097,4.570417],[8.083699,4.559835],[8.065742,4.559963],[8.056801,4.565433],[8.046026,4.565508],[8.035339,4.578199],[8.019176,4.578313],[8.012916,4.582776]]}},
{"type":"Feature","properties":{},"geometry":{"type":"LineString","coordinates":[[7.233107,4.588664],[7.207892,4.581596],[7.191626,4.567257],[7.173594,4.558341],[7.145315,4.556951]]}},
{"type":"Feature","properties":{},"geometry":{"type":"LineString","coordinates":[[7.486218,4.707158],[7.496934,4.696267],[7.495044,4.68185],[7.503963,4.670971],[7.523458,4.62756],[7.518009,4.618577],[7.517941,4.607755],[7.530476,4.600461],[7.541122,4.578751],[7.539223,4.562531],[7.548163,4.555261],[7.556898,4.537624]]}},
{"type":"Feature","properties":{},"geometry":{"type":"LineString","coordinates":[[9.203582,4.525414],[9.237739,4.537708],[9.352417,4.536704],[9.37742,4.527493],[9.393591,4.532743],[9.45808,4.532167],[9.479639,4.539164],[9.49576,4.539018],[9.511815,4.531682],[9.538729,4.536831]]}},
{"type":"Feature","properties":{},"geometry":{"type":"LineString","coordinates":[[6.718564,4.560879],[6.740068,4.544519],[6.740021,4.535492]]}},
{"type":"Feature","properties":{},"geometry":{"type":"LineString","coordinates":[[3.565101,4.541292],[3.543468,4.541309]]}},
{"type":"Feature","properties":{},"geometry":{"type":"LineString","coordinates":[[4.419121,4.959061],[4.401053,4.942822],[4.393795,4.921134],[4.382965,4.91573],[4.370312,4.901287],[4.359489,4.899501],[4.326992,4.879671],[4.301695,4.85259],[4.263826,4.850853],[4.249414,4.858115],[4.242221,4.86898],[4.189925,4.867266],[4.153817,4.842006],[4.097911,4.838481],[4.087075,4.827646],[4.061813,4.816833],[4.050977,4.805996],[4.034746,4.804213],[4.018488,4.784339],[4.000459,4.786175],[3.978798,4.769926]]}},
{"type":"Feature","properties":{},"geometry":{"type":"LineString","coordinates":[[9.124388,4.51702],[9.094023,4.52987],[9.074455,4.548026],[9.052974,4.551805],[9.0405,4.560907]]}},
{"type":"Feature","properties":{},"geometry":{"type":"LineString","coordinates":[[7.540997,4.558913],[7.526507,4.540969],[7.530697,4.515243]]}},
{"type":"Feature","properties":{},"geometry":{"type":"LineString","coordinates":[[10.2507,4.49949],[10.275931,4.518978],[10.285034,4.535038],[10.306691,4.554558],[10.310412,4.568877],[10.324882,4.584878],[10.328605,4.599196],[10.34127,4.61342],[10.339723,4.636764],[10.354234,4.65635]]}},
{"type":"Feature","properties":{},"geometry":{"type":"LineString","coordinates":[[9.792679,4.502138],[9.780433,4.532794]]}},
{"type":"Feature","properties":{},"geometry":{"type":"LineString","coordinates":[[6.667663,4.675975],[6.658619,4.666995],[6.660362,4.656153],[6.667532,4.650699],[6.687305,4.646985],[6.701643,4.636077],[6.710649,4.637836],[6.724977,4.625122],[6.746566,4.625008],[6.755524,4.617739],[6.766309,4.615877],[6.786003,4.59772],[6.798595,4.597652],[6.818306,4.583106],[6.841643,4.573955],[6.857832,4.573867],[6.877541,4.55932],[6.888323,4.557457],[6.902625,4.541134],[6.925937,4.528373],[6.95831,4.528196],[6.97578,4.519498]]}},
{"type":"Feature","properties":{},"geometry":{"type":"LineString","coordinates":[[7.315912,4.605405],[7.319475,4.599972],[7.31759,4.585551],[7.330109,4.57465],[7.333596,4.556589],[7.329914,4.542179],[7.320851,4.529605],[7.318577,4.513834]]}},
{"type":"Feature","properties":{},"geometry":{"type":"LineString","coordinates":[[7.403115,4.642751],[7.403003,4.624713],[7.410127,4.613845],[7.406443,4.599438],[7.41178,4.590385],[7.433194,4.564999],[7.443968,4.563129],[7.454685,4.55224],[7.47085,4.550335],[7.477994,4.543077],[7.49281,4.50664]]}},
{"type":"Feature","properties":{},"geometry":{"type":"LineString","coordinates":[[8.825687,4.568088],[8.818382,4.551949],[8.796687,4.530525],[8.792986,4.516155],[8.77135,4.501927]]}},
{"type":"Feature","properties":{},"geometry":{"type":"LineString","coordinates":[[6.886283,4.512342],[6.911481,4.515817],[6.925937,4.528373]]}},
{"type":"Feature","properties":{},"geometry":{"type":"LineString","coordinates":[[9.345583,4.574525],[9.376105,4.581445],[9.431612,4.57735],[9.453157,4.582549],[9.485385,4.580458],[9.513849,4.558628],[9.522691,4.545964],[9.531629,4.544085],[9.544069,4.533187],[9.642184,4.490955]]}},
{"type":"Feature","properties":{},"geometry":{"type":"LineString","coordinates":[[6.599175,4.503674],[6.56336,4.538159],[6.52733,4.529307],[6.505764,4.53483],[6.435585,4.535167],[6.412174,4.531666],[6.383314,4.517354],[6.371502,4.517961]]}},
{"type":"Feature","properties":{},"geometry":{"type":"LineString","coordinates":[[3.554307,4.570246],[3.547091,4.564824],[3.543467,4.5395],[3.521815,4.512379],[3.520001,4.496099]]}},
{"type":"Feature","properties":{},"geometry":{"type":"LineString","coordinates":[[3.09275,4.498439],[3.03895,4.563809]]}},
{"type":"Feature","properties":{},"geometry":{"type":"LineString","coordinates":[[3.059443,4.476732],[3.025194,4.503872],[3.007328,4.537018]]}},
{"type":"Feature","properties":{},"geometry":{"type":"LineString","coordinates":[[9.758106,4.441374],[9.756464,4.45756],[9.747563,4.463032],[9.747696,4.477405],[9.742375,4.482844],[9.742474,4.493623],[9.737186,4.502656]]}},
{"type":"Feature","properties":{},"geometry":{"type":"LineString","coordinates":[[7.202837,4.523085],[7.191998,4.514126],[7.173855,4.485361],[7.139169,4.45614]]}},
{"type":"Feature","properties":{},"geometry":{"type":"LineString","coordinates":[[9.107896,4.473984],[9.093556,4.474104],[9.077321,4.461647],[9.064759,4.459952],[9.052094,4.445663]]}},
{"type":"Feature","properties":{},"geometry":{"type":"LineString","coordinates":[[3.473253,4.475922],[3.478519,4.463563]]}},
{"type":"Feature","properties":{},"geometry":{"type":"LineString","coordinates":[[6.684262,4.537585],[6.69144,4.533937],[6.70765,4.537465],[6.74182,4.535483],[6.756155,4.524577],[6.777713,4.519049],[6.78666,4.509975],[6.80461,4.502661],[6.811749,4.491792],[6.824329,4.489921],[6.847626,4.473552],[6.865592,4.469847],[6.878115,4.457146],[6.892484,4.453459],[6.897822,4.442601]]}},
{"type":"Feature","properties":{},"geometry":{"type":"LineString","coordinates":[[6.660666,4.496179],[6.696618,4.490581],[6.705585,4.485119],[6.736165,4.484963],[6.754107,4.475844],[6.770295,4.47576],[6.786455,4.470261],[6.804358,4.453921],[6.820526,4.450227],[6.827683,4.442969],[6.843842,4.437469],[6.863643,4.440976],[6.892408,4.43902],[6.897822,4.442601],[6.917594,4.440691],[6.924749,4.433433],[6.911633,4.413253]]}},
{"type":"Feature","properties":{},"geometry":{"type":"LineString","coordinates":[[6.568643,4.429791],[6.550678,4.435296],[6.520077,4.43183],[6.498453,4.42471],[6.476796,4.410366],[6.403029,4.410708],[6.390409,4.405347],[6.361669,4.416315],[6.349437,4.415105]]}},
{"type":"Feature","properties":{},"geometry":{"type":"LineString","coordinates":[[7.895222,4.399755],[7.879284,4.43411],[7.879403,4.452136],[7.87229,4.462999],[7.872349,4.472012],[7.863429,4.481085],[7.856653,4.50168]]}},
{"type":"Feature","properties":{},"geometry":{"type":"LineString","coordinates":[[8.781652,4.667447],[8.767066,4.638766],[8.765126,4.620781],[8.76867,4.615353],[8.770231,4.586539],[8.759252,4.559627],[8.757273,4.536241],[8.77135,4.501927],[8.77293,4.474914],[8.769146,4.449743],[8.776165,4.429888],[8.795709,4.406334],[8.795583,4.390135]]}},
{"type":"Feature","properties":{},"geometry":{"type":"LineString","coordinates":[[10.122527,4.376888],[10.099379,4.387881],[10.085054,4.386223],[10.053096,4.411665],[10.038821,4.415392],[10.003366,4.449849],[9.980159,4.455458],[9.948191,4.480906],[9.928576,4.488277],[9.917976,4.502747],[9.911195,4.542326],[9.900715,4.569369],[9.882938,4.582114],[9.877655,4.591146]]}},
{"type":"Feature","properties":{},"geometry":{"type":"LineString","coordinates":[[3.363215,4.581223],[3.372213,4.550463],[3.388428,4.532363],[3.384804,4.496182],[3.379388,4.481712],[3.38118,4.460002],[3.386584,4.452763],[3.381162,4.425629],[3.39017,4.416578],[3.390165,4.407532],[3.399173,4.400291],[3.390149,4.376777],[3.390142,4.364113],[3.375715,4.346029],[3.377499,4.309845],[3.368481,4.295377],[3.367858,4.27513]]}},
{"type":"Feature","properties":{},"geometry":{"type":"LineString","coordinates":[[8.268491,4.48594],[8.24686,4.473485],[8.214473,4.462907],[8.190908,4.430642],[8.180138,4.430718],[8.165689,4.418206],[8.15134,4.420108],[8.144134,4.416554],[8.131395,4.391416],[8.108033,4.387972],[8.100803,4.380814]]}},
{"type":"Feature","properties":{},"geometry":{"type":"LineString","coordinates":[[6.628387,4.40659],[6.63367,4.383091]]}},
{"type":"Feature","properties":{},"geometry":{"type":"LineString","coordinates":[[3.699722,4.397952],[3.674483,4.390738],[3.663661,4.381703],[3.651042,4.378096]]}},
{"type":"Feature","properties":{},"geometry":{"type":"LineString","coordinates":[[9.264885,4.35763],[9.275724,4.368329],[9.284696,4.370052],[9.322286,4.366138],[9.343842,4.373148],[9.37068,4.369323],[9.406533,4.372612],[9.415426,4.365344],[9.451245,4.365035],[9.474402,4.350453]]}},
{"type":"Feature","properties":{},"geometry":{"type":"LineString","coordinates":[[3.218923,4.373229],[3.253172,4.384073],[3.269399,4.40035]]}},
{"type":"Feature","properties":{},"geometry":{"type":"LineString","coordinates":[[3.330675,4.384042],[3.336074,4.365949]]}},
{"type":"Feature","properties":{},"geometry":{"type":"LineString","coordinates":[[6.621606,4.463157],[6.634181,4.459484],[6.661057,4.437684],[6.679028,4.433984],[6.698823,4.43569],[6.729356,4.426509],[6.738304,4.417438],[6.745499,4.417401],[6.754446,4.408329],[6.759842,4.408302],[6.784894,4.382901],[6.790235,4.372043],[6.806402,4.36835],[6.815357,4.361084],[6.833313,4.355577],[6.858434,4.364407]]}},
{"type":"Feature","properties":{},"geometry":{"type":"LineString","coordinates":[[6.540895,4.397984],[6.526419,4.379995],[6.483176,4.365751],[6.475938,4.356755]]}},
{"type":"Feature","properties":{},"geometry":{"type":"LineString","coordinates":[[6.845919,4.359122],[6.855551,4.349459]]}},
{"type":"Feature","properties":{},"geometry":{"type":"LineString","coordinates":[[8.491696,4.514906],[8.486218,4.502341],[8.469934,4.484454],[8.44105,4.461257],[8.440812,4.428839],[8.413661,4.396619],[8.41708,4.373179],[8.427729,4.356892],[8.42538,4.340699]]}},
{"type":"Feature","properties":{},"geometry":{"type":"LineString","coordinates":[[9.593307,4.43209],[9.594683,4.412308],[9.614138,4.385176],[9.610305,4.356455],[9.622758,4.347359],[9.626711,4.327978]]}},
{"type":"Feature","properties":{},"geometry":{"type":"LineString","coordinates":[[6.833313,4.355577],[6.838653,4.344718],[6.854337,4.341043]]}},
{"type":"Feature","properties":{},"geometry":{"type":"LineString","coordinates":[[3.166673,4.456464],[3.197317,4.458265],[3.208132,4.454644],[3.249577,4.413021],[3.294628,4.385867],[3.305435,4.367771],[3.339678,4.365947],[3.359495,4.347846],[3.375714,4.34422]]}},
{"type":"Feature","properties":{},"geometry":{"type":"LineString","coordinates":[[6.542457,4.347415],[6.492104,4.351263],[6.477737,4.356747],[6.439933,4.351503],[6.412865,4.333567],[6.398472,4.333632],[6.3913,4.320089]]}},
{"type":"Feature","properties":{},"geometry":{"type":"LineString","coordinates":[[7.649893,4.328625],[7.630123,4.326943],[7.622959,4.330594],[7.60419,4.324234]]}},
{"type":"Feature","properties":{},"geometry":{"type":"LineString","coordinates":[[9.715619,4.294425],[9.70309,4.294536],[9.687093,4.307256],[9.672773,4.307382],[9.667482,4.316413],[9.630179,4.315107]]}},
{"type":"Feature","properties":{},"geometry":{"type":"LineString","coordinates":[[9.281202,4.29401],[9.29195,4.293921],[9.297368,4.299271]]}},
{"type":"Feature","properties":{},"geometry":{"type":"LineString","coordinates":[[9.164678,4.405153],[9.155687,4.40163],[9.136005,4.405392],[9.114603,4.418161],[9.103835,4.416451],[9.086001,4.427392],[9.069885,4.429325],[9.052094,4.445663],[9.01451,4.45317],[8.991411,4.47855],[8.971735,4.484109]]}},
{"type":"Feature","properties":{},"geometry":{"type":"LineString","coordinates":[[7.848099,4.295506],[7.80866,4.306573],[7.778232,4.322991],[7.678225,4.413587]]}},
{"type":"Feature","properties":{},"geometry":{"type":"LineString","coordinates":[[7.981681,4.286094],[7.988874,4.287849],[8.001582,4.309393],[8.001843,4.349043],[8.009085,4.358006],[8.010976,4.372412],[8.043536,4.408237]]}},
{"type":"Feature","properties":{},"geometry":{"type":"LineString","coordinates":[[3.791578,4.339972],[3.798746,4.301975],[3.807745,4.291111]]}},
{"type":"Feature","properties":{},"geometry":{"type":"LineString","coordinates":[[9.511194,4.254863],[9.530965,4.263682],[9.547231,4.281518],[9.563358,4.283176],[9.603007,4.313386],[9.61588,4.317696]]}},
{"type":"Feature","properties":{},"geometry":{"type":"LineString","coordinates":[[6.529085,4.32593],[6.50565,4.315204],[6.492992,4.300816],[6.471381,4.295497],[6.460547,4.286517],[6.447947,4.284769],[6.43892,4.277586],[6.426328,4.277642],[6.415502,4.270466],[6.391968,4.267706]]}},
{"type":"Feature","properties":{},"geometry":{"type":"LineString","coordinates":[[3.031695,4.279048],[3.010069,4.273621],[2.950598,4.279047],[2.943389,4.273619]]}},
{"type":"Feature","properties":{},"geometry":{"type":"LineString","coordinates":[[6.599484,4.381452],[6.62286,4.379533],[6.635468,4.383083],[6.667758,4.36487],[6.680286,4.35217],[6.696456,4.34848],[6.710774,4.333966],[6.721547,4.330302],[6.737618,4.306753],[6.739337,4.290497],[6.751872,4.279603],[6.757111,4.264197]]}},
{"type":"Feature","properties":{},"geometry":{"type":"LineString","coordinates":[[9.894498,4.219178],[9.900168,4.253254],[9.941914,4.319328],[9.94198,4.326511],[9.924304,4.350023],[9.928097,4.373336],[9.915755,4.393208],[9.921206,4.402137],[9.921306,4.412912],[9.930337,4.421808],[9.944667,4.423469],[9.950253,4.446764],[9.962999,4.469989]]}},
{"type":"Feature","properties":{},"geometry":{"type":"LineString","coordinates":[[6.544768,4.24211],[6.532153,4.236751],[6.5267,4.224135]]}},
{"type":"Feature","properties":{},"geometry":{"type":"LineString","coordinates":[[3.84554,4.247655],[3.791459,4.224195]]}},
{"type":"Feature","properties":{},"geometry":{"type":"LineString","coordinates":[[2.944357,4.22453],[2.946158,4.228148]]}},
{"type":"Feature","properties":{},"geometry":{"type":"LineString","coordinates":[[2.997454,4.215727],[2.97583,4.217536],[2.963215,4.226582],[2.959611,4.224772],[2.948798,4.241055],[2.943389,4.273619],[2.930773,4.288092],[2.89745,4.2924]]}},
{"type":"Feature","properties":{},"geometry":{"type":"LineString","coordinates":[[3.672754,4.472147],[3.66733,4.454062],[3.643876,4.428756],[3.643864,4.414284],[3.649265,4.407043],[3.643844,4.390766],[3.651043,4.379905],[3.649224,4.360007],[3.613147,4.320238],[3.616735,4.300335],[3.609508,4.276823],[3.591475,4.260555],[3.59146,4.240655],[3.584245,4.231616],[3.591288,4.208047]]}},
{"type":"Feature","properties":{},"geometry":{"type":"LineString","coordinates":[[7.771769,4.194463],[7.735941,4.209106],[7.69838,4.234578],[7.673204,4.229321],[7.658923,4.243834],[7.653534,4.243866],[7.62827,4.224183],[7.612094,4.222476],[7.603156,4.229743],[7.590572,4.228014],[7.574438,4.23352],[7.554625,4.22462],[7.53703,4.223903]]}},
{"type":"Feature","properties":{},"geometry":{"type":"LineString","coordinates":[[6.5267,4.224135],[6.50506,4.211593],[6.490663,4.209852],[6.483436,4.202662],[6.456456,4.202782],[6.442106,4.193613]]}},
{"type":"Feature","properties":{},"geometry":{"type":"LineString","coordinates":[[12.440276,4.226],[12.436438,4.202845],[12.443332,4.184913],[12.437742,4.163564],[12.439241,4.140343]]}},
{"type":"Feature","properties":{},"geometry":{"type":"LineString","coordinates":[[3.834815,4.327262],[3.807745,4.291111],[3.78969,4.256759],[3.791477,4.242285],[3.78786,4.229626],[3.795038,4.200674],[3.786795,4.192496]]}},
{"type":"Feature","properties":{},"geometry":{"type":"LineString","coordinates":[[8.334305,4.179226],[8.307834,4.244259],[8.309739,4.260459],[8.304442,4.273106],[8.306336,4.287505],[8.303038,4.294734]]}},
{"type":"Feature","properties":{},"geometry":{"type":"LineString","coordinates":[[3.93015,4.182435],[3.924739,4.177015],[3.912127,4.17703]]}},
{"type":"Feature","properties":{},"geometry":{"type":"LineString","coordinates":[[2.882414,4.164789],[2.864395,4.164786],[2.844573,4.173828],[2.80646,4.175679]]}},
{"type":"Feature","properties":{},"geometry":{"type":"LineString","coordinates":[[9.605105,4.139037],[9.607031,4.155196],[9.596456,4.175055],[9.598352,4.187619],[9.591268,4.196665],[9.586111,4.221871],[9.591649,4.241594],[9.600691,4.2523],[9.602619,4.268458],[9.622849,4.295663]]}},
{"type":"Feature","properties":{},"geometry":{"type":"LineString","coordinates":[[6.558267,4.291805],[6.585205,4.28265],[6.604897,4.262696],[6.621083,4.262619],[6.64437,4.242648],[6.647916,4.231798],[6.665883,4.228102],[6.680192,4.211785],[6.699947,4.206275],[6.705299,4.197222],[6.705163,4.168336],[6.724097,4.128941]]}},
{"type":"Feature","properties":{},"geometry":{"type":"LineString","coordinates":[[3.904997,4.243969],[3.917587,4.224056],[3.913966,4.209589],[3.917553,4.195113],[3.901288,4.151717],[3.903081,4.144479],[3.898864,4.133159]]}},
{"type":"Feature","properties":{},"geometry":{"type":"LineString","coordinates":[[10.476135,4.076892],[10.479791,4.085827],[10.503231,4.108926],[10.530193,4.126606],[10.524971,4.141006],[10.553893,4.176599],[10.579072,4.194289],[10.59716,4.217425],[10.595497,4.229995],[10.609962,4.247786],[10.617372,4.274611],[10.633751,4.304932],[10.637595,4.331791],[10.659466,4.374603],[10.666942,4.406802],[10.658288,4.433788],[10.67632,4.449737],[10.676394,4.456909],[10.664021,4.46959],[10.662328,4.478574],[10.667781,4.487482],[10.691193,4.505164],[10.693075,4.514108],[10.686062,4.526734]]}},
{"type":"Feature","properties":{},"geometry":{"type":"LineString","coordinates":[[12.624728,4.473446],[12.628165,4.464481],[12.626223,4.45202],[12.591786,4.400738],[12.596589,4.359643],[12.589072,4.327628],[12.590218,4.277661],[12.584753,4.267026],[12.585821,4.209924],[12.582135,4.199265],[12.567725,4.183387],[12.537344,4.169487],[12.437463,4.140365],[12.344007,4.054007],[12.319017,4.045372]]}},
{"type":"Feature","properties":{},"geometry":{"type":"LineString","coordinates":[[16.21734,4.00477],[16.206676,3.996139],[16.204778,3.987363],[16.172729,3.957938],[16.170778,3.945637]]}},
{"type":"Feature","properties":{},"geometry":{"type":"LineString","coordinates":[[2.757838,4.090275],[2.738016,4.099315],[2.712456,4.132102]]}},
{"type":"Feature","properties":{},"geometry":{"type":"LineString","coordinates":[[3.063596,4.139184],[3.058189,4.113856],[3.038368,4.088528]]}},
{"type":"Feature","properties":{},"geometry":{"type":"LineString","coordinates":[[8.747641,4.061085],[8.760329,4.080795],[8.756938,4.107821],[8.765979,4.118556],[8.771474,4.134716],[8.766162,4.143755],[8.755444,4.149234],[8.753731,4.160047],[8.743079,4.174526],[8.721656,4.187285],[8.702157,4.218032],[8.684318,4.230766],[8.680811,4.241594],[8.668324,4.250688],[8.666584,4.257903],[8.646951,4.27065],[8.639896,4.286907],[8.641835,4.306697],[8.633321,4.319364]]}},
{"type":"Feature","properties":{},"geometry":{"type":"LineString","coordinates":[[6.53418,4.052951],[6.51619,4.051224],[6.506123,4.045055]]}},
{"type":"Feature","properties":{},"geometry":{"type":"LineString","coordinates":[[7.801669,4.077654],[7.7567,4.063498],[7.729757,4.061854],[7.700935,4.045795]]}},
{"type":"Feature","properties":{},"geometry":{"type":"LineString","coordinates":[[16.234158,3.960461],[16.202371,3.946887],[16.156748,3.945864],[16.125712,3.938812],[16.098584,3.92918],[16.084384,3.918833]]}},
{"type":"Feature","properties":{},"geometry":{"type":"LineString","coordinates":[[2.615471,4.035445],[2.624479,4.035449],[2.633484,4.04269],[2.63528,4.055355],[2.626267,4.064396],[2.613656,4.064391],[2.604638,4.084287],[2.597509,4.087894]]}},
{"type":"Feature","properties":{},"geometry":{"type":"LineString","coordinates":[[2.99873,4.13195],[3.000532,4.122904],[3.013144,4.106621],[3.045574,4.079482],[3.050977,4.046916],[3.060545,4.032761]]}},
{"type":"Feature","properties":{},"geometry":{"type":"LineString","coordinates":[[2.685735,4.028239],[2.671325,4.022805]]}},
{"type":"Feature","properties":{},"geometry":{"type":"LineString","coordinates":[[16.32953,3.83267],[16.323638,3.838224],[16.324406,3.852408],[16.312441,3.852053],[16.309827,3.858647],[16.339496,3.878374],[16.341775,3.884889],[16.324006,3.895549],[16.319518,3.886886],[16.311322,3.884288],[16.311067,3.902311],[16.30024,3.905217],[16.286642,3.90489],[16.28318,3.892386],[16.273378,3.891451],[16.257865,3.907539],[16.253682,3.917984],[16.234302,3.930314],[16.228795,3.926033],[16.228655,3.917296],[16.212913,3.919189],[16.175476,3.910327],[16.114092,3.91131],[16.082629,3.918861],[15.998077,3.89905],[15.908482,3.895168],[15.90316,3.891724],[15.896193,3.89536],[15.866346,3.895826],[15.825879,3.891163],[15.802833,3.877406],[15.79716,3.851028],[15.779251,3.828364],[15.763365,3.823312],[15.74378,3.805962],[15.717511,3.811652],[15.703405,3.808335],[15.676764,3.789318],[15.655551,3.780808],[15.646609,3.770349],[15.544397,3.752431],[15.491355,3.732008],[15.470359,3.739379],[15.451195,3.752023],[15.407309,3.757961],[15.251777,3.708926],[15.220028,3.704069],[15.172215,3.683517],[15.166959,3.685359]]}},
{"type":"Feature","properties":{},"geometry":{"type":"LineString","coordinates":[[11.664317,4.061662],[11.662383,4.047374],[11.6746,4.023991],[11.674429,4.007895],[11.638379,3.96714]]}},
{"type":"Feature","properties":{},"geometry":{"type":"LineString","coordinates":[[2.823708,4.088667],[2.820108,4.070574],[2.811103,4.057908],[2.816516,4.021726],[2.80751,4.012678],[2.811116,4.001823],[2.820125,3.992779],[2.791307,3.967444],[2.793113,3.952971],[2.786047,3.93994],[2.784001,3.922363]]}},
{"type":"Feature","properties":{},"geometry":{"type":"LineString","coordinates":[[6.557726,4.017113],[6.574356,4.000332]]}},
{"type":"Feature","properties":{},"geometry":{"type":"LineString","coordinates":[[7.777854,3.996665],[7.759933,4.002178],[7.749213,4.011256],[7.715143,4.018666],[7.702668,4.034967],[7.700935,4.045795]]}},
{"type":"Feature","properties":{},"geometry":{"type":"LineString","coordinates":[[2.548571,4.019208],[2.514545,3.997609]]}},
{"type":"Feature","properties":{},"geometry":{"type":"LineString","coordinates":[[2.709165,4.00111],[2.696555,4.001105]]}},
{"type":"Feature","properties":{},"geometry":{"type":"LineString","coordinates":[[2.866958,4.028972],[2.847145,4.009068],[2.820125,3.994589]]}},
{"type":"Feature","properties":{},"geometry":{"type":"LineString","coordinates":[[2.692955,3.992058],[2.696555,4.001105],[2.687543,4.011957],[2.674931,4.01557],[2.649697,4.044506],[2.635284,4.046309]]}},
{"type":"Feature","properties":{},"geometry":{"type":"LineString","coordinates":[[16.28645,3.691906],[16.279588,3.693467],[16.272232,3.686297],[16.256619,3.684351],[16.249169,3.695023],[16.237128,3.689745],[16.231755,3.694547],[16.167,3.702578],[16.156612,3.711545],[16.15008,3.743357],[16.097657,3.756495],[16.08554,3.767254],[16.036584,3.77858],[16.026353,3.798127],[16.022817,3.796419],[16.00206,3.81613],[15.98462,3.823451],[15.969423,3.862475],[15.951927,3.866274],[15.932838,3.880679],[15.90316,3.891724]]}},
{"type":"Feature","properties":{},"geometry":{"type":"LineString","coordinates":[[2.751669,3.989143],[2.771487,3.983721],[2.791307,3.967444]]}},
{"type":"Feature","properties":{},"geometry":{"type":"LineString","coordinates":[[2.625938,3.9704],[2.633027,3.961358]]}},
{"type":"Feature","properties":{},"geometry":{"type":"LineString","coordinates":[[2.654646,3.955939],[2.64564,3.954126],[2.63663,3.961359]]}},
{"type":"Feature","properties":{},"geometry":{"type":"LineString","coordinates":[[14.23942,3.95688],[14.276299,3.940402],[14.299213,3.936538],[14.321979,3.922031],[14.341163,3.904027],[14.346268,3.889766],[14.372419,3.864575],[14.3984,3.826975],[14.426432,3.810635],[14.436975,3.806946],[14.468769,3.808289],[14.541289,3.819713],[14.590651,3.815492]]}},
{"type":"Feature","properties":{},"geometry":{"type":"LineString","coordinates":[[2.584629,3.963144],[2.564824,3.943233],[2.524574,3.938717]]}},
{"type":"Feature","properties":{},"geometry":{"type":"LineString","coordinates":[[7.707737,3.894088],[7.6844,3.894218],[7.662796,3.883519],[7.639458,3.883649],[7.599803,3.855012]]}},
{"type":"Feature","properties":{},"geometry":{"type":"LineString","coordinates":[[2.654642,3.966794],[2.643833,3.96679],[2.625825,3.954118],[2.597029,3.898021],[2.580826,3.88173],[2.57363,3.863635],[2.557427,3.849154],[2.55744,3.843568]]}},
{"type":"Feature","properties":{},"geometry":{"type":"LineString","coordinates":[[2.635546,3.876328],[2.601331,3.858221],[2.594134,3.843745],[2.578674,3.830914]]}},
{"type":"Feature","properties":{},"geometry":{"type":"LineString","coordinates":[[9.451145,4.005302],[9.44569,3.994558],[9.429467,3.980304],[9.395315,3.962591],[9.353893,3.930547],[9.335759,3.900116],[9.299646,3.859029],[9.290417,3.821332],[9.270476,3.78731]]}},
{"type":"Feature","properties":{},"geometry":{"type":"LineString","coordinates":[[11.583465,3.996342],[11.620701,3.979848],[11.638379,3.96714],[11.645147,3.933083],[11.655702,3.920452],[11.657371,3.909703],[11.666146,3.897091],[11.678536,3.889808],[11.707079,3.894876],[11.730056,3.87854],[11.756685,3.87111],[11.763713,3.862096],[11.768905,3.847737],[11.756116,3.815683],[11.750449,3.783554],[11.726913,3.744451],[11.728551,3.730128]]}},
{"type":"Feature","properties":{},"geometry":{"type":"LineString","coordinates":[[7.38093,3.739125],[7.370165,3.740983],[7.35588,3.757291],[7.336179,3.768214],[7.328978,3.764641],[7.322933,3.774361]]}},
{"type":"Feature","properties":{},"geometry":{"type":"LineString","coordinates":[[7.692484,3.730086],[7.67106,3.751839],[7.667537,3.764481],[7.647897,3.784422],[7.629984,3.791732],[7.623367,3.822363],[7.599774,3.849602],[7.594031,3.870925],[7.588644,3.870954],[7.581888,3.862323],[7.576599,3.880386],[7.549801,3.905781],[7.535427,3.904056],[7.52112,3.914954],[7.508569,3.91863],[7.479297,3.918554]]}},
{"type":"Feature","properties":{},"geometry":{"type":"LineString","coordinates":[[9.534311,3.88241],[9.510938,3.868211],[9.485705,3.845036],[9.460582,3.836239],[9.433588,3.816668],[9.372588,3.797348],[9.340369,3.797586],[9.306253,3.783452],[9.263315,3.787362],[9.22917,3.769625],[9.184422,3.771745],[9.136001,3.761297],[9.118094,3.761424],[9.093075,3.768796],[9.064421,3.768998],[9.043005,3.779943],[9.003589,3.778419],[8.987493,3.782129],[8.953239,3.749976],[8.93529,3.744701],[8.91728,3.730427],[8.893981,3.728785],[8.856254,3.71284],[8.838326,3.71116]]}},
{"type":"Feature","properties":{},"geometry":{"type":"LineString","coordinates":[[7.490015,3.691917],[7.473847,3.690195],[7.455822,3.675856],[7.448658,3.6795],[7.419922,3.67784]]}},
{"type":"Feature","properties":{},"geometry":{"type":"LineString","coordinates":[[7.423656,3.706682],[7.416403,3.692288],[7.419913,3.676036],[7.401853,3.654479],[7.389276,3.652737],[7.349791,3.633208]]}},
{"type":"Feature","properties":{},"geometry":{"type":"LineString","coordinates":[[11.205334,3.783572],[11.203247,3.751359],[11.206661,3.73521],[11.240173,3.697291],[11.263208,3.682751],[11.270236,3.671943],[11.277083,3.641442],[11.26595,3.593204]]}},
{"type":"Feature","properties":{},"geometry":{"type":"LineString","coordinates":[[16.213571,3.506767],[16.200519,3.506409],[16.188335,3.490742],[16.180811,3.496859],[16.1666,3.4916],[16.166445,3.480675],[16.158168,3.472051],[16.143398,3.465705],[16.135818,3.467998],[16.136048,3.484387],[16.129158,3.497053],[16.115635,3.502164],[16.088945,3.499267],[16.085942,3.479088],[16.071145,3.4711],[16.055366,3.470776],[16.050602,3.480135],[16.021339,3.488202],[16.014537,3.468618],[16.003046,3.463859],[15.988747,3.491943],[15.950052,3.487567],[15.930602,3.497684],[15.925374,3.51307],[15.916978,3.519409],[15.894141,3.517968],[15.865817,3.50073],[15.837784,3.50465],[15.811381,3.499727],[15.778125,3.507248],[15.756935,3.498721],[15.749814,3.491761],[15.735768,3.491955],[15.735719,3.488427],[15.719916,3.488645],[15.719964,3.492174],[15.705964,3.495897],[15.665571,3.496455],[15.665618,3.499985],[15.637418,3.493311],[15.556603,3.494417],[15.547864,3.498069],[15.500368,3.495183],[15.479396,3.5043],[15.431934,3.504945],[15.433763,3.51022],[15.428512,3.512058],[15.391591,3.512559],[15.351265,3.52194],[15.345942,3.518478],[15.319727,3.531204],[15.302185,3.534977],[15.259896,3.530243],[15.222997,3.534275],[15.180602,3.522464],[15.147211,3.526446],[15.118958,3.519746],[15.094338,3.521841],[15.071615,3.534526],[15.041638,3.531384],[15.018888,3.542301],[14.985476,3.546282],[14.952267,3.56619]]}},
{"type":"Feature","properties":{},"geometry":{"type":"LineString","coordinates":[[16.384812,3.513068],[16.36597,3.527204]]}},
{"type":"Feature","properties":{},"geometry":{"type":"LineString","coordinates":[[7.480709,3.62591],[7.459105,3.613391],[7.439339,3.60988],[7.432123,3.602701],[7.423138,3.600941],[7.405097,3.58299],[7.394334,3.584846],[7.382595,3.581159]]}},
{"type":"Feature","properties":{},"geometry":{"type":"LineString","coordinates":[[10.739462,3.746666],[10.735593,3.712638],[10.761658,3.631738],[10.761412,3.603058],[10.768336,3.577901],[10.760943,3.547489],[10.760763,3.525979]]}},
{"type":"Feature","properties":{},"geometry":{"type":"LineString","coordinates":[[10.362785,3.75174],[10.357292,3.735638],[10.365848,3.690708],[10.387025,3.660029],[10.383321,3.643912],[10.348984,3.593953],[10.343483,3.576054],[10.346882,3.554494],[10.362641,3.514892]]}},
{"type":"Feature","properties":{},"geometry":{"type":"LineString","coordinates":[[16.344337,3.721168],[16.350915,3.6929],[16.349029,3.684127],[16.360919,3.6593],[16.362247,3.631115],[16.375813,3.600987],[16.364758,3.564187],[16.371531,3.548244],[16.368003,3.546536],[16.36597,3.527204],[16.353326,3.500984],[16.347995,3.495781],[16.325275,3.499632],[16.319742,3.480346],[16.331802,3.466088],[16.335105,3.451956],[16.348992,3.442955],[16.36258,3.412836]]}},
{"type":"Feature","properties":{},"geometry":{"type":"LineString","coordinates":[[15.792791,3.42412],[15.771774,3.427935],[15.741857,3.423048],[15.733149,3.428461],[15.712079,3.428747],[15.713764,3.423429],[15.685667,3.423809],[15.677219,3.448635],[15.665162,3.466451],[15.621369,3.475876],[15.612705,3.484822],[15.612825,3.493649]]}},
{"type":"Feature","properties":{},"geometry":{"type":"LineString","coordinates":[[9.142538,4.160593],[9.102834,4.123125],[9.083072,4.116081],[9.074045,4.107155],[9.039964,4.102017],[9.009409,4.089654],[8.971555,4.059349],[8.948063,4.032531],[8.906217,3.944656],[8.891354,3.869176],[8.882283,3.853042],[8.860172,3.763207],[8.849291,3.743483],[8.84376,3.720123],[8.787846,3.662894],[8.773318,3.632388],[8.762093,3.556856],[8.761648,3.484856]]}},
{"type":"Feature","properties":{},"geometry":{"type":"LineString","coordinates":[[12.490582,3.47946],[12.504643,3.465042],[12.529034,3.418403],[12.544888,3.405754],[12.569369,3.368042],[12.608294,3.355167],[12.661287,3.329668],[12.69646,3.297217],[12.713906,3.266729],[12.719211,3.264894],[12.717368,3.257779],[12.733109,3.234443],[12.732853,3.207698],[12.713137,3.186489],[12.704267,3.186574],[12.682878,3.176077],[12.677589,3.179695],[12.629501,3.16053],[12.616997,3.151728],[12.604411,3.134008],[12.591518,3.082394],[12.582597,3.077124],[12.539928,3.068591],[12.532765,3.061518],[12.51467,3.022427],[12.509362,3.024258],[12.473662,3.001376],[12.43807,2.99098],[12.377742,2.995074],[12.361717,2.989858],[12.333323,2.991888]]}},
{"type":"Feature","properties":{},"geometry":{"type":"LineString","coordinates":[[7.972732,3.449733],[7.924284,3.446382],[7.882917,3.424964],[7.845238,3.423354],[7.825532,3.428863],[7.80221,3.428981],[7.753699,3.414801],[7.726796,3.416737],[7.683831,3.436784]]}},
{"type":"Feature","properties":{},"geometry":{"type":"LineString","coordinates":[[12.319017,4.045372],[12.317076,4.031111],[12.309862,4.022268],[12.297418,4.022411],[12.26875,4.003099],[12.245637,4.003364],[12.21345,3.987657],[12.18496,3.984407],[12.170654,3.977424],[12.150874,3.957998],[12.134829,3.954604],[12.11335,3.942338],[12.08462,3.917644],[12.057477,3.875061],[12.016167,3.837982],[11.978679,3.825871],[11.9572,3.813588],[11.925121,3.808563],[11.892947,3.7946],[11.849785,3.750355],[11.833662,3.739794],[11.724973,3.728376],[11.678673,3.72705],[11.660924,3.732593],[11.64134,3.732788],[11.625281,3.729369],[11.60203,3.718866],[11.544496,3.662178],[11.473262,3.662863],[11.410853,3.656298],[11.337514,3.624768],[11.301684,3.603617],[11.269498,3.591381],[11.26595,3.593204],[11.251615,3.584382],[11.096575,3.587573],[11.059249,3.600445],[10.9861,3.595721],[10.957476,3.585223],[10.911063,3.580253],[10.893136,3.569657],[10.844888,3.55932],[10.801896,3.538179],[10.750029,3.522484],[10.728531,3.511908],[10.649879,3.49463],[10.598114,3.493261],[10.507307,3.520904],[10.418076,3.525214],[10.376968,3.520161],[10.360855,3.514907],[10.299792,3.470526],[10.280093,3.463501],[10.251382,3.445776],[10.240639,3.442269],[10.156719,3.446499],[10.113712,3.428871],[10.072438,3.404043],[10.052746,3.398803],[10.018786,3.397257],[9.954241,3.367197]]}},
{"type":"Feature","properties":{},"geometry":{"type":"LineString","coordinates":[[8.060327,4.024159],[8.044076,4.008041],[8.022333,3.973932],[8.018386,3.914481],[8.023672,3.898229],[8.036136,3.881934],[8.064672,3.852928],[8.123629,3.811127],[8.13593,3.767807],[8.148401,3.753317],[8.178798,3.73692],[8.214509,3.709682],[8.271778,3.689523],[8.300287,3.658727],[8.334068,3.609888],[8.378708,3.579002],[8.448406,3.542567],[8.46264,3.524472],[8.471339,3.479396],[8.51757,3.416096],[8.52827,3.40703],[8.576556,3.390544],[8.605129,3.374172]]}},
{"type":"Feature","properties":{},"geometry":{"type":"LineString","coordinates":[[7.709237,3.494358],[7.705523,3.469133],[7.696506,3.460162],[7.692855,3.447558],[7.683831,3.436784],[7.660443,3.424276],[7.65141,3.411698],[7.602917,3.402915],[7.570548,3.388643],[7.489798,3.390826],[7.473628,3.387295],[7.462818,3.378326],[7.454525,3.37834]]}},
{"type":"Feature","properties":{},"geometry":{"type":"LineString","coordinates":[[12.198764,3.432384],[12.219643,3.385748],[12.219506,3.371463],[12.228137,3.344593],[12.242148,3.32303],[12.291707,3.302919],[12.30575,3.284931],[12.303708,3.256384],[12.298281,3.245722],[12.292969,3.247557],[12.278512,3.220908],[12.28174,3.185168],[12.301101,3.165352],[12.306269,3.147451],[12.309821,3.147418],[12.322061,3.125884],[12.320253,3.122329],[12.350283,3.104207],[12.351901,3.086341],[12.369422,3.059409],[12.372848,3.045098],[12.369219,3.036205],[12.340564,3.007893],[12.333323,2.991888],[12.315446,2.97776],[12.301225,2.976096],[12.288674,2.961919],[12.274482,2.963825],[12.263722,2.951417],[12.251305,2.953308],[12.249485,2.947966],[12.226411,2.949946],[12.215725,2.946464],[12.203188,2.934068],[12.195951,2.918055],[12.199445,2.910882],[12.19582,2.901982],[12.202895,2.898352],[12.199155,2.875166],[12.183097,2.866367],[12.170521,2.848608],[12.158058,2.845137],[12.145539,2.83452],[12.127719,2.827517],[12.08504,2.822497],[12.065372,2.806574],[12.033266,2.790745],[12.018914,2.772988],[12.004455,2.740936],[11.991923,2.728522],[11.988396,2.732123],[11.981221,2.723242],[11.966965,2.717988],[11.926104,2.720083],[11.904697,2.709519],[11.888492,2.68104],[11.881343,2.67573],[11.883094,2.672142],[11.843849,2.652765],[11.820727,2.651144],[11.810099,2.656584],[11.794099,2.6567],[11.785261,2.663915],[11.751545,2.673099],[11.733763,2.673227],[11.701667,2.66094],[11.68019,2.64142],[11.649944,2.639845],[11.62854,2.631052],[11.62134,2.618581],[11.619353,2.588186],[11.606758,2.566807],[11.596061,2.563302],[11.544147,2.513559],[11.54052,2.502848],[11.547495,2.481333],[11.517163,2.467217],[11.513526,2.454716],[11.51706,2.451115],[11.516947,2.433223],[11.511487,2.413576],[11.513035,2.375989]]}},
{"type":"Feature","properties":{},"geometry":{"type":"LineString","coordinates":[[16.000291,3.237829],[16.001525,3.249112],[15.981831,3.268324],[15.954884,3.259931],[15.945546,3.26698],[15.91723,3.265165],[15.898111,3.273438],[15.860715,3.271376],[15.841215,3.278561],[15.834139,3.292512],[15.825431,3.292627],[15.818867,3.29016],[15.815794,3.27707],[15.796111,3.270397],[15.788165,3.273418],[15.78644,3.280371],[15.790927,3.290527],[15.785508,3.292421],[15.775959,3.283791],[15.755843,3.285222],[15.731085,3.271426],[15.681746,3.257944],[15.665608,3.231674],[15.633711,3.209129],[15.622889,3.186315],[15.612243,3.17762],[15.594615,3.172543],[15.585682,3.160294]]}},
{"type":"Feature","properties":{},"geometry":{"type":"LineString","coordinates":[[10.101167,3.146736],[10.076114,3.139726],[10.015337,3.132957]]}},
{"type":"Feature","properties":{},"geometry":{"type":"LineString","coordinates":[[10.024054,3.127872],[10.004417,3.1298],[9.977574,3.122797],[9.934733,3.128472],[9.916737,3.108835],[9.904184,3.101733],[9.886365,3.109035]]}},
{"type":"Feature","properties":{},"geometry":{"type":"LineString","coordinates":[[8.555364,3.097989],[8.544625,3.099846],[8.523083,3.090955],[8.501604,3.09467]]}},
{"type":"Feature","properties":{},"geometry":{"type":"LineString","coordinates":[[15.520955,2.909086],[15.51284,2.914107],[15.508085,2.927307],[15.498354,2.933992],[15.500202,2.952869],[15.479875,2.962141],[15.456475,2.988707],[15.439425,2.981736],[15.420213,2.985644],[15.376159,2.975548],[15.358584,2.97575],[15.344543,2.977677],[15.32367,2.997358],[15.304292,2.994046],[15.291986,2.994187],[15.28851,2.997762]]}},
{"type":"Feature","properties":{},"geometry":{"type":"LineString","coordinates":[[8.476956,3.177642],[8.491184,3.157756],[8.491118,3.14515],[8.503583,3.130677],[8.503498,3.114469],[8.501594,3.092869],[8.483541,3.065949],[8.485205,3.040727],[8.472574,3.022782],[8.47093,2.997061]]}},
{"type":"Feature","properties":{},"geometry":{"type":"LineString","coordinates":[[8.610574,3.037076],[8.6159,3.028045],[8.61037,2.997465],[8.57974,2.96161],[8.578002,2.886529]]}},
{"type":"Feature","properties":{},"geometry":{"type":"LineString","coordinates":[[9.673366,3.816624],[9.669789,3.816652],[9.657059,3.789796],[9.637244,3.771978],[9.567229,3.740161],[9.53664,3.717025],[9.524024,3.704536],[9.48952,3.634684],[9.478682,3.620381],[9.442733,3.597268],[9.417632,3.590255],[9.380054,3.59052],[9.351373,3.583529],[9.272664,3.589471],[9.247667,3.598636],[9.206485,3.59712],[9.176077,3.600926],[9.134865,3.59581],[9.079207,3.572797],[9.061208,3.558524],[9.003839,3.548107],[8.960678,3.519597],[8.92842,3.516205],[8.905071,3.505557],[8.844189,3.507741],[8.797484,3.486434],[8.783132,3.482923],[8.759857,3.484867],[8.689604,3.420486],[8.655523,3.413487],[8.623181,3.397474],[8.605129,3.374172],[8.615663,3.3363],[8.633485,3.319993],[8.644223,3.31813],[8.660284,3.307236],[8.686989,3.278277],[8.694052,3.260233],[8.692079,3.227839],[8.679431,3.208107],[8.668447,3.164959],[8.652172,3.136242],[8.648445,3.104555],[8.648368,3.090151],[8.655446,3.07391],[8.658726,3.02098],[8.678145,2.966868],[8.678091,2.956066],[8.651021,2.914795],[8.641903,2.891751]]}},
{"type":"Feature","properties":{},"geometry":{"type":"LineString","coordinates":[[9.502787,2.933531],[9.500812,2.901186],[9.509659,2.884957],[9.507789,2.870587],[9.484386,2.841959],[9.482498,2.823993]]}},
{"type":"Feature","properties":{},"geometry":{"type":"LineString","coordinates":[[9.032648,2.988366],[9.025391,2.970414],[9.027054,2.947015],[9.019847,2.938058],[9.024995,2.896648],[9.01779,2.88769],[9.015942,2.876905]]}},
{"type":"Feature","properties":{},"geometry":{"type":"LineString","coordinates":[[10.773973,2.919972],[10.775657,2.90562],[10.768415,2.889537],[10.741537,2.870002],[10.728924,2.850368],[10.70924,2.839744],[10.678656,2.798712],[10.660767,2.789865],[10.619753,2.790134],[10.592933,2.779549],[10.578585,2.767088],[10.567782,2.751017],[10.564113,2.7349],[10.540616,2.684829],[10.51013,2.658114],[10.499278,2.633068]]}},
{"type":"Feature","properties":{},"geometry":{"type":"LineString","coordinates":[[10.595981,2.969623],[10.585132,2.948177],[10.5903,2.921241],[10.583045,2.903357],[10.595434,2.888926],[10.607871,2.881669],[10.604196,2.865554],[10.614837,2.856516],[10.614778,2.847551],[10.607444,2.817114],[10.621536,2.790122]]}},
{"type":"Feature","properties":{},"geometry":{"type":"LineString","coordinates":[[10.423779,3.094595],[10.412971,3.080318],[10.41447,3.039044],[10.405437,3.022959],[10.439123,2.990435],[10.464042,2.981295],[10.469358,2.975877],[10.471057,2.963308],[10.46204,2.949018],[10.431589,2.931284],[10.42972,2.918738],[10.438512,2.898946],[10.438442,2.888182],[10.413264,2.857849],[10.41483,2.823751],[10.40199,2.768216],[10.391229,2.759313],[10.35192,2.750587],[10.319571,2.713105]]}},
{"type":"Feature","properties":{},"geometry":{"type":"LineString","coordinates":[[8.252946,2.420751],[8.231577,2.453264],[8.215661,2.505578],[8.230461,2.620826],[8.223537,2.67851],[8.232611,2.705496],[8.261323,2.716181],[8.264984,2.734181],[8.24717,2.757681],[8.236437,2.761332],[8.227518,2.77038],[8.197232,2.810153],[8.188353,2.828211],[8.186796,2.880471],[8.174293,2.889537],[8.168998,2.90758],[8.161862,2.914821],[8.147533,2.916689],[8.142181,2.922119],[8.147699,2.952727],[8.146074,2.988773],[8.138946,2.997816],[8.128193,2.997867],[8.119282,3.008721],[8.115832,3.03757],[8.099811,3.061073],[8.098129,3.084507],[8.103593,3.101189]]}},
{"type":"Feature","properties":{},"geometry":{"type":"LineString","coordinates":[[12.824692,2.768272],[12.826345,2.753997],[12.845594,2.723533],[12.841802,2.693261],[12.848835,2.686073],[12.875333,2.675162],[12.868044,2.650268],[12.878521,2.630577]]}},
{"type":"Feature","properties":{},"geometry":{"type":"LineString","coordinates":[[9.575827,2.561057],[9.595577,2.578927],[9.597476,2.600483],[9.604689,2.613026],[9.629755,2.621878],[9.640533,2.632603],[9.651447,2.668485],[9.66586,2.68997],[9.666137,2.740284],[9.669801,2.756436],[9.684157,2.767136],[9.700259,2.770638],[9.707457,2.779581],[9.705711,2.786778]]}},
{"type":"Feature","properties":{},"geometry":{"type":"LineString","coordinates":[[12.551355,2.741994],[12.540681,2.738512],[12.533513,2.729649],[12.533203,2.690399],[12.511732,2.667373],[12.508088,2.654911],[12.520328,2.631621],[12.518391,2.610224],[12.521885,2.60306],[12.548333,2.581448],[12.546465,2.568974],[12.537476,2.552984],[12.53737,2.538712],[12.570705,2.48851]]}},
{"type":"Feature","properties":{},"geometry":{"type":"LineString","coordinates":[[10.234461,2.150055],[10.273889,2.187553],[10.313407,2.242987],[10.338498,2.266187],[10.351093,2.287655],[10.365576,2.328848],[10.406818,2.369894],[10.405199,2.400402],[10.41243,2.418303],[10.401768,2.425539],[10.403659,2.445264],[10.384128,2.46152],[10.385992,2.475863],[10.38069,2.484864],[10.357559,2.49576],[10.355856,2.510125],[10.345243,2.526334],[10.341755,2.540709],[10.33858,2.608914],[10.351344,2.655491],[10.358555,2.668008]]}},
{"type":"Feature","properties":{},"geometry":{"type":"LineString","coordinates":[[9.058765,2.489867],[9.067742,2.497022],[9.067834,2.516811],[9.057168,2.531254],[8.964528,2.614461],[8.914719,2.675885],[8.916543,2.683074],[8.925516,2.688429],[8.924759,2.715909],[8.907885,2.742503],[8.909781,2.764089],[8.88128,2.791228],[8.897614,2.836136],[8.897707,2.854132],[8.894145,2.85775]]}},
{"type":"Feature","properties":{},"geometry":{"type":"LineString","coordinates":[[11.456838,2.995517],[11.442475,2.979523],[11.429988,2.976041],[11.422786,2.965358],[11.397851,2.96376],[11.388883,2.95488],[11.388802,2.944141],[11.408261,2.927885],[11.409934,2.913554],[11.381214,2.881553],[11.37734,2.838624],[11.370116,2.824358],[11.343299,2.808443],[11.325498,2.808571],[11.298742,2.801603],[11.263159,2.805438],[11.245303,2.798403],[11.179403,2.79708],[11.163276,2.782866],[11.122152,2.75987],[11.116749,2.750952],[11.114846,2.733054],[11.107673,2.725939],[11.079139,2.720759],[11.057597,2.695826],[11.041541,2.692351],[11.036162,2.687012],[11.027127,2.667366],[11.030525,2.642263],[11.039328,2.626083],[11.02999,2.558069],[11.05467,2.516711],[11.065125,2.479028],[11.081032,2.459227],[11.080989,2.452062]]}},
{"type":"Feature","properties":{},"geometry":{"type":"LineString","coordinates":[[12.331836,2.581294],[12.326341,2.558127],[12.297785,2.536912],[12.297643,2.517273],[12.31353,2.504661],[12.313467,2.495735],[12.283127,2.472741],[12.270564,2.453189],[12.268715,2.442489]]}},
{"type":"Feature","properties":{},"geometry":{"type":"LineString","coordinates":[[7.510326,2.435842],[7.51931,2.441222],[7.537236,2.439358],[7.546219,2.444738],[7.573103,2.441039],[7.58391,2.455429],[7.594681,2.458999],[7.612673,2.47697],[7.635962,2.471478],[7.655722,2.482228],[7.668316,2.494806],[7.695377,2.541591],[7.691843,2.556029],[7.684698,2.563268],[7.684751,2.577694],[7.711704,2.593822],[7.740498,2.622562],[7.746,2.654995],[7.764012,2.676561],[7.762261,2.687386],[7.769545,2.716205],[7.798281,2.72871],[7.827388,2.771466]]}},
{"type":"Feature","properties":{},"geometry":{"type":"LineString","coordinates":[[12.206433,2.66973],[12.179703,2.65743],[12.161757,2.63256],[12.124331,2.614975],[12.113596,2.604336],[12.053125,2.594058],[12.033507,2.58348],[12.022759,2.57105],[12.015526,2.553233],[12.02406,2.503142],[12.016686,2.463884],[12.030704,2.435199],[12.035747,2.392284]]}},
{"type":"Feature","properties":{},"geometry":{"type":"LineString","coordinates":[[9.869743,2.394248],[9.907397,2.42459],[9.936012,2.433422],[9.984256,2.440353],[10.02185,2.459908],[10.087937,2.466736],[10.139796,2.484408],[10.184433,2.487753],[10.202347,2.500219],[10.229305,2.534171],[10.256142,2.546582],[10.265114,2.555505],[10.256366,2.586065],[10.268961,2.603939],[10.283277,2.611033],[10.338559,2.605325]]}},
{"type":"Feature","properties":{},"geometry":{"type":"LineString","coordinates":[[11.742815,2.932447],[11.728434,2.91289],[11.729868,2.868173],[11.726243,2.85926],[11.695712,2.82015],[11.638809,2.822368],[11.62629,2.813518],[11.603112,2.806536],[11.586957,2.786978],[11.540714,2.789108],[11.531714,2.774861],[11.536732,2.730095],[11.513475,2.712369],[11.508012,2.694515],[11.500845,2.687409],[11.458129,2.68592],[11.401035,2.664841],[11.358333,2.666925],[11.345825,2.659851],[11.313534,2.622478],[11.270823,2.624555],[11.261898,2.621034],[11.247526,2.601434],[11.243699,2.560278],[11.193509,2.506882],[11.182793,2.501578],[11.136224,2.457096],[11.080989,2.452062],[11.063051,2.430676],[11.050542,2.423586],[11.016661,2.416623],[10.99512,2.388086],[10.987747,2.34513],[10.97701,2.336234],[10.946699,2.331032],[10.935931,2.316758]]}},
{"type":"Feature","properties":{},"geometry":{"type":"LineString","coordinates":[[12.071412,2.13121],[12.089222,2.140036],[12.128285,2.1398],[12.144318,2.148634],[12.18358,2.182329],[12.201377,2.189362],[12.219216,2.203537],[12.242617,2.255175],[12.239425,2.310552]]}},
{"type":"Feature","properties":{},"geometry":{"type":"LineString","coordinates":[[6.478326,1.395517],[6.485488,1.384671]]}},
{"type":"Feature","properties":{},"geometry":{"type":"LineString","coordinates":[[6.474711,1.377464],[6.481886,1.375647]]}},
{"type":"Feature","properties":{},"geometry":{"type":"LineString","coordinates":[[6.508827,1.393666],[6.492673,1.390078],[6.481889,1.377453],[6.487233,1.350357],[6.481199,1.3452],[6.482237,1.339662]]}},
{"type":"Feature","properties":{},"geometry":{"type":"LineString","coordinates":[[6.402717,1.306932],[6.375794,1.303357],[6.351366,1.307693]]}},
{"type":"Feature","properties":{},"geometry":{"type":"LineString","coordinates":[[7.077027,1.359699],[7.071635,1.352489],[7.073413,1.343463],[7.060832,1.325437],[7.036511,1.307219]]}},
{"type":"Feature","properties":{},"geometry":{"type":"LineString","coordinates":[[7.303054,0.975262],[7.288715,0.97528],[7.281538,0.969877]]}},
{"type":"Feature","properties":{},"geometry":{"type":"LineString","coordinates":[[6.9494,0.459322],[6.926095,0.466555],[6.913553,0.481002],[6.879489,0.488242],[6.856191,0.509918],[6.85261,0.518946],[6.840062,0.526174],[6.827509,0.524377],[6.807681,0.53905],[6.782513,0.543328],[6.760986,0.53251],[6.750219,0.521684],[6.734078,0.519888],[6.705365,0.489212],[6.703567,0.480186],[6.696389,0.472968],[6.676575,0.465303],[6.674545,0.455068],[6.678452,0.452133],[6.674843,0.445118],[6.648479,0.431943],[6.605312,0.391807],[6.591967,0.384558],[6.587713,0.390657],[6.582801,0.389671],[6.554821,0.363825],[6.525957,0.36054],[6.518947,0.365645],[6.515359,0.36384]]}},
{"type":"Feature","properties":{},"geometry":{"type":"LineString","coordinates":[[6.876155,0.332818],[6.845991,0.346448],[6.836882,0.34514],[6.827421,0.351076],[6.818453,0.347469],[6.800353,0.354884],[6.773773,0.34998],[6.759279,0.355596],[6.746725,0.352914],[6.735338,0.359456],[6.680374,0.363774],[6.640914,0.358373],[6.624774,0.363797],[6.605312,0.391807]]}},
{"type":"Feature","properties":{},"geometry":{"type":"LineString","coordinates":[[6.554786,0.257284],[6.544027,0.268122],[6.540443,0.280763],[6.52789,0.291602],[6.516771,0.313448],[6.515359,0.36384],[6.47053,0.4072],[6.443629,0.425272],[6.418518,0.434313],[6.397004,0.465027],[6.366508,0.474072],[6.346773,0.474082],[6.307293,0.457844],[6.275002,0.468697],[6.260648,0.468704],[6.231934,0.457879],[6.215785,0.457886],[6.206817,0.468729],[6.174525,0.485002],[6.163764,0.495846],[6.129674,0.508509],[6.115317,0.508516],[6.105445,0.519368]]}},
{"type":"Feature","properties":{},"geometry":{"type":"LineString","coordinates":[[6.297501,0.030728],[6.290324,0.030728],[6.266999,0.016278],[6.25444,0.019891],[6.234703,0.00544],[6.216759,0.000021]]}},
{"type":"Feature","properties":{},"geometry":{"type":"LineString","coordinates":[[11.878596,12.881277],[11.884441,12.891809],[11.926259,12.888587],[11.935746,12.898991],[11.934181,12.906199],[11.938015,12.911432],[11.935078,12.931208],[11.928049,12.938604],[11.930576,12.958191],[11.899007,12.993265],[11.901985,13.025358],[11.889875,13.043664],[11.86299,13.057115],[11.815702,13.112416],[11.815099,13.146429],[11.792423,13.175839],[11.781546,13.178004],[11.764812,13.169635],[11.739279,13.170512],[11.730479,13.179762],[11.70664,13.176999]]}},
{"type":"Feature","properties":{},"geometry":{"type":"LineString","coordinates":[[14.017679,5.652135],[14.075752,5.629706],[14.077388,5.622571],[14.094902,5.61158],[14.137695,5.62496],[14.160966,5.636936],[14.173365,5.636696],[14.182085,5.629425],[14.203546,5.639658],[14.214104,5.635902]]}},
{"type":"Feature","properties":{},"geometry":{"type":"LineString","coordinates":[[14.003158,5.817609],[14.024468,5.818964],[14.049041,5.806045],[14.062942,5.791562],[14.06447,5.7791],[14.069718,5.775445],[14.074756,5.761138],[14.097517,5.746484],[14.106378,5.746309],[14.120729,5.754905],[14.140117,5.749195],[14.161589,5.759422],[14.165063,5.755803],[14.179271,5.757296],[14.188025,5.751796],[14.198866,5.762232],[14.211267,5.761985],[14.232736,5.772206],[14.234756,5.78459],[14.243933,5.800379],[14.258318,5.810738],[14.271291,5.838872],[14.285822,5.856322],[14.34478,5.879956],[14.373482,5.897105]]}},
{"type":"Feature","properties":{},"geometry":{"type":"LineString","coordinates":[[13.55646,14.002816],[13.549179,14.003137],[13.538666,14.012505],[13.527497,14.007652],[13.514753,14.008212],[13.50467,13.987279],[13.495485,13.985899],[13.485051,13.997043],[13.479507,13.995504]]}},
{"type":"Feature","properties":{},"geometry":{"type":"LineString","coordinates":[[10.149371,5.387325],[10.145536,5.365828],[10.15426,5.345978],[10.170293,5.33861],[10.17731,5.325962],[10.191488,5.31323],[10.211163,5.311204],[10.214639,5.302188],[10.232376,5.287621],[10.233936,5.267859],[10.224818,5.253606],[10.226463,5.241023],[10.213786,5.228605],[10.206378,5.207151],[10.177407,5.178762],[10.173543,5.153675],[10.189411,5.131954],[10.1946,5.11574],[10.217687,5.099325],[10.221126,5.086721],[10.256579,5.05581],[10.272645,5.05204],[10.279722,5.044781],[10.283001,5.017824],[10.277254,4.983789],[10.269918,4.967718],[10.269642,4.942595],[10.276622,4.926366],[10.313859,4.895448],[10.338805,4.886201],[10.354727,4.869876],[10.370825,4.869699],[10.384957,4.853395],[10.399285,4.855031],[10.409977,4.851325],[10.422574,4.858362],[10.431496,4.85647],[10.433146,4.843893],[10.429452,4.833169],[10.434758,4.827728],[10.443718,4.829423],[10.479799,4.857727],[10.490528,4.857607]]}},
{"type":"Feature","properties":{},"geometry":{"type":"LineString","coordinates":[[10.374642,4.726113],[10.367109,4.690307],[10.366695,4.650836]]}},
{"type":"Feature","properties":{},"geometry":{"type":"LineString","coordinates":[[8.366583,4.614573],[8.339657,4.614776],[8.328954,4.623864],[8.312823,4.627588],[8.300351,4.640293],[8.287825,4.645791],[8.278969,4.662072],[8.268264,4.67116],[8.252171,4.680289],[8.235998,4.678609],[8.227048,4.68228],[8.212843,4.704007],[8.20845,4.730206]]}},
{"type":"Feature","properties":{},"geometry":{"type":"LineString","coordinates":[[8.919243,12.317226],[8.917413,12.317266]]}},
{"type":"Feature","properties":{},"geometry":{"type":"LineString","coordinates":[[8.276156,14.798399],[8.274305,14.798441]]}},
{"type":"Feature","properties":{},"geometry":{"type":"LineString","coordinates":[[12.949625,8.980585],[12.952816,8.966236],[12.941186,8.934461],[12.940846,8.921991],[12.949511,8.91106],[12.948879,8.8879],[12.944811,8.870182],[12.93174,8.850922],[12.931402,8.838451],[12.938182,8.824007],[12.934215,8.809851],[12.933399,8.779564],[12.939988,8.757994],[12.935644,8.729585],[12.942568,8.720487],[12.963768,8.70923],[12.959522,8.684385],[12.964703,8.677118],[12.967525,8.648521],[12.941615,8.617112],[12.914528,8.608905],[12.886881,8.579312],[12.86498,8.56383],[12.842619,8.530523],[12.838854,8.523487],[12.837341,8.464678],[12.83115,8.432735]]}},
{"type":"Feature","properties":{},"geometry":{"type":"LineString","coordinates":[[12.640055,8.942491],[12.547951,8.852087],[12.542884,8.795102],[12.515115,8.761897],[12.512728,8.738752],[12.490756,8.721457],[12.461976,8.718612],[12.443592,8.70122],[12.420281,8.701803],[12.405575,8.687886],[12.389435,8.688289],[12.380065,8.67245],[12.359937,8.656877],[12.357655,8.63729],[12.34654,8.623278],[12.342511,8.605518]]}},
{"type":"Feature","properties":{},"geometry":{"type":"LineString","coordinates":[[11.974891,7.995861],[11.985724,7.999199],[12.036699,8.033821],[12.051036,8.033503],[12.081221,8.020324],[12.102844,8.025203]]}},
{"type":"Feature","properties":{},"geometry":{"type":"LineString","coordinates":[[12.163751,7.616503],[12.202143,7.653195],[12.21467,7.652925],[12.228832,7.645475],[12.243421,7.657663],[12.261316,7.657276],[12.283061,7.669305],[12.290179,7.667364],[12.30465,7.674192]]}},
{"type":"Feature","properties":{},"geometry":{"type":"LineString","coordinates":[[12.635163,6.546432],[12.637153,6.557097],[12.64813,6.571156],[12.661204,6.601228],[12.681204,6.620458],[12.683198,6.631121],[12.692326,6.641643],[12.703061,6.643215],[12.708339,6.639543],[12.717361,6.644716],[12.762078,6.650961],[12.780227,6.666648],[12.787645,6.680766],[12.811324,6.705254],[12.815503,6.735483],[12.824672,6.747778],[12.853598,6.7668],[12.875064,6.769926],[12.913161,6.80123],[12.940233,6.816711],[12.969386,6.846403],[12.988036,6.885221],[12.998957,6.895683],[13.022469,6.911223],[13.071049,6.931569],[13.107307,6.959297],[13.118734,6.992899],[13.11614,7.037494],[13.102818,7.080544],[13.087401,7.10939],[13.066556,7.134793],[13.059895,7.156322],[13.05387,7.206349],[13.058471,7.252576]]}},
{"type":"Feature","properties":{},"geometry":{"type":"LineString","coordinates":[[13.300972,8.856872],[13.30599,8.844266],[13.307129,8.821083],[13.313886,8.806649],[13.309165,8.76582],[13.328245,8.743925],[13.334953,8.727713],[13.341957,8.722179],[13.350899,8.721932],[13.359593,8.71279],[13.364511,8.696629],[13.383784,8.681856],[13.394818,8.628141],[13.37099,8.607427],[13.354022,8.57584],[13.353779,8.566944],[13.329667,8.535544],[13.329474,8.528427],[13.303774,8.504186],[13.299911,8.493604],[13.281558,8.476286],[13.261084,8.446552]]}},
{"type":"Feature","properties":{},"geometry":{"type":"LineString","coordinates":[[10.348382,4.943517],[10.351701,4.920153],[10.360547,4.911083],[10.360329,4.891347],[10.369036,4.869719]]}},
{"type":"Feature","properties":{},"geometry":{"type":"LineString","coordinates":[[11.436435,4.104904],[11.427637,4.115736],[11.385089,4.137668],[11.376328,4.152081],[11.36569,4.157565],[11.358865,4.186279],[11.359153,4.213127],[11.375604,4.250537],[11.37574,4.263066],[11.361791,4.29186],[11.362006,4.311547],[11.371039,4.322187],[11.40331,4.337936],[11.424884,4.353801],[11.425064,4.369907],[11.405654,4.388025],[11.374228,4.447451],[11.370783,4.45823],[11.371193,4.494025],[11.380502,4.527927],[11.38096,4.567301],[11.393697,4.588629],[11.427835,4.609701],[11.444313,4.645298],[11.446311,4.66317],[11.453617,4.677399],[11.445199,4.718664]]}},
{"type":"Feature","properties":{},"geometry":{"type":"LineString","coordinates":[[12.501229,6.453828],[12.504629,6.444841],[12.502611,6.432386],[12.480543,6.397104],[12.478295,6.372158],[12.48173,6.364955],[12.482723,6.322102],[12.46187,6.25466],[12.461063,6.210052],[12.448038,6.179943],[12.447782,6.165668],[12.470545,6.142058],[12.475543,6.122336],[12.473475,6.106309],[12.466124,6.093946],[12.46584,6.077887],[12.438726,6.056947],[12.399134,6.036218],[12.384594,6.020404],[12.362524,5.981509],[12.353091,5.95132],[12.333057,5.926665],[12.334417,5.901645],[12.303363,5.857529],[12.29956,5.843307]]}},
{"type":"Feature","properties":{},"geometry":{"type":"LineString","coordinates":[[10.892406,5.755714],[10.915412,5.737473],[10.922369,5.723039],[10.907712,5.698153],[10.907515,5.683818],[10.921702,5.674663],[10.916237,5.66757],[10.921456,5.656745],[10.939267,5.651124],[10.96967,5.650705],[10.987331,5.634335],[11.00171,5.639512],[11.014202,5.637547],[11.039012,5.621078],[11.089096,5.622173],[11.103248,5.611228],[11.104713,5.587921],[11.118839,5.575186],[11.104317,5.559267],[11.104169,5.548521],[11.11641,5.528648],[11.116263,5.517903],[11.085561,5.495037],[11.058629,5.486446],[11.013628,5.463764],[10.997278,5.444274],[10.977423,5.430204],[10.977258,5.417664],[10.959169,5.401777],[10.95717,5.385676],[10.962345,5.371273],[10.976458,5.356753],[10.990664,5.3494],[11.010042,5.327645],[11.063655,5.326941],[11.077903,5.32317],[11.095913,5.33368],[11.113687,5.326279],[11.15335,5.352617],[11.171239,5.354168],[11.21619,5.375051],[11.242985,5.374688],[11.268089,5.381508],[11.30024,5.381068],[11.321403,5.361084],[11.33564,5.357308],[11.371429,5.362187],[11.378424,5.35135],[11.392684,5.349364],[11.412472,5.359829],[11.42497,5.359656],[11.442601,5.343304],[11.465809,5.342982],[11.487935,5.316369]]}},
{"type":"Feature","properties":{},"geometry":{"type":"LineString","coordinates":[[6.79565,15.392529],[6.80371,15.400052],[6.805734,15.409039],[6.793077,15.429107],[6.79357,15.456167],[6.810575,15.470311],[6.807932,15.476415]]}},
{"type":"Feature","properties":{},"geometry":{"type":"LineString","coordinates":[[6.399174,15.177344],[6.381874,15.199268],[6.3783,15.208349],[6.380361,15.220955],[6.373069,15.230091],[6.379252,15.267909],[6.358973,15.279047],[6.353538,15.288155],[6.374223,15.302286],[6.38541,15.303922],[6.406127,15.319855],[6.411911,15.332403],[6.412146,15.346841],[6.408485,15.350508],[6.389886,15.350791],[6.371431,15.360098],[6.371547,15.367317],[6.3587,15.378344],[6.353293,15.389257],[6.35204,15.427188],[6.340992,15.434576],[6.339304,15.445434],[6.343113,15.450792],[6.356168,15.4524],[6.361838,15.457729],[6.364108,15.482969],[6.390606,15.509644],[6.390842,15.524082],[6.411496,15.534595],[6.415339,15.541756],[6.411823,15.554447],[6.391729,15.578225],[6.391937,15.590859],[6.395869,15.603435],[6.412987,15.624832],[6.418432,15.657001]]}},
{"type":"Feature","properties":{},"geometry":{"type":"LineString","coordinates":[[6.146378,14.862241],[6.146575,14.875856],[6.12843,14.904997],[6.14731,14.926406],[6.169802,14.94054],[6.175745,14.965737],[6.186056,14.972816]]}},
{"type":"Feature","properties":{},"geometry":{"type":"LineString","coordinates":[[5.887291,15.255135],[5.872706,15.276995],[5.846882,15.293579],[5.845144,15.302631],[5.850872,15.313396],[5.845364,15.318884],[5.81772,15.339102],[5.778713,15.34501],[5.742013,15.385201],[5.74442,15.426714],[5.740838,15.437595],[5.75494,15.463719]]}},
{"type":"Feature","properties":{},"geometry":{"type":"LineString","coordinates":[[5.758509,15.486709],[5.758913,15.536711],[5.755259,15.542175],[5.759297,15.565605]]}},
{"type":"Feature","properties":{},"geometry":{"type":"LineString","coordinates":[[5.692811,15.259554],[5.716693,15.298811],[5.715438,15.345789]]}},
{"type":"Feature","properties":{},"geometry":{"type":"LineString","coordinates":[[5.571192,15.185805],[5.600104,15.200845],[5.628789,15.198493]]}},
{"type":"Feature","properties":{},"geometry":{"type":"LineString","coordinates":[[5.430114,14.908058],[5.430317,14.926123],[5.441587,14.936843],[5.445446,14.949448],[5.445938,14.992802],[5.457294,15.010746]]}},
{"type":"Feature","properties":{},"geometry":{"type":"LineString","coordinates":[[5.533853,15.105651],[5.532132,15.116715],[5.541622,15.132867],[5.54173,15.141898],[5.555935,15.154591]]}},
{"type":"Feature","properties":{},"geometry":{"type":"LineString","coordinates":[[5.714746,15.033504],[5.723874,15.038019]]}},
{"type":"Feature","properties":{},"geometry":{"type":"LineString","coordinates":[[6.090766,15.064417],[6.11054,15.081738],[6.11452,15.099741],[6.125881,15.11403],[6.114915,15.126822],[6.103843,15.132391],[6.104528,15.179331],[6.09547,15.195707],[6.095761,15.215567],[6.125989,15.24765],[6.126069,15.253066],[6.116905,15.262222],[6.105746,15.262378],[6.096554,15.269728],[6.094933,15.286002],[6.074895,15.31517],[6.075265,15.340446]]}},
{"type":"Feature","properties":{},"geometry":{"type":"LineString","coordinates":[[5.953055,14.982714],[5.973487,14.982448],[5.984858,14.998552],[5.985008,15.009386],[5.997257,15.022331]]}},
{"type":"Feature","properties":{},"geometry":{"type":"LineString","coordinates":[[5.894526,14.913029],[5.90205,14.920157],[5.904029,14.929162],[5.885723,14.949261],[5.885795,14.954679],[5.897134,14.968983],[5.901043,14.983381],[5.926591,14.985542]]}},
{"type":"Feature","properties":{},"geometry":{"type":"LineString","coordinates":[[6.076368,14.427157],[6.084983,14.417498],[6.094396,14.428209],[6.111169,14.435212],[6.150074,14.434695],[6.163348,14.456185],[6.18944,14.466667],[6.233904,14.466061],[6.254784,14.500078],[6.267887,14.508924],[6.275485,14.521457],[6.290523,14.53569],[6.311041,14.544428],[6.35568,14.554625],[6.472365,14.54931]]}},
{"type":"Feature","properties":{},"geometry":{"type":"LineString","coordinates":[[5.926729,14.681911],[5.924682,14.667489],[5.909652,14.653229],[5.88359,14.646329],[5.883307,14.62466],[5.863842,14.599109]]}},
{"type":"Feature","properties":{},"geometry":{"type":"LineString","coordinates":[[5.431756,14.290151],[5.441039,14.291862]]}},
{"type":"Feature","properties":{},"geometry":{"type":"LineString","coordinates":[[5.59747,14.362467],[5.584583,14.369834],[5.581002,14.380713],[5.566322,14.393518],[5.518199,14.399456]]}},
{"type":"Feature","properties":{},"geometry":{"type":"LineString","coordinates":[[5.629581,14.4145],[5.629794,14.432563],[5.615156,14.448984],[5.615664,14.492334],[5.621396,14.506722]]}},
{"type":"Feature","properties":{},"geometry":{"type":"LineString","coordinates":[[5.39144,14.501893],[5.398777,14.498263]]}},
{"type":"Feature","properties":{},"geometry":{"type":"LineString","coordinates":[[5.337725,14.477198],[5.345066,14.469897],[5.343117,14.460882],[5.350419,14.449968],[5.348337,14.428308],[5.357454,14.413762],[5.357468,14.404728]]}},
{"type":"Feature","properties":{},"geometry":{"type":"LineString","coordinates":[[5.446577,14.638691],[5.459699,14.633339],[5.480107,14.633122],[5.491157,14.625777],[5.509708,14.625578],[5.515377,14.63455],[5.515501,14.645389],[5.539974,14.675834],[5.556778,14.684682],[5.580901,14.684415],[5.603103,14.678748],[5.606943,14.689544],[5.601504,14.700443],[5.609034,14.709391],[5.613111,14.740055],[5.644947,14.763176],[5.646978,14.777604]]}},
{"type":"Feature","properties":{},"geometry":{"type":"LineString","coordinates":[[5.40624,14.834442],[5.400449,14.814629],[5.387312,14.802118],[5.387233,14.794892],[5.400091,14.782112],[5.392546,14.77135],[5.396517,14.751229]]}},
{"type":"Feature","properties":{},"geometry":{"type":"LineString","coordinates":[[5.309485,14.614797],[5.287502,14.642117],[5.261541,14.644176],[5.261819,14.671277],[5.25074,14.676805],[5.19133,14.675567],[5.180248,14.681092],[5.185924,14.691881],[5.156242,14.693966],[5.13754,14.679683],[5.137469,14.672455],[5.126246,14.663523],[5.094676,14.662003],[5.062325,14.691422]]}},
{"type":"Feature","properties":{},"geometry":{"type":"LineString","coordinates":[[4.580038,14.671494],[4.567106,14.680619],[4.563469,14.691489],[4.556081,14.696961],[4.522657,14.697183],[4.515254,14.700847],[4.49313,14.724488],[4.49318,14.731718],[4.480216,14.737225],[4.469181,14.753563],[4.432091,14.762834],[4.422863,14.771929],[4.423063,14.802657],[4.419371,14.806295],[4.378519,14.810159],[4.343362,14.833865],[4.326616,14.830347],[4.296745,14.807017],[4.268875,14.807173],[4.244802,14.821766],[4.213223,14.823742],[4.165219,14.881839],[4.165026,14.902569]]}},
{"type":"Feature","properties":{},"geometry":{"type":"LineString","coordinates":[[5.633901,14.924074],[5.632241,14.940351],[5.621205,14.94951],[5.621468,14.971184],[5.593829,14.991165]]}},
{"type":"Feature","properties":{},"geometry":{"type":"LineString","coordinates":[[1.078487,8.526722],[1.056882,8.52202],[1.053126,8.51394]]}},
{"type":"Feature","properties":{},"geometry":{"type":"LineString","coordinates":[[3.536806,9.500903],[3.53809,9.477208],[3.554705,9.454092]]}},
{"type":"Feature","properties":{},"geometry":{"type":"LineString","coordinates":[[3.24997,8.718254],[3.249956,8.698357],[3.253589,8.692928],[3.297187,8.653102]]}},
{"type":"Feature","properties":{},"geometry":{"type":"LineString","coordinates":[[3.498334,8.889345],[3.480123,8.871281],[3.465521,8.829697],[3.450057,8.806702]]}},
{"type":"Feature","properties":{},"geometry":{"type":"LineString","coordinates":[[4.480222,8.179105],[4.472022,8.178093],[4.464148,8.18373]]}},
{"type":"Feature","properties":{},"geometry":{"type":"LineString","coordinates":[[4.483279,8.172407],[4.458351,8.177063]]}},
{"type":"Feature","properties":{},"geometry":{"type":"LineString","coordinates":[[7.92253,10.148365],[7.930611,10.135324],[7.932187,10.106894],[7.930397,10.088483],[7.925121,10.079835]]}},
{"type":"Feature","properties":{},"geometry":{"type":"LineString","coordinates":[[7.964831,9.819705],[7.969712,9.803814],[7.957242,9.798189]]}},
{"type":"Feature","properties":{},"geometry":{"type":"LineString","coordinates":[[8.692392,6.012539],[8.702403,6.009069],[8.720741,5.979759],[8.730665,5.930131],[8.724384,5.899586],[8.714515,5.891475]]}},
{"type":"Feature","properties":{},"geometry":{"type":"LineString","coordinates":[[9.110125,10.596287],[9.102437,10.588975],[9.105349,10.583695],[9.096953,10.578636],[9.089474,10.581765],[9.080374,10.568468]]}},
{"type":"Feature","properties":{},"geometry":{"type":"LineString","coordinates":[[10.054548,7.382645],[10.066259,7.37123],[10.073052,7.345983],[10.06883,7.306547],[10.08453,7.275775],[10.076689,7.234601],[10.083627,7.218333],[10.096041,7.207366],[10.101124,7.187537],[10.115335,7.176543],[10.127467,7.147628],[10.126881,7.109934],[10.1067,7.083314],[10.102913,7.070804],[10.104296,7.043851],[10.094957,7.020652],[10.067381,6.979772],[10.072528,6.963534],[10.063383,6.952898],[10.06306,6.931356],[10.057429,6.915279],[10.059504,6.900819],[10.04901,6.889549],[10.048122,6.879881],[10.050619,6.872397],[10.075644,6.851547],[10.096035,6.844916],[10.110676,6.833121]]}},
{"type":"Feature","properties":{},"geometry":{"type":"LineString","coordinates":[[9.671832,7.698992],[9.689757,7.693321],[9.718656,7.698258],[9.741896,7.68711],[9.770764,7.690248],[9.779653,7.682919],[9.786627,7.668436],[9.847263,7.631542],[9.866776,7.613268],[9.87186,7.593427],[9.905539,7.560559],[9.917849,7.542401],[9.92299,7.526154],[9.937184,7.513356],[9.949378,7.488017],[9.972365,7.462509],[9.984187,7.413831],[10.01799,7.389951],[10.032996,7.384783]]}},
{"type":"Feature","properties":{},"geometry":{"type":"LineString","coordinates":[[10.468016,8.977757],[10.450088,8.983504],[10.441252,8.992655],[10.414193,8.993203],[10.405282,8.998766],[10.374537,8.995797],[10.351264,9.005238],[10.316667,9.010859]]}},
{"type":"Feature","properties":{},"geometry":{"type":"LineString","coordinates":[[9.921218,10.59979],[9.898915,10.576929],[9.904077,10.564241],[9.93831,10.55271],[9.948994,10.543493],[9.968952,10.543052],[9.979715,10.537425],[9.99963,10.535188],[10.017362,10.516833],[10.022112,10.486197],[10.030814,10.469841],[10.025129,10.459191],[10.024684,10.439445],[10.040396,10.41216],[10.036625,10.370938]]}},
{"type":"Feature","properties":{},"geometry":{"type":"LineString","coordinates":[[9.585474,11.735703],[9.580176,11.743015],[9.596799,11.751617],[9.602569,11.764066],[9.590365,11.787717]]}},
{"type":"Feature","properties":{},"geometry":{"type":"LineString","coordinates":[[8.655427,11.494543],[8.645308,11.510526],[8.645638,11.526992],[8.632135,11.547846],[8.616127,11.558432],[8.597837,11.556986],[8.579763,11.566339],[8.52521,11.578192],[8.501406,11.575045],[8.48873,11.580688],[8.472299,11.581],[8.463379,11.591975]]}},
{"type":"Feature","properties":{},"geometry":{"type":"LineString","coordinates":[[8.347842,11.573043],[8.35712,11.575956],[8.382583,11.57008],[8.391747,11.57171],[8.39926,11.582376],[8.392024,11.586114],[8.382859,11.584484],[8.370213,11.591925],[8.370282,11.595526],[8.375865,11.600825],[8.408771,11.602011],[8.41439,11.609109]]}},
{"type":"Feature","properties":{},"geometry":{"type":"LineString","coordinates":[[8.41208,6.725046],[8.41194,6.71244],[8.420767,6.696132],[8.418806,6.681745],[8.425912,6.672661],[8.42721,6.623137]]}},
{"type":"Feature","properties":{},"geometry":{"type":"LineString","coordinates":[[8.42161,6.605187],[8.396051,6.577527],[8.397658,6.559497],[8.388498,6.545187],[8.366695,6.527408],[8.370086,6.507558],[8.385985,6.478569],[8.385755,6.456956],[8.372943,6.437279],[8.383574,6.420955],[8.383461,6.410149],[8.365043,6.370715],[8.364818,6.349102],[8.384115,6.300268],[8.382259,6.294883]]}},
{"type":"Feature","properties":{},"geometry":{"type":"LineString","coordinates":[[8.490209,6.454958],[8.47924,6.44335],[8.468419,6.441665],[8.468323,6.432662],[8.45551,6.412988],[8.44988,6.391436],[8.43165,6.370016],[8.429245,6.312407],[8.446905,6.279803]]}},
{"type":"Feature","properties":{},"geometry":{"type":"LineString","coordinates":[[8.560034,6.58653],[8.54723,6.568665],[8.54523,6.55068],[8.510705,6.522247],[8.505108,6.5043],[8.496008,6.495395],[8.497526,6.465685]]}},
{"type":"Feature","properties":{},"geometry":{"type":"LineString","coordinates":[[7.240793,4.866151],[7.26396,4.857865],[7.280181,4.863174]]}},
{"type":"Feature","properties":{},"geometry":{"type":"LineString","coordinates":[[7.696639,11.426354],[7.673602,11.437721],[7.664904,11.449392]]}},
{"type":"Feature","properties":{},"geometry":{"type":"LineString","coordinates":[[6.462763,11.766858],[6.449375,11.778283],[6.449881,11.802228],[6.435244,11.804849],[6.436534,11.836452],[6.428463,11.846523],[6.432546,11.864522],[6.409976,11.888713],[6.423925,11.902318],[6.424805,11.917506],[6.417968,11.930039],[6.404866,11.940275],[6.405036,11.956592],[6.414215,11.963197],[6.420638,11.977978],[6.43834,11.984583],[6.440858,11.996633],[6.452316,12.005917],[6.45717,12.025041],[6.46199,12.02605],[6.465546,12.037302],[6.47449,12.044964]]}},
{"type":"Feature","properties":{},"geometry":{"type":"LineString","coordinates":[[7.265751,11.397195],[7.274864,11.395258],[7.285913,11.400508],[7.300862,11.421936],[7.324928,11.441422],[7.328776,11.453992],[7.323566,11.472107],[7.331183,11.491836],[7.331459,11.50987],[7.322592,11.528039],[7.299232,11.555444],[7.301447,11.580665],[7.292577,11.598835],[7.294766,11.622252],[7.269706,11.658704],[7.269871,11.669524],[7.259252,11.693133],[7.261247,11.703927]]}},
{"type":"Feature","properties":{},"geometry":{"type":"LineString","coordinates":[[7.139813,5.76722],[7.152152,5.744978],[7.166471,5.732244],[7.171731,5.712357],[7.187771,5.688784]]}},
{"type":"Feature","properties":{},"geometry":{"type":"LineString","coordinates":[[7.116461,5.792154],[7.127232,5.786662],[7.137545,5.774093]]}},
{"type":"Feature","properties":{},"geometry":{"type":"LineString","coordinates":[[6.439319,4.768555],[6.426736,4.77223],[6.410872,4.785199]]}},
{"type":"Feature","properties":{},"geometry":{"type":"LineString","coordinates":[[6.362088,4.805059],[6.374628,4.792355],[6.381829,4.792319]]}},
{"type":"Feature","properties":{},"geometry":{"type":"LineString","coordinates":[[6.649921,4.577447],[6.599341,4.573912]]}},
{"type":"Feature","properties":{},"geometry":{"type":"LineString","coordinates":[[6.565055,4.554221],[6.561561,4.538167]]}},
{"type":"Feature","properties":{},"geometry":{"type":"LineString","coordinates":[[6.464637,4.589205],[6.487988,4.580061],[6.509599,4.583567],[6.531149,4.574432],[6.538311,4.567174],[6.557903,4.563285]]}},
{"type":"Feature","properties":{},"geometry":{"type":"LineString","coordinates":[[6.136788,11.67522],[6.10534,11.648472],[6.098012,11.64855],[6.081404,11.637892]]}},
{"type":"Feature","properties":{},"geometry":{"type":"LineString","coordinates":[[4.764213,6.203559],[4.762539,6.243346],[4.766213,6.261416],[4.761146,6.281187]]}},
{"type":"Feature","properties":{},"geometry":{"type":"LineString","coordinates":[[4.639889,8.151845],[4.626627,8.16643],[4.606679,8.170127],[4.584966,8.186487],[4.570447,8.186543],[4.552355,8.201079],[4.545144,8.213765]]}},
{"type":"Feature","properties":{},"geometry":{"type":"LineString","coordinates":[[5.175397,8.31208],[5.164297,8.29446],[5.167989,8.285007],[5.164281,8.270565],[5.169606,8.248844],[5.152653,8.223181],[5.15078,8.212344],[5.158436,8.196483],[5.134696,8.167686],[5.136375,8.142368],[5.127162,8.115301]]}},
{"type":"Feature","properties":{},"geometry":{"type":"LineString","coordinates":[[4.55067,8.216444],[4.532439,8.213814],[4.50898,8.221136]]}},
{"type":"Feature","properties":{},"geometry":{"type":"LineString","coordinates":[[4.62335,8.253238],[4.605184,8.249695],[4.583331,8.231699],[4.561372,8.222679]]}},
{"type":"Feature","properties":{},"geometry":{"type":"LineString","coordinates":[[5.262216,14.528529],[5.227139,14.545128],[5.20488,14.545339],[5.197371,14.536374],[5.176601,14.536568]]}},
{"type":"Feature","properties":{},"geometry":{"type":"LineString","coordinates":[[5.154459,14.579346],[5.154902,14.556646],[5.167397,14.543881]]}},
{"type":"Feature","properties":{},"geometry":{"type":"LineString","coordinates":[[3.550646,4.497885],[3.543433,4.494273],[3.520001,4.496099],[3.509179,4.487061],[3.500165,4.485258],[3.487535,4.467175],[3.473112,4.463567],[3.42622,4.418367],[3.402558,4.407084],[3.399173,4.400291]]}},
{"type":"Feature","properties":{},"geometry":{"type":"LineString","coordinates":[[3.649951,4.656226],[3.676994,4.654391],[3.698636,4.661606],[3.723902,4.685098],[3.736527,4.688703],[3.757488,4.709677],[3.776221,4.713985],[3.787049,4.723018],[3.80689,4.728422],[3.821325,4.73745],[3.835767,4.751904],[3.837596,4.77361],[3.86469,4.809755]]}},
{"type":"Feature","properties":{},"geometry":{"type":"LineString","coordinates":[[3.736542,10.27374],[3.707583,10.244184],[3.694731,10.211658],[3.676431,10.191801],[3.676362,10.159246],[3.665365,10.137566],[3.676271,10.11584],[3.67439,10.088715]]}},
{"type":"Feature","properties":{},"geometry":{"type":"LineString","coordinates":[[3.765354,11.475089],[3.759975,11.520313],[3.767408,11.556461],[3.763893,11.612532],[3.740113,11.637911],[3.738336,11.659616],[3.720036,11.677747],[3.703537,11.683213],[3.690721,11.694095],[3.670659,11.744778],[3.65786,11.7647],[3.613895,11.802775],[3.562634,11.869794]]}},
{"type":"Feature","properties":{},"geometry":{"type":"LineString","coordinates":[[3.485605,11.918764],[3.437877,11.931502],[3.403018,11.955064],[3.384658,11.960515],[3.353478,11.994917],[3.33151,12.056432],[3.331523,12.067283],[3.340722,12.076314],[3.36462,12.083517],[3.390367,12.09795],[3.410581,12.09792],[3.43635,12.123199],[3.432694,12.135864],[3.412502,12.152171],[3.412558,12.188339],[3.438351,12.22266],[3.445741,12.244349],[3.423712,12.266085],[3.416746,12.27953]]}},
{"type":"Feature","properties":{},"geometry":{"type":"LineString","coordinates":[[3.634099,11.611037],[3.62822,11.643602],[3.613591,11.665335],[3.6063,11.687052],[3.610021,11.710553],[3.606379,11.723221],[3.613747,11.735864],[3.613799,11.759374],[3.623053,11.793714]]}},
{"type":"Feature","properties":{},"geometry":{"type":"LineString","coordinates":[[3.673807,11.52776],[3.65549,11.536843],[3.648649,11.556751]]}},
{"type":"Feature","properties":{},"geometry":{"type":"LineString","coordinates":[[3.516858,10.846265],[3.520492,10.831791],[3.536925,10.813677],[3.54238,10.795582],[3.554332,10.786517]]}},
{"type":"Feature","properties":{},"geometry":{"type":"LineString","coordinates":[[3.669328,11.120865],[3.678459,11.109993],[3.676553,11.077445],[3.687501,11.061144],[3.68745,11.039442],[3.69657,11.024953],[3.696536,11.010485],[3.679991,10.979778],[3.678111,10.95808],[3.639603,10.923801],[3.635912,10.909341],[3.617576,10.891294],[3.612035,10.865985],[3.590001,10.82624],[3.580836,10.817214],[3.576432,10.7972]]}},
{"type":"Feature","properties":{},"geometry":{"type":"LineString","coordinates":[[3.563417,10.753947],[3.558503,10.749289],[3.555106,10.752153],[3.52214,10.726891],[3.507479,10.708829],[3.49646,10.679909],[3.499648,10.636497]]}},
{"type":"Feature","properties":{},"geometry":{"type":"LineString","coordinates":[[3.486824,10.62024],[3.483535,10.60035],[3.468847,10.574682]]}},
{"type":"Feature","properties":{},"geometry":{"type":"LineString","coordinates":[[3.434199,10.6167],[3.445134,10.593173],[3.465081,10.575191]]}},
{"type":"Feature","properties":{},"geometry":{"type":"LineString","coordinates":[[3.051027,11.427257],[3.069364,11.443529],[3.091368,11.454375],[3.144561,11.499567],[3.172076,11.514021],[3.190899,11.533903]]}},
{"type":"Feature","properties":{},"geometry":{"type":"LineString","coordinates":[[3.117017,11.407343],[3.168368,11.447106],[3.18488,11.465182],[3.216063,11.481438],[3.238084,11.503123],[3.254627,11.546514],[3.27163,11.571818]]}},
{"type":"Feature","properties":{},"geometry":{"type":"LineString","coordinates":[[3.229429,11.553769],[3.271644,11.586287]]}},
{"type":"Feature","properties":{},"geometry":{"type":"LineString","coordinates":[[3.313313,10.396189],[3.324471,10.369662]]}},
{"type":"Feature","properties":{},"geometry":{"type":"LineString","coordinates":[[3.265834,10.421553],[3.26398,10.388998],[3.269451,10.378141],[3.267606,10.356439],[3.273077,10.345582],[3.271463,10.333538]]}},
{"type":"Feature","properties":{},"geometry":{"type":"LineString","coordinates":[[3.168942,10.316714],[3.170765,10.311288],[3.196329,10.300421],[3.207289,10.302223],[3.220292,10.295594]]}},
{"type":"Feature","properties":{},"geometry":{"type":"LineString","coordinates":[[3.110121,10.282374],[3.128726,10.23715],[3.145379,10.225098]]}},
{"type":"Feature","properties":{},"geometry":{"type":"LineString","coordinates":[[3.4882,4.759475],[3.464761,4.764918],[3.455749,4.772161],[3.437716,4.772172],[3.416069,4.759522],[3.370982,4.752311],[3.348476,4.738834]]}},
{"type":"Feature","properties":{},"geometry":{"type":"LineString","coordinates":[[3.345678,4.634731],[3.349291,4.649202],[3.365531,4.672713],[3.367338,4.681757],[3.361933,4.688997],[3.360143,4.714325],[3.349327,4.721568],[3.344866,4.731599]]}},
{"type":"Feature","properties":{},"geometry":{"type":"LineString","coordinates":[[2.847445,11.591799],[2.926302,11.667789],[2.928129,11.696726],[2.945112,11.718432]]}},
{"type":"Feature","properties":{},"geometry":{"type":"LineString","coordinates":[[3.016691,11.839608],[3.032745,11.861309],[3.069476,11.895664],[3.087854,11.940871],[3.126439,11.97341],[3.141144,11.993296],[3.150344,12.020418],[3.179759,12.049337]]}},
{"type":"Feature","properties":{},"geometry":{"type":"LineString","coordinates":[[2.952447,11.756413],[2.952446,11.76003]]}},
{"type":"Feature","properties":{},"geometry":{"type":"LineString","coordinates":[[2.946934,11.787156],[2.96162,11.78535]]}},
{"type":"Feature","properties":{},"geometry":{"type":"LineString","coordinates":[[2.878587,11.689475],[2.91527,11.743744],[2.922604,11.769066],[2.932252,11.778111]]}},
{"type":"Feature","properties":{},"geometry":{"type":"LineString","coordinates":[[2.338647,11.442791],[2.361586,11.396975]]}},
{"type":"Feature","properties":{},"geometry":{"type":"LineString","coordinates":[[1.647856,8.556715],[1.636982,8.549443],[1.604307,8.542093],[1.589814,8.531191],[1.575288,8.529329],[1.566281,8.523406]]}},
{"type":"Feature","properties":{},"geometry":{"type":"LineString","coordinates":[[1.549974,8.512495],[1.531829,8.493001],[1.531849,8.487576],[1.511918,8.474843],[1.497451,8.458513],[1.437591,8.440196],[1.430371,8.429317],[1.430437,8.413044],[1.421416,8.398541],[1.430589,8.375072],[1.40525,8.35508],[1.396246,8.336961],[1.360018,8.316922],[1.345511,8.313246],[1.334657,8.30416],[1.321942,8.305915],[1.294829,8.278678],[1.284133,8.233429],[1.289609,8.226219],[1.289664,8.213563],[1.298792,8.200945],[1.302632,8.170803]]}},
{"type":"Feature","properties":{},"geometry":{"type":"LineString","coordinates":[[1.904694,11.689219],[1.867546,11.665567]]}},
{"type":"Feature","properties":{},"geometry":{"type":"LineString","coordinates":[[1.588942,11.653486],[1.594821,11.655323],[1.609531,11.648163],[1.62059,11.637367],[1.637114,11.63383],[1.664712,11.615878],[1.694064,11.614204],[1.72521,11.621576],[1.763766,11.612703],[1.785829,11.60014],[1.820705,11.593052],[1.855536,11.596807]]}},
{"type":"Feature","properties":{},"geometry":{"type":"LineString","coordinates":[[1.777162,11.902064],[1.825037,11.86972],[1.834331,11.842636],[1.8344,11.826364],[1.839945,11.817345],[1.838261,11.781175],[1.845647,11.770355],[1.84021,11.75406],[1.843925,11.743226],[1.829414,11.703386],[1.827157,11.672638]]}},
{"type":"Feature","properties":{},"geometry":{"type":"LineString","coordinates":[[1.439513,11.108521],[1.451084,11.101349],[1.496885,11.094349],[1.528131,11.069191],[1.548266,11.069288],[1.557471,11.058484]]}},
{"type":"Feature","properties":{},"geometry":{"type":"LineString","coordinates":[[1.414036,10.76668],[1.434534,10.766785],[1.458488,10.730743],[1.485949,10.723646],[1.496954,10.716467],[1.511703,10.691225],[1.541039,10.673283],[1.566784,10.640855],[1.590562,10.637346],[1.60889,10.626579],[1.623512,10.626644],[1.63633,10.621275],[1.643642,10.621306],[1.660036,10.634034],[1.676472,10.637721],[1.692861,10.652255],[1.70929,10.657748],[1.723839,10.67589],[1.736614,10.681367],[1.784119,10.688788],[1.800581,10.687043],[1.813357,10.692517],[1.844453,10.689017],[1.875508,10.696363],[1.913962,10.680224],[1.939558,10.680313],[1.987179,10.655153],[2.038358,10.658932],[2.052962,10.666209],[2.118786,10.664594],[2.127949,10.657385],[2.149903,10.65202],[2.164569,10.637591],[2.188345,10.634037],[2.208488,10.621429],[2.215796,10.623256],[2.226782,10.616049],[2.24324,10.614281]]}},
{"type":"Feature","properties":{},"geometry":{"type":"LineString","coordinates":[[1.331477,8.87962],[1.271425,8.875463],[1.267772,8.879063],[1.242312,8.880752],[1.231421,8.877084],[1.205918,8.88781],[1.193121,8.902212],[1.169216,8.956334],[1.172672,8.99251],[1.167171,9.001523],[1.167107,9.014178],[1.14524,9.033273]]}},
{"type":"Feature","properties":{},"geometry":{"type":"LineString","coordinates":[[1.489505,8.898108],[1.469542,8.888986],[1.435019,8.883417],[1.389573,8.881416],[1.382277,8.886808],[1.373186,8.886769],[1.355104,8.881533]]}},
{"type":"Feature","properties":{},"geometry":{"type":"LineString","coordinates":[[1.429687,8.854464],[1.386087,8.847046],[1.355166,8.850528],[1.287912,8.848418],[1.282487,8.851442]]}},
{"type":"Feature","properties":{},"geometry":{"type":"LineString","coordinates":[[1.258795,8.86399],[1.244199,8.866296],[1.235057,8.877101]]}},
{"type":"Feature","properties":{},"geometry":{"type":"LineString","coordinates":[[1.143867,10.575401],[1.133153,10.555416]]}},
{"type":"Feature","properties":{},"geometry":{"type":"LineString","coordinates":[[1.304614,10.607005],[1.271691,10.612249],[1.260757,10.606765],[1.244311,10.606674],[1.233271,10.597609]]}},
{"type":"Feature","properties":{},"geometry":{"type":"LineString","coordinates":[[1.32747,10.771649],[1.31652,10.767974],[1.292741,10.769651],[1.2253,10.743963]]}},
{"type":"Feature","properties":{},"geometry":{"type":"LineString","coordinates":[[0.356465,10.602272],[0.334676,10.587634],[0.327059,10.572678]]}},
{"type":"Feature","properties":{},"geometry":{"type":"LineString","coordinates":[[0.303759,10.572916],[0.298265,10.574677],[0.283785,10.560098]]}},
{"type":"Feature","properties":{},"geometry":{"type":"LineString","coordinates":[[0.983453,8.778073],[0.974771,8.793371],[0.974682,8.809641],[0.969191,8.816842],[0.967294,8.831294],[0.952665,8.847485],[0.930784,8.860018]]}},
{"type":"Feature","properties":{},"geometry":{"type":"LineString","coordinates":[[5.277105,14.387447],[5.252318,14.38282]]}},
{"type":"Feature","properties":{},"geometry":{"type":"LineString","coordinates":[[6.476762,4.696694],[6.447946,4.693225],[6.438911,4.686046],[6.413686,4.680752],[6.401043,4.671784],[6.379418,4.66647],[6.363124,4.646682],[6.327014,4.623374],[6.318818,4.622416]]}},
{"type":"Feature","properties":{},"geometry":{"type":"LineString","coordinates":[[6.600943,4.696063],[6.552352,4.696312],[6.532592,4.703636],[6.505174,4.700163]]}},
{"type":"Feature","properties":{},"geometry":{"type":"LineString","coordinates":[[4.67285,6.849149],[4.628427,6.88911]]}},
{"type":"Feature","properties":{},"geometry":{"type":"LineString","coordinates":[[7.945566,4.825108],[7.93926,4.812683],[7.940377,4.795215],[7.902473,4.709433],[7.903546,4.685105],[7.934475,4.66431],[7.931859,4.645621],[7.917295,4.621741]]}},
{"type":"Feature","properties":{},"geometry":{"type":"LineString","coordinates":[[7.987578,4.713329],[7.97536,4.704272],[7.9664,4.687154],[7.956453,4.686671],[7.934475,4.66431]]}},
{"type":"Feature","properties":{},"geometry":{"type":"LineString","coordinates":[[-0.314757,11.635912],[-0.308255,11.657643],[-0.316956,11.678782],[-0.324655,11.686605],[-0.317204,11.699602],[-0.325143,11.727412],[-0.32158,11.747443],[-0.336606,11.766841],[-0.374771,11.777219],[-0.376283,11.797189],[-0.372627,11.809309],[-0.364318,11.814511]]}},
{"type":"Feature","properties":{},"geometry":{"type":"LineString","coordinates":[[-0.317204,11.699602],[-0.304382,11.699195]]}},
{"type":"Feature","properties":{},"geometry":{"type":"LineString","coordinates":[[-0.325143,11.727412],[-0.321383,11.731065],[-0.291559,11.734465],[-0.284048,11.742602],[-0.26856,11.743336],[-0.259317,11.752886]]}},
{"type":"Feature","properties":{},"geometry":{"type":"LineString","coordinates":[[-0.392778,11.717594],[-0.397797,11.71337],[-0.413641,11.713614]]}},
{"type":"Feature","properties":{},"geometry":{"type":"LineString","coordinates":[[-0.501228,11.594009],[-0.504998,11.602846],[-0.503816,11.620904],[-0.527062,11.633389],[-0.526681,11.647828],[-0.521752,11.654614]]}},
{"type":"Feature","properties":{},"geometry":{"type":"LineString","coordinates":[[-0.609539,11.535719],[-0.643779,11.542692],[-0.645429,11.554143],[-0.639604,11.561975]]}},
{"type":"Feature","properties":{},"geometry":{"type":"LineString","coordinates":[[-0.655236,11.52904],[-0.645903,11.547291]]}},
{"type":"Feature","properties":{},"geometry":{"type":"LineString","coordinates":[[-0.693765,11.503522],[-0.675261,11.496222],[-0.664439,11.47175]]}},
{"type":"Feature","properties":{},"geometry":{"type":"LineString","coordinates":[[-0.669918,11.489259],[-0.65252,11.507611]]}},
{"type":"Feature","properties":{},"geometry":{"type":"LineString","coordinates":[[-0.681154,11.45165],[-0.703572,11.444705],[-0.704718,11.431172]]}},
{"type":"Feature","properties":{},"geometry":{"type":"LineString","coordinates":[[0.000577,11.511656],[-0.005816,11.517005],[-0.009178,11.532816]]}},
{"type":"Feature","properties":{},"geometry":{"type":"LineString","coordinates":[[6.948878,3.939645],[6.944794,3.952568],[6.938581,3.95343],[6.924693,3.967314]]}},
{"type":"Feature","properties":{},"geometry":{"type":"LineString","coordinates":[[7.012764,3.952241],[6.999528,3.957716],[6.983894,3.98156]]}},
{"type":"Feature","properties":{},"geometry":{"type":"LineString","coordinates":[[6.943574,3.869112],[6.899284,3.869263],[6.885514,3.861056],[6.861991,3.856496]]}},
{"type":"Feature","properties":{},"geometry":{"type":"LineString","coordinates":[[6.939956,3.80315],[6.925696,3.795722],[6.892653,3.790045],[6.881604,3.781579],[6.869044,3.786148]]}},
{"type":"Feature","properties":{},"geometry":{"type":"LineString","coordinates":[[6.908635,3.749592],[6.879985,3.736815],[6.869466,3.7393],[6.865223,3.734715],[6.850835,3.73207]]}},
{"type":"Feature","properties":{},"geometry":{"type":"LineString","coordinates":[[6.967856,3.726269],[6.953063,3.712661],[6.96017,3.695777],[6.949604,3.680185]]}},
{"type":"Feature","properties":{},"geometry":{"type":"LineString","coordinates":[[6.925122,3.724426],[6.926938,3.718682],[6.953409,3.707648]]}},
{"type":"Feature","properties":{},"geometry":{"type":"LineString","coordinates":[[7.014713,3.887785],[7.017192,3.866684],[7.03023,3.862134],[7.02928,3.852382],[7.036618,3.846243],[7.033432,3.834604],[7.039475,3.827175],[7.038964,3.808833]]}},
{"type":"Feature","properties":{},"geometry":{"type":"LineString","coordinates":[[7.070091,3.989165],[7.074814,3.977414],[7.095487,3.96984],[7.101667,3.956525]]}},
{"type":"Feature","properties":{},"geometry":{"type":"LineString","coordinates":[[7.058662,4.005962],[7.06694,4.003886],[7.091515,4.019301],[7.131649,4.022797]]}},
{"type":"Feature","properties":{},"geometry":{"type":"LineString","coordinates":[[7.067415,4.025342],[7.088035,4.023203],[7.091515,4.019301]]}},
{"type":"Feature","properties":{},"geometry":{"type":"LineString","coordinates":[[7.064994,4.044653],[7.058123,4.045798],[7.046456,4.057871]]}},
{"type":"Feature","properties":{},"geometry":{"type":"LineString","coordinates":[[7.092461,4.101374],[7.078571,4.112241]]}},
{"type":"Feature","properties":{},"geometry":{"type":"LineString","coordinates":[[6.648502,8.256046],[6.653043,8.243429],[6.670381,8.235709],[6.668573,8.227991],[6.683904,8.212332],[6.684326,8.202763],[6.670053,8.194548],[6.674474,8.18657],[6.690524,8.182557],[6.692041,8.17542],[6.701355,8.166582],[6.709311,8.16539],[6.718325,8.173754],[6.732454,8.172097],[6.739477,8.164095],[6.779054,8.153653],[6.790446,8.159754],[6.809326,8.158508],[6.815205,8.16466],[6.8323,8.163684],[6.858081,8.179361],[6.877868,8.182173],[6.877124,8.189709],[6.886551,8.193077],[6.894824,8.208971],[6.934304,8.22049],[6.948955,8.230519],[6.971436,8.218394],[6.985666,8.205096],[7.003083,8.210925],[7.023324,8.195618],[7.067,8.18343],[7.074532,8.186254],[7.086448,8.183386],[7.104846,8.193116],[7.175651,8.191473],[7.18674,8.212258],[7.220172,8.224341],[7.231892,8.246414],[7.250062,8.248738],[7.25217,8.252492],[7.274203,8.250884],[7.297198,8.242743],[7.328738,8.224126]]}},
{"type":"Feature","properties":{},"geometry":{"type":"LineString","coordinates":[[6.961009,8.589053],[6.964567,8.582715],[6.9841,8.570568],[6.992475,8.570006],[7.004351,8.559032],[7.019614,8.520151],[7.040089,8.497831],[7.061822,8.491705],[7.063644,8.483684],[7.078593,8.470575],[7.094155,8.464005],[7.101636,8.446974],[7.132298,8.426038],[7.138523,8.415869],[7.137616,8.407403],[7.127942,8.40052],[7.124036,8.391747],[7.148002,8.367993],[7.146136,8.354465],[7.155029,8.34096],[7.150085,8.333986],[7.150564,8.321628],[7.172015,8.295535],[7.198174,8.293599],[7.200285,8.280966],[7.207539,8.276516],[7.211561,8.261117],[7.23474,8.247412]]}},
{"type":"Feature","properties":{},"geometry":{"type":"LineString","coordinates":[[7.126067,8.685506],[7.13739,8.683366],[7.151843,8.65716],[7.173373,8.639556],[7.190617,8.637063],[7.194336,8.640683],[7.19954,8.636897],[7.200492,8.624412],[7.186425,8.613988],[7.195514,8.611651],[7.198888,8.596427],[7.183884,8.582386],[7.183544,8.571567],[7.170639,8.568808],[7.176732,8.558368],[7.17443,8.544052],[7.188249,8.546344],[7.19616,8.541071],[7.203198,8.526045],[7.219926,8.507328],[7.228035,8.506172],[7.235173,8.486416],[7.259718,8.482105],[7.264838,8.473965],[7.273245,8.472195],[7.290425,8.453085],[7.300248,8.448027],[7.305737,8.431951],[7.300108,8.421639],[7.313875,8.392202],[7.309272,8.377609],[7.320388,8.357812],[7.3441,8.355416],[7.363651,8.340603]]}},
{"type":"Feature","properties":{},"geometry":{"type":"LineString","coordinates":[[7.204765,9.118773],[7.227952,9.126032],[7.234874,9.123002],[7.249556,9.101515],[7.268122,9.096512],[7.275681,9.099408],[7.293649,9.089398],[7.307204,9.065104],[7.327787,9.078148],[7.335017,9.066899],[7.34185,9.067993],[7.3536,9.056386],[7.362618,9.056633],[7.37679,9.041315],[7.393905,9.044058],[7.398504,9.022702],[7.41185,9.010036],[7.420744,9.0097],[7.42267,8.997782],[7.434799,8.992373],[7.442671,8.996396],[7.452881,8.975227],[7.465954,8.971867],[7.482189,8.956488],[7.501305,8.946791],[7.517891,8.948647],[7.540205,8.939453],[7.569525,8.938749],[7.653113,8.919184],[7.715904,8.881798]]}},
{"type":"Feature","properties":{},"geometry":{"type":"LineString","coordinates":[[7.164826,8.945994],[7.184228,8.934282],[7.202987,8.94241],[7.210678,8.935204],[7.236418,8.950063],[7.240325,8.934154],[7.25679,8.93854],[7.265903,8.948198],[7.272265,8.941311],[7.281475,8.941713],[7.288401,8.94804],[7.332521,8.925765],[7.34924,8.925773],[7.379609,8.934312],[7.393216,8.930592],[7.402087,8.937096],[7.404873,8.947687],[7.428172,8.950663],[7.43508,8.955359],[7.445296,8.946187],[7.444905,8.939278],[7.450411,8.937992],[7.501305,8.946791]]}},
{"type":"Feature","properties":{},"geometry":{"type":"LineString","coordinates":[[7.271017,9.321487],[7.279899,9.30009],[7.290966,9.303822],[7.307692,9.293077],[7.324546,9.30677],[7.327397,9.319412],[7.347258,9.31673],[7.361927,9.331463],[7.37206,9.331339],[7.389595,9.321514],[7.40029,9.323364],[7.408967,9.317461],[7.419213,9.320231],[7.439868,9.314485],[7.451265,9.323339],[7.452467,9.333389],[7.461637,9.342119],[7.482099,9.333322],[7.486266,9.346993],[7.501436,9.356561],[7.50914,9.358598],[7.510411,9.350041],[7.519509,9.341234],[7.534466,9.346228],[7.539325,9.342049],[7.548927,9.348482],[7.560762,9.34955],[7.58755,9.373556],[7.61662,9.374981],[7.632834,9.369154],[7.659507,9.350945],[7.696576,9.348245],[7.708257,9.335465],[7.733687,9.323355],[7.747762,9.322655],[7.763006,9.332175],[7.771912,9.330349],[7.810185,9.289812]]}},
{"type":"Feature","properties":{},"geometry":{"type":"LineString","coordinates":[[7.742531,9.907659],[7.738298,9.896339],[7.751247,9.890182],[7.759629,9.892198],[7.773904,9.887117],[7.785837,9.893756],[7.798226,9.892969],[7.800864,9.891103],[7.797127,9.877234],[7.805831,9.876805],[7.812163,9.882405],[7.848648,9.872126],[7.861149,9.865188],[7.867109,9.855906],[7.865972,9.8482],[7.873494,9.851139],[7.887237,9.848603],[7.898901,9.840611],[7.898664,9.83147],[7.908536,9.827059],[7.923451,9.810382],[7.946121,9.805581],[7.948194,9.80056],[7.955755,9.801292]]}},
{"type":"Feature","properties":{},"geometry":{"type":"LineString","coordinates":[[7.660371,10.033175],[7.677454,10.036152],[7.694181,10.029919],[7.705852,10.018015],[7.707057,10.006802],[7.717342,10.008993],[7.716458,10.018066],[7.72104,10.01536],[7.727093,9.997895],[7.743259,9.990014],[7.761014,10.003965],[7.782372,10.002744],[7.79215,9.996794],[7.795504,10.001639],[7.816594,10.003163],[7.831192,10.023299],[7.85028,10.024545],[7.854687,10.031339],[7.879002,10.037687],[7.892004,10.04847],[7.924601,10.045597]]}},
{"type":"Feature","properties":{},"geometry":{"type":"LineString","coordinates":[[7.569585,10.311505],[7.582199,10.30231],[7.596736,10.300301],[7.62266,10.288568],[7.647603,10.29236],[7.65689,10.304848],[7.668731,10.304088],[7.684749,10.287826],[7.705685,10.281253],[7.716957,10.270178],[7.73698,10.27224],[7.759165,10.258319],[7.776085,10.26347],[7.792778,10.261395],[7.810784,10.248509],[7.830245,10.226271],[7.839716,10.22171],[7.849294,10.224158],[7.859211,10.218676],[7.873217,10.218924],[7.88577,10.204714],[7.910571,10.199014]]}},
{"type":"Feature","properties":{},"geometry":{"type":"LineString","coordinates":[[7.623896,10.194613],[7.644778,10.186864],[7.674613,10.196887],[7.690858,10.195739],[7.702301,10.182057],[7.710181,10.180724],[7.720639,10.183331],[7.723857,10.196787],[7.743847,10.195786],[7.751704,10.189472],[7.775347,10.191343],[7.789623,10.19811],[7.792914,10.193127],[7.801033,10.195558],[7.805621,10.207278],[7.815201,10.209982],[7.825068,10.23027]]}},
{"type":"Feature","properties":{},"geometry":{"type":"LineString","coordinates":[[7.638485,10.166272],[7.63872,10.182497],[7.644778,10.186864]]}},
{"type":"Feature","properties":{},"geometry":{"type":"LineString","coordinates":[[7.685902,10.126538],[7.695205,10.123494],[7.711409,10.134284],[7.719477,10.131096],[7.720612,10.121459],[7.727733,10.119008],[7.73535,10.127096],[7.745225,10.129031],[7.740986,10.13528],[7.753481,10.146368],[7.767014,10.175145],[7.772042,10.175975],[7.769931,10.1812],[7.775347,10.191343]]}},
{"type":"Feature","properties":{},"geometry":{"type":"LineString","coordinates":[[7.718888,10.586322],[7.751628,10.581256],[7.775648,10.565344],[7.826525,10.553138],[7.846889,10.553278]]}},
{"type":"Feature","properties":{},"geometry":{"type":"LineString","coordinates":[[7.526424,10.773336],[7.563759,10.787197],[7.572251,10.798024],[7.58933,10.805597],[7.59606,10.815458],[7.631855,10.833167],[7.636332,10.856781],[7.655228,10.870192]]}},
{"type":"Feature","properties":{},"geometry":{"type":"LineString","coordinates":[[7.571253,11.093759],[7.581931,11.072352],[7.599324,11.06919],[7.60984,11.050734],[7.618107,11.04644],[7.622158,11.016039],[7.627995,11.007716],[7.625854,10.9892],[7.635782,10.985999],[7.643766,10.963771],[7.660352,10.939124],[7.656022,10.925317],[7.645629,10.918361],[7.650294,10.900909],[7.647995,10.885292],[7.655228,10.870192]]}},
{"type":"Feature","properties":{},"geometry":{"type":"LineString","coordinates":[[6.908911,11.143103],[6.920327,11.145497],[6.95157,11.124844],[6.976805,11.139783]]}},
{"type":"Feature","properties":{},"geometry":{"type":"LineString","coordinates":[[7.030251,10.950293],[7.031933,10.957933],[7.074948,10.972142],[7.075182,10.979214],[7.084168,10.980585],[7.093163,10.991427],[7.112122,10.990014],[7.131858,11.011056],[7.142748,11.010755],[7.15731,11.026353],[7.182146,11.040316],[7.180132,11.047764]]}},
{"type":"Feature","properties":{},"geometry":{"type":"LineString","coordinates":[[7.250267,10.805086],[7.256101,10.824903],[7.266239,10.83622],[7.297088,10.847518],[7.31016,10.845675],[7.341091,10.857847],[7.367327,10.860661],[7.389397,10.874004],[7.415097,10.877601],[7.419604,10.885601],[7.437563,10.894356],[7.447594,10.916839]]}},
{"type":"Feature","properties":{},"geometry":{"type":"LineString","coordinates":[[7.220584,10.839834],[7.227302,10.867117],[7.245566,10.896405],[7.26178,10.904213],[7.262158,10.918174],[7.27878,10.93655],[7.291345,10.956778],[7.29224,10.965306],[7.298808,10.971162],[7.31271,10.97188],[7.320189,10.976655],[7.328882,10.988711]]}},
{"type":"Feature","properties":{},"geometry":{"type":"LineString","coordinates":[[7.163129,10.88391],[7.172015,10.882188],[7.176414,10.888408],[7.184879,10.890428],[7.189991,10.899103],[7.213494,10.909458],[7.262158,10.918174]]}},
{"type":"Feature","properties":{},"geometry":{"type":"LineString","coordinates":[[7.077834,11.331525],[7.105873,11.293799],[7.144266,11.274111],[7.154552,11.248982],[7.166327,11.242836],[7.184213,11.241244],[7.194613,11.233843],[7.211856,11.231836],[7.222619,11.219476],[7.250606,11.224917]]}},
{"type":"Feature","properties":{},"geometry":{"type":"LineString","coordinates":[[7.48989,11.394768],[7.486688,11.388095],[7.477704,11.387926],[7.470178,11.38193],[7.468201,11.374321],[7.457865,11.366839],[7.439298,11.309145],[7.400578,11.278512],[7.392043,11.277147],[7.38528,11.281789],[7.363442,11.263947],[7.35766,11.22614],[7.352529,11.220521],[7.348294,11.222006],[7.348677,11.215493],[7.339852,11.217655],[7.333593,11.205376],[7.318693,11.191459],[7.31507,11.169311],[7.294698,11.160326]]}},
{"type":"Feature","properties":{},"geometry":{"type":"LineString","coordinates":[[7.395392,11.392417],[7.382785,11.378243],[7.38142,11.370012],[7.384288,11.345111],[7.378265,11.332999],[7.386706,11.328062],[7.386392,11.32095],[7.376053,11.305005],[7.377477,11.290207],[7.38528,11.281789]]}},
{"type":"Feature","properties":{},"geometry":{"type":"LineString","coordinates":[[7.381973,11.148624],[7.372308,11.128838],[7.359428,11.121196],[7.35829,11.106977],[7.342831,11.10588],[7.330005,11.096827]]}},
{"type":"Feature","properties":{},"geometry":{"type":"LineString","coordinates":[[7.462301,11.02313],[7.468178,11.017097],[7.465656,11.006764],[7.455163,11.000158],[7.457635,10.986651],[7.447439,10.972263],[7.436175,10.968971],[7.442291,10.944482],[7.434935,10.937153]]}},
{"type":"Feature","properties":{},"geometry":{"type":"LineString","coordinates":[[7.081328,11.435797],[7.062762,11.456905],[7.052006,11.453075]]}},
{"type":"Feature","properties":{},"geometry":{"type":"LineString","coordinates":[[6.717277,11.635384],[6.727358,11.641403],[6.719428,11.648787],[6.727806,11.665556],[6.734554,11.676101],[6.744752,11.682175],[6.743488,11.68799],[6.736417,11.691847],[6.735151,11.705193],[6.741093,11.70949],[6.762113,11.706468],[6.763427,11.727205],[6.772345,11.722509],[6.784391,11.72764],[6.783991,11.743721],[6.778578,11.749948],[6.784931,11.755816],[6.796936,11.757394]]}},
{"type":"Feature","properties":{},"geometry":{"type":"LineString","coordinates":[[6.600165,11.699892],[6.61217,11.729482],[6.633608,11.739404],[6.62621,11.744563],[6.626367,11.750319],[6.633855,11.750455],[6.638815,11.757324],[6.65639,11.754303],[6.653587,11.761032],[6.66444,11.764305],[6.666459,11.776423],[6.657668,11.783298],[6.662896,11.795033],[6.672462,11.801625],[6.684369,11.797763],[6.681739,11.807068],[6.697554,11.825934],[6.699173,11.843517]]}},
{"type":"Feature","properties":{},"geometry":{"type":"LineString","coordinates":[[6.443542,11.772717],[6.420994,11.797065],[6.406069,11.854419],[6.395229,11.867188],[6.39534,11.876215],[6.376029,11.897946]]}},
{"type":"Feature","properties":{},"geometry":{"type":"LineString","coordinates":[[6.356227,11.859098],[6.371441,11.877849],[6.36819,11.890763],[6.38489,11.912395],[6.391782,11.934704],[6.398176,11.941853],[6.396609,11.957139],[6.406656,11.959421]]}},
{"type":"Feature","properties":{},"geometry":{"type":"LineString","coordinates":[[6.248431,11.879643],[6.274144,11.923829],[6.265157,11.938693],[6.268839,11.946963],[6.264496,11.952612],[6.262934,11.971733],[6.276827,11.989215],[6.275935,12.000965],[6.305781,12.014321],[6.301459,12.028725],[6.310236,12.048775],[6.309885,12.058092],[6.31425,12.059873],[6.306755,12.074848],[6.306947,12.090419],[6.317356,12.095633],[6.324941,12.115405],[6.351033,12.147592],[6.358576,12.163751],[6.358803,12.181805]]}},
{"type":"Feature","properties":{},"geometry":{"type":"LineString","coordinates":[[5.966811,11.810099],[5.963461,11.819788],[5.971244,11.843385],[5.992034,11.841537],[5.993672,11.850336],[6.009074,11.855882],[6.022883,11.852069],[6.022213,11.860085],[6.029974,11.867062],[6.026945,11.873543],[6.020068,11.868661],[6.009632,11.878479],[6.007529,11.887767],[5.990451,11.895347],[5.982574,11.906222],[6.011075,11.947405],[6.007606,11.965504],[6.024295,11.98158],[6.024598,12.008669],[6.028347,12.015853],[6.010243,12.037724],[6.001049,12.036016],[5.977456,12.059751],[5.977555,12.068781],[5.957588,12.088862],[5.928658,12.128908],[5.913974,12.129063],[5.904913,12.139997],[5.919775,12.156096],[5.925461,12.172294],[5.923763,12.184956],[5.936734,12.195656],[5.942381,12.20824],[5.940985,12.247993],[5.92825,12.258966],[5.915376,12.257298],[5.908089,12.262794],[5.897307,12.284584],[5.879118,12.301033],[5.844745,12.350166],[5.769779,12.385263],[5.751404,12.38545],[5.734922,12.391036],[5.702142,12.42027],[5.693176,12.442039],[5.690134,12.503494],[5.703154,12.517817],[5.727131,12.5248],[5.732704,12.530164],[5.733009,12.559066],[5.738659,12.571653]]}},
{"type":"Feature","properties":{},"geometry":{"type":"LineString","coordinates":[[5.661653,11.853815],[5.65973,11.865079],[5.671841,11.876983],[5.676096,11.903319],[5.689856,11.914391],[5.685748,11.924376],[5.669675,11.930984]]}},
{"type":"Feature","properties":{},"geometry":{"type":"LineString","coordinates":[[5.618578,11.87313],[5.615982,11.878163],[5.623324,11.90733],[5.629429,11.910079],[5.640365,11.907306],[5.664154,11.92923],[5.691797,11.941613],[5.701221,11.966816],[5.699584,11.986705],[5.675925,12.006805],[5.670634,12.028536],[5.676193,12.033903],[5.690876,12.033762],[5.696616,12.057193],[5.713407,12.084129],[5.713516,12.094968],[5.719096,12.102139],[5.715626,12.122046],[5.725154,12.156279],[5.725338,12.174342],[5.723612,12.185199],[5.68187,12.234387],[5.676487,12.247087],[5.67667,12.265152],[5.691493,12.277653],[5.715335,12.273805],[5.730142,12.284496],[5.739813,12.33137],[5.754814,12.360125],[5.751404,12.38545]]}},
{"type":"Feature","properties":{},"geometry":{"type":"LineString","coordinates":[[5.591546,11.879234],[5.611499,11.887576],[5.622737,11.903668]]}},
{"type":"Feature","properties":{},"geometry":{"type":"LineString","coordinates":[[5.584901,11.882266],[5.57898,11.896799],[5.585841,11.902938],[5.605654,11.900786],[5.62244,11.90616]]}},
{"type":"Feature","properties":{},"geometry":{"type":"LineString","coordinates":[[5.568819,11.898045],[5.580036,11.905204],[5.589559,11.903686]]}},
{"type":"Feature","properties":{},"geometry":{"type":"LineString","coordinates":[[5.89487,11.329668],[5.896771,11.33973],[5.890129,11.349571],[5.8908,11.356986],[5.883373,11.361879],[5.878235,11.375439],[5.885904,11.376382],[5.888131,11.392494],[5.899368,11.405915],[5.89681,11.410063]]}},
{"type":"Feature","properties":{},"geometry":{"type":"LineString","coordinates":[[6.236315,11.340346],[6.217901,11.333626],[6.191856,11.341555],[6.174069,11.327269],[6.151799,11.320019],[6.135638,11.337021]]}},
{"type":"Feature","properties":{},"geometry":{"type":"LineString","coordinates":[[5.412336,11.415529],[5.434454,11.431609],[5.43821,11.442421],[5.45482,11.456738],[5.465967,11.474714],[5.478853,11.481833],[5.480812,11.496272],[5.495611,11.512408],[5.493811,11.516038],[5.499371,11.523218],[5.512483,11.52088],[5.529198,11.525349],[5.528782,11.533805],[5.547185,11.542679]]}},
{"type":"Feature","properties":{},"geometry":{"type":"LineString","coordinates":[[5.813519,11.004735],[5.810797,10.995366],[5.798669,10.982162],[5.796792,10.96889],[5.786152,10.96634],[5.790099,10.958564],[5.781867,10.959862],[5.784218,10.946805],[5.793386,10.939012],[5.792207,10.930529],[5.782312,10.927073],[5.780178,10.907698],[5.770249,10.903737],[5.764526,10.891545],[5.755285,10.885156],[5.754071,10.872048],[5.746177,10.86561],[5.736077,10.871428],[5.724323,10.869545],[5.718614,10.861017],[5.706465,10.856444],[5.702388,10.846608],[5.686349,10.842853],[5.674303,10.834586],[5.671598,10.825892],[5.674835,10.817086],[5.658151,10.804737],[5.664334,10.797937],[5.678385,10.796401],[5.683848,10.791241],[5.667215,10.785416],[5.665469,10.767488],[5.658349,10.764743],[5.661959,10.758804],[5.651595,10.735736],[5.654226,10.730375],[5.660231,10.73141],[5.659053,10.719671],[5.638302,10.7232],[5.637924,10.705883],[5.62713,10.696197],[5.620932,10.67293],[5.600816,10.66283],[5.569663,10.6589],[5.553102,10.64458],[5.553575,10.632864],[5.541918,10.617566],[5.541813,10.604918],[5.552667,10.592181],[5.552517,10.574113],[5.573124,10.548648]]}},
{"type":"Feature","properties":{},"geometry":{"type":"LineString","coordinates":[[5.742508,10.704408],[5.710936,10.657365],[5.690444,10.658573],[5.686718,10.656428],[5.684269,10.641325],[5.665378,10.639997],[5.653539,10.610477],[5.638366,10.596855],[5.630145,10.597153],[5.615636,10.586617],[5.60706,10.57225],[5.586058,10.566611],[5.584156,10.557592],[5.569412,10.54145],[5.57477,10.526951],[5.56178,10.501759],[5.561676,10.48911],[5.55611,10.478313],[5.548204,10.404289],[5.557183,10.386147],[5.560568,10.353595],[5.576771,10.326361]]}},
{"type":"Feature","properties":{},"geometry":{"type":"LineString","coordinates":[[5.739751,10.614096],[5.700071,10.596973],[5.674515,10.575195],[5.659526,10.549254],[5.641547,10.532046],[5.635404,10.517716],[5.61644,10.500113],[5.615193,10.489524],[5.622013,10.4744],[5.63975,10.452333],[5.624919,10.425353],[5.630198,10.401819],[5.628282,10.390994],[5.620831,10.372986],[5.596929,10.351497],[5.589481,10.333488],[5.576771,10.326361]]}},
{"type":"Feature","properties":{},"geometry":{"type":"LineString","coordinates":[[6.060501,10.882835],[6.039519,10.845614],[6.019025,10.840817],[6.013798,10.830363],[6.004955,10.824517],[5.988638,10.823055],[5.997003,10.799426],[5.999554,10.794662],[6.005741,10.794785],[6.008235,10.784271],[5.995445,10.779503],[5.986482,10.767663],[5.978807,10.741957],[5.982169,10.728468],[5.952611,10.708398],[5.948839,10.69247],[5.912544,10.647326],[5.897833,10.63652],[5.886968,10.635176],[5.811284,10.597463],[5.791352,10.574104],[5.7531,10.55384],[5.732347,10.535025],[5.677045,10.47352],[5.666049,10.456164],[5.639734,10.450527]]}},
{"type":"Feature","properties":{},"geometry":{"type":"LineString","coordinates":[[5.815846,10.50774],[5.818906,10.492504],[5.804831,10.481481],[5.76932,10.478764],[5.758849,10.468945],[5.740395,10.415514],[5.740965,10.388244],[5.748123,10.371922],[5.749758,10.350227],[5.77151,10.33378],[5.765847,10.312148],[5.776682,10.299409],[5.769374,10.274249],[5.772199,10.263489],[5.758122,10.22672],[5.775892,10.224779],[5.788721,10.213934],[5.806914,10.210621],[5.81163,10.201754],[5.811456,10.181882],[5.81757,10.178009],[5.817507,10.170783],[5.807352,10.159713],[5.804504,10.14384],[5.816365,10.118137],[5.816426,10.101208],[5.826644,10.078409],[5.842797,10.067328],[5.853367,10.051237]]}},
{"type":"Feature","properties":{},"geometry":{"type":"LineString","coordinates":[[5.820223,10.271932],[5.803432,10.26111],[5.797272,10.243718],[5.807658,10.234361],[5.810641,10.219623]]}},
{"type":"Feature","properties":{},"geometry":{"type":"LineString","coordinates":[[5.92852,10.345037],[5.913759,10.327106],[5.908286,10.327156],[5.889879,10.309256],[5.889648,10.283966],[5.885935,10.276773],[5.854765,10.258984],[5.849594,10.243202],[5.834258,10.234038],[5.83204,10.227695],[5.819823,10.226769],[5.808801,10.217832],[5.806914,10.210621]]}},
{"type":"Feature","properties":{},"geometry":{"type":"LineString","coordinates":[[6.216942,10.140011],[6.204328,10.154582],[6.197055,10.156459]]}},
{"type":"Feature","properties":{},"geometry":{"type":"LineString","coordinates":[[6.295685,10.169791],[6.264364,10.162469],[6.233768,10.165043],[6.22849,10.158078],[6.182447,10.157496],[6.132184,10.173048],[6.109928,10.195229]]}},
{"type":"Feature","properties":{},"geometry":{"type":"LineString","coordinates":[[6.321648,10.218425],[6.305204,10.21498],[6.285208,10.2206],[6.236472,10.216199],[6.213002,10.223449],[6.170374,10.223544],[6.153894,10.21648],[6.132034,10.218497],[6.109928,10.195229],[6.100794,10.193509],[6.022551,10.2105],[6.017149,10.217775]]}},
{"type":"Feature","properties":{},"geometry":{"type":"LineString","coordinates":[[6.805778,10.268473],[6.784791,10.257596],[6.777949,10.263359],[6.754585,10.254951],[6.699287,10.258368],[6.688309,10.26161],[6.670559,10.27886],[6.648554,10.278723],[6.637084,10.284866],[6.629997,10.28405],[6.618048,10.297061],[6.575189,10.30795],[6.569092,10.316556],[6.518806,10.323486],[6.491685,10.333013],[6.482201,10.340757],[6.432413,10.335851],[6.421792,10.327221],[6.400364,10.321272],[6.358866,10.320728],[6.343784,10.327917],[6.314873,10.329683],[6.307717,10.336299],[6.304035,10.354704],[6.281252,10.366919],[6.268392,10.35802],[6.242822,10.354667],[6.235434,10.345712],[6.235323,10.334876],[6.220623,10.324187],[6.151214,10.314036],[6.129169,10.297996],[6.098096,10.29107],[6.061465,10.275163],[6.055924,10.267989],[6.050471,10.269847]]}},
{"type":"Feature","properties":{},"geometry":{"type":"LineString","coordinates":[[6.81409,10.549525],[6.805833,10.548147],[6.798413,10.535291],[6.781354,10.526633],[6.774457,10.515654],[6.75327,10.51016],[6.741907,10.510234],[6.719703,10.520396],[6.712409,10.514737],[6.682763,10.518921]]}},
{"type":"Feature","properties":{},"geometry":{"type":"LineString","coordinates":[[6.817813,10.585273],[6.804119,10.579205],[6.795557,10.578635],[6.791904,10.583018]]}},
{"type":"Feature","properties":{},"geometry":{"type":"LineString","coordinates":[[6.830033,10.498564],[6.829018,10.490307],[6.81996,10.486811],[6.811529,10.475707],[6.806069,10.485388],[6.797649,10.488626],[6.728454,10.465385],[6.713233,10.469842],[6.696545,10.482403],[6.652039,10.482511],[6.626328,10.494978]]}},
{"type":"Feature","properties":{},"geometry":{"type":"LineString","coordinates":[[6.658917,10.632245],[6.647733,10.606214],[6.65143,10.581843],[6.627396,10.568612],[6.612578,10.550933],[6.596778,10.544207],[6.593519,10.53486],[6.582025,10.529153],[6.574683,10.519272],[6.563101,10.51656],[6.561874,10.511989],[6.574562,10.500659],[6.586084,10.498267],[6.585968,10.486806]]}},
{"type":"Feature","properties":{},"geometry":{"type":"LineString","coordinates":[[6.841944,10.451589],[6.81333,10.444293],[6.80335,10.433381],[6.789241,10.433305],[6.771973,10.411843],[6.738673,10.409943],[6.729379,10.417507],[6.705853,10.417415],[6.700979,10.435929],[6.659277,10.446579],[6.648175,10.456373],[6.620838,10.458121],[6.594637,10.467465],[6.574511,10.484593]]}},
{"type":"Feature","properties":{},"geometry":{"type":"LineString","coordinates":[[6.637403,10.635311],[6.63839,10.624755],[6.634715,10.619663],[6.625922,10.624054],[6.597971,10.608258],[6.537163,10.565804],[6.522335,10.55107],[6.435801,10.524144],[6.425827,10.531498],[6.418598,10.531484],[6.384657,10.521119],[6.359564,10.499374],[6.336643,10.491668],[6.326398,10.475348],[6.303107,10.467581],[6.28767,10.457147],[6.254494,10.424981],[6.252557,10.414165]]}},
{"type":"Feature","properties":{},"geometry":{"type":"LineString","coordinates":[[6.548364,10.806119],[6.546711,10.792871],[6.536401,10.783637],[6.536966,10.776386],[6.545253,10.771339],[6.538024,10.768193],[6.538929,10.757423],[6.520988,10.742202],[6.51537,10.730406],[6.502742,10.725332],[6.496802,10.728415],[6.491639,10.723846],[6.496703,10.709077],[6.49383,10.706481],[6.480871,10.71384],[6.467578,10.710075],[6.457792,10.713852],[6.443384,10.705208],[6.430891,10.707616],[6.422685,10.701982],[6.427289,10.690835],[6.419832,10.687432],[6.412107,10.69311],[6.380579,10.688869],[6.365043,10.709111],[6.353613,10.694754],[6.340019,10.689627],[6.318058,10.699411],[6.316195,10.692256],[6.301006,10.685081],[6.283277,10.657255],[6.24627,10.630194],[6.226174,10.623693],[6.179658,10.584025],[6.165502,10.546192],[6.181772,10.521435],[6.181297,10.498948],[6.190991,10.481652],[6.170786,10.456606],[6.139112,10.43105],[6.12238,10.422687],[6.120376,10.404645],[6.127601,10.397349],[6.125687,10.388337],[6.133623,10.37923]]}},
{"type":"Feature","properties":{},"geometry":{"type":"LineString","coordinates":[[6.083685,10.495311],[6.083792,10.480852],[6.090984,10.463032],[6.12238,10.422687]]}},
{"type":"Feature","properties":{},"geometry":{"type":"LineString","coordinates":[[6.43747,10.92149],[6.42522,10.921352],[6.409657,10.911438],[6.398927,10.874401],[6.398647,10.84067],[6.374308,10.829519],[6.374412,10.822227],[6.363845,10.823076],[6.364065,10.817755],[6.344903,10.805225],[6.344257,10.799077],[6.31715,10.793459],[6.309778,10.781024],[6.311454,10.762805],[6.29326,10.75397],[6.285642,10.741373],[6.276901,10.743136],[6.264471,10.723823],[6.24772,10.717612],[6.240263,10.703242],[6.225503,10.688948],[6.194247,10.668658],[6.175749,10.668984],[6.161208,10.661839],[6.15554,10.665336],[6.142826,10.65996],[6.136468,10.650393],[6.116048,10.646331],[6.109726,10.626441],[6.103943,10.625466],[6.09487,10.608493],[6.073309,10.552492],[6.078436,10.540042],[6.088252,10.53088],[6.085032,10.520585],[6.09217,10.50426],[6.083685,10.495311]]}},
{"type":"Feature","properties":{},"geometry":{"type":"LineString","coordinates":[[6.626263,10.700912],[6.616935,10.680482],[6.597402,10.674931],[6.59567,10.66954],[6.584204,10.66408],[6.577405,10.648133],[6.568191,10.64234],[6.558525,10.645445],[6.541098,10.637451],[6.521067,10.637908],[6.494214,10.619469],[6.470726,10.617826],[6.441659,10.600928],[6.438632,10.592084],[6.419533,10.59165],[6.404751,10.579338],[6.361074,10.577697],[6.355905,10.571149],[6.32509,10.563084],[6.309186,10.551579],[6.273407,10.540808],[6.235013,10.518914],[6.206956,10.508261],[6.190991,10.481652]]}},
{"type":"Feature","properties":{},"geometry":{"type":"LineString","coordinates":[[6.650887,10.783865],[6.63934,10.777484],[6.631343,10.766151],[6.619837,10.764153],[6.598693,10.738265],[6.581666,10.745125],[6.534193,10.718771],[6.514164,10.720029],[6.502742,10.725332]]}},
{"type":"Feature","properties":{},"geometry":{"type":"LineString","coordinates":[[6.010934,10.551818],[5.998929,10.547254],[6.002701,10.534626],[5.984202,10.483745],[5.986146,10.468966],[5.995384,10.453605],[6.018559,10.434705],[6.044271,10.355197],[6.067291,10.342799],[6.098591,10.34164]]}},
{"type":"Feature","properties":{},"geometry":{"type":"LineString","coordinates":[[5.691856,9.756588],[5.688646,9.747257]]}},
{"type":"Feature","properties":{},"geometry":{"type":"LineString","coordinates":[[5.7345,9.740089],[5.73235,9.733622],[5.716589,9.740661],[5.698546,9.736277],[5.688646,9.747257],[5.676708,9.731554],[5.664712,9.723695],[5.641543,9.720203],[5.627176,9.710494],[5.617821,9.714972],[5.608394,9.733424],[5.604752,9.733453]]}},
{"type":"Feature","properties":{},"geometry":{"type":"LineString","coordinates":[[5.511617,9.454046],[5.487918,9.448793],[5.47146,9.438066],[5.456901,9.438169],[5.44575,9.444133]]}},
{"type":"Feature","properties":{},"geometry":{"type":"LineString","coordinates":[[5.517415,9.247991],[5.482753,9.233775],[5.466295,9.221238],[5.442613,9.215978],[5.400632,9.194572],[5.382408,9.189271],[5.360712,9.19339]]}},
{"type":"Feature","properties":{},"geometry":{"type":"LineString","coordinates":[[5.813498,9.479141],[5.800099,9.468099],[5.81069,9.45776],[5.815132,9.441344],[5.811555,9.410541],[5.814866,9.391382],[5.81937,9.382812],[5.845812,9.37381]]}},
{"type":"Feature","properties":{},"geometry":{"type":"LineString","coordinates":[[6.088362,9.568508],[6.077969,9.553738],[6.064073,9.550145],[6.058213,9.543749],[6.064991,9.527288],[6.093008,9.498357],[6.143369,9.488021],[6.16008,9.457151],[6.150796,9.421174],[6.137102,9.412122],[6.144065,9.398892],[6.128746,9.388215],[6.128282,9.373824],[6.110873,9.354327],[6.107392,9.339936],[6.080583,9.313011]]}},
{"type":"Feature","properties":{},"geometry":{"type":"LineString","coordinates":[[6.814337,9.87095],[6.805423,9.867476],[6.8026,9.851143],[6.788302,9.837553],[6.783832,9.822476],[6.788612,9.816097],[6.78821,9.807851],[6.775979,9.783868]]}},
{"type":"Feature","properties":{},"geometry":{"type":"LineString","coordinates":[[6.922597,10.103182],[6.910461,10.094069],[6.898058,10.09339],[6.894815,10.077571],[6.886486,10.073316],[6.860923,10.073096],[6.837338,10.065518],[6.816417,10.040489],[6.820647,10.033107],[6.810313,10.016786],[6.778589,10.000831],[6.774846,9.989912],[6.779138,9.976254],[6.774971,9.96324],[6.757713,9.9548],[6.751364,9.944023],[6.756544,9.928013],[6.73025,9.895179],[6.732021,9.882813],[6.740674,9.868537],[6.729125,9.860933],[6.730442,9.846556],[6.714243,9.836466],[6.72401,9.820475],[6.699464,9.789769],[6.689098,9.788538],[6.693908,9.764754],[6.688731,9.757321]]}},
{"type":"Feature","properties":{},"geometry":{"type":"LineString","coordinates":[[6.83659,9.743318],[6.817397,9.748491],[6.789562,9.744157],[6.771211,9.748517],[6.763715,9.740616],[6.70838,9.736819],[6.70105,9.728586],[6.675897,9.74214]]}},
{"type":"Feature","properties":{},"geometry":{"type":"LineString","coordinates":[[6.571523,9.849816],[6.543595,9.841762],[6.530706,9.831585],[6.517682,9.812423],[6.517176,9.799488],[6.52876,9.784355],[6.53362,9.761374],[6.527609,9.740731],[6.533385,9.731257],[6.530993,9.710425]]}},
{"type":"Feature","properties":{},"geometry":{"type":"LineString","coordinates":[[6.665308,10.100766],[6.661394,10.088861],[6.666266,10.072842],[6.642252,10.041668],[6.624834,10.028228],[6.616876,10.011403],[6.603372,10.000628],[6.60149,9.984489],[6.590781,9.967207],[6.601841,9.954696],[6.59565,9.944921],[6.548384,9.934075],[6.54132,9.917542],[6.547308,9.893373],[6.512727,9.878452],[6.503855,9.870292],[6.480982,9.867319],[6.480115,9.859672],[6.460165,9.844316],[6.444079,9.817947],[6.444464,9.801466],[6.454906,9.791945],[6.452121,9.725087],[6.462087,9.70774],[6.470553,9.70179],[6.47934,9.660267]]}},
{"type":"Feature","properties":{},"geometry":{"type":"LineString","coordinates":[[6.609242,9.220502],[6.589689,9.222712],[6.546128,9.207987],[6.525119,9.211433],[6.516278,9.207179],[6.501731,9.213923],[6.479177,9.210535],[6.468262,9.214431],[6.420101,9.213116],[6.398325,9.203204],[6.381729,9.201283],[6.377556,9.186862],[6.363516,9.18577],[6.355922,9.179818],[6.354618,9.171973],[6.34664,9.171008],[6.330651,9.181978],[6.302006,9.182119],[6.227325,9.220152],[6.221541,9.288714],[6.201741,9.310566],[6.201047,9.321582]]}},
{"type":"Feature","properties":{},"geometry":{"type":"LineString","coordinates":[[6.574733,9.189546],[6.556837,9.199489],[6.551157,9.209526]]}},
{"type":"Feature","properties":{},"geometry":{"type":"LineString","coordinates":[[6.488719,9.06415],[6.480769,9.088069],[6.48658,9.106071],[6.476885,9.120584],[6.475921,9.133725],[6.45785,9.135303],[6.43188,9.151751],[6.42325,9.14822],[6.409449,9.157382],[6.396168,9.155896],[6.3869,9.167132],[6.354618,9.171973]]}},
{"type":"Feature","properties":{},"geometry":{"type":"LineString","coordinates":[[6.426846,8.861463],[6.401566,8.860043],[6.382275,8.864864],[6.363083,8.860391],[6.345696,8.849235],[6.33216,8.850374],[6.31713,8.865789],[6.283491,8.863422],[6.231577,8.887063],[6.219656,8.880262],[6.185565,8.886902],[6.167084,8.880713],[6.157071,8.872419],[6.148503,8.872492],[6.108371,8.892379],[6.086453,8.892072],[6.031795,8.919127],[5.980116,8.937686],[5.94227,8.937366],[5.903857,8.946753],[5.890562,8.945825],[5.877054,8.961642],[5.855293,8.967231],[5.846264,8.974527],[5.82991,8.974653],[5.809992,8.983839],[5.799076,8.982116],[5.790031,8.987604],[5.77369,8.989534],[5.76828,8.994996]]}},
{"type":"Feature","properties":{},"geometry":{"type":"LineString","coordinates":[[6.520636,9.008798],[6.486272,9.017532],[6.430962,9.002319],[6.410309,9.001329],[6.404927,8.987031],[6.404018,8.966536],[6.39162,8.964754],[6.382621,8.953076]]}},
{"type":"Feature","properties":{},"geometry":{"type":"LineString","coordinates":[[6.266649,8.750422],[6.247135,8.77016],[6.243483,8.784633],[6.218966,8.811222],[6.212845,8.824912],[6.198877,8.834668],[6.18681,8.852089],[6.169884,8.857401],[6.15506,8.87215]]}},
{"type":"Feature","properties":{},"geometry":{"type":"LineString","coordinates":[[5.988675,8.824928],[5.973917,8.840011],[5.968692,8.861523],[5.951259,8.87914],[5.937826,8.91276],[5.94227,8.937366]]}},
{"type":"Feature","properties":{},"geometry":{"type":"LineString","coordinates":[[6.194216,9.142456],[6.175529,9.143085],[6.161478,9.139492],[6.152997,9.131671],[6.127752,9.130496],[6.120698,9.125448],[6.092626,9.121509],[6.076766,9.124894],[6.055852,9.13854],[6.027567,9.143972],[6.01657,9.133225],[5.987369,9.119016],[5.960105,9.119239],[5.888956,9.087292],[5.878647,9.07721],[5.872518,9.077304]]}},
{"type":"Feature","properties":{},"geometry":{"type":"LineString","coordinates":[[5.782228,8.832245],[5.75428,8.814487],[5.713171,8.799299],[5.673149,8.805161],[5.651629,8.81502],[5.617834,8.821245],[5.599586,8.824263],[5.581673,8.821064],[5.568562,8.841307],[5.54646,8.857979],[5.527455,8.862998],[5.518415,8.856104],[5.504708,8.855783],[5.469491,8.868202],[5.437681,8.893814],[5.428352,8.896354],[5.425963,8.903431]]}},
{"type":"Feature","properties":{},"geometry":{"type":"LineString","coordinates":[[5.861887,8.598903],[5.860105,8.611405],[5.865347,8.621003],[5.862988,8.64567],[5.855847,8.65633],[5.857413,8.668308],[5.851173,8.690486],[5.832924,8.698254],[5.831366,8.707747],[5.821937,8.717116],[5.824584,8.750254],[5.801164,8.764655],[5.752556,8.777952],[5.717749,8.800919]]}},
{"type":"Feature","properties":{},"geometry":{"type":"LineString","coordinates":[[6.22957,8.548745],[6.207843,8.554344],[6.18787,8.552704],[6.173414,8.560047],[6.160847,8.576406],[6.153604,8.578272],[6.135606,8.596481],[6.12943,8.609067],[6.120701,8.612533],[6.112398,8.622967],[6.090902,8.632223],[6.068978,8.651299],[6.037689,8.66421],[6.019551,8.661694],[5.983071,8.671614],[5.967589,8.699284],[5.957775,8.700186],[5.880113,8.746341],[5.862694,8.748124],[5.847392,8.75526],[5.821968,8.752938]]}},
{"type":"Feature","properties":{},"geometry":{"type":"LineString","coordinates":[[5.884913,8.583083],[5.883561,8.593889],[5.870915,8.60417],[5.865347,8.621003]]}},
{"type":"Feature","properties":{},"geometry":{"type":"LineString","coordinates":[[5.662,8.626709],[5.656384,8.658187],[5.647718,8.667142],[5.649509,8.672212],[5.633371,8.704638],[5.632423,8.74708],[5.629355,8.753606],[5.606505,8.765965],[5.590903,8.781148],[5.582572,8.797106],[5.581673,8.821064]]}},
{"type":"Feature","properties":{},"geometry":{"type":"LineString","coordinates":[[5.37849,8.739169],[5.350399,8.737636],[5.326317,8.745785],[5.299045,8.767329],[5.269838,8.77866],[5.265356,8.794187]]}},
{"type":"Feature","properties":{},"geometry":{"type":"LineString","coordinates":[[5.34351,8.722924],[5.344573,8.732956],[5.350399,8.737636]]}},
{"type":"Feature","properties":{},"geometry":{"type":"LineString","coordinates":[[5.243629,8.566767],[5.227246,8.556947],[5.220692,8.548033],[5.184533,8.539012],[5.182414,8.531312],[5.157547,8.537648],[5.14391,8.523401],[5.111866,8.520272],[5.112206,8.506636],[5.07122,8.516913]]}},
{"type":"Feature","properties":{},"geometry":{"type":"LineString","coordinates":[[5.440872,8.554073],[5.440357,8.538381],[5.434067,8.528093],[5.424264,8.519893],[5.400371,8.514465],[5.392659,8.50873],[5.388726,8.476637],[5.357843,8.444619],[5.349335,8.443725]]}},
{"type":"Feature","properties":{},"geometry":{"type":"LineString","coordinates":[[5.641813,8.611482],[5.638729,8.600572],[5.615143,8.593581],[5.610547,8.582809],[5.614083,8.570768],[5.609498,8.565353],[5.602201,8.559039],[5.577943,8.551102],[5.56566,8.534387],[5.540253,8.519823],[5.492685,8.510493],[5.4692,8.493157],[5.451905,8.492027],[5.421752,8.480512],[5.403933,8.484065],[5.391033,8.480753]]}},
{"type":"Feature","properties":{},"geometry":{"type":"LineString","coordinates":[[5.709494,8.583566],[5.701459,8.573633],[5.672427,8.565228],[5.655096,8.565495],[5.633708,8.575914],[5.614083,8.570768]]}},
{"type":"Feature","properties":{},"geometry":{"type":"LineString","coordinates":[[4.98338,8.38528],[4.986164,8.361506],[4.976356,8.349987],[4.964508,8.345294],[4.940936,8.360699],[4.907748,8.361687],[4.896178,8.371452],[4.890853,8.385853]]}},
{"type":"Feature","properties":{},"geometry":{"type":"LineString","coordinates":[[4.746325,8.311574],[4.710024,8.338639],[4.702874,8.359012],[4.668745,8.387396]]}},
{"type":"Feature","properties":{},"geometry":{"type":"LineString","coordinates":[[4.744983,8.258151],[4.724963,8.245581],[4.713595,8.228898],[4.715786,8.222115],[4.70848,8.211297],[4.691414,8.1991],[4.684309,8.186318],[4.672264,8.182236],[4.668501,8.175088],[4.673764,8.15539]]}},
{"type":"Feature","properties":{},"geometry":{"type":"LineString","coordinates":[[4.753924,8.23956],[4.737531,8.221816],[4.713956,8.218506]]}},
{"type":"Feature","properties":{},"geometry":{"type":"LineString","coordinates":[[4.756282,8.091579],[4.74422,8.072162],[4.730489,8.071945],[4.720306,8.082641],[4.715296,8.107365],[4.700319,8.135291]]}},
{"type":"Feature","properties":{},"geometry":{"type":"LineString","coordinates":[[4.768991,8.068749],[4.752901,8.076808],[4.746999,8.075731]]}},
{"type":"Feature","properties":{},"geometry":{"type":"LineString","coordinates":[[5.440386,7.864701],[5.431975,7.876062],[5.429956,7.887687],[5.407711,7.909503],[5.41116,7.91475],[5.405244,7.924671],[5.40936,7.927209],[5.407611,7.945752],[5.413872,8.006438]]}},
{"type":"Feature","properties":{},"geometry":{"type":"LineString","coordinates":[[5.657211,7.749497],[5.646084,7.751887],[5.636795,7.774892],[5.62374,7.789198],[5.621329,7.805978],[5.578772,7.874559],[5.576426,7.89277]]}},
{"type":"Feature","properties":{},"geometry":{"type":"LineString","coordinates":[[5.746233,7.824557],[5.741568,7.833423],[5.742635,7.855809],[5.738983,7.865114]]}},
{"type":"Feature","properties":{},"geometry":{"type":"LineString","coordinates":[[5.99178,8.120403],[5.938645,8.14922],[5.917338,8.149597],[5.900669,8.156134],[5.883386,8.181655],[5.873569,8.182642],[5.855299,8.195038],[5.845977,8.196571],[5.818894,8.223122]]}},
{"type":"Feature","properties":{},"geometry":{"type":"LineString","coordinates":[[6.09259,8.32823],[6.059633,8.354511],[6.052017,8.351025],[6.02728,8.352313],[6.007244,8.342455],[5.994569,8.344793],[5.9699,8.332411],[5.956281,8.334682],[5.957832,8.322295],[5.968047,8.306824],[5.945453,8.299437],[5.959895,8.283509],[5.956654,8.270616]]}},
{"type":"Feature","properties":{},"geometry":{"type":"LineString","coordinates":[[6.178641,8.437572],[6.148357,8.41766],[6.133835,8.419375],[6.124302,8.410215],[6.118412,8.392995],[6.093951,8.383316],[6.08091,8.363273],[6.057357,8.354039]]}},
{"type":"Feature","properties":{},"geometry":{"type":"LineString","coordinates":[[6.132984,8.488742],[6.125842,8.475516],[6.10199,8.467567],[6.079714,8.453248],[6.072592,8.443992],[6.038863,8.425768],[6.039397,8.388009],[6.026177,8.37022],[6.031148,8.352161]]}},
{"type":"Feature","properties":{},"geometry":{"type":"LineString","coordinates":[[5.407024,7.547383],[5.399942,7.547697],[5.387389,7.539871],[5.379482,7.523849],[5.362698,7.512469]]}},
{"type":"Feature","properties":{},"geometry":{"type":"LineString","coordinates":[[5.469124,7.571518],[5.451533,7.573392],[5.429407,7.597751],[5.393785,7.605783],[5.378748,7.620584],[5.352828,7.631099],[5.343568,7.625886],[5.328343,7.629334],[5.314298,7.624024],[5.282242,7.623337],[5.256385,7.611477],[5.235354,7.613361],[5.220097,7.605635]]}},
{"type":"Feature","properties":{},"geometry":{"type":"LineString","coordinates":[[5.64939,7.615862],[5.640629,7.616258],[5.633073,7.629245],[5.604111,7.653024],[5.565892,7.669694],[5.547104,7.669969],[5.53767,7.674765],[5.518045,7.664929],[5.506363,7.665614],[5.476824,7.649947],[5.398786,7.651204],[5.377743,7.639846],[5.364224,7.641144],[5.352828,7.631099]]}},
{"type":"Feature","properties":{},"geometry":{"type":"LineString","coordinates":[[5.445953,7.762745],[5.447255,7.749106],[5.441533,7.738262],[5.407824,7.719727],[5.40591,7.701664],[5.4109,7.680963],[5.396607,7.658338],[5.396144,7.650485]]}},
{"type":"Feature","properties":{},"geometry":{"type":"LineString","coordinates":[[5.5292,7.371171],[5.506256,7.376727],[5.490966,7.392128],[5.449568,7.397084],[5.418386,7.412401],[5.415975,7.425633],[5.40599,7.439142],[5.411225,7.46606],[5.400626,7.472412],[5.39922,7.485343]]}},
{"type":"Feature","properties":{},"geometry":{"type":"LineString","coordinates":[[5.423223,7.29693],[5.420143,7.329557],[5.425108,7.341015],[5.408897,7.382696],[5.418386,7.412401]]}},
{"type":"Feature","properties":{},"geometry":{"type":"LineString","coordinates":[[5.464098,7.086833],[5.442302,7.070682],[5.436789,7.054444],[5.42405,7.040051],[5.38963,7.03119],[5.340522,6.97902],[5.322218,6.935729],[5.304042,6.917742],[5.300294,6.890646],[5.291207,6.881651],[5.287529,6.869016]]}},
{"type":"Feature","properties":{},"geometry":{"type":"LineString","coordinates":[[5.902193,7.250638],[5.911476,7.247652],[5.916187,7.237161],[5.961995,7.209246],[5.983981,7.206304],[5.99505,7.192147],[5.998731,7.178956],[6.016174,7.163152],[6.027869,7.139494],[6.025526,7.118498],[6.015802,7.099339],[6.014688,7.069366],[6.019522,7.067297],[6.01944,7.054651],[6.033776,7.034687],[6.062623,7.021853],[6.077088,7.021758],[6.0933,7.012619],[6.127423,6.978072],[6.14726,6.970715],[6.181423,6.943391],[6.206704,6.939608],[6.241096,6.946599],[6.270002,6.944594],[6.282679,6.948119],[6.311521,6.937082],[6.326004,6.940592],[6.347679,6.938634],[6.3622,6.947561],[6.376658,6.947458],[6.38936,6.954591],[6.401972,6.949083],[6.414635,6.950798],[6.425543,6.959748],[6.443641,6.963228],[6.454564,6.973983],[6.470828,6.973864],[6.483544,6.982799]]}},
{"type":"Feature","properties":{},"geometry":{"type":"LineString","coordinates":[[6.019394,7.507285],[6.026133,7.491365],[6.043846,7.487022],[6.070379,7.468947],[6.086204,7.465566]]}},
{"type":"Feature","properties":{},"geometry":{"type":"LineString","coordinates":[[6.115427,7.614271],[6.114563,7.609117],[6.136455,7.575312],[6.183167,7.569915],[6.20586,7.561699],[6.225596,7.545454],[6.241566,7.519153],[6.244802,7.499594],[6.252191,7.487568],[6.252102,7.475727],[6.271805,7.446092],[6.289322,7.430744],[6.323159,7.428372],[6.333337,7.420866],[6.326673,7.38311]]}},
{"type":"Feature","properties":{},"geometry":{"type":"LineString","coordinates":[[6.557603,7.352771],[6.562601,7.33779],[6.561946,7.316026],[6.576516,7.303118],[6.575214,7.295288],[6.550847,7.271338],[6.544069,7.250242],[6.542749,7.239935],[6.550766,7.201648]]}},
{"type":"Feature","properties":{},"geometry":{"type":"LineString","coordinates":[[6.334,7.803021],[6.337085,7.79632],[6.354263,7.788536],[6.362396,7.789756],[6.367627,7.776812],[6.379026,7.780023],[6.391559,7.771852],[6.407123,7.782244],[6.422265,7.773623],[6.456402,7.773346],[6.487316,7.760575],[6.50056,7.76815],[6.513232,7.768046],[6.522359,7.776998],[6.533206,7.775102],[6.566978,7.787508],[6.591748,7.780972],[6.625385,7.758075],[6.688859,7.771972],[6.706911,7.766398],[6.742884,7.74081],[6.77898,7.729661],[6.797108,7.733109],[6.809856,7.742021],[6.827392,7.743808],[6.842358,7.752199],[6.882401,7.759415],[6.899348,7.776551],[6.915938,7.781486],[6.935889,7.806738],[6.96983,7.819968],[6.982616,7.83248],[6.993474,7.832378],[7.008019,7.839458],[7.031822,7.868104],[7.051833,7.878738],[7.096562,7.883844],[7.120756,7.894305],[7.137042,7.894144],[7.1589,7.908362],[7.200481,7.904336],[7.22223,7.907725],[7.238385,7.894932],[7.251087,7.898411],[7.265394,7.882029],[7.285201,7.872806],[7.319143,7.830966],[7.324458,7.820088],[7.320692,7.805695],[7.32608,7.802032],[7.340494,7.796472],[7.351364,7.798164],[7.38015,7.783436],[7.421686,7.777593],[7.436038,7.766621],[7.452312,7.76645],[7.466873,7.775316],[7.502978,7.769523],[7.531617,7.742166],[7.547868,7.740189],[7.571176,7.721906],[7.594812,7.734275],[7.607485,7.735941]]}},
{"type":"Feature","properties":{},"geometry":{"type":"LineString","coordinates":[[6.248336,7.743172],[6.239357,7.728691],[6.237547,7.702442],[6.257057,7.682045],[6.280387,7.675675],[6.285198,7.68245],[6.311088,7.686172],[6.337055,7.673313],[6.344563,7.673859],[6.374123,7.704255],[6.41007,7.706652],[6.42647,7.739333],[6.457565,7.746923],[6.475266,7.763792]]}},
{"type":"Feature","properties":{},"geometry":{"type":"LineString","coordinates":[[6.478604,7.623506],[6.525331,7.621752],[6.535285,7.62511],[6.53938,7.646853],[6.548578,7.664833],[6.567698,7.668036],[6.579704,7.685818],[6.61131,7.705635],[6.612576,7.741935],[6.625385,7.758075]]}},
{"type":"Feature","properties":{},"geometry":{"type":"LineString","coordinates":[[6.772269,7.816156],[6.78067,7.799579],[6.779568,7.76899],[6.783751,7.758776],[6.796184,7.746013],[6.809856,7.742021]]}},
{"type":"Feature","properties":{},"geometry":{"type":"LineString","coordinates":[[6.397099,7.467288],[6.400201,7.458892],[6.414714,7.445896],[6.421028,7.406844],[6.417083,7.377776],[6.397694,7.348217]]}},
{"type":"Feature","properties":{},"geometry":{"type":"LineString","coordinates":[[3.860829,8.233898],[3.882595,8.224808],[3.911635,8.221126],[3.937009,8.20298],[3.984213,8.204677],[3.998709,8.193789],[4.031361,8.184664],[4.062225,8.186392],[4.076732,8.180928],[4.093039,8.170033],[4.104858,8.15128],[4.119149,8.143801],[4.124414,8.135106],[4.158602,8.123229],[4.17318,8.107997],[4.22109,8.109096],[4.236259,8.113556]]}},
{"type":"Feature","properties":{},"geometry":{"type":"LineString","coordinates":[[4.198739,8.182704],[4.218707,8.155363],[4.222799,8.136889],[4.235212,8.126655],[4.238063,8.109934],[4.254346,8.093608],[4.254307,8.080948],[4.274211,8.062801],[4.279581,8.039274],[4.297599,7.999432],[4.312067,7.984918]]}},
{"type":"Feature","properties":{},"geometry":{"type":"LineString","coordinates":[[4.398211,8.386779],[4.429564,8.363109],[4.435374,8.334879],[4.445933,8.328641],[4.460556,8.327348],[4.477611,8.310546],[4.511016,8.307926]]}},
{"type":"Feature","properties":{},"geometry":{"type":"LineString","coordinates":[[4.388593,9.085483],[4.399087,9.059584],[4.390826,9.008456],[4.377653,8.980994],[4.381226,8.963802],[4.375644,8.951523],[4.358452,8.946834],[4.349075,8.925177],[4.340144,8.857304],[4.347959,8.847481],[4.353094,8.821358],[4.369392,8.808186],[4.373634,8.778715],[4.405506,8.747745],[4.408952,8.697098],[4.417964,8.677173],[4.446881,8.635473],[4.452208,8.602903],[4.445592,8.585199],[4.461127,8.55947],[4.477317,8.517817],[4.47896,8.472604],[4.471626,8.454548],[4.489691,8.429164],[4.48233,8.403875],[4.489539,8.389381],[4.502222,8.3821],[4.496678,8.356805],[4.520184,8.331399],[4.510989,8.300694],[4.529052,8.277117],[4.536201,8.254704]]}},
{"type":"Feature","properties":{},"geometry":{"type":"LineString","coordinates":[[3.969671,11.130897],[3.956824,11.121896],[3.947622,11.107458],[3.936538,11.07675],[3.936429,11.042391],[3.943694,11.024284],[3.941794,11.00259],[3.949046,10.980866],[3.919662,10.948405],[3.917799,10.937561],[3.903104,10.91952],[3.897549,10.897836],[3.882858,10.879794],[3.86819,10.868985],[3.857213,10.869016],[3.838881,10.856407],[3.813253,10.85105],[3.805916,10.843836],[3.772954,10.831261],[3.732685,10.822317],[3.688776,10.820609],[3.670467,10.813416],[3.659495,10.815248],[3.637512,10.800826],[3.613721,10.795448],[3.59724,10.786438],[3.578121,10.7919]]}},
{"type":"Feature","properties":{},"geometry":{"type":"LineString","coordinates":[[4.149761,11.264345],[4.140047,11.242892],[4.1408,11.221605],[4.15206,11.210816],[4.169569,11.20794],[4.171358,11.197083],[4.182295,11.184382],[4.15622,11.151546],[4.149124,11.132072],[4.114245,11.108696],[4.093997,11.079837],[4.079298,11.065424],[4.055454,11.05285],[4.007692,11.004187],[3.961899,10.993485],[3.949058,10.984484]]}},
{"type":"Feature","properties":{},"geometry":{"type":"LineString","coordinates":[[4.018364,11.925981],[4.004889,11.979708],[4.00935,12.036414],[4.029464,12.067385],[4.062634,12.092575]]}},
{"type":"Feature","properties":{},"geometry":{"type":"LineString","coordinates":[[7.618051,10.409989],[7.614117,10.390211]]}},
{"type":"Feature","properties":{},"geometry":{"type":"LineString","coordinates":[[7.453657,10.525795],[7.459824,10.532387],[7.466657,10.529611],[7.484663,10.485831]]}},
{"type":"Feature","properties":{},"geometry":{"type":"LineString","coordinates":[[7.452206,10.509734],[7.461238,10.504197],[7.461134,10.496984],[7.468293,10.487865],[7.484663,10.485831]]}},
{"type":"Feature","properties":{},"geometry":{"type":"LineString","coordinates":[[7.576199,10.390756],[7.590741,10.388744],[7.598131,10.395851]]}},
{"type":"Feature","properties":{},"geometry":{"type":"LineString","coordinates":[[3.97033,10.183826],[3.955076,10.157883],[3.944108,10.15249],[3.935802,10.133858],[3.924504,10.121799],[3.900575,10.123726],[3.878951,10.146107],[3.849727,10.138949],[3.805861,10.115548],[3.796739,10.117379]]}},
{"type":"Feature","properties":{},"geometry":{"type":"LineString","coordinates":[[3.890123,10.225651],[3.813248,10.149893],[3.79125,10.111967],[3.72004,10.09947],[3.707249,10.092263],[3.692613,10.076017]]}},
{"type":"Feature","properties":{},"geometry":{"type":"LineString","coordinates":[[4.166666,9.053332],[4.133846,9.02587],[4.125809,9.000195],[4.125809,8.976305],[4.117548,8.970054],[4.109734,8.952416],[4.104822,8.912005],[4.10951,8.895483],[4.106608,8.882087],[4.091343,8.853676],[4.09129,8.83559],[4.100333,8.819287],[4.100301,8.808436],[4.111172,8.795744],[4.112861,8.752335],[4.123709,8.732409],[4.125488,8.719744],[4.11803,8.656467],[4.127069,8.640163],[4.128811,8.61484],[4.145122,8.600323],[4.152341,8.584024],[4.152297,8.569556],[4.144965,8.547875],[4.146728,8.529785],[4.161191,8.506231],[4.161153,8.493571],[4.177442,8.473629],[4.177398,8.459161],[4.184608,8.441054],[4.182742,8.424783],[4.193568,8.401239],[4.191697,8.383161],[4.197112,8.372293],[4.197045,8.350591],[4.202465,8.341532],[4.21878,8.332439],[4.23868,8.308867],[4.262249,8.297942],[4.283913,8.259895],[4.29477,8.24901],[4.307454,8.241735],[4.31109,8.243531],[4.336408,8.214513],[4.341799,8.198219],[4.377976,8.161929],[4.421425,8.131036]]}},
{"type":"Feature","properties":{},"geometry":{"type":"LineString","coordinates":[[4.872118,5.292325],[4.911785,5.286779],[4.974831,5.259461],[5.055968,5.251966]]}},
{"type":"Feature","properties":{},"geometry":{"type":"LineString","coordinates":[[8.398184,5.114869],[8.469892,5.09805],[8.48465,5.084158],[8.504512,5.081804],[8.518931,5.072471],[8.542153,5.072071]]}},
{"type":"Feature","properties":{},"geometry":{"type":"LineString","coordinates":[[8.366348,5.583543],[8.375255,5.574456],[8.367982,5.565516],[8.353536,5.558442],[8.351542,5.536845],[8.371056,5.507847],[8.388884,5.491475],[8.390487,5.469846],[8.37951,5.44833],[8.373797,5.412356],[8.380827,5.394281],[8.378983,5.388894],[8.4079,5.344867],[8.407195,5.327404],[8.414303,5.318335],[8.414225,5.30933],[8.406896,5.293184],[8.406754,5.276975],[8.415913,5.268777],[8.417617,5.257956],[8.434292,5.240606],[8.437906,5.22587],[8.467881,5.216438],[8.478004,5.206112],[8.48875,5.202416],[8.495826,5.189748],[8.514177,5.172171],[8.517566,5.148731],[8.53523,5.114362],[8.542153,5.072071],[8.566419,5.045073],[8.598337,4.997983],[8.609048,4.990689]]}},
{"type":"Feature","properties":{},"geometry":{"type":"LineString","coordinates":[[8.330874,5.228995],[8.34875,5.218034],[8.361342,5.219728],[8.381013,5.208752],[8.419216,5.216163],[8.437906,5.22587]]}},
{"type":"Feature","properties":{},"geometry":{"type":"LineString","coordinates":[[8.313799,5.333623],[8.329973,5.333483],[8.357451,5.324084],[8.407195,5.327404]]}},
{"type":"Feature","properties":{},"geometry":{"type":"LineString","coordinates":[[8.482493,5.004487],[8.49865,4.995075],[8.514003,4.99544],[8.53174,4.978741],[8.560437,4.974897],[8.583624,4.956694]]}},
{"type":"Feature","properties":{},"geometry":{"type":"LineString","coordinates":[[8.508342,5.0243],[8.515577,5.007168],[8.514003,4.99544]]}},
{"type":"Feature","properties":{},"geometry":{"type":"LineString","coordinates":[[8.021152,5.155864],[8.047132,5.124947],[8.084788,5.113835],[8.111588,5.093799],[8.137442,5.088261]]}},
{"type":"Feature","properties":{},"geometry":{"type":"LineString","coordinates":[[7.718134,5.639607],[7.705492,5.634301],[7.700038,5.624558],[7.673879,5.61731],[7.646043,5.601468],[7.616917,5.579254],[7.604967,5.564995]]}},
{"type":"Feature","properties":{},"geometry":{"type":"LineString","coordinates":[[7.601679,5.281355],[7.580025,5.272499],[7.556494,5.252833],[7.538504,5.252965],[7.49192,5.235586]]}},
{"type":"Feature","properties":{},"geometry":{"type":"LineString","coordinates":[[7.994795,5.087186],[8.004792,5.031854],[8.016134,5.010336],[8.044621,4.97385],[8.173787,4.91139]]}},
{"type":"Feature","properties":{},"geometry":{"type":"LineString","coordinates":[[7.228282,4.905001],[7.264188,4.893947],[7.276664,4.875826],[7.278394,4.86499],[7.289152,4.859509],[7.29449,4.850454],[7.321375,4.83585],[7.33394,4.832162],[7.338538,4.835908]]}},
{"type":"Feature","properties":{},"geometry":{"type":"LineString","coordinates":[[7.247605,5.074915],[7.267456,5.083805],[7.281837,5.081905],[7.290785,5.074629],[7.301436,5.052909],[7.333722,5.038261],[7.349816,5.023722],[7.355141,5.012863],[7.36772,5.010975],[7.382001,4.994644],[7.414292,4.981801],[7.425096,4.983531],[7.441456,4.961776]]}},
{"type":"Feature","properties":{},"geometry":{"type":"LineString","coordinates":[[5.146033,4.989353],[5.10846,4.986393],[5.071358,4.988566],[5.064156,4.993399]]}},
{"type":"Feature","properties":{},"geometry":{"type":"LineString","coordinates":[[4.721944,5.128203],[4.754402,5.126307],[4.78688,5.131641],[4.794084,5.128005],[4.81574,5.133368],[4.848197,5.131467],[4.86264,5.136849],[4.884264,5.131361],[4.925753,5.134854],[4.956442,5.145609],[4.983542,5.161798],[4.99616,5.15995],[5.014153,5.147237],[5.035804,5.150784],[5.055623,5.145297]]}},
{"type":"Feature","properties":{},"geometry":{"type":"LineString","coordinates":[[5.141972,5.107894],[5.131165,5.087196]]}},
{"type":"Feature","properties":{},"geometry":{"type":"LineString","coordinates":[[5.600144,5.170813],[5.579332,5.132896],[5.582521,5.11919],[5.578228,5.113044],[5.544896,5.102565],[5.533532,5.077788],[5.512789,5.058709]]}},
{"type":"Feature","properties":{},"geometry":{"type":"LineString","coordinates":[[8.124645,11.371678],[8.131689,11.35714],[8.11497,11.341214],[8.099951,11.318049],[8.090793,11.316406],[8.07411,11.302278],[8.057588,11.297154],[8.044621,11.286564],[8.019036,11.285196],[8.00239,11.272863],[7.987072,11.23167],[7.975875,11.217441],[7.956826,11.170898],[7.930852,11.146095],[7.919843,11.142672],[7.899439,11.123178],[7.89211,11.121496],[7.877243,11.105515],[7.875209,11.092931],[7.860225,11.06974],[7.859898,11.049917],[7.850598,11.039251],[7.848507,11.023062],[7.837297,11.007018],[7.838621,10.976353],[7.827414,10.960307],[7.825093,10.929699],[7.832183,10.916968],[7.831979,10.904353],[7.82257,10.886476],[7.82555,10.844968],[7.819965,10.837845],[7.815555,10.790132]]}},
{"type":"Feature","properties":{},"geometry":{"type":"LineString","coordinates":[[7.716425,10.485403],[7.729166,10.472408],[7.740613,10.474903],[7.809978,10.419237],[7.82667,10.41077],[7.861622,10.408464],[7.890293,10.41742]]}},
{"type":"Feature","properties":{},"geometry":{"type":"LineString","coordinates":[[7.663879,10.284913],[7.676154,10.29678]]}},
{"type":"Feature","properties":{},"geometry":{"type":"LineString","coordinates":[[7.709122,9.836524],[7.722177,9.833437],[7.731402,9.835908],[7.741423,9.82723],[7.756947,9.784177],[7.763446,9.78373],[7.772668,9.775172],[7.780372,9.778055],[7.791912,9.761227],[7.809907,9.749947],[7.815408,9.737065],[7.820016,9.737],[7.823955,9.743803],[7.83698,9.741332],[7.837965,9.745738],[7.846219,9.742725],[7.859172,9.746046],[7.865911,9.744577],[7.869114,9.732339],[7.873941,9.729628],[7.883814,9.739596],[7.89273,9.739926],[7.918263,9.718333],[7.932361,9.712924]]}},
{"type":"Feature","properties":{},"geometry":{"type":"LineString","coordinates":[[4.737753,6.311129],[4.721246,6.324855],[4.706788,6.324903],[4.681515,6.334026],[4.658129,6.368459],[4.623809,6.375802],[4.591329,6.393987],[4.584159,6.413901],[4.544515,6.455616],[4.540954,6.473711],[4.508485,6.499126],[4.499499,6.517237],[4.477838,6.52996],[4.472482,6.553486],[4.459871,6.569799],[4.463541,6.587873],[4.443732,6.616866],[4.438385,6.644009],[4.425776,6.66213],[4.411343,6.674831],[4.396877,6.676681],[4.380659,6.698429],[4.36981,6.700268],[4.362595,6.707522],[4.359008,6.718825]]}},
{"type":"Feature","properties":{},"geometry":{"type":"LineString","coordinates":[[5.16963,5.264236],[5.144382,5.264324],[5.124562,5.269816],[5.113717,5.262621],[5.093878,5.262688],[5.061361,5.246525]]}},
{"type":"Feature","properties":{},"geometry":{"type":"LineString","coordinates":[[7.297362,5.249583],[7.309935,5.245888],[7.326018,5.22954],[7.333229,5.231294],[7.347549,5.220371],[7.365555,5.22205],[7.379875,5.211127],[7.408688,5.214533],[7.426604,5.203584],[7.435612,5.205324]]}},
{"type":"Feature","properties":{},"geometry":{"type":"LineString","coordinates":[[9.058808,5.294332],[9.012075,5.287591],[8.992419,5.296779],[8.945767,5.29903],[8.927662,5.283008],[8.911471,5.279564],[8.90241,5.270652],[8.873653,5.267326],[8.853839,5.260314],[8.844879,5.262198]]}},
{"type":"Feature","properties":{},"geometry":{"type":"LineString","coordinates":[[9.365697,5.004088],[9.408775,5.00906],[9.415911,5.005394],[9.444591,5.005111],[9.462428,4.995946],[9.492916,4.997441],[9.508958,4.988294],[9.559103,4.984198],[9.568009,4.978716],[9.578761,4.978609],[9.598347,4.965831],[9.632265,4.952909],[9.678811,4.948845]]}},
{"type":"Feature","properties":{},"geometry":{"type":"LineString","coordinates":[[0.900891,11.800487],[0.880488,11.816912],[0.856024,11.85583],[0.82571,11.869624],[0.828011,11.902105]]}},
{"type":"Feature","properties":{},"geometry":{"type":"LineString","coordinates":[[1.77564,12.198111],[1.735323,12.22344],[1.708057,12.230329],[1.685275,12.248078],[1.650351,12.250434]]}},
{"type":"Feature","properties":{},"geometry":{"type":"LineString","coordinates":[[1.820436,12.257701],[1.825389,12.310659],[1.838915,12.332402],[1.838741,12.371944],[1.847121,12.384098],[1.849009,12.3975],[1.855472,12.403267],[1.90277,12.420046],[1.909205,12.432828],[1.931908,12.435469],[1.950004,12.454037],[1.952511,12.47637],[1.938795,12.497364],[1.938745,12.509482],[1.939968,12.527983],[1.950711,12.562892]]}},
{"type":"Feature","properties":{},"geometry":{"type":"LineString","coordinates":[[2.038111,12.32042],[2.017308,12.332465],[1.996535,12.336216],[1.980899,12.35338],[1.957478,12.369874],[1.95744,12.379441],[1.950275,12.38643],[1.946983,12.398535],[1.948827,12.424055],[1.938993,12.440838]]}},
{"type":"Feature","properties":{},"geometry":{"type":"LineString","coordinates":[[1.939089,12.263926],[1.947467,12.277352],[1.94996,12.302875],[1.962163,12.333537],[1.960086,12.368216]]}},
{"type":"Feature","properties":{},"geometry":{"type":"LineString","coordinates":[[7.571216,11.406649],[7.571973,11.395944],[7.580809,11.386946],[7.580264,11.37229]]}},
{"type":"Feature","properties":{},"geometry":{"type":"LineString","coordinates":[[7.667933,11.413067],[7.674216,11.437405]]}},
{"type":"Feature","properties":{},"geometry":{"type":"LineString","coordinates":[[7.92517,11.482679],[7.921935,11.492506],[7.914265,11.496605],[7.911819,11.516191],[7.901351,11.533587]]}},
{"type":"Feature","properties":{},"geometry":{"type":"LineString","coordinates":[[9.052321,11.533131],[9.041975,11.54798],[9.010217,11.55916]]}},
{"type":"Feature","properties":{},"geometry":{"type":"LineString","coordinates":[[9.667099,11.63416],[9.661826,11.646159],[9.646838,11.65884],[9.635144,11.677036]]}},
{"type":"Feature","properties":{},"geometry":{"type":"LineString","coordinates":[[9.707771,11.649198],[9.711597,11.654132],[9.712071,11.67376],[9.707616,11.681172],[9.71112,11.727376]]}},
{"type":"Feature","properties":{},"geometry":{"type":"LineString","coordinates":[[9.989882,11.640629],[9.953691,11.674834]]}},
{"type":"Feature","properties":{},"geometry":{"type":"LineString","coordinates":[[10.318938,11.620099],[10.313039,11.642146]]}},
{"type":"Feature","properties":{},"geometry":{"type":"LineString","coordinates":[[3.424828,8.001252],[3.426617,7.975925],[3.453785,7.930675],[3.45375,7.898115],[3.439213,7.876424],[3.444628,7.851094],[3.424641,7.818554],[3.426439,7.802272],[3.422796,7.787805],[3.397372,7.75346],[3.395523,7.715475],[3.408189,7.68652],[3.399106,7.668439],[3.402704,7.637685],[3.399059,7.61779],[3.406301,7.60693],[3.406251,7.554471],[3.413487,7.538184],[3.411657,7.520096],[3.4044,7.512867],[3.411611,7.471255],[3.400702,7.433278],[3.400683,7.411571],[3.40792,7.39883]]}},
{"type":"Feature","properties":{},"geometry":{"type":"LineString","coordinates":[[6.106782,5.063358],[6.140836,5.027064],[6.169596,5.01428],[6.187599,5.012386],[6.216295,4.986957],[6.225168,4.959819],[6.221514,4.948999],[6.226855,4.936329],[6.235592,4.929214]]}},
{"type":"Feature","properties":{},"geometry":{"type":"LineString","coordinates":[[2.056655,16.187703],[2.041949,16.144617],[2.042062,16.121117],[2.100309,16.05991],[2.106046,16.03101],[2.124833,16.009396],[2.12488,15.998549],[2.117436,15.991287],[2.117531,15.969595],[2.138194,15.94437]]}},
{"type":"Feature","properties":{},"geometry":{"type":"LineString","coordinates":[[1.501044,16.282428],[1.493657,16.258924],[1.488459,16.204668],[1.477375,16.186516],[1.477541,16.164827],[1.481323,16.159433],[1.477693,16.144949],[1.47027,16.137667],[1.470381,16.123209],[1.45004,16.094145],[1.442746,16.070597],[1.44654,16.063395]]}},
{"type":"Feature","properties":{},"geometry":{"type":"LineString","coordinates":[[5.293559,10.142724],[5.305126,10.127224],[5.351856,10.105478],[5.413855,10.096919],[5.421489,10.089747],[5.44416,10.082345],[5.456652,10.058748],[5.464981,10.022197],[5.494823,9.988653],[5.510092,9.964362],[5.534151,9.907222],[5.550344,9.896465],[5.583541,9.839555],[5.60384,9.834651],[5.625274,9.818522]]}},
{"type":"Feature","properties":{},"geometry":{"type":"LineString","coordinates":[[5.428532,9.701704],[5.438403,9.666849],[5.445188,9.661914],[5.457681,9.629835],[5.45691,9.614413],[5.469145,9.591999],[5.474388,9.562696],[5.47288,9.523235],[5.48726,9.497833]]}},
{"type":"Feature","properties":{},"geometry":{"type":"LineString","coordinates":[[16.234173,3.569853],[16.219098,3.579907],[16.219247,3.590101],[16.202599,3.591804],[16.199237,3.609699],[16.180195,3.621272],[16.171209,3.632047],[16.167806,3.639144],[16.168304,3.672609],[16.161476,3.685044],[16.167,3.702578]]}},
{"type":"Feature","properties":{},"geometry":{"type":"LineString","coordinates":[[9.711046,9.776896],[9.732667,9.771075],[9.766561,9.745245],[9.809719,9.730009],[9.876621,9.72507],[9.907575,9.733424],[9.93838,9.734593],[9.950937,9.728948],[9.976235,9.726634],[9.994518,9.735238]]}},
{"type":"Feature","properties":{},"geometry":{"type":"LineString","coordinates":[[3.264905,9.257273],[3.268529,9.233755],[3.281264,9.222893],[3.29399,9.201178],[3.304913,9.201168],[3.314005,9.190308],[3.357692,9.188459]]}},
{"type":"Feature","properties":{},"geometry":{"type":"LineString","coordinates":[[7.875663,9.416716],[7.878562,9.408069],[7.872675,9.390957],[7.86136,9.37979]]}},
{"type":"Feature","properties":{},"geometry":{"type":"LineString","coordinates":[[14.175228,3.641817],[14.157498,3.636715],[14.129277,3.64062],[14.116821,3.633675],[14.092042,3.630434],[14.086785,3.63405],[14.07435,3.628879],[14.054564,3.600714],[14.05437,3.584735],[14.061136,3.559793],[14.057603,3.559836],[14.055728,3.550981],[14.05047,3.554596],[14.045105,3.549334],[14.039825,3.551174],[14.023751,3.537162],[14.009592,3.535557],[14.004185,3.526743],[14.009296,3.510698],[14.005783,3.512516],[14.002144,3.503679],[13.996883,3.507294],[13.993265,3.500233],[13.975488,3.491564],[13.97006,3.480972],[13.969895,3.466764],[13.978669,3.461332],[13.980312,3.450656],[13.978442,3.441798],[13.969524,3.434797],[13.973038,3.43298],[13.969401,3.424142],[13.976306,3.409852],[13.974315,3.390338],[13.981343,3.386705],[13.983009,3.377805],[13.979455,3.37607],[13.979053,3.340552],[13.987412,3.297832],[13.985545,3.288972],[13.982012,3.289012],[13.967621,3.266083],[13.965718,3.253671],[13.955077,3.250236],[13.942573,3.237939],[13.896663,3.241995],[13.878836,3.227977],[13.855365,3.182034],[13.855047,3.151831],[13.846117,3.143041],[13.839047,3.143116],[13.83529,3.121832],[13.838843,3.123572],[13.842268,3.112875],[13.831571,3.104102],[13.822734,3.104194],[13.815535,3.091829],[13.804893,3.088385],[13.806229,3.070854],[13.788767,3.067225],[13.774661,3.070924],[13.762214,3.063942],[13.738981,3.039294],[13.701605,3.014784],[13.68212,3.011422],[13.66076,2.997411],[13.635933,2.990544],[13.609267,2.976581],[13.589811,2.976771],[13.568466,2.964529],[13.510004,2.956201],[13.47622,2.938735],[13.462049,2.937091],[13.440715,2.926618],[13.410417,2.903772],[13.387345,2.89687],[13.359043,2.898913],[13.335985,2.893788],[13.318366,2.90285],[13.30245,2.904778],[13.282896,2.896058],[13.259654,2.871349],[13.232953,2.855568],[13.209886,2.850435],[13.199167,2.839848],[13.186787,2.841739],[13.181396,2.832884],[13.163656,2.829481],[13.140415,2.804754],[13.140276,2.788727],[13.10623,2.742716],[13.088397,2.728619],[13.036821,2.704117],[13.02073,2.686436],[13.016737,2.63124],[13.005923,2.608166],[12.993423,2.595795]]}},
{"type":"Feature","properties":{},"geometry":{"type":"LineString","coordinates":[[14.493852,4.088086],[14.521357,4.036272],[14.542182,4.011153],[14.557915,4.000292],[14.566537,3.985987],[14.566037,3.950543],[14.544366,3.915396],[14.540592,3.897722],[14.547382,3.878128],[14.576964,3.847584],[14.590738,3.82258],[14.590642,3.815493]]}},
{"type":"Feature","properties":{},"geometry":{"type":"LineString","coordinates":[[7.316532,5.426199],[7.398629,5.319227],[7.400326,5.304784],[7.418141,5.279403],[7.417963,5.254151],[7.432204,5.232405],[7.435612,5.205324],[7.446305,5.190819],[7.446192,5.174586],[7.465867,5.158214]]}},
{"type":"Feature","properties":{},"geometry":{"type":"LineString","coordinates":[[8.314795,6.726116],[8.285325,6.666986],[8.275913,6.629255],[8.275682,6.607639],[8.253876,6.589855],[8.248187,6.562891],[8.228127,6.539679]]}},
{"type":"Feature","properties":{},"geometry":{"type":"LineString","coordinates":[[8.240444,6.335966],[8.247556,6.326886],[8.261886,6.319534],[8.317622,6.31176],[8.324861,6.315289]]}},
{"type":"Feature","properties":{},"geometry":{"type":"LineString","coordinates":[[8.322678,6.452218],[8.297055,6.412853],[8.280738,6.402213],[8.280626,6.391405],[8.289426,6.371498],[8.285566,6.346316]]}},
{"type":"Feature","properties":{},"geometry":{"type":"LineString","coordinates":[[8.427596,6.326832],[8.407608,6.30903],[8.405621,6.291039]]}},
{"type":"Feature","properties":{},"geometry":{"type":"LineString","coordinates":[[8.506617,6.309791],[8.488467,6.295576],[8.48824,6.273967]]}},
{"type":"Feature","properties":{},"geometry":{"type":"LineString","coordinates":[[14.789565,13.439713],[14.767427,13.431892],[14.762352,13.43923],[14.770989,13.467208],[14.760751,13.480114],[14.744735,13.486198],[14.740274,13.505927],[14.731404,13.509897],[14.723992,13.506701],[14.710395,13.52509],[14.697904,13.529232],[14.690228,13.520723],[14.681093,13.519381],[14.675752,13.521407],[14.676364,13.533802],[14.67292,13.537515],[14.662148,13.539799],[14.652139,13.520748],[14.639208,13.516033],[14.586559,13.552239]]}},
{"type":"Feature","properties":{},"geometry":{"type":"LineString","coordinates":[[0.284085,9.703677],[0.255052,9.690798],[0.233482,9.701628]]}},
{"type":"Feature","properties":{},"geometry":{"type":"LineString","coordinates":[[16.078792,4.518155],[16.071672,4.512998],[16.064138,4.484935],[16.065671,4.472569],[16.058332,4.455075],[16.042341,4.444788],[16.022995,4.443374],[16.017633,4.438182],[16.013777,4.418858],[15.988788,4.396384],[15.965711,4.382687],[15.955174,4.382873],[15.93037,4.370966],[15.916103,4.358871],[15.893208,4.355744],[15.866675,4.345623],[15.859526,4.338691],[15.853984,4.322911],[15.856805,4.282289],[15.847872,4.273621],[15.835484,4.26854],[15.800376,4.270902],[15.779112,4.260675],[15.777237,4.253649],[15.766576,4.24677],[15.748416,4.21178],[15.718163,4.18934],[15.677651,4.184714],[15.674049,4.179478],[15.638921,4.181821],[15.623013,4.176785],[15.594853,4.17548],[15.575397,4.168734],[15.562747,4.147747],[15.558581,4.107195],[15.545937,4.086204],[15.526371,4.072385],[15.49455,4.06229],[15.466465,4.066266],[15.443542,4.063093],[15.431091,4.054454],[15.418504,4.036981],[15.406135,4.033639],[15.386268,4.000371],[15.375685,3.998766],[15.345505,3.981555],[15.324363,3.980109],[15.308392,3.971514],[15.287221,3.968299],[15.244453,3.933583],[15.235626,3.931947],[15.224934,3.923265],[15.203732,3.918268]]}},
{"type":"Feature","properties":{},"geometry":{"type":"LineString","coordinates":[[5.940836,9.49578],[5.908514,9.476674],[5.898935,9.458762],[5.894854,9.430718],[5.886184,9.413241],[5.845812,9.37381],[5.837531,9.34922],[5.872978,9.286172],[5.892243,9.268651]]}},
{"type":"Feature","properties":{},"geometry":{"type":"LineString","coordinates":[[6.881419,10.631584],[6.849359,10.619909],[6.847987,10.615283],[6.835171,10.611168],[6.800114,10.58448],[6.782058,10.58601],[6.773479,10.574012],[6.752068,10.560678],[6.737698,10.557312],[6.724281,10.544424],[6.685949,10.529348],[6.682763,10.518921],[6.647169,10.508975],[6.636254,10.510672],[6.626328,10.494978],[6.615219,10.490368],[6.603349,10.49472],[6.587569,10.48686],[6.558641,10.484955],[6.552196,10.48032],[6.47687,10.483109],[6.438458,10.458858],[6.424712,10.461617],[6.395219,10.458802],[6.363524,10.443913],[6.33525,10.436873],[6.321298,10.425891],[6.28007,10.428331],[6.261678,10.414072],[6.252557,10.414165],[6.239658,10.401654],[6.20584,10.388974],[6.177212,10.389397],[6.135465,10.381018],[6.098591,10.34164],[6.102185,10.336185],[6.100273,10.327173],[6.056098,10.286051],[6.043021,10.25366],[6.017149,10.217775],[6.004352,10.21428],[5.979609,10.194601],[5.945769,10.189525],[5.916365,10.164497],[5.886707,10.110564],[5.882932,10.096145],[5.871898,10.085402],[5.866318,10.072804],[5.860732,10.071252],[5.860738,10.060206],[5.85332,10.045817],[5.833097,10.026118],[5.801942,10.006509],[5.778187,9.999481],[5.754357,9.983419],[5.728811,9.980016],[5.692402,9.956551],[5.647587,9.900383],[5.62858,9.827589],[5.602757,9.760264],[5.604752,9.733453],[5.593698,9.717274],[5.58804,9.692019],[5.576241,9.680078],[5.563494,9.652808],[5.559771,9.641994],[5.56572,9.630746],[5.550991,9.609171],[5.543505,9.58212],[5.539071,9.580345],[5.541617,9.573098],[5.528807,9.564157],[5.520551,9.536163],[5.509509,9.519978],[5.504822,9.520959],[5.478473,9.491014],[5.464322,9.457995],[5.447614,9.447334],[5.437372,9.42367],[5.422955,9.416113],[5.418381,9.397818],[5.419674,9.375546],[5.399191,9.340049],[5.399291,9.323743],[5.390839,9.313601],[5.382984,9.257721],[5.36091,9.204426],[5.35574,9.174697],[5.337868,9.151132],[5.312513,9.131544],[5.309928,9.123788],[5.300183,9.119513],[5.290166,9.090082],[5.279626,9.081332],[5.270976,9.036389],[5.281217,9.006958],[5.281416,8.973351],[5.275848,8.952072],[5.267595,8.946107],[5.2667,8.937854],[5.246615,8.902855],[5.251289,8.853736],[5.256558,8.844191],[5.253476,8.830867],[5.246118,8.827984],[5.243732,8.818538],[5.235579,8.81645],[5.231999,8.78155],[5.217156,8.771186],[5.214053,8.763852],[5.198257,8.757364],[5.175974,8.729157],[5.159896,8.723516],[5.156229,8.70236],[5.14142,8.700457],[5.127951,8.688186],[5.117867,8.686212],[5.09241,8.657159],[5.066601,8.63692],[5.051369,8.633112],[5.027393,8.61365],[5.011315,8.615201],[5.005815,8.604482],[4.979583,8.598277],[4.95335,8.576416],[4.933182,8.570493],[4.926553,8.558364],[4.907796,8.543414],[4.891859,8.539747],[4.875358,8.521554],[4.848984,8.519861],[4.822188,8.499411],[4.771697,8.481359],[4.71077,8.439612],[4.675229,8.405623],[4.667754,8.384609],[4.648009,8.371493],[4.640535,8.347517],[4.620226,8.33708],[4.609225,8.312399],[4.57989,8.301539],[4.571568,8.292513],[4.56635,8.271499],[4.527425,8.250485],[4.505071,8.213392],[4.469459,8.18984],[4.45061,8.1671]]}},
{"type":"Feature","properties":{},"geometry":{"type":"LineString","coordinates":[[4.663658,8.829731],[4.662988,8.823033],[4.675714,8.810642],[4.674151,8.79892],[4.681072,8.789655],[4.681854,8.758732],[4.67817,8.748908],[4.683456,8.717681],[4.692502,8.7086],[4.69427,8.697743],[4.708741,8.683214],[4.723116,8.675917]]}},
{"type":"Feature","properties":{},"geometry":{"type":"LineString","coordinates":[[5.432762,10.17461],[5.44618,10.132198],[5.44402,10.118009],[5.449264,10.096109],[5.44416,10.082345]]}},
{"type":"Feature","properties":{},"geometry":{"type":"LineString","coordinates":[[5.788251,9.965635],[5.745531,9.943889],[5.699572,9.939108],[5.67314,9.931481]]}},
{"type":"Feature","properties":{},"geometry":{"type":"LineString","coordinates":[[5.071192,9.956639],[5.099364,9.902557],[5.095457,9.897005],[5.102037,9.873974],[5.162493,9.830791],[5.174831,9.802208],[5.194778,9.789253],[5.220071,9.730441],[5.265927,9.695484],[5.284023,9.693427],[5.324944,9.66978],[5.344891,9.627213],[5.375941,9.591022],[5.391569,9.583413],[5.395271,9.574777],[5.431462,9.558943],[5.439688,9.547222],[5.472906,9.52685]]}},
{"type":"Feature","properties":{},"geometry":{"type":"LineString","coordinates":[[5.483591,9.640631],[5.469145,9.591999]]}},
{"type":"Feature","properties":{},"geometry":{"type":"LineString","coordinates":[[5.698344,9.675623],[5.667009,9.675884],[5.637502,9.664656],[5.617657,9.642722],[5.588673,9.633321],[5.579794,9.637499],[5.56572,9.630746]]}},
{"type":"Feature","properties":{},"geometry":{"type":"LineString","coordinates":[[4.45061,8.1671],[4.412314,8.120217],[4.39769,8.089525],[4.377656,8.067892],[4.357552,8.024557],[4.326603,7.992105],[4.312067,7.984918],[4.30105,7.943358],[4.275465,7.881948],[4.257279,7.865726],[4.240853,7.831413],[4.226303,7.816987],[4.199064,7.804406],[4.170049,7.804487],[4.124663,7.786524],[4.026727,7.783155],[3.988614,7.770585],[3.981348,7.765175],[3.975878,7.752527],[3.94865,7.739928],[3.915935,7.705633],[3.897777,7.693011],[3.875967,7.667733],[3.86867,7.646043],[3.857771,7.635212],[3.848671,7.617142],[3.814189,7.597312],[3.786977,7.586509],[3.770662,7.586538],[3.754331,7.577523],[3.739842,7.584783],[3.719898,7.583008],[3.70903,7.588452],[3.667336,7.588518],[3.623802,7.570494],[3.569371,7.534391],[3.533079,7.501877],[3.505877,7.489246],[3.476871,7.483852],[3.467802,7.476626],[3.440588,7.44952],[3.426065,7.42421],[3.416997,7.417017],[3.407915,7.393475],[3.371634,7.346474],[3.35894,7.333821],[3.340815,7.324791],[3.313648,7.297502]]}},
{"type":"Feature","properties":{},"geometry":{"type":"LineString","coordinates":[[6.632038,8.99288],[6.602549,8.997139],[6.586821,9.010573],[6.567868,9.041752]]}},
{"type":"Feature","properties":{},"geometry":{"type":"LineString","coordinates":[[6.587804,9.036704],[6.567868,9.041752]]}},
{"type":"Feature","properties":{},"geometry":{"type":"LineString","coordinates":[[6.034191,8.21581],[6.029774,8.224406],[6.018406,8.231281],[6.013849,8.245629],[5.991799,8.251874],[5.976392,8.249518],[5.956654,8.270616],[5.937023,8.256629],[5.911127,8.265244],[5.882627,8.258803],[5.869841,8.246248],[5.845907,8.246458],[5.829801,8.226658],[5.797119,8.221467],[5.762721,8.196761],[5.733521,8.203835],[5.706882,8.178154],[5.673038,8.158372],[5.653858,8.155102],[5.642553,8.161073],[5.633474,8.159325],[5.607921,8.134191],[5.566246,8.139878],[5.549833,8.125524],[5.513507,8.116714],[5.504395,8.109541],[5.491556,8.086125],[5.477038,8.084407],[5.466114,8.077243],[5.422625,8.082925],[5.400799,8.072209],[5.379059,8.075952],[5.355452,8.070666],[5.344592,8.074343],[5.331835,8.063571]]}},
{"type":"Feature","properties":{},"geometry":{"type":"LineString","coordinates":[[10.66523,8.976516],[10.6777,8.969082],[10.688516,8.968856],[10.712333,8.986288],[10.73224,8.989455],[10.778154,9.027928],[10.798176,9.036465],[10.812948,9.052283],[10.840378,9.06962],[10.854878,9.072892],[10.899007,9.111368],[10.926363,9.125109],[10.954041,9.153175],[10.963456,9.170889],[10.999749,9.180835],[11.010806,9.191339],[11.028993,9.1981],[11.049269,9.217356],[11.070039,9.258097],[11.077744,9.279422],[11.078364,9.306283],[11.084062,9.318695],[11.117304,9.351973],[11.141076,9.365756]]}},
{"type":"Feature","properties":{},"geometry":{"type":"LineString","coordinates":[[7.879443,6.445851],[7.899455,6.465487],[7.946339,6.468637],[7.962626,6.475688],[7.97538,6.489981],[8.006082,6.496887],[8.036982,6.523613],[8.058602,6.523396],[8.08752,6.532115],[8.121733,6.529965],[8.130795,6.535278],[8.155979,6.531416],[8.181273,6.538363],[8.193884,6.538233],[8.222574,6.525323]]}},
{"type":"Feature","properties":{},"geometry":{"type":"LineString","coordinates":[[1.832789,11.641922],[1.837054,11.63109],[1.851794,11.614875],[1.855536,11.596807],[1.905153,11.571685],[1.929083,11.548266],[1.94742,11.548334],[1.965791,11.539358],[1.986072,11.508689],[1.998926,11.503308],[2.035583,11.507049],[2.057664,11.483613],[2.085171,11.481892],[2.092487,11.48734],[2.103499,11.483757],[2.118155,11.487419],[2.132889,11.465762],[2.145738,11.460375],[2.149432,11.451344],[2.167806,11.43693],[2.169671,11.426085],[2.178862,11.417068],[2.184361,11.417084],[2.197238,11.400844],[2.20103,11.355644],[2.19375,11.33754],[2.188355,11.301357],[2.173784,11.270574],[2.170244,11.227161],[2.175817,11.200051],[2.152226,11.124031],[2.148674,11.086044],[2.134133,11.049835],[2.136043,11.022714],[2.130699,10.972063],[2.134381,10.964839],[2.134491,10.926863],[2.149218,10.89616],[2.153031,10.841917],[2.165981,10.789507],[2.182521,10.760616],[2.193629,10.710008],[2.219355,10.661243],[2.223058,10.643167],[2.243226,10.619706],[2.252442,10.588984],[2.276281,10.556485],[2.27813,10.547447],[2.292785,10.533011],[2.314744,10.5204],[2.323902,10.511377],[2.327588,10.496916],[2.377008,10.457229],[2.378861,10.444571],[2.38619,10.433734],[2.38806,10.412035],[2.408201,10.388561],[2.413715,10.370485],[2.430185,10.354238],[2.430218,10.336151],[2.439395,10.310846],[2.446713,10.303625],[2.446798,10.254792],[2.457801,10.227681],[2.445085,10.189678],[2.441484,10.160734],[2.426925,10.135388],[2.426944,10.124537],[2.41785,10.106434],[2.416064,10.084727],[2.395144,10.055753],[2.387851,10.055738],[2.376922,10.044866],[2.324062,10.015824],[2.278485,9.997643],[2.258419,9.99579],[2.243844,9.986714],[2.214657,9.984838],[2.203723,9.979386],[2.134425,9.968363],[2.054244,9.937401],[2.030568,9.924673],[1.937764,9.855671],[1.90229,9.814199]]}},
{"type":"Feature","properties":{},"geometry":{"type":"LineString","coordinates":[[5.636379,5.336773],[5.66333,5.314971],[5.675935,5.311302],[5.702899,5.293113],[5.713661,5.280416],[5.722675,5.280377],[5.738812,5.260428],[5.760404,5.251297],[5.771155,5.236794],[5.781971,5.236745],[5.792746,5.227663],[5.816177,5.227558],[5.837766,5.218425],[5.85583,5.227378],[5.866644,5.227329],[5.875631,5.221867],[5.911685,5.223507],[5.915273,5.219877],[5.927897,5.221625],[5.936892,5.217969],[5.980298,5.250286],[5.982195,5.270151],[5.991258,5.280947],[6.020147,5.291647],[6.031014,5.302433],[6.047243,5.304161],[6.068942,5.318505],[6.076205,5.329309]]}},
{"type":"Feature","properties":{},"geometry":{"type":"LineString","coordinates":[[5.513963,5.807209],[5.546462,5.810678],[5.55186,5.807039],[5.595169,5.806841],[5.606029,5.81402],[5.625854,5.808507],[5.647549,5.817441],[5.670999,5.815524],[5.683664,5.822692],[5.692686,5.822649],[5.726882,5.804414],[5.739434,5.78809],[5.77,5.766257],[5.778924,5.746336],[5.793295,5.733617],[5.793224,5.719162],[5.807612,5.710057],[5.840046,5.70267],[5.852563,5.680484],[5.865171,5.676808],[5.885059,5.686184],[5.894078,5.686139],[5.924594,5.657077],[5.939041,5.660617],[5.960172,5.658703]]}},
{"type":"Feature","properties":{},"geometry":{"type":"LineString","coordinates":[[6.475693,5.641152],[6.466691,5.643012],[6.445157,5.659393],[6.421754,5.66495],[6.402051,5.686738],[6.382231,5.68866],[6.369685,5.701375],[6.344496,5.710553],[6.32656,5.726912],[6.319221,5.726955],[6.285851,5.702718],[6.260562,5.695519],[6.24403,5.681416],[6.231802,5.679363],[6.155056,5.691755],[6.133486,5.704517],[6.108249,5.706461],[6.066885,5.728362]]}},
{"type":"Feature","properties":{},"geometry":{"type":"LineString","coordinates":[[9.186632,4.66758],[9.168643,4.660543],[9.14155,4.637397],[9.135986,4.615859],[9.125152,4.606958],[9.108973,4.601701],[9.098125,4.591001],[9.083753,4.587526],[9.067634,4.589463],[9.058624,4.584142],[9.0405,4.560907],[9.02429,4.552047],[9.018687,4.525105],[9.009634,4.514385],[9.00061,4.507263],[8.984446,4.503798],[8.971735,4.484109],[8.957348,4.478829],[8.917615,4.443161],[8.905036,4.439663],[8.885171,4.421826],[8.851062,4.416698],[8.827583,4.395285],[8.791678,4.390166],[8.77903,4.377664],[8.759263,4.372417],[8.746587,4.356314],[8.719605,4.345719],[8.699865,4.344069],[8.680017,4.328016],[8.649463,4.319243],[8.635128,4.321151],[8.611772,4.315923],[8.604625,4.319578],[8.588429,4.312495],[8.579488,4.316163],[8.561524,4.312694],[8.541845,4.320041],[8.502381,4.320329],[8.488082,4.327637],[8.466554,4.327794],[8.45943,4.335049],[8.421792,4.340724],[8.416384,4.337161],[8.398441,4.33729],[8.360621,4.317746],[8.342652,4.314271],[8.333617,4.305327],[8.319262,4.305429],[8.30123,4.292944],[8.283348,4.302076],[8.272569,4.30035],[8.263634,4.305817],[8.249276,4.305916],[8.240365,4.314986],[8.224201,4.313296],[8.20629,4.318825],[8.188416,4.329759],[8.175839,4.328043],[8.145449,4.346271],[8.134776,4.360759],[8.118657,4.366276],[8.082912,4.389947],[8.068574,4.393649],[8.054296,4.406361],[8.043536,4.408237],[8.029306,4.428158],[8.027572,4.437181],[7.988275,4.468089],[7.982998,4.484346],[7.933043,4.533354],[7.933032,4.545782]]}},
{"type":"Feature","properties":{},"geometry":{"type":"LineString","coordinates":[[7.583104,5.8511],[7.613557,5.840616],[7.6207,5.833344],[7.620626,5.824328],[7.627739,5.81345],[7.625733,5.78822],[7.616467,5.755836],[7.619981,5.744988],[7.61985,5.72876],[7.61622,5.725182],[7.617746,5.690907],[7.612259,5.680131],[7.608683,5.649604],[7.593544,5.609434],[7.599694,5.60241],[7.597446,5.59264],[7.605175,5.567303],[7.603632,5.552885],[7.596652,5.546102],[7.596559,5.520771],[7.574716,5.482054],[7.551129,5.456986],[7.550871,5.422722],[7.539939,5.404769],[7.541564,5.381311],[7.528716,5.34714],[7.512324,5.320207],[7.512271,5.312994],[7.503196,5.302238],[7.501123,5.264378],[7.492023,5.250014],[7.493732,5.237377],[7.488296,5.232005],[7.488065,5.199541],[7.471608,5.161781],[7.465867,5.158214],[7.473116,5.120286],[7.465734,5.093282],[7.478188,5.073355],[7.483347,5.03905],[7.472346,5.008463],[7.456001,4.985126],[7.452319,4.972525],[7.419754,4.943883],[7.390765,4.911607],[7.380272,4.893364]]}},
{"type":"Feature","properties":{},"geometry":{"type":"LineString","coordinates":[[6.93393,5.972136],[6.932063,5.963125],[6.939119,5.941416],[6.926335,5.918044],[6.911839,5.907317],[6.902726,5.892941],[6.902524,5.864063],[6.909633,5.849574],[6.909545,5.83694],[6.895027,5.822601],[6.882189,5.7902],[6.86402,5.768663],[6.815253,5.752747],[6.775378,5.718713],[6.748275,5.708059],[6.720952,5.663104],[6.719057,5.648673],[6.72436,5.632391],[6.713409,5.612614],[6.731177,5.570966],[6.731109,5.560135],[6.723811,5.545738],[6.721874,5.524086],[6.71094,5.504296],[6.710828,5.486243],[6.70172,5.470051],[6.699808,5.452009],[6.687065,5.430422],[6.672577,5.417872],[6.657916,5.376435],[6.661314,5.342111],[6.670224,5.325809],[6.666429,5.293333],[6.659172,5.284348],[6.660898,5.2717]]}},
{"type":"Feature","properties":{},"geometry":{"type":"LineString","coordinates":[[6.589267,6.202001],[6.565558,6.164243],[6.54747,6.157142],[6.534758,6.144586],[6.511258,6.137518],[6.482276,6.11965],[6.469647,6.119732],[6.462396,6.114361],[6.447987,6.118066],[6.431726,6.114558],[6.410111,6.120114],[6.393942,6.131052],[6.386725,6.131098],[6.383151,6.136538]]}},
{"type":"Feature","properties":{},"geometry":{"type":"LineString","coordinates":[[4.041089,5.704881],[4.071733,5.675884]]}},
{"type":"Feature","properties":{},"geometry":{"type":"LineString","coordinates":[[3.020612,10.626042],[2.984595,10.611573],[2.95352,10.580823],[2.884064,10.553676],[2.869447,10.539201],[2.865797,10.526538],[2.83474,10.499393],[2.831097,10.477688],[2.803705,10.446924],[2.801892,10.42341],[2.805552,10.41437],[2.790957,10.381804],[2.770874,10.365512],[2.75261,10.360072],[2.728889,10.329306],[2.701506,10.313004],[2.679616,10.285852],[2.672329,10.267758],[2.648597,10.260499],[2.619413,10.231527],[2.606635,10.227895],[2.562852,10.1989],[2.550074,10.197074],[2.537318,10.180779],[2.524543,10.177143],[2.506309,10.162647],[2.486268,10.137295],[2.486283,10.128252],[2.449849,10.084785],[2.435267,10.073909],[2.422499,10.07027],[2.409747,10.057587],[2.395144,10.055753]]}},
{"type":"Feature","properties":{},"geometry":{"type":"LineString","coordinates":[[8.165033,11.383583],[8.137553,11.378659],[8.124645,11.371678]]}},
{"type":"Feature","properties":{},"geometry":{"type":"LineString","coordinates":[[7.90413,11.393785],[7.892724,11.3784],[7.892603,11.366623],[7.874034,11.348907],[7.826009,11.31725]]}},
{"type":"Feature","properties":{},"geometry":{"type":"LineString","coordinates":[[3.363644,10.498048],[3.366815,10.483423],[3.377564,10.471265],[3.38144,10.445715],[3.393995,10.427499]]}},
{"type":"Feature","properties":{},"geometry":{"type":"LineString","coordinates":[[3.405704,10.441168],[3.4221,10.470468],[3.428504,10.491166],[3.452172,10.507873],[3.467208,10.526622],[3.470428,10.569537]]}},
{"type":"Feature","properties":{},"geometry":{"type":"LineString","coordinates":[[3.172658,9.608027],[3.176838,9.562227],[3.189015,9.549868],[3.184835,9.533147],[3.189015,9.502251],[3.201192,9.489892],[3.199509,9.460454]]}},
{"type":"Feature","properties":{},"geometry":{"type":"LineString","coordinates":[[0.599365,10.837344],[0.599667,10.799397],[0.621771,10.777882],[0.625511,10.767067],[0.645643,10.763606],[0.662189,10.751081],[0.678678,10.745782]]}},
{"type":"Feature","properties":{},"geometry":{"type":"LineString","coordinates":[[1.224196,11.224834],[1.200381,11.2265],[1.180296,11.21734],[1.149157,11.218955],[1.103572,11.189746],[1.09639,11.168008],[1.098503,11.124638],[1.045856,11.059225],[1.040511,11.037499],[1.0096,11.008376],[0.994964,11.00828],[0.985767,11.015449],[0.973035,11.004519],[0.958399,11.00442],[0.949302,10.997129],[0.940117,11.00249],[0.9274,10.989751],[0.901841,10.982346],[0.890827,10.987692],[0.883523,10.985833],[0.877996,10.991218],[0.868902,10.983924],[0.852413,10.987423],[0.839424,11.012634],[0.823026,11.003481],[0.812024,11.007016],[0.795587,11.003283],[0.770168,10.977794],[0.757379,10.975893],[0.744713,10.957726],[0.744945,10.927004],[0.750472,10.921622],[0.759886,10.885545],[0.732787,10.841969],[0.740262,10.820337],[0.73861,10.796829],[0.727778,10.778677],[0.726059,10.764206],[0.709678,10.755049],[0.702436,10.745959],[0.678678,10.745782],[0.662383,10.72578],[0.662564,10.702288],[0.669983,10.687885],[0.668445,10.649921],[0.677648,10.640953],[0.666907,10.611958],[0.690884,10.58141],[0.692832,10.565159],[0.709431,10.543592],[0.706072,10.503807],[0.711591,10.498425],[0.722785,10.465973],[0.721091,10.447887],[0.713894,10.433377],[0.699394,10.418815],[0.696061,10.375416],[0.676182,10.348163],[0.676222,10.342741],[0.640016,10.302718],[0.625458,10.29719],[0.609143,10.282612],[0.5984,10.255424],[0.574791,10.240792],[0.567617,10.224474],[0.564175,10.19734],[0.558771,10.188264],[0.562516,10.175642],[0.580906,10.155899],[0.582825,10.143263],[0.593835,10.134308],[0.59397,10.116237],[0.599495,10.109048],[0.605233,10.072946],[0.603503,10.060283],[0.60908,10.045865],[0.60003,10.036763],[0.592737,10.03671],[0.570952,10.023901],[0.545699,9.987572],[0.527578,9.97298],[0.516805,9.951215],[0.507664,9.954762],[0.491343,9.943796],[0.493358,9.918512],[0.487946,9.911243],[0.489851,9.900415],[0.473601,9.880415],[0.475575,9.860552],[0.50878,9.806585],[0.532559,9.794109],[0.536229,9.790522],[0.534461,9.783279],[0.547306,9.770722],[0.580138,9.765536],[0.614996,9.731443],[0.624232,9.713435],[0.6407,9.711367]]}},
{"type":"Feature","properties":{},"geometry":{"type":"LineString","coordinates":[[9.613809,5.077102],[9.627962,5.058985],[9.62776,5.039218],[9.638402,5.028327],[9.64365,5.015693],[9.664968,4.997505],[9.6755,4.975833],[9.675373,4.963256],[9.680675,4.956014],[9.678793,4.947048],[9.69298,4.932529],[9.726908,4.921404],[9.77176,4.928134],[9.784188,4.917227],[9.807416,4.9116],[9.828724,4.893416],[9.853758,4.889567],[9.876889,4.874959],[9.887633,4.874848],[9.900038,4.862147],[9.919677,4.856557],[9.939187,4.838396],[9.951718,4.838266],[9.969491,4.825511],[9.994515,4.821661],[10.021143,4.799837],[10.03725,4.79967],[10.053229,4.786936],[10.071069,4.781364],[10.128315,4.778973],[10.158434,4.749935],[10.170865,4.740829],[10.181581,4.738922],[10.186892,4.733481],[10.186799,4.724507]]}},
{"type":"Feature","properties":{},"geometry":{"type":"LineString","coordinates":[[9.29134,4.307055],[9.30028,4.305182],[9.307386,4.297929],[9.337836,4.297676],[9.366598,4.310021],[9.409582,4.309658],[9.441892,4.318373],[9.474402,4.350453],[9.49058,4.357503],[9.526675,4.389544],[9.541015,4.391216],[9.582532,4.428592],[9.600486,4.433823],[9.613115,4.444493],[9.647589,4.494499],[9.66909,4.496099],[9.681573,4.490593],[9.695928,4.494055],[9.704831,4.488582],[9.720959,4.49023],[9.764306,4.53115],[9.780433,4.532794],[9.811135,4.561248],[9.823683,4.562925],[9.834525,4.573599],[9.877655,4.591146],[9.888498,4.601819],[9.902817,4.601679],[9.929802,4.615784],[9.945909,4.615625],[9.954787,4.608355],[9.961945,4.608284],[9.988859,4.615202],[9.999684,4.624073],[10.033701,4.62553],[10.048105,4.634364],[10.062437,4.636016],[10.087756,4.662693],[10.118373,4.68213],[10.136538,4.708872],[10.174202,4.717458],[10.183221,4.724545],[10.197458,4.717216],[10.247546,4.716692],[10.259992,4.709383],[10.267165,4.711102],[10.288385,4.687549],[10.302674,4.685604],[10.338196,4.661902],[10.347138,4.661808],[10.396904,4.632576],[10.404092,4.636088],[10.414782,4.632388],[10.445194,4.63386],[10.459609,4.644471],[10.488191,4.642372],[10.507968,4.652924],[10.525844,4.652731]]}},
{"type":"Feature","properties":{},"geometry":{"type":"LineString","coordinates":[[10.063815,10.045357],[10.066312,10.027295],[10.058327,9.993346],[10.049381,9.914522],[10.056044,9.887444],[10.052232,9.878546],[10.053504,9.853378],[10.068722,9.802778],[10.083007,9.7935],[10.088092,9.777233],[10.104223,9.769712],[10.110734,9.73546],[10.140877,9.7061],[10.153232,9.691478],[10.154471,9.681638],[10.168635,9.666978],[10.195341,9.646669],[10.222196,9.633538],[10.250626,9.609604],[10.266859,9.607466],[10.286474,9.594487],[10.29732,9.594257],[10.333084,9.575551],[10.341927,9.566389],[10.350461,9.542877],[10.37172,9.522685],[10.373218,9.508297],[10.392551,9.482763],[10.397238,9.448569],[10.406193,9.444791],[10.416723,9.430213],[10.443623,9.42067],[10.464677,9.391516],[10.495222,9.383689],[10.515084,9.383265],[10.562341,9.396604],[10.636044,9.380661],[10.664925,9.380033],[10.683094,9.385016],[10.708801,9.40418],[10.732304,9.405456],[10.741609,9.417802],[10.756168,9.422859],[10.780115,9.443843],[10.818056,9.444789],[10.834094,9.435467],[10.84857,9.436934],[10.862761,9.42586],[10.889661,9.418085],[10.904136,9.419551],[10.944196,9.434775],[10.99282,9.430083],[11.023151,9.415053],[11.055573,9.412518],[11.070125,9.417559],[11.084384,9.410063],[11.103801,9.391699],[11.127073,9.383995],[11.141076,9.365756],[11.179018,9.36846],[11.212928,9.353341],[11.260192,9.293137],[11.279293,9.262247],[11.284319,9.246013],[11.305389,9.222243],[11.310203,9.197061],[11.331269,9.173295],[11.326995,9.144744],[11.33177,9.117775],[11.314773,9.084145],[11.314191,9.059089],[11.295485,9.029074],[11.293273,9.011217],[11.264797,8.947391],[11.264391,8.929492],[11.253186,8.911835],[11.266414,8.859604],[11.282006,8.832396],[11.288722,8.810758],[11.28972,8.77492],[11.302034,8.762114],[11.299955,8.749625],[11.319185,8.724132],[11.351442,8.718047],[11.367388,8.706951],[11.388889,8.702893],[11.403115,8.695416],[11.440757,8.689208],[11.456778,8.68169],[11.478353,8.681208],[11.496087,8.670072],[11.51051,8.671537],[11.524728,8.66406],[11.542866,8.67081],[11.562597,8.668575],[11.602303,8.674833],[11.692901,8.704966],[11.73122,8.729124],[11.754412,8.721431],[11.806935,8.73809],[11.821308,8.737754],[11.831917,8.730351],[11.853515,8.731632],[11.869554,8.72589],[11.882255,8.730955],[11.914584,8.73019],[11.967008,8.743246],[11.991287,8.706915],[12.007273,8.699384],[12.023431,8.698998],[12.051766,8.682235],[12.126935,8.671494],[12.142868,8.662175],[12.227112,8.656561],[12.246627,8.647155],[12.28071,8.646322],[12.312686,8.633037],[12.337088,8.603866],[12.342511,8.605518],[12.347626,8.594679],[12.368702,8.576305],[12.370274,8.567338],[12.382604,8.558108],[12.386882,8.513364],[12.400302,8.475541]]}},
{"type":"Feature","properties":{},"geometry":{"type":"LineString","coordinates":[[5.811789,7.364617],[5.800655,7.343762],[5.797642,7.328504],[5.789557,7.320275],[5.803829,7.296611],[5.805759,7.269707],[5.79957,7.255293],[5.783185,7.238793],[5.786081,7.213745],[5.778978,7.201049],[5.777424,7.176363],[5.759455,7.160202],[5.759262,7.147375],[5.745501,7.132934],[5.748466,7.098707],[5.74284,7.0911],[5.744401,7.068999],[5.731676,7.058232],[5.727984,7.045605],[5.738688,7.020244],[5.736806,7.007606],[5.72217,6.978779],[5.673096,6.935689],[5.658588,6.928543],[5.638566,6.905161],[5.620473,6.903454],[5.607775,6.896295],[5.595137,6.899978],[5.560759,6.896549],[5.555353,6.900193],[5.533633,6.896694],[5.517376,6.900395],[5.44487,6.868239],[5.426786,6.86833],[5.410473,6.861183],[5.394207,6.863072],[5.383329,6.857704],[5.356228,6.86326],[5.343533,6.856092],[5.336317,6.859743],[5.305554,6.856277],[5.29652,6.858127],[5.287529,6.869016],[5.253165,6.869179],[5.231435,6.863857],[5.207973,6.874812],[5.198912,6.871239],[5.173622,6.878585],[5.162736,6.871403],[5.150083,6.873268],[5.128337,6.864326],[5.126496,6.857103],[5.115612,6.84992],[5.11554,6.83365],[5.108218,6.813796],[5.093686,6.799397],[5.055652,6.786904],[5.023097,6.787041],[5.012282,6.796126],[5.003239,6.796163],[4.987028,6.812502],[4.950859,6.814457],[4.920203,6.838085],[4.891309,6.850855],[4.867862,6.869028],[4.853361,6.861852],[4.840718,6.867325],[4.82443,6.865579],[4.811786,6.871051],[4.797312,6.871106],[4.781084,6.885632],[4.77203,6.883857],[4.763004,6.889315],[4.732253,6.891236],[4.723232,6.898501],[4.701526,6.900387],[4.690695,6.907659],[4.678023,6.905896],[4.663566,6.911371],[4.647281,6.911427],[4.627296,6.887989],[4.591018,6.860985],[4.565663,6.853836],[4.551153,6.843032],[4.540297,6.843067],[4.50406,6.826906],[4.500447,6.828726],[4.475022,6.798061],[4.462347,6.794482],[4.455089,6.78727],[4.440556,6.76742],[4.391683,6.75852],[4.368098,6.735076],[4.359008,6.718825],[4.342712,6.713444],[4.330019,6.702628],[4.313666,6.675543],[4.290103,6.657519],[4.273819,6.655753],[4.26657,6.650346],[4.257531,6.652177],[4.230452,6.673949],[4.21599,6.677602],[4.192521,6.697555],[4.178049,6.69759],[4.163602,6.708476],[4.143715,6.713949],[4.132885,6.724826],[4.107561,6.726693],[4.09492,6.737574],[4.089489,6.735777],[4.078657,6.746654],[4.064183,6.746685],[4.038887,6.763018],[4.01717,6.761255],[3.999114,6.77938],[3.988265,6.78302],[3.970141,6.768587],[3.953866,6.774045],[3.941179,6.763217],[3.921279,6.765064],[3.915843,6.761456],[3.888708,6.765124],[3.870643,6.781436],[3.854347,6.776039],[3.825392,6.77428],[3.807284,6.767076],[3.801844,6.759849],[3.789181,6.761678],[3.781928,6.752646],[3.77465,6.727333],[3.70582,6.676788],[3.691311,6.651484],[3.689481,6.637015],[3.674987,6.620755],[3.669535,6.602673],[3.655045,6.588221],[3.640534,6.557488],[3.624228,6.535801],[3.609744,6.524965],[3.577187,6.4748]]}},
{"type":"Feature","properties":{},"geometry":{"type":"LineString","coordinates":[[7.764685,16.142204],[7.779552,16.140068],[7.792686,16.143377],[7.810871,16.134726]]}},
{"type":"Feature","properties":{},"geometry":{"type":"LineString","coordinates":[[0.132301,10.934516],[0.13742,10.972501],[0.15013,10.981653],[0.153665,10.994331],[0.160909,11.001626],[0.171879,11.001728]]}},
{"type":"Feature","properties":{},"geometry":{"type":"LineString","coordinates":[[1.066657,10.956323],[1.055635,10.963483],[1.041,10.963389],[1.028087,10.979574],[1.020758,10.981335],[1.009661,10.999338],[1.0096,11.008376]]}},
{"type":"Feature","properties":{},"geometry":{"type":"LineString","coordinates":[[1.068662,10.92922],[1.063128,10.936416],[1.066657,10.956323]]}},
{"type":"Feature","properties":{},"geometry":{"type":"LineString","coordinates":[[1.291902,11.239905],[1.280904,11.24165],[1.256999,11.257781],[1.212936,11.275597],[1.20197,11.271915],[1.172657,11.273543],[1.163535,11.268064],[1.152547,11.267996],[1.135995,11.278739],[1.119537,11.27502],[1.110345,11.280384],[1.093875,11.278471],[1.086502,11.285654],[1.075502,11.287391],[1.070008,11.287355],[1.055442,11.274607],[1.037167,11.269064],[1.020674,11.270761],[1.011568,11.263471],[1.004243,11.263421],[0.989519,11.274167],[0.974882,11.272261],[0.965701,11.275813],[0.954791,11.264893],[0.943792,11.266624],[0.938325,11.262971],[0.929169,11.262908],[0.919949,11.27188],[0.894301,11.273507],[0.883395,11.262585],[0.852349,11.251517],[0.830257,11.267624],[0.806386,11.276485],[0.800921,11.27283],[0.784415,11.276321],[0.766148,11.270762],[0.751416,11.281495],[0.73122,11.28857],[0.71118,11.275766],[0.696533,11.275653],[0.680157,11.262875],[0.663624,11.257336]]}},
{"type":"Feature","properties":{},"geometry":{"type":"LineString","coordinates":[[1.136981,10.526514],[1.14057,10.537382]]}},
{"type":"Feature","properties":{},"geometry":{"type":"LineString","coordinates":[[10.088789,11.29135],[10.092736,11.303825],[10.083865,11.313018],[10.080539,11.325668],[10.106488,11.344795],[10.124897,11.353327],[10.137627,11.353018],[10.145125,11.361813],[10.161672,11.36859]]}},
{"type":"Feature","properties":{},"geometry":{"type":"LineString","coordinates":[[2.095323,8.756507],[2.044397,8.765425],[2.027988,8.783469],[2.002501,8.796062],[1.960684,8.79595],[1.947926,8.806766],[1.922467,8.808502]]}},
{"type":"Feature","properties":{},"geometry":{"type":"LineString","coordinates":[[10.239293,6.277772],[10.2645,6.284601],[10.282384,6.280761],[10.291886,6.283015]]}},
{"type":"Feature","properties":{},"geometry":{"type":"LineString","coordinates":[[2.798501,4.016294],[2.80751,4.012678]]}},
{"type":"Feature","properties":{},"geometry":{"type":"LineString","coordinates":[[5.628025,6.005241],[5.631557,5.98896],[5.656731,5.968959],[5.662042,5.947248],[5.662007,5.940019],[5.647456,5.916595],[5.650988,5.900314],[5.647285,5.880453],[5.652664,5.873199],[5.647207,5.864188]]}},
{"type":"Feature","properties":{},"geometry":{"type":"LineString","coordinates":[[5.526478,5.327957],[5.490386,5.320874],[5.475967,5.32274],[5.468719,5.313732],[5.46869,5.306502],[5.441564,5.286727],[5.446747,5.228867],[5.437697,5.219865]]}},
{"type":"Feature","properties":{},"geometry":{"type":"LineString","coordinates":[[6.412523,4.810226],[6.416079,4.801178]]}},
{"type":"Feature","properties":{},"geometry":{"type":"LineString","coordinates":[[7.173491,5.185708],[7.142884,5.184105],[7.137461,5.180531]]}},
{"type":"Feature","properties":{},"geometry":{"type":"LineString","coordinates":[[6.586035,4.220252],[6.550032,4.213194],[6.535652,4.215066],[6.5267,4.224135]]}},
{"type":"Feature","properties":{},"geometry":{"type":"LineString","coordinates":[[7.258407,5.978737],[7.260097,5.964291],[7.267234,5.955215],[7.288856,5.955046]]}},
{"type":"Feature","properties":{},"geometry":{"type":"LineString","coordinates":[[8.121798,5.661656],[8.134905,5.64328],[8.156376,5.630476],[8.15628,5.619665],[8.138122,5.600005],[8.145126,5.57832],[8.145,5.563906],[8.137635,5.544149],[8.141076,5.5261],[8.13737,5.513518],[8.151476,5.480962],[8.151121,5.439522],[8.145636,5.428757],[8.158886,5.412527],[8.146777,5.350928],[8.137174,5.332531],[8.114137,5.317301],[8.124523,5.29837],[8.11739,5.275828],[8.124358,5.248741],[8.123845,5.185677],[8.135738,5.151259],[8.137442,5.088261],[8.146197,5.059361],[8.158618,5.039441],[8.154642,4.990821],[8.163414,4.963724],[8.163245,4.942103],[8.182615,4.891501],[8.182449,4.869881],[8.191333,4.857199],[8.196584,4.839141],[8.203138,4.75621],[8.213737,4.732707]]}},
{"type":"Feature","properties":{},"geometry":{"type":"LineString","coordinates":[[7.499009,3.808659],[7.536743,3.813871],[7.547544,3.819224],[7.561984,3.833575],[7.563856,3.847993],[7.581888,3.862323]]}},
{"type":"Feature","properties":{},"geometry":{"type":"LineString","coordinates":[[2.73469,17.025188],[2.730854,17.026991],[2.723349,17.019751],[2.706439,17.019726],[2.685758,17.026926],[2.670704,17.039557],[2.668793,17.057631]]}},
{"type":"Feature","properties":{},"geometry":{"type":"LineString","coordinates":[[12.053829,4.18599],[12.062519,4.168022],[12.078387,4.155331],[12.112107,4.147792],[12.161956,4.150782],[12.204331,4.123494],[12.238037,4.115956],[12.264481,4.096003],[12.294314,4.061728],[12.319017,4.045372]]}},
{"type":"Feature","properties":{},"geometry":{"type":"LineString","coordinates":[[5.088636,14.999973],[5.062473,14.985756],[5.060355,14.95867],[5.054728,14.953299],[5.034215,14.946254],[5.022895,14.928284],[5.002369,14.919429]]}},
{"type":"Feature","properties":{},"geometry":{"type":"LineString","coordinates":[[4.820714,14.861306],[4.802588,14.866872],[4.793387,14.877788],[4.780365,14.876081],[4.774731,14.868896],[4.757993,14.867217],[4.748514,14.843794],[4.763274,14.83103],[4.753927,14.823872],[4.73905,14.822178],[4.724203,14.824097],[4.711283,14.835037],[4.707553,14.833258],[4.701881,14.820648],[4.686934,14.809914],[4.686711,14.780996],[4.671851,14.781105]]}},
{"type":"Feature","properties":{},"geometry":{"type":"LineString","coordinates":[[7.583752,14.003675],[7.578143,14.000175]]}},
{"type":"Feature","properties":{},"geometry":{"type":"LineString","coordinates":[[6.441426,13.787602],[6.426626,13.786004]]}},
{"type":"Feature","properties":{},"geometry":{"type":"LineString","coordinates":[[6.300115,14.306255],[6.316882,14.313244],[6.343226,14.341761],[6.345293,14.356175],[6.362496,14.39204],[6.401876,14.423972],[6.415116,14.441834],[6.441184,14.450481],[6.459957,14.466453],[6.463773,14.473618],[6.460798,14.520597],[6.474161,14.545673],[6.472365,14.54931]]}},
{"type":"Feature","properties":{},"geometry":{"type":"LineString","coordinates":[[7.380234,13.078616],[7.380362,13.085828],[7.389718,13.094687],[7.386231,13.105568],[7.405012,13.126889],[7.405463,13.15213],[7.412983,13.161018],[7.400524,13.184679],[7.368044,13.221308],[7.344119,13.221716],[7.325937,13.234651],[7.316607,13.227593],[7.307405,13.22775],[7.300169,13.235086],[7.276334,13.240899],[7.261954,13.260982],[7.265762,13.268133],[7.247666,13.286474],[7.246013,13.297325],[7.261122,13.318718],[7.288711,13.316449],[7.296203,13.323537],[7.309093,13.323318],[7.316586,13.330405],[7.331284,13.328351],[7.368693,13.360173],[7.370795,13.374565],[7.383947,13.388765],[7.391641,13.406667],[7.386247,13.413976],[7.386739,13.44102],[7.38141,13.451934],[7.432277,13.512359],[7.436463,13.539336],[7.445844,13.548186],[7.449966,13.571557],[7.437335,13.586209],[7.439245,13.589783],[7.442998,13.593322],[7.455899,13.593091],[7.469139,13.610888],[7.497092,13.626613],[7.51368,13.626311],[7.52095,13.62077],[7.532249,13.633185],[7.545151,13.63295],[7.558295,13.64533],[7.574883,13.645025],[7.621944,13.694635],[7.622793,13.737892],[7.617403,13.745205],[7.617615,13.75602],[7.625417,13.777509],[7.580126,13.819829],[7.580691,13.848668],[7.599529,13.868148],[7.599671,13.875357],[7.579697,13.89196],[7.552056,13.894281],[7.544816,13.901629],[7.547191,13.928633],[7.53995,13.935981],[7.540127,13.944993],[7.52916,13.950607],[7.520248,13.967003],[7.528267,13.99931],[7.513781,14.014007],[7.51417,14.033835],[7.521697,14.040907],[7.541935,14.036922]]}},
{"type":"Feature","properties":{},"geometry":{"type":"LineString","coordinates":[[7.036462,13.652576],[7.123147,13.651149],[7.158821,13.686633],[7.173544,13.684581]]}},
{"type":"Feature","properties":{},"geometry":{"type":"LineString","coordinates":[[7.766189,14.854603],[7.762444,14.852878]]}},
{"type":"Feature","properties":{},"geometry":{"type":"LineString","coordinates":[[7.908026,14.568649],[7.906216,14.57049]]}},
{"type":"Feature","properties":{},"geometry":{"type":"LineString","coordinates":[[8.093729,14.436737],[8.103133,14.44374]]}},
{"type":"Feature","properties":{},"geometry":{"type":"LineString","coordinates":[[8.13149,14.630507],[8.13914,14.641148]]}},
{"type":"Feature","properties":{},"geometry":{"type":"LineString","coordinates":[[7.538677,14.428269],[7.535051,14.431946]]}},
{"type":"Feature","properties":{},"geometry":{"type":"LineString","coordinates":[[7.34428,14.612293],[7.385011,14.611529],[7.408539,14.584034],[7.40658,14.578661],[7.419106,14.556783],[7.418711,14.536953],[7.42597,14.529602],[7.424047,14.526031],[7.431233,14.515076],[7.429276,14.509702],[7.461895,14.47482],[7.467482,14.476517],[7.474737,14.469166],[7.485837,14.468954],[7.511444,14.454038],[7.535051,14.431946],[7.542632,14.440815],[7.544812,14.457002],[7.55798,14.467565],[7.585651,14.46342],[7.606332,14.479242],[7.615543,14.477259],[7.641739,14.491165],[7.675753,14.524744],[7.697951,14.524299],[7.714944,14.540182],[7.717139,14.556362],[7.753102,14.59349],[7.753374,14.606102],[7.777857,14.62543],[7.794472,14.623285],[7.805771,14.632065],[7.826086,14.629841],[7.839315,14.642183],[7.844867,14.642068]]}},
{"type":"Feature","properties":{},"geometry":{"type":"LineString","coordinates":[[9.356783,13.345494],[9.360217,13.336416],[9.352264,13.313238],[9.35744,13.30052],[9.369861,13.284023],[9.386373,13.283607],[9.408106,13.27227],[9.407775,13.259692],[9.416711,13.250476],[9.414639,13.241537],[9.423622,13.234118],[9.430486,13.215963],[9.44149,13.215686],[9.450329,13.202876],[9.463403,13.211534],[9.48498,13.194805],[9.498054,13.203462],[9.519868,13.195714],[9.536369,13.195292],[9.541726,13.189761],[9.533914,13.171984],[9.538935,13.153877]]}},
{"type":"Feature","properties":{},"geometry":{"type":"LineString","coordinates":[[9.218428,13.17806],[9.223703,13.168938],[9.231087,13.170556],[9.236361,13.161434],[9.252733,13.155639],[9.26195,13.157212],[9.269104,13.149842],[9.285519,13.145843],[9.294184,13.125846],[9.305048,13.120184],[9.312522,13.125396],[9.316097,13.121711],[9.300463,13.084327],[9.302113,13.077092],[9.309263,13.069723],[9.31843,13.069498],[9.332775,13.056558],[9.349182,13.052557],[9.361598,13.036066],[9.374521,13.039344],[9.379835,13.03202]]}},
{"type":"Feature","properties":{},"geometry":{"type":"LineString","coordinates":[[9.549495,11.833558],[9.529818,11.850241],[9.531814,11.857385],[9.52469,11.864741],[9.503055,11.876028],[9.485239,11.894418],[9.485581,11.908792],[9.469587,11.92714],[9.459193,11.950753],[9.451011,11.990498],[9.427538,12.001827],[9.413233,12.014744],[9.41366,12.032715],[9.405087,12.056288],[9.405816,12.08684],[9.389981,12.11238],[9.388584,12.130394],[9.367267,12.156062],[9.37178,12.191922],[9.386742,12.20596],[9.387217,12.225729],[9.355841,12.289398],[9.345178,12.302236],[9.318106,12.317252],[9.29303,12.339416],[9.271219,12.345315],[9.256806,12.354641],[9.237335,12.38207],[9.233977,12.394737],[9.219646,12.407659],[9.206929,12.411549],[9.176857,12.45541],[9.167795,12.459215],[9.134778,12.456372],[9.114652,12.45683],[9.109247,12.46055],[9.039672,12.460321],[9.030647,12.465921],[9.025282,12.47144],[9.025658,12.487625],[9.003778,12.491714],[9.004361,12.516892],[8.998995,12.52241],[8.986181,12.522697],[8.986306,12.528092],[8.966418,12.539333],[8.954018,12.557605],[8.93937,12.557931],[8.926884,12.572605],[8.927174,12.585196],[8.916227,12.587238],[8.892916,12.609351],[8.889583,12.623822],[8.864556,12.651373],[8.862931,12.660407],[8.86676,12.667521],[8.855974,12.67676],[8.84494,12.675203],[8.837776,12.682561],[8.830447,12.682722],[8.818113,12.704593],[8.775966,12.705517],[8.765255,12.71835],[8.750593,12.718671],[8.741551,12.724268],[8.730432,12.719109],[8.695608,12.719862],[8.670548,12.747406],[8.670709,12.754604],[8.66533,12.760121],[8.665812,12.781715],[8.658639,12.789071],[8.647557,12.785708],[8.642177,12.791225],[8.635243,12.809379],[8.604948,12.849639],[8.605107,12.856838],[8.590834,12.87515],[8.589761,12.909384],[8.571894,12.931374],[8.555699,12.946125],[8.515327,12.946985],[8.49378,12.969051],[8.482768,12.969285],[8.468322,12.980395],[8.436145,13.020694],[8.432591,13.026172],[8.434703,13.038734],[8.427516,13.046089],[8.427911,13.064091],[8.444833,13.081744],[8.446867,13.090706],[8.432532,13.107218],[8.434487,13.11258],[8.44383,13.119586],[8.458522,13.119274],[8.469702,13.12624],[8.493577,13.12573],[8.504878,13.138093],[8.505926,13.184892],[8.518987,13.193614],[8.528537,13.209615],[8.525065,13.218694],[8.525961,13.25829],[8.53915,13.272409],[8.528534,13.290648],[8.505174,13.314567],[8.49047,13.314886],[8.465305,13.340643],[8.448802,13.3428],[8.437651,13.337638],[8.421348,13.348794],[8.399285,13.349266],[8.386697,13.362143],[8.379382,13.3641],[8.300413,13.454038],[8.282254,13.465229],[8.201417,13.557],[8.204439,13.610985],[8.197232,13.618342],[8.19743,13.627346],[8.157705,13.66421],[8.15606,13.673253],[8.141679,13.689769],[8.14219,13.713181],[8.127845,13.731498],[8.128592,13.765716],[8.119655,13.778515],[8.079818,13.811777],[8.081779,13.817142],[8.069189,13.831819],[8.069502,13.846228],[8.058716,13.859065],[8.049499,13.859256],[8.044085,13.864774],[8.046241,13.879145],[8.039022,13.886502],[8.039608,13.913521],[8.027013,13.928198],[8.029091,13.938967],[8.014688,13.955483],[8.017863,14.016687],[8.021749,14.025617]]}},
{"type":"Feature","properties":{},"geometry":{"type":"LineString","coordinates":[[8.894363,12.672309],[8.892448,12.668752]]}},
{"type":"Feature","properties":{},"geometry":{"type":"LineString","coordinates":[[8.048973,12.491542],[8.045237,12.488008]]}},
{"type":"Feature","properties":{},"geometry":{"type":"LineString","coordinates":[[10.262036,11.883118],[10.284324,11.898697],[10.289789,11.898555],[10.299281,11.912668],[10.289122,11.941653],[10.293008,11.950527],[10.28946,11.954209],[10.27877,11.963464],[10.262517,11.969273],[10.245974,11.964317],[10.233268,11.966442],[10.216677,11.95969],[10.175718,11.996654],[10.163008,11.998777],[10.13917,11.994002],[10.122956,12.0016],[10.107213,12.027143],[10.067623,12.047907],[10.069872,12.064013],[9.981637,12.109358],[9.972844,12.122153],[9.945947,12.140795],[9.929666,12.146594],[9.92438,12.153913],[9.933737,12.162659],[9.91226,12.179367],[9.901172,12.174256],[9.888397,12.174577],[9.885259,12.194418],[9.861765,12.203989],[9.852917,12.214991],[9.866113,12.230829],[9.864474,12.238056],[9.877719,12.25569],[9.874161,12.259372],[9.859557,12.259739],[9.850661,12.268946],[9.84729,12.27981],[9.832916,12.289154],[9.831323,12.298178]]}},
{"type":"Feature","properties":{},"geometry":{"type":"LineString","coordinates":[[10.071505,12.056787],[10.06973,12.058629]]}},
{"type":"Feature","properties":{},"geometry":{"type":"LineString","coordinates":[[8.946439,12.305836],[8.948308,12.307594]]}},
{"type":"Feature","properties":{},"geometry":{"type":"LineString","coordinates":[[8.793086,11.727739],[8.813661,11.75072],[8.811987,11.757954],[8.821306,11.766763],[8.819784,11.781194],[8.830969,11.791763],[8.822143,11.806344],[8.827927,11.820624],[8.83725,11.829432],[8.831962,11.83854],[8.837632,11.847422],[8.821347,11.854958],[8.819673,11.862192],[8.840112,11.877969],[8.847688,11.89041],[8.846092,11.901242],[8.86467,11.915254],[8.862921,11.91889],[8.890712,11.936305],[8.898332,11.950542],[8.902573,11.977448],[8.915795,11.996964],[8.915992,12.005959],[8.92902,12.016479],[8.940379,12.034233],[8.93871,12.041468],[8.946299,12.053902],[8.946497,12.062896],[8.978044,12.083811],[8.980433,12.108952],[8.973444,12.123499],[8.985419,12.168225],[8.971197,12.186529],[8.97347,12.206274],[8.961116,12.226336],[8.959772,12.24796],[8.945627,12.269862],[8.945789,12.277058],[8.929571,12.288208],[8.926236,12.302677],[8.908508,12.328258],[8.9105,12.335413],[8.901554,12.344605],[8.88163,12.354036],[8.854705,12.378016],[8.841895,12.378293],[8.834735,12.385647],[8.821844,12.382324],[8.805732,12.39887],[8.802471,12.41694],[8.793519,12.426132],[8.780704,12.426407],[8.771751,12.435598],[8.770478,12.460827],[8.77434,12.469744],[8.758221,12.486291],[8.752727,12.486408],[8.731111,12.503072],[8.719926,12.494309],[8.69795,12.494776],[8.68716,12.504006],[8.66284,12.481115],[8.633537,12.481731],[8.626095,12.476485],[8.609611,12.47683],[8.597062,12.489695],[8.586073,12.489923],[8.577107,12.499113],[8.546237,12.512357]]}},
{"type":"Feature","properties":{},"geometry":{"type":"LineString","coordinates":[[8.043611,12.961974],[8.038028,12.958478]]}},
{"type":"Feature","properties":{},"geometry":{"type":"LineString","coordinates":[[7.728349,12.811061],[7.743074,12.812598],[7.748482,12.807092],[7.7595,12.806892],[7.804461,12.852942],[7.81742,12.858112],[7.828336,12.852504],[7.82844,12.857909],[7.841537,12.870285],[7.902141,12.869156],[7.907545,12.863647],[7.927744,12.863268],[7.944553,12.877369],[7.943,12.891817],[7.950595,12.904288],[7.995603,12.950287],[8.021208,12.944387],[8.032517,12.958585],[8.038028,12.958478],[8.045193,12.949329],[8.089231,12.946669],[8.094925,12.955566],[8.100434,12.955459],[8.122028,12.933412],[8.127574,12.935104],[8.140243,12.925846],[8.153095,12.925591],[8.18375,12.897959],[8.202257,12.904797],[8.207652,12.899284],[8.266355,12.896304],[8.288723,12.912065],[8.367647,12.910451],[8.393768,12.929724],[8.452497,12.9285],[8.46187,12.937308],[8.462578,12.96971],[8.468322,12.980395]]}},
{"type":"Feature","properties":{},"geometry":{"type":"LineString","coordinates":[[8.929322,13.974391],[8.929184,13.968996],[8.903492,13.973223],[8.90271,14.014635],[8.89921,14.021919],[8.860661,14.028258],[8.844034,14.026862]]}},
{"type":"Feature","properties":{},"geometry":{"type":"LineString","coordinates":[[9.76124,12.272973],[9.763112,12.274724]]}},
{"type":"Feature","properties":{},"geometry":{"type":"LineString","coordinates":[[9.207759,14.073859],[9.20771,14.072062]]}},
{"type":"Feature","properties":{},"geometry":{"type":"LineString","coordinates":[[12.849461,14.38984],[12.861622,14.375051],[12.891737,14.352368],[12.88564,14.297307],[12.895576,14.273692],[12.918374,14.251323],[12.923065,14.233283]]}},
{"type":"Feature","properties":{},"geometry":{"type":"LineString","coordinates":[[13.298943,13.586272],[13.28211,13.576281],[13.254444,13.56852],[13.220656,13.587747],[13.212794,13.616595],[13.19255,13.612086],[13.169204,13.620183],[13.157518,13.602836]]}},
{"type":"Feature","properties":{},"geometry":{"type":"LineString","coordinates":[[13.401814,13.972159],[13.405376,13.970223],[13.411081,13.975321],[13.417029,13.985754],[13.417677,13.99998],[13.425529,14.01211],[13.430993,14.011873]]}},
{"type":"Feature","properties":{},"geometry":{"type":"LineString","coordinates":[[11.799181,11.585183],[11.761114,11.586348],[11.753696,11.581207],[11.739697,11.597735],[11.732445,11.597957],[11.727174,11.603484],[11.701623,11.598893],[11.694649,11.608051],[11.674092,11.588991]]}},
{"type":"Feature","properties":{},"geometry":{"type":"LineString","coordinates":[[11.784329,11.163461],[11.777197,11.167249],[11.773956,11.179867],[11.756558,11.203637],[11.758639,11.212521],[11.748157,11.225354],[11.741619,11.248805],[11.732892,11.259798],[11.738542,11.266787],[11.739686,11.304323],[11.745447,11.314886],[11.740615,11.33471],[11.744895,11.35605],[11.729415,11.38335],[11.730571,11.420888],[11.7113,11.442936],[11.708227,11.46092],[11.683847,11.493859],[11.675556,11.51916],[11.666824,11.530159],[11.670187,11.580162],[11.674092,11.588991],[11.667172,11.599936],[11.669151,11.605245],[11.655312,11.627137],[11.657794,11.648536],[11.642307,11.675849],[11.621207,11.697964],[11.601306,11.700355],[11.585645,11.722306],[11.571407,11.731686],[11.557779,11.760736]]}},
{"type":"Feature","properties":{},"geometry":{"type":"LineString","coordinates":[[12.292309,13.644142],[12.293993,13.640505],[12.280658,13.626711],[12.280377,13.619573],[12.259467,13.598913],[12.261082,13.59349],[12.251611,13.584909],[12.253016,13.574134],[12.24544,13.567268],[12.245161,13.560129],[12.21297,13.530944],[12.203296,13.517003],[12.204637,13.504441],[12.211518,13.493462],[12.201985,13.48309],[12.201434,13.468812],[12.169196,13.437824],[12.170336,13.419906],[12.162701,13.411248],[12.162155,13.396968],[12.169107,13.387775],[12.167148,13.384272],[12.179502,13.373094],[12.180984,13.364103],[12.171528,13.355511],[12.138712,13.356707],[12.129393,13.351684],[12.118453,13.35208],[12.084354,13.319345],[12.073146,13.312598],[12.060384,13.313057],[12.030143,13.285533],[12.008063,13.280956],[11.968517,13.248384],[11.951778,13.240034],[11.942661,13.240356],[11.933282,13.233533],[11.896814,13.234816],[11.887434,13.22799],[11.876493,13.228373],[11.832929,13.18517],[11.828829,13.172789],[11.810015,13.15734]]}},
{"type":"Feature","properties":{},"geometry":{"type":"LineString","coordinates":[[11.819454,13.904871],[11.819386,13.903084]]}},
{"type":"Feature","properties":{},"geometry":{"type":"LineString","coordinates":[[13.539346,12.327797],[13.548027,12.318555],[13.547309,12.300778],[13.53979,12.293949],[13.537361,12.233505],[13.514818,12.21301],[13.503974,12.213429],[13.492704,12.203179],[13.48913,12.158797],[13.477512,12.139654],[13.444701,12.133784],[13.41835,12.10807],[13.414249,12.095758],[13.395204,12.071541],[13.378938,12.072156],[13.365873,12.06196],[13.353221,12.062436],[13.3421,12.055727],[13.336747,12.057709],[13.323682,12.04751],[13.302129,12.051879],[13.296569,12.048523],[13.289613,12.05591],[13.272796,12.042282],[13.265702,12.04611],[13.254446,12.035837],[13.22552,12.03691],[13.220232,12.04067],[13.210852,12.032106],[13.17469,12.03344],[13.153989,12.012812],[13.133829,12.006422],[13.118826,11.992709]]}},
{"type":"Feature","properties":{},"geometry":{"type":"LineString","coordinates":[[11.106918,11.818804],[11.108779,11.881465],[11.114606,11.89384],[11.109634,11.91011],[11.099046,11.921168],[11.101025,11.926486],[11.090436,11.937545]]}},
{"type":"Feature","properties":{},"geometry":{"type":"LineString","coordinates":[[10.830861,12.025625],[10.84906,12.025111],[10.875483,12.056634],[10.875851,12.069173],[10.881575,12.077974],[10.905395,12.082672]]}},
{"type":"Feature","properties":{},"geometry":{"type":"LineString","coordinates":[[13.872511,14.782372],[13.876071,14.780422]]}},
{"type":"Feature","properties":{},"geometry":{"type":"LineString","coordinates":[[15.658036,13.791441],[15.677247,13.811662]]}},
{"type":"Feature","properties":{},"geometry":{"type":"LineString","coordinates":[[14.735844,12.775727],[14.746334,12.768158]]}},
{"type":"Feature","properties":{},"geometry":{"type":"LineString","coordinates":[[14.158725,12.674914],[14.155412,12.640715],[14.161858,12.622669],[14.161002,12.603155],[14.177257,12.602467],[14.185184,12.618125],[14.206701,12.613657]]}},
{"type":"Feature","properties":{},"geometry":{"type":"LineString","coordinates":[[14.206701,12.613657],[14.210156,12.609956],[14.209078,12.544253],[14.197857,12.535841],[14.187024,12.536299],[14.153054,12.503961],[14.125969,12.505096],[14.110486,12.523519],[14.095807,12.518799],[14.090696,12.526123],[14.079859,12.526576],[14.072328,12.51978],[14.054265,12.520532],[13.971142,12.43862],[13.947358,12.432482]]}},
{"type":"Feature","properties":{},"geometry":{"type":"LineString","coordinates":[[13.924711,12.538343],[13.919441,12.542117],[13.906638,12.539086]]}},
{"type":"Feature","properties":{},"geometry":{"type":"LineString","coordinates":[[15.18491,13.037945],[15.179328,13.034668],[15.159497,13.035614],[15.157257,13.026862],[15.127133,13.038926],[15.113495,13.055523],[15.114983,13.085576],[15.111552,13.089283],[15.098927,13.089885],[15.085374,13.108251],[15.085636,13.113555],[15.066494,13.128645],[15.048453,13.129503],[15.044669,13.126138],[15.039838,13.101553],[15.04979,13.083357],[15.044029,13.07654],[14.988103,13.079182],[14.980627,13.074215],[14.955366,13.075403],[14.948494,13.082818],[14.947208,13.093516],[14.923747,13.094618],[14.916873,13.102033],[14.917391,13.112648],[14.896421,13.127818],[14.898918,13.141887],[14.904681,13.148709],[14.903828,13.168256],[14.898759,13.175588],[14.88638,13.18149],[14.862645,13.177285],[14.850696,13.192035],[14.838054,13.192628],[14.826958,13.187826],[14.812854,13.195582],[14.791091,13.194825],[14.778704,13.200726],[14.740078,13.188332],[14.715309,13.162865],[14.698963,13.161847],[14.687526,13.149953],[14.692266,13.135538],[14.673351,13.118664],[14.669315,13.109976],[14.658475,13.110474],[14.643599,13.102282],[14.637419,13.086592],[14.609311,13.066576],[14.601078,13.045651],[14.589737,13.035516],[14.58415,13.032219],[14.568391,13.043584],[14.54999,13.037316],[14.530613,13.048844],[14.520912,13.035078],[14.478272,13.013913],[14.468411,12.996598],[14.439003,12.987257],[14.425778,12.975415],[14.418877,12.982826],[14.388479,12.991282],[14.379768,12.998774],[14.359557,12.992565],[14.34402,13.00924],[14.338352,13.004162],[14.323987,12.967491],[14.30016,12.961433],[14.281515,12.949815],[14.270909,12.95561],[14.246759,12.942452],[14.23583,12.941152],[14.205571,12.953134],[14.195202,12.964249],[14.193956,12.976744],[14.179808,12.98447],[14.175104,13.000671],[14.163084,13.015415],[14.151988,13.010565],[14.134056,13.014901],[14.115802,13.012138],[14.100157,13.027038],[14.08206,13.027823],[14.069152,13.023048],[14.055528,13.0023],[14.040414,12.988726],[14.031286,12.98734],[14.000983,12.917509],[14.011684,12.872597],[13.998002,12.850061],[13.973705,12.833306],[13.961528,12.803586],[13.961063,12.792936],[13.969796,12.785454],[13.967677,12.77843],[13.98664,12.756291],[13.991213,12.736537],[14.008442,12.716253],[14.009863,12.707302],[13.957545,12.67037],[13.926781,12.628965],[13.906589,12.622686],[13.88579,12.6022],[13.881937,12.554331],[13.885402,12.550631],[13.892707,12.55211],[13.895869,12.541308],[13.906638,12.539086],[13.906185,12.528433],[13.912959,12.517483],[13.911904,12.492626],[13.898577,12.477163]]}},
{"type":"Feature","properties":{},"geometry":{"type":"LineString","coordinates":[[15.31967,13.095218],[15.293461,13.077008],[15.241104,13.077763],[15.229846,13.069448],[15.190188,13.071352],[15.186406,13.067989],[15.18491,13.037945]]}},
{"type":"Feature","properties":{},"geometry":{"type":"LineString","coordinates":[[14.419856,13.595546],[14.420027,13.599091]]}},
{"type":"Feature","properties":{},"geometry":{"type":"LineString","coordinates":[[14.454364,13.595717],[14.452639,13.597573]]}},
{"type":"Feature","properties":{},"geometry":{"type":"LineString","coordinates":[[15.092176,13.262108],[15.092442,13.267412],[15.085489,13.273064],[15.040447,13.277001],[15.01059,13.258933],[14.985313,13.26014],[14.982053,13.267387],[14.995222,13.277395],[14.970821,13.29629],[14.971526,13.31044],[14.990382,13.325494],[15.00699,13.331788],[15.012674,13.336833],[15.013029,13.343907],[14.981403,13.363155],[14.974621,13.372346],[14.975419,13.388265],[14.963393,13.401254],[14.927255,13.402989],[14.917954,13.398115],[14.915175,13.378741],[14.892963,13.369162],[14.892083,13.351469],[14.886399,13.346419],[14.862908,13.347536],[14.845625,13.364321],[14.846678,13.385555],[14.822513,13.409763],[14.8084,13.41753],[14.789565,13.439713]]}},
{"type":"Feature","properties":{},"geometry":{"type":"LineString","coordinates":[[15.196002,13.34744],[15.149073,13.349729],[15.124799,13.334961],[15.11234,13.33911]]}},
{"type":"Feature","properties":{},"geometry":{"type":"LineString","coordinates":[[14.31506,13.682128],[14.317313,13.653594],[14.311446,13.644981]]}},
{"type":"Feature","properties":{},"geometry":{"type":"LineString","coordinates":[[13.105079,13.990173],[13.128697,13.987395],[13.142569,13.970762],[13.149779,13.968674],[13.166734,13.980439],[13.168951,13.98926],[13.180282,13.997695],[13.201992,13.993207],[13.21546,13.967676],[13.216647,13.953363],[13.212529,13.942841],[13.215698,13.93201],[13.235025,13.915147],[13.23645,13.906173],[13.246984,13.896813],[13.24833,13.886061],[13.271847,13.881498],[13.288473,13.886138],[13.298685,13.869662],[13.305968,13.869352],[13.32338,13.850788],[13.334144,13.846765],[13.342451,13.82859],[13.361996,13.817064],[13.37584,13.800436],[13.388339,13.794556],[13.406695,13.797334],[13.418092,13.807536],[13.424269,13.823306],[13.435589,13.831728],[13.440967,13.829714]]}},
{"type":"Feature","properties":{},"geometry":{"type":"LineString","coordinates":[[13.950723,13.937099],[13.935929,13.932435],[13.928237,13.923889],[13.929547,13.913155],[13.921941,13.906383],[13.878405,13.910132],[13.857321,13.887949],[13.85005,13.888277],[13.830473,13.898054],[13.827339,13.908872],[13.795281,13.924549],[13.772976,13.954026]]}},
{"type":"Feature","properties":{},"geometry":{"type":"LineString","coordinates":[[15.804822,12.032527],[15.799533,12.034541],[15.790152,12.026142],[15.783071,12.028239],[15.775651,12.023282],[15.744963,11.982286],[15.714675,11.987221],[15.694128,11.97049]]}},
{"type":"Feature","properties":{},"geometry":{"type":"LineString","coordinates":[[15.20965,9.825351],[15.210971,9.812912],[15.205362,9.806038],[15.191014,9.707438],[15.18732,9.70403],[15.171284,9.70461],[15.141676,9.67558],[15.130984,9.675964],[15.125316,9.667315],[15.126841,9.660178],[15.084192,9.615664],[15.077064,9.615916],[15.069681,9.609096],[15.046387,9.606379],[15.033531,9.596207]]}},
{"type":"Feature","properties":{},"geometry":{"type":"LineString","coordinates":[[14.459121,10.128854],[14.458929,10.123536],[14.474645,10.112334],[14.475988,10.099864],[14.486145,10.083535],[14.494197,10.058408]]}},
{"type":"Feature","properties":{},"geometry":{"type":"LineString","coordinates":[[14.494197,10.058408],[14.52198,10.034363],[14.5472,10.038797],[14.557799,10.034874],[14.570696,10.045062],[14.585956,10.07113],[14.624655,10.101679],[14.638826,10.097625],[14.655496,10.112989],[14.660793,10.111025],[14.675677,10.126451],[14.691762,10.125872],[14.703103,10.093544],[14.700215,10.063504],[14.727575,10.028833],[14.724499,9.993482],[14.72915,9.973812],[14.752935,9.939279],[14.754208,9.925051],[14.761031,9.915944],[14.751973,9.86308],[14.769,9.839433],[14.770086,9.819894],[14.790428,9.789043],[14.798465,9.763944],[14.810768,9.758194],[14.8174,9.743781],[14.814795,9.720832],[14.803523,9.705274],[14.8064,9.685677],[14.803863,9.664496],[14.819481,9.651545],[14.832751,9.622727],[14.841668,9.622416],[14.853653,9.607822],[14.873271,9.607139],[14.894043,9.588697],[14.906525,9.588261],[14.913343,9.579165],[14.922977,9.54871],[14.932015,9.551939],[14.946213,9.549672],[14.95278,9.5335],[14.961943,9.540267],[14.967729,9.552465],[14.984988,9.53592],[15.01432,9.557919],[15.025075,9.559313]]}},
{"type":"Feature","properties":{},"geometry":{"type":"LineString","coordinates":[[13.536237,10.916093],[13.528003,10.937742],[13.520806,10.937993],[13.512064,10.945418],[13.504613,10.938556],[13.504233,10.927888],[13.485672,10.912508],[13.487344,10.908889],[13.477845,10.894974]]}},
{"type":"Feature","properties":{},"geometry":{"type":"LineString","coordinates":[[14.363369,5.922153],[14.363186,5.913286]]}},
{"type":"Feature","properties":{},"geometry":{"type":"LineString","coordinates":[[14.540445,5.572707],[14.526258,5.571216],[14.501038,5.548664],[14.493997,5.550576],[14.46895,5.536882],[14.465585,5.545815],[14.460173,5.540601],[14.453096,5.54074],[14.428565,5.553636],[14.401014,5.5932],[14.390604,5.604048],[14.379914,5.600711],[14.376583,5.611421]]}},
{"type":"Feature","properties":{},"geometry":{"type":"LineString","coordinates":[[15.661194,5.037345],[15.688395,5.077409],[15.686775,5.084503],[15.701419,5.112454],[15.724722,5.133166],[15.760235,5.148329],[15.787094,5.170722],[15.818762,5.170071],[15.825906,5.175218],[15.831075,5.169818],[15.850533,5.17471],[15.866255,5.169093],[15.887433,5.172184],[15.927807,5.16782],[15.949163,5.179721],[15.956378,5.188389],[16.010659,5.176675],[16.021315,5.181741],[16.026553,5.179868],[16.039076,5.190184],[16.051344,5.188163],[16.063757,5.19319],[16.089971,5.185587],[16.103771,5.172958],[16.130496,5.190018],[16.144515,5.187959],[16.160437,5.192908],[16.169148,5.189199]]}},
{"type":"Feature","properties":{},"geometry":{"type":"LineString","coordinates":[[15.952646,6.659432],[15.943784,6.657904],[15.931067,6.64413],[15.913202,6.635783]]}},
{"type":"Feature","properties":{},"geometry":{"type":"LineString","coordinates":[[14.956429,6.242364],[14.957245,6.277756],[14.968637,6.31113],[14.96905,6.328824],[14.965596,6.332446],[14.969755,6.358905],[14.963054,6.374997],[14.966925,6.389069],[14.956939,6.415863],[14.929095,6.436],[14.918858,6.452179],[14.903101,6.459637],[14.890631,6.45639],[14.88326,6.444168],[14.859797,6.425239]]}},
{"type":"Feature","properties":{},"geometry":{"type":"LineString","coordinates":[[14.263865,7.303308],[14.272209,7.281797],[14.28948,7.261837],[14.300003,7.256247],[14.294406,7.245739],[14.309944,7.2276],[14.355625,7.206931],[14.369472,7.192387],[14.376619,7.193981],[14.394149,7.184669],[14.413901,7.193041],[14.433429,7.192548],[14.438845,7.195959],[14.444079,7.192278],[14.452955,7.192053],[14.46019,7.197191],[14.488498,7.192925]]}},
{"type":"Feature","properties":{},"geometry":{"type":"LineString","coordinates":[[3.328061,16.273066],[3.329921,16.265831],[3.322423,16.258612],[3.301841,16.262259],[3.296221,16.25865]]}},
{"type":"Feature","properties":{},"geometry":{"type":"LineString","coordinates":[[7.78653,16.284883],[7.784665,16.284925]]}},
{"type":"Feature","properties":{},"geometry":{"type":"LineString","coordinates":[[7.797106,16.09461],[7.814773,16.141848],[7.815647,16.177876],[7.810536,16.197819],[7.766876,16.24387],[7.784665,16.284925],[7.779157,16.288654],[7.779332,16.29586],[7.785147,16.304741],[7.785454,16.317352],[7.778167,16.324728],[7.780165,16.33009],[7.769364,16.346558],[7.735001,16.392399],[7.737261,16.408571],[7.728321,16.424997],[7.728583,16.435808],[7.723113,16.441339],[7.729282,16.464634],[7.738793,16.471628],[7.751247,16.44611],[7.760758,16.453104],[7.764403,16.449415],[7.781205,16.449032],[7.790672,16.454224],[7.80174,16.448563],[7.805562,16.45208],[7.802451,16.477385],[7.830993,16.498356],[7.831172,16.505562],[7.83882,16.512592],[7.851801,16.508686],[7.857538,16.51396],[7.853109,16.560925],[7.860761,16.567955],[7.905494,16.563299],[7.909137,16.559608],[7.916699,16.563034],[7.927675,16.553764],[7.93519,16.555387],[7.940654,16.549852],[7.948123,16.549675],[7.957644,16.556656],[7.966796,16.549229],[7.978046,16.550762],[7.983509,16.545225],[7.991117,16.550449],[7.996579,16.544912],[8.043255,16.543785],[8.063979,16.550489],[8.069769,16.557556],[8.068138,16.566605],[8.075796,16.573626],[8.074071,16.579073],[8.087378,16.587757],[8.098581,16.587482],[8.109499,16.576403],[8.122569,16.57608],[8.144094,16.566938]]}},
{"type":"Feature","properties":{},"geometry":{"type":"LineString","coordinates":[[7.749451,16.525463],[7.752877,16.512768],[7.733718,16.493376],[7.733543,16.486168],[7.74088,16.480595],[7.738793,16.471628]]}},
{"type":"Feature","properties":{},"geometry":{"type":"LineString","coordinates":[[7.47543,17.191481],[7.477131,17.184229],[7.48825,17.178574],[7.482278,17.16428],[7.495009,17.14777],[7.490957,17.135239],[7.500068,17.124216],[7.496059,17.113487]]}},
{"type":"Feature","properties":{},"geometry":{"type":"LineString","coordinates":[[6.056436,10.508219],[6.083685,10.495311]]}},
{"type":"Feature","properties":{},"geometry":{"type":"LineString","coordinates":[[14.750846,10.919852],[14.754217,10.9144],[14.764966,10.913982],[14.792353,10.880999],[14.799756,10.841706],[14.831947,10.794363],[14.831455,10.781974],[14.865991,10.748729],[14.876098,10.732385],[14.904238,10.718887],[14.94367,10.719128],[14.986981,10.682005],[15.004866,10.681308],[15.025103,10.69469],[15.124875,10.681917],[15.13496,10.665583],[15.161272,10.652151],[15.191587,10.604924],[15.185587,10.589226],[15.188594,10.574944],[15.171737,10.556129],[15.16767,10.543895],[15.10055,10.475672],[15.083984,10.463913],[15.080064,10.455209],[15.072283,10.39352],[15.080731,10.3808],[15.078257,10.363185],[15.037182,10.318695],[15.03485,10.304613],[15.025443,10.292569],[15.019339,10.273315],[15.017039,10.213175],[14.998375,10.192615],[14.997569,10.171387],[14.989892,10.1575],[14.98929,10.14158],[15.00092,10.11812],[14.997472,10.073962],[14.991785,10.065314]]}},
{"type":"Feature","properties":{},"geometry":{"type":"LineString","coordinates":[[13.760847,6.717165],[13.752196,6.728025],[13.736396,6.737266],[13.721029,6.766058],[13.684127,6.786441],[13.61639,6.780831],[13.587343,6.75479],[13.587227,6.749456]]}},
{"type":"Feature","properties":{},"geometry":{"type":"LineString","coordinates":[[6.98081,5.973603],[6.939364,5.975707],[6.93393,5.972136]]}},
{"type":"Feature","properties":{},"geometry":{"type":"LineString","coordinates":[[15.831938,3.15809],[15.822873,3.158569],[15.816592,3.14953],[15.799926,3.151563],[15.792203,3.14327],[15.783934,3.149575],[15.762817,3.144002],[15.760408,3.154612],[15.751762,3.159828],[15.757364,3.172526],[15.750583,3.181732],[15.737836,3.178245],[15.730831,3.169576],[15.719558,3.167894],[15.719023,3.183225],[15.711846,3.189883],[15.699301,3.173621],[15.684237,3.17672],[15.652437,3.161231],[15.631321,3.157962],[15.583925,3.160316],[15.566275,3.15347],[15.446786,3.15317],[15.409753,3.14302],[15.344276,3.106698],[15.32653,3.092769],[15.306717,3.052349],[15.297481,3.013568],[15.277841,2.987277],[15.153921,2.914401],[15.088228,2.858513],[15.052947,2.850045],[15.019478,2.846863],[14.996638,2.850645],[14.989656,2.856029],[14.975576,2.856178],[14.959811,2.863425],[14.94573,2.863575],[14.931816,2.879654],[14.910822,2.892269],[14.893405,2.910159],[14.867107,2.921064],[14.85143,2.937169],[14.819884,2.951676],[14.796931,2.946612],[14.752933,2.950628],[14.717531,2.935066],[14.673465,2.933764],[14.625701,2.91655],[14.585219,2.922293],[14.553418,2.915536],[14.504129,2.923142],[14.481135,2.91629],[14.444068,2.913128],[14.389144,2.888865],[14.362436,2.864306],[14.348096,2.841391],[14.318107,2.841691],[14.302124,2.831205],[14.280883,2.824319],[14.243486,2.789199],[14.221989,2.755691],[14.181134,2.727686],[14.103307,2.710666],[14.059156,2.709302],[14.029043,2.698927],[13.991944,2.697493],[13.928189,2.678538],[13.919277,2.669737],[13.910272,2.650277],[13.901127,2.614828],[13.856567,2.569025],[13.83351,2.558563],[13.821008,2.542678],[13.806814,2.53569],[13.773228,2.534198],[13.755469,2.523684],[13.725353,2.515049],[13.671983,2.472826],[13.603042,2.473388],[13.572887,2.461183],[13.542856,2.464983],[13.523377,2.461582],[13.507503,2.467046],[13.473915,2.469094],[13.454544,2.479924],[13.436997,2.497857],[13.424643,2.501515],[13.405155,2.498114],[13.392658,2.483978],[13.380232,2.478739],[13.362512,2.475321],[13.316534,2.479245],[13.298908,2.488285],[13.293668,2.497226],[13.293725,2.504346],[13.302658,2.514955],[13.302728,2.523854],[13.278051,2.536514],[13.240939,2.543934],[13.111753,2.552094],[13.072863,2.56131],[13.035682,2.563388],[13.007411,2.572521],[12.993423,2.595795],[12.958231,2.62637],[12.91392,2.624945],[12.890968,2.635823],[12.871389,2.625287],[12.844763,2.620153],[12.832286,2.611339],[12.807429,2.606188],[12.784219,2.584977],[12.752282,2.58166],[12.673851,2.526982],[12.647186,2.518265],[12.618799,2.516695],[12.570705,2.48851],[12.558186,2.474329],[12.520821,2.458544],[12.421343,2.441412],[12.29714,2.445861],[12.263376,2.440741],[12.236772,2.444498],[12.217194,2.437491],[12.151474,2.434374],[12.105182,2.416828],[12.096301,2.416888],[12.090938,2.411565],[12.083845,2.413399],[12.074918,2.406314],[12.021489,2.385232],[11.927171,2.360834],[11.889743,2.343202],[11.839975,2.341734],[11.820381,2.334708],[11.747529,2.338746],[11.735063,2.335248],[11.658627,2.337516],[11.642658,2.342982],[11.609016,2.366446],[11.516567,2.372392],[11.465057,2.385238],[11.429476,2.38546],[11.383149,2.375007],[11.356382,2.362642],[11.308249,2.348612],[11.285091,2.345171],[11.178062,2.306411],[11.108607,2.303231],[11.053337,2.291009],[10.982151,2.300371],[10.935931,2.316758],[10.930578,2.314997],[10.887883,2.32599],[10.827508,2.362177],[10.779467,2.374998],[10.745708,2.393117],[10.708514,2.434564],[10.671369,2.484983],[10.650081,2.503039],[10.626968,2.513934],[10.563031,2.557353],[10.527599,2.597023],[10.515233,2.616828],[10.490403,2.640297],[10.48329,2.643928],[10.420858,2.644307],[10.403051,2.649797],[10.376386,2.666106],[10.362114,2.666192],[10.340874,2.69503],[10.314239,2.716726],[10.298234,2.725797],[10.250048,2.726091],[10.194978,2.769504],[10.107788,2.816714],[10.066754,2.822352],[10.023876,2.819023],[10.00419,2.81196],[9.957778,2.815832],[9.913041,2.801733],[9.871979,2.805569],[9.834539,2.818365],[9.804158,2.816748],[9.771947,2.807955]]}},
{"type":"Feature","properties":{},"geometry":{"type":"LineString","coordinates":[[7.588797,13.50593],[7.590569,13.502291]]}},
{"type":"Feature","properties":{},"geometry":{"type":"LineString","coordinates":[[7.605075,13.19911],[7.610526,13.195405]]}},
{"type":"Feature","properties":{},"geometry":{"type":"LineString","coordinates":[[13.440967,13.829714],[13.452983,13.813163],[13.486827,13.795672],[13.494183,13.797135],[13.504857,13.791331],[13.526331,13.742312],[13.53692,13.73473],[13.551385,13.732324],[13.558095,13.719567],[13.581408,13.711435],[13.589853,13.696824]]}},
{"type":"Feature","properties":{},"geometry":{"type":"LineString","coordinates":[[9.895272,11.872598],[9.891581,11.870892]]}},
{"type":"Feature","properties":{},"geometry":{"type":"LineString","coordinates":[[4.890853,8.385853],[4.868992,8.382341],[4.845399,8.38426],[4.825386,8.375314],[4.81451,8.37898],[4.788916,8.371333],[4.748055,8.373995],[4.725581,8.359011],[4.710233,8.364261],[4.70067,8.36095]]}},
{"type":"Feature","properties":{},"geometry":{"type":"LineString","coordinates":[[14.36894,6.658327],[14.365392,6.65841],[14.357886,6.640841],[14.35731,6.616014],[14.351702,6.603723]]}},
{"type":"Feature","properties":{},"geometry":{"type":"LineString","coordinates":[[2.496296,11.450338],[2.488963,11.450326],[2.46149,11.435808],[2.435835,11.430335],[2.410197,11.417624]]}},
{"type":"Feature","properties":{},"geometry":{"type":"LineString","coordinates":[[0.965567,15.134187],[0.969183,15.145061],[0.965394,15.152256],[0.968856,15.179393],[0.989048,15.208488],[0.988945,15.219329],[1.005421,15.248389],[1.005301,15.261037],[0.993996,15.275393],[0.99029,15.273553],[0.980932,15.27889],[0.941878,15.27492],[0.936241,15.280289]]}},
{"type":"Feature","properties":{},"geometry":{"type":"LineString","coordinates":[[1.04231,15.284856],[1.012525,15.284594],[0.997736,15.273619]]}},
{"type":"Feature","properties":{},"geometry":{"type":"LineString","coordinates":[[5.023611,15.540867],[5.017984,15.537305],[5.017896,15.528271],[5.010389,15.522918],[4.993651,15.526684],[4.97681,15.519607],[4.971236,15.521464],[4.956191,15.507141],[4.943196,15.512677],[4.922647,15.507436],[4.9003,15.509436],[4.88526,15.495108],[4.864761,15.495282],[4.849805,15.489985],[4.844247,15.493647],[4.825532,15.484766],[4.802967,15.461457],[4.776742,15.445404],[4.772786,15.418326]]}},
{"type":"Feature","properties":{},"geometry":{"type":"LineString","coordinates":[[3.34308,4.734235],[3.333106,4.737858],[3.32048,4.730627],[3.316874,4.732438],[3.302474,4.790337],[3.29778,4.792627]]}},
{"type":"Feature","properties":{},"geometry":{"type":"LineString","coordinates":[[6.965115,9.597974],[6.947232,9.595047],[6.889194,9.603989],[6.872612,9.600412],[6.847088,9.610329],[6.761576,9.607565],[6.74158,9.587894],[6.699474,9.580253],[6.675088,9.56172],[6.647939,9.555543],[6.607621,9.557168],[6.499349,9.522541],[6.473013,9.504658],[6.448302,9.506284],[6.428794,9.500106],[6.41969,9.492628],[6.394532,9.496743]]}},
{"type":"Feature","properties":{},"geometry":{"type":"LineString","coordinates":[[6.963489,9.619921],[6.941217,9.611467],[6.922196,9.597974]]}},
{"type":"Feature","properties":{},"geometry":{"type":"LineString","coordinates":[[6.853428,9.709335],[6.836521,9.705758],[6.834895,9.681697],[6.822865,9.67617],[6.813436,9.648208],[6.769867,9.635853],[6.761576,9.607565]]}},
{"type":"Feature","properties":{},"geometry":{"type":"LineString","coordinates":[[7.484663,10.485831],[7.505762,10.461561],[7.508698,10.448639],[7.517479,10.436768],[7.537324,10.427007],[7.558492,10.422943],[7.576671,10.412844],[7.580508,10.404752],[7.589157,10.404996],[7.601746,10.393995],[7.618082,10.390154],[7.637766,10.366429],[7.654047,10.358981],[7.664971,10.358823],[7.699294,10.340292],[7.742821,10.328836],[7.76105,10.33037],[7.783706,10.263332]]}},
{"type":"Feature","properties":{},"geometry":{"type":"LineString","coordinates":[[7.815555,10.790132],[7.817133,10.774796],[7.825228,10.757015],[7.824545,10.724411],[7.832826,10.70131],[7.832597,10.686892],[7.846659,10.654227],[7.846146,10.621788],[7.859891,10.578718],[7.846889,10.553278],[7.848399,10.533426],[7.857222,10.515264],[7.860328,10.480969],[7.872792,10.462752],[7.872567,10.448335],[7.88867,10.430063],[7.890293,10.41742],[7.899254,10.408271],[7.911488,10.37564],[7.914341,10.325127],[7.908686,10.312597],[7.902252,10.249608],[7.909168,10.226072],[7.907072,10.208079],[7.917709,10.189894],[7.92253,10.148365],[7.912865,10.13032],[7.915125,10.102585],[7.925121,10.079835],[7.926639,10.059986],[7.922865,10.05103],[7.935209,10.025612],[7.935018,10.012998],[7.947416,9.991186],[7.955877,9.949606],[7.975161,9.902459],[7.982442,9.865412],[7.970713,9.848456],[7.966702,9.823282],[7.959273,9.812578],[7.957134,9.790981],[7.94773,9.769491],[7.947384,9.746065],[7.932428,9.717443],[7.930392,9.615347],[7.928596,9.602685],[7.922019,9.593864],[7.923837,9.576235],[7.914013,9.549742],[7.911588,9.508525],[7.900627,9.498848],[7.895364,9.436282],[7.889917,9.425613],[7.874569,9.415659],[7.855816,9.372655],[7.85743,9.358213],[7.85365,9.347449],[7.838908,9.331426],[7.829513,9.30812],[7.813888,9.29517],[7.802705,9.273688],[7.784317,9.255907],[7.780542,9.245141],[7.78579,9.230649],[7.783757,9.214451],[7.772629,9.19657],[7.768639,9.16958],[7.750163,9.144584],[7.753528,9.124708],[7.760615,9.111995],[7.753217,9.101274],[7.753051,9.088656],[7.760066,9.070536],[7.762981,9.016412],[7.737852,8.935043],[7.735556,8.899705],[7.715904,8.881798],[7.708354,8.858454],[7.671534,8.813839],[7.665428,8.790418],[7.643829,8.77271],[7.640077,8.763865],[7.605435,8.738522],[7.605479,8.717175],[7.597857,8.707967],[7.588113,8.663392],[7.600446,8.634392],[7.622033,8.621508],[7.609089,8.600025],[7.605226,8.580236],[7.590539,8.564182],[7.577557,8.53909],[7.564727,8.526618],[7.553517,8.497896],[7.527948,8.48016],[7.50615,8.475002],[7.47515,8.457323],[7.46039,8.434046],[7.440241,8.414434],[7.434602,8.396461],[7.414476,8.37865],[7.396285,8.371639],[7.359989,8.337036],[7.348944,8.320922],[7.32847,8.270636],[7.333587,8.241718],[7.328738,8.224126],[7.334051,8.213244],[7.352018,8.200423],[7.373466,8.174937],[7.377106,8.176702],[7.393279,8.165703],[7.39314,8.153078],[7.405613,8.134905],[7.409094,8.122241],[7.428824,8.105793],[7.442867,8.065959],[7.460725,8.044121],[7.486898,8.029218],[7.517419,8.029113],[7.562026,8.016497],[7.591626,8.016396],[7.620111,8.007313],[7.642272,8.017341],[7.66738,8.003891],[7.692165,7.976785],[7.695958,7.954772],[7.688251,7.944821],[7.687826,7.936433],[7.66308,7.923134],[7.633658,7.889608],[7.603623,7.880225],[7.574216,7.835485],[7.582367,7.800177],[7.604085,7.755814],[7.607485,7.735941],[7.634304,7.708602],[7.659608,7.708327],[7.69148,7.681571],[7.709224,7.673289],[7.771633,7.6726],[7.79642,7.678388],[7.805426,7.686373],[7.823284,7.688598],[7.83515,7.698571],[7.857446,7.699127],[7.890136,7.722605],[7.907188,7.725239],[7.91662,7.734832],[7.936475,7.734602],[7.951538,7.74049],[7.983953,7.740112],[8.020964,7.717447],[8.035671,7.693428],[8.060609,7.678181],[8.098511,7.663183],[8.104664,7.63563],[8.105476,7.601674],[8.109854,7.595157],[8.108918,7.567384],[8.098614,7.552149],[8.05086,7.520372],[8.04709,7.509504],[8.031898,7.491491],[8.026264,7.459222],[8.028048,7.438185],[8.042695,7.408919],[8.043231,7.388557],[8.051563,7.38129],[8.078576,7.375576],[8.10536,7.350043],[8.121685,7.357064],[8.134297,7.355117],[8.164787,7.33855],[8.179224,7.338383],[8.197164,7.329166],[8.236773,7.321499],[8.268868,7.288696],[8.288733,7.290265],[8.301212,7.277508],[8.302804,7.259475],[8.30811,7.250406],[8.302046,7.194632],[8.30731,7.181961],[8.328678,7.158295],[8.328406,7.13488],[8.318974,7.098961],[8.336735,7.075339],[8.334223,7.053147],[8.327594,7.039448],[8.329909,7.028645],[8.326288,7.014884],[8.336425,7.003113],[8.336743,6.994755],[8.320901,6.965526],[8.301184,6.94252],[8.260838,6.920773],[8.260772,6.910149],[8.251866,6.889454],[8.241523,6.878765],[8.237819,6.865674]]}},
{"type":"Feature","properties":{},"geometry":{"type":"LineString","coordinates":[[6.91256,11.16747],[6.933221,11.171675],[6.942259,11.166236],[6.967679,11.163896],[6.976486,11.152488],[6.973906,11.144588],[6.976805,11.139783]]}},
{"type":"Feature","properties":{},"geometry":{"type":"LineString","coordinates":[[6.976805,11.139783],[7.010089,11.124119],[7.024325,11.125759],[7.028917,11.122645],[7.04026,11.127376],[7.055058,11.123684],[7.12894,11.075394],[7.13999,11.07036],[7.158386,11.071632],[7.180132,11.047764],[7.212748,11.039226],[7.22452,11.041807],[7.246597,11.025482],[7.265095,11.023392],[7.273096,11.016186],[7.281599,11.016981],[7.290768,11.010446],[7.327013,11.0081],[7.332739,10.998562],[7.340566,10.995399],[7.328882,10.988711],[7.359195,10.976297],[7.372747,10.963749],[7.432064,10.941312],[7.447594,10.916839],[7.471299,10.912986],[7.490206,10.903102],[7.515049,10.903346],[7.554031,10.879745],[7.56605,10.882205],[7.588341,10.877196],[7.606499,10.891052],[7.616607,10.882972],[7.637923,10.884886],[7.655228,10.870192],[7.667301,10.869652],[7.678864,10.862768],[7.688157,10.865269],[7.706059,10.852901],[7.724731,10.8471],[7.732215,10.83761],[7.755885,10.82787],[7.759505,10.822784],[7.76874,10.821727],[7.776905,10.81154],[7.786821,10.809785],[7.815555,10.790132]]}},
{"type":"Feature","properties":{},"geometry":{"type":"LineString","coordinates":[[8.306685,11.196566],[8.284244,11.099257],[8.25565,11.069132],[8.215254,11.039205],[8.198556,11.01324],[8.183618,11.003286],[8.124228,10.983875],[8.038572,10.982391],[8.011632,10.960953],[7.980341,10.943959],[7.924178,10.940495],[7.87663,10.92229],[7.864606,10.909349],[7.862703,10.883113],[7.856515,10.865701],[7.844613,10.860052],[7.838521,10.848474],[7.825591,10.847515]]}},
{"type":"Feature","properties":{},"geometry":{"type":"LineString","coordinates":[[16.092249,10.691712],[16.068329,10.675084],[16.059502,10.677224],[16.038764,10.651631],[16.024743,10.65752],[16.008027,10.64234],[15.983545,10.653965],[15.939081,10.657603],[15.917052,10.685015],[15.867298,10.690637],[15.839881,10.675889],[15.840911,10.658183],[15.814756,10.63101],[15.812301,10.615214],[15.797295,10.59817],[15.786748,10.602139],[15.779321,10.595379],[15.77583,10.59729],[15.757186,10.578624],[15.698501,10.584568],[15.673757,10.590882],[15.6621,10.568382],[15.652817,10.559924],[15.640334,10.560432],[15.623551,10.543438]]}},
{"type":"Feature","properties":{},"geometry":{"type":"LineString","coordinates":[[15.05006,6.679145],[15.069345,6.671586],[15.088892,6.67464],[15.11693,6.663323],[15.124049,6.664915],[15.142886,6.639674],[15.145632,6.607757],[15.157223,6.575622],[15.167745,6.571824],[15.171019,6.561128],[15.183264,6.555519],[15.217878,6.524593],[15.226804,6.527911],[15.240769,6.520492],[15.253184,6.521954],[15.282921,6.50884],[15.413346,6.563933],[15.436665,6.577485],[15.452561,6.577083],[15.497205,6.595389],[15.537412,6.578462],[15.551132,6.562213],[15.559913,6.560222],[15.577117,6.542119],[15.599793,6.530944],[15.603189,6.525559],[15.620748,6.521579],[15.631156,6.51425],[15.652333,6.513711],[15.67681,6.504258],[15.701555,6.505392],[15.720825,6.499602],[15.734936,6.499241],[15.75461,6.509329],[15.767002,6.510776],[15.786131,6.499694],[15.800194,6.497567],[15.814119,6.490149],[15.820946,6.481149],[15.824518,6.482822],[15.859327,6.464281],[15.874739,6.446239],[15.879575,6.428472],[15.88988,6.417622],[15.912567,6.408219],[15.919841,6.416853],[15.94483,6.428559],[15.955358,6.426524],[15.971444,6.434928],[15.987257,6.432756],[15.994122,6.425524],[16.009977,6.425114],[16.01865,6.419599],[16.136275,6.469421],[16.145403,6.481519],[16.162512,6.528652],[16.173359,6.538938],[16.196096,6.598247],[16.207042,6.612049],[16.233741,6.621898],[16.308535,6.586396],[16.340597,6.599615],[16.346022,6.60475],[16.346214,6.61179],[16.339752,6.633101],[16.368046,6.701005],[16.380661,6.711221],[16.416349,6.727834]]}},
{"type":"Feature","properties":{},"geometry":{"type":"LineString","coordinates":[[13.71826,6.128978],[13.737685,6.123251],[13.746419,6.115962],[13.760623,6.115675],[13.774861,6.117163],[13.807141,6.132505],[13.824746,6.125036],[13.837172,6.124781],[13.844381,6.129966],[13.856769,6.127935],[13.87256,6.118725],[13.8915,6.089905],[13.92496,6.076782],[13.940711,6.065799],[13.966706,6.035065],[13.993096,6.023868],[14.012679,6.02702],[14.039209,6.022925],[14.04442,6.017489],[14.044275,6.010388],[14.058317,6.002996],[14.071995,5.977853],[14.099893,5.954198],[14.108756,5.954017],[14.187795,5.916895],[14.228915,5.933804],[14.262544,5.931337],[14.302926,5.912758],[14.318869,5.912429],[14.331414,5.919267],[14.350715,5.909996],[14.363186,5.913286],[14.373482,5.897105],[14.401669,5.889425],[14.434981,5.87277],[14.452685,5.872403],[14.468766,5.879163],[14.47249,5.887953],[14.485029,5.894785],[14.494177,5.908781],[14.544187,5.929006],[14.569678,5.962152],[14.637648,5.994377]]}},
{"type":"Feature","properties":{},"geometry":{"type":"LineString","coordinates":[[13.188222,5.633641],[13.197014,5.628143],[13.202408,5.631609],[13.237413,5.600717],[13.267523,5.594843],[13.281767,5.596372],[13.316981,5.577944],[13.333061,5.582999],[13.350696,5.575565],[13.363287,5.584241],[13.375687,5.582239],[13.404482,5.603082],[13.43264,5.588339],[13.439838,5.593548],[13.464728,5.594879]]}},
{"type":"Feature","properties":{},"geometry":{"type":"LineString","coordinates":[[9.240966,7.932129],[9.244382,7.919488],[9.240287,7.887176],[9.24155,7.851186],[9.230247,7.818979],[9.231649,7.79198],[9.257892,7.737637],[9.257707,7.72505],[9.268363,7.714102],[9.28986,7.704794],[9.329431,7.698814],[9.347615,7.709333],[9.394418,7.705038],[9.421638,7.717214],[9.453992,7.711332],[9.495159,7.692729],[9.527532,7.688641],[9.550704,7.672109],[9.581215,7.664452],[9.589999,7.649938],[9.615076,7.640566],[9.631034,7.624146],[9.647103,7.614912],[9.706553,7.615789],[9.711899,7.612112],[9.742507,7.611635],[9.747965,7.615143],[9.771341,7.61298],[9.778599,7.616459],[9.823547,7.612157],[9.856091,7.620623]]}},
{"type":"Feature","properties":{},"geometry":{"type":"LineString","coordinates":[[10.281219,8.707926],[10.264295,8.672353],[10.255071,8.661759],[10.254933,8.654582],[10.293769,8.610764],[10.300255,8.57295],[10.2978,8.538897],[10.277393,8.508769],[10.278753,8.485411],[10.271137,8.464015],[10.270968,8.455044],[10.288379,8.422411],[10.288212,8.413441],[10.316229,8.369844],[10.343014,8.356783],[10.373163,8.331097],[10.396407,8.32169],[10.451451,8.27939],[10.487358,8.273333],[10.500097,8.280269],[10.510693,8.269304],[10.539222,8.254414],[10.562212,8.232453],[10.559016,8.158971],[10.565469,8.119389],[10.598574,8.061374],[10.619723,8.037663],[10.624883,8.025013],[10.676265,7.982808],[10.681391,7.968367],[10.67929,7.952267],[10.688046,7.939551],[10.686944,7.880396],[10.695302,7.846172],[10.726959,7.807935],[10.735581,7.788053],[10.764069,7.773187],[10.797679,7.743884],[10.838502,7.716242],[10.837017,7.635604],[10.871787,7.572234],[10.882397,7.563079],[10.893137,7.561091],[10.907174,7.542913],[10.926759,7.533596],[10.962104,7.502486],[10.965433,7.488089],[10.991667,7.449981],[10.998552,7.433729],[10.998226,7.415816],[11.008797,7.404874],[11.008667,7.397709],[11.021033,7.386735],[11.070812,7.36075],[11.102643,7.335092],[11.109557,7.320635],[11.128961,7.302371],[11.180607,7.28173],[11.232538,7.2772],[11.279349,7.287085],[11.295449,7.284997],[11.354936,7.301797],[11.381618,7.30309]]}},
{"type":"Feature","properties":{},"geometry":{"type":"LineString","coordinates":[[15.268742,6.362404],[15.261973,6.374946],[15.265678,6.381931],[15.260548,6.389129],[15.262572,6.399692],[15.257828,6.422798],[15.26524,6.436766],[15.281358,6.445215],[15.291959,6.444956],[15.307643,6.43573],[15.321819,6.437151],[15.332333,6.433358],[15.356672,6.416849],[15.38493,6.416156],[15.414562,6.399519],[15.427096,6.406281],[15.441047,6.398868],[15.46426,6.4089],[15.476531,6.405062],[15.488976,6.408289],[15.511749,6.400657],[15.526001,6.405605],[15.538268,6.401767],[15.545416,6.405123],[15.578596,6.390166],[15.598139,6.394979],[15.619224,6.390921],[15.631662,6.394143],[15.65442,6.38651],[15.674089,6.396613],[15.691597,6.390876],[15.72158,6.390123],[15.732339,6.396914],[15.741068,6.393164],[15.750064,6.399998],[15.758837,6.398011],[15.767787,6.403081],[15.772988,6.399419],[15.778367,6.402813],[15.785376,6.40087],[15.837267,6.429554],[15.847935,6.43281],[15.861902,6.427159],[15.879621,6.430235]]}},
{"type":"Feature","properties":{},"geometry":{"type":"LineString","coordinates":[[8.192507,6.707613],[8.199034,6.685923],[8.194691,6.6157],[8.212329,6.579481],[8.21747,6.554204],[8.228127,6.539679],[8.222592,6.527125],[8.221904,6.46047],[8.232488,6.438741],[8.232303,6.420726],[8.23765,6.415267],[8.241049,6.395413],[8.267691,6.359109],[8.267635,6.353705],[8.285566,6.346316],[8.29804,6.333578],[8.317752,6.324369],[8.324861,6.315289],[8.342862,6.315104],[8.353552,6.304186],[8.360771,6.305912],[8.37326,6.294976],[8.394803,6.28935],[8.405621,6.291039],[8.428888,6.278189],[8.448705,6.279784],[8.464846,6.274212],[8.48824,6.273967],[8.552773,6.249876],[8.586654,6.220706],[8.632759,6.157197],[8.643285,6.13188],[8.650403,6.124603],[8.659055,6.092104],[8.69067,6.019758],[8.696341,5.981893],[8.691318,5.976984],[8.701604,5.928269],[8.701419,5.910269],[8.714517,5.891692],[8.717542,5.835854],[8.72807,5.810544],[8.722297,5.772798],[8.721917,5.734998],[8.72544,5.727762],[8.721613,5.704397],[8.7267,5.673743],[8.724761,5.659361],[8.729974,5.641307],[8.722153,5.576577],[8.703891,5.546151],[8.667821,5.532095],[8.585118,5.527481],[8.570676,5.520414],[8.556166,5.506145],[8.548795,5.486405],[8.548148,5.416183],[8.556671,5.365684],[8.567286,5.34758],[8.572496,5.327725],[8.581396,5.318642],[8.583112,5.309623],[8.627316,5.231799],[8.635974,5.195712],[8.646604,5.179412],[8.653594,5.157744],[8.649401,5.089365],[8.640203,5.06424],[8.641843,5.046221],[8.634475,5.02468],[8.609063,4.992489],[8.608986,4.983487],[8.552758,4.915538],[8.521972,4.88338],[8.480446,4.854906],[8.429931,4.824697],[8.420954,4.824769],[8.404695,4.812291],[8.372292,4.801741],[8.356033,4.789259],[8.332636,4.782238],[8.294762,4.760914],[8.265977,4.75393],[8.226321,4.734414],[8.201431,4.728768]]}},
{"type":"Feature","properties":{},"geometry":{"type":"LineString","coordinates":[[8.481602,5.793988],[8.494204,5.795666],[8.506878,5.804547],[8.528436,5.802535],[8.548265,5.807743],[8.589865,5.83254],[8.62217,5.826816],[8.633029,5.833909],[8.654582,5.831892],[8.663625,5.837202],[8.692404,5.838711],[8.704931,5.833182],[8.717542,5.835854]]}},
{"type":"Feature","properties":{},"geometry":{"type":"LineString","coordinates":[[12.379408,2.275707],[12.352815,2.279452],[12.326337,2.301049],[12.294508,2.319114],[12.266108,2.319303],[12.241199,2.31054],[12.211044,2.314311],[12.186377,2.343048],[12.170397,2.343155],[12.150936,2.354001],[12.108638,2.402513],[12.090938,2.411565]]}},
{"type":"Feature","properties":{},"geometry":{"type":"LineString","coordinates":[[10.038351,3.846011],[10.031068,3.829911],[10.028914,3.785038],[10.039479,3.7652],[10.059009,3.748881],[10.062424,3.729103],[10.05875,3.716564],[10.033457,3.682651],[10.022509,3.654008],[10.020415,3.61452],[10.025513,3.580363],[10.01284,3.558912],[9.984043,3.532196],[9.962503,3.519788],[9.930041,3.48052],[9.928056,3.453594],[9.952647,3.394147],[9.954228,3.365401],[9.927233,3.338655],[9.909137,3.306454],[9.896393,3.272417],[9.897995,3.245464],[9.908521,3.216654],[9.910139,3.191498],[9.860888,3.037352],[9.860594,2.990651],[9.815497,2.920874],[9.793723,2.865316],[9.775666,2.833085],[9.768352,2.804383],[9.745073,2.795535],[9.71825,2.792097],[9.686004,2.777907],[9.6341,2.763826],[9.557277,2.769649],[9.537675,2.780543],[9.482498,2.823993],[9.437782,2.820648],[9.373522,2.840784],[9.33419,2.8428],[9.277039,2.857502],[9.214633,2.893816],[9.173567,2.908432],[9.128831,2.90688],[9.087583,2.889115],[9.035626,2.8768],[9.001617,2.875181],[8.978382,2.880703],[8.944379,2.880882],[8.894145,2.85775],[8.790354,2.863682],[8.763546,2.872819],[8.73132,2.877409]]}},
{"type":"Feature","properties":{},"geometry":{"type":"LineString","coordinates":[[7.700935,4.045795],[7.688418,4.054884],[7.672257,4.054978],[7.65976,4.067673],[7.645374,4.06415],[7.634621,4.067819],[7.614857,4.066129],[7.600542,4.075228],[7.584399,4.078928],[7.561001,4.070044],[7.548908,4.07088]]}},
{"type":"Feature","properties":{},"geometry":{"type":"LineString","coordinates":[[6.026012,7.370192],[6.024448,7.33646],[6.028424,7.329505],[6.034207,7.328434],[6.045382,7.329804],[6.055791,7.341717],[6.068124,7.344512],[6.088728,7.33405],[6.108463,7.332469],[6.183387,7.387056],[6.208108,7.398382],[6.222681,7.387523],[6.253679,7.38544],[6.267449,7.374195],[6.284447,7.380261],[6.300971,7.378076],[6.319825,7.383508],[6.332631,7.381968],[6.360043,7.370825],[6.368827,7.356931],[6.384056,7.347942],[6.397694,7.348217],[6.399462,7.342786],[6.419247,7.328188],[6.424217,7.31055],[6.434875,7.298912],[6.435597,7.279605],[6.459066,7.247389],[6.481694,7.227252],[6.49729,7.199739],[6.529787,7.193918],[6.542399,7.201713],[6.562387,7.201558],[6.588279,7.183713],[6.598937,7.179452],[6.618465,7.180227],[6.636503,7.168942],[6.667627,7.166838],[6.717862,7.134458],[6.755769,7.128735],[6.789956,7.110404],[6.807863,7.090401],[6.804183,7.006955],[6.813128,6.996051],[6.821284,6.963934],[6.815748,6.949538],[6.819172,6.926044],[6.813681,6.917063],[6.813536,6.899014],[6.818867,6.88814],[6.816931,6.87191],[6.836552,6.841067],[6.830961,6.81945],[6.834473,6.806787],[6.823352,6.770774],[6.835693,6.73277],[6.842815,6.720078],[6.864352,6.703664],[6.876861,6.68732],[6.878424,6.656623],[6.890961,6.64389],[6.892666,6.631242],[6.898038,6.625785],[6.907049,6.623909],[6.960822,6.576558],[7.012996,6.556289],[7.029294,6.563377],[7.050918,6.559593],[7.106439,6.508615],[7.128102,6.510243],[7.138971,6.515567],[7.155192,6.513629],[7.173261,6.517088],[7.182341,6.52423],[7.189542,6.522367],[7.220269,6.529327],[7.270684,6.518076],[7.286994,6.526958],[7.312292,6.532154],[7.346436,6.517428],[7.384357,6.522511],[7.425678,6.504112],[7.440104,6.503985],[7.456222,6.491218],[7.479679,6.492814],[7.557014,6.470481],[7.584057,6.470238],[7.598414,6.462894],[7.629092,6.466222],[7.656033,6.455157],[7.668684,6.458647],[7.690297,6.456645],[7.715431,6.445594],[7.740664,6.44536],[7.754998,6.436211],[7.773036,6.437846],[7.783799,6.432336],[7.816219,6.430228],[7.84869,6.433526],[7.855966,6.440668],[7.86858,6.440547],[7.877641,6.445868],[7.886616,6.442177],[7.919085,6.445469],[7.933464,6.441725],[8.022083,6.475101],[8.070671,6.469211],[8.081516,6.472707],[8.119328,6.470524],[8.137378,6.473946],[8.149932,6.468412],[8.166142,6.468247],[8.178659,6.459111],[8.196708,6.46253],[8.216482,6.458724],[8.221922,6.462271]]}},
{"type":"Feature","properties":{},"geometry":{"type":"LineString","coordinates":[[7.664904,11.449392],[7.665556,11.477653],[7.660549,11.506581],[7.67388,11.53882],[7.674179,11.556846],[7.694677,11.579952],[7.700433,11.596085],[7.658924,11.629212],[7.655538,11.645494],[7.637701,11.672829],[7.608678,11.687722],[7.585377,11.716948],[7.578119,11.72067],[7.565284,11.719072],[7.540028,11.741115],[7.523592,11.743178],[7.509072,11.750622],[7.478493,11.783566],[7.461994,11.782022],[7.44198,11.78955],[7.431949,11.78353],[7.415272,11.787652],[7.390965,11.804772],[7.365397,11.808774],[7.33814,11.821818],[7.317975,11.820323],[7.306907,11.81508],[7.283164,11.819047],[7.263223,11.831975],[7.243139,11.835885],[7.2268,11.845149],[7.212152,11.845367],[7.199197,11.83654],[7.164407,11.837054],[7.16069,11.833501],[7.127811,11.839395],[7.103898,11.832525],[7.065549,11.840296],[7.054614,11.844061],[7.045617,11.855016],[7.014745,11.873501],[6.98918,11.879276],[6.959898,11.881494],[6.948854,11.878039],[6.934251,11.881852],[6.919777,11.894686],[6.899624,11.894965],[6.872399,11.913388],[6.84534,11.906281],[6.821004,11.907681],[6.809937,11.90257],[6.794028,11.904841],[6.773501,11.918342],[6.758866,11.920342],[6.731723,11.945973],[6.697145,11.964481],[6.678913,11.971942],[6.645894,11.970568],[6.636776,11.974297],[6.62954,11.981611],[6.629637,11.988831],[6.604235,12.009016],[6.562207,12.020387],[6.547514,12.018769]]}},
{"type":"Feature","properties":{},"geometry":{"type":"LineString","coordinates":[[7.761166,12.348641],[7.739169,12.349026],[7.735243,12.334672],[7.727781,12.327591],[7.674622,12.328508],[7.640491,12.368759],[7.626491,12.406862],[7.608184,12.408978],[7.528239,12.453606],[7.515429,12.455624],[7.480853,12.47243],[7.427646,12.47331],[7.402386,12.498974],[7.39321,12.499125],[7.369536,12.510332],[7.351184,12.51063],[7.336622,12.51808],[7.296244,12.518729],[7.279993,12.535223]]}},
{"type":"Feature","properties":{},"geometry":{"type":"LineString","coordinates":[[8.467391,13.753007],[8.452284,13.737134],[8.433662,13.728541],[8.420773,13.728826],[8.411732,13.736229],[8.369377,13.737157],[8.356773,13.750039],[8.351248,13.75016],[8.308439,13.731274],[8.26792,13.732143],[8.226558,13.778064],[8.224956,13.788907],[8.183497,13.831224],[8.191069,13.840073],[8.189426,13.849115],[8.196999,13.857963],[8.19728,13.870568],[8.190228,13.885131],[8.166826,13.910852],[8.162338,13.957791],[8.148068,13.979715],[8.140571,13.97447],[8.135199,13.981791],[8.116877,13.987584],[8.098871,14.007784],[8.084273,14.0153],[8.067672,14.015648],[8.060451,14.023007],[8.01806,14.025694],[8.005342,14.034968],[7.981981,14.064285],[7.956146,14.064818],[7.926967,14.081637],[7.916126,14.092673],[7.899514,14.093012],[7.893861,14.08772],[7.858791,14.088431],[7.845718,14.081485],[7.831293,14.097998],[7.796558,14.114916],[7.764946,14.10473]]}},
{"type":"Feature","properties":{},"geometry":{"type":"LineString","coordinates":[[6.419547,14.728812],[6.440088,14.737535],[6.453326,14.753584],[6.462628,14.75525],[6.469932,14.747919],[6.497577,14.736671],[6.532781,14.734331],[6.552944,14.719582],[6.71421,14.715244],[6.744425,14.747243],[6.817074,14.765903],[6.828515,14.78376],[6.841684,14.794368],[6.840307,14.821459],[6.823903,14.837974],[6.824316,14.861426],[6.849197,14.904318],[6.843792,14.913432],[6.866409,14.932899],[6.896256,14.941415],[6.920867,14.968059],[6.922986,14.982457],[6.940149,15.007421],[6.944525,15.043432]]}},
{"type":"Feature","properties":{},"geometry":{"type":"LineString","coordinates":[[15.165802,5.963285],[15.176002,5.945367],[15.186478,5.939825],[15.198879,5.941316],[15.207628,5.937582],[15.229949,5.908783],[15.249171,5.899511],[15.25427,5.890555],[15.280432,5.875823],[15.302942,5.855871],[15.326785,5.816443],[15.342509,5.809023],[15.361408,5.785622],[15.362938,5.774982],[15.359254,5.767993]]}},
{"type":"Feature","properties":{},"geometry":{"type":"LineString","coordinates":[[15.060863,5.852366],[15.079754,5.827179],[15.104172,5.812491],[15.10398,5.803648],[15.122793,5.77493],[15.122678,5.769625],[15.14003,5.755095],[15.148819,5.753136],[15.152427,5.756596],[15.173497,5.750833],[15.191341,5.759291],[15.201587,5.743149],[15.208801,5.750068],[15.231593,5.742497],[15.230211,5.760214],[15.235621,5.765401],[15.242643,5.76348],[15.244561,5.770512],[15.241108,5.774124],[15.244716,5.777583],[15.253309,5.766784],[15.269192,5.766436],[15.276366,5.771584],[15.297503,5.769352],[15.321703,5.745836],[15.328875,5.750983],[15.343029,5.75244],[15.352237,5.769915],[15.368075,5.767798],[15.378465,5.75873],[15.387284,5.758536],[15.39661,5.781307],[15.40931,5.796932],[15.421343,5.782525],[15.430083,5.778796],[15.435452,5.782212],[15.43557,5.787511],[15.442664,5.78912]]}},
{"type":"Feature","properties":{},"geometry":{"type":"LineString","coordinates":[[8.014983,5.712815],[7.9915,5.702206],[7.978751,5.684293],[7.987405,5.644567],[7.972829,5.623063],[7.974352,5.590607],[7.968895,5.583444],[7.965024,5.551033],[7.977509,5.538311],[7.982559,5.496815],[8.002102,5.467814],[8.003736,5.447975],[8.019755,5.428017],[8.021435,5.413585],[8.030351,5.404499],[8.039133,5.379195],[8.0516,5.364675],[8.085656,5.351777],[8.114137,5.317301]]}},
{"type":"Feature","properties":{},"geometry":{"type":"LineString","coordinates":[[7.338538,4.835908],[7.344547,4.80323],[7.355142,4.787018]]}},
{"type":"Feature","properties":{},"geometry":{"type":"LineString","coordinates":[[7.819373,5.287231],[7.843647,5.247428],[7.840634,5.22744],[7.847477,5.21061],[7.880375,5.176804],[7.899407,5.172773]]}},
{"type":"Feature","properties":{},"geometry":{"type":"LineString","coordinates":[[13.277986,10.689818],[13.296098,10.692777],[13.301738,10.699714],[13.344913,10.698271],[13.364029,10.678037],[13.380215,10.677495],[13.389636,10.689645],[13.402225,10.68922],[13.424746,10.663532],[13.444218,10.653972],[13.453516,10.662561],[13.452086,10.673293],[13.465165,10.687094],[13.475953,10.686728],[13.488106,10.673854],[13.504287,10.673304],[13.509865,10.678455],[13.540426,10.677415],[13.560945,10.698073],[13.571805,10.751098]]}},
{"type":"Feature","properties":{},"geometry":{"type":"LineString","coordinates":[[13.979117,12.413398],[13.970463,12.422644],[13.954132,12.421534],[13.947358,12.432482],[13.929971,12.4492],[13.922819,12.451271],[13.898577,12.477163],[13.851592,12.47908],[13.838717,12.474267],[13.829904,12.479962],[13.77221,12.485859],[13.758045,12.493549],[13.747717,12.506423],[13.731592,12.510633],[13.70392,12.542003],[13.702557,12.552737],[13.686947,12.569385],[13.669377,12.582553],[13.656195,12.570625],[13.650767,12.570843],[13.645562,12.576393],[13.645859,12.5835],[13.621713,12.612955],[13.61477,12.620355],[13.593424,12.630114],[13.584818,12.641142],[13.514219,12.643969],[13.509082,12.651297],[13.498219,12.651731],[13.48141,12.639933],[13.468808,12.642215],[13.446293,12.668045],[13.431605,12.707815],[13.402129,12.741051],[13.402716,12.755279],[13.388048,12.759274],[13.360547,12.789023],[13.348153,12.796642],[13.351067,12.823251],[13.332155,12.848949]]}},
{"type":"Feature","properties":{},"geometry":{"type":"LineString","coordinates":[[11.885221,11.834711],[11.880012,11.842029],[11.874395,11.836841],[11.852629,11.837527],[11.845605,11.844903],[11.821906,11.84207],[11.795673,11.873303],[11.784729,11.871858],[11.770789,11.890184],[11.754514,11.892483],[11.74567,11.899916],[11.736538,11.898412],[11.728933,11.887914],[11.703467,11.886916],[11.68906,11.890942]]}},
{"type":"Feature","properties":{},"geometry":{"type":"LineString","coordinates":[[12.867455,11.134848],[12.845745,11.133784],[12.838769,11.14115],[12.827943,11.141509],[12.802198,11.128087],[12.769716,11.129155],[12.765986,11.125708],[12.753354,11.126123],[12.743971,11.115724],[12.72051,11.11649],[12.701865,11.099253],[12.67991,11.091043],[12.654678,11.038318],[12.64018,11.037],[12.619683,11.018023],[12.598025,11.018716],[12.577588,11.001516],[12.562511,10.982359],[12.564142,10.976951],[12.524914,10.93713],[12.496036,10.938038],[12.485435,10.945512],[12.452884,10.944745],[12.449103,10.939506],[12.448419,10.918099],[12.41485,10.885212],[12.382357,10.886215],[12.374911,10.879301],[12.360525,10.88153],[12.351218,10.872886],[12.266356,10.87548],[12.252353,10.890199],[12.245129,10.890418],[12.235878,10.883552],[12.228709,10.885556],[12.214039,10.878854],[12.199093,10.863224],[12.200679,10.856028],[12.180208,10.836988],[12.120604,10.838774],[12.10659,10.85349],[12.068652,10.85462],[12.063449,10.861924],[12.056276,10.863925],[12.056439,10.869283],[12.04417,10.88216],[12.025613,10.866622],[12.014879,10.870515],[11.994947,10.869316],[11.987988,10.878461],[11.97353,10.878887],[11.957856,10.899016],[11.945365,10.904749]]}},
{"type":"Feature","properties":{},"geometry":{"type":"LineString","coordinates":[[12.142858,11.431461],[12.144189,11.472526],[12.151662,11.479439],[12.169879,11.482437],[12.177468,11.492919],[12.178402,11.521483],[12.189439,11.526493],[12.189673,11.533633],[12.210232,11.552633],[12.209718,11.591964],[12.219065,11.600597],[12.218083,11.625646],[12.227492,11.636064],[12.224227,11.646891],[12.239368,11.666057],[12.23266,11.682357],[12.25523,11.706638],[12.254859,11.749534],[12.247913,11.758695],[12.250869,11.792548],[12.258417,11.801234],[12.260598,11.865488],[12.240128,11.903687],[12.240433,11.912612],[12.276214,11.950735],[12.302266,11.969519],[12.30795,11.976475],[12.308629,11.996105],[12.314315,12.00306],[12.334936,12.022018],[12.351125,12.017899],[12.353186,12.024976],[12.371188,12.020794],[12.390627,12.005846],[12.408749,12.005232],[12.446436,12.045027],[12.45575,12.051852],[12.466623,12.051479],[12.489193,12.07392],[12.494503,12.070165],[12.503626,12.071637],[12.514182,12.062345],[12.548672,12.062939],[12.559416,12.058996],[12.568794,12.067598],[12.592347,12.06678],[12.605413,12.077037],[12.625212,12.072776],[12.645718,12.088124],[12.692878,12.088253],[12.709894,12.107285],[12.731629,12.106517],[12.748648,12.125543],[12.755892,12.125286],[12.765275,12.133875],[12.776734,12.149525],[12.795042,12.154224],[12.793692,12.166763],[12.797446,12.170197],[12.819246,12.1712],[12.828633,12.179783],[12.832653,12.190344],[12.845596,12.197013],[12.875641,12.22447],[12.860074,12.244658],[12.860274,12.250004],[12.878924,12.263597]]}},
{"type":"Feature","properties":{},"geometry":{"type":"LineString","coordinates":[[4.073195,12.432471],[4.067647,12.425261],[4.06758,12.408987],[4.030689,12.383816],[4.030562,12.351269],[4.039715,12.340384],[4.039629,12.318686],[4.006528,12.31881],[3.986266,12.309844],[3.940357,12.328088],[3.927484,12.328132],[3.912802,12.337223],[3.890714,12.331871],[3.872353,12.340972],[3.800613,12.337575],[3.784071,12.34124],[3.7657,12.348525],[3.734493,12.370311],[3.712478,12.392069]]}},
{"type":"Feature","properties":{},"geometry":{"type":"LineString","coordinates":[[5.842184,11.619382],[5.824197,11.616283],[5.80291,11.594767],[5.794293,11.600722],[5.779454,11.593805],[5.766954,11.597116],[5.755042,11.590203],[5.748306,11.577368],[5.733538,11.579326],[5.704795,11.568567],[5.697218,11.561124],[5.690324,11.573002],[5.680804,11.572728],[5.680519,11.549261],[5.675937,11.544617],[5.665063,11.556737],[5.657432,11.558029],[5.651053,11.546001],[5.633441,11.551254],[5.633657,11.541203],[5.607151,11.537776],[5.604558,11.53291],[5.581185,11.533154],[5.570897,11.537624],[5.556102,11.534801],[5.536289,11.553616],[5.479519,11.557721],[5.453944,11.566974],[5.441226,11.57973],[5.441273,11.585151],[5.430324,11.590664],[5.401279,11.623434],[5.381315,11.625813],[5.366575,11.638179],[5.34352,11.635132],[5.339884,11.638776],[5.297305,11.639112],[5.273277,11.662424],[5.24761,11.662626],[5.229362,11.673612],[5.188681,11.676416],[5.179555,11.681908],[5.178165,11.692078],[5.1655,11.687995],[5.145774,11.689034],[5.1316,11.703412],[5.134309,11.712289],[5.099479,11.714354],[5.081113,11.710873],[5.055532,11.72371],[5.029869,11.7257],[5.018929,11.734816],[4.984055,11.731445],[4.958504,11.749697],[4.943957,11.767872],[4.929256,11.764357],[4.909127,11.771723],[4.885463,11.798994],[4.865379,11.813588],[4.823154,11.810246],[4.80123,11.824848],[4.768189,11.823248],[4.760872,11.826909],[4.75726,11.83597],[4.764693,11.850386],[4.762928,11.861243],[4.783185,11.871963],[4.786927,11.882785],[4.809034,11.895298],[4.821979,11.909677],[4.80186,11.920651],[4.790929,11.933375],[4.774419,11.935287],[4.754319,11.949876],[4.737831,11.955401],[4.741596,11.96984],[4.734298,11.977116],[4.708627,11.982697],[4.701316,11.988165],[4.703198,11.995384],[4.697723,12.000841],[4.662879,12.008281],[4.661087,12.015523],[4.653774,12.020989],[4.6299,12.02113],[4.611579,12.028467],[4.572991,12.025072],[4.560197,12.035991],[4.530883,12.048809],[4.508681,12.038703],[4.494007,12.042397],[4.481331,12.056308],[4.400481,12.051302],[4.376703,12.071309],[4.35103,12.080475],[4.31246,12.082467],[4.296004,12.098817],[4.239074,12.104501],[4.196807,12.102879],[4.187652,12.11015],[4.176714,12.130086],[4.129014,12.148366],[4.106984,12.15388],[4.066553,12.154038],[4.053667,12.148664],[4.026108,12.150576],[4.020622,12.157828],[4.018894,12.186767],[4.026281,12.19578],[4.053888,12.204717],[4.059424,12.21012],[4.065062,12.240837],[4.052265,12.258968],[4.033915,12.26808],[4.024785,12.284388],[3.99356,12.293544],[3.982588,12.309857]]}},
{"type":"Feature","properties":{},"geometry":{"type":"LineString","coordinates":[[1.689707,12.137766],[1.687563,12.178573],[1.678418,12.19256],[1.675072,12.21359],[1.653502,12.247924],[1.631393,12.259932],[1.6216,12.272638],[1.603376,12.285301],[1.585833,12.291588],[1.564318,12.312521],[1.526021,12.318057]]}},
{"type":"Feature","properties":{},"geometry":{"type":"LineString","coordinates":[[6.799192,15.015235],[6.832571,15.01287],[6.855005,15.021513],[6.912608,15.024137],[6.93899,15.045333],[6.946381,15.0434],[6.952015,15.04691],[6.987819,15.075151],[6.978739,15.086137],[6.979042,15.10237],[6.99808,15.127293],[7.018572,15.130537],[7.024278,15.137652],[7.026408,15.152047],[7.035863,15.160899],[7.069633,15.178332],[7.11129,15.219067],[7.118754,15.220734]]}},
{"type":"Feature","properties":{},"geometry":{"type":"LineString","coordinates":[[4.954689,12.783611],[4.932564,12.78016],[4.919605,12.771216],[4.866256,12.77883],[4.809155,12.77742],[4.803605,12.773843]]}},
{"type":"Feature","properties":{},"geometry":{"type":"LineString","coordinates":[[9.412534,12.73272],[9.429053,12.734116],[9.44388,12.740946],[9.469507,12.740318],[9.471566,12.749257],[9.482778,12.757971],[9.512204,12.762638],[9.531157,12.787336],[9.545709,12.783379],[9.576965,12.787991],[9.592123,12.807384],[9.603247,12.812496],[9.607247,12.89508],[9.620729,12.919902],[9.621158,12.936068],[9.615901,12.945189],[9.586598,12.945934],[9.57763,12.953352],[9.585288,12.965741],[9.574535,12.975002],[9.581171,13.017976],[9.568489,13.023691],[9.563278,13.03461],[9.565586,13.052527],[9.562159,13.061603],[9.570158,13.086565],[9.587034,13.100514],[9.605409,13.101839],[9.618477,13.11049],[9.627978,13.122827],[9.632128,13.140694],[9.645054,13.143953],[9.650989,13.159975],[9.679509,13.196975],[9.681587,13.205906],[9.698478,13.21984],[9.709575,13.223143],[9.721019,13.239015],[9.744948,13.241975],[9.780475,13.266187],[9.78969,13.267737],[9.805636,13.247544],[9.820248,13.245356],[9.838123,13.228704],[9.854617,13.228261],[9.854919,13.239033],[9.860569,13.24427],[9.865915,13.238736],[9.887906,13.238141],[9.893302,13.234402],[9.889181,13.218344],[9.894526,13.21281],[9.91463,13.210467],[9.920228,13.213908],[9.929236,13.208274],[9.936209,13.19551],[9.952696,13.195061],[9.972642,13.18733]]}},
{"type":"Feature","properties":{},"geometry":{"type":"LineString","coordinates":[[9.778482,12.445047],[9.791789,12.464478],[9.791977,12.47166],[9.808846,12.487404],[9.825529,12.495964],[9.838652,12.508206],[9.838795,12.513593],[9.847885,12.511564],[9.862694,12.518372],[9.873563,12.5145],[9.88775,12.497967],[9.904147,12.495749],[9.907657,12.490269],[9.946119,12.492868],[9.955542,12.503402],[9.957756,12.517714],[9.972856,12.535284],[9.978483,12.540525],[9.995024,12.543686],[10.002527,12.550673],[9.999214,12.563333],[9.9672,12.596504],[9.960572,12.621825],[9.960914,12.634391],[9.974295,12.655594],[9.965547,12.670195],[9.975031,12.682518],[9.968111,12.69707],[9.952098,12.713659],[9.968849,12.723995],[9.956296,12.733308],[9.9601,12.738597],[9.945717,12.747958],[9.953327,12.758534],[9.928068,12.771776],[9.922974,12.786282],[9.958714,12.821262],[10.010527,12.841434],[10.03531,12.876689],[10.046285,12.876392],[10.059393,12.886813],[10.077887,12.893496],[10.096891,12.918119],[10.102787,12.932325],[10.099537,12.94678],[10.111025,12.964423],[10.138931,12.979817],[10.139086,12.9852],[10.126638,12.998113],[10.115813,13.003798],[10.110786,13.0201],[10.098182,13.02763],[10.091169,13.038598],[10.076732,13.046178],[10.076938,13.053356],[10.093925,13.070847],[10.09047,13.078126],[10.091503,13.114015],[10.116029,13.138475],[10.116705,13.161801],[10.13355,13.173902]]}},
{"type":"Feature","properties":{},"geometry":{"type":"LineString","coordinates":[[-0.389502,11.587014],[-0.39747,11.617181],[-0.398251,11.658258],[-0.40883,11.671181],[-0.412097,11.685022],[-0.412887,11.726377],[-0.425472,11.741773],[-0.44512,11.753051]]}},
{"type":"Feature","properties":{},"geometry":{"type":"LineString","coordinates":[[1.37456,11.928957],[1.341461,11.937802],[1.306602,11.933979],[1.290023,11.942918],[1.277172,11.94284],[1.264264,11.951798],[1.244046,11.955289],[1.19797,11.982112],[1.179573,11.987415],[1.162344,12.004799],[1.161979,12.016132],[1.163921,12.026914],[1.186701,12.06447],[1.192288,12.090012],[1.183188,12.115741],[1.15451,12.139923]]}},
{"type":"Feature","properties":{},"geometry":{"type":"LineString","coordinates":[[1.13025,10.741598],[1.119246,10.737916],[1.102715,10.75047],[1.077122,10.750313],[1.064245,10.762886],[1.031246,10.77714],[1.016621,10.777046],[0.99828,10.785967],[0.983655,10.785872],[0.95276,10.758555],[0.934678,10.729515],[0.916437,10.72397],[0.892615,10.732847],[0.850258,10.777744],[0.835635,10.777642],[0.817225,10.795588],[0.797052,10.804482],[0.778772,10.80435],[0.760572,10.793375],[0.73884,10.766107],[0.733383,10.762452],[0.726059,10.764206]]}},
{"type":"Feature","properties":{},"geometry":{"type":"LineString","coordinates":[[1.929,9.061716],[1.907222,9.043567],[1.898131,9.041731],[1.889062,9.032661],[1.885457,9.021799],[1.847278,9.014447],[1.832777,8.998125],[1.821869,8.996283],[1.811007,8.979971]]}},
{"type":"Feature","properties":{},"geometry":{"type":"LineString","coordinates":[[1.54777,8.854258],[1.556889,8.847059],[1.578692,8.85076],[1.589621,8.845376],[1.609593,8.852684],[1.631465,8.838298]]}},
{"type":"Feature","properties":{},"geometry":{"type":"LineString","coordinates":[[3.066115,8.056275],[3.04615,8.052661],[2.980812,8.052663],[2.973552,8.058089],[2.959032,8.056279],[2.939067,8.063512],[2.904582,8.061697],[2.890058,8.076164],[2.880983,8.076162],[2.873724,8.070733],[2.862833,8.074347],[2.846501,8.067106],[2.830161,8.077953],[2.813827,8.074328],[2.806564,8.08156],[2.786594,8.088786],[2.764816,8.083347],[2.755858,8.090578]]}},
{"type":"Feature","properties":{},"geometry":{"type":"LineString","coordinates":[[3.772156,7.405654],[3.741337,7.396663],[3.728667,7.405728],[3.71598,7.40394],[3.677947,7.416661],[3.654392,7.418505],[3.641702,7.414906],[3.614573,7.452931],[3.60008,7.456568],[3.583788,7.471061],[3.565669,7.474703],[3.533079,7.501877]]}},
{"type":"Feature","properties":{},"geometry":{"type":"LineString","coordinates":[[2.450671,7.615817],[2.461556,7.610404],[2.476094,7.581479],[2.48982,7.570495]]}},
{"type":"Feature","properties":{},"geometry":{"type":"LineString","coordinates":[[3.304185,10.168919],[3.313081,10.159795],[3.327685,10.159781],[3.349576,10.145288],[3.384261,10.145249],[3.404325,10.132565],[3.413455,10.134362],[3.424397,10.127113],[3.44813,10.12889],[3.46455,10.123442],[3.473666,10.116194],[3.49005,10.087232],[3.511949,10.085389],[3.564909,10.10339],[3.577679,10.099751],[3.58861,10.08888],[3.614168,10.09245],[3.676214,10.088711],[3.69443,10.072396],[3.687039,10.029005],[3.694307,10.014521],[3.692456,10.001864],[3.703364,9.983756],[3.701513,9.971099],[3.71058,9.94576],[3.708697,9.918634],[3.697726,9.905997],[3.684897,9.877086],[3.64286,9.831952],[3.604514,9.804893],[3.599001,9.78139],[3.604432,9.759677],[3.600743,9.736171],[3.582449,9.700028],[3.556898,9.681985],[3.538614,9.647649],[3.540408,9.629559],[3.564069,9.609625],[3.576793,9.589708],[3.573121,9.573437],[3.556696,9.558993],[3.540259,9.535506],[3.536595,9.522851],[3.536561,9.501146],[3.554726,9.466753],[3.55653,9.455897],[3.530935,9.39625],[3.50721,9.363728],[3.5072,9.356492],[3.468904,9.318562],[3.445163,9.264329],[3.445147,9.251668],[3.457863,9.229947],[3.474233,9.219073],[3.48877,9.199157],[3.490563,9.179258],[3.485055,9.144899],[3.475929,9.125015],[3.423087,9.072626],[3.417605,9.052735],[3.395751,9.036481],[3.381174,9.0166],[3.362965,9.002148],[3.331987,8.949721],[3.331964,8.924397],[3.355592,8.904479],[3.370118,8.879142],[3.366459,8.857439],[3.384631,8.842951],[3.404632,8.839312],[3.426428,8.815773],[3.448242,8.810322],[3.450028,8.783187],[3.470016,8.77231],[3.475457,8.761451],[3.453616,8.743389],[3.45179,8.736156],[3.439048,8.72351],[3.393577,8.703662],[3.384475,8.69101],[3.353554,8.672952],[3.3281,8.667547],[3.313545,8.65128],[3.297187,8.653102],[3.25173,8.631429],[3.242642,8.631434],[3.202642,8.607943],[3.19717,8.569959],[3.189894,8.557301],[3.197154,8.539208],[3.189881,8.530168],[3.193509,8.517504],[3.186235,8.506654],[3.189861,8.490372],[3.184406,8.48133],[3.188036,8.474093],[3.177127,8.45601],[3.168042,8.454205],[3.160772,8.446972],[3.138971,8.445171],[3.122617,8.434323],[3.100817,8.437947],[3.086281,8.427097],[3.075381,8.423482],[3.062665,8.425293],[3.046314,8.416251],[3.022698,8.414444],[3.002715,8.403592],[2.960935,8.398163],[2.957302,8.394545],[2.94822,8.396353],[2.939138,8.387307],[2.920974,8.383686],[2.862848,8.38367],[2.822901,8.351094],[2.813825,8.340237],[2.813837,8.314912],[2.797501,8.296815],[2.793875,8.28596],[2.801147,8.267875],[2.804793,8.240743],[2.795719,8.229885],[2.764861,8.213589],[2.75035,8.191873],[2.748545,8.173782],[2.759446,8.161127],[2.768543,8.126763],[2.768549,8.11591],[2.755858,8.090578],[2.721373,8.086938],[2.692328,8.092343],[2.681435,8.095953],[2.661455,8.112217],[2.619699,8.119415],[2.605163,8.133873],[2.588824,8.135666],[2.5761,8.151933],[2.559758,8.155533],[2.539774,8.168173],[2.492567,8.173543],[2.472581,8.186179],[2.448977,8.187956],[2.434441,8.19698],[2.412657,8.19514],[2.394486,8.205966],[2.369075,8.20231],[2.352729,8.205901],[2.334586,8.198637],[2.325524,8.189578],[2.314674,8.164236],[2.314724,8.135296],[2.320209,8.111791],[2.316606,8.095506],[2.320254,8.084659],[2.305775,8.06112],[2.307611,8.048462],[2.291306,8.032154],[2.27498,8.028508],[2.269546,8.023072],[2.265956,8.006283]]}},
{"type":"Feature","properties":{},"geometry":{"type":"LineString","coordinates":[[2.410197,11.417624],[2.397365,11.417599],[2.361586,11.396975]]}},
{"type":"Feature","properties":{},"geometry":{"type":"LineString","coordinates":[[3.982437,11.908651],[3.962078,11.892448],[3.935941,11.886115],[3.907604,11.869365],[3.882132,11.878019],[3.860065,11.867237],[3.836198,11.867309],[3.819653,11.860124],[3.801294,11.860176],[3.786585,11.852984],[3.768221,11.851226],[3.703905,11.827885],[3.667194,11.829782],[3.641535,11.847924],[3.62136,11.857012],[3.593828,11.860687],[3.573662,11.875196]]}},
{"type":"Feature","properties":{},"geometry":{"type":"LineString","coordinates":[[3.883968,11.878014],[3.88581,11.879816]]}},
{"type":"Feature","properties":{},"geometry":{"type":"LineString","coordinates":[[3.23576,9.237396],[3.239391,9.221114],[3.224812,9.19761],[3.226628,9.190373],[3.25574,9.172266],[3.263023,9.174069],[3.275758,9.165016],[3.303055,9.157759],[3.330358,9.157735],[3.348565,9.163144],[3.359506,9.18303],[3.357695,9.192076],[3.374092,9.20472],[3.412327,9.210105],[3.432367,9.222743],[3.457863,9.229947]]}},
{"type":"Feature","properties":{},"geometry":{"type":"LineString","coordinates":[[3.71137,5.283892],[3.691516,5.282105],[3.666267,5.296605],[3.651831,5.298429],[3.635585,5.294828],[3.617539,5.296655],[3.581431,5.282218]]}},
{"type":"Feature","properties":{},"geometry":{"type":"LineString","coordinates":[[11.462596,13.14584],[11.47763,13.157874],[11.554272,13.155313],[11.582527,13.127513],[11.622658,13.126162],[11.631653,13.122278],[11.669459,13.158582],[11.69525,13.164862],[11.70664,13.176999]]}},
{"type":"Feature","properties":{},"geometry":{"type":"LineString","coordinates":[[11.169749,12.211148],[11.146037,12.210064],[11.138813,12.21207],[11.137158,12.217496]]}},
{"type":"Feature","properties":{},"geometry":{"type":"LineString","coordinates":[[11.034229,12.659637],[10.957691,12.663744],[10.951996,12.656745],[10.935582,12.657238],[10.924805,12.662939],[10.908222,12.658057],[10.888157,12.658657],[10.86566,12.639605],[10.838298,12.640415],[10.804843,12.680853],[10.799149,12.673848],[10.790026,12.674117],[10.769409,12.656791],[10.731089,12.657913],[10.72164,12.647428],[10.721424,12.640261]]}},
{"type":"Feature","properties":{},"geometry":{"type":"LineString","coordinates":[[10.935372,12.413445],[10.920141,12.392381],[10.917666,12.370941],[10.908448,12.367626],[10.903144,12.373159],[10.888568,12.373585],[10.885032,12.377274],[10.879457,12.373851],[10.85454,12.394299],[10.836315,12.394829],[10.823934,12.40774],[10.816643,12.40795],[10.806083,12.420809],[10.796969,12.421073],[10.79134,12.415856],[10.780563,12.421547],[10.758688,12.422178],[10.742867,12.442361],[10.733751,12.442623],[10.728441,12.448156],[10.728708,12.457116],[10.718301,12.47535],[10.720712,12.495008],[10.715455,12.502335],[10.723018,12.511084],[10.731388,12.546711],[10.743032,12.569687],[10.742018,12.596618],[10.753615,12.6178],[10.753778,12.623176],[10.74144,12.637883],[10.717774,12.640367],[10.702906,12.631832],[10.65911,12.6331],[10.634364,12.660722],[10.608809,12.661458],[10.598231,12.674319],[10.561879,12.680744],[10.551191,12.690021],[10.534334,12.676148],[10.51425,12.67672],[10.508667,12.67329],[10.49959,12.675342],[10.492497,12.68272],[10.459628,12.68365],[10.453992,12.678426],[10.441209,12.678786],[10.435887,12.684319],[10.436097,12.691492],[10.418409,12.71173],[10.394664,12.712398]]}},
{"type":"Feature","properties":{},"geometry":{"type":"LineString","coordinates":[[10.837003,13.352309],[10.849692,13.348328],[10.854948,13.340991],[10.853494,13.29621],[10.87039,13.252653],[10.870216,13.247279],[10.849352,13.224616],[10.838151,13.21779],[10.81438,13.218521],[10.805467,13.225968],[10.787238,13.228321],[10.758952,13.202286],[10.716891,13.203565],[10.684561,13.165082],[10.654518,13.140872],[10.64155,13.135879],[10.627087,13.141692],[10.601429,13.140662],[10.587129,13.151852],[10.547783,13.122516],[10.54418,13.124416],[10.498645,13.071922],[10.441948,13.073571],[10.434848,13.080955],[10.409293,13.083488],[10.399877,13.074786],[10.392561,13.074997],[10.374697,13.089869],[10.363559,13.084805],[10.354519,13.088654],[10.343916,13.101521],[10.336436,13.096351],[10.298012,13.097447],[10.292735,13.104777],[10.294884,13.115487],[10.287829,13.124664],[10.290404,13.149723]]}},
{"type":"Feature","properties":{},"geometry":{"type":"LineString","coordinates":[[10.420185,13.201623],[10.397301,13.171778],[10.391326,13.155798],[10.378463,13.154375],[10.359787,13.142349],[10.348807,13.142665],[10.343156,13.137443],[10.332552,13.150312],[10.288574,13.149775],[10.285073,13.15526],[10.287049,13.221625],[10.276439,13.234495],[10.278484,13.241617],[10.273206,13.24895],[10.266095,13.256334],[10.207442,13.256212],[10.191542,13.276414],[10.193534,13.281744],[10.188251,13.289076]]}},
{"type":"Feature","properties":{},"geometry":{"type":"LineString","coordinates":[[10.663679,11.847341],[10.640727,11.873076],[10.637438,11.885721],[10.652754,11.912209],[10.649417,11.923063],[10.653715,11.946263],[10.648406,11.95179],[10.650479,11.960702],[10.625955,11.995455],[10.617916,12.033345],[10.610885,12.042507],[10.613012,12.053212],[10.602694,12.075022],[10.629317,12.113752],[10.63024,12.146015],[10.639914,12.165478],[10.640842,12.19774],[10.646516,12.204756],[10.647292,12.231641],[10.652914,12.236864],[10.654215,12.281671],[10.636769,12.309067],[10.618541,12.309579],[10.598904,12.32448],[10.584268,12.323096],[10.56499,12.350545],[10.561913,12.370365],[10.556598,12.375896],[10.557741,12.415335],[10.552425,12.420866],[10.552998,12.440585],[10.547734,12.447909],[10.545966,12.512548],[10.53184,12.529094],[10.532102,12.538057],[10.51662,12.57079],[10.517197,12.590511],[10.508439,12.603318],[10.509175,12.628418],[10.493217,12.645019],[10.495306,12.653931],[10.50663,12.66617],[10.50684,12.673342]]}},
{"type":"Feature","properties":{},"geometry":{"type":"LineString","coordinates":[[13.984755,14.332232],[14.021247,14.332299],[14.052539,14.337939],[14.093371,14.352015],[14.113389,14.351065],[14.21071,14.364202],[14.241634,14.362717],[14.267458,14.368584],[14.366385,14.378009],[14.395477,14.376591],[14.426747,14.38217],[14.512454,14.383287],[14.578857,14.36402],[14.606108,14.362668],[14.624552,14.367077],[14.679043,14.364358],[14.693386,14.36009],[14.696738,14.354598],[14.686727,14.337347],[14.644829,14.302155],[14.61722,14.296422],[14.56455,14.299025],[14.532846,14.284601],[14.540194,14.267414],[14.5302,14.250145],[14.531651,14.242971],[14.545542,14.229859],[14.565242,14.223565],[14.579764,14.205939],[14.645208,14.204495],[14.692765,14.209243],[14.732411,14.20195],[14.771627,14.221292],[14.798145,14.241259],[14.82955,14.250327],[14.866114,14.253807],[14.902109,14.246666],[15.072829,14.243283],[15.113181,14.250071],[15.185299,14.272926],[15.218301,14.278298],[15.285329,14.274796],[15.326597,14.265546],[15.37125,14.242434]]}},
{"type":"Feature","properties":{},"geometry":{"type":"LineString","coordinates":[[13.772976,13.954026],[13.766854,13.94006],[13.755526,13.931667],[13.753042,13.917538],[13.743285,13.903733],[13.737582,13.898647],[13.732209,13.900666],[13.718901,13.888796],[13.711627,13.88912],[13.69931,13.898567],[13.693772,13.897032],[13.681618,13.910033],[13.674425,13.912132],[13.671199,13.921177],[13.656235,13.912937],[13.626132,13.932072],[13.609511,13.927463],[13.589988,13.939007],[13.569563,13.931],[13.558155,13.920814],[13.545661,13.926705],[13.534579,13.923627]]}},
{"type":"Feature","properties":{},"geometry":{"type":"LineString","coordinates":[[14.703104,13.560929],[14.693703,13.554278],[14.682845,13.554793],[14.665097,13.562733],[14.652077,13.55625],[14.637596,13.556935],[14.630006,13.550193],[14.59777,13.558812],[14.570091,13.549462],[14.563023,13.553345],[14.548451,13.552252],[14.527242,13.563899],[14.518014,13.56078],[14.507408,13.566603],[14.490593,13.594026],[14.477914,13.594618],[14.463768,13.602382],[14.456521,13.602721],[14.452639,13.597573],[14.420027,13.599091],[14.387061,13.630821],[14.38214,13.641708],[14.374804,13.640271],[14.364187,13.646094],[14.352968,13.639508],[14.34693,13.62735],[14.336826,13.643808],[14.333115,13.642203],[14.318972,13.61265],[14.313704,13.616447],[14.307307,13.63451],[14.311446,13.644981],[14.289605,13.644211],[14.282609,13.649865],[14.268104,13.650532],[14.247817,13.644355],[14.240224,13.637595],[14.182362,13.643795],[14.169497,13.640827],[14.148659,13.661331],[14.135622,13.654812],[14.135286,13.647716],[14.12959,13.642641],[14.122335,13.64297],[14.10841,13.656047]]}},
{"type":"Feature","properties":{},"geometry":{"type":"LineString","coordinates":[[13.543729,12.915235],[13.538669,12.924346],[13.526284,12.931974],[13.482784,12.933745],[13.458393,12.915142],[13.449555,12.920843],[13.437931,12.9035],[13.424869,12.89512],[13.417618,12.895413],[13.398674,12.876579],[13.397858,12.857015],[13.37522,12.836542],[13.369782,12.836759],[13.35587,12.851568],[13.330342,12.849021],[13.319611,12.853011],[13.295034,12.873589],[13.297141,12.880633],[13.288368,12.88811],[13.239399,12.890051],[13.233665,12.883148],[13.190132,12.884865],[13.180771,12.878102],[13.173515,12.878387],[13.165751,12.866213],[13.160309,12.866426],[13.144777,12.886644],[13.137521,12.886928],[13.131788,12.880021],[13.119087,12.880518],[13.10015,12.861643],[13.094132,12.847613],[13.066916,12.848669],[13.046028,12.826296],[13.033683,12.835688],[13.010093,12.836597],[13.000664,12.828043],[12.991732,12.831953],[12.982232,12.821616],[12.971485,12.825595],[12.950532,12.801425],[12.939573,12.800059],[12.932032,12.793211],[12.93175,12.786086],[12.907316,12.765608],[12.898452,12.771295],[12.885188,12.757525],[12.874299,12.757936],[12.86676,12.751084],[12.850426,12.751699],[12.841143,12.746695],[12.823478,12.759849],[12.812015,12.756259]]}},
{"type":"Feature","properties":{},"geometry":{"type":"LineString","coordinates":[[7.137461,5.180531],[7.106912,5.187949],[7.096206,5.202455],[7.0729,5.217043],[7.074828,5.236881],[7.065969,5.258595],[7.067898,5.278433],[7.055414,5.296561],[7.057261,5.303767]]}},
{"type":"Feature","properties":{},"geometry":{"type":"LineString","coordinates":[[6.383151,6.136538],[6.345035,6.100657],[6.32511,6.088138],[6.308861,6.086432],[6.290752,6.075706],[6.257972,6.025331],[6.25256,6.025363],[6.218132,6.00028],[6.214438,5.985851],[6.205365,5.976873],[6.188951,5.946261],[6.145459,5.912189],[6.127257,5.883389],[6.128649,5.809317],[6.117758,5.796732],[6.114081,5.784107],[6.068776,5.74461],[6.066885,5.728362],[6.02528,5.705097],[6.014468,5.706961],[6.001796,5.697994],[5.985565,5.698078],[5.967436,5.680105],[5.960139,5.663882],[5.974945,5.627913],[5.974862,5.611653],[5.994597,5.59168],[5.998158,5.582628],[5.992656,5.564589],[6.001599,5.55009],[5.999722,5.535646],[6.003265,5.522982],[6.033778,5.495728],[6.053582,5.490207],[6.066109,5.472077],[6.064196,5.450408],[6.073108,5.430491],[6.067636,5.417873],[6.069284,5.387153],[6.074656,5.3799],[6.070888,5.347401],[6.077436,5.327254],[6.088214,5.319974],[6.109823,5.316252],[6.12607,5.321589],[6.149489,5.319664],[6.162122,5.323212],[6.17287,5.310512],[6.194421,5.29595],[6.196186,5.288715],[6.221264,5.259685],[6.293146,5.223186],[6.300276,5.208699],[6.314622,5.19598],[6.316349,5.181522],[6.337824,5.154318],[6.335769,5.105564],[6.341098,5.091087],[6.337412,5.074852],[6.311903,5.017186],[6.291956,4.990194],[6.291692,4.976286]]}},
{"type":"Feature","properties":{},"geometry":{"type":"LineString","coordinates":[[5.216603,5.598511],[5.23818,5.578543],[5.239902,5.556844],[5.268686,5.535041],[5.270456,5.525996],[5.281246,5.516916],[5.283009,5.506063],[5.292001,5.498798],[5.310019,5.493306],[5.351559,5.505796],[5.376792,5.500274],[5.392976,5.487556],[5.398395,5.489342],[5.409166,5.476646],[5.428993,5.47295],[5.468681,5.474596],[5.492106,5.469077],[5.537196,5.468887],[5.549851,5.476063],[5.580488,5.47051],[5.620204,5.479374],[5.668817,5.461087],[5.697661,5.459151],[5.7428,5.471596],[5.750038,5.476985],[5.768079,5.478708],[5.811458,5.500189],[5.82949,5.500104],[5.853,5.514447],[5.903498,5.51601],[5.934071,5.499599],[5.961188,5.513918],[5.984628,5.513801],[6.003282,5.526353]]}},
{"type":"Feature","properties":{},"geometry":{"type":"LineString","coordinates":[[5.218029,5.180908],[5.210773,5.168279],[5.210667,5.137547],[5.201614,5.126731],[5.201583,5.117692],[5.17447,5.089273],[5.16044,5.080987],[5.131165,5.087196],[5.096902,5.0855]]}},
{"type":"Feature","properties":{},"geometry":{"type":"LineString","coordinates":[[5.157776,5.483028],[5.148665,5.457751],[5.114262,5.421715],[5.110592,5.403649],[5.094307,5.389242],[5.086999,5.362148],[5.074329,5.349535],[5.058005,5.322471],[5.061498,5.288108],[5.056046,5.27547],[5.055968,5.251966],[5.061361,5.246525],[5.052327,5.221243],[5.052286,5.208587],[5.064796,5.194082],[5.059351,5.183252],[5.062864,5.154313],[5.055616,5.143489],[5.064598,5.132612],[5.064563,5.121764],[5.073503,5.098232],[5.096902,5.0855],[5.089562,5.045749],[5.064178,5.000631],[5.064156,4.993399],[4.984583,4.910473],[4.980914,4.888787],[4.961007,4.861724],[4.957339,4.840038],[4.928842,4.811671]]}},
{"type":"Feature","properties":{},"geometry":{"type":"LineString","coordinates":[[4.800656,6.095387],[4.802427,6.084532],[4.793269,6.04659],[4.802253,6.032094],[4.79318,6.019467],[4.789515,6.003205],[4.79308,5.988728],[4.802069,5.976041],[4.801933,5.934453],[4.787375,5.900144],[4.789094,5.873015],[4.794488,5.865765],[4.812528,5.860282],[4.821527,5.851212],[4.82689,5.834921],[4.834113,5.834897],[4.846722,5.825815],[4.850268,5.805913],[4.844793,5.78785]]}},
{"type":"Feature","properties":{},"geometry":{"type":"LineString","coordinates":[[5.221716,6.14624],[5.208969,6.120984],[5.208932,6.111946],[5.196245,6.101151],[5.190784,6.090326],[5.188926,6.07768],[5.163556,6.056088],[5.158081,6.041647],[5.103696,5.987624],[5.07477,5.978695],[5.06025,5.958862],[5.054833,5.958882],[5.045764,5.948069],[5.027668,5.937287],[5.023997,5.921029],[5.014929,5.910214],[4.995023,5.89763],[4.991334,5.875947],[4.967761,5.847102],[4.951475,5.83631],[4.926174,5.829165],[4.906253,5.811152],[4.888175,5.80398],[4.868262,5.787773],[4.852003,5.78421],[4.844793,5.78785],[4.839359,5.782443],[4.828457,5.76078],[4.830164,5.730035],[4.804795,5.699376],[4.799295,5.67227],[4.777607,5.663296],[4.739555,5.614587],[4.725089,5.605589],[4.694436,5.616529],[4.681801,5.616565],[4.643815,5.587739],[4.634785,5.585956],[4.616676,5.564305],[4.600408,5.555307],[4.598545,5.533612],[4.582277,5.524613],[4.562372,5.504773],[4.560478,5.470417],[4.57304,5.443258],[4.55672,5.412556],[4.558501,5.40351],[4.551228,5.381826],[4.551173,5.360125],[4.560167,5.349251],[4.556522,5.334793],[4.561889,5.316695],[4.551014,5.296829],[4.547391,5.27996],[4.513923,5.278234],[4.495899,5.285511],[4.494116,5.294559],[4.479709,5.305444],[4.476121,5.314496],[4.447274,5.323606],[4.423872,5.347173],[4.40224,5.356265],[4.398643,5.361699],[4.404089,5.376155],[4.396901,5.388832],[4.387894,5.396087],[4.37707,5.39792],[4.366267,5.408796],[4.368113,5.426878],[4.355504,5.437758],[4.350148,5.477529],[4.336704,5.478192],[4.325911,5.494494],[4.302463,5.501781],[4.289867,5.519894],[4.261002,5.527191],[4.241195,5.550746],[4.221345,5.554404],[4.215945,5.56165],[4.212382,5.585171],[4.197962,5.596053],[4.187138,5.599692],[4.167257,5.58888],[4.134748,5.581708],[4.111278,5.581753],[4.102262,5.587197],[4.082403,5.587234],[4.067944,5.578216],[4.053507,5.58186],[4.022778,5.560208],[4.015529,5.543941],[4.017315,5.533085],[3.977505,5.475269],[3.982885,5.453554],[3.973811,5.422818],[3.975593,5.408344],[3.961111,5.381234],[3.961082,5.363145],[3.946614,5.34327],[3.95014,5.288999],[3.933858,5.26189],[3.937435,5.240178],[3.928399,5.231147],[3.931971,5.205817],[3.917523,5.196794],[3.917502,5.182323],[3.89579,5.13894],[3.893966,5.124471],[3.868659,5.088327],[3.866834,5.072049],[3.846961,5.050368],[3.837905,5.021437],[3.81804,5.003372],[3.792739,4.963606],[3.778294,4.95096],[3.778284,4.941916],[3.769253,4.931072],[3.76923,4.911173],[3.763801,4.894898],[3.772791,4.871371],[3.799812,4.844205],[3.819636,4.833328],[3.836318,4.832263],[3.862886,4.809758],[3.880928,4.81697],[3.897136,4.800669],[3.911565,4.802459],[3.918768,4.795213],[3.925981,4.795204],[3.934987,4.787955],[3.949412,4.787936],[3.97824,4.771615],[3.966141,4.744619],[3.962508,4.724727],[3.966042,4.672264],[3.955239,4.6397],[3.961665,4.596205],[3.956879,4.561933],[3.980861,4.471781]]}},
{"type":"Feature","properties":{},"geometry":{"type":"LineString","coordinates":[[6.513784,11.218087],[6.499252,11.223841],[6.493236,11.214119],[6.481449,11.209236],[6.464163,11.214274],[6.459712,11.207544],[6.467248,11.19409],[6.444878,11.194892],[6.441521,11.20054],[6.434842,11.198536],[6.427325,11.192471],[6.427055,11.173407],[6.408666,11.169908],[6.397105,11.184197],[6.388962,11.18334],[6.389927,11.191427],[6.380949,11.191574],[6.377729,11.198396],[6.353524,11.195367],[6.344438,11.215984],[6.327613,11.201311],[6.322174,11.202503],[6.309494,11.221735],[6.297293,11.223338],[6.289652,11.229895],[6.285287,11.240124],[6.267895,11.230836],[6.260476,11.231279],[6.25469,11.244554],[6.24153,11.243996],[6.236897,11.251873],[6.232723,11.265944],[6.237271,11.270917],[6.227783,11.275047],[6.220944,11.268108],[6.211123,11.271111],[6.20145,11.285512],[6.205361,11.290899],[6.200091,11.291084],[6.18998,11.281753],[6.173192,11.296759],[6.162867,11.291711],[6.144289,11.298989],[6.130499,11.298864],[6.126785,11.31465],[6.144359,11.324305],[6.137393,11.328791],[6.131105,11.345078],[6.111622,11.340195],[6.091599,11.342295],[6.087,11.346629],[6.066182,11.342367],[6.038417,11.348952],[6.048529,11.360808],[6.061046,11.363427],[6.047418,11.372732],[6.041477,11.386539],[6.036103,11.38578],[6.03263,11.375913],[6.027155,11.37396],[6.000466,11.387317],[5.990445,11.386299],[5.979667,11.391805],[5.970393,11.407427],[5.95968,11.413777],[5.950489,11.41126],[5.920713,11.41838],[5.912348,11.425795],[5.910565,11.419635],[5.89681,11.410063],[5.887514,11.415133],[5.892333,11.424409],[5.888801,11.444741],[5.868194,11.450872],[5.879339,11.459565],[5.866583,11.484441],[5.849169,11.477484],[5.854896,11.4926],[5.844736,11.50553],[5.84573,11.515398],[5.829721,11.518474],[5.829113,11.509247],[5.819037,11.513554],[5.809413,11.53571],[5.803742,11.540043],[5.79378,11.535115],[5.789876,11.537121],[5.779648,11.550435],[5.774658,11.550845],[5.769821,11.566506],[5.762669,11.570036],[5.759363,11.560292],[5.750696,11.565288],[5.743632,11.56404],[5.745817,11.576305]]}},
{"type":"Feature","properties":{},"geometry":{"type":"LineString","coordinates":[[6.990966,9.871704],[6.953444,9.857955],[6.935211,9.863902],[6.906559,9.857439],[6.893291,9.858733],[6.840243,9.829464],[6.831425,9.817627],[6.815554,9.816407],[6.791678,9.789186],[6.77572,9.783796],[6.762887,9.787065],[6.743727,9.77467],[6.731402,9.778255],[6.688138,9.757091],[6.675897,9.74214],[6.574576,9.732312],[6.526921,9.710039],[6.474261,9.652982],[6.468719,9.633943],[6.454226,9.612549],[6.452772,9.598616],[6.438965,9.581614],[6.435141,9.563871],[6.403244,9.520301],[6.394532,9.496743],[6.383934,9.49008],[6.356124,9.44843],[6.318481,9.377552],[6.285246,9.339569],[6.26829,9.33177],[6.233699,9.332109],[6.204413,9.320903],[6.179694,9.325893],[6.138262,9.325777],[6.124104,9.317305],[6.080583,9.313011],[6.068398,9.319627],[6.017566,9.314636],[5.997256,9.322412],[5.959817,9.31326],[5.925292,9.2853],[5.892244,9.26865],[5.890352,9.259632],[5.895689,9.245136],[5.91195,9.232358],[5.908209,9.219743],[5.913575,9.208859],[5.906214,9.198079],[5.906052,9.178208],[5.91325,9.169117],[5.904072,9.158352],[5.90762,9.147484],[5.891114,9.129549],[5.890997,9.115097],[5.876297,9.095341],[5.872518,9.077304],[5.856045,9.06298],[5.846944,9.061244],[5.837771,9.050475],[5.810397,9.036232],[5.76828,8.994996],[5.757376,8.995078],[5.748235,8.987919],[5.737331,8.988],[5.730022,8.982634],[5.717301,8.982727],[5.711809,8.977347],[5.699101,8.979247],[5.691792,8.97388],[5.660885,8.972297],[5.653642,8.975963],[5.639077,8.972453],[5.629925,8.963484],[5.615399,8.965394],[5.606274,8.960037],[5.582674,8.963817],[5.553545,8.956791],[5.546238,8.95142],[5.528076,8.953351],[5.498936,8.944513],[5.469857,8.944709],[5.448445,8.926675],[5.446579,8.919458],[5.442439,8.921395],[5.435133,8.916021],[5.407683,8.887283],[5.384012,8.880206],[5.349358,8.860545],[5.303635,8.813836],[5.281786,8.806739],[5.259883,8.790604],[5.25626,8.792433],[5.231999,8.78155]]}},
{"type":"Feature","properties":{},"geometry":{"type":"LineString","coordinates":[[5.589016,6.422903],[5.569189,6.432039],[5.544013,6.45566],[5.538655,6.468338],[5.517063,6.486519],[5.498985,6.484801],[5.471828,6.47409],[5.45196,6.475994],[5.439276,6.468825],[5.423031,6.472517],[5.410347,6.465348],[5.352548,6.471042],[5.336367,6.489192],[5.329139,6.489225],[5.321984,6.505527],[5.275126,6.534662],[5.237218,6.545678],[5.229972,6.542095],[5.199268,6.547653],[5.188415,6.545893],[5.175801,6.554986],[5.155925,6.55688],[5.103716,6.607722],[5.06764,6.62776],[5.042336,6.629673],[5.033318,6.635133],[5.017031,6.631584],[5.008012,6.637044],[4.989931,6.637117],[4.977303,6.6444],[4.959214,6.642663],[4.921284,6.653661],[4.883311,6.653807],[4.85622,6.66295],[4.836409,6.684721],[4.834628,6.69196],[4.807573,6.71195],[4.776873,6.72472],[4.762397,6.722964],[4.724517,6.752031],[4.690181,6.761192],[4.681161,6.768456],[4.670301,6.766685],[4.664899,6.773937],[4.65044,6.777603],[4.628775,6.790335],[4.608935,6.808484],[4.599896,6.810322],[4.581863,6.828465],[4.561968,6.830338],[4.551153,6.843032]]}},
{"type":"Feature","properties":{},"geometry":{"type":"LineString","coordinates":[[5.150815,7.780753],[5.139903,7.773577],[5.125394,7.771842],[5.110831,7.75926],[5.098145,7.759323],[5.080125,7.749897],[5.043068,7.739333],[5.023746,7.741605],[4.991028,7.721872],[4.969246,7.714742],[4.958506,7.700097],[4.93285,7.682364],[4.923683,7.658902]]}},
{"type":"Feature","properties":{},"geometry":{"type":"LineString","coordinates":[[5.573268,7.475613],[5.559306,7.475867],[5.531438,7.461602],[5.478086,7.471015],[5.469721,7.48275],[5.448758,7.4784],[5.435291,7.488021],[5.39922,7.485343],[5.362698,7.512469],[5.33647,7.516037],[5.323133,7.53014],[5.319639,7.540107],[5.302541,7.542384],[5.296975,7.562515],[5.298896,7.573354],[5.263027,7.580228],[5.25176,7.589865],[5.231277,7.590674],[5.221565,7.60471],[5.200705,7.614192]]}},
{"type":"Feature","properties":{},"geometry":{"type":"LineString","coordinates":[[5.811255,7.843227],[5.790005,7.844265],[5.755596,7.86513],[5.740682,7.864233],[5.709006,7.893395]]}},
{"type":"Feature","properties":{},"geometry":{"type":"LineString","coordinates":[[6.277403,8.644925],[6.273782,8.665303],[6.244759,8.674979],[6.238669,8.681865],[6.220861,8.678657],[6.199175,8.690581],[6.186755,8.690013],[6.177103,8.697186],[6.143384,8.692789],[6.099452,8.709694],[6.055717,8.713779],[6.042473,8.702754],[6.004337,8.711498],[5.997289,8.702684],[5.98028,8.696726],[5.974634,8.689021]]}},
{"type":"Feature","properties":{},"geometry":{"type":"LineString","coordinates":[[6.567868,9.041752],[6.54357,9.086918],[6.534396,9.091505],[6.523795,9.113127],[6.506482,9.116714],[6.50241,9.127124],[6.497391,9.125817],[6.490553,9.13674],[6.475921,9.133725]]}},
{"type":"Feature","properties":{},"geometry":{"type":"LineString","coordinates":[[5.80551,8.539131],[5.799537,8.529079],[5.782777,8.515804],[5.752648,8.495307],[5.732925,8.487876],[5.723793,8.459964],[5.723722,8.441151],[5.708262,8.431561],[5.705122,8.412952],[5.697915,8.401377],[5.665061,8.404048],[5.658436,8.3921],[5.631506,8.394055],[5.617186,8.388797],[5.604178,8.391637],[5.594198,8.383075],[5.569672,8.376811],[5.54716,8.359119],[5.534488,8.356753],[5.473821,8.382533],[5.441594,8.380669],[5.410945,8.388085],[5.388096,8.405024],[5.37683,8.428225],[5.364264,8.431192],[5.349335,8.443725],[5.332813,8.441758],[5.314424,8.454086],[5.281474,8.452473],[5.251503,8.461238],[5.231771,8.457426],[5.208613,8.47119],[5.194503,8.470858],[5.151202,8.482047],[5.114011,8.507728]]}},
{"type":"Feature","properties":{},"geometry":{"type":"LineString","coordinates":[[4.546369,8.177268],[4.532321,8.183074],[4.521418,8.179499],[4.499055,8.209208]]}},
{"type":"Feature","properties":{},"geometry":{"type":"LineString","coordinates":[[9.354782,9.701892],[9.326063,9.716811],[9.308248,9.733327],[9.301236,9.746046],[9.288402,9.834407],[9.290488,9.848756],[9.28351,9.863274],[9.247625,9.883727],[9.233188,9.887593],[9.218885,9.898651],[9.195345,9.900886],[9.179159,9.908381],[9.147087,9.939552],[9.144541,9.997165],[9.134096,10.020744],[9.132622,10.038761],[9.138337,10.053046],[9.16439,10.086739],[9.184695,10.104344],[9.199939,10.14183],[9.233268,10.175371],[9.260841,10.192828],[9.264895,10.214333],[9.285427,10.242711],[9.289377,10.258821],[9.32999,10.292196],[9.337865,10.322612],[9.371048,10.347131],[9.394756,10.352054],[9.431576,10.376489],[9.446172,10.379791],[9.457286,10.390354],[9.471845,10.391857]]}},
{"type":"Feature","properties":{},"geometry":{"type":"LineString","coordinates":[[4.118876,5.777085],[4.136936,5.77705],[4.14776,5.771602],[4.153185,5.775208]]}},
{"type":"Feature","properties":{},"geometry":{"type":"LineString","coordinates":[[14.752043,11.937754],[14.748061,11.929054],[14.719293,11.930271],[14.707965,11.918332],[14.69335,11.913626],[14.674414,11.933937],[14.66199,11.932437],[14.644221,11.957054],[14.62685,11.959002],[14.617089,11.941668],[14.592635,11.917847],[14.571125,11.920518],[14.584311,11.919969]]}},
{"type":"Feature","properties":{},"geometry":{"type":"LineString","coordinates":[[7.385124,5.824409],[7.361653,5.817376],[7.340025,5.815739],[7.320254,5.821303],[7.30759,5.814184],[7.287776,5.814335],[7.278524,5.781931],[7.251263,5.749661],[7.240295,5.728092],[7.205848,5.697673],[7.187771,5.688784],[7.169617,5.669067],[7.162206,5.64025],[7.14049,5.62597],[7.113448,5.622552],[7.098926,5.606414],[7.082678,5.601114],[7.068169,5.586778],[7.040745,5.527414],[7.031508,5.493187],[7.01159,5.477079],[7.009717,5.466263],[6.995249,5.457336],[6.987926,5.439337],[6.975214,5.423178],[6.962596,5.421456],[6.953533,5.412491],[6.93011,5.410839],[6.906606,5.396551],[6.884995,5.39669],[6.872331,5.387745],[6.854151,5.360785],[6.836119,5.357288],[6.825257,5.34833],[6.817919,5.326715],[6.805235,5.314157],[6.785381,5.307058],[6.767295,5.294532],[6.749287,5.294641],[6.738437,5.287486],[6.720438,5.2894],[6.69694,5.275097],[6.660898,5.2717],[6.640971,5.251956],[6.615663,5.235854],[6.608459,5.235895],[6.58135,5.2198],[6.554324,5.218148],[6.53438,5.194787],[6.51816,5.193071],[6.487402,5.167961],[6.463968,5.164478],[6.43698,5.170042],[6.40448,5.15577],[6.391795,5.14139],[6.377357,5.136048],[6.371896,5.125241],[6.341135,5.098311]]}},
{"type":"Feature","properties":{},"geometry":{"type":"LineString","coordinates":[[7.483913,5.654089],[7.47113,5.63074],[7.453045,5.620057],[7.445761,5.60929],[7.436746,5.607554],[7.433064,5.59676],[7.452703,5.574966],[7.452608,5.562341],[7.470377,5.531544],[7.468159,5.475646],[7.480423,5.430463],[7.517947,5.394112],[7.52861,5.375997],[7.536099,5.372334]]}},
{"type":"Feature","properties":{},"geometry":{"type":"LineString","coordinates":[[7.839663,6.431809],[7.848604,6.424513],[7.897151,6.413235],[7.927798,6.414743],[7.949313,6.40372],[7.990731,6.401516],[8.031934,6.377685],[8.044542,6.377561],[8.066033,6.364735],[8.092978,6.357261],[8.112647,6.34265],[8.139553,6.331572],[8.152176,6.333249],[8.177315,6.32579],[8.211328,6.305631],[8.241845,6.296316],[8.256158,6.287164],[8.292089,6.279594],[8.340712,6.2809],[8.367638,6.273419],[8.414453,6.274737],[8.421708,6.280065]]}},
{"type":"Feature","properties":{},"geometry":{"type":"LineString","coordinates":[[3.352069,9.271016],[3.368603,9.275988],[3.391613,9.320735],[3.412541,9.332876],[3.412481,9.342145]]}},
{"type":"Feature","properties":{},"geometry":{"type":"LineString","coordinates":[[3.208923,9.457637],[3.235905,9.452763],[3.250474,9.445518],[3.288726,9.441871],[3.306951,9.450899],[3.328815,9.454497],[3.390751,9.452624],[3.441775,9.465225],[3.456344,9.461589],[3.47821,9.465178],[3.521926,9.461498],[3.551051,9.446983]]}},
{"type":"Feature","properties":{},"geometry":{"type":"LineString","coordinates":[[9.738718,9.801502],[9.769502,9.800887],[9.780257,9.79528],[9.820129,9.796275],[9.830845,9.788873],[9.920765,9.758304],[9.940712,9.759692],[9.964016,9.748438],[9.973102,9.750047],[9.994518,9.735238],[10.00907,9.73853],[10.032405,9.729069],[10.046881,9.728769],[10.082611,9.706479],[10.097045,9.704383],[10.127455,9.687589],[10.152951,9.685046]]}},
{"type":"Feature","properties":{},"geometry":{"type":"LineString","coordinates":[[4.096098,6.129838],[4.106956,6.137051],[4.141283,6.133361],[4.159311,6.113427],[4.162878,6.091714],[4.155608,6.071834],[4.155569,6.053747],[4.159148,6.037461],[4.151875,6.015772],[4.162666,5.992236],[4.15901,5.972347],[4.164407,5.961484],[4.167936,5.921685],[4.176926,5.90177],[4.176877,5.878256],[4.164199,5.862005],[4.160539,5.838499],[4.162282,5.807747],[4.153196,5.780634],[4.160379,5.760724],[4.149504,5.740849],[4.073545,5.679498],[4.069894,5.6578],[4.077073,5.634272],[4.07163,5.619812],[4.073415,5.608956],[4.057137,5.592706],[4.055312,5.581857]]}},
{"type":"Feature","properties":{},"geometry":{"type":"LineString","coordinates":[[3.581431,5.282218],[3.543539,5.289488],[3.525506,5.305785],[3.509266,5.309417],[3.480381,5.298586],[3.460533,5.305837],[3.438876,5.305853],[3.406373,5.280548],[3.375702,5.296849],[3.346825,5.295057],[3.337796,5.286016],[3.316052,5.281129]]}},
{"type":"Feature","properties":{},"geometry":{"type":"LineString","coordinates":[[3.966912,5.861255],[3.934369,5.843221],[3.925272,5.803442],[3.918036,5.796217],[3.905388,5.79262],[3.889104,5.774557],[3.861994,5.761937],[3.845713,5.743872],[3.77353,5.78558],[3.757296,5.801882],[3.730203,5.801918],[3.721181,5.809165],[3.708535,5.807372],[3.701317,5.812808],[3.674223,5.812841],[3.666994,5.809232],[3.647129,5.812873],[3.605571,5.800256],[3.565856,5.823814],[3.540573,5.829266],[3.506243,5.820253],[3.489972,5.803986],[3.480941,5.803994],[3.464677,5.794962]]}},
{"type":"Feature","properties":{},"geometry":{"type":"LineString","coordinates":[[3.868105,6.01698],[3.850028,6.011582],[3.839167,5.998937],[3.793968,5.979106],[3.784921,5.970075],[3.774081,5.97009],[3.763228,5.961061],[3.745158,5.959276],[3.728905,5.964725],[3.707217,5.959326],[3.694584,5.970196],[3.662062,5.970236],[3.647614,5.97568],[3.636806,6.004636],[3.598903,6.042668],[3.598913,6.051713],[3.591698,6.064384],[3.571824,6.068023],[3.532097,6.098816],[3.517641,6.100639],[3.492351,6.113326],[3.468854,6.111538],[3.447169,6.115175],[3.427298,6.127854],[3.412839,6.127865],[3.400194,6.13692],[3.382118,6.133315],[3.360437,6.145994],[3.335129,6.140583],[3.318513,6.142695]]}},
{"type":"Feature","properties":{},"geometry":{"type":"LineString","coordinates":[[5.200705,7.614192],[5.186165,7.605227],[5.175304,7.60709],[5.159894,7.593102],[5.150684,7.591587],[5.121659,7.602196],[5.08733,7.601078],[5.053949,7.614913],[5.01495,7.608817],[5.003224,7.616958],[4.995976,7.616992],[4.981539,7.629713],[4.950776,7.638893],[4.923683,7.658902],[4.900964,7.64986],[4.878377,7.659102],[4.868104,7.654239],[4.840312,7.657458],[4.823955,7.646679],[4.807636,7.64494],[4.783964,7.617917],[4.776723,7.619755],[4.762174,7.607157],[4.693304,7.605623],[4.68059,7.59844],[4.667904,7.598489],[4.646199,7.609421],[4.619015,7.609524],[4.590051,7.618672],[4.564638,7.607915],[4.539317,7.622472],[4.517574,7.624357],[4.4995,7.638887],[4.475943,7.640777],[4.441577,7.662594],[4.42707,7.660833],[4.412586,7.666306],[4.389138,7.702552],[4.372857,7.713455],[4.325743,7.720838],[4.311266,7.729925],[4.295004,7.748059],[4.275032,7.739077],[4.258751,7.751785],[4.249728,7.76628],[4.231616,7.773567],[4.220778,7.788066],[4.199064,7.804406]]}},
{"type":"Feature","properties":{},"geometry":{"type":"LineString","coordinates":[[5.576771,10.326361],[5.569209,10.293896],[5.578199,10.277561],[5.578097,10.264914],[5.590735,10.24855],[5.597708,10.208741],[5.653877,10.163117],[5.678988,10.112321],[5.695322,10.103153],[5.696965,10.081458],[5.70599,10.070543],[5.707527,10.036201],[5.723722,10.010773],[5.723556,9.990899],[5.728811,9.980016]]}},
{"type":"Feature","properties":{},"geometry":{"type":"LineString","coordinates":[[1.505602,11.718365],[1.38994,11.714121],[1.362339,11.728428],[1.340358,11.722878],[1.309129,11.729926],[1.254187,11.715134],[1.223005,11.714942],[1.201064,11.703959],[1.188225,11.703877],[1.162642,11.689253],[1.140646,11.687304],[1.127893,11.674567],[1.128014,11.656491],[1.117085,11.645575],[1.102403,11.647285],[1.075059,11.623605],[1.040286,11.614333],[0.987066,11.621197],[0.981631,11.612122],[0.967004,11.606596],[0.952285,11.613722],[0.932212,11.600926],[0.926806,11.588236],[0.910348,11.582695],[0.90307,11.575413],[0.888677,11.53916],[0.835556,11.535153],[0.819034,11.538645],[0.804457,11.527691],[0.782509,11.522102],[0.767835,11.523797],[0.744229,11.496507],[0.74984,11.482092],[0.724407,11.454785],[0.730018,11.440372],[0.730248,11.411457],[0.741324,11.400699],[0.74327,11.386255],[0.748822,11.379069],[0.728775,11.366264],[0.723424,11.34815],[0.712523,11.337222],[0.712652,11.320958],[0.705414,11.310059],[0.703842,11.277516]]}},
{"type":"Feature","properties":{},"geometry":{"type":"LineString","coordinates":[[1.736435,8.481277],[1.683795,8.470253],[1.669301,8.459353],[1.669401,8.430419],[1.680334,8.419605],[1.671334,8.396065],[1.638778,8.357978],[1.609763,8.347026],[1.584434,8.321619],[1.580848,8.308949],[1.586321,8.301734],[1.586405,8.278226],[1.571934,8.263707],[1.573788,8.252864],[1.570183,8.245617],[1.539417,8.22019],[1.526838,8.185785],[1.528805,8.1442],[1.516162,8.12788],[1.518016,8.117037],[1.503533,8.107942],[1.472801,8.077086],[1.469349,8.068157]]}},
{"type":"Feature","properties":{},"geometry":{"type":"LineString","coordinates":[[1.146974,8.635533],[1.139796,8.617418],[1.125317,8.606501],[1.112708,8.584743],[1.09824,8.572018],[1.074909,8.515857],[1.067663,8.512205],[1.049494,8.513922],[1.031399,8.501176],[1.018687,8.501111],[0.998787,8.486547],[0.977017,8.482819],[0.967976,8.475541],[0.938924,8.475389],[0.917117,8.478889],[0.909824,8.484272],[0.884405,8.484136],[0.871765,8.471413],[0.859066,8.469536],[0.848222,8.460438],[0.804916,8.413199],[0.798874,8.396833]]}},
{"type":"Feature","properties":{},"geometry":{"type":"LineString","coordinates":[[5.400257,12.779933],[5.387371,12.780049],[5.342955,12.75515],[5.31342,12.746375],[5.305992,12.739211],[5.302147,12.721174],[5.294687,12.710396],[5.287325,12.71046],[5.274329,12.697922],[5.241042,12.680134],[5.213124,12.644224],[5.156078,12.644691],[5.150527,12.641122],[5.10268,12.641504],[5.07531,12.670636],[5.033121,12.689035],[5.00551,12.689245],[4.994423,12.683907],[4.909897,12.704411],[4.898838,12.702682],[4.862243,12.733669],[4.843883,12.741029],[4.803605,12.773843],[4.785227,12.77939],[4.687679,12.789071],[4.672873,12.778319],[4.670818,12.745793],[4.663381,12.734994],[4.593338,12.724578],[4.563909,12.730177],[4.516202,12.759379],[4.466475,12.759661],[4.413244,12.792493],[4.385613,12.792639],[4.361608,12.781917],[4.330496,12.776661]]}},
{"type":"Feature","properties":{},"geometry":{"type":"LineString","coordinates":[[7.035916,11.419988],[7.051774,11.442196],[7.049468,11.463078],[7.053717,11.464545],[7.059508,11.480128],[7.042835,11.496838],[7.039665,11.513206],[7.041809,11.526043],[7.046286,11.529032],[7.031421,11.549734],[7.031233,11.569062],[7.021074,11.579986],[7.009793,11.562952],[6.99747,11.57777],[6.986267,11.580671],[6.985495,11.588107],[6.97767,11.589232],[6.970695,11.584751],[6.966812,11.587449],[6.97375,11.596508],[6.968731,11.617329],[6.963232,11.62249],[6.956485,11.619633],[6.951609,11.625091],[6.957889,11.64957],[6.945196,11.656865],[6.933177,11.677948],[6.919096,11.683265],[6.897102,11.681843],[6.878536,11.698545],[6.875151,11.718442],[6.867928,11.725759],[6.847811,11.727835],[6.840662,11.740564],[6.827968,11.74976],[6.796936,11.757394],[6.789833,11.773732],[6.775304,11.78295],[6.766146,11.783072],[6.758942,11.792192],[6.743498,11.793205],[6.733511,11.800762],[6.727449,11.814266],[6.728218,11.823281],[6.699173,11.843517],[6.699344,11.85615],[6.692234,11.872489],[6.68681,11.877975],[6.6555,11.87815],[6.643074,11.88721],[6.632195,11.90576],[6.606799,11.925944],[6.605253,11.947626],[6.567975,11.969871],[6.565494,11.991461],[6.547514,12.018769],[6.543823,12.017011],[6.532915,12.02437],[6.505433,12.026522],[6.489115,12.04117],[6.47449,12.044964],[6.47693,12.091874],[6.46423,12.102866],[6.444098,12.106728],[6.429583,12.119546],[6.431649,12.137575],[6.428142,12.150257],[6.415436,12.161248],[6.358803,12.181805],[6.355269,12.192681],[6.359236,12.216106],[6.392571,12.239169],[6.409624,12.280485],[6.424427,12.289328],[6.430356,12.321753],[6.419504,12.334527],[6.393892,12.34207],[6.383014,12.353038],[6.381526,12.38014],[6.374343,12.392869],[6.37639,12.409093],[6.349186,12.436515],[6.345813,12.460031],[6.353603,12.49424],[6.320924,12.525341],[6.328831,12.568579],[6.294557,12.619562],[6.298442,12.635765],[6.293019,12.643055],[6.286198,12.68467],[6.286499,12.708141],[6.294228,12.736936],[6.299886,12.7477],[6.320353,12.765499],[6.374099,12.795512],[6.392807,12.818744],[6.394961,12.842187],[6.389879,12.874752],[6.397458,12.890903],[6.41051,12.903372],[6.442063,12.922817],[6.486303,12.927646],[6.526963,12.939736],[6.558246,12.939311],[6.589682,12.949711],[6.636603,13.012237],[6.653326,13.022832],[6.675466,13.026129],[6.682934,13.033242],[6.692432,13.052961],[6.692808,13.078225],[6.704069,13.092504],[6.75237,13.120682],[6.79351,13.161588],[6.806706,13.181245],[6.809247,13.226325],[6.815054,13.244286],[6.80794,13.260634],[6.743152,13.360862],[6.674052,13.423244],[6.665026,13.43601],[6.66753,13.479294],[6.664007,13.490175],[6.661756,13.584066],[6.666503,13.652585],[6.702891,13.736875],[6.71269,13.772824],[6.713061,13.796282],[6.702325,13.818103],[6.658828,13.871099],[6.630289,13.936505],[6.615733,13.951162],[6.593644,13.956905],[6.523068,13.934471],[6.471193,13.926191],[6.439539,13.910392],[6.413618,13.907146],[6.381968,13.891338],[6.365313,13.889763],[6.348761,13.895408],[6.300768,13.899673],[6.282263,13.898117],[6.257936,13.876775],[6.242627,13.83906],[6.197717,13.798119],[6.169739,13.778618],[6.135911,13.735712],[6.106193,13.723447],[6.013728,13.715563],[5.983879,13.692447],[5.965342,13.687251],[5.900678,13.686212],[5.88555,13.657489],[5.870601,13.643212],[5.835535,13.645422],[5.767478,13.669673],[5.712086,13.672092],[5.690084,13.686784],[5.647798,13.705306],[5.581246,13.702396],[5.570199,13.706124],[5.524259,13.730085],[5.509476,13.730236],[5.498542,13.744801],[5.481966,13.750388],[5.447115,13.776031],[5.421294,13.781708],[5.402976,13.798149],[5.386375,13.801925],[5.371714,13.814714],[5.358791,13.816646],[5.34768,13.814945],[5.317938,13.798966],[5.286439,13.792033],[5.223702,13.805258],[5.201397,13.792809],[5.179161,13.787587],[5.166959,13.792746],[5.149613,13.791461],[5.114582,13.802608],[5.103407,13.793668],[5.049566,13.768822],[4.993597,13.709641],[4.973158,13.697154],[4.884135,13.659893],[4.860052,13.652845],[4.844448,13.653682]]}},
{"type":"Feature","properties":{},"geometry":{"type":"LineString","coordinates":[[3.284504,11.606168],[3.309737,11.627844],[3.311588,11.64231],[3.322618,11.662191],[3.320794,11.671236],[3.331818,11.683884],[3.339182,11.703769],[3.350206,11.714606],[3.348409,11.745353],[3.335628,11.799623],[3.322804,11.82134],[3.321002,11.850278],[3.286189,11.919038],[3.273346,11.93171],[3.273361,11.946177],[3.264186,11.955229],[3.253188,11.978749],[3.23667,11.99504],[3.233013,12.014936],[3.22567,12.022177],[3.205464,12.025809],[3.179759,12.049337],[3.163244,12.085517],[3.161427,12.119879],[3.189018,12.152414],[3.181891,12.178951]]}}
]
}
