{
"type": "FeatureCollection",
"name": "Roads",
"crs": { "type": "name", "properties": { "name": "urn:ogc:def:crs:OGC:1.3:CRS84" } },
"xy_coordinate_resolution": 1e-06,
"features": [
{"type":"Feature","properties":{},"geometry":{"type":"LineString","coordinates":[[6.953867,9.588526],[6.8976,9.576028],[6.87465,9.57966],[6.857699,9.576201],[6.834643,9.58558],[6.792774,9.58969],[6.759998,9.584939],[6.74997,9.559137],[6.730604,9.536354],[6.719876,9.530265],[6.683963,9.524077],[6.66105,9.513005],[6.639735,9.496439],[6.587677,9.475443],[6.519771,9.468102],[6.491328,9.45488],[6.451668,9.459653],[6.394329,9.42407],[6.3833,9.424176],[6.366099,9.432373],[6.311653,9.424493],[6.251938,9.428336],[6.153641,9.456252],[6.122416,9.460183],[6.108421,9.458117],[6.096925,9.447628],[6.080728,9.445945],[6.064478,9.438417],[6.009275,9.434512],[5.997837,9.430227],[5.931805,9.428958],[5.895075,9.413191],[5.833718,9.399079],[5.708305,9.401525],[5.677101,9.4098],[5.608736,9.417984],[5.581616,9.432066],[5.575427,9.44088],[5.443198,9.473975],[5.425511,9.47081],[5.379164,9.474051],[5.331436,9.491179],[5.311353,9.487659],[5.282002,9.501738],[5.268016,9.501828],[5.247853,9.514382],[5.238288,9.515175],[5.175128,9.510458],[5.143432,9.504442],[5.134927,9.498281],[5.023297,9.482865],[4.990161,9.481958],[4.898928,9.49343],[4.815785,9.470114],[4.692669,9.476578],[4.623507,9.464406],[4.590008,9.450008],[4.46918,9.434084],[4.3591,9.435257],[4.277057,9.452382],[4.227327,9.44671],[4.185498,9.435884],[4.167089,9.436312],[4.094401,9.447514],[4.040322,9.464497],[3.919502,9.4535],[3.90365,9.446593],[3.761223,9.479451],[3.698805,9.483969],[3.677808,9.481816],[3.560894,9.440886],[3.539069,9.437629],[3.528024,9.439839],[3.525272,9.446425],[3.489649,9.451962],[3.47307,9.447597],[3.408988,9.447128],[3.37804,9.436741],[3.344072,9.442262],[3.275011,9.4319],[3.212312,9.433041],[3.199609,9.436888],[3.175025,9.434707],[3.143532,9.423202],[3.087178,9.384824],[2.933632,9.354659],[2.908229,9.341489],[2.863498,9.334892],[2.823747,9.311288],[2.777093,9.297001],[2.634068,9.301819],[2.546276,9.296233],[2.503739,9.30934],[2.378356,9.328341],[2.276651,9.375319],[2.173853,9.406357],[2.140979,9.410666],[2.132156,9.40516],[2.088512,9.409438],[2.047131,9.393972],[2.032263,9.378026],[2.020405,9.372509],[2.003284,9.37301],[1.967913,9.382233],[1.94578,9.396426],[1.89826,9.404508],[1.83743,9.428443],[1.799049,9.427217]]}},
{"type":"Feature","properties":{},"geometry":{"type":"LineString","coordinates":[[8.605162,5.580469],[8.61246,5.602786],[8.611557,5.678692],[8.622718,5.705338],[8.616445,5.7327],[8.617863,5.765993],[8.598458,5.788572],[8.579691,5.820429],[8.565372,5.833676],[8.532541,5.849838],[8.515767,5.86311],[8.495315,5.890618],[8.477934,5.892172],[8.469582,5.908349],[8.447323,5.918946],[8.411415,5.928584],[8.320879,5.931102],[8.23751,5.942826],[8.201039,5.95246],[8.091216,5.997752],[8.039458,6.008616],[8.022616,6.017516],[7.950745,6.038945],[7.872406,6.071361],[7.830008,6.093609],[7.792944,6.102142],[7.745576,6.119512],[7.707369,6.12313],[7.665186,6.140997],[7.557443,6.160522],[7.516092,6.181658],[7.478687,6.185257],[7.431797,6.198779],[7.398576,6.213279],[7.371292,6.218976],[7.231932,6.292335],[7.225168,6.301144],[7.146561,6.318738],[7.09995,6.337714],[7.059285,6.348433],[7.036962,6.361742],[6.912588,6.372552],[6.854739,6.392147],[6.789684,6.400295],[6.773304,6.405342],[6.766802,6.414149],[6.731795,6.416595],[6.692492,6.430568],[6.670053,6.430729],[6.620955,6.453528],[6.574317,6.515732],[6.559571,6.520764],[6.519355,6.524333],[6.450047,6.517693],[6.404738,6.538264],[6.312753,6.540522],[6.297409,6.53898],[6.263875,6.519481],[6.243598,6.517421],[6.219394,6.500596],[6.175904,6.508539],[6.142636,6.531207],[6.089825,6.583029],[6.051843,6.598054],[6.028981,6.622299],[6.00895,6.661867],[5.947326,6.711],[5.939973,6.718715],[5.93894,6.729131],[5.920438,6.751158],[5.87297,6.787603],[5.853272,6.818827],[5.835687,6.832754],[5.808472,6.866338],[5.79579,6.900934],[5.785398,6.905378],[5.773954,6.9175],[5.767079,6.96083],[5.755653,6.97624],[5.734877,6.98732],[5.686283,7.025412],[5.63473,7.026801],[5.535267,7.044888],[5.505785,7.071354],[5.471335,7.092914],[5.432091,7.142451],[5.405852,7.161772],[5.377315,7.214541],[5.366935,7.223913],[5.32341,7.245514],[5.303304,7.285632],[5.283675,7.312043],[5.275587,7.341137],[5.266581,7.351597],[5.247946,7.358269],[5.221134,7.377041],[5.186874,7.38927],[5.16444,7.405826],[5.144243,7.431141],[5.100112,7.448347],[5.084736,7.448968],[5.033725,7.464008],[5.019491,7.47449],[4.987394,7.48286],[4.97261,7.493343],[4.952404,7.520298],[4.940349,7.52748],[4.904809,7.566564],[4.87682,7.574361],[4.843431,7.60466],[4.819827,7.610791],[4.775974,7.637841],[4.770526,7.649378],[4.752168,7.662613],[4.746712,7.672505],[4.722575,7.684117],[4.712762,7.704445],[4.705621,7.70557],[4.682621,7.727595],[4.668074,7.733135],[4.663159,7.74138],[4.652731,7.745807],[4.614521,7.81724],[4.604957,7.832631],[4.596721,7.835952],[4.583607,7.857936],[4.571614,7.885949],[4.568407,7.910637],[4.557467,7.926581],[4.558598,7.934802],[4.546097,7.97488],[4.536771,8.054977],[4.540102,8.062642],[4.524151,8.064347],[4.501087,8.076496],[4.426454,8.158262]]}},
{"type":"Feature","properties":{},"geometry":{"type":"LineString","coordinates":[[3.077788,9.384826],[3.050505,9.324996],[3.042766,9.261368],[3.05711,9.186765],[3.062608,9.058956],[3.070325,9.016169],[3.107282,8.975019],[3.133742,8.915769],[3.131521,8.875177],[3.137579,8.85104],[3.14695,8.838968],[3.170659,8.825245],[3.189949,8.8011],[3.24177,8.77858],[3.278141,8.748385],[3.289706,8.730824],[3.331024,8.694586],[3.338191,8.69458],[3.379239,8.672051],[3.427176,8.652802],[3.477871,8.639577],[3.553619,8.611501],[3.567948,8.610931],[3.634871,8.586692],[3.798122,8.515083],[3.824828,8.507348],[3.868848,8.482022],[3.901454,8.473597]]}},
{"type":"Feature","properties":{},"geometry":{"type":"LineString","coordinates":[[7.344889,4.777168],[7.368348,4.776095],[7.38622,4.764904],[7.405976,4.760623],[7.448467,4.714658],[7.532856,4.711804],[7.553049,4.70475],[7.607992,4.702081],[7.664617,4.710931],[7.702414,4.724055],[7.734618,4.726142],[7.798902,4.746458],[7.852303,4.75577],[7.924236,4.785237],[7.962409,4.787267],[8.044829,4.805569],[8.105051,4.806503],[8.130716,4.796627],[8.155993,4.796436],[8.180716,4.783801],[8.192118,4.772189]]}},
{"type":"Feature","properties":{},"geometry":{"type":"LineString","coordinates":[[6.399154,6.148011],[6.429695,6.158905],[6.450913,6.155995],[6.486828,6.141438],[6.499285,6.140433],[6.514455,6.130631],[6.513201,6.115392],[6.520954,6.101018],[6.552738,6.091107],[6.581157,6.061351],[6.619501,6.032453],[6.653085,6.016984],[6.705203,5.979215],[6.729726,5.921308],[6.775247,5.865109],[6.819841,5.843559],[6.826659,5.828733],[6.848907,5.81103],[6.873771,5.805318],[6.892607,5.795028],[6.904927,5.776008],[6.92991,5.754591],[6.985158,5.743124],[7.005324,5.725897],[7.032444,5.714625],[7.049822,5.694647],[7.0712,5.686646],[7.090854,5.662959],[7.149547,5.633123],[7.192864,5.620216],[7.248146,5.521947],[7.270508,5.492243],[7.279224,5.487103],[7.294698,5.460679],[7.304335,5.455532],[7.310661,5.438407],[7.324893,5.431843],[7.348217,5.408596],[7.353615,5.390556],[7.335579,5.380068],[7.337313,5.364823],[7.361615,5.34988],[7.385811,5.320167],[7.395297,5.294252],[7.410814,5.274756],[7.414312,5.248424],[7.426129,5.226647],[7.431738,5.17307],[7.426019,5.144956],[7.424163,5.042046],[7.415344,5.031029],[7.411451,4.99967],[7.373389,4.950999],[7.364488,4.927056],[7.357558,4.922947],[7.348694,4.904542],[7.33528,4.894012],[7.324849,4.846074],[7.331822,4.784636]]}},
{"type":"Feature","properties":{},"geometry":{"type":"LineString","coordinates":[[6.183997,4.822764],[6.206642,4.804478],[6.213706,4.804445],[6.222652,4.812722],[6.228479,4.810845],[6.236995,4.792934],[6.251248,4.783623],[6.260959,4.794361],[6.278953,4.831863],[6.30571,4.839435],[6.310307,4.868682],[6.32372,4.87649],[6.32606,4.886628],[6.322486,4.90929],[6.327626,4.923591],[6.326285,4.931916],[6.305211,4.956515],[6.3076,4.973602],[6.31275,4.989751],[6.326623,4.999386],[6.334624,5.032156],[6.3416,5.044598],[6.35687,5.05669],[6.357509,5.09119],[6.345425,5.110431],[6.315037,5.116597],[6.26847,5.158893],[6.255223,5.182531],[6.252778,5.200106],[6.239948,5.215424],[6.229934,5.240433],[6.177988,5.27028],[6.161951,5.290236],[6.097922,5.303503],[6.082285,5.311901],[6.064408,5.333716],[6.059865,5.347606],[6.058237,5.391066],[6.050952,5.410055],[6.054684,5.418356],[6.053555,5.468748],[6.049914,5.478473],[6.041184,5.485452],[5.999795,5.511086],[5.986975,5.530566],[5.98477,5.550917],[5.979733,5.558339],[5.978034,5.587471],[5.96608,5.595853],[5.954642,5.615327],[5.945908,5.621843],[5.943185,5.631103],[5.947539,5.670838],[5.957775,5.686966],[5.972609,5.699834],[6.049367,5.728554],[6.079827,5.771841],[6.105099,5.79389],[6.112633,5.82112],[6.117664,5.895971],[6.1693,5.965933],[6.18602,5.9834],[6.205457,5.991606],[6.20872,5.997133],[6.202814,6.013344],[6.227327,6.021056],[6.242168,6.032522],[6.29985,6.09738],[6.342345,6.107703],[6.374403,6.13985],[6.391063,6.146214]]}},
{"type":"Feature","properties":{},"geometry":{"type":"LineString","coordinates":[[4.516781,4.557445],[4.528787,4.565286],[4.515282,4.612053],[4.521316,4.630087],[4.519983,4.654153],[4.527871,4.675885],[4.542879,4.684644],[4.556718,4.686002],[4.583955,4.697509],[4.614388,4.694663],[4.624348,4.713612],[4.635419,4.714511],[4.670984,4.736637],[4.718035,4.73976],[4.744585,4.751724],[4.768108,4.752589],[4.777357,4.762282],[4.813816,4.771441],[4.870752,4.816776],[4.923747,4.831286],[4.939927,4.844656],[4.945497,4.857132],[4.961222,4.871891],[4.975958,4.863983],[4.974533,4.849645],[4.963839,4.820067],[4.955063,4.815466],[4.944878,4.801616],[4.961007,4.797406],[4.981527,4.796422],[4.988686,4.800102],[5.014497,4.7954],[5.034363,4.807369],[5.069393,4.80125],[5.091764,4.803032],[5.111613,4.809447],[5.152276,4.835687],[5.205595,4.853093],[5.21903,4.872015],[5.229502,4.901121],[5.246164,4.919105],[5.295843,4.949],[5.32352,4.950754],[5.350757,4.958521],[5.378198,4.958885],[5.440843,4.939232],[5.472419,4.93634],[5.475669,4.94234],[5.489504,4.942751],[5.540897,4.937469],[5.569297,4.948458],[5.619121,4.955199],[5.633911,4.964389],[5.672877,4.965619],[5.69134,4.970631],[5.711123,4.960377],[5.766214,4.959686],[5.772225,4.963822],[5.796198,4.963721],[5.810686,4.955799],[5.859561,4.957901],[5.884474,4.962416],[5.892339,4.968854],[5.952988,4.975982],[5.987626,4.990619],[6.039955,4.993152],[6.108249,5.009472],[6.124873,5.015864],[6.13413,5.02414],[6.146219,5.045805],[6.176749,5.068305],[6.201648,5.070031],[6.216002,5.083363],[6.277799,5.089983],[6.297664,5.099125],[6.315037,5.116597]]}},
{"type":"Feature","properties":{},"geometry":{"type":"LineString","coordinates":[[6.187178,4.74691],[6.215222,4.734301],[6.246832,4.745708],[6.258288,4.732713],[6.269787,4.728961],[6.28406,4.727507],[6.300672,4.733436],[6.309496,4.725845],[6.307963,4.716764],[6.290429,4.710377],[6.28232,4.700248],[6.280889,4.689625],[6.269313,4.676739],[6.281214,4.660508],[6.284341,4.639696],[6.294911,4.634563],[6.34473,4.650965],[6.361832,4.663823],[6.374514,4.659799],[6.375592,4.651742],[6.362622,4.636092],[6.339999,4.624184],[6.321499,4.607634],[6.332042,4.596956],[6.329189,4.577559],[6.358993,4.549693],[6.371414,4.546862],[6.392059,4.530591],[6.401197,4.515298],[6.376746,4.505246],[6.367792,4.460463],[6.358056,4.445719],[6.361721,4.441543],[6.358921,4.433238],[6.363954,4.426283],[6.383701,4.415102],[6.376739,4.402657],[6.364751,4.399014],[6.35319,4.387513],[6.341209,4.385256],[6.339793,4.377407],[6.327306,4.364522],[6.329121,4.358507],[6.355786,4.35007],[6.389176,4.353155],[6.405232,4.340605],[6.406549,4.326274],[6.418503,4.322985],[6.416612,4.311903],[6.406915,4.305016],[6.406868,4.294387],[6.400838,4.284248],[6.427191,4.258253],[6.436272,4.230025],[6.455091,4.218389],[6.47817,4.181783],[6.496521,4.168763],[6.503754,4.139159],[6.500312,4.08881],[6.524501,4.042961],[6.535984,4.038291],[6.619733,4.041616],[6.624811,4.04529],[6.625332,4.059147],[6.639606,4.061854],[6.641967,4.075242],[6.647028,4.075218],[6.647055,4.081224],[6.63698,4.091434],[6.635202,4.105301],[6.649038,4.11263],[6.657387,4.127375],[6.669837,4.133323],[6.689719,4.15448],[6.73044,4.155212],[6.72912,4.168153],[6.74438,4.184248],[6.745346,4.193944],[6.739869,4.203209],[6.767469,4.202152],[6.782227,4.209471],[6.782725,4.217321],[6.773555,4.223833],[6.774542,4.237685],[6.754313,4.241017],[6.745143,4.247529],[6.732389,4.274384],[6.735652,4.283144],[6.750871,4.289999],[6.759606,4.28857],[6.768306,4.27975],[6.783487,4.279213],[6.817583,4.288743],[6.830512,4.297916],[6.831064,4.316389],[6.815462,4.324782],[6.801302,4.345639],[6.807003,4.381176],[6.815755,4.382979],[6.822257,4.394493],[6.833338,4.401826],[6.83895,4.419349],[6.861104,4.432166],[6.932206,4.433638],[6.952978,4.445996],[6.984233,4.439824],[6.986113,4.447202],[6.964617,4.471333],[6.956506,4.503242],[6.959352,4.518928],[6.939115,4.520886],[6.950265,4.540222],[6.967782,4.545667],[6.982626,4.56729],[6.995788,4.575529],[6.991775,4.598641],[7.000617,4.616139],[7.010795,4.625779],[7.019223,4.651129],[7.035869,4.664887],[7.059398,4.67491],[7.079184,4.674333],[7.093081,4.689951],[7.10945,4.695395],[7.119669,4.711495],[7.134417,4.715101],[7.137682,4.722469],[7.173232,4.741647],[7.185059,4.756811],[7.211376,4.770962],[7.240509,4.793865],[7.249724,4.795654],[7.287405,4.787109],[7.306216,4.77822],[7.331822,4.784636]]}},
{"type":"Feature","properties":{},"geometry":{"type":"LineString","coordinates":[[8.259526,4.716933],[8.279888,4.675292],[8.327121,4.63345],[8.376654,4.623395],[8.391716,4.610837],[8.424735,4.604363],[8.447325,4.585526],[8.516617,4.549051],[8.550303,4.541189],[8.59206,4.508385],[8.635375,4.499756],[8.667558,4.476703],[8.701216,4.466767],[8.75735,4.439331],[8.771147,4.430011],[8.789511,4.404894],[8.790884,4.397923],[8.785519,4.389778],[8.79625,4.379869],[8.790686,4.345728],[8.796722,4.294917],[8.789489,4.268567],[8.760787,4.234086],[8.755807,4.222455],[8.743218,4.215793],[8.731448,4.195613],[8.712064,4.179788],[8.699992,4.159914],[8.684631,4.150506],[8.666398,4.124227],[8.62291,4.094745]]}},
{"type":"Feature","properties":{},"geometry":{"type":"LineString","coordinates":[[8.771147,4.430011],[8.761603,4.46161],[8.761047,4.507674],[8.749841,4.541387],[8.750472,4.56303],[8.760436,4.603481],[8.755677,4.639446],[8.759948,4.656453],[8.775765,4.682115],[8.779313,4.722616],[8.795201,4.756104],[8.797162,4.770826],[8.814649,4.802916],[8.825051,4.838288],[8.82548,4.888005],[8.821416,4.895887],[8.795429,4.917299],[8.793418,4.950016],[8.795826,4.962891],[8.814526,5.000491],[8.819315,5.022554],[8.817087,5.081524],[8.834939,5.125573],[8.835112,5.194651],[8.849998,5.214775],[8.862238,5.246436],[8.852643,5.300867],[8.871898,5.344892],[8.878835,5.397321],[8.885899,5.415212],[8.89616,5.430768],[8.956087,5.473919],[8.976348,5.501341],[8.980821,5.534906],[8.992057,5.55551],[8.992314,5.58083],[9.004642,5.617995],[9.003429,5.722517],[8.994512,5.748853],[8.99312,5.791224],[8.962378,5.874691],[8.9598,5.900238],[8.944369,5.919281],[8.936405,5.962649],[8.91147,6.010193],[8.902319,6.09901],[8.903549,6.127239],[8.891587,6.155],[8.88943,6.181732],[8.879192,6.199038],[8.878239,6.223608],[8.866009,6.254752],[8.86776,6.301397],[8.880588,6.323356],[8.890204,6.359471],[8.907427,6.389665],[8.943762,6.427001],[8.991278,6.449159],[9.007619,6.468762],[9.033318,6.481808],[9.037543,6.488663],[9.064811,6.498003],[9.073199,6.506649],[9.098637,6.516928],[9.103311,6.522855],[9.147431,6.530295],[9.240094,6.519028],[9.264039,6.52057],[9.35336,6.501658],[9.381068,6.485972],[9.411304,6.476389],[9.4275,6.459929],[9.444585,6.453272],[9.45954,6.435908],[9.487933,6.426654],[9.508139,6.412598],[9.535344,6.406731]]}},
{"type":"Feature","properties":{},"geometry":{"type":"LineString","coordinates":[[9.128995,6.528066],[9.141427,6.509733],[9.141908,6.492467],[9.157634,6.423236],[9.174668,6.40508],[9.177236,6.389171],[9.204786,6.327398],[9.218294,6.303075],[9.24662,6.267991],[9.269839,6.248386],[9.276111,6.234506],[9.279143,6.218824],[9.276927,6.1871],[9.256418,6.124299],[9.253376,6.060369],[9.273094,5.935896],[9.311853,5.786832]]}},
{"type":"Feature","properties":{},"geometry":{"type":"LineString","coordinates":[[9.787494,6.022891],[9.656353,5.945196],[9.627971,5.933812],[9.596893,5.927287],[9.519909,5.884048],[9.485303,5.870654],[9.45963,5.855082],[9.400126,5.833685],[9.35849,5.807934],[9.311837,5.786887]]}},
{"type":"Feature","properties":{},"geometry":{"type":"LineString","coordinates":[[8.751816,5.666378],[8.667251,5.623451],[8.628825,5.588283],[8.604228,5.572923]]}},
{"type":"Feature","properties":{},"geometry":{"type":"LineString","coordinates":[[8.756436,5.668635],[8.785808,5.663275],[8.818507,5.668933],[8.831476,5.678474],[8.85498,5.684222],[8.87491,5.700136],[8.8994,5.712318],[8.91734,5.713514],[8.982205,5.740465],[8.997969,5.739318],[9.017652,5.745616],[9.037762,5.734815],[9.050303,5.732841],[9.076419,5.739621],[9.113769,5.737073],[9.15363,5.754442],[9.192744,5.745426],[9.201037,5.747483],[9.206324,5.754789],[9.222557,5.754611],[9.263732,5.76643],[9.311837,5.786887]]}},
{"type":"Feature","properties":{},"geometry":{"type":"LineString","coordinates":[[9.785188,6.021531],[9.755147,6.026569],[9.732359,6.022025],[9.707267,6.05406],[9.702089,6.081021],[9.681206,6.119215],[9.667633,6.135937],[9.650545,6.147186],[9.580721,6.185306],[9.52708,6.195629],[9.453627,6.221372],[9.397892,6.231024],[9.358565,6.229431],[9.31656,6.234769],[9.277249,6.228618],[9.259795,6.217502],[9.247161,6.199014],[9.220687,6.176547],[9.205449,6.171203],[9.149944,6.17323]]}},
{"type":"Feature","properties":{},"geometry":{"type":"LineString","coordinates":[[9.253215,6.086141],[9.229392,6.124672],[9.183847,6.171016]]}},
{"type":"Feature","properties":{},"geometry":{"type":"LineString","coordinates":[[9.732359,6.022025],[9.724268,6.008333],[9.725004,5.985534]]}},
{"type":"Feature","properties":{},"geometry":{"type":"LineString","coordinates":[[9.642527,5.941224],[9.643732,5.899652],[9.654578,5.885038],[9.657718,5.85948],[9.680959,5.844719],[9.68359,5.834342],[9.679967,5.819212],[9.686065,5.810863],[9.68591,5.797761],[9.697476,5.7859],[9.767403,5.760242],[9.776951,5.752542],[9.76847,5.734025],[9.780509,5.704231],[9.787375,5.702771],[9.792354,5.657892],[9.810701,5.63768],[9.814403,5.601093],[9.837518,5.576691],[9.837366,5.563592],[9.845439,5.547641],[9.870774,5.537004],[9.874758,5.524549],[9.889724,5.509897],[9.924567,5.488811],[9.941107,5.461734],[9.978109,5.449586],[9.982747,5.434368],[9.999092,5.420393],[10.013468,5.414712],[10.040316,5.417156],[10.042211,5.402661],[10.063313,5.381153],[10.052781,5.365324],[10.058098,5.349411],[10.094657,5.300061],[10.099278,5.28347],[10.133241,5.247938],[10.140644,5.234072],[10.159081,5.223526],[10.184433,5.156406],[10.225741,5.133202],[10.264078,5.121054],[10.290851,5.11937],[10.324942,5.09694],[10.376994,5.083945],[10.398273,5.083012]]}},
{"type":"Feature","properties":{},"geometry":{"type":"LineString","coordinates":[[10.060439,5.384631],[10.062102,5.398294],[10.007548,5.496799],[9.994175,5.529351],[9.97724,5.551608],[9.931641,5.651411],[9.908561,5.677884],[9.899282,5.707639],[9.883116,5.736788],[9.881888,5.749212],[9.864924,5.769411],[9.870672,5.789335],[9.849838,5.830955],[9.82478,5.865046],[9.823808,5.898154],[9.794541,5.926095],[9.784808,5.974483],[9.779444,5.986272],[9.76306,5.998198],[9.758315,6.006959]]}},
{"type":"Feature","properties":{},"geometry":{"type":"LineString","coordinates":[[10.1972,4.734344],[10.197964,4.763731],[10.188896,4.772094],[10.18678,4.788651],[10.220088,4.864077],[10.234905,4.879532],[10.238965,4.916228],[10.243265,4.932714],[10.252556,4.945011],[10.262707,4.993577],[10.264133,5.039484],[10.216477,5.078137],[10.181695,5.121702],[10.172745,5.140635],[10.184433,5.156406]]}},
{"type":"Feature","properties":{},"geometry":{"type":"LineString","coordinates":[[10.1972,4.734344],[10.209477,4.726294],[10.24608,4.724532],[10.275761,4.717791],[10.286119,4.70161],[10.338017,4.67535],[10.405918,4.648923]]}},
{"type":"Feature","properties":{},"geometry":{"type":"LineString","coordinates":[[8.968972,6.439121],[8.965285,6.449354],[8.946431,6.464002],[8.93985,6.478507],[8.92403,6.490357],[8.920149,6.499612]]}},
{"type":"Feature","properties":{},"geometry":{"type":"LineString","coordinates":[[5.711882,7.00691],[5.712574,7.024462],[5.718196,7.03622],[5.715537,7.056348],[5.727415,7.069457],[5.737607,7.149153],[5.751576,7.162941],[5.756541,7.180249],[5.754492,7.185809],[5.761477,7.192702],[5.76947,7.250909],[5.78636,7.286868],[5.784435,7.312539],[5.772769,7.335497]]}},
{"type":"Feature","properties":{},"geometry":{"type":"LineString","coordinates":[[5.883864,6.776032],[5.86237,6.783401],[5.839644,6.798945],[5.824823,6.795333],[5.81111,6.823462],[5.810746,6.863855]]}},
{"type":"Feature","properties":{},"geometry":{"type":"LineString","coordinates":[[5.824823,6.795333],[5.816085,6.777508],[5.791011,6.760392],[5.7855,6.767204],[5.771628,6.7679],[5.764821,6.763624]]}},
{"type":"Feature","properties":{},"geometry":{"type":"LineString","coordinates":[[5.836238,6.799683],[5.850338,6.808437],[5.881798,6.809791],[5.906548,6.823512],[5.92291,6.826803],[5.93505,6.845529],[5.948363,6.854384],[6.000359,6.860534],[6.040841,6.874763],[6.064152,6.90358],[6.074986,6.909981],[6.069531,6.924808]]}},
{"type":"Feature","properties":{},"geometry":{"type":"LineString","coordinates":[[7.753386,9.681656],[7.850147,9.669922],[7.868879,9.66343],[7.896422,9.639517],[7.920783,9.627849],[7.936059,9.632724],[7.961836,9.631661],[7.970744,9.621157],[8.005455,9.611663],[8.021955,9.596206],[8.073871,9.572623],[8.109725,9.547198],[8.1942,9.512752],[8.260516,9.522128],[8.289741,9.520302],[8.307772,9.515187],[8.368989,9.510792],[8.429057,9.500183],[8.443577,9.493735],[8.652208,9.459322],[8.744172,9.465425],[8.901798,9.446914],[9.031809,9.443318],[9.143627,9.435162],[9.235809,9.438367],[9.292955,9.426991],[9.404064,9.421531],[9.486578,9.430366],[9.531368,9.428843],[9.684445,9.459066],[9.730734,9.481627],[9.771662,9.478765],[9.798196,9.485835],[9.806719,9.495322],[9.861289,9.497699],[9.924282,9.521959],[9.945875,9.54221],[9.966203,9.551452],[9.98081,9.552536],[10.025081,9.577832],[10.090066,9.597179],[10.098943,9.606645],[10.145203,9.627049],[10.156585,9.639905],[10.202059,9.63413],[10.227672,9.641399]]}},
{"type":"Feature","properties":{},"geometry":{"type":"LineString","coordinates":[[5.61148,10.880321],[5.590667,10.907543],[5.641596,10.953571],[5.607991,10.962875],[5.577839,10.965906],[5.567336,10.968769],[5.564577,10.97434],[5.577335,10.988796],[5.575986,10.995049],[5.58658,11.002587],[5.560683,11.011129],[5.560749,11.018757],[5.571344,11.026297],[5.570756,11.039478],[5.59535,11.042042],[5.596113,11.04897],[5.611599,11.053692],[5.61235,11.059233],[5.606149,11.072463],[5.599855,11.075291],[5.603469,11.087049],[5.590136,11.087857],[5.58386,11.092766],[5.584727,11.111483],[5.566623,11.128975],[5.565328,11.141469],[5.55063,11.147142],[5.55913,11.155393],[5.557828,11.167193],[5.573413,11.182317],[5.579191,11.200298],[5.592628,11.210584],[5.585081,11.230761],[5.592876,11.238321],[5.571944,11.254454],[5.575525,11.262051],[5.568524,11.264885],[5.566484,11.272532],[5.571439,11.276649],[5.570841,11.288445],[5.589201,11.298687],[5.540197,11.319223],[5.551581,11.335075],[5.548227,11.353136],[5.535664,11.362953],[5.525825,11.363038],[5.523055,11.367762],[5.526285,11.379755],[5.498369,11.384771],[5.482551,11.397852],[5.455896,11.404549],[5.449912,11.417083],[5.448967,11.470725],[5.473958,11.487621],[5.474014,11.494094],[5.464215,11.499264],[5.464271,11.505736],[5.488252,11.513854],[5.496384,11.532279],[5.551911,11.554913],[5.468624,11.574591],[5.41798,11.629116],[5.387617,11.643703],[5.349668,11.649101],[5.359174,11.66382],[5.357376,11.673082],[5.378631,11.690016],[5.374964,11.700218],[5.380184,11.70711],[5.379778,11.714512],[5.359253,11.728554],[5.321846,11.74412],[5.322842,11.751047],[5.336012,11.754639],[5.339359,11.76201],[5.312305,11.781651],[5.296395,11.787329],[5.295506,11.793347],[5.312499,11.80477],[5.309264,11.810807],[5.283072,11.822117],[5.281491,11.829528],[5.294757,11.844218],[5.291548,11.853492],[5.241982,11.877473]]}},
{"type":"Feature","properties":{},"geometry":{"type":"LineString","coordinates":[[5.291548,11.853492],[5.406971,11.820168],[5.441109,11.806005],[5.468315,11.804383],[5.574682,11.761831],[5.618938,11.753106],[5.650207,11.735713],[5.747957,11.729704],[5.792339,11.711709],[5.801635,11.703298],[5.84101,11.70106],[5.855907,11.690282],[5.931193,11.669647],[5.984073,11.637675],[6.03105,11.624706],[6.120677,11.611734],[6.19793,11.562831],[6.242246,11.545241],[6.264698,11.541755],[6.290314,11.528528],[6.299554,11.517334],[6.33875,11.50395],[6.33771,11.495183],[6.341865,11.490053],[6.3755,11.482273],[6.400693,11.45426],[6.414679,11.409745],[6.415818,11.387556],[6.436888,11.348503],[6.439502,11.293035],[6.461559,11.239187],[6.457772,11.235536],[6.499337,11.20918],[6.56312,11.221358],[6.615112,11.225813],[6.648524,11.24111],[6.66226,11.254335],[6.711189,11.256961],[6.735783,11.277436],[6.742507,11.290745],[6.769714,11.295941],[6.786246,11.307738],[6.820387,11.306376],[6.839192,11.313059],[6.855566,11.312845],[6.901786,11.305312],[6.950663,11.321286],[6.961543,11.329913],[6.980754,11.331964],[7.008858,11.350974]]}},
{"type":"Feature","properties":{},"geometry":{"type":"LineString","coordinates":[[6.721988,11.266442],[6.759198,11.260976],[6.809069,11.246486],[6.85906,11.241684],[6.874864,11.23409],[6.917416,11.233071],[6.951876,11.256164],[6.955352,11.270893],[6.984661,11.293125],[6.986717,11.306488],[7.007413,11.314519],[7.020671,11.325881],[7.013504,11.348602]]}},
{"type":"Feature","properties":{},"geometry":{"type":"LineString","coordinates":[[5.241982,11.877473],[5.229502,11.87289],[5.191952,11.874107],[5.137718,11.903658],[5.122247,11.907012],[5.103106,11.921492]]}},
{"type":"Feature","properties":{},"geometry":{"type":"LineString","coordinates":[[5.61148,10.880321],[5.608943,10.85293],[5.579072,10.8239],[5.577748,10.814973],[5.577446,10.779529],[5.592564,10.761217],[5.594606,10.744864],[5.552876,10.71223],[5.549904,10.692219]]}},
{"type":"Feature","properties":{},"geometry":{"type":"LineString","coordinates":[[7.295017,1.621357],[7.265049,1.604801],[7.15957,1.507368],[7.124391,1.463801],[7.1305,1.41704],[7.114946,1.37655],[7.087011,1.339196],[7.074578,1.311165],[7.049768,1.289387],[7.040424,1.255114],[7.008349,1.206328],[6.98355,1.190779],[6.943271,1.179407],[6.922585,1.152418],[6.907089,1.145165],[6.816203,1.124503],[6.816195,1.118267],[6.830624,1.097463],[6.854365,1.093275],[6.880184,1.098437],[6.934883,1.083817],[6.954515,1.0973],[6.972092,1.11702],[6.993776,1.121146],[7.017518,1.120074],[7.055694,1.107553],[7.089757,1.107506],[7.123823,1.110575],[7.159963,1.121952],[7.18785,1.136455],[7.260091,1.136349],[7.268332,1.125949],[7.29929,1.125903],[7.321973,1.113406],[7.328135,1.092624],[7.333219,1.038608],[7.312517,0.98982],[7.289764,0.949342],[7.274261,0.928587],[7.257734,0.915104],[7.178237,0.882994],[7.149336,0.878871],[7.084324,0.887255],[6.96562,0.886346],[6.980094,0.907112],[6.977005,0.914389]]}},
{"type":"Feature","properties":{},"geometry":{"type":"LineString","coordinates":[[7.405438,1.034354],[7.374498,1.043744],[7.332773,1.048785]]}},
{"type":"Feature","properties":{},"geometry":{"type":"LineString","coordinates":[[7.02375,1.11803],[7.001052,1.157503],[7.005198,1.168927],[6.993854,1.177256],[7.008349,1.206328]]}},
{"type":"Feature","properties":{},"geometry":{"type":"LineString","coordinates":[[7.049768,1.289387],[7.043117,1.325763],[7.021437,1.325798],[7.007997,1.313352],[6.983206,1.305079],[6.957366,1.286416],[6.932572,1.276063],[6.864428,1.276167],[6.845823,1.263724],[6.786954,1.255497],[6.74872,1.236843],[6.704319,1.240024],[6.675378,1.222394],[6.631485,1.222454],[6.607768,1.249515],[6.570621,1.275555],[6.562382,1.29324],[6.534521,1.313032],[6.506684,1.350499],[6.483654,1.357585],[6.464316,1.340163],[6.459595,1.287145],[6.452343,1.271559],[6.440973,1.266376],[6.440948,1.247661],[6.409924,1.221707],[6.383052,1.211344],[6.374767,1.194717],[6.362312,1.145862],[6.347828,1.128202],[6.302343,1.102257],[6.291999,1.09083],[6.296121,1.080426],[6.281641,1.065884]]}},
{"type":"Feature","properties":{},"geometry":{"type":"LineString","coordinates":[[7.295017,1.621357],[7.304331,1.64086],[7.297291,1.725008],[7.306658,1.759262],[7.328392,1.784138],[7.420671,1.952154],[7.455874,1.993598],[7.594061,2.136493],[7.625087,2.158201],[7.652013,2.189264],[7.675895,2.235904],[7.682193,2.269104],[7.680226,2.299216],[7.671051,2.333504],[7.648417,2.355381],[7.634082,2.38969],[7.627953,2.408398],[7.626995,2.430203],[7.639427,2.443657],[7.670445,2.459121],[7.694246,2.476684],[7.73583,2.559578],[7.75864,2.587518],[7.773266,2.634172],[7.794052,2.671458],[7.81788,2.694198],[7.840706,2.724205],[7.863763,2.810252],[7.905222,2.851588],[7.92304,2.914814],[7.937618,2.943806],[7.9511,2.958274],[7.972806,2.96544],[8.025404,2.9569],[8.047113,2.965101],[8.077174,2.994012],[8.082703,3.072836],[8.118788,3.0654],[8.131126,3.056004],[8.165219,3.064138],[8.177688,3.081712],[8.195244,3.084738],[8.212749,3.077391],[8.247643,3.038841],[8.257935,3.033605],[8.291965,3.030326],[8.400669,2.898091],[8.428465,2.887588],[8.459378,2.882255],[8.479947,2.87075],[8.518873,2.81665],[8.554789,2.780194],[8.564053,2.77704],[8.613178,2.809976],[8.633835,2.818168],[8.758545,2.815481],[8.882857,2.841794],[8.923037,2.84055],[8.998306,2.851554],[9.018905,2.850409],[9.096763,2.866049],[9.170957,2.872638],[9.214921,2.860749],[9.318125,2.848284],[9.367265,2.805043],[9.443319,2.782888],[9.497743,2.759819],[9.585161,2.750021],[9.743706,2.746024],[9.745073,2.795535],[9.719902,2.833439],[9.664306,2.826781],[9.598188,2.802717],[9.496971,2.854471],[9.400606,2.877186],[9.320747,2.888118],[9.272173,2.902366],[9.216758,2.937622],[9.171648,2.951854],[9.109016,2.941717],[9.063819,2.941966],[9.02156,2.923655],[8.97334,2.928473],[8.851456,2.897648],[8.802779,2.901398],[8.768102,2.922562],[8.625829,2.919791],[8.560821,2.909232],[8.533096,2.932696],[8.496197,2.97798],[8.488633,3.012233],[8.472553,3.018535],[8.464038,3.043463],[8.470789,3.05276],[8.471942,3.076602],[8.488566,3.100362],[8.490769,3.127307],[8.469261,3.156452],[8.459138,3.192796],[8.461617,3.270547],[8.449518,3.321939],[8.435771,3.354677],[8.423694,3.409184],[8.396053,3.448226],[8.394807,3.501119],[8.407752,3.59748],[8.355317,3.632014],[8.330702,3.658606],[8.326363,3.709968],[8.348257,3.745613],[8.357949,3.810886],[8.372062,3.838797],[8.389164,3.849577],[8.398573,3.868182],[8.440612,3.903685],[8.446927,3.922308],[8.47645,3.937666],[8.489063,3.971797],[8.60271,4.061215],[8.62291,4.094745]]}},
{"type":"Feature","properties":{},"geometry":{"type":"LineString","coordinates":[[8.042659,7.357192],[8.028645,7.384966],[8.057772,7.393517],[8.065746,7.394828],[8.103993,7.382239],[8.218191,7.379982],[8.280881,7.396998],[8.331778,7.425825],[8.363468,7.433851],[8.408385,7.432837],[8.433318,7.443275],[8.504515,7.448466],[8.554011,7.47727],[8.657161,7.475488],[8.671722,7.479969],[8.688829,7.500293],[8.730189,7.514696],[8.742529,7.528073],[8.765948,7.530099],[8.791097,7.539104],[8.795134,7.548728],[8.82175,7.557368],[8.86227,7.561492],[8.899421,7.575926],[8.926534,7.574623],[8.984409,7.582696],[9.054467,7.569428],[9.076705,7.577679],[9.095695,7.597943],[9.117694,7.63216],[9.126545,7.678691],[9.137134,7.699535],[9.139803,7.722358],[9.147414,7.731113],[9.152748,7.731447]]}},
{"type":"Feature","properties":{},"geometry":{"type":"LineString","coordinates":[[5.191515,9.080615],[5.170617,9.093719],[5.159862,9.109254],[5.146185,9.109804],[5.13631,9.115019],[5.117577,9.138102],[5.104996,9.144621],[5.088479,9.170659],[5.069368,9.183897],[5.055624,9.200541],[5.035538,9.208782],[5.025852,9.220402],[5.011395,9.222983],[4.957783,9.256725],[4.945282,9.272111],[4.917358,9.286953],[4.883831,9.313702],[4.854982,9.348317],[4.823882,9.359733],[4.808378,9.374582],[4.719442,9.436221],[4.623507,9.464406]]}},
{"type":"Feature","properties":{},"geometry":{"type":"LineString","coordinates":[[3.299319,9.434074],[3.285627,9.464969],[3.285186,9.495515],[3.222776,9.586271],[3.189705,9.652472],[3.176198,9.687191],[3.176204,9.699224],[3.165023,9.727923],[3.158029,9.735794],[3.134266,9.809391],[3.110017,9.855218],[3.172098,9.879257],[3.196844,9.895905],[3.265972,9.957872],[3.27858,9.962953],[3.288393,9.973126],[3.31314,9.978194],[3.331848,10.011035],[3.363143,10.022572],[3.372025,10.032743],[3.379981,10.048007],[3.382349,10.075771],[3.372112,10.108178],[3.366049,10.11559],[3.296495,10.154997],[3.304438,10.157304]]}},
{"type":"Feature","properties":{},"geometry":{"type":"LineString","coordinates":[[3.198093,9.639972],[3.180145,9.62604],[3.120675,9.60385],[3.106914,9.591128],[3.096188,9.58928],[3.045355,9.554579],[3.021108,9.527739],[3.006551,9.520951],[2.985002,9.498735],[2.921347,9.469416],[2.91273,9.442107],[2.816707,9.448087],[2.794569,9.442984]]}},
{"type":"Feature","properties":{},"geometry":{"type":"LineString","coordinates":[[3.161657,9.486511],[3.182475,9.477553],[3.187132,9.469528],[3.181527,9.447933]]}},
{"type":"Feature","properties":{},"geometry":{"type":"LineString","coordinates":[[3.206948,9.345792],[3.218454,9.365531],[3.219114,9.425697],[3.211354,9.439895],[3.193646,9.447309],[3.144548,9.448259],[3.110059,9.459379],[3.080537,9.461856],[2.955612,9.451063],[2.934327,9.44242],[2.91273,9.442107]]}},
{"type":"Feature","properties":{},"geometry":{"type":"LineString","coordinates":[[3.528024,9.439839],[3.50899,9.405651],[3.473507,9.35942],[3.452952,9.319646],[3.436113,9.267369],[3.435137,9.230808],[3.405776,9.21881],[3.362445,9.208211],[3.34753,9.198507]]}},
{"type":"Feature","properties":{},"geometry":{"type":"LineString","coordinates":[[3.465386,9.342994],[3.499563,9.332079]]}},
{"type":"Feature","properties":{},"geometry":{"type":"LineString","coordinates":[[3.558187,9.440564],[3.532249,9.377386],[3.472493,9.298331],[3.459862,9.259472],[3.462172,9.244196]]}},
{"type":"Feature","properties":{},"geometry":{"type":"LineString","coordinates":[[3.070017,9.018855],[3.033106,9.036684],[2.956747,9.062601],[2.926478,9.080647],[2.904587,9.103783],[2.900855,9.129237],[2.906434,9.16395],[2.930641,9.225512],[2.93157,9.240322],[2.924578,9.257908],[2.923642,9.277346],[2.927366,9.293082],[2.943669,9.318541],[2.950804,9.357903]]}},
{"type":"Feature","properties":{},"geometry":{"type":"LineString","coordinates":[[3.493115,9.38531],[3.423621,9.387252],[3.400769,9.372931],[3.379331,9.371567],[3.339781,9.327948],[3.323834,9.327346],[3.273795,9.337124],[3.24093,9.329606],[3.207126,9.345968],[3.178566,9.342875],[3.156244,9.327664],[3.14589,9.328903]]}},
{"type":"Feature","properties":{},"geometry":{"type":"LineString","coordinates":[[3.050505,9.324996],[3.090878,9.320848]]}},
{"type":"Feature","properties":{},"geometry":{"type":"LineString","coordinates":[[3.125267,9.059805],[3.116899,9.101],[3.103404,9.132476],[3.068485,9.178766],[3.05711,9.186765]]}},
{"type":"Feature","properties":{},"geometry":{"type":"LineString","coordinates":[[3.125267,9.059805],[3.160209,9.106999],[3.164876,9.128287],[3.193305,9.168539],[3.207306,9.216664],[3.205919,9.235641],[3.199405,9.248604],[3.203615,9.279611]]}},
{"type":"Feature","properties":{},"geometry":{"type":"LineString","coordinates":[[3.125267,9.059805],[3.128517,9.032652],[3.102111,8.980507]]}},
{"type":"Feature","properties":{},"geometry":{"type":"LineString","coordinates":[[2.564351,9.298969],[2.568441,9.312267],[2.564228,9.327997],[2.562287,9.389548],[2.567353,9.437687],[2.565413,9.498312],[2.582546,9.593207],[2.596043,9.614975],[2.598824,9.629325],[2.547061,9.62741],[2.529354,9.617205],[2.495324,9.608363],[2.472008,9.608329],[2.449172,9.599962],[2.371409,9.539668],[2.364673,9.526697],[2.3428,9.506294],[2.332088,9.501184],[2.30086,9.498808],[2.228901,9.47089],[2.200753,9.448614],[2.177982,9.420333],[2.145161,9.410158]]}},
{"type":"Feature","properties":{},"geometry":{"type":"LineString","coordinates":[[5.692879,9.404566],[5.680048,9.393536],[5.671541,9.376956],[5.647674,9.360491],[5.62286,9.31074],[5.572196,9.257011],[5.557486,9.250181],[5.506539,9.252622]]}},
{"type":"Feature","properties":{},"geometry":{"type":"LineString","coordinates":[[5.557486,9.250181],[5.546969,9.244014],[5.535049,9.225911],[5.517278,9.213705],[5.511936,9.204186],[5.49263,9.149603],[5.494359,9.130632],[5.489514,9.102921],[5.467885,9.069774],[5.441372,9.047447],[5.432124,9.00959],[5.401188,8.973722],[5.37212,8.962195],[5.351528,8.942287],[5.331479,8.934398],[5.318687,8.921837],[5.29026,8.887791],[5.281131,8.865339],[5.275354,8.833308],[5.254178,8.817404],[5.244288,8.796496]]}},
{"type":"Feature","properties":{},"geometry":{"type":"LineString","coordinates":[[5.809701,9.398175],[5.805028,9.453588],[5.818226,9.47336],[5.852958,9.506824],[5.862429,9.5257],[5.859435,9.557621],[5.864173,9.567289],[5.877903,9.575497],[5.882975,9.587781],[5.888628,9.631803],[5.872253,9.641801],[5.858754,9.661328],[5.843914,9.669464],[5.832019,9.69545],[5.805171,9.716627],[5.784641,9.750696],[5.782443,9.785232],[5.751803,9.837567],[5.752971,9.940496],[5.744147,9.963376],[5.807577,10.000755],[5.855639,10.039484],[5.904302,10.126578],[5.917644,10.140326],[5.93537,10.140169],[5.987814,10.127678],[6.006975,10.131509],[6.017611,10.13819],[6.036881,10.137089],[6.044408,10.143797],[6.099243,10.138354],[6.175907,10.139778],[6.217065,10.13568],[6.215109,10.111053],[6.206807,10.088953],[6.212097,10.058094],[6.208492,10.039336],[6.212645,9.987539],[6.218678,9.968996],[6.232522,9.954691],[6.216217,9.908021],[6.21853,9.858398],[6.236632,9.83512],[6.252162,9.83497],[6.254605,9.830634],[6.260386,9.818256],[6.262563,9.786813],[6.278813,9.7654],[6.284898,9.736691],[6.303376,9.689381],[6.316007,9.695112],[6.337056,9.688746],[6.34217,9.703483],[6.3525,9.712007],[6.38508,9.786845],[6.390393,9.79018],[6.41186,9.793969],[6.508536,9.78898],[6.542786,9.797863],[6.566633,9.792069],[6.647216,9.793367],[6.677917,9.7761]]}},
{"type":"Feature","properties":{},"geometry":{"type":"LineString","coordinates":[[6.284195,9.739302],[6.244523,9.74012],[6.196829,9.721161],[6.163745,9.720083],[6.110508,9.702907],[6.055756,9.703965],[6.021607,9.688091],[5.977547,9.683854],[5.944292,9.648293],[5.888628,9.631803]]}},
{"type":"Feature","properties":{},"geometry":{"type":"LineString","coordinates":[[6.217731,10.124583],[6.251153,10.0993],[6.284215,10.094814],[6.306468,10.082115],[6.339931,10.071613],[6.364441,10.097239],[6.373117,10.124411],[6.390005,10.13394],[6.440071,10.150051],[6.446147,10.151373],[6.477935,10.137177],[6.508771,10.142855],[6.519413,10.135349],[6.538948,10.130981],[6.590339,10.140587],[6.619241,10.140268],[6.648257,10.156884],[6.673217,10.165227],[6.696536,10.165889],[6.707798,10.172227],[6.713149,10.178018],[6.715156,10.190311],[6.722686,10.196383],[6.72739,10.213265],[6.753873,10.218504],[6.766442,10.230059],[6.794912,10.24543],[6.812176,10.272322],[6.842785,10.284275],[6.854439,10.29676],[6.964918,10.306505],[6.974891,10.308537],[6.983224,10.31613],[6.977746,10.325433],[6.953563,10.330655],[6.927007,10.345141],[6.892304,10.354798],[6.866497,10.354802],[6.862413,10.364087],[6.874416,10.379336],[6.885375,10.385361],[6.888571,10.392403],[6.884602,10.3983],[6.869465,10.406488],[6.853542,10.426692],[6.845499,10.430176],[6.791226,10.44314],[6.7676,10.444344],[6.751245,10.455314],[6.746691,10.464604],[6.773856,10.472904]]}},
{"type":"Feature","properties":{},"geometry":{"type":"LineString","coordinates":[[5.824523,10.015152],[5.804795,10.063648],[5.806152,10.112638],[5.789553,10.189055],[5.788452,10.223274],[5.776076,10.233803],[5.777487,10.268209],[5.75499,10.311394],[5.759356,10.33031],[5.744555,10.346154],[5.731119,10.411915],[5.71535,10.424531],[5.715998,10.44533],[5.70578,10.451888],[5.686865,10.452048],[5.674765,10.457235],[5.645525,10.479209],[5.630621,10.484418],[5.593561,10.52171],[5.588569,10.53932],[5.594739,10.550828],[5.592624,10.577199],[5.588026,10.586021],[5.573165,10.597239],[5.568844,10.639348],[5.555452,10.658876],[5.549904,10.692219]]}},
{"type":"Feature","properties":{},"geometry":{"type":"LineString","coordinates":[[5.759356,10.33031],[5.720716,10.315845],[5.583809,10.302175],[5.571004,10.290267],[5.538069,10.274795],[5.510504,10.272235],[5.496817,10.253384],[5.489326,10.250667],[5.45614,10.245371],[5.407468,10.22955],[5.381333,10.230667],[5.290289,10.1971],[5.290039,10.161955],[5.296491,10.150349]]}},
{"type":"Feature","properties":{},"geometry":{"type":"LineString","coordinates":[[5.290289,10.1971],[5.290872,10.213282],[5.284836,10.217948],[5.240036,10.220572],[5.235935,10.234936],[5.208543,10.257321]]}},
{"type":"Feature","properties":{},"geometry":{"type":"LineString","coordinates":[[5.295241,10.152596],[5.267481,10.140377],[5.21983,10.134228]]}},
{"type":"Feature","properties":{},"geometry":{"type":"LineString","coordinates":[[5.759356,10.33031],[5.773692,10.314701],[5.804337,10.295945],[5.834242,10.299383],[5.89046,10.270688],[5.961714,10.25433],[5.953657,10.240999],[5.952574,10.224832],[5.96205,10.192937],[5.923047,10.159461],[5.91726,10.140104]]}},
{"type":"Feature","properties":{},"geometry":{"type":"LineString","coordinates":[[6.3833,9.424176],[6.376847,9.392838],[6.354634,9.369137],[6.313653,9.352888],[6.298851,9.337431],[6.289022,9.293854],[6.285457,9.248139],[6.276979,9.23678],[6.275718,9.196806],[6.279591,9.179571],[6.265837,9.16306],[6.247985,9.155943],[6.246835,9.144516],[6.255138,9.137163],[6.237016,9.099894],[6.24318,9.087361],[6.238883,9.074923],[6.219473,9.044517],[6.224279,9.001111],[6.20458,8.98118],[6.208162,8.95681],[6.200346,8.948868],[6.172034,8.935555],[6.167754,8.906322],[6.154512,8.888719],[6.140261,8.852327],[6.111402,8.84656],[6.101881,8.819371],[6.065545,8.808115],[6.062106,8.785495],[6.05647,8.778146],[6.038778,8.773666],[6.030347,8.765414],[6.022266,8.74283],[6.016182,8.737332],[5.99666,8.7361],[5.994171,8.71532],[5.975269,8.704375],[5.968159,8.686403],[5.983262,8.657626],[5.976128,8.636419],[6.00059,8.616815],[6.001,8.609879],[5.985638,8.605375],[5.984154,8.593831],[6.008716,8.587169],[6.014226,8.579268],[5.988214,8.578546],[6.000208,8.568284],[6.012263,8.565879],[6.031137,8.544931],[6.021683,8.523744],[6.028531,8.508899],[6.028353,8.486252],[6.031545,8.478831],[6.051851,8.46342],[6.052217,8.450937],[6.037247,8.436263],[6.030392,8.390556],[6.020495,8.371219],[6.022263,8.35965],[6.038553,8.365534],[6.058973,8.365376],[6.083971,8.357325],[6.098069,8.379399],[6.122272,8.38799],[6.136405,8.414222],[6.150321,8.413186],[6.197796,8.42944]]}},
{"type":"Feature","properties":{},"geometry":{"type":"LineString","coordinates":[[6.022263,8.35965],[6.000872,8.354266],[5.961045,8.366122],[5.95037,8.366202],[5.944295,8.360701],[5.943657,8.337592],[5.927365,8.331242],[5.926386,8.324315],[5.939783,8.315895],[5.941126,8.309414],[5.925252,8.296587],[5.926596,8.290106],[5.935832,8.284028],[5.936238,8.276167],[5.930636,8.271585],[5.910238,8.274508],[5.88442,8.265912],[5.866918,8.25217],[5.843242,8.250952],[5.824542,8.231667],[5.787825,8.223602],[5.762645,8.206207],[5.731731,8.207461],[5.717837,8.202352],[5.701624,8.206621],[5.67688,8.184593],[5.6479,8.188022],[5.642306,8.184359],[5.639443,8.172356],[5.616913,8.168803],[5.614473,8.150324],[5.603728,8.139296],[5.591612,8.136103],[5.58288,8.144515],[5.560604,8.144194],[5.549388,8.13178],[5.538716,8.131846],[5.528458,8.124049],[5.508502,8.123711],[5.488118,8.091466],[5.462553,8.084222],[5.435671,8.08947],[5.421514,8.08863],[5.405218,8.079476],[5.347909,8.079348],[5.309784,8.066615],[5.308117,8.018063]]}},
{"type":"Feature","properties":{},"geometry":{"type":"LineString","coordinates":[[5.927889,8.229424],[5.899747,8.235869],[5.871667,8.248041]]}},
{"type":"Feature","properties":{},"geometry":{"type":"LineString","coordinates":[[6.59186,9.477055],[6.570382,9.538877],[6.550199,9.567264],[6.544967,9.645852],[6.559247,9.675732],[6.567681,9.680726],[6.578361,9.700017],[6.596185,9.712302],[6.597764,9.729378],[6.605338,9.740847],[6.668287,9.748951],[6.679562,9.758068],[6.677917,9.7761]]}},
{"type":"Feature","properties":{},"geometry":{"type":"LineString","coordinates":[[6.702898,10.16947],[6.710703,10.152987],[6.728809,10.133076],[6.752605,10.121719],[6.797298,10.117204],[6.848369,10.1006],[6.866269,10.090539],[6.898058,10.09339],[6.912984,10.087216],[6.920028,10.078821],[6.918663,10.068678],[6.95145,10.057205],[7.01746,10.051484]]}},
{"type":"Feature","properties":{},"geometry":{"type":"LineString","coordinates":[[5.85899,11.168453],[5.850382,11.149815],[5.849336,11.114464],[5.858306,11.098432],[5.848866,11.065933],[5.826954,11.050192],[5.772826,11.041678],[5.738956,11.022572],[5.691913,11.020913],[5.672757,10.998199],[5.660558,10.968487],[5.641596,10.953571]]}},
{"type":"Feature","properties":{},"geometry":{"type":"LineString","coordinates":[[5.641596,10.953571],[5.734516,10.921371],[5.746353,10.911558],[5.822009,10.899082],[5.840805,10.883655],[5.865997,10.87718],[5.880012,10.875662],[5.904189,10.909408],[5.917625,10.920373],[5.92957,10.922338],[5.941448,10.917372],[5.989125,10.914829],[5.996758,10.906435],[5.987294,10.871863],[6.009715,10.869565],[6.036961,10.858898],[6.039519,10.845614],[6.066853,10.832952],[6.084191,10.814061],[6.13809,10.8052],[6.174574,10.807599],[6.209844,10.794758],[6.233201,10.793591],[6.245291,10.787918],[6.244257,10.778687],[6.230691,10.777443],[6.222216,10.771524],[6.227725,10.762225],[6.252495,10.762428],[6.283906,10.7718],[6.294166,10.769843],[6.305852,10.760208],[6.310239,10.762557],[6.331408,10.756969],[6.341042,10.740694],[6.359165,10.73172],[6.409094,10.726094],[6.450667,10.725636],[6.494219,10.734851],[6.522388,10.72668],[6.560852,10.700373],[6.605662,10.698009],[6.620851,10.690155],[6.63475,10.689357],[6.631816,10.678306],[6.668132,10.669105],[6.668071,10.664024],[6.657689,10.654908],[6.64784,10.651328],[6.645406,10.643043],[6.651393,10.636044],[6.679339,10.630175],[6.72657,10.597748],[6.718745,10.568281],[6.683892,10.542362]]}},
{"type":"Feature","properties":{},"geometry":{"type":"LineString","coordinates":[[6.71916,10.569339],[6.738923,10.538483],[6.779169,10.524704],[6.795078,10.512413],[6.796713,10.493458],[6.773852,10.472596]]}},
{"type":"Feature","properties":{},"geometry":{"type":"LineString","coordinates":[[5.85899,11.168453],[5.779741,11.20959],[5.718032,11.219867],[5.663257,11.246712],[5.616475,11.252213],[5.592876,11.238321]]}},
{"type":"Feature","properties":{},"geometry":{"type":"LineString","coordinates":[[5.85899,11.168453],[5.918579,11.164816],[5.933482,11.157275],[5.967221,11.161102],[5.988249,11.157659],[6.040457,11.13726],[6.123207,11.129478],[6.156755,11.116188],[6.216848,11.113241],[6.252068,11.124876],[6.321933,11.117642],[6.365978,11.123621],[6.383265,11.141908],[6.401547,11.144935],[6.453059,11.168831],[6.465408,11.184396],[6.499337,11.20918]]}},
{"type":"Feature","properties":{},"geometry":{"type":"LineString","coordinates":[[6.454175,11.170709],[6.489092,11.149934],[6.513849,11.146873],[6.550064,11.124273],[6.565229,11.121322],[6.576262,11.105485]]}},
{"type":"Feature","properties":{},"geometry":{"type":"LineString","coordinates":[[5.977618,11.648081],[5.951247,11.637259],[5.904346,11.635888],[5.886393,11.622664],[5.860097,11.618767],[5.822217,11.605273],[5.806594,11.590171],[5.789741,11.592646],[5.689755,11.580188],[5.649332,11.569466],[5.643394,11.561198],[5.623622,11.552594],[5.575314,11.550715],[5.551911,11.554913]]}},
{"type":"Feature","properties":{},"geometry":{"type":"LineString","coordinates":[[5.449912,11.417083],[5.416813,11.396721],[5.368202,11.383939],[5.313116,11.352471],[5.296928,11.349823],[5.287033,11.342964],[5.285533,11.331183],[5.302041,11.28597],[5.296309,11.272141],[5.294706,11.247184],[5.280539,11.232726],[5.278338,11.220951],[5.290063,11.193116],[5.276548,11.171716],[5.268784,11.16692],[5.26511,11.146138],[5.250351,11.129832],[5.265774,11.126018],[5.314008,11.126575],[5.345949,11.139275],[5.398902,11.144404],[5.423886,11.164548],[5.458776,11.165189],[5.48229,11.177016],[5.527303,11.184037],[5.547445,11.184791],[5.562085,11.172011]]}},
{"type":"Feature","properties":{},"geometry":{"type":"LineString","coordinates":[[3.981473,10.181721],[3.962641,10.210235],[3.961987,10.225507],[3.979645,10.271265],[3.966368,10.283798],[3.97354,10.337222],[3.983477,10.376756],[3.995452,10.394765],[3.99689,10.405866],[4.013783,10.426636],[4.018773,10.451607],[4.037835,10.490414],[4.041471,10.529269],[4.063959,10.541688],[4.07664,10.557609],[4.101254,10.575569],[4.144239,10.628164],[4.180114,10.652323],[4.192128,10.674486],[4.213272,10.698002],[4.257635,10.735303],[4.254888,10.749888],[4.231056,10.757618],[4.225467,10.763886],[4.233684,10.77009]]}},
{"type":"Feature","properties":{},"geometry":{"type":"LineString","coordinates":[[4.01486,10.361992],[4.034052,10.371185],[4.032205,10.378132],[4.017745,10.386971],[3.990982,10.388042]]}},
{"type":"Feature","properties":{},"geometry":{"type":"LineString","coordinates":[[3.936758,9.801569],[3.880212,9.872339],[3.862042,9.883492],[3.836161,9.891193],[3.800545,9.926682],[3.741633,9.963778],[3.714574,9.99282],[3.705532,10.021299],[3.699933,10.085045],[3.668926,10.100046],[3.62504,10.106149],[3.590473,10.102047],[3.565274,10.113198],[3.540507,10.10491],[3.507812,10.102648],[3.463493,10.136034],[3.419823,10.137481],[3.401152,10.14676],[3.37033,10.152349]]}},
{"type":"Feature","properties":{},"geometry":{"type":"LineString","coordinates":[[3.682457,10.094003],[3.764001,10.092436],[3.796237,10.098375],[3.819137,10.105261],[3.850483,10.12693],[3.878991,10.134259],[3.927576,10.139216],[3.971035,10.153053]]}},
{"type":"Feature","properties":{},"geometry":{"type":"LineString","coordinates":[[2.580966,10.163282],[2.56656,10.157306],[2.525904,10.124333],[2.501154,10.12152],[2.487419,10.113187],[2.442629,10.070058],[2.428632,10.063092],[2.425095,10.082522]]}},
{"type":"Feature","properties":{},"geometry":{"type":"LineString","coordinates":[[2.588858,10.201241],[2.570361,10.158883]]}},
{"type":"Feature","properties":{},"geometry":{"type":"LineString","coordinates":[[2.428632,10.063092],[2.424572,9.982099],[2.490018,9.925282],[2.512936,9.893847],[2.529751,9.885077],[2.550287,9.88418],[2.578074,9.870333],[2.607953,9.862038]]}},
{"type":"Feature","properties":{},"geometry":{"type":"LineString","coordinates":[[2.424572,9.982099],[2.375537,9.990803],[2.361949,9.998439],[2.332449,9.998895],[2.315336,9.996701],[2.252982,9.97528]]}},
{"type":"Feature","properties":{},"geometry":{"type":"LineString","coordinates":[[2.428632,10.063092],[2.364197,10.02477],[2.339107,10.015877],[2.321821,9.997533]]}},
{"type":"Feature","properties":{},"geometry":{"type":"LineString","coordinates":[[2.252982,9.97528],[2.138279,9.954641],[2.058788,9.922035],[2.024779,9.901114],[1.947275,9.838875],[1.909162,9.793869],[1.858342,9.716428],[1.850957,9.693729],[1.838875,9.681195],[1.840383,9.649273],[1.824808,9.568244],[1.820794,9.51548],[1.825601,9.472463],[1.814494,9.449752],[1.789205,9.418201],[1.773484,9.383443],[1.726032,9.363379],[1.711423,9.345281],[1.70728,9.331847],[1.684509,9.316957],[1.672484,9.293777],[1.633066,9.248747],[1.608064,9.211172],[1.584605,9.196737],[1.566059,9.176769],[1.572263,9.138853],[1.54444,9.111444],[1.540783,9.094773],[1.530061,9.098432],[1.524912,9.10535],[1.528602,9.113694]]}},
{"type":"Feature","properties":{},"geometry":{"type":"LineString","coordinates":[[1.540783,9.094773],[1.543614,9.085531],[1.530287,9.042911]]}},
{"type":"Feature","properties":{},"geometry":{"type":"LineString","coordinates":[[1.534019,9.052608],[1.569121,9.05093],[1.585831,9.043077],[1.626824,9.03439],[1.687439,9.03379],[1.733879,9.005161],[1.739648,8.98184],[1.75116,8.972625],[1.764523,8.966191],[1.808605,8.958624],[1.847628,8.9316],[1.86049,8.885674],[1.881727,8.872678],[1.906544,8.872135],[1.954531,8.81345],[1.971773,8.803317],[1.996614,8.801945],[2.038836,8.785807],[2.085941,8.800321],[2.111802,8.794006],[2.145902,8.801285],[2.164738,8.792482],[2.188718,8.794797],[2.192357,8.785549],[2.221743,8.773476],[2.222166,8.768951],[2.208336,8.758227],[2.239741,8.71736],[2.243718,8.693199],[2.240064,8.659562],[2.242581,8.641364],[2.249453,8.61546],[2.257535,8.604369],[2.269433,8.542377],[2.262681,8.507499],[2.250947,8.485262],[2.260269,8.472322],[2.261852,8.455046],[2.251664,8.435281],[2.247369,8.413057],[2.274709,8.373616],[2.296115,8.357302],[2.298025,8.328919],[2.311066,8.311665],[2.319931,8.290699],[2.317158,8.281746],[2.322146,8.262934],[2.322217,8.22128],[2.332921,8.210191],[2.314988,8.192882],[2.304489,8.175277],[2.302676,8.149356],[2.307033,8.137022],[2.328397,8.137366]]}},
{"type":"Feature","properties":{},"geometry":{"type":"LineString","coordinates":[[2.307033,8.137022],[2.305556,8.095675],[2.297265,8.055858],[2.264336,8.033122],[2.254159,8.012193],[2.232385,7.98632],[2.221756,7.960382],[2.216714,7.926125],[2.197715,7.908965],[2.162939,7.889921],[2.142087,7.872756],[2.095016,7.85507],[2.083221,7.836996],[2.06238,7.817512],[2.063351,7.79854]]}},
{"type":"Feature","properties":{},"geometry":{"type":"LineString","coordinates":[[2.25003,8.006889],[2.233721,8.016868],[2.219267,8.048312],[2.217353,8.077928],[2.195458,8.112596],[2.205657,8.122334]]}},
{"type":"Feature","properties":{},"geometry":{"type":"LineString","coordinates":[[2.195458,8.112596],[2.165375,8.153449],[2.126549,8.193907],[2.117672,8.217027],[2.089732,8.247046],[2.083976,8.325706]]}},
{"type":"Feature","properties":{},"geometry":{"type":"LineString","coordinates":[[1.530287,9.042911],[1.516542,9.040651],[1.49976,9.04706],[1.487104,9.068291],[1.461498,9.069572],[1.436875,9.058826],[1.411747,9.05733],[1.389094,9.075274],[1.354613,9.083448],[1.322958,9.08423],[1.289859,9.09518],[1.231423,9.099527],[1.191773,9.116911],[1.166518,9.140377],[1.144115,9.151829],[1.135511,9.150396],[1.142646,9.120827],[1.137818,9.064366],[1.141591,9.05467],[1.164008,9.039056],[1.166375,9.031203],[1.164488,9.016755],[1.158116,9.008032],[1.14325,9.003331],[1.124615,9.007863],[1.059089,8.963424],[1.042054,8.959017],[1.031267,8.946316],[0.998788,8.930723],[0.963636,8.922515],[0.942459,8.938433],[0.981003,8.978424],[0.985039,9.033645],[0.992017,9.062053],[1.007765,9.075399],[1.027898,9.081367],[1.055707,9.102487],[1.067708,9.121054],[1.082564,9.128224]]}},
{"type":"Feature","properties":{},"geometry":{"type":"LineString","coordinates":[[0.98158,9.014198],[0.968711,9.041264],[0.956878,9.049215],[0.95745,9.057853],[0.96854,9.071791],[0.96873,9.093069]]}},
{"type":"Feature","properties":{},"geometry":{"type":"LineString","coordinates":[[0.881838,9.0972],[0.888712,9.088915],[0.893785,9.070134],[0.922432,9.051489],[0.929216,9.036818],[0.922255,9.02836],[0.947967,9.034364],[0.958459,9.048181]]}},
{"type":"Feature","properties":{},"geometry":{"type":"LineString","coordinates":[[0.922255,9.02836],[0.906658,9.016555],[0.863559,9.014148],[0.854324,9.002378],[0.822357,9.00589],[0.77838,8.995452],[0.726536,9.004077],[0.719509,8.987076],[0.708208,8.984231],[0.661581,8.977464],[0.638599,8.982867],[0.61898,8.995689],[0.60112,9.047058],[0.600924,9.076653],[0.593694,9.091095],[0.595046,9.1207],[0.588512,9.12374],[0.562037,9.116781],[0.557545,9.118853],[0.535841,9.137259],[0.522982,9.157517],[0.502585,9.168783],[0.480091,9.191131],[0.452845,9.205119],[0.429437,9.203103],[0.412761,9.192504],[0.400484,9.174537],[0.383217,9.160233],[0.371023,9.13117],[0.367525,9.100629],[0.360157,9.090405],[0.35898,9.081765],[0.36809,9.065803],[0.371671,9.042401],[0.382982,9.021831],[0.378491,8.999683],[0.380919,8.963865],[0.364553,8.911656],[0.349802,8.893982],[0.345627,8.871143],[0.348472,8.863457],[0.368115,8.846951],[0.383548,8.811919],[0.392599,8.802734],[0.394303,8.780552],[0.401834,8.767041],[0.414243,8.764969],[0.437142,8.769441],[0.461089,8.756655],[0.48806,8.754677],[0.518986,8.763822],[0.566449,8.756115],[0.629098,8.772545],[0.648668,8.765267],[0.659197,8.766566],[0.665996,8.769691],[0.672745,8.780832],[0.69421,8.792989],[0.739333,8.814228],[0.759172,8.814038],[0.771213,8.822127],[0.782568,8.841311],[0.814484,8.843657],[0.820041,8.847697],[0.836236,8.834841],[0.854211,8.83587],[0.87022,8.828252],[0.886807,8.828037],[0.908396,8.847894],[0.917302,8.863052],[0.917857,8.874465],[0.930777,8.89273],[0.933281,8.911856],[0.943721,8.937254]]}},
{"type":"Feature","properties":{},"geometry":{"type":"LineString","coordinates":[[0.886807,8.828037],[0.868613,8.784149],[0.846449,8.757504],[0.833722,8.733998],[0.822314,8.723758],[0.82209,8.708956],[0.798105,8.677058],[0.771273,8.655627],[0.75908,8.62164],[0.756112,8.599422],[0.748725,8.591363],[0.731418,8.584478],[0.715221,8.547383],[0.674962,8.520629],[0.640051,8.506544],[0.608415,8.464113],[0.603885,8.445588],[0.596822,8.435987],[0.56612,8.41915],[0.540382,8.376446],[0.531412,8.375156],[0.516953,8.360885],[0.481049,8.36035],[0.436212,8.35328],[0.381673,8.362786],[0.363657,8.372223],[0.356712,8.437833],[0.371302,8.477695],[0.385075,8.501214],[0.386849,8.513645],[0.385219,8.525567],[0.360442,8.571328],[0.347677,8.581104],[0.343886,8.591866],[0.36512,8.611432],[0.386167,8.658429],[0.386644,8.679086],[0.394952,8.687157],[0.406445,8.727616],[0.40698,8.73995],[0.393862,8.754965],[0.403325,8.766559]]}},
{"type":"Feature","properties":{},"geometry":{"type":"LineString","coordinates":[[0.545298,8.382334],[0.576724,8.381758],[0.601862,8.371737],[0.646908,8.371546],[0.676567,8.381896],[0.694695,8.379228],[0.703459,8.389453],[0.767992,8.393524],[0.786491,8.407503],[0.820136,8.412779],[0.827523,8.420683],[0.835876,8.422116],[0.861702,8.456023],[0.883467,8.46863],[0.903421,8.4729],[0.940402,8.464309],[0.965022,8.4649],[1.036169,8.498107],[1.057977,8.50423],[1.089491,8.567761],[1.135142,8.625502],[1.134709,8.65048],[1.128388,8.675429],[1.131664,8.702276],[1.127494,8.730629],[1.158094,8.779815],[1.156433,8.80232],[1.174608,8.826156],[1.187407,8.871862],[1.182657,8.891885],[1.165439,8.924183],[1.161381,8.991086],[1.152879,9.006375]]}},
{"type":"Feature","properties":{},"geometry":{"type":"LineString","coordinates":[[1.086076,8.428581],[1.087551,8.4437],[1.102668,8.455801],[1.091166,8.46438],[1.086105,8.485635],[1.077399,8.492068],[1.074556,8.503157],[1.06074,8.507757]]}},
{"type":"Feature","properties":{},"geometry":{"type":"LineString","coordinates":[[0.812909,8.410971],[0.818407,8.389566],[0.840287,8.352376],[0.834448,8.288207],[0.82315,8.259778],[0.82269,8.23079],[0.855588,8.156345],[0.878851,8.146292],[0.90189,8.119584],[0.95923,8.101373],[0.971686,8.085708],[1.048796,8.073439],[1.073933,8.058138],[1.105815,8.05582],[1.133309,8.065815],[1.141596,8.080656],[1.145168,8.111668],[1.150257,8.115392],[1.184286,8.128777],[1.218976,8.112922],[1.244026,8.117194],[1.243946,8.1357],[1.266107,8.164479],[1.272072,8.18116],[1.302483,8.186495],[1.312414,8.194284]]}},
{"type":"Feature","properties":{},"geometry":{"type":"LineString","coordinates":[[1.56072,8.297505],[1.533805,8.290004],[1.511095,8.276502],[1.480919,8.272223],[1.470725,8.265707],[1.432187,8.26232],[1.400653,8.250165],[1.359728,8.217633],[1.343664,8.217085],[1.309576,8.192059]]}},
{"type":"Feature","properties":{},"geometry":{"type":"LineString","coordinates":[[2.256275,8.494605],[2.226655,8.501136],[2.20388,8.499239],[2.188087,8.49319],[2.158877,8.457955],[2.116663,8.420688],[2.111534,8.428232]]}},
{"type":"Feature","properties":{},"geometry":{"type":"LineString","coordinates":[[3.370151,7.733586],[3.354882,7.720697],[3.343026,7.691547],[3.28665,7.689506],[3.26159,7.680496],[3.244893,7.691615],[3.201741,7.688166],[3.197542,7.639568],[3.187786,7.608329],[3.195434,7.593746],[3.180812,7.570146],[3.184268,7.517379],[3.178694,7.496552],[3.177982,7.456284],[3.123705,7.384789],[3.121615,7.371599],[3.11257,7.357715],[3.063885,7.334813],[3.05067,7.313985],[3.056231,7.295238],[3.052055,7.26469],[3.060396,7.244554],[3.060393,7.218171],[3.122271,7.225101],[3.16121,7.241752],[3.216143,7.254921],[3.225192,7.274357],[3.250925,7.286147],[3.26832,7.305577],[3.290576,7.311811],[3.334404,7.338164],[3.365025,7.366606],[3.37547,7.382566],[3.388705,7.406855],[3.399886,7.465164],[3.395339,7.514685],[3.399247,7.526956],[3.398581,7.559587],[3.404459,7.57618],[3.392362,7.606804],[3.387607,7.734554],[3.376475,7.740119],[3.370151,7.733586]]}},
{"type":"Feature","properties":{},"geometry":{"type":"LineString","coordinates":[[3.376475,7.740119],[3.415164,7.799096],[3.416579,7.822005],[3.434021,7.858089],[3.43056,7.877532],[3.384645,7.920621],[3.35054,7.939397],[3.308088,7.976226],[3.294169,7.989428],[3.287214,8.003318]]}},
{"type":"Feature","properties":{},"geometry":{"type":"LineString","coordinates":[[3.788161,8.098467],[3.748416,8.077716],[3.730254,8.049285],[3.674479,8.017446],[3.64169,7.982787],[3.61377,7.94048],[3.556609,7.896129],[3.538478,7.87463],[3.515487,7.863551],[3.503636,7.851069],[3.443021,7.810175],[3.415898,7.81098]]}},
{"type":"Feature","properties":{},"geometry":{"type":"LineString","coordinates":[[3.798682,7.956827],[3.797362,7.994318],[3.731618,8.051622]]}},
{"type":"Feature","properties":{},"geometry":{"type":"LineString","coordinates":[[3.753562,8.035358],[3.72633,7.996531],[3.718636,7.9778],[3.699133,7.975751],[3.655233,7.959161],[3.628747,7.943929],[3.617896,7.944954],[3.621443,7.9488]]}},
{"type":"Feature","properties":{},"geometry":{"type":"LineString","coordinates":[[3.814759,7.987341],[3.72057,7.980681]]}},
{"type":"Feature","properties":{},"geometry":{"type":"LineString","coordinates":[[4.006379,8.079132],[3.998109,8.068852],[3.961838,8.046725],[3.938413,8.025725],[3.894175,7.999673],[3.876031,7.982357],[3.857229,7.982396],[3.837053,7.992157],[3.814759,7.987341]]}},
{"type":"Feature","properties":{},"geometry":{"type":"LineString","coordinates":[[3.92876,8.01943],[3.908866,8.029491],[3.858744,8.040706],[3.809381,8.085236],[3.788161,8.098467]]}},
{"type":"Feature","properties":{},"geometry":{"type":"LineString","coordinates":[[3.785619,8.097429],[3.770406,8.102666],[3.759282,8.114489],[3.744661,8.118681],[3.734234,8.131196],[3.712649,8.138177],[3.690387,8.15696],[3.65277,8.160493]]}},
{"type":"Feature","properties":{},"geometry":{"type":"LineString","coordinates":[[3.995768,7.820342],[3.978368,7.821077],[3.956146,7.84473],[3.922091,7.869797],[3.885998,7.921246],[3.880484,7.947637],[3.871474,7.967788],[3.861043,7.974752],[3.861059,7.982388]]}},
{"type":"Feature","properties":{},"geometry":{"type":"LineString","coordinates":[[4.005057,7.821708],[4.021875,7.821668],[4.054623,7.834083],[4.083911,7.854139],[4.125034,7.873467],[4.153667,7.906014],[4.183655,7.923978],[4.245806,7.986268],[4.273118,8.03616],[4.274194,8.057376],[4.250245,8.07163],[4.216127,8.07451],[4.139493,8.067095],[4.085195,8.077655],[4.05314,8.071491],[4.015561,8.084775],[4.006379,8.079132]]}},
{"type":"Feature","properties":{},"geometry":{"type":"LineString","coordinates":[[3.995768,7.820342],[4.005057,7.821708]]}},
{"type":"Feature","properties":{},"geometry":{"type":"LineString","coordinates":[[4.407159,8.133588],[4.372192,8.092063],[4.355463,8.087955],[4.300438,8.086744],[4.276027,8.075716],[4.250245,8.07163]]}},
{"type":"Feature","properties":{},"geometry":{"type":"LineString","coordinates":[[4.540102,8.062642],[4.619731,8.082134],[4.656732,8.104887],[4.661644,8.11389],[4.705884,8.128562]]}},
{"type":"Feature","properties":{},"geometry":{"type":"LineString","coordinates":[[4.551098,6.863738],[4.507594,6.941961],[4.509818,6.985681],[4.493289,7.030501],[4.477064,7.171104],[4.486574,7.210636],[4.48882,7.259561],[4.513044,7.332358],[4.520542,7.390634],[4.530021,7.417669],[4.557255,7.450889],[4.577102,7.459147],[4.598855,7.482777],[4.644037,7.507832],[4.707751,7.529449],[4.72716,7.55748],[4.77012,7.603804],[4.790556,7.612047],[4.799457,7.62261]]}},
{"type":"Feature","properties":{},"geometry":{"type":"LineString","coordinates":[[5.77827,7.326447],[5.796598,7.327043],[5.806962,7.3199],[5.818648,7.300409],[5.819203,7.278214],[5.798124,7.238816],[5.794375,7.193762]]}},
{"type":"Feature","properties":{},"geometry":{"type":"LineString","coordinates":[[5.794375,7.193762],[5.778915,7.163573],[5.764766,7.119967],[5.763939,7.097779],[5.775616,7.076904],[5.779094,7.039202],[5.776169,7.014253],[5.780747,7.005904],[5.780648,6.98926],[5.763346,6.965865]]}},
{"type":"Feature","properties":{},"geometry":{"type":"LineString","coordinates":[[4.553632,6.862015],[4.524971,6.855262],[4.493326,6.839515],[4.412373,6.823677],[4.399076,6.812754],[4.380736,6.769165],[4.364471,6.746999],[4.336625,6.720699],[4.297251,6.709698],[4.275978,6.717158],[4.238915,6.704759]]}},
{"type":"Feature","properties":{},"geometry":{"type":"LineString","coordinates":[[5.44821,6.855361],[5.433039,6.836104],[5.430768,6.813917],[5.424537,6.801616],[5.399096,6.771835],[5.401842,6.703066],[5.384402,6.668002],[5.38182,6.644274],[5.370641,6.627986],[5.368684,6.605487],[5.356267,6.587971],[5.355219,6.561768],[5.3422,6.546721],[5.340589,6.531928],[5.327838,6.50799],[5.3627,6.480488],[5.372255,6.447144]]}},
{"type":"Feature","properties":{},"geometry":{"type":"LineString","coordinates":[[3.874724,7.704128],[3.855934,7.704166],[3.823941,7.713947],[3.789133,7.708459],[3.755056,7.722405],[3.73279,7.725915],[3.716812,7.743298],[3.654903,7.767002],[3.61805,7.793438],[3.556121,7.812963],[3.517857,7.832451],[3.501351,7.849823]]}},
{"type":"Feature","properties":{},"geometry":{"type":"LineString","coordinates":[[3.874724,7.704128],[3.874,7.690245],[3.835602,7.627148],[3.823061,7.618147],[3.795216,7.611257],[3.784064,7.600863],[3.754837,7.598138],[3.743013,7.600935],[3.70061,7.625305],[3.640775,7.629563],[3.587847,7.597702],[3.534911,7.552643],[3.518181,7.525587],[3.497293,7.510337],[3.463887,7.497183],[3.448582,7.496505],[3.39788,7.522664]]}},
{"type":"Feature","properties":{},"geometry":{"type":"LineString","coordinates":[[3.874724,7.704128],[3.882776,7.727715],[3.88353,7.75525],[3.871763,7.786745],[3.873202,7.80965],[3.880906,7.83208],[3.874013,7.864491],[3.874089,7.900589],[3.86785,7.913793],[3.865349,7.938558],[3.851192,7.968036],[3.861043,7.974752]]}},
{"type":"Feature","properties":{},"geometry":{"type":"LineString","coordinates":[[3.995768,7.820342],[3.994493,7.783698],[3.979175,7.781419],[3.955921,7.758333],[3.92108,7.739435],[3.905715,7.714477],[3.892367,7.707099],[3.874724,7.704128]]}},
{"type":"Feature","properties":{},"geometry":{"type":"LineString","coordinates":[[3.838941,7.631231],[3.853298,7.603163],[3.853907,7.559426],[3.908226,7.488601],[3.917676,7.447529],[3.917638,7.428785],[3.89801,7.352462],[3.877793,7.326121],[3.875151,7.278919],[3.862568,7.242844],[3.860542,7.151209],[3.852605,7.119289],[3.865973,7.082239],[3.860357,7.051703],[3.867751,7.04197],[3.869537,7.005867],[3.886203,7.000745]]}},
{"type":"Feature","properties":{},"geometry":{"type":"LineString","coordinates":[[3.886667,7.001207],[3.882692,6.981081],[3.838836,6.933953],[3.832753,6.898558],[3.818349,6.871276],[3.823892,6.862936],[3.816413,6.822219],[3.822848,6.793975],[3.939973,6.784043],[3.966835,6.788156],[4.008535,6.802418]]}},
{"type":"Feature","properties":{},"geometry":{"type":"LineString","coordinates":[[3.366672,4.280035],[3.378561,4.280955],[3.391461,4.260118],[3.440779,4.225836],[3.460139,4.216567],[3.480885,4.213314],[3.498399,4.203119],[3.534366,4.209576],[3.58001,4.208617],[3.610909,4.219703],[3.648251,4.215507],[3.713693,4.185362],[3.752666,4.202915],[3.810294,4.201005],[3.841396,4.185235],[3.899472,4.139056],[3.917169,4.130532],[3.944372,4.135592],[3.946704,4.157806],[3.966558,4.183702],[3.947732,4.245747],[3.954249,4.29619],[3.940019,4.348048],[3.940045,4.368413],[3.952091,4.413294],[3.954446,4.452171],[3.960005,4.471603],[3.939337,4.537355],[3.943586,4.566814],[3.940425,4.663712],[3.945551,4.702584],[3.956215,4.741449],[3.981191,4.78631]]}},
{"type":"Feature","properties":{},"geometry":{"type":"LineString","coordinates":[[3.915178,5.096047],[3.917578,5.16038],[3.920363,5.171484],[3.940724,5.203995],[3.944473,5.240875],[3.953264,5.253358],[3.962579,5.305645],[3.958933,5.33666],[3.979338,5.391706],[3.982613,5.417619],[3.988637,5.430106],[3.991947,5.477309],[4.024134,5.528166],[4.034343,5.555455],[4.053766,5.567917],[4.067893,5.588718],[4.09054,5.595156],[4.13374,5.586024],[4.161666,5.588891],[4.167399,5.580815],[4.187498,5.570491],[4.259724,5.553474],[4.281539,5.531523],[4.319536,5.517864],[4.338565,5.490673],[4.360088,5.477975],[4.369621,5.439389],[4.410129,5.383764],[4.429788,5.366133],[4.435597,5.349461],[4.468803,5.334265],[4.50272,5.30232]]}},
{"type":"Feature","properties":{},"geometry":{"type":"LineString","coordinates":[[4.516781,4.557445],[4.499031,4.527463],[4.481704,4.510145],[4.460929,4.497693],[4.436649,4.460951],[4.415211,4.462381],[4.371541,4.409707],[4.332071,4.382705],[4.291265,4.381388],[4.282957,4.376544],[4.242837,4.372446],[4.213792,4.373882],[4.187485,4.357263],[4.17019,4.354513],[4.105865,4.351139],[4.072672,4.354659],[4.045048,4.383856],[4.036794,4.417192],[4.025753,4.436647],[4.020261,4.466508],[4.005744,4.473471],[3.99643,4.491534],[3.993703,4.521391],[3.980599,4.551263],[3.985481,4.579721],[3.979269,4.590838],[3.969649,4.63945],[3.9767,4.734555],[3.989985,4.777504],[3.981191,4.78631]]}},
{"type":"Feature","properties":{},"geometry":{"type":"LineString","coordinates":[[4.521574,4.658537],[4.480675,4.70011],[4.481644,4.722012],[4.470307,4.741163],[4.468833,4.7714],[4.456566,4.78716],[4.451093,4.816788],[4.436409,4.854149],[4.424444,4.868366]]}},
{"type":"Feature","properties":{},"geometry":{"type":"LineString","coordinates":[[4.365682,4.911064],[4.329033,4.888924],[4.298213,4.856897],[4.287136,4.854759],[4.25517,4.86716],[4.243189,4.875513],[4.231683,4.89127],[4.213848,4.894696],[4.181824,4.875933],[4.155019,4.850678],[4.131938,4.843621],[4.104875,4.847368],[4.093182,4.84461],[4.057011,4.826772],[4.043151,4.81476],[4.024843,4.810468],[3.981191,4.78631]]}},
{"type":"Feature","properties":{},"geometry":{"type":"LineString","coordinates":[[4.961222,4.871891],[4.978786,4.920302],[5.000054,4.936893],[5.006541,4.946589],[5.007969,4.961389],[5.019975,4.965516],[5.041715,4.984879],[5.06768,5.027358],[5.07052,5.050016],[5.084427,5.071251],[5.083143,5.10225],[5.066674,5.145788],[5.049205,5.165737],[5.048842,5.19627],[5.044281,5.212939],[5.044806,5.232368],[5.049442,5.238829],[5.045368,5.263361],[5.046876,5.300827],[5.0387,5.340639],[5.056721,5.347055],[5.079853,5.363168],[5.086398,5.387663],[5.104469,5.407955],[5.106369,5.423677],[5.119583,5.440284]]}},
{"type":"Feature","properties":{},"geometry":{"type":"LineString","coordinates":[[5.914056,5.202887],[5.961352,5.263378],[5.966638,5.284321]]}},
{"type":"Feature","properties":{},"geometry":{"type":"LineString","coordinates":[[5.872164,5.240906],[5.858848,5.237041],[5.782775,5.242933],[5.768966,5.249005],[5.761178,5.261061],[5.743679,5.267612],[5.734509,5.280136],[5.72117,5.28898],[5.708276,5.285861],[5.683367,5.294231],[5.62681,5.337479]]}},
{"type":"Feature","properties":{},"geometry":{"type":"LineString","coordinates":[[5.645194,5.321216],[5.627173,5.314357]]}},
{"type":"Feature","properties":{},"geometry":{"type":"LineString","coordinates":[[5.880284,4.83364],[5.900939,4.849579],[5.908141,4.880985],[5.902971,4.893644],[5.904201,4.964528],[5.88771,4.988333],[5.903425,4.997818],[5.901613,5.004915],[5.889665,5.013598],[5.860435,5.053282],[5.853028,5.069702],[5.853552,5.084032],[5.855953,5.105752],[5.871219,5.116779],[5.881485,5.14401],[5.903653,5.151769],[5.918489,5.169269],[5.918208,5.196134],[5.910828,5.208138],[5.868104,5.243934],[5.858497,5.261084],[5.842879,5.275026],[5.833823,5.297154],[5.816473,5.300575],[5.801816,5.323298],[5.777408,5.332193],[5.768727,5.350727],[5.746603,5.354988],[5.736057,5.369369],[5.720355,5.36574],[5.712523,5.368087],[5.698786,5.382906],[5.668824,5.397873],[5.662409,5.408074],[5.649253,5.45946],[5.638212,5.466907],[5.502978,5.461474],[5.387644,5.472582],[5.367611,5.483762],[5.316846,5.485348]]}},
{"type":"Feature","properties":{},"geometry":{"type":"LineString","coordinates":[[5.987626,4.990619],[5.965423,4.945148],[5.952462,4.932878],[5.943472,4.915041],[5.926215,4.903714],[5.923114,4.897255],[5.90454,4.901035]]}},
{"type":"Feature","properties":{},"geometry":{"type":"LineString","coordinates":[[5.923114,4.897255],[5.932884,4.882727]]}},
{"type":"Feature","properties":{},"geometry":{"type":"LineString","coordinates":[[6.226855,4.936329],[6.215456,4.930115],[6.146887,4.917501],[6.106943,4.916764],[6.090092,4.927012],[6.065827,4.928665],[6.05204,4.937358],[6.034634,4.961167],[6.016238,4.970189],[6.003242,4.991138],[6.003061,5.011854]]}},
{"type":"Feature","properties":{},"geometry":{"type":"LineString","coordinates":[[6.226855,4.936329],[6.243809,4.948464],[6.245387,4.957083],[6.238708,4.973446],[6.19528,5.014331],[6.138782,5.032279]]}},
{"type":"Feature","properties":{},"geometry":{"type":"LineString","coordinates":[[6.245387,4.957083],[6.257251,4.964419],[6.258522,4.97304],[6.252004,5.021754],[6.254368,5.06457],[6.251347,5.086104]]}},
{"type":"Feature","properties":{},"geometry":{"type":"LineString","coordinates":[[6.345425,5.110431],[6.346244,5.140197],[6.339509,5.17443],[6.327135,5.187897],[6.323069,5.203631],[6.294648,5.234282],[6.27351,5.247334],[6.26435,5.258935],[6.268249,5.299123],[6.276609,5.310632],[6.280918,5.340649],[6.295753,5.355821],[6.299066,5.371515],[6.330963,5.386592],[6.318103,5.395905],[6.314606,5.431046],[6.297713,5.462103],[6.2919,5.495409],[6.280005,5.513036],[6.284302,5.539355],[6.276122,5.561584],[6.279093,5.609866],[6.267249,5.624949],[6.266017,5.652223],[6.243539,5.674994],[6.237176,5.692131]]}},
{"type":"Feature","properties":{},"geometry":{"type":"LineString","coordinates":[[6.243539,5.674994],[6.21931,5.673744],[6.182001,5.685043],[6.151536,5.682899],[6.063131,5.718506],[6.050009,5.729402]]}},
{"type":"Feature","properties":{},"geometry":{"type":"LineString","coordinates":[[5.972609,5.699834],[5.964547,5.707929],[5.958198,5.729689],[5.943962,5.743631],[5.928864,5.769598],[5.909553,5.784491],[5.876054,5.823496],[5.877612,5.857238],[5.865722,5.87949],[5.868127,5.898433],[5.849388,5.935516],[5.846693,5.950324],[5.860115,5.956265],[5.878219,5.974663],[5.913395,5.990196],[5.951687,5.983982],[5.985897,5.991655],[6.014947,5.984562],[6.07567,5.986074],[6.086301,5.988325],[6.106711,6.005312],[6.139522,6.010671],[6.166835,6.023455],[6.205135,6.015641]]}},
{"type":"Feature","properties":{},"geometry":{"type":"LineString","coordinates":[[6.237176,5.692131],[6.250154,5.702687],[6.275094,5.707167],[6.293603,5.716766],[6.335758,5.746099],[6.346491,5.766831],[6.399238,5.791933],[6.409966,5.811276],[6.428066,5.828726],[6.445534,5.893309],[6.466964,5.925982],[6.46851,5.940963],[6.446429,5.963076],[6.417726,6.022863],[6.405821,6.038187],[6.405008,6.055751],[6.391366,6.088645],[6.380333,6.096108],[6.363617,6.127354]]}},
{"type":"Feature","properties":{},"geometry":{"type":"LineString","coordinates":[[6.512763,6.119091],[6.497967,6.119382],[6.456342,6.107177],[6.434112,6.095767],[6.409175,6.09454],[6.391366,6.088645]]}},
{"type":"Feature","properties":{},"geometry":{"type":"LineString","coordinates":[[6.280005,5.513036],[6.265254,5.503875],[6.242991,5.480888],[6.199956,5.454313],[6.189281,5.441428],[6.124107,5.414037],[6.100419,5.38134],[6.074592,5.367254],[6.058125,5.368765]]}},
{"type":"Feature","properties":{},"geometry":{"type":"LineString","coordinates":[[6.079706,5.369604],[6.087382,5.356907],[6.10026,5.349909],[6.188305,5.342986],[6.204446,5.343364],[6.277901,5.369319],[6.299066,5.371515]]}},
{"type":"Feature","properties":{},"geometry":{"type":"LineString","coordinates":[[6.308266,5.375916],[6.340384,5.370367],[6.376409,5.381258],[6.458921,5.378485],[6.473742,5.390414],[6.501922,5.400418],[6.518175,5.420653],[6.552156,5.437088],[6.555037,5.456475],[6.567138,5.475808],[6.594611,5.482574],[6.607559,5.488964],[6.627045,5.509173],[6.654532,5.518244],[6.693951,5.555418],[6.704697,5.577986],[6.719698,5.593515],[6.734116,5.600434],[6.735224,5.629528],[6.725237,5.654075],[6.759238,5.706513],[6.800871,5.726562],[6.817127,5.744006],[6.864026,5.758008],[6.875607,5.76578],[6.915902,5.82508],[6.921068,5.838438],[6.909793,5.875001],[6.911274,5.888845],[6.92382,5.90215],[6.921769,5.913536],[6.913862,5.929007],[6.894578,5.941612],[6.873994,5.966235],[6.848663,5.971955],[6.852418,5.981166]]}},
{"type":"Feature","properties":{},"geometry":{"type":"LineString","coordinates":[[6.985158,5.743124],[7.021634,5.779081],[7.049328,5.783502]]}},
{"type":"Feature","properties":{},"geometry":{"type":"LineString","coordinates":[[6.727242,5.597135],[6.734793,5.579874],[6.739578,5.534575],[6.767526,5.507145],[6.790065,5.499611],[6.812478,5.472217],[6.842741,5.447544],[6.848644,5.43365],[6.881193,5.406654],[6.891668,5.387189],[6.912169,5.387513],[6.97869,5.412025],[7.004739,5.449258],[7.039072,5.484122],[7.046573,5.503004],[7.048084,5.52195],[7.079617,5.584044],[7.10971,5.603688],[7.151316,5.621862],[7.160205,5.630529]]}},
{"type":"Feature","properties":{},"geometry":{"type":"LineString","coordinates":[[6.891668,5.387189],[6.881489,5.380789],[6.858263,5.351377],[6.842112,5.347784],[6.83054,5.339542],[6.823483,5.316031],[6.815601,5.308227],[6.754148,5.280889],[6.720018,5.276013],[6.695063,5.264152],[6.659553,5.259742],[6.661478,5.234322],[6.691723,5.205503],[6.714135,5.177193],[6.732486,5.163689],[6.823949,5.127117],[6.859951,5.100574],[6.914682,5.087311],[6.928901,5.077526],[6.9908,5.070219],[7.007759,5.057184],[7.027141,5.052974],[7.042013,5.037874],[7.130074,5.030097],[7.13886,5.036043],[7.138889,5.04066]]}},
{"type":"Feature","properties":{},"geometry":{"type":"LineString","coordinates":[[7.319234,5.022406],[7.307385,5.040487],[7.296386,5.047946],[7.285009,5.067871],[7.271254,5.076272],[7.242675,5.070921],[7.229357,5.076087],[7.175429,5.066742],[7.167507,5.05202],[7.156405,5.04378],[7.138889,5.04066]]}},
{"type":"Feature","properties":{},"geometry":{"type":"LineString","coordinates":[[7.05876,5.035788],[7.051394,5.028349],[6.968177,4.984924],[6.963523,4.97664],[6.963812,4.948006],[6.984885,4.929869],[6.98751,4.906763],[6.996107,4.89019],[7.031053,4.874177],[7.057728,4.869861],[7.090921,4.877971],[7.109334,4.877858],[7.153917,4.866964],[7.163311,4.871126],[7.16091,4.881234],[7.144814,4.883642],[7.140719,4.891516],[7.14172,4.904438],[7.149127,4.911318],[7.150117,4.922392],[7.146566,4.943653],[7.127465,4.981172],[7.126185,4.99734],[7.074764,5.020749],[7.067943,5.034644]]}},
{"type":"Feature","properties":{},"geometry":{"type":"LineString","coordinates":[[7.303938,4.863712],[7.283722,4.868919],[7.26162,4.867213],[7.247438,4.880691],[7.198626,4.876843],[7.161502,4.878741]]}},
{"type":"Feature","properties":{},"geometry":{"type":"LineString","coordinates":[[7.178106,4.748543],[7.150952,4.757559],[7.134243,4.810757],[7.114394,4.801181],[7.081718,4.801839],[7.063236,4.789944],[7.051585,4.76554],[7.040043,4.759605],[7.010101,4.755624],[7.00268,4.74597]]}},
{"type":"Feature","properties":{},"geometry":{"type":"LineString","coordinates":[[7.155615,4.731168],[7.116438,4.758228],[7.102188,4.761084],[7.087415,4.774585],[7.072795,4.771879],[7.058543,4.774734]]}},
{"type":"Feature","properties":{},"geometry":{"type":"LineString","coordinates":[[7.242774,4.794305],[7.220271,4.804688],[7.18946,4.808572],[7.172485,4.817448],[7.134243,4.810757]]}},
{"type":"Feature","properties":{},"geometry":{"type":"LineString","coordinates":[[7.327393,4.811862],[7.30002,4.826346],[7.279434,4.845865],[7.266028,4.867575]]}},
{"type":"Feature","properties":{},"geometry":{"type":"LineString","coordinates":[[7.32725,4.861753],[7.303938,4.863712]]}},
{"type":"Feature","properties":{},"geometry":{"type":"LineString","coordinates":[[7.333762,4.777202],[7.324953,4.766641],[7.268792,4.762838],[7.234687,4.754278],[7.208829,4.739663],[7.198234,4.737881],[7.177274,4.747366]]}},
{"type":"Feature","properties":{},"geometry":{"type":"LineString","coordinates":[[7.155615,4.731168],[7.156023,4.720592],[7.136104,4.698549],[7.123511,4.669997],[7.088535,4.66974],[7.079184,4.674333],[7.077176,4.694741],[7.063032,4.716064],[7.042851,4.728188],[7.027661,4.727815],[7.021273,4.73755],[7.00268,4.74597]]}},
{"type":"Feature","properties":{},"geometry":{"type":"LineString","coordinates":[[7.050159,4.668961],[7.041079,4.673556],[7.020212,4.67306],[6.988081,4.68833],[6.966909,4.68845],[6.954535,4.670664],[6.927483,4.661887],[6.917616,4.653322],[6.914483,4.641639],[6.919662,4.634837],[6.944199,4.632853],[6.952721,4.62049],[6.971147,4.623466],[6.998842,4.613299]]}},
{"type":"Feature","properties":{},"geometry":{"type":"LineString","coordinates":[[6.965365,4.685513],[6.95497,4.693444],[6.970114,4.712446],[7.009436,4.720224],[7.027531,4.71858],[7.031524,4.72791]]}},
{"type":"Feature","properties":{},"geometry":{"type":"LineString","coordinates":[[6.952721,4.62049],[6.953735,4.609708],[6.948477,4.602041],[6.918714,4.601898],[6.905487,4.595812],[6.883405,4.597781],[6.872162,4.618164],[6.852492,4.612421],[6.837628,4.615889]]}},
{"type":"Feature","properties":{},"geometry":{"type":"LineString","coordinates":[[6.796444,4.604101],[6.792114,4.597687],[6.795759,4.590556],[6.817792,4.579044],[6.859458,4.566812],[6.873514,4.555959],[6.885464,4.552815],[6.90159,4.527789],[6.9154,4.528329],[6.939115,4.520886]]}},
{"type":"Feature","properties":{},"geometry":{"type":"LineString","coordinates":[[6.925224,4.418434],[6.985753,4.375858],[7.025315,4.375338],[7.021556,4.417842],[7.002971,4.441032],[6.986113,4.447202]]}},
{"type":"Feature","properties":{},"geometry":{"type":"LineString","coordinates":[[6.861104,4.432166],[6.855133,4.444901],[6.861612,4.451949],[6.857994,4.463976],[6.804444,4.491355],[6.800802,4.499072],[6.778469,4.511815],[6.744478,4.525233]]}},
{"type":"Feature","properties":{},"geometry":{"type":"LineString","coordinates":[[6.829818,4.433253],[6.819286,4.424457],[6.781543,4.423111],[6.754296,4.434952],[6.71809,4.434828],[6.683151,4.443011],[6.677659,4.449198]]}},
{"type":"Feature","properties":{},"geometry":{"type":"LineString","coordinates":[[6.807003,4.381176],[6.78568,4.391988],[6.754862,4.425403],[6.752742,4.430957],[6.762046,4.450618],[6.751096,4.469459]]}},
{"type":"Feature","properties":{},"geometry":{"type":"LineString","coordinates":[[6.750871,4.289999],[6.745831,4.305809],[6.727109,4.335465],[6.694084,4.357801],[6.679371,4.360646],[6.644077,4.390385]]}},
{"type":"Feature","properties":{},"geometry":{"type":"LineString","coordinates":[[6.698134,4.355244],[6.746976,4.351534],[6.805222,4.359803]]}},
{"type":"Feature","properties":{},"geometry":{"type":"LineString","coordinates":[[6.772121,4.354246],[6.764663,4.391633],[6.727967,4.415838],[6.717905,4.428373],[6.71809,4.434828]]}},
{"type":"Feature","properties":{},"geometry":{"type":"LineString","coordinates":[[6.729857,4.160927],[6.717129,4.173832],[6.709476,4.209439],[6.702605,4.21594],[6.680556,4.223898],[6.674158,4.233168],[6.656687,4.236485],[6.640675,4.256425],[6.569108,4.254913],[6.558039,4.249883],[6.53871,4.249972],[6.523953,4.243571],[6.51837,4.230197],[6.500832,4.219187],[6.459206,4.212364],[6.42694,4.213973]]}},
{"type":"Feature","properties":{},"geometry":{"type":"LineString","coordinates":[[6.74088,4.253515],[6.674158,4.233168]]}},
{"type":"Feature","properties":{},"geometry":{"type":"LineString","coordinates":[[6.703988,4.155799],[6.699054,4.145739],[6.698796,4.089843],[6.647041,4.07807]]}},
{"type":"Feature","properties":{},"geometry":{"type":"LineString","coordinates":[[6.633813,4.10346],[6.626578,4.092946],[6.611377,4.088857],[6.593483,4.100026],[6.565907,4.10708]]}},
{"type":"Feature","properties":{},"geometry":{"type":"LineString","coordinates":[[6.53226,4.248615],[6.500816,4.266779],[6.472295,4.270144],[6.464952,4.274797],[6.48944,4.295479],[6.489465,4.300832],[6.478453,4.308467],[6.453164,4.31459],[6.418127,4.316319]]}},
{"type":"Feature","properties":{},"geometry":{"type":"LineString","coordinates":[[6.275206,4.819249],[6.288419,4.816145],[6.315439,4.827765],[6.323219,4.835385],[6.333675,4.838107],[6.36854,4.870282],[6.393759,4.876933],[6.402998,4.886928],[6.40213,4.892602],[6.39324,4.896036],[6.330621,4.904053],[6.279877,4.891672]]}},
{"type":"Feature","properties":{},"geometry":{"type":"LineString","coordinates":[[6.364086,4.900804],[6.370273,4.909707],[6.36913,4.926657],[6.373773,4.933719],[6.38392,4.935824],[6.399832,4.955451],[6.392695,4.969975],[6.381945,4.979022],[6.346983,4.981608],[6.324496,4.969398],[6.306713,4.967864]]}},
{"type":"Feature","properties":{},"geometry":{"type":"LineString","coordinates":[[6.395751,5.026644],[6.383691,5.011303],[6.357229,5.002813],[6.346096,4.98839],[6.345367,4.980831]]}},
{"type":"Feature","properties":{},"geometry":{"type":"LineString","coordinates":[[6.395751,5.026644],[6.381067,5.038427],[6.360183,5.039767],[6.346293,5.0477]]}},
{"type":"Feature","properties":{},"geometry":{"type":"LineString","coordinates":[[6.395751,5.026644],[6.469077,5.037963],[6.516666,5.033703],[6.593351,5.042832],[6.608438,5.049524],[6.666233,5.059055],[6.686358,5.060481],[6.729921,5.052224],[6.772502,5.0606],[6.788774,5.059889],[6.894088,5.092321]]}},
{"type":"Feature","properties":{},"geometry":{"type":"LineString","coordinates":[[7.357558,4.922947],[7.325639,4.960971],[7.314726,4.981353],[7.319234,5.022406]]}},
{"type":"Feature","properties":{},"geometry":{"type":"LineString","coordinates":[[7.419625,5.03559],[7.385518,5.037195],[7.369493,5.049765],[7.343778,5.05917],[7.334226,5.076313],[7.323317,5.079776],[7.300205,5.083004],[7.280151,5.070838]]}},
{"type":"Feature","properties":{},"geometry":{"type":"LineString","coordinates":[[7.354791,5.054018],[7.352395,5.039725],[7.342669,5.030986],[7.319234,5.022406]]}},
{"type":"Feature","properties":{},"geometry":{"type":"LineString","coordinates":[[7.455579,5.152098],[7.414602,5.151],[7.393805,5.139143],[7.368103,5.150398],[7.316082,5.150753]]}},
{"type":"Feature","properties":{},"geometry":{"type":"LineString","coordinates":[[7.493557,5.053532],[7.470185,5.068],[7.450373,5.064907],[7.434649,5.053938],[7.424882,5.052451]]}},
{"type":"Feature","properties":{},"geometry":{"type":"LineString","coordinates":[[7.414602,5.151],[7.40421,5.179226],[7.354747,5.220321],[7.353012,5.232201]]}},
{"type":"Feature","properties":{},"geometry":{"type":"LineString","coordinates":[[7.358088,5.217055],[7.34735,5.212392],[7.320281,5.226428],[7.289475,5.233102]]}},
{"type":"Feature","properties":{},"geometry":{"type":"LineString","coordinates":[[7.353012,5.232201],[7.341281,5.233667],[7.32938,5.243905],[7.345594,5.258101],[7.350286,5.270532],[7.380285,5.280475],[7.389088,5.28826],[7.411386,5.315794],[7.416132,5.335606],[7.447566,5.352455],[7.456331,5.354699],[7.475178,5.350408],[7.523224,5.372205]]}},
{"type":"Feature","properties":{},"geometry":{"type":"LineString","coordinates":[[7.430762,5.344893],[7.421323,5.353107],[7.421536,5.382644],[7.396913,5.416516]]}},
{"type":"Feature","properties":{},"geometry":{"type":"LineString","coordinates":[[7.520458,5.371764],[7.498531,5.395463],[7.463561,5.398952],[7.436355,5.394074],[7.399172,5.4105],[7.372942,5.413459],[7.35181,5.420997]]}},
{"type":"Feature","properties":{},"geometry":{"type":"LineString","coordinates":[[7.603652,5.291315],[7.591691,5.292327],[7.587637,5.304354],[7.590972,5.319557],[7.587317,5.323276],[7.566234,5.335892],[7.523233,5.37214]]}},
{"type":"Feature","properties":{},"geometry":{"type":"LineString","coordinates":[[7.699504,5.485058],[7.713185,5.468342],[7.723107,5.441967],[7.734039,5.427118],[7.728426,5.415628],[7.728139,5.378723]]}},
{"type":"Feature","properties":{},"geometry":{"type":"LineString","coordinates":[[7.603652,5.291315],[7.618912,5.30066],[7.630094,5.318572],[7.649011,5.324427],[7.668483,5.342735],[7.693412,5.352233],[7.711519,5.372393],[7.750286,5.385471],[7.779873,5.401846],[7.80659,5.404402],[7.818158,5.412152],[7.855963,5.44875],[7.906331,5.473247],[7.928431,5.502121],[7.981785,5.552867]]}},
{"type":"Feature","properties":{},"geometry":{"type":"LineString","coordinates":[[7.981785,5.552867],[7.949169,5.560521],[7.914322,5.576955],[7.891598,5.612199],[7.868711,5.628073],[7.863352,5.647952],[7.865352,5.666846],[7.896779,5.734843],[7.917589,5.745272],[7.958476,5.787347],[7.96308,5.787306]]}},
{"type":"Feature","properties":{},"geometry":{"type":"LineString","coordinates":[[7.563435,4.79884],[7.540524,4.812376],[7.471505,4.810526],[7.403244,4.784202],[7.381614,4.783417],[7.377205,4.777445]]}},
{"type":"Feature","properties":{},"geometry":{"type":"LineString","coordinates":[[7.500401,4.832026],[7.402297,4.886672],[7.357558,4.922947]]}},
{"type":"Feature","properties":{},"geometry":{"type":"LineString","coordinates":[[7.74655,4.873248],[7.727992,4.850311],[7.716456,4.844856],[7.68697,4.837679],[7.622562,4.835816],[7.602218,4.820266],[7.580114,4.816724],[7.563435,4.79884],[7.556269,4.758741],[7.550704,4.751856],[7.539656,4.750545],[7.52806,4.735854],[7.502753,4.734635],[7.48014,4.723244],[7.479986,4.699247],[7.470728,4.690076],[7.458739,4.685538],[7.442541,4.669949],[7.407068,4.661404],[7.392293,4.652727],[7.391061,4.639349],[7.376027,4.623076],[7.369793,4.621942],[7.357701,4.600322],[7.336442,4.583835],[7.33853,4.548741],[7.332895,4.529387],[7.312652,4.528585],[7.266403,4.485928],[7.201344,4.450757],[7.158019,4.435768]]}},
{"type":"Feature","properties":{},"geometry":{"type":"LineString","coordinates":[[7.392293,4.652727],[7.379816,4.680499],[7.389239,4.71598],[7.389232,4.764088],[7.38622,4.764904]]}},
{"type":"Feature","properties":{},"geometry":{"type":"LineString","coordinates":[[7.664617,4.710931],[7.647711,4.745671],[7.64841,4.781194],[7.605701,4.791173],[7.580114,4.816724]]}},
{"type":"Feature","properties":{},"geometry":{"type":"LineString","coordinates":[[7.74655,4.873248],[7.724185,4.897857],[7.719677,4.910807],[7.704628,4.929368],[7.702445,4.945992],[7.689187,4.957621],[7.687031,4.977936],[7.66742,5.002068],[7.658859,5.027505],[7.65248,5.036318],[7.628661,5.051253],[7.624171,5.066973],[7.631671,5.086298],[7.628849,5.141688],[7.634519,5.161949],[7.618237,5.201288],[7.627215,5.233059],[7.61311,5.255311],[7.588777,5.263797],[7.598068,5.279579],[7.611938,5.283467],[7.611637,5.296205]]}},
{"type":"Feature","properties":{},"geometry":{"type":"LineString","coordinates":[[7.589274,5.268869],[7.563813,5.249215],[7.540788,5.247998],[7.493683,5.227111],[7.491168,5.18985],[7.474356,5.155715],[7.475156,5.094483],[7.485632,5.059487]]}},
{"type":"Feature","properties":{},"geometry":{"type":"LineString","coordinates":[[7.493557,5.053532],[7.562565,5.089561],[7.618823,5.126893],[7.639314,5.132281],[7.683366,5.153746],[7.741415,5.163003],[7.837017,5.169969],[7.885754,5.166212],[7.899368,5.167632],[7.907583,5.173115]]}},
{"type":"Feature","properties":{},"geometry":{"type":"LineString","coordinates":[[7.628661,5.051253],[7.615988,5.03058],[7.610664,4.993242],[7.563458,4.953426],[7.557426,4.946085],[7.552661,4.922122],[7.54295,4.914805],[7.52378,4.937548],[7.519141,4.999418],[7.490204,5.036317],[7.493557,5.053532]]}},
{"type":"Feature","properties":{},"geometry":{"type":"LineString","coordinates":[[7.54295,4.914805],[7.545314,4.890331],[7.524979,4.876625],[7.520308,4.866042],[7.517792,4.833755],[7.500401,4.832026]]}},
{"type":"Feature","properties":{},"geometry":{"type":"LineString","coordinates":[[7.493303,5.032635],[7.456567,4.967079],[7.392653,4.894725]]}},
{"type":"Feature","properties":{},"geometry":{"type":"LineString","coordinates":[[8.40338,5.314839],[8.363017,5.325699],[8.345089,5.326316],[8.290731,5.315263],[8.272715,5.305737],[8.223455,5.299703],[8.183507,5.307416],[8.148549,5.307248],[8.131136,5.315231],[8.101617,5.361125],[8.049793,5.380923],[7.999816,5.485558],[7.99012,5.536829],[7.981785,5.552867]]}},
{"type":"Feature","properties":{},"geometry":{"type":"LineString","coordinates":[[8.371022,5.219591],[8.300928,5.243729],[8.265668,5.261084],[8.255622,5.269466],[8.235455,5.301152]]}},
{"type":"Feature","properties":{},"geometry":{"type":"LineString","coordinates":[[8.339749,5.067903],[8.316646,5.088722],[8.307117,5.104012],[8.292925,5.111043],[8.267975,5.151814],[8.254677,5.156074]]}},
{"type":"Feature","properties":{},"geometry":{"type":"LineString","coordinates":[[8.370328,5.211594],[8.35672,5.208223],[8.299367,5.167225],[8.270814,5.161471],[8.262293,5.153461],[8.256509,5.155137],[8.233784,5.131353],[8.220709,5.106566],[8.202137,5.084127],[8.176196,5.059902],[8.043471,4.991321],[8.009341,4.947312],[7.990646,4.906871],[7.978154,4.896357],[7.974154,4.883935],[7.944919,4.847256],[7.919249,4.794404],[7.913886,4.751549],[7.894315,4.714328],[7.89235,4.696354],[7.882131,4.681205],[7.836125,4.642778],[7.81749,4.606464],[7.767086,4.596655],[7.743113,4.586667]]}},
{"type":"Feature","properties":{},"geometry":{"type":"LineString","coordinates":[[7.882131,4.681205],[7.940629,4.697857],[8.00723,4.690925],[8.042189,4.694823],[8.061158,4.712208],[8.087871,4.719851],[8.126201,4.744927],[8.152916,4.753027],[8.191482,4.772836]]}},
{"type":"Feature","properties":{},"geometry":{"type":"LineString","coordinates":[[8.111847,4.734938],[8.121939,4.727899],[8.14446,4.728193],[8.170783,4.745516],[8.179614,4.75882],[8.179623,4.766556]]}},
{"type":"Feature","properties":{},"geometry":{"type":"LineString","coordinates":[[7.919249,4.794404],[7.797631,4.8271],[7.766601,4.861457],[7.74655,4.873248]]}},
{"type":"Feature","properties":{},"geometry":{"type":"LineString","coordinates":[[8.128194,4.797916],[8.106241,4.841904],[8.092548,4.854918],[8.068457,4.891067],[8.064051,4.916461],[8.051357,4.940075],[8.03676,4.955404],[8.024157,4.991008],[7.986269,5.02773],[7.961416,5.025153],[7.907495,5.010342],[7.884044,5.010979],[7.867766,4.986654],[7.826501,4.941293],[7.810665,4.913731],[7.784772,4.894542],[7.757559,4.883665],[7.74655,4.873248]]}},
{"type":"Feature","properties":{},"geometry":{"type":"LineString","coordinates":[[7.884157,5.010964],[7.889326,5.028908],[7.88847,5.049229],[7.896964,5.077761],[7.895755,5.10037],[7.91641,5.154636],[7.907583,5.173115]]}},
{"type":"Feature","properties":{},"geometry":{"type":"LineString","coordinates":[[7.986269,5.02773],[7.975331,5.040727],[7.969143,5.073518],[7.939058,5.108801],[7.907004,5.129927]]}},
{"type":"Feature","properties":{},"geometry":{"type":"LineString","coordinates":[[8.039518,4.986909],[8.037676,5.044857],[8.048855,5.063215],[8.043976,5.08631],[8.04975,5.119004],[8.046754,5.131602],[8.063949,5.169615],[8.066562,5.208788],[8.08244,5.238632],[8.087003,5.290495],[8.131012,5.315491]]}},
{"type":"Feature","properties":{},"geometry":{"type":"LineString","coordinates":[[8.086028,5.28379],[8.05138,5.265629],[8.034806,5.263919],[8.000152,5.24483],[7.991298,5.230605],[7.965102,5.205687],[7.939035,5.195046],[7.925124,5.180858],[7.907583,5.173115]]}},
{"type":"Feature","properties":{},"geometry":{"type":"LineString","coordinates":[[7.908421,5.173485],[7.922184,5.216855],[7.937562,5.299956],[7.944005,5.31292],[7.919342,5.374306],[7.892091,5.419111],[7.880917,5.461001]]}},
{"type":"Feature","properties":{},"geometry":{"type":"LineString","coordinates":[[8.596319,5.025147],[8.570481,5.066144],[8.547221,5.086388],[8.537216,5.125179],[8.501498,5.140003],[8.486476,5.156722],[8.459001,5.16871],[8.427519,5.19594],[8.404819,5.202358],[8.384965,5.21912],[8.371022,5.219591]]}},
{"type":"Feature","properties":{},"geometry":{"type":"LineString","coordinates":[[8.228961,4.78285],[8.26149,4.785241],[8.294689,4.800195],[8.328631,4.822055],[8.353534,4.833611],[8.366633,4.834199],[8.433755,4.868226],[8.47262,4.90178],[8.532918,4.943443],[8.560437,4.974897],[8.560846,4.986749],[8.567119,4.994989],[8.580958,5.001782],[8.596294,5.025178]]}},
{"type":"Feature","properties":{},"geometry":{"type":"LineString","coordinates":[[8.380661,4.840422],[8.372972,4.851432],[8.371059,4.870805],[8.306146,4.903525],[8.281898,4.927519],[8.265556,4.953233],[8.251144,4.961646],[8.239644,4.989397],[8.228711,5.001931],[8.195123,5.027094],[8.173123,5.035568],[8.156879,5.074426],[8.150221,5.104217],[8.143401,5.113954],[8.145932,5.171335],[8.133022,5.195646],[8.131762,5.21018],[8.139038,5.256457],[8.13389,5.301454],[8.136111,5.312951]]}},
{"type":"Feature","properties":{},"geometry":{"type":"LineString","coordinates":[[8.223628,4.791755],[8.218457,4.836742],[8.198214,4.893604],[8.192907,4.920615],[8.175913,4.951868],[8.171324,4.982333],[8.173123,5.035568]]}},
{"type":"Feature","properties":{},"geometry":{"type":"LineString","coordinates":[[8.596319,5.025147],[8.611978,5.04298],[8.61991,5.083683],[8.623284,5.15414],[8.613843,5.17772],[8.613276,5.191546],[8.598383,5.222086],[8.577887,5.243002],[8.567042,5.263833],[8.549248,5.278506],[8.533885,5.333936],[8.526412,5.346444],[8.494401,5.390969],[8.464962,5.418178]]}},
{"type":"Feature","properties":{},"geometry":{"type":"LineString","coordinates":[[8.537216,5.125179],[8.54531,5.14446],[8.57455,5.177377],[8.589471,5.227695]]}},
{"type":"Feature","properties":{},"geometry":{"type":"LineString","coordinates":[[6.069839,6.924806],[6.082148,6.936709],[6.063224,6.963815],[6.045094,7.011977],[6.025414,7.024609],[6.011035,7.042472],[5.958542,7.075717],[5.933698,7.106152],[5.916612,7.1135],[5.898821,7.113612],[5.875271,7.141405],[5.862767,7.144116],[5.817518,7.180599],[5.794375,7.193762]]}},
{"type":"Feature","properties":{},"geometry":{"type":"LineString","coordinates":[[6.075922,6.911824],[6.152018,6.896107],[6.180226,6.880126],[6.232527,6.824501],[6.268573,6.80057],[6.276361,6.784067],[6.278825,6.759046],[6.274085,6.739338],[6.259403,6.709167],[6.260479,6.672969],[6.248438,6.643438],[6.264725,6.618326],[6.258519,6.574937],[6.276318,6.539976],[6.285743,6.532308]]}},
{"type":"Feature","properties":{},"geometry":{"type":"LineString","coordinates":[[6.209533,6.50011],[6.175983,6.478074],[6.14373,6.475643],[6.104968,6.485095],[6.077298,6.479341],[6.062204,6.486013],[5.985293,6.502044],[5.959743,6.518874],[5.934811,6.5186],[5.924891,6.523685]]}},
{"type":"Feature","properties":{},"geometry":{"type":"LineString","coordinates":[[6.332449,6.537653],[6.337481,6.526385],[6.347981,6.522367],[6.345868,6.501327]]}},
{"type":"Feature","properties":{},"geometry":{"type":"LineString","coordinates":[[6.233785,6.463232],[6.221981,6.469229],[6.214819,6.48112],[6.213474,6.500304]]}},
{"type":"Feature","properties":{},"geometry":{"type":"LineString","coordinates":[[6.445582,6.461183],[6.45488,6.474277],[6.449694,6.485497],[6.457681,6.499258],[6.450047,6.517693]]}},
{"type":"Feature","properties":{},"geometry":{"type":"LineString","coordinates":[[5.924891,6.523685],[5.952574,6.586711],[5.935173,6.649344],[5.920808,6.669177],[5.91357,6.669878],[5.899819,6.682465],[5.868531,6.735967],[5.861404,6.755756],[5.835077,6.768518],[5.807783,6.770567]]}},
{"type":"Feature","properties":{},"geometry":{"type":"LineString","coordinates":[[5.952574,6.586711],[5.983773,6.630625],[6.002961,6.646963]]}},
{"type":"Feature","properties":{},"geometry":{"type":"LineString","coordinates":[[6.082148,6.936709],[6.102017,6.953691],[6.134301,6.955452],[6.150851,6.967078],[6.160148,6.979629],[6.185925,6.993274],[6.209246,7.032598],[6.232371,7.042968],[6.298311,7.053693],[6.380021,7.059687],[6.402493,7.070708],[6.447617,7.116428],[6.481942,7.126697],[6.514139,7.160003],[6.533998,7.173007],[6.579487,7.178575],[6.6521,7.158269],[6.695412,7.139507],[6.738926,7.146391],[6.801985,7.128119],[6.805239,7.123488]]}},
{"type":"Feature","properties":{},"geometry":{"type":"LineString","coordinates":[[7.184839,7.893224],[7.15942,7.889534],[7.141327,7.860132],[7.12042,7.845876],[7.106069,7.794083],[7.078005,7.75491],[7.030491,7.609409],[7.036286,7.594891],[7.035265,7.556111],[7.041639,7.533042],[7.06109,7.499332],[7.072513,7.45255],[7.091844,7.406353],[7.097437,7.370144],[7.092605,7.345865],[7.068679,7.321758],[7.055274,7.295582],[7.02808,7.273472],[7.008049,7.242091],[6.918959,7.180401],[6.895079,7.159563],[6.848935,7.152718],[6.805239,7.123488],[6.804244,7.109248],[6.818509,7.082825],[6.818789,7.063533],[6.831554,7.014765],[6.833397,6.971786],[6.827874,6.885463],[6.846818,6.841033],[6.846249,6.769578],[6.870831,6.717213],[6.890624,6.697329]]}},
{"type":"Feature","properties":{},"geometry":{"type":"LineString","coordinates":[[6.599465,6.732441],[6.65721,6.711622],[6.680126,6.69698],[6.74776,6.680684],[6.786537,6.676441],[6.83064,6.680703],[6.855062,6.691691],[6.888669,6.699536],[6.956088,6.74086],[6.979926,6.760391],[7.00039,6.769427],[7.018327,6.790976],[7.064219,6.812288],[7.092081,6.801534],[7.118353,6.797367],[7.13087,6.799889],[7.156682,6.818731],[7.187052,6.832273],[7.235132,6.840396],[7.277129,6.830165],[7.357923,6.857042],[7.38524,6.860079],[7.475266,6.854647],[7.496352,6.859706],[7.541024,6.890822],[7.564796,6.901764],[7.598769,6.947426],[7.61802,6.96629],[7.648442,6.984386],[7.656422,6.993504],[7.673639,7.03866],[7.696889,7.062075],[7.727991,7.081466],[7.750428,7.121304],[7.767693,7.137547],[7.798754,7.15233],[7.81735,7.169868],[7.850022,7.212213],[7.918723,7.241027],[7.937449,7.269717],[7.969878,7.288404],[7.99775,7.311077],[8.032001,7.315948],[8.055154,7.328163],[8.042659,7.357192]]}},
{"type":"Feature","properties":{},"geometry":{"type":"LineString","coordinates":[[6.27412,6.54403],[6.298217,6.558227],[6.318638,6.56204],[6.353635,6.580888],[6.396082,6.630604],[6.470644,6.661007],[6.527604,6.713231],[6.599465,6.732441],[6.621982,6.752007],[6.651861,6.787961],[6.667737,6.799022],[6.68376,6.829156],[6.718858,6.857825],[6.724857,6.867643],[6.751225,6.873357],[6.788925,6.897392],[6.806081,6.903174],[6.849838,6.902823],[6.884005,6.896627],[6.944969,6.869168],[6.974392,6.847227],[7.064219,6.812288]]}},
{"type":"Feature","properties":{},"geometry":{"type":"LineString","coordinates":[[8.055154,7.328163],[8.073534,7.325329],[8.113027,7.32882],[8.140526,7.318659],[8.223897,7.307851],[8.242835,7.297129],[8.259068,7.279875],[8.281359,7.275021],[8.287777,7.261819],[8.287593,7.189627],[8.312118,7.151278],[8.313891,7.134194],[8.305517,7.091632],[8.310501,7.067948],[8.307007,7.049612],[8.225621,6.998022],[8.208945,6.975234],[8.104121,6.941587],[8.038574,6.89436],[8.016468,6.853885],[7.99724,6.837014],[7.990981,6.803592],[7.97565,6.782082],[7.973745,6.724318],[7.980185,6.711776],[7.979872,6.680918],[7.988069,6.647347],[7.987864,6.626995],[7.969846,6.598284],[7.891117,6.538647],[7.882295,6.509181],[7.847207,6.479308],[7.820961,6.44672]]}},
{"type":"Feature","properties":{},"geometry":{"type":"LineString","coordinates":[[7.823271,6.448011],[7.847259,6.450411],[7.894785,6.476881],[7.945436,6.486895],[7.998178,6.509358],[8.01354,6.522045]]}},
{"type":"Feature","properties":{},"geometry":{"type":"LineString","coordinates":[[7.85229,6.081382],[7.84152,6.150818],[7.821262,6.19632],[7.810776,6.233852],[7.800118,6.252668],[7.793723,6.306913],[7.770592,6.361314],[7.728902,6.43264],[7.634452,6.445332],[7.551711,6.447064],[7.508493,6.462233],[7.465175,6.466558],[7.406275,6.492702],[7.390974,6.495396],[7.345658,6.49224],[7.307263,6.497499],[7.267771,6.489946],[7.217543,6.495297],[7.181991,6.487705],[7.134642,6.484149],[7.10064,6.499329],[7.027675,6.485012],[6.970879,6.45127],[6.936658,6.446275],[6.916292,6.447747],[6.811882,6.419603]]}},
{"type":"Feature","properties":{},"geometry":{"type":"LineString","coordinates":[[8.055382,6.285396],[8.025391,6.305383],[8.000772,6.33845],[7.978001,6.359025],[7.908015,6.384651],[7.860829,6.392981],[7.820749,6.389418],[7.764653,6.371172]]}},
{"type":"Feature","properties":{},"geometry":{"type":"LineString","coordinates":[[8.298586,6.036211],[8.268228,6.083107],[8.224168,6.13736],[8.181818,6.165998],[8.132457,6.21637],[8.104436,6.23568],[8.055382,6.285396]]}},
{"type":"Feature","properties":{},"geometry":{"type":"LineString","coordinates":[[8.570175,6.185031],[8.547462,6.206919],[8.485482,6.235779],[8.472371,6.235916],[8.428296,6.221938],[8.369267,6.220574],[8.300185,6.263277],[8.239304,6.275048],[8.204008,6.287873],[8.145094,6.30093],[8.105069,6.300668],[8.056117,6.284621]]}},
{"type":"Feature","properties":{},"geometry":{"type":"LineString","coordinates":[[8.388282,6.22038],[8.366252,6.181887],[8.365869,6.143829],[8.349494,6.079681],[8.298586,6.036211]]}},
{"type":"Feature","properties":{},"geometry":{"type":"LineString","coordinates":[[8.692404,5.838711],[8.685118,5.89522],[8.667532,5.968862],[8.664103,6.017434],[8.657757,6.037178],[8.636375,6.060359],[8.625441,6.080151],[8.624364,6.102465],[8.570175,6.185031]]}},
{"type":"Feature","properties":{},"geometry":{"type":"LineString","coordinates":[[8.692404,5.838711],[8.701345,5.81635],[8.700281,5.710011],[8.7054,5.644573]]}},
{"type":"Feature","properties":{},"geometry":{"type":"LineString","coordinates":[[8.703477,5.670282],[8.679284,5.683427],[8.648804,5.69116],[8.622389,5.706775]]}},
{"type":"Feature","properties":{},"geometry":{"type":"LineString","coordinates":[[8.756436,5.668635],[8.761314,5.636705],[8.751686,5.589582],[8.744004,5.562551],[8.721845,5.527351],[8.711734,5.519579],[8.67627,5.507239],[8.633038,5.504152],[8.618588,5.499042],[8.599408,5.501409],[8.580524,5.488904],[8.578584,5.46793],[8.56971,5.452268],[8.578823,5.430305],[8.584715,5.375596],[8.611718,5.322432],[8.61591,5.303589],[8.660708,5.240649],[8.669965,5.20296],[8.696864,5.17716],[8.696059,5.09691],[8.691044,5.072031],[8.671925,5.029785],[8.657688,5.010075],[8.64532,4.978416],[8.620233,4.951081],[8.549812,4.845837],[8.535814,4.840266],[8.520388,4.819836],[8.482403,4.813583],[8.4544,4.801561],[8.41932,4.776906],[8.31952,4.728687],[8.290253,4.722349],[8.266158,4.706526],[8.238611,4.698675],[8.228843,4.682266],[8.212682,4.672176],[8.188498,4.645662],[8.160542,4.63974],[8.132097,4.626819],[8.0918,4.603038],[8.070724,4.583493],[8.0404,4.573049],[8.02564,4.56105],[8.01555,4.552804],[8.002144,4.506497],[8.02051,4.48142],[8.045255,4.464615],[8.081998,4.41709],[8.108014,4.395465],[8.129868,4.403193],[8.138712,4.421075],[8.189425,4.440413],[8.212761,4.472631]]}},
{"type":"Feature","properties":{},"geometry":{"type":"LineString","coordinates":[[8.411347,4.354384],[8.374258,4.348088],[8.341587,4.350509],[8.309722,4.343735],[8.286628,4.344773],[8.197915,4.376024],[8.134296,4.381279],[8.108014,4.395465]]}},
{"type":"Feature","properties":{},"geometry":{"type":"LineString","coordinates":[[8.30471,4.312705],[8.307388,4.343645]]}},
{"type":"Feature","properties":{},"geometry":{"type":"LineString","coordinates":[[8.491989,4.533569],[8.483582,4.517012],[8.45588,4.484414],[8.436171,4.471438],[8.432193,4.464032],[8.434134,4.431646],[8.406862,4.397287],[8.415721,4.356539]]}},
{"type":"Feature","properties":{},"geometry":{"type":"LineString","coordinates":[[8.415721,4.356539],[8.421956,4.366399],[8.434788,4.371712],[8.510076,4.358038],[8.587153,4.352219],[8.607694,4.360812],[8.63602,4.361911],[8.672687,4.371691],[8.709279,4.37185],[8.742515,4.389083],[8.775704,4.400193],[8.785519,4.389778]]}},
{"type":"Feature","properties":{},"geometry":{"type":"LineString","coordinates":[[8.491989,4.533569],[8.516617,4.549051],[8.563998,4.658098],[8.566862,4.689564],[8.565645,4.700944],[8.544488,4.726481],[8.525312,4.781744],[8.518006,4.794924],[8.504126,4.803784],[8.498706,4.814878]]}},
{"type":"Feature","properties":{},"geometry":{"type":"LineString","coordinates":[[8.620538,6.922705],[8.585955,6.89413],[8.562417,6.84586],[8.538653,6.834326],[8.532,6.82653],[8.514462,6.785399],[8.503158,6.772406],[8.474878,6.767478],[8.460934,6.7532],[8.392329,6.722468],[8.360062,6.71298],[8.346798,6.700657],[8.325717,6.693667],[8.294579,6.667096],[8.285325,6.666986],[8.243131,6.644018],[8.226527,6.625815],[8.198236,6.610258],[8.173366,6.563794],[8.164534,6.556008],[8.146147,6.550557],[8.087422,6.547169],[8.068596,6.538684],[8.029775,6.537683],[8.013557,6.523847]]}},
{"type":"Feature","properties":{},"geometry":{"type":"LineString","coordinates":[[8.735782,6.613621],[8.741129,6.622303],[8.72819,6.637756],[8.70819,6.647607],[8.693561,6.668327],[8.668351,6.681736],[8.646064,6.683305],[8.635653,6.690858],[8.620166,6.713339],[8.585371,6.730793],[8.554313,6.769198],[8.526607,6.814127]]}},
{"type":"Feature","properties":{},"geometry":{"type":"LineString","coordinates":[[8.735782,6.613621],[8.717793,6.589344],[8.705442,6.579866],[8.698277,6.565082],[8.689475,6.521457],[8.660467,6.468874],[8.650564,6.443185],[8.648598,6.423529],[8.629053,6.39532],[8.627108,6.377412],[8.632658,6.351988],[8.617864,6.304338],[8.613309,6.260072],[8.620181,6.221589],[8.604396,6.19711],[8.574325,6.17808]]}},
{"type":"Feature","properties":{},"geometry":{"type":"LineString","coordinates":[[8.619075,6.240842],[8.603005,6.250197],[8.591878,6.272182],[8.581897,6.278849],[8.539174,6.289364],[8.522724,6.283853]]}},
{"type":"Feature","properties":{},"geometry":{"type":"LineString","coordinates":[[8.920149,6.499612],[8.84345,6.520856],[8.835976,6.529686],[8.813953,6.540433],[8.803918,6.554539],[8.77189,6.582307],[8.756492,6.586566],[8.73566,6.599923],[8.731707,6.607615]]}},
{"type":"Feature","properties":{},"geometry":{"type":"LineString","coordinates":[[8.923874,6.894198],[8.905147,6.90055],[8.85459,6.950571],[8.841938,6.95335],[8.740371,6.948038],[8.713146,6.940061],[8.660201,6.94026],[8.631287,6.919178],[8.620538,6.922705]]}},
{"type":"Feature","properties":{},"geometry":{"type":"LineString","coordinates":[[9.128995,6.528066],[9.121936,6.57973],[9.107971,6.616604],[9.104557,6.658592],[9.091441,6.693273],[9.091833,6.724728],[9.080706,6.743656],[9.065951,6.787099],[9.019286,6.830946],[9.008227,6.855557],[8.990811,6.861457],[8.973225,6.888773],[8.923874,6.894198]]}},
{"type":"Feature","properties":{},"geometry":{"type":"LineString","coordinates":[[8.907005,6.899919],[8.927581,6.945726],[8.947115,6.968645],[8.954318,6.984725],[8.980859,7.007987],[8.984167,7.027174],[9.004288,7.061003],[8.9965,7.067659],[8.996209,7.079025],[9.035093,7.108673],[9.057389,7.140717],[9.070269,7.188176],[9.06955,7.199984],[9.045781,7.222148],[9.023076,7.258721],[9.012161,7.29339],[9.012451,7.347575],[8.998078,7.385352],[9.005657,7.427639],[9.005002,7.507622],[9.019198,7.520974],[9.054467,7.569428]]}},
{"type":"Feature","properties":{},"geometry":{"type":"LineString","coordinates":[[8.793876,7.551125],[8.784414,7.564366],[8.779514,7.5911],[8.770584,7.61133],[8.739969,7.615673],[8.684555,7.633896],[8.617001,7.629534],[8.594702,7.63376],[8.57296,7.647162],[8.569584,7.657265],[8.574922,7.679937]]}},
{"type":"Feature","properties":{},"geometry":{"type":"LineString","coordinates":[[9.152748,7.731447],[9.203314,7.714985],[9.243125,7.71222],[9.235836,7.752515]]}},
{"type":"Feature","properties":{},"geometry":{"type":"LineString","coordinates":[[10.454334,7.591238],[10.428605,7.593424],[10.404072,7.589052],[10.369319,7.561752],[10.317619,7.538886],[10.286033,7.531337],[10.230056,7.501317],[10.216375,7.479744],[10.197396,7.467848],[10.160053,7.454941],[10.134889,7.43878],[10.091354,7.421166],[10.067659,7.401049],[10.04923,7.396109],[10.025214,7.396926],[10.022801,7.382571],[10.002354,7.388128],[9.966868,7.382143],[9.929537,7.397995],[9.896345,7.399384],[9.87094,7.409814],[9.855644,7.437974],[9.82964,7.45234],[9.810018,7.469661],[9.780452,7.480155],[9.754767,7.501498],[9.716719,7.50121],[9.65613,7.48555],[9.619103,7.480872],[9.601911,7.471964],[9.526833,7.453002],[9.50289,7.460779],[9.440488,7.500996],[9.419453,7.528379],[9.385758,7.558133],[9.377059,7.576602],[9.360708,7.595622],[9.305623,7.63006],[9.275131,7.640552],[9.268667,7.647635],[9.265273,7.684813],[9.243125,7.71222]]}},
{"type":"Feature","properties":{},"geometry":{"type":"LineString","coordinates":[[9.901323,8.715966],[9.934416,8.727139],[9.95705,8.741773],[9.982776,8.745877],[10.073907,8.800438],[10.114941,8.814052],[10.167456,8.86014],[10.198576,8.837303],[10.231802,8.821619],[10.277611,8.810921],[10.32067,8.794388],[10.374467,8.789411],[10.388041,8.778029],[10.474797,8.746245]]}},
{"type":"Feature","properties":{},"geometry":{"type":"LineString","coordinates":[[10.167456,8.86014],[10.182844,8.873578],[10.195732,8.893603],[10.198463,8.932137],[10.213073,8.9724],[10.210213,8.994038],[10.212624,9.048926],[10.217398,9.057334],[10.217424,9.091341],[10.225068,9.111462],[10.215363,9.152204],[10.233963,9.19303],[10.260103,9.216044]]}},
{"type":"Feature","properties":{},"geometry":{"type":"LineString","coordinates":[[10.218186,9.638707],[10.213334,9.714955],[10.204836,9.746625],[10.197396,9.754922],[10.192494,9.772177],[10.15109,9.802415],[10.106862,9.817595],[10.085758,9.831414],[10.072299,9.853213],[10.064554,9.902225],[10.067438,9.940835],[10.061839,9.953166],[10.065939,9.966454],[10.065249,9.995545],[10.046162,10.008164],[10.012473,10.051045],[10.012975,10.087675],[10.019124,10.114005],[10.011978,10.149635],[10.011531,10.182796],[10.005937,10.195421],[10.000932,10.234787],[10.006913,10.266356],[10.008687,10.319824],[10.023109,10.373887],[10.026091,10.415114],[10.009599,10.452409],[10.01404,10.479937],[10.010016,10.496892],[9.999059,10.50615],[9.937012,10.530496],[9.885561,10.562747],[9.884377,10.575571],[9.908555,10.59831]]}},
{"type":"Feature","properties":{},"geometry":{"type":"LineString","coordinates":[[7.688163,9.908626],[7.701519,9.946974],[7.701025,10.020715],[7.679317,10.077347],[7.666228,10.088919],[7.659853,10.106525],[7.652733,10.133778],[7.647408,10.187984],[7.638305,10.205804],[7.642306,10.237717],[7.638525,10.251347],[7.654318,10.273017],[7.648145,10.334416],[7.636605,10.361734],[7.627086,10.406104],[7.632495,10.472592],[7.642931,10.489958],[7.653697,10.558554],[7.674386,10.609484],[7.675162,10.631368],[7.690492,10.678432],[7.693776,10.719108],[7.711659,10.758685],[7.713131,10.796321],[7.696661,10.847806],[7.68979,10.88995],[7.693636,10.909159],[7.717661,10.943381],[7.728868,10.951528],[7.736783,10.975488],[7.767881,11.00784],[7.816032,11.079758],[7.856853,11.122444],[7.871173,11.13053]]}},
{"type":"Feature","properties":{},"geometry":{"type":"LineString","coordinates":[[7.928037,10.777205],[7.908682,10.784956],[7.874155,10.785502],[7.834129,10.802331],[7.815742,10.801858],[7.771947,10.846646],[7.708761,10.884842],[7.634596,10.902177],[7.618535,10.909427],[7.549158,10.922293],[7.507739,10.938237],[7.476973,10.940881],[7.437671,10.965797],[7.386083,10.984694],[7.361881,11.012205],[7.300246,11.042878],[7.261313,11.049563],[7.220335,11.068542],[7.193806,11.074608],[7.117034,11.120364],[7.096244,11.125031],[7.066079,11.141655],[7.001249,11.155238],[6.992032,11.162811],[6.991007,11.185177],[6.984878,11.191395],[6.917416,11.233071]]}},
{"type":"Feature","properties":{},"geometry":{"type":"LineString","coordinates":[[7.005893,11.056565],[6.993981,11.061543],[7.003673,11.089026],[7.017168,11.102433],[7.019536,11.113358],[7.00255,11.136813],[7.000457,11.146045],[7.007073,11.153728]]}},
{"type":"Feature","properties":{},"geometry":{"type":"LineString","coordinates":[[7.682445,10.069053],[7.748722,10.12452],[7.765172,10.161062],[7.779598,10.180118],[7.81035,10.197179],[7.833825,10.229669],[7.847148,10.233849],[7.884588,10.225407]]}},
{"type":"Feature","properties":{},"geometry":{"type":"LineString","coordinates":[[7.853539,10.233047],[7.821941,10.262244],[7.800754,10.264311],[7.788042,10.271504],[7.756922,10.289477],[7.706645,10.327873],[7.662008,10.329836],[7.648145,10.334416]]}},
{"type":"Feature","properties":{},"geometry":{"type":"LineString","coordinates":[[7.014559,11.320643],[7.09115,11.298911],[7.123698,11.277425]]}},
{"type":"Feature","properties":{},"geometry":{"type":"LineString","coordinates":[[7.013504,11.348602],[7.061938,11.337002],[7.150517,11.351543],[7.165926,11.343407],[7.216401,11.332643],[7.30889,11.327363],[7.481653,11.304641],[7.494383,11.295687],[7.497553,11.285564],[7.505437,11.278874],[7.532375,11.27058],[7.543003,11.255088],[7.561121,11.25043],[7.609073,11.252755],[7.628498,11.246759],[7.663528,11.245774],[7.673235,11.242556],[7.698102,11.216765],[7.73836,11.210435],[7.790212,11.194719],[7.822525,11.164427],[7.871173,11.13053]]}},
{"type":"Feature","properties":{},"geometry":{"type":"LineString","coordinates":[[7.482231,9.336679],[7.503401,9.316162],[7.533179,9.300015],[7.58254,9.264346],[7.608106,9.264017],[7.652756,9.273512],[7.668612,9.272429],[7.687025,9.264743],[7.708179,9.264465],[7.721119,9.276117],[7.739153,9.273252],[7.74826,9.262183],[7.751104,9.244192],[7.778011,9.227633]]}},
{"type":"Feature","properties":{},"geometry":{"type":"LineString","coordinates":[[9.535344,6.406731],[9.653809,6.382389],[9.671235,6.380417],[9.70753,6.386926],[9.749694,6.375463],[9.804624,6.373429],[9.862509,6.364369],[10.006079,6.324923],[10.098303,6.311455],[10.156515,6.29801],[10.19556,6.301394],[10.215812,6.316372],[10.251097,6.315879],[10.270449,6.297735],[10.31002,6.277129],[10.406974,6.264865],[10.4353,6.266205]]}},
{"type":"Feature","properties":{},"geometry":{"type":"LineString","coordinates":[[10.388154,6.01455],[10.339406,6.015211],[10.323394,6.0224],[10.296275,6.045432],[10.249083,6.065683],[10.218989,6.094861],[10.15826,6.113552],[10.155717,6.118818],[10.160671,6.13096],[10.208401,6.149499]]}},
{"type":"Feature","properties":{},"geometry":{"type":"LineString","coordinates":[[9.818538,6.023746],[9.863818,6.020122],[9.885257,6.026831],[9.905935,6.042273],[9.934255,6.04191],[9.946952,6.046545],[9.969446,6.067629],[9.998674,6.070304],[10.017933,6.077031],[10.038182,6.092904],[10.068733,6.096863],[10.103874,6.118638],[10.15826,6.113552]]}},
{"type":"Feature","properties":{},"geometry":{"type":"LineString","coordinates":[[9.818134,6.239733],[9.821398,6.188641],[9.812326,6.161269],[9.808466,6.132084],[9.796029,6.113916],[9.801695,6.079373],[9.791319,6.051578]]}},
{"type":"Feature","properties":{},"geometry":{"type":"LineString","coordinates":[[9.589381,6.18161],[9.61366,6.192591],[9.674836,6.20186],[9.698917,6.209411],[9.754638,6.235755]]}},
{"type":"Feature","properties":{},"geometry":{"type":"LineString","coordinates":[[9.265458,6.25181],[9.280446,6.266981],[9.290278,6.28608],[9.294507,6.346742],[9.286889,6.36649],[9.276056,6.373174],[9.258428,6.395666],[9.217239,6.419757],[9.156682,6.436615]]}},
{"type":"Feature","properties":{},"geometry":{"type":"LineString","coordinates":[[9.264109,6.252864],[9.228075,6.249697],[9.185955,6.231848],[9.141035,6.23587],[9.110233,6.252833],[9.060775,6.299289],[9.054881,6.318148],[9.061039,6.359151],[9.090784,6.399873],[9.134416,6.432557],[9.155314,6.443077]]}},
{"type":"Feature","properties":{},"geometry":{"type":"LineString","coordinates":[[9.311853,5.786832],[9.316206,5.775195],[9.34874,5.759983],[9.356708,5.731506],[9.371636,5.701643],[9.381561,5.692362],[9.384705,5.661321],[9.403236,5.641902],[9.405951,5.611304],[9.401491,5.562007],[9.4061,5.544927],[9.406102,5.504752],[9.412151,5.459272],[9.406024,5.41567],[9.409742,5.396416],[9.403437,5.376832],[9.403689,5.359362],[9.406851,5.328325],[9.414052,5.308599],[9.414715,5.246148],[9.424122,5.229021],[9.425983,5.197999],[9.440123,5.175148],[9.45413,5.160595],[9.506705,5.191492],[9.557277,5.197078],[9.621763,5.24267],[9.70488,5.279313],[9.751121,5.287974]]}},
{"type":"Feature","properties":{},"geometry":{"type":"LineString","coordinates":[[9.692194,5.273777],[9.695647,5.291197],[9.714732,5.324593],[9.728337,5.334481],[9.789077,5.354755],[9.823435,5.351754],[9.873153,5.379553],[9.933877,5.398928],[9.959497,5.393836],[9.984782,5.39747],[10.007284,5.417156]]}},
{"type":"Feature","properties":{},"geometry":{"type":"LineString","coordinates":[[9.823435,5.351754],[9.825209,5.335154],[9.842874,5.318813],[9.841825,5.302682],[9.860665,5.27455],[9.855839,5.231411],[9.828263,5.216879],[9.811841,5.187388],[9.799169,5.182725],[9.78502,5.161933],[9.766603,5.14904],[9.763877,5.13816],[9.755955,5.129953],[9.733244,5.122338],[9.726492,5.101026],[9.719003,5.092377],[9.679382,5.070096],[9.668318,5.052316],[9.654746,5.0446],[9.640158,5.024714],[9.605616,5.007127],[9.593007,4.969479],[9.553415,4.94479],[9.534417,4.916165],[9.537271,4.896492],[9.531106,4.88913],[9.530362,4.857267],[9.478543,4.808826],[9.472569,4.798883],[9.467807,4.755266],[9.455092,4.745343],[9.448189,4.728378],[9.452882,4.718292],[9.453123,4.697331],[9.441656,4.680845],[9.441935,4.663813],[9.42948,4.634235],[9.410235,4.623493],[9.404054,4.589489],[9.453164,4.582549],[9.484552,4.589195],[9.502318,4.581174],[9.546781,4.542786],[9.58928,4.528428],[9.598532,4.517431],[9.644283,4.502607],[9.672118,4.502788],[9.671966,4.486204]]}},
{"type":"Feature","properties":{},"geometry":{"type":"LineString","coordinates":[[9.671966,4.486204],[9.649746,4.481606],[9.622403,4.439517],[9.606224,4.429623],[9.594715,4.415903],[9.568168,4.405081],[9.559531,4.387259],[9.510607,4.362804],[9.448827,4.31007],[9.389584,4.300092],[9.383835,4.288786],[9.385919,4.277851],[9.424288,4.236482],[9.440583,4.208401],[9.44215,4.187428],[9.451531,4.164646],[9.449019,4.123186]]}},
{"type":"Feature","properties":{},"geometry":{"type":"LineString","coordinates":[[9.671966,4.486204],[9.717361,4.480985],[9.76007,4.491499],[9.799161,4.487206],[9.824427,4.492641],[9.87041,4.482173],[9.896566,4.490214],[9.907748,4.500577],[9.914516,4.515353],[9.95035,4.516309],[9.962528,4.520521],[10.015672,4.559678],[10.041011,4.602458],[10.058766,4.610713],[10.087401,4.649382],[10.122255,4.672284],[10.142389,4.700564],[10.187418,4.712597],[10.201607,4.712158],[10.207975,4.727279]]}},
{"type":"Feature","properties":{},"geometry":{"type":"LineString","coordinates":[[10.400115,4.103475],[10.329807,4.174079],[10.319591,4.19575],[10.291948,4.233931],[10.283693,4.256239],[10.268224,4.273386],[10.234519,4.290708],[10.213347,4.324913],[10.142776,4.371368],[10.096203,4.392235],[10.087492,4.389799],[10.060274,4.410991],[10.034328,4.424032],[10.004918,4.452096],[9.980003,4.458925],[9.968901,4.469628],[9.925154,4.493957],[9.918166,4.516148]]}},
{"type":"Feature","properties":{},"geometry":{"type":"LineString","coordinates":[[8.028373,4.408289],[7.964718,4.476354],[7.955608,4.483639],[7.930768,4.487091],[7.882174,4.461149],[7.827764,4.446404],[7.790979,4.42497],[7.726451,4.372],[7.670704,4.342967],[7.639107,4.312942],[7.593844,4.295479],[7.58262,4.279121],[7.546447,4.249113],[7.556433,4.226413],[7.54395,4.157141],[7.545658,4.112451],[7.549472,4.092718],[7.566428,4.082766],[7.566409,4.07362],[7.541147,4.008005],[7.514106,3.968731],[7.492799,3.899852],[7.471666,3.862509],[7.422065,3.822684],[7.410148,3.795144],[7.374593,3.771885],[7.350596,3.770253],[7.401391,3.723118],[7.404827,3.712586],[7.395494,3.677144],[7.376229,3.661466]]}},
{"type":"Feature","properties":{},"geometry":{"type":"LineString","coordinates":[[5.215782,4.866624],[5.240512,4.859372],[5.284709,4.855711],[5.328093,4.87049],[5.335502,4.861245]]}},
{"type":"Feature","properties":{},"geometry":{"type":"LineString","coordinates":[[5.328093,4.87049],[5.336909,4.88846],[5.339189,4.914794],[5.328355,4.946004]]}},
{"type":"Feature","properties":{},"geometry":{"type":"LineString","coordinates":[[5.537863,4.903971],[5.526971,4.917182],[5.503545,4.972582]]}},
{"type":"Feature","properties":{},"geometry":{"type":"LineString","coordinates":[[5.457048,4.945978],[5.474615,4.961717],[5.503545,4.972582],[5.511482,4.987916],[5.513354,5.019516],[5.502077,5.046776],[5.501784,5.08453],[5.493534,5.102121],[5.477812,5.112279],[5.472592,5.121079],[5.471813,5.146105],[5.46313,5.165454],[5.450489,5.17999],[5.444937,5.227067],[5.43367,5.247223]]}},
{"type":"Feature","properties":{},"geometry":{"type":"LineString","coordinates":[[8.32869,3.687697],[8.177834,3.606981],[8.111574,3.588155],[8.054098,3.563363],[8.005396,3.529651],[7.890405,3.472639],[7.834435,3.455195],[7.77556,3.44515],[7.727012,3.442438],[7.674142,3.458959],[7.651978,3.438375],[7.618082,3.425236],[7.576866,3.419522],[7.538549,3.404921],[7.478245,3.408162],[7.487433,3.485001],[7.486103,3.514577],[7.453909,3.551696],[7.410501,3.586571],[7.396773,3.605203]]}},
{"type":"Feature","properties":{},"geometry":{"type":"LineString","coordinates":[[7.478245,3.408162],[7.471825,3.385499],[7.483858,3.348996],[7.514643,3.325199],[7.560154,3.30577],[7.61162,3.302574],[7.679197,3.285997],[7.736293,3.231041],[7.947986,3.22707],[7.977413,3.232835],[8.002502,3.253395],[8.024587,3.260671],[8.081922,3.263335],[8.109794,3.252853],[8.128898,3.252755]]}},
{"type":"Feature","properties":{},"geometry":{"type":"LineString","coordinates":[[7.674142,3.458959],[7.667638,3.427848],[7.686851,3.349518],[7.675001,3.331838],[7.679197,3.285997]]}},
{"type":"Feature","properties":{},"geometry":{"type":"LineString","coordinates":[[8.005396,3.529651],[7.958409,3.541724],[7.929079,3.556657],[7.867393,3.571764],[7.821957,3.60156],[7.794034,3.606142],[7.702796,3.599231],[7.666049,3.605333],[7.521907,3.614936],[7.477646,3.5915],[7.426669,3.573293]]}},
{"type":"Feature","properties":{},"geometry":{"type":"LineString","coordinates":[[8.472574,3.022782],[8.425218,3.019401],[8.394422,3.028414],[8.365187,3.056615],[8.337561,3.112864],[8.317085,3.130689],[8.280465,3.15155],[8.257078,3.175297],[8.180953,3.230333],[8.166296,3.237793],[8.144105,3.208366]]}},
{"type":"Feature","properties":{},"geometry":{"type":"LineString","coordinates":[[8.166296,3.237793],[8.128898,3.252755]]}},
{"type":"Feature","properties":{},"geometry":{"type":"LineString","coordinates":[[9.212667,3.619629],[9.156885,3.617063],[9.080441,3.598412],[9.039169,3.572141],[8.992142,3.563602],[8.945006,3.538834],[8.90825,3.53022],[8.824519,3.523375],[8.787702,3.5059],[8.745091,3.501738],[8.706678,3.463607],[8.663951,3.440252],[8.585967,3.415623],[8.571181,3.390575],[8.541659,3.373075],[8.413838,3.36937],[8.327319,3.399384],[8.235125,3.469303],[8.19843,3.478369],[8.105822,3.477401],[8.017815,3.51481],[8.005396,3.529651]]}},
{"type":"Feature","properties":{},"geometry":{"type":"LineString","coordinates":[[9.719902,2.833439],[9.777473,2.836668],[9.836663,2.856771],[9.906845,2.838679],[9.977147,2.842669],[10.015271,2.85274],[10.059185,2.852468],[10.09283,2.849316],[10.165868,2.826787],[10.197898,2.800103],[10.224145,2.785228],[10.33574,2.73095],[10.392494,2.685636],[10.434849,2.676553],[10.47728,2.680703],[10.51013,2.658114],[10.587762,2.577113],[10.644535,2.538554],[10.675137,2.523673],[10.70999,2.486724],[10.733162,2.451318],[10.797111,2.39364],[10.867161,2.382952],[10.910804,2.353321],[10.937055,2.347295],[10.989611,2.359452],[11.052283,2.327539],[11.141299,2.324086],[11.193886,2.332585],[11.29773,2.374526],[11.449632,2.407333],[11.566272,2.40513],[11.655119,2.392833],[11.719105,2.370434],[11.772954,2.35983],[11.835639,2.365289],[11.912936,2.379439],[11.986043,2.422903],[12.047259,2.431277],[12.098374,2.454358],[12.129006,2.462932],[12.178487,2.461123],[12.281327,2.469183],[12.395352,2.46837],[12.520583,2.489405],[12.556357,2.510343],[12.597921,2.526854],[12.635947,2.557272],[12.652082,2.576155],[12.695721,2.580204],[12.739502,2.603251],[12.808005,2.629016],[12.869787,2.646689],[12.920043,2.650029],[13.016737,2.63124],[13.050239,2.586173],[13.099551,2.579935],[13.099384,2.555755],[13.090507,2.537667],[13.112201,2.527275],[13.147058,2.529918],[13.267441,2.52166],[13.262928,2.501266],[13.248339,2.491167],[13.255502,2.479436],[13.356872,2.456751],[13.407674,2.462184],[13.42519,2.47663],[13.468469,2.448575],[13.507519,2.4366],[13.55396,2.44352],[13.595896,2.431523],[13.591343,2.40532],[13.575142,2.371919],[13.602409,2.336723],[13.696174,2.282083],[13.756788,2.252485],[13.851514,2.186958],[14.019937,2.05907],[14.26852,1.930772],[14.309336,1.873784],[14.317712,1.827925],[14.300986,1.760843],[14.299766,1.729882],[14.414011,1.624526],[14.378908,1.546224],[14.378653,1.498251],[14.454175,1.438988],[14.523351,1.412478],[14.733286,1.402695],[14.834892,1.386933],[14.886823,1.391021],[15.016553,1.39035],[15.157089,1.402662],[15.23049,1.393575],[15.368326,1.323314],[15.394078,1.292767],[15.361624,1.27772],[15.391667,1.24064],[15.400158,1.210185],[15.384667,1.176659],[15.389046,1.138544],[15.351079,1.093081],[15.329281,1.041021],[15.298855,0.988984],[15.296648,0.975953],[15.335443,0.958424],[15.393506,0.897381],[15.449389,0.829855],[15.60541,0.707793],[15.676435,0.662024],[15.753881,0.603247],[15.794732,0.564106],[15.880878,0.55307],[15.932532,0.537781],[15.949683,0.500893],[15.960338,0.442347],[16.014067,0.385906],[16.063547,0.368494],[16.07859,0.353306],[16.09575,0.31212],[16.128005,0.29475]]}},
{"type":"Feature","properties":{},"geometry":{"type":"LineString","coordinates":[[14.473485,1.431588],[14.45759,1.362669],[14.476778,1.297179],[14.505911,1.274158],[14.512167,1.219639],[14.559591,1.16931],[14.572386,1.121315],[14.641647,1.118856],[14.726116,1.135936],[14.762968,1.153204],[14.911106,1.148222],[14.93453,1.091939],[14.999331,1.045586],[15.118037,1.005975],[15.163436,1.0145],[15.193668,1.01221],[15.221688,0.996884],[15.249737,0.990257],[15.298855,0.988984]]}},
{"type":"Feature","properties":{},"geometry":{"type":"LineString","coordinates":[[11.488012,2.405655],[11.484661,2.352842],[11.413196,2.351814],[11.305101,2.326055],[11.195372,2.273862],[11.170541,2.2696],[11.072751,2.268688],[11.021565,2.251354],[10.970526,2.261919],[10.938445,2.26944],[10.874382,2.303583],[10.808693,2.309826],[10.764979,2.32917],[10.731624,2.373442],[10.702568,2.402999],[10.557063,2.514082],[10.490265,2.59093],[10.462599,2.610211],[10.424644,2.620733],[10.393936,2.620916],[10.347702,2.642953]]}},
{"type":"Feature","properties":{},"geometry":{"type":"LineString","coordinates":[[10.407828,2.620833],[10.369506,2.569585]]}},
{"type":"Feature","properties":{},"geometry":{"type":"LineString","coordinates":[[10.347702,2.642953],[10.313716,2.658166],[10.259811,2.695266],[10.226164,2.695469],[10.202825,2.707379],[10.170758,2.728171],[10.129988,2.762262],[10.100816,2.778627],[10.01008,2.780646],[9.979287,2.771998],[9.923648,2.770856],[9.834342,2.772852],[9.803632,2.780394],[9.784509,2.765779],[9.771212,2.745238],[9.743706,2.746024]]}},
{"type":"Feature","properties":{},"geometry":{"type":"LineString","coordinates":[[8.683304,2.815853],[8.687433,2.751679],[8.702448,2.667492],[8.744103,2.631883],[8.816676,2.620478],[8.909082,2.617829],[8.960967,2.618077],[8.990537,2.628501],[9.100013,2.521792],[9.150438,2.488376],[9.209777,2.481461],[9.207353,2.43282],[9.237861,2.37297],[9.268568,2.357352],[9.356502,2.35916],[9.39406,2.40099],[9.394226,2.43636],[9.407539,2.462824],[9.444944,2.471484],[9.469172,2.482417],[9.491257,2.504411]]}},
{"type":"Feature","properties":{},"geometry":{"type":"LineString","coordinates":[[9.836663,2.856771],[9.85358,2.915014],[9.893681,3.005314],[9.904184,3.101733],[9.929875,3.166289],[9.932823,3.276684],[9.946282,3.316338],[9.981621,3.342583],[10.036685,3.362057],[10.096089,3.374868],[10.166649,3.411868],[10.26116,3.422186],[10.371312,3.469873],[10.441697,3.486964],[10.507455,3.475409],[10.564513,3.474949],[10.626688,3.475179],[10.711602,3.48477],[10.799522,3.506078],[10.853854,3.533533],[11.000321,3.566048],[11.122929,3.548813],[11.184276,3.546798],[11.229559,3.546392],[11.300527,3.560427],[11.350432,3.58785],[11.528916,3.625785],[11.594889,3.655948],[11.773407,3.705501],[11.875762,3.729379],[11.969574,3.775294],[12.078252,3.848841],[12.100577,3.891068],[12.124107,3.909847],[12.19438,3.936887],[12.264547,3.955129],[12.314421,3.983835],[12.35589,4.041893],[12.407344,4.080796],[12.594215,4.175076],[12.623881,4.218575],[12.625885,4.262417],[12.622032,4.303408],[12.655009,4.376091],[12.656883,4.408233]]}},
{"type":"Feature","properties":{},"geometry":{"type":"LineString","coordinates":[[11.991769,2.423686],[11.983059,2.5066],[11.985656,2.565907],[11.942256,2.607967],[11.918473,2.6433],[11.908252,2.709492],[11.908419,2.762048],[11.895638,2.806101],[11.893841,2.856664],[11.913839,2.898262],[11.984196,2.950433],[12.019537,2.996281],[12.113507,2.997689],[12.222814,3.00774],[12.316995,3.039857],[12.323949,3.085895],[12.256972,3.167724],[12.246367,3.20295],[12.248892,3.240253],[12.275406,3.272939],[12.274341,3.391505],[12.279221,3.444149],[12.292522,3.463776],[12.35187,3.500499],[12.420357,3.576615],[12.41219,3.631566],[12.386278,3.660371],[12.334171,3.691654],[12.301339,3.73312],[12.287105,3.786557],[12.281335,3.85907],[12.268656,3.89873],[12.238175,3.948274]]}},
{"type":"Feature","properties":{},"geometry":{"type":"LineString","coordinates":[[14.54879,1.720181],[14.453444,1.714227],[14.333477,1.700071],[14.241045,1.713329],[14.16509,1.702871],[14.097932,1.716363],[14.052505,1.738462],[14.000446,1.740956],[13.967998,1.758619],[13.933509,1.798137],[13.92497,1.821748],[13.925161,1.852791]]}},
{"type":"Feature","properties":{},"geometry":{"type":"LineString","coordinates":[[13.933509,1.798137],[13.883599,1.800626],[13.833511,1.774712],[13.669124,1.755752],[13.629117,1.734381],[13.54434,1.728303],[13.497446,1.710492],[13.490546,1.695069]]}},
{"type":"Feature","properties":{},"geometry":{"type":"LineString","coordinates":[[13.499203,1.708703],[13.48612,1.680512]]}},
{"type":"Feature","properties":{},"geometry":{"type":"LineString","coordinates":[[13.48612,1.680512],[13.451428,1.696743],[13.322393,1.691612],[13.221,1.71259],[13.184718,1.708407],[13.149852,1.698377],[13.130917,1.683879],[13.119123,1.647445],[13.09301,1.647579],[13.013265,1.659671],[12.942321,1.693631],[12.911868,1.699633],[12.826224,1.703],[12.788506,1.710502],[12.740587,1.712212],[12.713049,1.724047],[12.691396,1.750472],[12.657363,1.771118],[12.602273,1.794803],[12.525335,1.8113],[12.490466,1.814411],[12.467394,1.849641],[12.442766,1.865866],[12.412282,1.874809],[12.343931,1.873718],[12.312109,1.906086],[12.296149,1.913491],[12.245223,1.910843],[12.18125,1.918511],[12.158009,1.925957],[12.12034,1.956911],[12.019922,1.958927],[11.971945,1.970907],[11.931345,2.001894],[11.893525,2.009428],[11.83528,2.011214],[11.810744,2.052382],[11.768532,2.05848],[11.70893,2.082266],[11.676874,2.082445],[11.643495,2.107555],[11.618728,2.109161],[11.608494,2.103353],[11.486019,2.098166],[11.464094,2.088018],[11.442201,2.083737],[11.334336,2.093123],[11.283287,2.093397],[11.268592,2.072929],[11.264079,2.046536],[11.247951,2.030476],[11.105721,2.035609],[11.070631,2.022573],[11.017946,1.993467],[10.97556,1.981926],[10.893775,1.974978],[10.867508,1.978042],[10.826701,1.994399],[10.754386,1.988867],[10.733857,1.971331],[10.656429,1.968753],[10.653588,1.986404],[10.634665,2.001191],[10.602559,2.008692],[10.583633,2.023481],[10.500766,2.113561],[10.443915,2.144719],[10.389907,2.161161],[10.356441,2.193684],[10.340614,2.245242],[10.380337,2.293574],[10.380467,2.318576],[10.345437,2.330527],[10.260622,2.330972],[10.219754,2.347368],[10.199292,2.350418],[10.167059,2.340285],[10.140565,2.308048],[10.117107,2.297866],[10.071683,2.283377],[10.026297,2.277714],[9.982322,2.261738],[9.93254,2.25609],[9.800817,2.258191],[9.756907,2.259871],[9.736459,2.270276],[9.758571,2.302572],[9.758627,2.314353],[9.739699,2.336536],[9.7296,2.367514],[9.732868,2.43672],[9.743289,2.470541],[9.752134,2.482277],[9.752353,2.524986],[9.758342,2.549991],[9.784815,2.57194],[9.821514,2.589412],[9.830378,2.604089],[9.827554,2.623247],[9.791239,2.676462],[9.771212,2.745238]]}},
{"type":"Feature","properties":{},"geometry":{"type":"LineString","coordinates":[[5.777863,0.000906],[5.782277,0.030532],[5.777865,0.085342],[5.788169,0.129781],[5.786704,0.177183],[5.792593,0.197921],[5.789656,0.227548],[5.802902,0.245321],[5.82939,0.260128],[5.88089,0.276409],[5.90885,0.29862],[5.9118,0.323799],[5.936819,0.350452],[5.970661,0.36229],[5.989792,0.380056],[5.998642,0.440776],[6.068943,0.473492],[6.108836,0.497827],[6.142846,0.524137],[6.174897,0.557685],[6.191916,0.595847],[6.201726,0.602422],[6.203044,0.620849],[6.22136,0.637948],[6.247572,0.732038],[6.262627,0.757033],[6.276389,0.801113],[6.281688,0.884025]]}},
{"type":"Feature","properties":{},"geometry":{"type":"LineString","coordinates":[[6.289508,0.855721],[6.316973,0.866226],[6.383652,0.868799],[6.441196,0.895064],[6.470284,0.897011],[6.505572,0.88974],[6.53366,0.873923],[6.572214,0.867308],[6.644761,0.87579],[6.67075,0.870575],[6.722705,0.840706],[6.822007,0.828332],[6.862083,0.834139],[6.914073,0.850454],[6.96562,0.886346]]}},
{"type":"Feature","properties":{},"geometry":{"type":"LineString","coordinates":[[7.298432,0.964763],[7.279588,0.988498],[7.243059,1.018782],[7.322099,1.039051],[7.325379,1.05022]]}},
{"type":"Feature","properties":{},"geometry":{"type":"LineString","coordinates":[[7.314755,1.116532],[7.326807,1.135005],[7.367334,1.163204],[7.374535,1.175022],[7.39092,1.213771],[7.390967,1.242688],[7.385763,1.254527],[7.368809,1.268357],[7.332912,1.278934],[7.305527,1.303957],[7.275497,1.310581],[7.265712,1.317171],[7.244876,1.354017],[7.21029,1.37117],[7.195302,1.39026],[7.173779,1.408048],[7.127523,1.4314],[7.10916,1.436434],[7.055593,1.437188],[7.033391,1.443145],[7.009841,1.425434],[7.001303,1.399147],[7.005839,1.377441],[6.996003,1.355102],[6.990168,1.307402]]}},
{"type":"Feature","properties":{},"geometry":{"type":"LineString","coordinates":[[7.124391,1.463801],[7.111192,1.475876],[7.047224,1.505582],[7.019192,1.53851],[6.996419,1.588526],[6.983374,1.600387],[6.970306,1.600412],[6.943464,1.573504],[6.88787,1.545331],[6.844728,1.538834],[6.757851,1.56201],[6.706225,1.566049],[6.674829,1.552949],[6.63883,1.524068],[6.606136,1.517545],[6.586855,1.518674],[6.571589,1.510367],[6.543704,1.51436],[6.515371,1.510898],[6.476975,1.483766],[6.460374,1.458352],[6.430253,1.425939],[6.423422,1.373751],[6.415989,1.357531],[6.38894,1.33783],[6.354647,1.278218],[6.349822,1.254097],[6.32492,1.207628],[6.280856,1.171269],[6.251827,1.133573],[6.252678,1.114708],[6.257464,1.106805],[6.258732,1.069952],[6.269185,1.062921],[6.281641,1.065884]]}},
{"type":"Feature","properties":{},"geometry":{"type":"LineString","coordinates":[[6.468603,1.27017],[6.453543,1.274138],[6.448575,1.284233],[6.42897,1.289085],[6.416357,1.307964],[6.40024,1.314566],[6.376901,1.314551]]}},
{"type":"Feature","properties":{},"geometry":{"type":"LineString","coordinates":[[6.637365,1.201962],[6.633018,1.208985],[6.642328,1.2214]]}},
{"type":"Feature","properties":{},"geometry":{"type":"LineString","coordinates":[[6.515371,1.510898],[6.481448,1.555253],[6.472757,1.571058],[6.474514,1.579388]]}},
{"type":"Feature","properties":{},"geometry":{"type":"LineString","coordinates":[[6.970306,1.600412],[6.956733,1.62107],[6.952849,1.640147],[6.958236,1.719044],[6.953057,1.742728],[6.91732,1.838812],[6.91606,1.860515],[6.952837,1.938683],[6.99019,1.981993],[7.017678,1.998363],[7.098382,1.998163],[7.117362,2.009949],[7.137687,2.036851],[7.1581,2.097279],[7.15953,2.143293],[7.153174,2.208393],[7.164213,2.24156],[7.18097,2.274053],[7.194739,2.289789],[7.264472,2.335922],[7.279228,2.353624],[7.288652,2.390074],[7.289769,2.433452],[7.297676,2.454131],[7.338015,2.500335],[7.358658,2.518012],[7.384438,2.604675],[7.394452,2.664773],[7.407297,2.693315],[7.412334,2.730755],[7.432159,2.789826],[7.442191,2.849917],[7.461523,2.777886],[7.48891,2.762011],[7.519285,2.758938],[7.537964,2.773651],[7.560598,2.797216],[7.599071,2.860138],[7.612785,2.858112],[7.651687,2.782075],[7.677166,2.781973],[7.687036,2.799671],[7.687242,2.85091],[7.693202,2.870594],[7.706016,2.888277],[7.835478,2.914329],[7.841281,2.896571],[7.810602,2.823797],[7.807545,2.795238],[7.811388,2.776504],[7.82174,2.766475],[7.855374,2.778114]]}},
{"type":"Feature","properties":{},"geometry":{"type":"LineString","coordinates":[[2.302117,10.021195],[2.212581,9.993477],[2.11387,9.981971],[2.099387,9.971926],[2.0518,9.955479],[2.003937,9.929752],[1.899813,9.848752],[1.872805,9.816769],[1.86435,9.799855],[1.824108,9.76845],[1.808313,9.742631],[1.791478,9.725811],[1.784497,9.738918]]}},
{"type":"Feature","properties":{},"geometry":{"type":"LineString","coordinates":[[1.791478,9.725811],[1.754732,9.690659],[1.723991,9.653025],[1.714926,9.633605],[1.698597,9.619161],[1.683648,9.574079],[1.651764,9.510798],[1.651259,9.478903],[1.636829,9.464464],[1.631232,9.446307],[1.631205,9.453129]]}},
{"type":"Feature","properties":{},"geometry":{"type":"LineString","coordinates":[[1.636829,9.464464],[1.618554,9.466894],[1.578129,9.494872],[1.568059,9.492955]]}},
{"type":"Feature","properties":{},"geometry":{"type":"LineString","coordinates":[[1.576945,9.494573],[1.573567,9.531748],[1.53367,9.580981]]}},
{"type":"Feature","properties":{},"geometry":{"type":"LineString","coordinates":[[1.631232,9.446307],[1.601599,9.45432],[1.58078,9.462991],[1.568132,9.475447],[1.52461,9.490273],[1.466643,9.495027],[1.44516,9.509938]]}},
{"type":"Feature","properties":{},"geometry":{"type":"LineString","coordinates":[[1.449598,9.503705],[1.431982,9.499249],[1.420067,9.487941],[1.372184,9.491473],[1.344521,9.481339],[1.324992,9.482497],[1.303635,9.47114],[1.263026,9.469065],[1.225192,9.478879],[1.193705,9.478719],[1.17035,9.489225],[1.16147,9.501058]]}},
{"type":"Feature","properties":{},"geometry":{"type":"LineString","coordinates":[[1.631232,9.446307],[1.60764,9.439961],[1.56367,9.412271],[1.466154,9.39185],[1.414067,9.353478],[1.402165,9.340294],[1.362572,9.325732],[1.329868,9.319328],[1.311661,9.309238],[1.270035,9.32592],[1.18979,9.384291],[1.187145,9.408661],[1.166538,9.436064],[1.156341,9.459143],[1.154235,9.499769],[1.161588,9.537945],[1.155802,9.559796],[1.124785,9.587764],[1.1139,9.619589],[1.080347,9.648787],[1.066359,9.671215],[1.054276,9.702682],[1.044729,9.707073],[1.004665,9.710176],[0.982474,9.721437],[0.961298,9.775264],[0.945973,9.78262],[0.922308,9.737052],[0.911853,9.729487],[0.880739,9.687082],[0.870555,9.683809],[0.845876,9.634898],[0.834368,9.595654],[0.792956,9.571641],[0.774183,9.553186],[0.764533,9.552291],[0.743846,9.570075],[0.742819,9.598404],[0.726687,9.624967],[0.718947,9.651999],[0.682625,9.682591],[0.669029,9.705416],[0.650662,9.719458]]}},
{"type":"Feature","properties":{},"geometry":{"type":"LineString","coordinates":[[1.164794,9.442507],[1.152878,9.443707],[1.138847,9.433625],[1.112979,9.404729],[1.083634,9.398319],[1.062642,9.401643],[1.015233,9.396691],[0.987888,9.408206],[0.977772,9.415649],[0.974766,9.427301],[0.93716,9.469592],[0.904669,9.497737],[0.890679,9.520157],[0.877624,9.526746],[0.87069,9.561708],[0.855464,9.579534],[0.853286,9.592022],[0.83556,9.600516]]}},
{"type":"Feature","properties":{},"geometry":{"type":"LineString","coordinates":[[1.023561,9.371315],[1.017629,9.381285],[1.017542,9.396705]]}},
{"type":"Feature","properties":{},"geometry":{"type":"LineString","coordinates":[[1.266606,9.469556],[1.261504,9.416746],[1.251189,9.381266],[1.247171,9.341541]]}},
{"type":"Feature","properties":{},"geometry":{"type":"LineString","coordinates":[[1.172752,9.451726],[1.180675,9.46177],[1.215011,9.478827]]}},
{"type":"Feature","properties":{},"geometry":{"type":"LineString","coordinates":[[0.609556,9.682507],[0.62484,9.658863],[0.626683,9.635543],[0.620399,9.573417],[0.614626,9.558378],[0.615252,9.528799],[0.586225,9.448185],[0.565493,9.412627],[0.561513,9.381768],[0.551201,9.356698],[0.527003,9.337781],[0.444101,9.316781],[0.410361,9.341949],[0.392804,9.390146]]}},
{"type":"Feature","properties":{},"geometry":{"type":"LineString","coordinates":[[0.50637,9.332239],[0.510349,9.320167],[0.472007,9.285733]]}},
{"type":"Feature","properties":{},"geometry":{"type":"LineString","coordinates":[[0.580287,9.442207],[0.55877,9.44383],[0.537693,9.457431],[0.522986,9.460244],[0.491497,9.462521],[0.470138,9.456951],[0.435057,9.434616],[0.388184,9.418858],[0.376614,9.395442],[0.392804,9.390146]]}},
{"type":"Feature","properties":{},"geometry":{"type":"LineString","coordinates":[[0.606991,9.510058],[0.589451,9.526955],[0.579774,9.530221],[0.572099,9.547251],[0.519603,9.608958]]}},
{"type":"Feature","properties":{},"geometry":{"type":"LineString","coordinates":[[0.519603,9.608958],[0.510045,9.595557],[0.511091,9.567234],[0.480356,9.52285],[0.481192,9.458265]]}},
{"type":"Feature","properties":{},"geometry":{"type":"LineString","coordinates":[[0.376614,9.395442],[0.364236,9.395766],[0.350333,9.403578],[0.363968,9.431174],[0.364712,9.443678],[0.332848,9.495092],[0.310505,9.561989],[0.309049,9.586971],[0.298792,9.610219],[0.280995,9.634993]]}},
{"type":"Feature","properties":{},"geometry":{"type":"LineString","coordinates":[[0.461807,9.448559],[0.465571,9.421505],[0.471509,9.412799],[0.493379,9.405456],[0.495182,9.38797],[0.489067,9.363346],[0.493782,9.349215],[0.50637,9.332239]]}},
{"type":"Feature","properties":{},"geometry":{"type":"LineString","coordinates":[[0.569256,9.354322],[0.55308,9.360856]]}},
{"type":"Feature","properties":{},"geometry":{"type":"LineString","coordinates":[[0.573428,9.357684],[0.58874,9.388205],[0.607045,9.410829],[0.613224,9.427537],[0.607875,9.472917],[0.59829,9.484901]]}},
{"type":"Feature","properties":{},"geometry":{"type":"LineString","coordinates":[[0.609556,9.682507],[0.598798,9.689515],[0.573322,9.67017],[0.519603,9.608958]]}},
{"type":"Feature","properties":{},"geometry":{"type":"LineString","coordinates":[[0.519603,9.608958],[0.491395,9.620003],[0.402256,9.693081],[0.378769,9.743726],[0.348603,9.788066],[0.332708,9.832515],[0.325266,9.869946],[0.300463,9.872248],[0.277678,9.884561],[0.249289,9.913904],[0.239161,9.919236],[0.206837,9.91647],[0.186564,9.929212],[0.165786,9.951529],[0.162914,9.94359],[0.137083,9.918797],[0.13113,9.878761],[0.10561,9.843141],[0.102985,9.806884],[0.110756,9.782377],[0.141829,9.733075],[0.152385,9.726083],[0.215024,9.716187],[0.244933,9.703933],[0.25658,9.665704],[0.279878,9.639646]]}},
{"type":"Feature","properties":{},"geometry":{"type":"LineString","coordinates":[[0.524282,9.77231],[0.510895,9.76513],[0.480695,9.759909],[0.433781,9.743728],[0.413378,9.721077],[0.392645,9.687176],[0.331648,9.648799],[0.305603,9.651095],[0.279035,9.640056]]}},
{"type":"Feature","properties":{},"geometry":{"type":"LineString","coordinates":[[0.167492,9.950143],[0.220698,9.991143],[0.241362,10.032135],[0.254276,10.045572],[0.259634,10.058112],[0.243163,10.067555],[0.218784,10.067768],[0.184921,10.095387],[0.170043,10.11442],[0.159296,10.11766]]}},
{"type":"Feature","properties":{},"geometry":{"type":"LineString","coordinates":[[0.33029,9.872069],[0.362158,9.879402],[0.414469,9.90522],[0.444783,9.89712],[0.46254,9.882673],[0.463142,9.858932],[0.469138,9.843979],[0.510317,9.786374],[0.5905,9.724455],[0.598798,9.689515]]}},
{"type":"Feature","properties":{},"geometry":{"type":"LineString","coordinates":[[0.46254,9.882673],[0.475112,9.905265],[0.475709,9.936933],[0.486941,9.96814],[0.497202,9.977845],[0.51031,9.981647],[0.556697,10.023344],[0.573747,10.033345],[0.579317,10.054866],[0.57283,10.089446],[0.573195,10.115558],[0.54235,10.190322],[0.531628,10.235514],[0.522235,10.235442],[0.512186,10.229533],[0.510158,10.219935],[0.503462,10.215718],[0.461936,10.20165],[0.453168,10.193666],[0.438881,10.192305],[0.388612,10.168578],[0.375161,10.168054],[0.299686,10.092876],[0.280677,10.053843],[0.259634,10.058112]]}},
{"type":"Feature","properties":{},"geometry":{"type":"LineString","coordinates":[[0.522235,10.235442],[0.492513,10.253129],[0.45053,10.295712],[0.405762,10.317434],[0.399791,10.327384],[0.34513,10.37401],[0.337073,10.431012],[0.320855,10.457536],[0.289868,10.488098],[0.274385,10.52587],[0.273327,10.550437],[0.266456,10.565789],[0.202292,10.608544],[0.178167,10.645397],[0.177513,10.716196],[0.225827,10.775359],[0.230277,10.795392],[0.240227,10.812975],[0.239975,10.840463],[0.252333,10.871396],[0.277042,10.899707],[0.278971,10.907871],[0.266172,10.924834],[0.23743,10.93374],[0.231012,10.944094],[0.227017,10.965716],[0.218033,10.979795],[0.173656,11.007164],[0.163796,11.009282],[0.168945,11.043899],[0.161682,11.053826],[0.09961,11.084888],[0.08003,11.10344],[0.074551,11.11461],[0.064954,11.114121],[0.054333,11.12193],[0.034786,11.13673],[0.018981,11.156563],[0.005697,11.136024],[-0.002685,11.130944],[-0.018694,11.129534],[-0.021724,11.096189],[-0.062998,10.990421],[-0.069067,10.924984],[-0.062074,10.900486],[-0.060381,10.858445],[-0.042958,10.843627],[-0.049238,10.813842]]}},
{"type":"Feature","properties":{},"geometry":{"type":"LineString","coordinates":[[0.189522,10.733069],[0.145273,10.763382],[0.126842,10.796947],[0.10559,10.816739],[0.109731,10.824274]]}},
{"type":"Feature","properties":{},"geometry":{"type":"LineString","coordinates":[[0.108422,10.821893],[0.031975,10.848939],[0.006387,10.837864],[-0.028612,10.841269],[-0.047539,10.825344]]}},
{"type":"Feature","properties":{},"geometry":{"type":"LineString","coordinates":[[0.604801,10.854349],[0.592609,10.850504],[0.557596,10.854394],[0.49451,10.838472],[0.475074,10.844563],[0.456592,10.837329],[0.417311,10.847833],[0.369725,10.844097],[0.316822,10.869884],[0.301912,10.887664],[0.277433,10.901362]]}},
{"type":"Feature","properties":{},"geometry":{"type":"LineString","coordinates":[[0.332786,10.82795],[0.333518,10.840453],[0.342927,10.858071]]}},
{"type":"Feature","properties":{},"geometry":{"type":"LineString","coordinates":[[0.842244,10.010823],[0.805595,10.021834],[0.792419,10.042999],[0.773377,10.060789],[0.756243,10.106509]]}},
{"type":"Feature","properties":{},"geometry":{"type":"LineString","coordinates":[[0.6194,10.0743],[0.640369,10.081533],[0.667685,10.083394],[0.732757,10.097598],[0.783932,10.115864],[0.806521,10.133517],[0.81944,10.151104],[0.830621,10.145761],[0.862172,10.144718],[0.879803,10.149834],[0.896135,10.160773],[0.922196,10.16344],[1.000678,10.191851],[1.039967,10.199173],[1.064156,10.234325],[1.108015,10.252922],[1.128221,10.287214],[1.149141,10.308173],[1.15568,10.341554],[1.156364,10.368648],[1.143967,10.400668],[1.144101,10.519867]]}},
{"type":"Feature","properties":{},"geometry":{"type":"LineString","coordinates":[[0.531628,10.235514],[0.584573,10.261118],[0.60746,10.294202],[0.637193,10.312753],[0.66013,10.34042],[0.644339,10.426134],[0.634483,10.449394],[0.639715,10.481098],[0.622568,10.521384],[0.598763,10.550786],[0.603891,10.595405],[0.597839,10.615357],[0.595897,10.648256],[0.589086,10.65737]]}},
{"type":"Feature","properties":{},"geometry":{"type":"LineString","coordinates":[[0.595161,10.649241],[0.661764,10.682504]]}},
{"type":"Feature","properties":{},"geometry":{"type":"LineString","coordinates":[[0.651478,10.388615],[0.670177,10.404241],[0.713582,10.454554],[0.729956,10.460505]]}},
{"type":"Feature","properties":{},"geometry":{"type":"LineString","coordinates":[[0.661764,10.682504],[0.668449,10.68938],[0.670382,10.727705],[0.678181,10.736281],[0.683942,10.742065],[0.700243,10.74089],[0.730012,10.754257],[0.760417,10.802396],[0.7939,10.834304],[0.809449,10.840665]]}},
{"type":"Feature","properties":{},"geometry":{"type":"LineString","coordinates":[[0.683942,10.742065],[0.686614,10.753937],[0.641833,10.769015],[0.613847,10.791299],[0.607826,10.806668],[0.604801,10.854349]]}},
{"type":"Feature","properties":{},"geometry":{"type":"LineString","coordinates":[[0.864106,10.978559],[0.843169,10.957994],[0.832381,10.933749],[0.825183,10.879946],[0.816127,10.84988],[0.809449,10.840665]]}},
{"type":"Feature","properties":{},"geometry":{"type":"LineString","coordinates":[[0.864106,10.978559],[0.840393,11.049646],[0.84695,11.075944]]}},
{"type":"Feature","properties":{},"geometry":{"type":"LineString","coordinates":[[0.844424,11.079545],[0.834658,11.083774],[0.872004,11.111541],[0.874478,11.119475],[0.868547,11.122767],[0.863284,11.150231],[0.850065,11.168888],[0.841385,11.201327],[0.843596,11.244678],[0.851482,11.262653],[0.808273,11.282754],[0.766912,11.281612],[0.735142,11.295538],[0.677011,11.280088]]}},
{"type":"Feature","properties":{},"geometry":{"type":"LineString","coordinates":[[0.806547,11.287742],[0.787876,11.355103],[0.770835,11.374558],[0.763333,11.397253],[0.752024,11.403997],[0.751068,11.418157],[0.738213,11.44139]]}},
{"type":"Feature","properties":{},"geometry":{"type":"LineString","coordinates":[[0.735306,11.439631],[0.730062,11.434869],[0.711984,11.433618],[0.689906,11.447887],[0.672495,11.442194],[0.657505,11.450407],[0.644299,11.446968],[0.614184,11.462278],[0.586265,11.467464],[0.550068,11.50174],[0.546084,11.513865],[0.532104,11.527418],[0.517731,11.528545],[0.4771,11.513615],[0.447139,11.510438],[0.43486,11.513662],[0.404082,11.507557],[0.387615,11.484083],[0.378767,11.481921],[0.366493,11.484726],[0.314601,11.479255]]}},
{"type":"Feature","properties":{},"geometry":{"type":"LineString","coordinates":[[0.536151,11.523495],[0.540414,11.543319],[0.554188,11.562599],[0.567234,11.568542]]}},
{"type":"Feature","properties":{},"geometry":{"type":"LineString","coordinates":[[0.357221,10.153057],[0.347417,10.164289],[0.319554,10.177809],[0.310957,10.225225],[0.280617,10.232471],[0.284205,10.255619],[0.260408,10.308528],[0.260262,10.325396],[0.228952,10.370113],[0.230702,10.386373],[0.244464,10.400237],[0.265926,10.399796],[0.282458,10.385566],[0.304562,10.383878],[0.344378,10.388494]]}},
{"type":"Feature","properties":{},"geometry":{"type":"LineString","coordinates":[[0.945973,9.78262],[0.946138,9.801966],[0.930247,9.823748],[0.914869,9.86366],[0.889469,9.89288],[0.881808,9.907835],[0.874656,9.941545],[0.845998,9.985116],[0.842244,10.010823]]}},
{"type":"Feature","properties":{},"geometry":{"type":"LineString","coordinates":[[0.898244,9.885579],[0.88828,9.881621],[0.887453,9.813481],[0.877512,9.790916]]}},
{"type":"Feature","properties":{},"geometry":{"type":"LineString","coordinates":[[10.149211,8.341661],[10.086752,8.350446],[10.03543,8.367617],[10.022956,8.391411],[10.007013,8.402177],[9.969299,8.411933],[9.956822,8.42054],[9.945225,8.437157]]}},
{"type":"Feature","properties":{},"geometry":{"type":"LineString","coordinates":[[3.45262,9.447379],[3.454728,9.47725],[3.447609,9.493522],[3.446402,9.534389],[3.434654,9.545662],[3.384681,9.561566],[3.347715,9.565776],[3.317479,9.579566],[3.297724,9.570409],[3.274178,9.547076],[3.253887,9.539629]]}},
{"type":"Feature","properties":{},"geometry":{"type":"LineString","coordinates":[[3.317479,9.579566],[3.326308,9.586229],[3.332213,9.609575],[3.349874,9.623319],[3.380131,9.626205],[3.406599,9.622005],[3.501559,9.62063],[3.515864,9.633119],[3.538594,9.634988]]}},
{"type":"Feature","properties":{},"geometry":{"type":"LineString","coordinates":[[3.077788,9.384826],[3.043103,9.409987],[2.958273,9.432922],[2.940497,9.445362]]}},
{"type":"Feature","properties":{},"geometry":{"type":"LineString","coordinates":[[3.003857,9.515808],[2.960293,9.513683],[2.940409,9.519518],[2.886349,9.551476],[2.87458,9.567039],[2.869676,9.575377],[2.887316,9.592341],[2.891504,9.635711],[2.872715,9.686023],[2.849442,9.725211],[2.849313,9.735234],[2.882921,9.74663],[2.892725,9.761089],[2.913743,9.759706],[2.954097,9.771945],[2.982121,9.798913],[3.005385,9.803918],[3.037059,9.821152],[3.044909,9.830047],[3.057102,9.830323],[3.110639,9.853777]]}},
{"type":"Feature","properties":{},"geometry":{"type":"LineString","coordinates":[[2.892725,9.761089],[2.888938,9.76915],[2.89734,9.790003],[2.893968,9.815299],[2.905732,9.846716],[2.904328,9.853666],[2.891429,9.86645],[2.891986,9.87896],[2.894505,9.892304],[2.901792,9.899813],[2.905424,9.941513],[2.919717,9.975432],[2.95224,10.020752],[2.952798,10.041045],[2.943822,10.043546],[2.940454,10.054109]]}},
{"type":"Feature","properties":{},"geometry":{"type":"LineString","coordinates":[[2.866749,9.69524],[2.855253,9.652448],[2.842227,9.650774],[2.819967,9.62616],[2.790138,9.618219],[2.771241,9.60111],[2.719579,9.578138],[2.740608,9.549381],[2.749867,9.525202],[2.756592,9.52062],[2.767971,9.466001],[2.784783,9.446829],[2.794569,9.442984]]}},
{"type":"Feature","properties":{},"geometry":{"type":"LineString","coordinates":[[2.719579,9.578138],[2.629211,9.612663],[2.598824,9.629325]]}},
{"type":"Feature","properties":{},"geometry":{"type":"LineString","coordinates":[[3.905988,9.013755],[3.877602,9.001107],[3.847971,8.974282],[3.823406,8.960577],[3.790678,8.952518],[3.771769,8.934419],[3.761075,8.934441],[3.718273,8.919515],[3.706928,8.907652],[3.70313,8.89515],[3.670332,8.844545],[3.582213,8.79653],[3.545108,8.792832],[3.511113,8.763481],[3.501679,8.761617],[3.46927,8.739141],[3.457294,8.71476],[3.447856,8.707891],[3.411381,8.696672],[3.393131,8.679177],[3.379239,8.672051],[3.328047,8.654842],[3.321506,8.643344],[3.239393,8.618002],[3.225549,8.590487],[3.210459,8.579862],[3.202864,8.478529],[3.197199,8.459618],[3.189656,8.451637],[3.145357,8.435392],[3.139072,8.428514],[3.108917,8.426021],[3.088811,8.416018],[3.066196,8.415396],[3.042008,8.40414],[3.029444,8.40289],[3.018765,8.395384],[2.969454,8.387251],[2.929254,8.370357],[2.911039,8.367225],[2.885913,8.36972],[2.846349,8.348438],[2.8407,8.339679],[2.842589,8.327794],[2.853267,8.324671],[2.853269,8.318416],[2.845108,8.310905],[2.833176,8.308398],[2.811833,8.287746],[2.818763,8.239582],[2.814372,8.229571],[2.802449,8.213927],[2.766987,8.190763],[2.763853,8.18263],[2.787111,8.129471],[2.78712,8.112581],[2.77583,8.095685],[2.790266,8.098195],[2.81789,8.086323],[2.844882,8.081955],[2.884425,8.086972],[2.893837,8.096984],[2.895717,8.112623],[2.906385,8.126388],[2.92396,8.137651],[2.957232,8.132652],[2.996781,8.110134],[3.001803,8.109509],[3.009964,8.11764],[3.050767,8.12014],[3.052652,8.135153],[3.082166,8.180813],[3.083426,8.197702],[3.066474,8.20271]]}},
{"type":"Feature","properties":{},"geometry":{"type":"LineString","coordinates":[[3.083426,8.197702],[3.08939,8.19645],[3.10488,8.206038],[3.107811,8.21271],[3.086468,8.236069],[3.088147,8.253584],[3.069315,8.291537],[3.081877,8.301544],[3.082298,8.311553],[3.026822,8.323654],[3.007143,8.332413],[2.978668,8.354932],[2.971836,8.371031],[2.945486,8.376549]]}},
{"type":"Feature","properties":{},"geometry":{"type":"LineString","coordinates":[[3.369974,8.123728],[3.298413,8.124621],[3.267032,8.134651],[3.237739,8.138006],[3.195485,8.168889],[3.174562,8.178491],[3.123084,8.192688],[3.099226,8.193529],[3.092718,8.19879]]}},
{"type":"Feature","properties":{},"geometry":{"type":"LineString","coordinates":[[3.65277,8.160493],[3.602422,8.180372],[3.580469,8.194166],[3.560384,8.197948],[3.513262,8.171739],[3.461776,8.16617],[3.440412,8.148054],[3.422206,8.148073],[3.387657,8.124963],[3.369974,8.123728]]}},
{"type":"Feature","properties":{},"geometry":{"type":"LineString","coordinates":[[3.344028,8.123334],[3.341872,8.17192],[3.355711,8.203184],[3.351344,8.234466],[3.353862,8.241969],[3.384046,8.287605],[3.409194,8.315104],[3.429306,8.328219],[3.432463,8.343854],[3.459501,8.36947],[3.454512,8.400752],[3.467717,8.411996],[3.468355,8.420127]]}},
{"type":"Feature","properties":{},"geometry":{"type":"LineString","coordinates":[[3.849519,8.356315],[3.841975,8.353203],[3.825038,8.362621],[3.80934,8.36453],[3.772357,8.401508],[3.758536,8.400284],[3.734019,8.389697],[3.692551,8.382892],[3.655488,8.380452],[3.641676,8.384229],[3.619678,8.376132],[3.610893,8.381149],[3.571955,8.384961],[3.53865,8.375],[3.516669,8.376905],[3.459501,8.36947]]}},
{"type":"Feature","properties":{},"geometry":{"type":"LineString","coordinates":[[3.849519,8.356315],[3.864608,8.363788],[3.875285,8.363764],[3.873475,8.396918],[3.898902,8.437308],[3.910449,8.467052]]}},
{"type":"Feature","properties":{},"geometry":{"type":"LineString","coordinates":[[3.800827,8.090569],[3.828559,8.143694],[3.848071,8.168673],[3.865103,8.206791],[3.860829,8.233898],[3.872111,8.253687],[3.867147,8.280594],[3.872229,8.307478],[3.862238,8.333144],[3.875285,8.363764]]}},
{"type":"Feature","properties":{},"geometry":{"type":"LineString","coordinates":[[3.79005,8.138975],[3.781686,8.141911],[3.773337,8.152768],[3.753248,8.151972],[3.748408,8.117844]]}},
{"type":"Feature","properties":{},"geometry":{"type":"LineString","coordinates":[[4.252767,8.072026],[4.245175,8.091138],[4.231406,8.103271],[4.182868,8.10133],[4.1628,8.106808],[4.154885,8.118921],[4.124789,8.12943],[4.086386,8.163725],[4.075516,8.167507],[4.040363,8.167182],[4.027796,8.16221],[4.01066,8.170593],[3.972165,8.173189],[3.944991,8.184929],[3.929909,8.178292],[3.903554,8.182939],[3.882399,8.173859],[3.862681,8.172789],[3.858037,8.175949],[3.858389,8.193832]]}},
{"type":"Feature","properties":{},"geometry":{"type":"LineString","coordinates":[[3.515487,7.863551],[3.483437,7.907435],[3.464619,7.910792],[3.465056,7.92789],[3.485146,7.938293]]}},
{"type":"Feature","properties":{},"geometry":{"type":"LineString","coordinates":[[3.43056,7.877532],[3.441591,7.889132],[3.448736,7.921652],[3.427863,7.961292],[3.426617,7.975925],[3.412414,7.990083],[3.377286,8.004295],[3.362224,8.003892],[3.35678,7.997224],[3.346318,7.994314],[3.289827,7.999063]]}},
{"type":"Feature","properties":{},"geometry":{"type":"LineString","coordinates":[[3.362224,8.003892],[3.350539,8.037682],[3.350974,8.056864],[3.373603,8.094377],[3.372721,8.123895]]}},
{"type":"Feature","properties":{},"geometry":{"type":"LineString","coordinates":[[3.273531,8.005628],[3.280638,7.9977],[3.289827,7.999063]]}},
{"type":"Feature","properties":{},"geometry":{"type":"LineString","coordinates":[[3.280638,7.9977],[3.276446,7.984357],[3.259283,7.968104],[3.240453,7.960609],[3.208243,7.961043],[3.196944,7.953542],[3.172265,7.95689],[3.130856,7.97442],[3.116214,7.976093],[3.097387,7.969008],[3.071444,7.936484],[3.052194,7.930849],[3.044461,7.908963],[3.046551,7.896035],[3.035255,7.867677],[3.021662,7.860171],[2.982349,7.851831],[2.955586,7.820134],[2.932378,7.811373],[2.921925,7.800945],[2.874679,7.776328],[2.848548,7.767979],[2.825969,7.766719],[2.804653,7.74836],[2.790857,7.745434],[2.785604,7.797144],[2.773041,7.831335],[2.760905,7.844674],[2.757121,7.88012],[2.730329,7.916385],[2.72737,7.963508],[2.729838,8.027733],[2.739861,8.057349],[2.740271,8.070694]]}},
{"type":"Feature","properties":{},"geometry":{"type":"LineString","coordinates":[[2.919833,7.805532],[2.90185,7.814703],[2.862527,7.855562],[2.842448,7.866398],[2.800205,7.868882],[2.783892,7.873879],[2.760472,7.870113]]}},
{"type":"Feature","properties":{},"geometry":{"type":"LineString","coordinates":[[2.856603,8.05407],[2.846503,8.061679],[2.831913,8.061567],[2.772905,8.076969],[2.740271,8.070694]]}},
{"type":"Feature","properties":{},"geometry":{"type":"LineString","coordinates":[[2.772905,8.076969],[2.777987,8.09606]]}},
{"type":"Feature","properties":{},"geometry":{"type":"LineString","coordinates":[[2.740271,8.070694],[2.724895,8.068851],[2.686494,8.080248],[2.658446,8.094822],[2.617214,8.108964],[2.536607,8.153502],[2.529489,8.156412],[2.498104,8.153039],[2.48218,8.169283],[2.441983,8.182573],[2.405583,8.173764],[2.385945,8.152468],[2.356674,8.136992],[2.328397,8.137366]]}},
{"type":"Feature","properties":{},"geometry":{"type":"LineString","coordinates":[[2.307033,8.137022],[2.292847,8.141891],[2.268578,8.14018],[2.225098,8.117998],[2.205657,8.122334]]}},
{"type":"Feature","properties":{},"geometry":{"type":"LineString","coordinates":[[2.334704,8.136957],[2.332248,8.103176],[2.336069,8.069821],[2.332742,8.057722],[2.313552,8.023913],[2.283045,8.004679],[2.276983,7.974599],[2.267216,7.966287],[2.2614,7.943758],[2.266508,7.894144],[2.261156,7.845761],[2.270382,7.830765],[2.274201,7.798662],[2.303534,7.760346],[2.304819,7.741583],[2.30485,7.722817],[2.299021,7.708212],[2.289022,7.687762],[2.272753,7.667718],[2.266946,7.641437],[2.268225,7.626426],[2.252406,7.589703],[2.255811,7.553845],[2.264188,7.5426],[2.26589,7.524672],[2.282244,7.489669],[2.2852,7.470491],[2.305236,7.483034],[2.322333,7.505162],[2.325234,7.52018],[2.33733,7.534794],[2.354027,7.547329],[2.378261,7.550283],[2.399555,7.564075],[2.420443,7.570359],[2.438809,7.587898],[2.448834,7.592081],[2.45299,7.610435],[2.468031,7.615041],[2.472223,7.605455],[2.491466,7.590882],[2.494363,7.61549],[2.517519,7.652632],[2.52835,7.686007],[2.547165,7.683525],[2.541289,7.705621],[2.545877,7.715218],[2.556322,7.722318],[2.558362,7.770279],[2.574632,7.784289],[2.595779,7.824345],[2.610639,7.834367],[2.639169,7.833605],[2.655468,7.847381],[2.696445,7.857421],[2.710232,7.8787],[2.723399,7.889134],[2.734095,7.910886]]}},
{"type":"Feature","properties":{},"geometry":{"type":"LineString","coordinates":[[2.598674,7.82702],[2.594595,7.871932],[2.583709,7.883597],[2.584527,7.901947],[2.557753,7.907341],[2.526767,7.936916],[2.489114,7.94271],[2.457338,7.931828],[2.428922,7.912189],[2.424771,7.888831],[2.405541,7.882549],[2.396357,7.871276],[2.39597,7.84959],[2.378213,7.838722],[2.353583,7.810745],[2.342711,7.810728],[2.316616,7.7865],[2.292079,7.779114]]}},
{"type":"Feature","properties":{},"geometry":{"type":"LineString","coordinates":[[2.494552,7.942717],[2.475893,7.977724],[2.462433,8.034004],[2.449863,8.047749],[2.420548,8.066474],[2.38999,8.075604],[2.364887,8.073898],[2.335502,8.087191]]}},
{"type":"Feature","properties":{},"geometry":{"type":"LineString","coordinates":[[2.640949,7.391234],[2.636548,7.409372],[2.607699,7.43437],[2.625847,7.465663],[2.636476,7.496951],[2.631435,7.528224],[2.63329,7.558252],[2.619487,7.572003],[2.617494,7.585244],[2.580577,7.614505],[2.569881,7.652653],[2.547165,7.683525]]}},
{"type":"Feature","properties":{},"geometry":{"type":"LineString","coordinates":[[2.822396,7.478647],[2.799447,7.49205],[2.774371,7.499545],[2.747408,7.517046],[2.71418,7.527035],[2.707278,7.536414],[2.665273,7.543265],[2.648964,7.555763],[2.633292,7.556376]]}},
{"type":"Feature","properties":{},"geometry":{"type":"LineString","coordinates":[[2.582775,7.279209],[2.585269,7.292347],[2.619072,7.326158],[2.637221,7.351821],[2.642208,7.384354]]}},
{"type":"Feature","properties":{},"geometry":{"type":"LineString","coordinates":[[2.730405,7.126681],[2.75044,7.137952],[2.757944,7.160477],[2.797158,7.176538],[2.805521,7.217427],[2.818042,7.237451],[2.822414,7.269357],[2.839951,7.283751],[2.843704,7.300643],[2.862492,7.326298],[2.855597,7.333177],[2.855591,7.354447],[2.838663,7.380715],[2.850557,7.415751],[2.843016,7.475803]]}},
{"type":"Feature","properties":{},"geometry":{"type":"LineString","coordinates":[[2.843016,7.475803],[2.816483,7.482292]]}},
{"type":"Feature","properties":{},"geometry":{"type":"LineString","coordinates":[[2.638846,7.367913],[2.665511,7.367482],[2.715213,7.38253],[2.745697,7.405069],[2.767405,7.435942],[2.832716,7.477655]]}},
{"type":"Feature","properties":{},"geometry":{"type":"LineString","coordinates":[[3.020389,7.355095],[2.966501,7.353426],[2.927652,7.34508],[2.887555,7.325054],[2.862492,7.326298]]}},
{"type":"Feature","properties":{},"geometry":{"type":"LineString","coordinates":[[2.912998,7.515234],[2.887926,7.509806],[2.862861,7.483525],[2.843016,7.475803]]}},
{"type":"Feature","properties":{},"geometry":{"type":"LineString","coordinates":[[3.035846,7.360516],[3.020389,7.355095]]}},
{"type":"Feature","properties":{},"geometry":{"type":"LineString","coordinates":[[3.026655,7.357597],[3.016213,7.379701],[3.00368,7.393464],[3.005351,7.415151],[2.985297,7.423491],[2.971089,7.45602],[2.952284,7.477288],[2.910912,7.498968],[2.910663,7.514359]]}},
{"type":"Feature","properties":{},"geometry":{"type":"LineString","coordinates":[[2.887926,7.509806],[2.87956,7.541916],[2.883304,7.604057],[2.865311,7.66786],[2.853599,7.689125],[2.807178,7.725806],[2.793365,7.745436]]}},
{"type":"Feature","properties":{},"geometry":{"type":"LineString","coordinates":[[2.730405,7.126681],[2.741041,7.120431],[2.756922,7.118876],[2.766959,7.086351],[2.785748,7.081981],[2.810178,7.06385],[2.831472,7.056977],[2.873434,7.032592],[2.890966,7.032597],[2.933544,7.04887],[2.951698,7.095165],[3.023444,7.181705],[3.020939,7.194495],[3.031518,7.201446],[3.041264,7.225356],[3.035423,7.293753],[3.025957,7.327117],[3.026655,7.357597]]}},
{"type":"Feature","properties":{},"geometry":{"type":"LineString","coordinates":[[3.201741,7.688166],[3.163147,7.713829],[3.13055,7.758255],[3.06972,7.801433],[3.035848,7.802063],[3.010758,7.808946],[2.925537,7.804928]]}},
{"type":"Feature","properties":{},"geometry":{"type":"LineString","coordinates":[[3.654155,7.598784],[3.652919,7.610463],[3.665491,7.626155],[3.683056,7.638356],[3.687682,7.655864],[3.697727,7.663771],[3.704876,7.690031],[3.73279,7.725915],[3.729633,7.744201],[3.73972,7.774625],[3.759132,7.873838],[3.798971,7.930476],[3.798682,7.956827]]}},
{"type":"Feature","properties":{},"geometry":{"type":"LineString","coordinates":[[4.217364,7.840862],[4.213143,7.827115],[4.12652,7.802796],[4.052508,7.796273],[4.04249,7.802969],[4.036256,7.817996],[4.028056,7.823795]]}},
{"type":"Feature","properties":{},"geometry":{"type":"LineString","coordinates":[[4.287038,7.667167],[4.274816,7.666737],[4.244061,7.677341],[4.199048,7.7225],[4.177767,7.735901],[4.126801,7.748548],[4.115096,7.748162],[4.100017,7.736943],[4.056973,7.742473],[4.035293,7.766294],[4.022756,7.768409],[4.001835,7.76137],[3.992241,7.770576],[3.994493,7.783698]]}},
{"type":"Feature","properties":{},"geometry":{"type":"LineString","coordinates":[[4.286656,7.734753],[4.293644,7.695957],[4.293581,7.67511],[4.287038,7.667167]]}},
{"type":"Feature","properties":{},"geometry":{"type":"LineString","coordinates":[[4.519145,7.38345],[4.493893,7.407013],[4.457639,7.432149],[4.438837,7.430126],[4.425088,7.44101],[4.4134,7.443132],[4.370491,7.479957],[4.34597,7.520892],[4.345315,7.579265],[4.33703,7.602639],[4.342945,7.623467],[4.339647,7.63807],[4.328004,7.656868],[4.314632,7.657326],[4.303797,7.667366],[4.289808,7.670529]]}},
{"type":"Feature","properties":{},"geometry":{"type":"LineString","coordinates":[[4.477862,7.160857],[4.456155,7.166993],[4.430986,7.190629],[4.416174,7.197136],[4.336632,7.192997],[4.292772,7.184368],[4.152547,7.204756],[4.094974,7.223661],[4.059361,7.261274],[4.031813,7.266341],[4.024319,7.276366],[4.007722,7.277654],[3.985193,7.287712],[3.944467,7.284045],[3.91503,7.286608],[3.904052,7.279124],[3.895283,7.279141],[3.862151,7.315485],[3.837747,7.331169],[3.825868,7.344326],[3.803332,7.355001],[3.797703,7.360641],[3.796472,7.373154],[3.774578,7.393834],[3.741357,7.387635],[3.727584,7.395164],[3.658047,7.407783],[3.606653,7.400975],[3.569659,7.384134],[3.501356,7.382965],[3.473773,7.372361],[3.445575,7.37239],[3.43618,7.376778],[3.416124,7.372418],[3.396986,7.343034],[3.376297,7.328038],[3.360618,7.30991],[3.323008,7.284915],[3.308262,7.251145],[3.281313,7.233647],[3.279415,7.202369],[3.274397,7.191738],[3.296285,7.136673],[3.318805,7.098499],[3.356977,7.059686],[3.384495,7.018376],[3.39951,7.00335],[3.43394,6.997064],[3.466504,7.003288],[3.502813,6.998872],[3.509088,7.011376],[3.530385,7.020111],[3.540416,7.031359],[3.543568,7.048871],[3.56111,7.056983],[3.57553,7.071352],[3.581234,7.126394],[3.59379,7.149523],[3.642388,7.193246],[3.687537,7.227585],[3.710106,7.239436],[3.738298,7.241893],[3.753981,7.255629],[3.785311,7.261205],[3.804128,7.274934],[3.876664,7.297711]]}},
{"type":"Feature","properties":{},"geometry":{"type":"LineString","coordinates":[[3.808517,6.918379],[3.812248,6.903986],[3.801575,6.884612],[3.797788,6.865852],[3.802764,6.847078],[3.801233,6.804753],[3.792438,6.783917],[3.792001,6.772241],[3.780737,6.771842],[3.779491,6.77518],[3.766913,6.735583],[3.742686,6.714769],[3.731839,6.713534],[3.716808,6.703548]]}},
{"type":"Feature","properties":{},"geometry":{"type":"LineString","coordinates":[[3.716808,6.703965],[3.700519,6.688975],[3.682963,6.662727],[3.648467,6.59709],[3.636953,6.586435],[3.627151,6.559584],[3.592711,6.528973],[3.563267,6.48772],[3.546368,6.476478],[3.419683,6.433433],[3.349612,6.393448],[3.309883,6.360317],[3.274233,6.346574],[3.270488,6.359088],[3.30678,6.400357],[3.312634,6.421917],[3.281779,6.423518],[3.239249,6.416658]]}},
{"type":"Feature","properties":{},"geometry":{"type":"LineString","coordinates":[[3.30871,6.422958],[3.336426,6.469779],[3.335179,6.476035],[3.323507,6.481465],[3.304348,6.515676],[3.294377,6.579283],[3.30252,6.59742],[3.305045,6.633702],[3.301953,6.69376],[3.313238,6.727535],[3.313257,6.758188],[3.377129,6.810066],[3.402798,6.82068],[3.435365,6.843798],[3.438508,6.858809],[3.432887,6.872576],[3.440424,6.900095],[3.440441,6.918236],[3.464886,6.950742],[3.472431,6.982639],[3.502813,6.998872]]}},
{"type":"Feature","properties":{},"geometry":{"type":"LineString","coordinates":[[3.440441,6.918236],[3.430434,6.928255],[3.426686,6.937016],[3.428575,6.949525],[3.4092,6.986451],[3.401067,6.993965],[3.401901,7.002715]]}},
{"type":"Feature","properties":{},"geometry":{"type":"LineString","coordinates":[[3.80251,6.886309],[3.784994,6.888392],[3.771832,6.877154],[3.753057,6.878436],[3.745553,6.883451],[3.732398,6.875966],[3.704856,6.874756],[3.640436,6.912379],[3.487126,6.965734],[3.471542,6.978575]]}},
{"type":"Feature","properties":{},"geometry":{"type":"LineString","coordinates":[[3.97905,5.756935],[3.958781,5.753078],[3.937419,5.759785],[3.887464,5.76487],[3.851641,5.746124]]}},
{"type":"Feature","properties":{},"geometry":{"type":"LineString","coordinates":[[3.84201,5.753178],[3.919725,5.803463],[3.931735,5.847925],[3.945914,5.860412],[3.931232,5.879342],[3.907367,5.886609],[3.902397,5.903298],[3.890175,5.900259],[3.871041,5.915303],[3.871054,5.923644],[3.858294,5.931726],[3.870532,5.944496],[3.853647,5.978718],[3.833744,5.997136],[3.818583,6.021865],[3.778087,6.056677],[3.740484,6.078415],[3.723172,6.114027],[3.689205,6.159945],[3.683956,6.183029],[3.643165,6.220891],[3.61557,6.262629],[3.590032,6.284067],[3.568923,6.291875],[3.545598,6.307191],[3.505873,6.319187]]}},
{"type":"Feature","properties":{},"geometry":{"type":"LineString","coordinates":[[3.377702,4.280889],[3.383667,4.340218],[3.400945,4.370333],[3.401975,4.389146],[3.388958,4.39388],[3.384813,4.413902],[3.371797,4.423641],[3.377903,4.444492],[3.373208,4.473413],[3.380717,4.529298],[3.372964,4.539312],[3.375816,4.545034],[3.373258,4.571844],[3.366615,4.585473],[3.353317,4.591875],[3.348334,4.601053],[3.354173,4.640812],[3.375794,4.651923],[3.390829,4.672644],[3.385601,4.680001],[3.367869,4.688538],[3.367697,4.712821],[3.353292,4.725063],[3.352944,4.741466],[3.341446,4.74614],[3.341178,4.765047],[3.308971,4.777452],[3.310293,4.841033],[3.322151,4.857919],[3.322156,4.868555],[3.333558,4.899716],[3.32834,4.900713],[3.322246,4.911283],[3.318671,4.97227],[3.31037,5.007727],[3.271321,5.114517],[3.273298,5.137634],[3.266345,5.152473],[3.267598,5.166236],[3.287997,5.197508],[3.277188,5.216282],[3.300076,5.228366],[3.303412,5.245465],[3.317152,5.264227],[3.321731,5.297827],[3.318415,5.322019],[3.312178,5.332449],[3.317178,5.344542],[3.311358,5.35664],[3.303066,5.41712],[3.275609,5.440073],[3.260221,5.463436],[3.264392,5.484704],[3.253994,5.503478],[3.256499,5.519325],[3.246513,5.528505],[3.284841,5.598557],[3.280064,5.621081],[3.292974,5.628165],[3.322131,5.655676],[3.3238,5.663599],[3.33338,5.669433],[3.333803,5.682362],[3.351506,5.694864],[3.365684,5.729054],[3.378602,5.744061],[3.379859,5.756989],[3.386389,5.765882],[3.40194,5.773378],[3.436091,5.84693],[3.439232,5.869449],[3.429248,5.885097],[3.418003,5.885731],[3.414264,5.898871],[3.400533,5.917649],[3.412159,5.971605],[3.397458,5.985216],[3.361216,5.984615],[3.340611,6.010903],[3.315621,6.020302],[3.303133,6.039077],[3.305658,6.082242],[3.335129,6.140583],[3.328825,6.153547],[3.335116,6.217353],[3.325131,6.245512],[3.331071,6.246133],[3.337958,6.262394],[3.356095,6.272392],[3.362353,6.28052],[3.377353,6.274879],[3.424246,6.277971],[3.465219,6.304211],[3.487105,6.307319],[3.505873,6.319187],[3.553767,6.378568],[3.584502,6.461734],[3.613324,6.506115],[3.649798,6.537973],[3.665779,6.56141],[3.706134,6.567924],[3.723971,6.574467],[3.73644,6.58449],[3.759707,6.627897],[3.776613,6.637254],[3.788837,6.653186],[3.802032,6.687882],[3.811424,6.692558],[3.811452,6.709447],[3.821796,6.721628],[3.826535,6.74883],[3.822848,6.793975]]}},
{"type":"Feature","properties":{},"geometry":{"type":"LineString","coordinates":[[3.839888,5.082668],[3.868657,5.086518],[3.88432,5.075982]]}},
{"type":"Feature","properties":{},"geometry":{"type":"LineString","coordinates":[[3.724246,5.23612],[3.729919,5.238646]]}},
{"type":"Feature","properties":{},"geometry":{"type":"LineString","coordinates":[[4.361459,5.470782],[4.270889,5.443082],[4.257161,5.444362],[4.24095,5.452735],[4.21806,5.45028],[4.158161,5.46124],[4.135656,5.442935],[4.110274,5.442982],[4.052866,5.45226],[3.988637,5.430106]]}},
{"type":"Feature","properties":{},"geometry":{"type":"LineString","coordinates":[[4.014031,5.562349],[4.051089,5.585359],[4.055,5.600364],[4.05169,5.610934],[4.059481,5.622874],[4.061797,5.675413],[4.072378,5.694854],[4.116007,5.724239],[4.1366,5.751998],[4.147217,5.787004],[4.150775,5.830503],[4.074216,5.860262],[4.024271,5.874256],[3.982112,5.870408],[3.945914,5.860412]]}},
{"type":"Feature","properties":{},"geometry":{"type":"LineString","coordinates":[[4.150775,5.830503],[4.158462,5.843044],[4.160174,5.865836],[4.172974,5.880265],[4.175124,5.903582],[4.163901,5.922538],[4.154593,5.985106],[4.158216,5.991771],[4.145217,6.01654],[4.149151,6.038493],[4.143061,6.047401],[4.149544,6.092978],[4.1454,6.102995],[4.146247,6.109943],[4.172389,6.125732],[4.174691,6.1627],[4.172496,6.174936],[4.159747,6.187752],[4.16231,6.216379],[4.159287,6.231397],[4.165138,6.239168],[4.157933,6.247245],[4.156036,6.269211],[4.159945,6.27782],[4.149692,6.289796],[4.127629,6.300964],[4.119053,6.318218],[4.113506,6.322678],[4.101002,6.322426],[4.097977,6.336889],[4.08298,6.340534],[4.071056,6.351957],[4.054943,6.353658],[4.043308,6.371473],[4.027198,6.374564],[4.025827,6.384296],[4.013624,6.395997],[3.984333,6.410371],[3.95493,6.402295],[3.946162,6.394805],[3.799999,6.35898],[3.766208,6.340682],[3.700599,6.370801],[3.639726,6.361705],[3.620147,6.372156],[3.553767,6.378568]]}},
{"type":"Feature","properties":{},"geometry":{"type":"LineString","coordinates":[[4.425031,5.567496],[4.420376,5.582543],[4.39921,5.606986],[4.375639,5.671462],[4.33825,5.702197],[4.312722,5.734154],[4.281545,5.754239],[4.24473,5.767456],[4.175504,5.812012],[4.162303,5.818599],[4.150379,5.817712]]}},
{"type":"Feature","properties":{},"geometry":{"type":"LineString","coordinates":[[4.459253,5.397324],[4.447995,5.386718],[4.433005,5.381125],[4.425355,5.36981]]}},
{"type":"Feature","properties":{},"geometry":{"type":"LineString","coordinates":[[4.55171,5.499412],[4.556598,5.517158],[4.532324,5.543488],[4.510518,5.559179],[4.471852,5.573035],[4.425031,5.567496]]}},
{"type":"Feature","properties":{},"geometry":{"type":"LineString","coordinates":[[3.992528,6.408826],[4.020126,6.421403],[4.031415,6.43827],[4.041726,6.434495],[4.068007,6.443824],[4.079263,6.4438],[4.097104,6.453144],[4.110232,6.45124],[4.126198,6.460587],[4.186229,6.461389],[4.280094,6.489306],[4.34483,6.495705],[4.383314,6.505921],[4.395524,6.511516],[4.445454,6.587362],[4.423052,6.626827],[4.410864,6.629676],[4.39963,6.638151],[4.372429,6.641041],[4.355562,6.648593],[4.329293,6.649602],[4.319933,6.658071],[4.303027,6.651548],[4.291739,6.64032],[4.257009,6.63478],[4.21955,6.663958],[4.195183,6.676214],[4.149239,6.691334],[3.993593,6.756413],[3.964495,6.755533],[3.915661,6.740615],[3.862204,6.764169],[3.825938,6.762109]]}},
{"type":"Feature","properties":{},"geometry":{"type":"LineString","coordinates":[[4.423052,6.626827],[4.466285,6.652967],[4.4776,6.671696],[4.501133,6.696952],[4.506803,6.710068],[4.520892,6.714715],[4.538775,6.732482],[4.553875,6.759638],[4.592425,6.782964],[4.590588,6.795165],[4.59584,6.814404],[4.608449,6.829541]]}},
{"type":"Feature","properties":{},"geometry":{"type":"LineString","coordinates":[[4.553632,6.862015],[4.591331,6.877709],[4.677936,6.950576],[4.6949,6.969275],[4.730608,6.979463],[4.759786,6.99999],[4.793742,7.042068],[4.809745,7.053262],[4.810713,7.060761],[4.827664,7.073826],[4.831464,7.085066],[4.853159,7.110303],[4.85604,7.126236],[4.874903,7.146793],[4.884366,7.164574],[4.905223,7.212319],[4.908273,7.26764],[4.922445,7.287275],[4.944108,7.30125],[4.958213,7.304941],[4.976591,7.318928],[4.982272,7.329219],[5.03307,7.345872],[5.057578,7.364516],[5.100866,7.381194],[5.121652,7.406415],[5.17904,7.423954],[5.205352,7.425699],[5.268433,7.453511],[5.310754,7.462668],[5.332575,7.473804],[5.382106,7.484166],[5.355921,7.506183],[5.329643,7.511324],[5.309717,7.533307],[5.29659,7.538377],[5.28608,7.564685],[5.2248,7.586256],[5.211091,7.600704],[5.189777,7.598311],[5.150229,7.58288],[5.118951,7.592412],[5.09514,7.591902],[5.063911,7.611014],[5.034723,7.601567],[5.033393,7.585318],[5.026437,7.571596],[5.015728,7.559142],[4.999291,7.550084],[4.995533,7.52735],[4.967793,7.49905]]}},
{"type":"Feature","properties":{},"geometry":{"type":"LineString","coordinates":[[5.034723,7.601567],[5.00841,7.602314],[4.919629,7.646482],[4.903635,7.643427],[4.860402,7.645491],[4.820879,7.636281],[4.799457,7.62261]]}},
{"type":"Feature","properties":{},"geometry":{"type":"LineString","coordinates":[[5.21491,7.379388],[5.217057,7.418139],[5.187354,7.490177],[5.174531,7.556504],[5.151783,7.583374]]}},
{"type":"Feature","properties":{},"geometry":{"type":"LineString","coordinates":[[5.405981,7.295899],[5.363539,7.319876],[5.3179,7.33199],[5.279844,7.328655]]}},
{"type":"Feature","properties":{},"geometry":{"type":"LineString","coordinates":[[5.363884,7.225615],[5.383818,7.247888],[5.388092,7.267034],[5.404459,7.284449],[5.406693,7.311938],[5.41731,7.34605],[5.402505,7.386965],[5.408432,7.402351],[5.407659,7.413606],[5.382106,7.484166]]}},
{"type":"Feature","properties":{},"geometry":{"type":"LineString","coordinates":[[5.406612,7.415928],[5.428986,7.420574],[5.456111,7.419174],[5.46737,7.417028],[5.475261,7.409901],[5.489038,7.410241],[5.505792,7.420564],[5.512596,7.442608],[5.525181,7.45337],[5.547333,7.458242],[5.549861,7.462394]]}},
{"type":"Feature","properties":{},"geometry":{"type":"LineString","coordinates":[[5.382106,7.484166],[5.392935,7.490824],[5.403907,7.491131],[5.422632,7.479777],[5.462265,7.474558],[5.479749,7.46571],[5.531377,7.454732]]}},
{"type":"Feature","properties":{},"geometry":{"type":"LineString","coordinates":[[2.90677,9.100037],[2.890904,9.107727],[2.856927,9.084571],[2.83553,9.085814],[2.793357,9.099553],[2.77446,9.124562],[2.72599,9.133912],[2.710878,9.141406],[2.69072,9.160781],[2.674978,9.166396],[2.670242,9.182655],[2.658902,9.192653],[2.651963,9.206408],[2.638736,9.213275],[2.631791,9.232658],[2.612263,9.243272],[2.608466,9.260157],[2.576958,9.282639],[2.567256,9.299172]]}},
{"type":"Feature","properties":{},"geometry":{"type":"LineString","coordinates":[[2.651963,9.206408],[2.632777,9.192627],[2.620836,9.17385],[2.608885,9.165706],[2.600724,9.14568],[2.582481,9.137528],[2.570535,9.126881],[2.541591,9.12059],[2.488769,9.08862],[2.466479,9.054394],[2.46483,9.034793],[2.443864,9.029341],[2.437804,9.014737],[2.437824,9.002227],[2.421482,8.992193],[2.414794,8.977588],[2.413166,8.946728],[2.406898,8.93254],[2.397265,8.925436],[2.382753,8.903856],[2.35914,8.904939],[2.352652,8.898256],[2.331693,8.894883],[2.292725,8.880217],[2.269461,8.877253],[2.230327,8.843816],[2.224501,8.823371],[2.227029,8.817122],[2.188718,8.794797]]}},
{"type":"Feature","properties":{},"geometry":{"type":"LineString","coordinates":[[2.853021,8.482915],[2.83556,8.481339],[2.805266,8.489566],[2.79354,8.484138],[2.720652,8.489932],[2.680447,8.480309],[2.635203,8.487359],[2.595002,8.47606],[2.583692,8.476882],[2.470518,8.537211],[2.453755,8.541358],[2.413772,8.525454],[2.38864,8.524163],[2.368975,8.509954],[2.343218,8.507409],[2.303413,8.514012],[2.262825,8.491003],[2.256275,8.494605]]}},
{"type":"Feature","properties":{},"geometry":{"type":"LineString","coordinates":[[2.768197,8.191784],[2.75942,8.20454],[2.737169,8.219294],[2.737162,8.23097],[2.725852,8.241388],[2.727932,8.259739],[2.720387,8.273912],[2.719107,8.307691],[2.688486,8.379813],[2.636098,8.426058],[2.625612,8.441895],[2.608012,8.451052],[2.595002,8.47606]]}},
{"type":"Feature","properties":{},"geometry":{"type":"LineString","coordinates":[[2.915784,8.368041],[2.905403,8.395355],[2.866446,8.424119],[2.859321,8.439129],[2.858897,8.452474],[2.84884,8.465815],[2.849254,8.477075],[2.864324,8.502519],[2.891127,8.527132],[2.903686,8.560914],[2.917089,8.5801],[2.937407,8.596369],[2.926931,8.603039]]}},
{"type":"Feature","properties":{},"geometry":{"type":"LineString","coordinates":[[2.167541,8.151299],[2.138012,8.142251],[2.045641,8.095343],[2.004309,8.05855],[1.960582,8.06136],[1.898684,8.054111],[1.850988,8.055647],[1.847539,8.04248],[1.822885,8.016837],[1.819567,8.007007],[1.761607,7.961992],[1.760267,7.943921]]}},
{"type":"Feature","properties":{},"geometry":{"type":"LineString","coordinates":[[1.762151,7.966441],[1.757049,7.993944],[1.760573,8.02731],[1.745118,8.065621],[1.740585,8.088401],[1.742135,8.128153],[1.732307,8.148691],[1.730021,8.166196],[1.73217,8.192053],[1.74297,8.217658],[1.737586,8.244047],[1.740322,8.261011],[1.753918,8.285514],[1.763518,8.338634],[1.762349,8.355308]]}},
{"type":"Feature","properties":{},"geometry":{"type":"LineString","coordinates":[[1.730425,8.168871],[1.693969,8.186372],[1.667744,8.186842],[1.647455,8.164538],[1.616279,8.145255],[1.598995,8.142138],[1.574769,8.130658],[1.526535,8.125484],[1.488945,8.10867],[1.471091,8.109993],[1.450198,8.1038],[1.433786,8.092898],[1.399922,8.052468],[1.374467,8.037639],[1.353288,8.034775],[1.341673,8.045568],[1.309919,8.104631],[1.307576,8.131579],[1.312783,8.153555],[1.313085,8.181115],[1.309576,8.192059]]}},
{"type":"Feature","properties":{},"geometry":{"type":"LineString","coordinates":[[1.485181,8.071136],[1.510178,8.098742],[1.52604,8.10825],[1.589044,8.116255],[1.582049,8.133629]]}},
{"type":"Feature","properties":{},"geometry":{"type":"LineString","coordinates":[[1.487593,8.073447],[1.481605,8.05806],[1.48795,8.001107],[1.507741,8.002568],[1.542809,8.02076],[1.555076,8.021359],[1.577705,8.00893],[1.646127,8.019167],[1.679908,8.006768],[1.699085,7.982925],[1.727876,7.959944],[1.762486,7.947818]]}},
{"type":"Feature","properties":{},"geometry":{"type":"LineString","coordinates":[[1.89847,7.767238],[1.886344,7.76804],[1.857851,7.792149],[1.838956,7.821284],[1.830999,7.826266],[1.825094,7.844595],[1.80122,7.858705],[1.766911,7.86611],[1.769818,7.87279],[1.79989,7.884969],[1.80195,7.895815],[1.770104,7.917404],[1.77968,7.932025],[1.778407,7.938276],[1.762486,7.947818]]}},
{"type":"Feature","properties":{},"geometry":{"type":"LineString","coordinates":[[2.063349,7.799002],[2.014427,7.791708],[1.978085,7.778278],[1.944642,7.776946],[1.89847,7.767238]]}},
{"type":"Feature","properties":{},"geometry":{"type":"LineString","coordinates":[[1.513174,8.119789],[1.512512,8.130713],[1.520295,8.138153],[1.52582,8.152626],[1.524045,8.18593],[1.537212,8.224313],[1.543364,8.23712],[1.563217,8.250718],[1.570579,8.272424],[1.579471,8.282461],[1.57533,8.296158],[1.56072,8.297505]]}},
{"type":"Feature","properties":{},"geometry":{"type":"LineString","coordinates":[[1.575858,8.297966],[1.581539,8.321704],[1.59896,8.340481],[1.602091,8.349385],[1.610991,8.358126],[1.630329,8.361343],[1.642471,8.370544],[1.657156,8.405536],[1.671096,8.410401],[1.662651,8.431126],[1.661438,8.459102],[1.667091,8.465977],[1.690882,8.475137],[1.703745,8.46888],[1.743825,8.477719],[1.746417,8.481805],[1.742841,8.494023]]}},
{"type":"Feature","properties":{},"geometry":{"type":"LineString","coordinates":[[1.665265,8.463757],[1.61553,8.468391],[1.604193,8.464089],[1.585766,8.464765],[1.595184,8.48481],[1.591794,8.495729],[1.533749,8.514045],[1.551569,8.526896],[1.629641,8.556086],[1.631027,8.559148],[1.618966,8.574114],[1.635387,8.589181],[1.636896,8.635602],[1.642458,8.642293],[1.65697,8.645679],[1.663642,8.654319],[1.665815,8.671837],[1.672491,8.679643],[1.670769,8.692699],[1.688577,8.712773],[1.690759,8.72779],[1.706122,8.728398],[1.720724,8.747349],[1.731783,8.781573],[1.742363,8.792727],[1.742784,8.833587],[1.768145,8.854239],[1.785903,8.850684],[1.791742,8.859597],[1.807388,8.861037],[1.824391,8.875267],[1.84648,8.872278],[1.861774,8.884879]]}},
{"type":"Feature","properties":{},"geometry":{"type":"LineString","coordinates":[[1.743055,8.833765],[1.716825,8.865463],[1.707036,8.867653],[1.693636,8.863437],[1.681274,8.881878]]}},
{"type":"Feature","properties":{},"geometry":{"type":"LineString","coordinates":[[1.693636,8.863437],[1.661401,8.851649],[1.619361,8.809528],[1.595836,8.754151],[1.596508,8.7277],[1.591011,8.695285],[1.569309,8.672691],[1.569649,8.656572],[1.563811,8.649603],[1.569792,8.618774],[1.56315,8.608386],[1.525167,8.591925],[1.485231,8.593066],[1.476132,8.587287],[1.46998,8.589671],[1.473989,8.576161],[1.468441,8.567246],[1.435839,8.550997],[1.368601,8.539602],[1.310919,8.5149],[1.2939,8.512603],[1.246385,8.494884],[1.231072,8.486478],[1.228339,8.473682],[1.219319,8.462525],[1.195921,8.452415],[1.193385,8.457683],[1.182276,8.445862]]}},
{"type":"Feature","properties":{},"geometry":{"type":"LineString","coordinates":[[1.182982,8.447503],[1.175299,8.475383],[1.166891,8.482846],[1.173518,8.497884],[1.166195,8.511743],[1.173371,8.529005],[1.161311,8.540897],[1.165722,8.552311],[1.162886,8.561746],[1.155609,8.565601],[1.158564,8.589513],[1.129246,8.618588]]}},
{"type":"Feature","properties":{},"geometry":{"type":"LineString","coordinates":[[1.144966,8.603389],[1.150075,8.612814],[1.168728,8.624019],[1.167265,8.637906],[1.158187,8.667317],[1.148741,8.657546],[1.133756,8.653544]]}},
{"type":"Feature","properties":{},"geometry":{"type":"LineString","coordinates":[[1.158187,8.667317],[1.175183,8.675179],[1.190048,8.661912],[1.219868,8.674557],[1.270549,8.706192],[1.302534,8.736071]]}},
{"type":"Feature","properties":{},"geometry":{"type":"LineString","coordinates":[[1.286631,8.388766],[1.272663,8.39204],[1.270625,8.411206],[1.224998,8.441293],[1.21089,8.459253]]}},
{"type":"Feature","properties":{},"geometry":{"type":"LineString","coordinates":[[1.412857,8.470447],[1.408419,8.463758],[1.365755,8.4533],[1.355478,8.441585],[1.326729,8.441741],[1.300055,8.414113],[1.286631,8.388766]]}},
{"type":"Feature","properties":{},"geometry":{"type":"LineString","coordinates":[[1.420777,8.375986],[1.412966,8.3754],[1.407624,8.385105],[1.42148,8.409339],[1.420292,8.426844],[1.430845,8.440226],[1.417943,8.45546],[1.412302,8.46961]]}},
{"type":"Feature","properties":{},"geometry":{"type":"LineString","coordinates":[[1.430845,8.440226],[1.435972,8.44914],[1.440998,8.443756],[1.458929,8.447615],[1.478835,8.46478],[1.52291,8.488943],[1.533749,8.514045]]}},
{"type":"Feature","properties":{},"geometry":{"type":"LineString","coordinates":[[1.417883,8.375769],[1.4555,8.381682],[1.466403,8.376722],[1.510928,8.373836],[1.58321,8.374379],[1.605992,8.353217]]}},
{"type":"Feature","properties":{},"geometry":{"type":"LineString","coordinates":[[1.716347,8.520064],[1.704372,8.510852],[1.649414,8.498158],[1.611718,8.499693],[1.591794,8.495729]]}},
{"type":"Feature","properties":{},"geometry":{"type":"LineString","coordinates":[[1.182982,8.447503],[1.175747,8.439608],[1.123833,8.43605],[1.11592,8.432239],[1.115127,8.423065],[1.090004,8.424611],[1.086076,8.428581],[1.032842,8.388068],[1.011907,8.38963],[0.982442,8.381561],[0.964937,8.367718],[0.935277,8.357562],[0.911715,8.342018],[0.899169,8.340701],[0.87193,8.348058],[0.840614,8.342816]]}},
{"type":"Feature","properties":{},"geometry":{"type":"LineString","coordinates":[[0.944797,8.337606],[0.932607,8.347962],[0.935277,8.357562],[0.922746,8.392505],[0.923466,8.414597],[0.915057,8.421638],[0.909549,8.434111],[0.915742,8.449981],[0.913102,8.471601]]}},
{"type":"Feature","properties":{},"geometry":{"type":"LineString","coordinates":[[0.874166,8.164698],[0.854319,8.162197]]}},
{"type":"Feature","properties":{},"geometry":{"type":"LineString","coordinates":[[0.877484,8.170133],[0.908326,8.191132],[0.928799,8.195822],[0.932521,8.204176],[0.950557,8.212882],[0.962555,8.229799],[0.962873,8.240359],[0.967858,8.247423],[0.959359,8.272943],[0.96459,8.286305],[0.951624,8.312357],[0.950674,8.334024],[0.944797,8.337606]]}},
{"type":"Feature","properties":{},"geometry":{"type":"LineString","coordinates":[[0.967858,8.247423],[1.048704,8.227262],[1.069699,8.211526],[1.088973,8.205365],[1.133768,8.198907],[1.148029,8.191052],[1.173556,8.189502],[1.210039,8.17049],[1.226345,8.172647],[1.251801,8.187347],[1.255943,8.196953],[1.272072,8.18116]]}},
{"type":"Feature","properties":{},"geometry":{"type":"LineString","coordinates":[[1.255943,8.196953],[1.252528,8.244319],[1.269219,8.28691],[1.278282,8.298529],[1.275122,8.34057],[1.260727,8.356811],[1.269756,8.376395],[1.286583,8.388778]]}},
{"type":"Feature","properties":{},"geometry":{"type":"LineString","coordinates":[[0.916585,8.575778],[0.915656,8.541321],[0.896315,8.505375],[0.891355,8.470523]]}},
{"type":"Feature","properties":{},"geometry":{"type":"LineString","coordinates":[[0.916585,8.575778],[0.924884,8.589715],[0.925104,8.600552],[0.943422,8.620377],[0.945817,8.642061],[0.956294,8.666568],[0.975848,8.665005]]}},
{"type":"Feature","properties":{},"geometry":{"type":"LineString","coordinates":[[0.956273,8.670458],[0.946139,8.685685],[0.89436,8.707629],[0.858697,8.701874],[0.822377,8.712142]]}},
{"type":"Feature","properties":{},"geometry":{"type":"LineString","coordinates":[[1.142734,8.756789],[1.124152,8.772604],[1.108644,8.773777],[1.093031,8.795372],[1.073272,8.808192],[1.032103,8.828402],[0.980961,8.832297],[0.96372,8.843456],[0.919936,8.849884],[0.913526,8.856626]]}},
{"type":"Feature","properties":{},"geometry":{"type":"LineString","coordinates":[[0.985541,8.78606],[0.974999,8.824347],[0.97659,8.833852]]}},
{"type":"Feature","properties":{},"geometry":{"type":"LineString","coordinates":[[0.900157,8.840703],[0.891644,8.844447],[0.875177,8.842132],[0.863416,8.847065],[0.847776,8.846698],[0.820879,8.860434],[0.766467,8.850945],[0.746519,8.869993],[0.722705,8.881516],[0.719531,8.897888],[0.657411,8.914447],[0.644201,8.927142],[0.628522,8.932598],[0.616989,8.944746],[0.622754,8.960339],[0.629438,8.963716],[0.62797,8.97454],[0.638599,8.982867]]}},
{"type":"Feature","properties":{},"geometry":{"type":"LineString","coordinates":[[0.713982,8.801484],[0.713195,8.815619],[0.703882,8.831398],[0.706316,8.844192],[0.701521,8.851663],[0.713942,8.875629],[0.722705,8.881516]]}},
{"type":"Feature","properties":{},"geometry":{"type":"LineString","coordinates":[[0.515373,8.768255],[0.515866,8.77798],[0.523594,8.791641],[0.524862,8.810815],[0.538773,8.818685],[0.537456,8.848675],[0.553244,8.8685],[0.55482,8.88351],[0.585415,8.903153],[0.580579,8.916455],[0.589134,8.932343],[0.617555,8.944187]]}},
{"type":"Feature","properties":{},"geometry":{"type":"LineString","coordinates":[[0.645436,8.766406],[0.640593,8.747808],[0.631461,8.734833],[0.629936,8.711073],[0.612909,8.688466],[0.61991,8.640592],[0.611597,8.630957],[0.598239,8.624623],[0.593731,8.609178],[0.557867,8.587285],[0.554249,8.56393],[0.534227,8.552969],[0.529724,8.537107],[0.511832,8.520743],[0.507728,8.508218],[0.483536,8.495563],[0.466384,8.494618],[0.419839,8.508478],[0.385928,8.507191]]}},
{"type":"Feature","properties":{},"geometry":{"type":"LineString","coordinates":[[0.558644,8.408756],[0.541641,8.440518],[0.538995,8.461752],[0.515006,8.482849],[0.502088,8.5048]]}},
{"type":"Feature","properties":{},"geometry":{"type":"LineString","coordinates":[[0.443897,9.074203],[0.454269,9.089272],[0.454204,9.098438],[0.443199,9.113359],[0.439186,9.147077],[0.443729,9.156691],[0.439908,9.16333],[0.441471,9.179173],[0.433401,9.193696],[0.437406,9.204695]]}},
{"type":"Feature","properties":{},"geometry":{"type":"LineString","coordinates":[[0.547898,9.128665],[0.527828,9.12061],[0.508256,9.101728],[0.501404,9.085941],[0.507602,9.075059],[0.512393,9.048843]]}},
{"type":"Feature","properties":{},"geometry":{"type":"LineString","coordinates":[[0.501404,9.085941],[0.454269,9.089272]]}},
{"type":"Feature","properties":{},"geometry":{"type":"LineString","coordinates":[[0.381666,9.01488],[0.405738,9.018107],[0.416238,9.014849],[0.435482,9.019567],[0.447511,9.037148],[0.443607,9.055869],[0.448572,9.065069],[0.443897,9.074203]]}},
{"type":"Feature","properties":{},"geometry":{"type":"LineString","coordinates":[[1.325578,8.887212],[1.267755,8.882678],[1.239228,8.888481],[1.21566,8.908377],[1.237793,8.925433],[1.241656,8.935734],[1.237695,8.945996],[1.242113,8.957133],[1.292902,8.973489],[1.318372,8.965824],[1.327496,8.987542],[1.351236,8.991539],[1.370952,9.020807],[1.402501,9.029839],[1.408623,9.036257],[1.411747,9.05733]]}},
{"type":"Feature","properties":{},"geometry":{"type":"LineString","coordinates":[[1.681274,8.881878],[1.664813,8.904563],[1.659641,8.943316],[1.671629,8.990471],[1.657332,9.001259],[1.654785,9.009587],[1.656243,9.02284],[1.672333,9.035175]]}},
{"type":"Feature","properties":{},"geometry":{"type":"LineString","coordinates":[[3.264808,4.776172],[3.245176,4.778497],[3.221067,4.793798],[3.214973,4.806869]]}},
{"type":"Feature","properties":{},"geometry":{"type":"LineString","coordinates":[[3.366672,4.280035],[3.352475,4.276836]]}},
{"type":"Feature","properties":{},"geometry":{"type":"LineString","coordinates":[[2.520252,4.10479],[2.510707,4.090187],[2.505738,4.064741],[2.500758,4.058899],[2.482072,4.050963],[2.476264,4.040949],[2.459655,4.035099],[2.463402,4.021338],[2.486249,4.014262],[2.500376,4.00301],[2.512833,4.007605],[2.52696,4.006532],[2.537138,3.992604],[2.52636,3.956729],[2.537806,3.9396],[2.540918,3.916697],[2.505219,3.891234],[2.498582,3.878718],[2.50648,3.864542],[2.501504,3.852443],[2.504418,3.839933],[2.523102,3.842446],[2.553824,3.854141],[2.577494,3.852485],[2.60323,3.872517],[2.61278,3.875024],[2.619339,3.867275],[2.621101,3.838741],[2.627749,3.830402],[2.645191,3.82457],[2.656401,3.828329],[2.671757,3.848356],[2.697917,3.851285],[2.710372,3.85838],[2.728223,3.875904],[2.739842,3.901767],[2.791953,3.927642],[2.819782,3.907628],[2.841585,3.904712],[2.868991,3.920984],[2.88768,3.916399],[2.909274,3.923075],[2.945197,3.924329],[2.995447,3.948523],[3.009153,3.99774],[3.035112,4.021097],[3.036774,4.0407],[3.054636,4.059052],[3.070833,4.041533],[3.101155,4.050705],[3.116523,4.046115],[3.132306,4.047781],[3.167198,4.057785],[3.222663,4.110325],[3.227234,4.118249],[3.229735,4.146611],[3.244278,4.161205],[3.261045,4.196235],[3.301768,4.224861],[3.314239,4.244598],[3.330861,4.254045],[3.354406,4.259595],[3.356625,4.265712],[3.352475,4.276836]]}},
{"type":"Feature","properties":{},"geometry":{"type":"LineString","coordinates":[[3.260221,5.463436],[3.213303,5.489372],[3.218929,5.507513],[3.218935,5.52503],[3.212079,5.557565]]}},
{"type":"Feature","properties":{},"geometry":{"type":"LineString","coordinates":[[4.945497,4.857132],[4.929361,4.861646],[4.915677,4.872315],[4.86831,4.8762],[4.837171,4.887541],[4.808498,4.889495],[4.785456,4.898937],[4.73567,4.934088],[4.705848,4.975439],[4.696507,4.980465],[4.622263,4.964393],[4.571123,4.96139],[4.523114,4.964629],[4.503191,4.978434],[4.475121,4.97537],[4.455069,4.978751],[4.419293,4.969239],[4.398473,4.953856],[4.386776,4.926777],[4.365682,4.911064]]}},
{"type":"Feature","properties":{},"geometry":{"type":"LineString","coordinates":[[4.424444,4.868366],[4.422008,4.877085],[4.40414,4.880458],[4.402092,4.895056],[4.383443,4.923449]]}},
{"type":"Feature","properties":{},"geometry":{"type":"LineString","coordinates":[[4.476498,5.079188],[4.462328,5.065043],[4.46391,5.028348],[4.453862,4.997099],[4.454789,4.978661]]}},
{"type":"Feature","properties":{},"geometry":{"type":"LineString","coordinates":[[4.476498,5.079188],[4.524384,5.108262],[4.534398,5.122414],[4.527358,5.134522],[4.532372,5.144516],[4.510361,5.157077],[4.515827,5.182081],[4.506703,5.192943],[4.471811,5.210954],[4.461883,5.23391],[4.452085,5.242829]]}},
{"type":"Feature","properties":{},"geometry":{"type":"LineString","coordinates":[[4.51348,5.290967],[4.479143,5.29238],[4.461145,5.30382],[4.455628,5.316341],[4.445101,5.321092],[4.42832,5.339847],[4.399126,5.347698],[4.386669,5.35764],[4.388962,5.390436],[4.399745,5.39781]]}},
{"type":"Feature","properties":{},"geometry":{"type":"LineString","coordinates":[[4.388962,5.390436],[4.345045,5.410827],[4.336606,5.441053],[4.320014,5.455485]]}},
{"type":"Feature","properties":{},"geometry":{"type":"LineString","coordinates":[[4.643711,5.695605],[4.64409,5.68539],[4.60782,5.660685],[4.570746,5.648279],[4.559065,5.637887],[4.541584,5.6371],[4.532412,5.63087],[4.522379,5.613802],[4.514037,5.606319],[4.501963,5.604266],[4.470131,5.573148]]}},
{"type":"Feature","properties":{},"geometry":{"type":"LineString","coordinates":[[4.643805,5.693057],[4.68039,5.71426],[4.700382,5.719203],[4.71453,5.717911],[4.720378,5.725397],[4.731207,5.727866],[4.74669,5.755333],[4.774173,5.759418],[4.804233,5.788504],[4.84661,5.79146],[4.854623,5.796679],[4.856394,5.829188],[4.873125,5.85331],[4.880692,5.875795],[4.881571,5.889548],[4.870386,5.905843],[4.868819,5.935028],[4.853011,5.938833],[4.817689,5.95896],[4.802003,5.956093],[4.781056,5.961164],[4.772721,5.95869],[4.761018,5.944553],[4.726437,5.937159],[4.703539,5.938063],[4.690614,5.932266],[4.671055,5.935661]]}},
{"type":"Feature","properties":{},"geometry":{"type":"LineString","coordinates":[[4.978502,5.872122],[4.968084,5.868824],[4.952712,5.877215],[4.934812,5.876861],[4.918614,5.887754],[4.881563,5.887047]]}},
{"type":"Feature","properties":{},"geometry":{"type":"LineString","coordinates":[[4.870386,5.905843],[4.853305,5.902149],[4.837923,5.908453],[4.814994,5.89894],[4.803656,5.901013],[4.798739,5.893157]]}},
{"type":"Feature","properties":{},"geometry":{"type":"LineString","coordinates":[[4.817689,5.95896],[4.813988,5.973215],[4.801561,5.99271],[4.80021,6.003831],[4.813083,6.035192],[4.804289,6.062179],[4.810504,6.094396],[4.803597,6.104424]]}},
{"type":"Feature","properties":{},"geometry":{"type":"LineString","coordinates":[[4.803597,6.104424],[4.791361,6.150529],[4.780843,6.160847],[4.779236,6.178361],[4.767205,6.192992],[4.773089,6.208814],[4.772974,6.257032],[4.768872,6.276222],[4.774201,6.29149],[4.767885,6.312911],[4.76877,6.327915],[4.781393,6.363862],[4.775739,6.41599],[4.728461,6.452837],[4.705358,6.461044],[4.680428,6.484264],[4.666677,6.48556],[4.657968,6.498721],[4.641101,6.503153],[4.603696,6.537668],[4.577467,6.548382],[4.544967,6.553486],[4.498129,6.574266],[4.480004,6.578072],[4.454168,6.618174],[4.447274,6.64249]]}},
{"type":"Feature","properties":{},"geometry":{"type":"LineString","coordinates":[[4.775739,6.41599],[4.810627,6.441922],[4.822519,6.446256],[4.863157,6.447985],[4.888878,6.472901],[4.908268,6.475955],[4.927718,6.494639],[4.955845,6.493906],[4.978403,6.507573],[5.002177,6.512482],[5.029735,6.525501],[5.031025,6.535499],[5.058295,6.554144],[5.085382,6.603422],[5.072929,6.61577],[5.063846,6.636648]]}},
{"type":"Feature","properties":{},"geometry":{"type":"LineString","coordinates":[[4.99567,6.758522],[4.964008,6.740425],[4.930545,6.713465],[4.921366,6.711833],[4.87769,6.684074]]}},
{"type":"Feature","properties":{},"geometry":{"type":"LineString","coordinates":[[5.193809,6.664429],[5.189698,6.677367],[5.174347,6.693689],[5.162365,6.717915],[5.146592,6.733405],[5.144551,6.743416],[5.131271,6.757228],[5.127087,6.776186]]}},
{"type":"Feature","properties":{},"geometry":{"type":"LineString","coordinates":[[4.622218,6.831405],[4.645276,6.817895],[4.67393,6.781944],[4.718926,6.76928],[4.771348,6.735326],[4.800932,6.729382],[4.823201,6.718878],[4.861741,6.688242],[4.87769,6.684074],[4.881394,6.671555],[4.893029,6.661506],[4.924713,6.661384],[4.95344,6.651684],[4.978872,6.652416],[4.998853,6.64525],[5.053439,6.640025],[5.086129,6.632386],[5.129492,6.635536],[5.186255,6.652793],[5.193809,6.664429],[5.215469,6.660998],[5.262225,6.677039],[5.324474,6.707587],[5.369223,6.73821],[5.399096,6.771835]]}},
{"type":"Feature","properties":{},"geometry":{"type":"LineString","coordinates":[[5.329896,6.51219],[5.288064,6.54023],[5.248963,6.555826],[5.241081,6.56378],[5.212225,6.634757],[5.210197,6.647269],[5.215469,6.660998]]}},
{"type":"Feature","properties":{},"geometry":{"type":"LineString","coordinates":[[5.605921,6.243335],[5.558484,6.249193],[5.491785,6.277014],[5.362949,6.380125],[5.346841,6.410203],[5.343825,6.433969],[5.346371,6.443959],[5.370317,6.452607]]}},
{"type":"Feature","properties":{},"geometry":{"type":"LineString","coordinates":[[5.034723,7.601567],[5.030386,7.613216],[5.037797,7.628002],[5.059194,7.647281],[5.087021,7.699661],[5.105868,7.708946],[5.117227,7.724519],[5.118548,7.738266],[5.125477,7.745108],[5.172648,7.777377],[5.191448,7.776655],[5.231779,7.817701],[5.297215,7.862981],[5.300401,7.872339],[5.3129,7.865395],[5.336713,7.864013]]}},
{"type":"Feature","properties":{},"geometry":{"type":"LineString","coordinates":[[5.454622,7.768339],[5.376249,7.761284],[5.363069,7.757607],[5.318431,7.7316],[5.297092,7.725465],[5.29592,7.740473],[5.287827,7.750518],[5.254679,7.763196],[5.232286,7.795195],[5.22065,7.805124]]}},
{"type":"Feature","properties":{},"geometry":{"type":"LineString","coordinates":[[5.249226,7.579656],[5.246325,7.604674],[5.251443,7.625067],[5.243995,7.638442],[5.246562,7.650097],[5.257897,7.660872],[5.263035,7.684599],[5.292008,7.712366],[5.297092,7.725465]]}},
{"type":"Feature","properties":{},"geometry":{"type":"LineString","coordinates":[[5.251057,7.625762],[5.284906,7.63406],[5.294965,7.640674],[5.338419,7.643358],[5.360605,7.652404],[5.412881,7.664199],[5.426255,7.66579],[5.452119,7.660227],[5.478256,7.665911],[5.485809,7.672117],[5.537275,7.688066],[5.563994,7.68624],[5.57397,7.678264],[5.585445,7.676529],[5.609262,7.678468],[5.627557,7.665442],[5.68955,7.662142]]}},
{"type":"Feature","properties":{},"geometry":{"type":"LineString","coordinates":[[5.607992,7.678365],[5.605383,7.693074],[5.595851,7.705214],[5.577988,7.721154],[5.561302,7.724587],[5.549276,7.739242],[5.538026,7.743892],[5.514219,7.74445],[5.497594,7.758714],[5.484259,7.764208],[5.454622,7.768339]]}},
{"type":"Feature","properties":{},"geometry":{"type":"LineString","coordinates":[[5.478294,7.672577],[5.472913,7.680942],[5.470573,7.709705],[5.451993,7.747312],[5.451921,7.768147]]}},
{"type":"Feature","properties":{},"geometry":{"type":"LineString","coordinates":[[5.559041,7.902089],[5.546424,7.888833],[5.504156,7.878255],[5.487743,7.85877],[5.452525,7.83856],[5.449564,7.832327],[5.455619,7.796042],[5.451385,7.786483],[5.451921,7.768147]]}},
{"type":"Feature","properties":{},"geometry":{"type":"LineString","coordinates":[[5.559041,7.902089],[5.507018,7.936986],[5.484211,7.966706],[5.439221,7.991973],[5.413815,7.996834],[5.38373,8.009798],[5.341916,8.007955],[5.317691,8.011842],[5.308117,8.018063]]}},
{"type":"Feature","properties":{},"geometry":{"type":"LineString","coordinates":[[5.451012,7.835376],[5.420229,7.889582],[5.40484,7.902171],[5.401238,7.929693],[5.404584,8.00176]]}},
{"type":"Feature","properties":{},"geometry":{"type":"LineString","coordinates":[[5.300401,7.872339],[5.297772,7.888189],[5.303163,7.955667],[5.312926,7.982282],[5.304734,8.012331],[5.308117,8.018063]]}},
{"type":"Feature","properties":{},"geometry":{"type":"LineString","coordinates":[[5.309784,8.066615],[5.272406,8.081477],[5.260701,8.081959],[5.242276,8.07706],[5.223382,8.062994],[5.209659,8.07682],[5.209695,8.083488],[5.196715,8.080224],[5.189209,8.084015],[5.186758,8.094864],[5.179263,8.100739],[5.149634,8.112564],[5.132652,8.124311],[5.084613,8.11457],[5.069848,8.089639],[5.054311,8.077213],[5.023593,8.081118],[4.969195,8.117645],[4.95716,8.137293],[4.948817,8.141917],[4.93416,8.138236],[4.918761,8.154565],[4.903292,8.156305],[4.886411,8.169306],[4.874082,8.170526],[4.860528,8.180679],[4.837519,8.180785],[4.831271,8.186648],[4.80534,8.188433],[4.794069,8.193902],[4.77438,8.188153],[4.718404,8.159633],[4.718737,8.139623],[4.706762,8.125863]]}},
{"type":"Feature","properties":{},"geometry":{"type":"LineString","coordinates":[[4.718404,8.159633],[4.706054,8.1576],[4.657968,8.163636],[4.646648,8.157846]]}},
{"type":"Feature","properties":{},"geometry":{"type":"LineString","coordinates":[[4.665793,8.115935],[4.662202,8.125267],[4.641629,8.143913],[4.633006,8.146646],[4.637478,8.157346],[4.650778,8.159959]]}},
{"type":"Feature","properties":{},"geometry":{"type":"LineString","coordinates":[[4.657968,8.163636],[4.652369,8.175749],[4.656586,8.183652],[4.666645,8.187778],[4.669606,8.195687],[4.658791,8.210739],[4.652189,8.233276],[4.676567,8.259021],[4.677434,8.266104],[4.649534,8.299152],[4.635346,8.309216],[4.629099,8.316745],[4.629543,8.322996],[4.65223,8.343328],[4.656472,8.35665],[4.68751,8.372189],[4.695636,8.41151],[4.730922,8.438868],[4.750198,8.44295],[4.772508,8.469527],[4.824504,8.486794],[4.860201,8.509551],[4.874005,8.506984],[4.885765,8.514429],[4.897564,8.529794],[4.944749,8.545815],[4.952781,8.56078],[4.981181,8.546464],[5.011714,8.540472],[5.076872,8.511372],[5.074723,8.500963],[5.079657,8.484266],[5.089231,8.474214],[5.089946,8.451704],[5.102654,8.440801],[5.122997,8.410268],[5.138033,8.404769],[5.149671,8.39012],[5.152118,8.378437],[5.165846,8.363776],[5.169288,8.34292],[5.175983,8.342883],[5.173203,8.332063],[5.220032,8.32597],[5.239753,8.33586],[5.290393,8.338072],[5.31681,8.347919],[5.317691,8.355414],[5.300209,8.370934],[5.314509,8.383352],[5.313706,8.389191],[5.299964,8.400522],[5.298387,8.416782],[5.289667,8.428501],[5.286811,8.441019]]}},
{"type":"Feature","properties":{},"geometry":{"type":"LineString","coordinates":[[5.173203,8.332063],[5.158315,8.287553],[5.163565,8.252934],[5.146243,8.221354],[5.151143,8.199241],[5.128801,8.166852],[5.128255,8.124147]]}},
{"type":"Feature","properties":{},"geometry":{"type":"LineString","coordinates":[[6.021683,8.523744],[5.942616,8.516298],[5.876754,8.548864],[5.842495,8.556198],[5.84898,8.584058],[5.853183,8.586526],[5.912215,8.589833],[5.927314,8.5943],[5.944016,8.589591],[5.963303,8.594441],[5.97992,8.578903],[5.988747,8.577189]]}},
{"type":"Feature","properties":{},"geometry":{"type":"LineString","coordinates":[[5.842495,8.556198],[5.817212,8.532224],[5.799565,8.522355],[5.789829,8.5217],[5.76193,8.525957],[5.750256,8.531872],[5.714248,8.529209],[5.699216,8.533896],[5.675927,8.554888],[5.613544,8.551565],[5.606968,8.564085],[5.595213,8.564187],[5.577593,8.558055],[5.563678,8.542733],[5.539305,8.527895],[5.508312,8.524763],[5.497303,8.537333],[5.496536,8.548171],[5.464391,8.561294],[5.465281,8.569621],[5.50489,8.609364],[5.496594,8.621083],[5.496255,8.633168],[5.52225,8.638831],[5.526888,8.643801],[5.548649,8.642406],[5.566689,8.648118],[5.587177,8.644231],[5.597141,8.632082],[5.617664,8.633609],[5.633482,8.620585],[5.689235,8.631864],[5.70471,8.630088],[5.715949,8.621261],[5.73183,8.617815],[5.783319,8.618695],[5.830601,8.588776],[5.84898,8.584058]]}},
{"type":"Feature","properties":{},"geometry":{"type":"LineString","coordinates":[[5.374979,8.453099],[5.414948,8.487021],[5.471968,8.502913],[5.491732,8.51737],[5.513803,8.52504]]}},
{"type":"Feature","properties":{},"geometry":{"type":"LineString","coordinates":[[5.496255,8.633168],[5.4821,8.645343],[5.464976,8.651704],[5.452518,8.667617],[5.442507,8.673514],[5.386897,8.686366],[5.358436,8.688627],[5.347163,8.694114],[5.334706,8.711274],[5.336286,8.729599],[5.341361,8.737485],[5.31837,8.74471],[5.31004,8.752261],[5.254329,8.751764]]}},
{"type":"Feature","properties":{},"geometry":{"type":"LineString","coordinates":[[5.666798,8.628209],[5.662824,8.65621],[5.641386,8.703434],[5.636952,8.728045],[5.632593,8.726945]]}},
{"type":"Feature","properties":{},"geometry":{"type":"LineString","coordinates":[[6.063149,8.799353],[6.040221,8.818104],[6.017644,8.822035],[6.000644,8.842578],[5.991429,8.842236]]}},
{"type":"Feature","properties":{},"geometry":{"type":"LineString","coordinates":[[6.154512,8.888719],[6.11139,8.904555],[6.087554,8.908502]]}},
{"type":"Feature","properties":{},"geometry":{"type":"LineString","coordinates":[[4.426454,8.158262],[4.434884,8.184813],[4.452526,8.20351],[4.482296,8.219661],[4.490697,8.228385],[4.49538,8.249629],[4.490858,8.271324],[4.504714,8.282946],[4.529815,8.274535],[4.550722,8.275682]]}},
{"type":"Feature","properties":{},"geometry":{"type":"LineString","coordinates":[[4.53627,8.27489],[4.534874,8.289918],[4.524865,8.299128]]}},
{"type":"Feature","properties":{},"geometry":{"type":"LineString","coordinates":[[4.550722,8.275682],[4.56778,8.30313],[4.598826,8.321349],[4.618193,8.349201],[4.631612,8.354982],[4.637554,8.374551],[4.658997,8.396972],[4.670825,8.421933],[4.708204,8.449285],[4.725882,8.470466],[4.733735,8.540877],[4.725101,8.576347],[4.713001,8.586406],[4.705967,8.605612],[4.705226,8.627292],[4.711564,8.639352],[4.717802,8.677749],[4.749608,8.714211],[4.750904,8.722541],[4.791866,8.790293],[4.790655,8.799886],[4.765688,8.836684],[4.77971,8.876634]]}},
{"type":"Feature","properties":{},"geometry":{"type":"LineString","coordinates":[[4.772661,8.86137],[4.718142,8.886092],[4.706887,8.899483],[4.704024,8.91492],[4.713336,8.934052],[4.70925,8.956996],[4.713172,8.988658],[4.706934,8.999525],[4.678091,9.018415],[4.672713,9.03428],[4.673623,9.049699],[4.688976,9.059841],[4.691609,9.08484],[4.681542,9.129279]]}},
{"type":"Feature","properties":{},"geometry":{"type":"LineString","coordinates":[[4.673604,9.04553],[4.603606,9.05293],[4.551652,9.063993],[4.502654,9.080873],[4.445641,9.087772],[4.432881,9.096161],[4.36963,9.1185],[4.303268,9.153347],[4.296222,9.177136],[4.266713,9.196836],[4.269717,9.215586],[4.281896,9.218461],[4.3021,9.235482],[4.373882,9.242302],[4.393232,9.254317],[4.419682,9.257548],[4.43399,9.267497],[4.462953,9.269464],[4.475603,9.284003],[4.492815,9.285599],[4.51475,9.311769],[4.553034,9.332865],[4.559827,9.350344],[4.557769,9.359523],[4.571706,9.378637],[4.575574,9.398629],[4.597939,9.423957]]}},
{"type":"Feature","properties":{},"geometry":{"type":"LineString","coordinates":[[4.681542,9.129279],[4.681744,9.172214],[4.689417,9.198022],[4.689186,9.237622],[4.683059,9.272665],[4.675574,9.286873],[4.681148,9.311857],[4.677833,9.320626],[4.663208,9.334034],[4.658746,9.366569],[4.652068,9.374519],[4.59528,9.420588],[4.580116,9.428205],[4.554251,9.464587],[4.542518,9.469642],[4.545903,9.475463],[4.557653,9.47416]]}},
{"type":"Feature","properties":{},"geometry":{"type":"LineString","coordinates":[[4.547543,9.466702],[4.521495,9.463063],[4.454422,9.48836],[4.430896,9.485539],[4.385024,9.512404],[4.372924,9.532046],[4.342751,9.54884],[4.31911,9.571859],[4.234765,9.594683],[4.186671,9.596102],[4.175789,9.607813],[4.143296,9.6271],[4.096704,9.640176],[4.079884,9.635643],[4.069345,9.624418],[4.062113,9.595673],[4.041884,9.574887],[4.032508,9.530303],[3.988376,9.520007],[3.953882,9.500923],[3.938283,9.479284],[3.914947,9.468644],[3.918481,9.452845]]}},
{"type":"Feature","properties":{},"geometry":{"type":"LineString","coordinates":[[4.096704,9.640176],[4.09009,9.652184],[4.023013,9.701589],[4.004174,9.725826],[3.994942,9.73044],[3.983241,9.752989],[3.936758,9.801569]]}},
{"type":"Feature","properties":{},"geometry":{"type":"LineString","coordinates":[[4.551085,9.49201],[4.525529,9.505045],[4.513873,9.528024],[4.500048,9.535587],[4.497592,9.550188],[4.49007,9.558974],[4.469109,9.567818],[4.463678,9.574511],[4.464561,9.584512],[4.47131,9.591153],[4.466712,9.596592],[4.450768,9.600411],[4.441654,9.630465],[4.432807,9.624665],[4.425677,9.627196],[4.401831,9.651056],[4.409035,9.666034],[4.417019,9.666418],[4.407385,9.673545],[4.405738,9.681473],[4.415018,9.690188],[4.416744,9.70102],[4.402144,9.72651],[4.408091,9.74191],[4.398902,9.755288],[4.401878,9.763614],[4.385558,9.780355],[4.382689,9.797876],[4.370973,9.810847],[4.355561,9.845094],[4.326232,9.86939],[4.324659,9.896494],[4.312918,9.904461],[4.294103,9.931215],[4.27019,9.945481],[4.274062,9.967979],[4.269489,9.981754],[4.247003,9.985174],[4.234865,10.000645],[4.229097,10.032767],[4.20734,10.063698],[4.155036,10.08348],[4.14917,10.090171],[4.14878,10.098927],[4.12992,10.119421],[4.108504,10.132001],[4.095242,10.129544],[4.078004,10.133771],[4.058632,10.12883],[4.038055,10.141821],[4.030532,10.157687],[4.001317,10.167785],[3.988301,10.177413]]}},
{"type":"Feature","properties":{},"geometry":{"type":"LineString","coordinates":[[4.108504,10.132001],[4.087519,10.147914],[4.089667,10.160831],[4.075809,10.169633],[4.070796,10.18049],[4.048531,10.192652],[4.016505,10.179829],[3.988301,10.177413]]}},
{"type":"Feature","properties":{},"geometry":{"type":"LineString","coordinates":[[4.108504,10.132001],[4.119889,10.13905],[4.128778,10.154029],[4.164176,10.168079],[4.169245,10.173482],[4.159176,10.181855],[4.188663,10.189671],[4.185737,10.195101],[4.207329,10.229208],[4.234726,10.239528],[4.253334,10.261969],[4.310218,10.276752],[4.303131,10.293456],[4.31012,10.303849],[4.333313,10.313343],[4.340172,10.342496],[4.362755,10.356158],[4.367469,10.375314],[4.385216,10.389412],[4.404932,10.466863],[4.430441,10.473001],[4.434676,10.477985],[4.436445,10.496319],[4.4428,10.50421],[4.473573,10.509488],[4.471963,10.525335],[4.479168,10.534472],[4.489711,10.536924],[4.499926,10.558552],[4.511758,10.565999],[4.529842,10.602177],[4.551378,10.611658],[4.549374,10.632093],[4.578613,10.664043],[4.578648,10.670712],[4.59516,10.685634],[4.598174,10.697706],[4.612926,10.698048],[4.614667,10.708459],[4.656676,10.721993],[4.715567,10.776275],[4.714115,10.817546],[4.722189,10.828754],[4.72618,10.862909],[4.737709,10.887852],[4.738266,10.911189],[4.752699,10.927361],[4.756576,10.941092],[4.768896,10.956026],[4.771116,10.974768],[4.756842,10.986104],[4.75796,10.996934],[4.796454,11.01463],[4.84521,11.053514],[4.866101,11.087976],[4.870923,11.116285],[4.862704,11.150928],[4.82067,11.178275],[4.795497,11.203016],[4.750534,11.237042],[4.749375,11.254972],[4.775991,11.25773],[4.760181,11.296168],[4.762463,11.324079],[4.772698,11.340271],[4.772848,11.364443],[4.782376,11.402311],[4.779053,11.411501],[4.763426,11.412012],[4.732422,11.384689],[4.72003,11.361005],[4.705586,11.346918]]}},
{"type":"Feature","properties":{},"geometry":{"type":"LineString","coordinates":[[4.763426,11.412012],[4.710712,11.427328],[4.682911,11.441243],[4.648708,11.444772]]}},
{"type":"Feature","properties":{},"geometry":{"type":"LineString","coordinates":[[4.776968,11.411742],[4.746836,11.462124],[4.746503,11.476713],[4.726224,11.47725],[4.687724,11.46914],[4.67255,11.475479],[4.634893,11.46694]]}},
{"type":"Feature","properties":{},"geometry":{"type":"LineString","coordinates":[[4.705586,11.346918],[4.665473,11.348815],[4.585424,11.385518],[4.517852,11.38921]]}},
{"type":"Feature","properties":{},"geometry":{"type":"LineString","coordinates":[[4.746503,11.476713],[4.761428,11.498712],[4.762336,11.508709],[4.778062,11.5232],[4.777343,11.543209],[4.784134,11.547752],[4.788894,11.565227],[4.802108,11.582649],[4.797568,11.599764],[4.811178,11.612598],[4.803267,11.631402],[4.810577,11.650527],[4.803081,11.668078],[4.811615,11.68011],[4.804982,11.700573],[4.811452,11.720119],[4.792204,11.751914],[4.795305,11.773566],[4.784036,11.796975],[4.787059,11.806541],[4.817661,11.81209],[4.821016,11.82383],[4.807951,11.831415],[4.804873,11.878111],[4.838439,11.898731],[4.833613,11.93627],[4.810309,11.932253],[4.784405,11.951173],[4.757599,11.962177],[4.747984,11.980991],[4.717996,11.991596],[4.704123,12.007101],[4.674967,12.016029],[4.656,12.029897],[4.572633,12.037881],[4.529562,12.05896],[4.510653,12.047393],[4.484495,12.065039],[4.409944,12.062092],[4.401062,12.064221],[4.38419,12.077643],[4.358399,12.086524],[4.313797,12.09247],[4.306225,12.103343],[4.296921,12.106305],[4.24993,12.112356],[4.200794,12.11299],[4.182259,12.136414],[4.115838,12.158783],[4.055892,12.160686],[4.04613,12.156554],[4.040591,12.148713],[4.040057,12.120309]]}},
{"type":"Feature","properties":{},"geometry":{"type":"LineString","coordinates":[[4.523333,11.387097],[4.45646,11.393636],[4.375435,11.412785],[4.331159,11.431746],[4.294412,11.435038],[4.233621,11.448432],[4.184264,11.469271],[4.113899,11.470173],[4.070184,11.47784],[4.041621,11.468563],[4.018807,11.471146],[3.980831,11.48941],[3.94661,11.494526],[3.93773,11.493304],[3.894166,11.451542],[3.889801,11.474693]]}},
{"type":"Feature","properties":{},"geometry":{"type":"LineString","coordinates":[[3.894166,11.451542],[3.859606,11.448519],[3.83237,11.456727],[3.810811,11.455537],[3.79938,11.448689],[3.767583,11.411878],[3.754895,11.408157],[3.734328,11.421343],[3.693133,11.425196],[3.67854,11.420227],[3.668374,11.410244],[3.65628,11.388382],[3.626172,11.388448],[3.586255,11.396035],[3.562164,11.394206],[3.534557,11.376121],[3.500322,11.371802],[3.481276,11.353072],[3.417885,11.345038],[3.394414,11.33006],[3.345932,11.329495],[3.274507,11.306221],[3.216201,11.299181],[3.17268,11.285868],[3.138038,11.281299],[3.108463,11.269636],[3.081006,11.268394],[3.06495,11.253387],[3.048687,11.245469],[3.006026,11.231713],[2.967169,11.227959],[2.966536,11.221704],[2.936129,11.212109],[2.929797,11.20085],[2.921361,11.159569],[2.903637,11.128291],[2.894772,11.123702],[2.838624,11.114086],[2.804435,11.100723],[2.7749,11.079021],[2.720156,11.085971],[2.674451,11.103715],[2.674437,11.115946],[2.682684,11.124664],[2.680979,11.139673],[2.653392,11.141449],[2.648316,11.148532],[2.652104,11.15896],[2.649562,11.166462],[2.635201,11.168947],[2.623971,11.181952],[2.605564,11.192861],[2.593668,11.226919],[2.598069,11.251316],[2.585366,11.273814],[2.581522,11.302578],[2.556735,11.350699],[2.554796,11.375088],[2.519862,11.418186],[2.509051,11.438182],[2.477926,11.470649],[2.475374,11.4794],[2.482289,11.511933],[2.483466,11.561968],[2.47984,11.579264],[2.462461,11.60133],[2.453094,11.633416],[2.4526,11.669688],[2.445768,11.702195],[2.418848,11.72945],[2.411201,11.743819],[2.376597,11.744885],[2.336246,11.771588],[2.301743,11.778176],[2.332111,11.819107],[2.354504,11.835002],[2.414906,11.892251],[2.445771,11.911075]]}},
{"type":"Feature","properties":{},"geometry":{"type":"LineString","coordinates":[[2.301743,11.778176],[2.287366,11.774388],[2.268362,11.760165],[2.235915,11.711719],[2.227465,11.707944]]}},
{"type":"Feature","properties":{},"geometry":{"type":"LineString","coordinates":[[2.274935,11.915274],[2.269481,11.896499],[2.223403,11.873862],[2.225128,11.862611],[2.213757,11.842567],[2.195588,11.832094],[2.160977,11.80156],[2.129277,11.789791]]}},
{"type":"Feature","properties":{},"geometry":{"type":"LineString","coordinates":[[2.227852,11.708117],[2.216192,11.730009],[2.205599,11.735817],[2.196743,11.725786],[2.176851,11.728648],[2.167948,11.734876],[2.145855,11.765244],[2.129321,11.775617],[2.129277,11.789791]]}},
{"type":"Feature","properties":{},"geometry":{"type":"LineString","coordinates":[[2.227465,11.707944],[2.212113,11.676634],[2.214287,11.655794],[2.200854,11.619903],[2.157904,11.558078],[2.134727,11.532995]]}},
{"type":"Feature","properties":{},"geometry":{"type":"LineString","coordinates":[[2.549541,11.639941],[2.451735,11.663345]]}},
{"type":"Feature","properties":{},"geometry":{"type":"LineString","coordinates":[[2.549541,11.639941],[2.583173,11.635613],[2.618716,11.624406],[2.664387,11.629466],[2.709432,11.628263],[2.750691,11.604537],[2.800205,11.607007],[2.830664,11.592016],[2.837152,11.584793],[2.902703,11.576205],[2.939779,11.55648],[3.016454,11.552038],[3.031675,11.543976],[3.028571,11.508396],[3.05478,11.495606],[3.096771,11.489758],[3.113378,11.476069],[3.147416,11.463052],[3.154597,11.454709],[3.170203,11.448914],[3.221807,11.456751],[3.248435,11.455479],[3.253927,11.451721],[3.254342,11.444216],[3.249676,11.425457],[3.265736,11.424609],[3.278213,11.43377]]}},
{"type":"Feature","properties":{},"geometry":{"type":"LineString","coordinates":[[3.225885,11.535968],[3.215732,11.528471],[3.198395,11.524731],[3.119063,11.473552]]}},
{"type":"Feature","properties":{},"geometry":{"type":"LineString","coordinates":[[3.278213,11.43377],[3.337382,11.431623],[3.342021,11.422862],[3.341161,11.411188],[3.319,11.371742],[3.302331,11.325617],[3.290473,11.312049]]}},
{"type":"Feature","properties":{},"geometry":{"type":"LineString","coordinates":[[3.689839,11.111012],[3.683086,11.11186],[3.67636,11.123967],[3.66413,11.129831],[3.663724,11.137337],[3.624531,11.170776],[3.617805,11.184966],[3.624601,11.203298],[3.63772,11.216194],[3.640316,11.244123],[3.652208,11.2737],[3.669992,11.292422],[3.693742,11.331559],[3.71365,11.351941],[3.707365,11.373636],[3.670618,11.37956],[3.65628,11.388382]]}},
{"type":"Feature","properties":{},"geometry":{"type":"LineString","coordinates":[[3.98216,11.1694],[3.953869,11.168657],[3.923435,11.157913],[3.902705,11.144218],[3.890455,11.14217],[3.856735,11.16103],[3.84112,11.163158],[3.806898,11.155332],[3.771795,11.13291],[3.753211,11.130038],[3.719824,11.115944],[3.689839,11.111012]]}},
{"type":"Feature","properties":{},"geometry":{"type":"LineString","coordinates":[[3.705891,11.115144],[3.707621,11.132234],[3.721185,11.154299]]}},
{"type":"Feature","properties":{},"geometry":{"type":"LineString","coordinates":[[5.285533,11.331183],[5.228796,11.347431],[5.197787,11.350789],[5.148503,11.366778],[5.1031,11.394608],[5.093074,11.40968],[5.068421,11.417356],[5.055225,11.43245],[5.030538,11.435748],[4.996512,11.46286],[4.929427,11.475813],[4.901522,11.472871],[4.884432,11.476107],[4.852205,11.490691],[4.817394,11.498412],[4.746503,11.476713]]}},
{"type":"Feature","properties":{},"geometry":{"type":"LineString","coordinates":[[5.270754,11.334655],[5.252567,11.390375],[5.24836,11.419156],[5.250374,11.513514],[5.236695,11.546743],[5.243796,11.562938],[5.235721,11.583625],[5.246766,11.617288],[5.243022,11.624817],[5.257724,11.652826],[5.255349,11.672844],[5.299233,11.66333],[5.325497,11.670201],[5.349836,11.649311]]}},
{"type":"Feature","properties":{},"geometry":{"type":"LineString","coordinates":[[5.255349,11.672844],[5.229216,11.682215],[5.205137,11.684484],[5.177381,11.703029],[5.152858,11.702798],[5.136185,11.717697],[5.08408,11.721224],[5.037555,11.733852],[5.024299,11.742697],[4.986499,11.739629],[4.960415,11.7587],[4.948959,11.773503],[4.924712,11.773667],[4.91122,11.779871],[4.899487,11.795785],[4.871858,11.817638],[4.820874,11.823335]]}},
{"type":"Feature","properties":{},"geometry":{"type":"LineString","coordinates":[[5.130547,11.718866],[5.137185,11.731041],[5.172626,11.757163],[5.187416,11.773716],[5.222515,11.791222],[5.234766,11.806958],[5.234091,11.828074],[5.240706,11.861354],[5.234224,11.874623]]}},
{"type":"Feature","properties":{},"geometry":{"type":"LineString","coordinates":[[6.576262,11.105485],[6.571372,11.095121],[6.543357,11.078387],[6.517125,11.034158],[6.482471,10.989604],[6.448424,10.960021],[6.44582,10.95339],[6.45622,10.942034],[6.455745,10.93746],[6.425464,10.904916],[6.404464,10.873096],[6.388896,10.860044],[6.343217,10.857118],[6.297036,10.870522],[6.252994,10.868078],[6.245055,10.873991],[6.214375,10.880559],[6.199132,10.873224],[6.149651,10.874568],[6.103595,10.861297],[6.072865,10.823839]]}},
{"type":"Feature","properties":{},"geometry":{"type":"LineString","coordinates":[[6.037529,10.855944],[6.017946,10.848199],[6.003883,10.832096],[5.984041,10.827707],[5.980973,10.81566],[5.983859,10.809386],[5.948012,10.761838],[5.91921,10.745035],[5.88502,10.737025],[5.863444,10.726813]]}},
{"type":"Feature","properties":{},"geometry":{"type":"LineString","coordinates":[[6.317411,10.615308],[6.305625,10.615016],[6.287727,10.633523],[6.247881,10.646428],[6.234944,10.656971],[6.195264,10.646137],[6.175504,10.648419],[6.176415,10.655072],[6.193346,10.664061],[6.194247,10.668658],[6.163574,10.675189],[6.132596,10.692157],[6.106865,10.687417],[6.049679,10.694644],[6.033413,10.71021],[6.044051,10.72135],[6.044555,10.729673],[6.039936,10.730968],[6.017414,10.710365],[6.005579,10.705899],[5.969799,10.707075],[5.955374,10.695969],[5.908053,10.637321],[5.82367,10.597645],[5.812053,10.570259],[5.801076,10.566748],[5.793886,10.547374],[5.780645,10.541659],[5.769484,10.517322],[5.757773,10.509926],[5.742443,10.489788],[5.694171,10.452323]]}},
{"type":"Feature","properties":{},"geometry":{"type":"LineString","coordinates":[[5.208543,10.257321],[5.189647,10.255797],[5.148705,10.267323],[5.088123,10.268343],[5.06923,10.274715],[5.052177,10.272948],[4.989155,10.288343],[4.977767,10.284038],[4.957569,10.284161],[4.933617,10.28993],[4.926643,10.284971],[4.895695,10.282028],[4.880497,10.27399],[4.847029,10.271681],[4.830646,10.276775],[4.81579,10.273108],[4.81006,10.264387],[4.779064,10.25268],[4.745589,10.24911],[4.721769,10.279873],[4.69159,10.303164]]}},
{"type":"Feature","properties":{},"geometry":{"type":"LineString","coordinates":[[4.745589,10.24911],[4.712337,10.22803],[4.688342,10.226279],[4.671898,10.220112],[4.651617,10.203959],[4.625064,10.195339]]}},
{"type":"Feature","properties":{},"geometry":{"type":"LineString","coordinates":[[5.22481,10.135361],[5.198895,10.131976],[5.182447,10.12521],[5.171607,10.10778],[5.157683,10.100996],[5.13923,10.076738],[5.118351,10.066872],[5.101848,10.050725],[5.071447,10.030913],[5.048042,10.019807],[5.028321,9.992422],[5.009972,9.982532],[4.993987,9.94637],[4.974981,9.931479],[4.956526,9.902831],[4.929241,9.872981],[4.908985,9.858718],[4.8679,9.839567],[4.839935,9.798458],[4.828535,9.788517],[4.801365,9.776157],[4.730412,9.706501],[4.725941,9.694644],[4.700659,9.679765],[4.697443,9.666651],[4.674002,9.64113],[4.642245,9.588761],[4.638936,9.555638],[4.622955,9.506317],[4.621604,9.48694],[4.629126,9.465588],[4.63574,9.466978]]}},
{"type":"Feature","properties":{},"geometry":{"type":"LineString","coordinates":[[4.347356,10.34872],[4.337454,10.405499],[4.321414,10.421511],[4.313937,10.44593],[4.286499,10.456359],[4.283702,10.467626],[4.304724,10.508812],[4.303965,10.553838],[4.310724,10.582887],[4.343026,10.598696],[4.391671,10.640588],[4.447568,10.69786],[4.453989,10.718673],[4.471349,10.734848],[4.490051,10.744971],[4.52231,10.747316],[4.60637,10.740641],[4.638006,10.744852],[4.659615,10.765369],[4.664755,10.780347],[4.599335,10.84509],[4.567643,10.832123],[4.531472,10.808545],[4.496485,10.767449],[4.486893,10.745612]]}},
{"type":"Feature","properties":{},"geometry":{"type":"LineString","coordinates":[[4.599335,10.84509],[4.599395,10.856344],[4.577952,10.868334],[4.574302,10.895863],[4.611836,10.935057],[4.663216,10.959165],[4.686124,10.982171],[4.726673,10.991322],[4.742458,10.985605],[4.756842,10.986104]]}},
{"type":"Feature","properties":{},"geometry":{"type":"LineString","coordinates":[[4.590832,10.911408],[4.551701,10.929116],[4.540939,10.927919],[4.536481,10.922315],[4.328931,10.916409]]}},
{"type":"Feature","properties":{},"geometry":{"type":"LineString","coordinates":[[4.471349,10.734848],[4.410718,10.749928],[4.344688,10.753277],[4.251461,10.773399],[4.234249,10.769526]]}},
{"type":"Feature","properties":{},"geometry":{"type":"LineString","coordinates":[[4.276382,10.769324],[4.311672,10.787324],[4.314243,10.796882],[4.320446,10.801182],[4.315718,10.812875],[4.321686,10.827579],[4.317341,10.862614],[4.327669,10.91704],[4.325059,10.954846],[4.320603,10.964593],[4.315572,10.97184],[4.303538,10.98551],[4.300489,10.995805],[4.268168,11.002056],[4.270185,11.013164],[4.282365,11.032567],[4.280444,11.043692],[4.256561,11.050739],[4.225663,11.07963],[4.214431,11.119071],[4.193583,11.13041],[4.184224,11.16484],[4.175787,11.177816],[4.155823,11.189338],[4.079218,11.197128],[4.058935,11.192823],[4.038567,11.164754],[4.016985,11.150445],[3.98216,11.1694],[3.9752,11.15371],[3.940876,11.114423],[3.931318,11.095691],[3.928083,11.073813],[3.938318,11.060649],[3.945702,11.039989],[3.949805,11.003496],[3.961557,10.983864],[3.997027,10.991672],[4.051891,10.994405],[4.095725,10.980909],[4.111703,10.96626],[4.155175,10.970267],[4.2116,10.943368],[4.239842,10.937835],[4.321778,10.960002]]}},
{"type":"Feature","properties":{},"geometry":{"type":"LineString","coordinates":[[4.32459,11.022936],[4.309357,11.013414],[4.300489,10.995805]]}},
{"type":"Feature","properties":{},"geometry":{"type":"LineString","coordinates":[[4.181446,11.169113],[4.161921,11.147696],[4.104941,11.113726],[4.082578,11.077954],[4.048586,11.054172],[4.022878,11.023965],[4.003421,11.010689],[3.957111,10.995082]]}},
{"type":"Feature","properties":{},"geometry":{"type":"LineString","coordinates":[[4.087219,11.083125],[4.052146,11.105577],[3.997035,11.118828],[3.995093,11.127172],[4.016985,11.150445]]}},
{"type":"Feature","properties":{},"geometry":{"type":"LineString","coordinates":[[4.225467,10.763886],[4.146203,10.756644],[4.103164,10.747211],[4.081667,10.748537],[3.967133,10.793942],[3.922092,10.819929],[3.848585,10.850159],[3.856205,10.859727],[3.871833,10.863549],[3.886615,10.873816],[3.899318,10.890038],[3.910446,10.926732],[3.956955,10.974081],[3.961557,10.983864]]}},
{"type":"Feature","properties":{},"geometry":{"type":"LineString","coordinates":[[4.159369,10.758002],[4.140215,10.790018],[4.116689,10.81345],[4.107059,10.832245],[4.094585,10.881066],[4.081163,10.901959],[4.079159,10.931149],[4.082566,10.939892],[4.110456,10.967398]]}},
{"type":"Feature","properties":{},"geometry":{"type":"LineString","coordinates":[[3.687184,11.111345],[3.683606,11.075821],[3.692436,11.061208],[3.692392,11.042445],[3.701208,11.022412],[3.701178,11.009487],[3.691426,10.989914],[3.682167,11.000775]]}},
{"type":"Feature","properties":{},"geometry":{"type":"LineString","coordinates":[[3.691426,10.989914],[3.688401,10.959484],[3.665557,10.932851],[3.649082,10.923713],[3.636792,10.897888],[3.621581,10.886245],[3.612232,10.852491],[3.585578,10.810848],[3.582605,10.800013],[3.59724,10.786438],[3.594368,10.777059],[3.579993,10.757488],[3.571978,10.755836],[3.5365,10.723376],[3.520844,10.690463],[3.516621,10.686301],[3.509042,10.691733]]}},
{"type":"Feature","properties":{},"geometry":{"type":"LineString","coordinates":[[3.846903,10.85183],[3.771596,10.823781],[3.743324,10.817596],[3.677788,10.815208],[3.641212,10.79406],[3.59644,10.783825]]}},
{"type":"Feature","properties":{},"geometry":{"type":"LineString","coordinates":[[3.516621,10.686301],[3.510071,10.676722],[3.502964,10.627393],[3.484353,10.585726],[3.475267,10.52375],[3.505161,10.510362],[3.516098,10.49992],[3.547608,10.448997],[3.579589,10.430595],[3.638371,10.441324],[3.691857,10.436626],[3.804352,10.448454],[3.843507,10.441682],[3.90009,10.417345],[3.911106,10.439829],[3.907037,10.489038],[3.910877,10.505704],[3.924008,10.529431],[3.919886,10.560296]]}},
{"type":"Feature","properties":{},"geometry":{"type":"LineString","coordinates":[[3.579589,10.430595],[3.518745,10.401929],[3.417435,10.444608],[3.427281,10.457104],[3.433207,10.477111],[3.475267,10.52375]]}},
{"type":"Feature","properties":{},"geometry":{"type":"LineString","coordinates":[[3.417435,10.444608],[3.417904,10.427929],[3.409437,10.395415],[3.396359,10.378336],[3.391282,10.359578],[3.401775,10.332046],[3.399648,10.314535],[3.391633,10.30287],[3.376462,10.292185],[3.337991,10.278328],[3.338957,10.26276],[3.344002,10.255805],[3.35971,10.248005],[3.36502,10.227706],[3.336079,10.195212],[3.322724,10.169373],[3.304438,10.157304]]}},
{"type":"Feature","properties":{},"geometry":{"type":"LineString","coordinates":[[3.37033,10.152349],[3.353853,10.154329],[3.322724,10.169373]]}},
{"type":"Feature","properties":{},"geometry":{"type":"LineString","coordinates":[[3.296495,10.154997],[3.27949,10.143003],[3.225053,10.134706],[3.209905,10.138885],[3.200937,10.155015],[3.188595,10.160304],[3.120396,10.118637],[3.068773,10.108922],[3.045202,10.07807],[3.029495,10.088078],[3.02234,10.077516],[2.998777,10.064729],[2.979703,10.061948],[2.971008,10.049994],[2.952798,10.041045]]}},
{"type":"Feature","properties":{},"geometry":{"type":"LineString","coordinates":[[2.943822,10.043546],[2.922768,10.031013],[2.884076,9.993055],[2.865163,9.950098],[2.846241,9.939665],[2.846245,9.930491],[2.840781,9.922983],[2.79201,9.89752],[2.773508,9.895005],[2.767196,9.900422],[2.755815,9.937109],[2.757066,9.951288],[2.781026,9.972571],[2.785217,9.995925],[2.8012,10.000939],[2.812128,10.016791],[2.813798,10.03931],[2.841109,10.112714],[2.853307,10.125646],[2.888652,10.140672],[2.911803,10.125667],[2.905073,10.116075],[2.882348,10.116484]]}},
{"type":"Feature","properties":{},"geometry":{"type":"LineString","coordinates":[[2.892859,10.144843],[2.908427,10.159442],[2.931996,10.164452],[2.939572,10.161951],[2.948834,10.148192],[2.945048,10.136932]]}},
{"type":"Feature","properties":{},"geometry":{"type":"LineString","coordinates":[[2.940025,10.161374],[2.9442,10.170709],[2.942933,10.194059],[2.891572,10.217815],[2.863788,10.220306],[2.86336,10.236568],[2.869251,10.244493],[2.875563,10.250751],[2.893665,10.255344]]}},
{"type":"Feature","properties":{},"geometry":{"type":"LineString","coordinates":[[2.903361,10.212398],[2.916406,10.229081]]}},
{"type":"Feature","properties":{},"geometry":{"type":"LineString","coordinates":[[2.893665,10.255344],[2.911344,10.264524],[2.902078,10.27703],[2.904602,10.283703],[2.915968,10.291212],[2.91302,10.294547],[2.860804,10.306204],[2.84944,10.294523]]}},
{"type":"Feature","properties":{},"geometry":{"type":"LineString","coordinates":[[2.860804,10.306204],[2.865854,10.312878],[2.912167,10.33416],[2.94754,10.335419],[2.96312,10.344177]]}},
{"type":"Feature","properties":{},"geometry":{"type":"LineString","coordinates":[[2.903339,10.328461],[2.900796,10.33791],[2.904581,10.352922],[2.881414,10.366258],[2.920152,10.396293],[2.942474,10.407139],[2.950893,10.441333],[2.826213,10.420023],[2.83084,10.431701]]}},
{"type":"Feature","properties":{},"geometry":{"type":"LineString","coordinates":[[2.950282,10.433775],[2.855707,10.402108],[2.822014,10.397087],[2.813586,10.404171],[2.811454,10.446284],[2.839663,10.477157],[2.843865,10.498841],[2.85608,10.505936],[2.876713,10.538052],[2.896935,10.55307],[2.920954,10.559749],[2.949864,10.579014],[2.929798,10.582268],[2.925161,10.588104]]}},
{"type":"Feature","properties":{},"geometry":{"type":"LineString","coordinates":[[2.945404,10.580538],[2.961193,10.601871],[2.965826,10.636898],[2.962874,10.641901],[2.948542,10.644817],[2.943061,10.650237],[2.957392,10.662749],[2.963714,10.675259],[2.960761,10.689853],[2.988163,10.712789],[2.98226,10.722379],[2.965816,10.728215]]}},
{"type":"Feature","properties":{},"geometry":{"type":"LineString","coordinates":[[2.972689,10.726506],[2.981837,10.744061],[3.007981,10.754486],[3.01768,10.754903],[3.044245,10.744893],[3.131532,10.748621],[3.185925,10.744006],[3.243073,10.758143],[3.306309,10.742243],[3.382017,10.758004],[3.415322,10.752541],[3.469092,10.757051]]}},
{"type":"Feature","properties":{},"geometry":{"type":"LineString","coordinates":[[3.371528,10.755896],[3.370033,10.785538]]}},
{"type":"Feature","properties":{},"geometry":{"type":"LineString","coordinates":[[3.469936,10.75705],[3.476477,10.760792],[3.47947,10.786222],[3.496828,10.82789],[3.499005,10.868749],[3.495227,10.880013],[3.435802,10.918045],[3.429083,10.939736],[3.436275,10.953069],[3.464562,10.963451],[3.473012,10.970527],[3.473868,10.977613],[3.502587,10.992161],[3.5041,11.013005],[3.515096,11.02633],[3.580968,11.042889],[3.585654,11.064561],[3.629209,11.101581],[3.620366,11.112022],[3.625448,11.119517],[3.642553,11.122816],[3.653127,11.131549],[3.656066,11.124038],[3.66413,11.129831]]}},
{"type":"Feature","properties":{},"geometry":{"type":"LineString","coordinates":[[3.503924,11.000482],[3.437184,10.997265],[3.430439,11.002695],[3.419889,11.00271],[3.36333,10.996529],[3.363359,11.019878],[3.34819,11.041161],[3.345253,11.055758],[3.368898,11.062401],[3.401448,11.096967],[3.40568,11.104466],[3.401899,11.118231]]}},
{"type":"Feature","properties":{},"geometry":{"type":"LineString","coordinates":[[3.345253,11.055758],[3.274752,11.045823],[3.234658,11.052111],[3.253268,11.095043],[3.253704,11.111721],[3.282866,11.143801],[3.297254,11.175893],[3.274456,11.180918]]}},
{"type":"Feature","properties":{},"geometry":{"type":"LineString","coordinates":[[3.234658,11.052111],[3.21292,11.052127],[3.194339,11.03838],[3.18041,11.038388],[3.14706,11.027148],[3.059271,11.034683],[3.058222,11.066791],[3.064561,11.099729],[3.060344,11.12308],[3.055701,11.128501],[3.037546,11.131423],[3.016013,11.125587],[2.991313,11.145185],[2.979067,11.167283],[2.958374,11.176455],[2.926251,11.180902]]}},
{"type":"Feature","properties":{},"geometry":{"type":"LineString","coordinates":[[3.059271,11.034683],[3.044286,11.027597],[3.007988,11.024265],[2.913447,11.0205],[2.889388,11.023829],[2.861112,11.019647],[2.85393,11.035071],[2.843799,11.037151],[2.786187,11.034197],[2.770252,11.079233]]}},
{"type":"Feature","properties":{},"geometry":{"type":"LineString","coordinates":[[2.755598,10.952435],[2.739125,10.954243]]}},
{"type":"Feature","properties":{},"geometry":{"type":"LineString","coordinates":[[2.746843,10.953396],[2.748957,10.971208],[2.746699,10.979545],[2.739662,10.984264],[2.743283,11.025408],[2.77308,11.063792]]}},
{"type":"Feature","properties":{},"geometry":{"type":"LineString","coordinates":[[2.739662,10.984264],[2.671021,10.958902],[2.620955,10.953284],[2.607167,10.956603],[2.609109,10.976897],[2.600377,10.984669],[2.562238,10.997682],[2.518906,11.000673],[2.520293,11.013185],[2.51354,11.013173],[2.476318,10.980728],[2.450461,10.96734],[2.43249,10.949796],[2.408597,10.941689],[2.395964,10.929434],[2.361392,10.917968],[2.35383,10.902942],[2.33388,10.894838],[2.322654,10.884251],[2.271353,10.875238],[2.260712,10.856868],[2.20915,10.842842],[2.191716,10.843075],[2.137382,10.817356],[2.126682,10.89536],[2.116468,10.925975],[2.112546,10.967864],[2.113582,11.044788],[2.121629,11.060311],[2.131169,11.067979],[2.143065,11.138056],[2.159515,11.192302],[2.154056,11.230086],[2.165162,11.284317]]}},
{"type":"Feature","properties":{},"geometry":{"type":"LineString","coordinates":[[2.176873,11.225982],[2.155511,11.222313]]}},
{"type":"Feature","properties":{},"geometry":{"type":"LineString","coordinates":[[2.165443,11.284318],[2.173281,11.300738],[2.18412,11.351633],[2.176353,11.407756],[2.159203,11.419937],[2.123143,11.465274],[2.103253,11.473135],[2.058875,11.472578],[2.025413,11.493314]]}},
{"type":"Feature","properties":{},"geometry":{"type":"LineString","coordinates":[[2.134727,11.532995],[2.130841,11.527833],[2.129783,11.505317],[2.115918,11.469357]]}},
{"type":"Feature","properties":{},"geometry":{"type":"LineString","coordinates":[[2.025413,11.493314],[1.986207,11.493909],[1.961188,11.515917],[1.955634,11.531738],[1.948427,11.537131],[1.915413,11.547432],[1.892926,11.568192],[1.848033,11.587193],[1.832386,11.587963],[1.827652,11.607954]]}},
{"type":"Feature","properties":{},"geometry":{"type":"LineString","coordinates":[[1.832386,11.587963],[1.778869,11.595246],[1.736516,11.611321],[1.722148,11.609644],[1.710707,11.614959],[1.69425,11.607799],[1.648998,11.610091],[1.61213,11.584073],[1.567771,11.578021],[1.513876,11.576916],[1.468919,11.565011],[1.447844,11.554062],[1.418187,11.528476],[1.418304,11.507637],[1.399857,11.481277],[1.390306,11.451632],[1.394717,11.418729],[1.404989,11.395027],[1.428762,11.373898],[1.431337,11.366408],[1.425097,11.348869],[1.448429,11.330236],[1.448495,11.31815],[1.439284,11.303096],[1.433167,11.263049],[1.451666,11.198956],[1.48482,11.155776],[1.503883,11.142533],[1.490473,11.123709],[1.4475,11.108901],[1.424847,11.083358],[1.381841,11.076461],[1.348485,11.080031],[1.318537,11.077783],[1.30965,11.082317]]}},
{"type":"Feature","properties":{},"geometry":{"type":"LineString","coordinates":[[1.368651,10.943011],[1.384582,10.944944],[1.410546,10.973019],[1.417678,11.003708],[1.428543,11.023355],[1.458071,11.054491],[1.455158,11.061516],[1.424847,11.083358]]}},
{"type":"Feature","properties":{},"geometry":{"type":"LineString","coordinates":[[1.456158,11.052467],[1.458684,11.044861],[1.482342,11.039237],[1.587289,11.074019],[1.631004,11.111737],[1.653452,11.125456],[1.656509,11.133806],[1.671376,11.144433],[1.70358,11.148464],[1.763954,11.144384],[1.764848,11.135105],[1.756992,11.129515],[1.755333,11.12256],[1.74264,11.129455],[1.691977,11.131462],[1.675676,11.126944],[1.670372,11.117472],[1.652288,11.103218],[1.640485,11.099831],[1.608143,11.066891],[1.600333,11.052682],[1.551355,11.029664],[1.520455,11.021177],[1.439559,10.972977],[1.427482,10.969858],[1.410646,10.975404]]}},
{"type":"Feature","properties":{},"geometry":{"type":"LineString","coordinates":[[1.565702,10.912738],[1.52304,10.925457],[1.488886,10.923205],[1.43698,10.928364],[1.422554,10.944546],[1.394915,10.956495]]}},
{"type":"Feature","properties":{},"geometry":{"type":"LineString","coordinates":[[1.565702,10.912738],[1.56996,10.904421],[1.566638,10.893567],[1.526615,10.884624],[1.506005,10.873686],[1.503115,10.861167],[1.509071,10.850775],[1.53191,10.836712],[1.561466,10.828514],[1.565717,10.821447],[1.560267,10.814753],[1.531645,10.804614],[1.485702,10.801891],[1.476026,10.797675],[1.471464,10.782647],[1.447912,10.771692],[1.432601,10.757026],[1.363011,10.763753],[1.344426,10.77074],[1.317107,10.756004],[1.270754,10.753666],[1.241325,10.74058],[1.214476,10.719171],[1.196114,10.724067],[1.132043,10.72619],[1.096128,10.740974],[1.076097,10.742935],[1.051985,10.756954],[1.019067,10.76383],[0.963296,10.753051],[0.940912,10.729151],[0.929032,10.727495],[0.907162,10.734759],[0.883033,10.750431],[0.850048,10.796457],[0.835668,10.803441],[0.809449,10.840665]]}},
{"type":"Feature","properties":{},"geometry":{"type":"LineString","coordinates":[[1.645485,10.617699],[1.618301,10.616176],[1.55963,10.637589],[1.53251,10.669144],[1.511813,10.678633],[1.487209,10.711028],[1.45172,10.727527],[1.440282,10.738725],[1.432601,10.757026]]}},
{"type":"Feature","properties":{},"geometry":{"type":"LineString","coordinates":[[1.636201,10.617179],[1.621993,10.591597],[1.60889,10.60071]]}},
{"type":"Feature","properties":{},"geometry":{"type":"LineString","coordinates":[[1.621993,10.591597],[1.615736,10.577396],[1.625148,10.545339],[1.622312,10.519897]]}},
{"type":"Feature","properties":{},"geometry":{"type":"LineString","coordinates":[[1.616413,10.574637],[1.59605,10.551881],[1.580091,10.540971],[1.54477,10.527055],[1.417318,10.532696],[1.36835,10.552872],[1.345604,10.552753],[1.32156,10.558879],[1.308458,10.566729],[1.229436,10.536702],[1.204627,10.529477],[1.187359,10.529379],[1.182342,10.523099],[1.169279,10.524274],[1.143301,10.512777]]}},
{"type":"Feature","properties":{},"geometry":{"type":"LineString","coordinates":[[1.645485,10.617699],[1.713903,10.653961],[1.734054,10.672942],[1.757635,10.678317],[1.801747,10.679323],[1.817455,10.686609],[1.847671,10.684499],[1.872946,10.68876],[1.939892,10.670094],[1.962982,10.655996],[1.983541,10.649716],[2.034651,10.650945],[2.088155,10.659165],[2.106988,10.657274],[2.119361,10.653974],[2.171148,10.62354],[2.202775,10.616673],[2.20354,10.646694],[2.182944,10.67805],[2.136518,10.820866]]}},
{"type":"Feature","properties":{},"geometry":{"type":"LineString","coordinates":[[3.437184,10.997265],[3.424048,10.985085],[3.357356,10.971411],[3.304193,10.978558],[3.283082,10.966068],[3.208185,10.97155],[3.162183,10.962821],[3.165354,10.974495],[3.159454,10.987424],[3.159463,11.005353],[3.189857,11.016594],[3.206317,11.016582],[3.231647,11.025321],[3.235502,11.051276]]}},
{"type":"Feature","properties":{},"geometry":{"type":"LineString","coordinates":[[3.159463,11.005353],[3.073367,11.001634],[2.97208,10.987047],[2.941694,10.994131],[2.900336,10.994537],[2.894849,10.997455],[2.894425,11.003709],[2.899827,11.021426]]}},
{"type":"Feature","properties":{},"geometry":{"type":"LineString","coordinates":[[2.969347,10.894897],[2.950782,10.910322],[2.949093,10.918661],[2.961322,10.967031],[2.971027,10.975372],[2.97208,10.987047]]}},
{"type":"Feature","properties":{},"geometry":{"type":"LineString","coordinates":[[2.961322,10.967031],[2.931367,10.942425],[2.909013,10.911564],[2.897203,10.902387],[2.879499,10.864019],[2.857576,10.837741],[2.855458,10.85692]]}},
{"type":"Feature","properties":{},"geometry":{"type":"LineString","coordinates":[[2.877572,11.020071],[2.876276,11.007037],[2.880501,10.996199],[2.875862,10.986189],[2.841687,10.971996],[2.774175,10.964449],[2.760683,10.950679],[2.755598,10.952435]]}},
{"type":"Feature","properties":{},"geometry":{"type":"LineString","coordinates":[[2.981837,10.744061],[2.956077,10.759379],[2.927825,10.754787],[2.894933,10.75728],[2.879755,10.750186],[2.861198,10.756433],[2.862851,10.831489],[2.852722,10.843159],[2.773837,10.853119],[2.745986,10.866023],[2.690303,10.867223],[2.678901,10.878469],[2.651708,10.864679],[2.641467,10.849941]]}},
{"type":"Feature","properties":{},"geometry":{"type":"LineString","coordinates":[[2.745986,10.866023],[2.760665,10.950685]]}},
{"type":"Feature","properties":{},"geometry":{"type":"LineString","coordinates":[[2.960761,10.689853],[2.85576,10.665113],[2.82498,10.67594],[2.814433,10.688025],[2.799673,10.694688],[2.744009,10.710492],[2.729243,10.720903],[2.719531,10.735906],[2.679456,10.75338],[2.659182,10.782963],[2.653702,10.780872]]}},
{"type":"Feature","properties":{},"geometry":{"type":"LineString","coordinates":[[2.659182,10.782963],[2.664209,10.813407],[2.675568,10.840105],[2.648043,10.859535]]}},
{"type":"Feature","properties":{},"geometry":{"type":"LineString","coordinates":[[2.641467,10.849941],[2.622049,10.800432],[2.626281,10.788345],[2.613228,10.772485],[2.596375,10.761622],[2.560814,10.711955],[2.507314,10.684356],[2.495916,10.693511],[2.471582,10.661427],[2.460145,10.631016],[2.45055,10.618892],[2.402542,10.582359],[2.388312,10.548173],[2.386851,10.529267],[2.369967,10.497731],[2.368597,10.480772],[2.382387,10.466622],[2.386254,10.499987]]}},
{"type":"Feature","properties":{},"geometry":{"type":"LineString","coordinates":[[2.368597,10.480772],[2.334494,10.504052],[2.306697,10.499406],[2.296998,10.503554],[2.271666,10.526429],[2.247145,10.560561],[2.228912,10.605965],[2.202775,10.616673]]}},
{"type":"Feature","properties":{},"geometry":{"type":"LineString","coordinates":[[2.202775,10.616673],[2.19989,10.583794],[2.17215,10.556622],[2.16715,10.535762],[2.145728,10.511522],[2.151305,10.474847],[2.143352,10.45648],[2.145921,10.44106],[2.132893,10.430602],[2.1321,10.412671],[2.119481,10.4068],[2.113613,10.396777],[2.095943,10.390474],[2.091336,10.381705],[2.077455,10.376245],[2.069699,10.36455],[2.065603,10.325346],[2.075854,10.275343],[2.088159,10.241607],[2.105446,10.231647],[2.114774,10.207074],[2.132891,10.200452],[2.148566,10.162134],[2.164165,10.151333],[2.172208,10.133008],[2.182326,10.125528],[2.231591,10.112305],[2.245939,10.094409],[2.253505,10.097761],[2.260666,10.094441],[2.267836,10.086952],[2.274187,10.069037],[2.304963,10.039916],[2.302117,10.021195]]}},
{"type":"Feature","properties":{},"geometry":{"type":"LineString","coordinates":[[2.302117,10.021195],[2.331274,10.031631],[2.380012,10.064249],[2.394278,10.085124],[2.43696,10.219881],[2.428871,10.270737],[2.41624,10.271132],[2.393951,10.258581],[2.370804,10.254785],[2.317428,10.27886],[2.282342,10.279618],[2.253692,10.288727],[2.209629,10.287511],[2.143328,10.310412],[2.066791,10.330107]]}},
{"type":"Feature","properties":{},"geometry":{"type":"LineString","coordinates":[[2.068367,10.309968],[2.049249,10.303201],[2.017684,10.299771],[1.989039,10.304686],[1.926748,10.299482],[1.918736,10.303207],[1.905202,10.32109],[1.883915,10.328521],[1.847688,10.333397],[1.764968,10.330589],[1.733555,10.32477],[1.703587,10.309365],[1.675794,10.311476],[1.639348,10.302431],[1.631751,10.307123]]}},
{"type":"Feature","properties":{},"geometry":{"type":"LineString","coordinates":[[1.639348,10.302431],[1.632698,10.282671],[1.619534,10.276779],[1.61872,10.270384],[1.640206,10.232956],[1.64712,10.190463],[1.656978,10.181054],[1.661739,10.183019]]}},
{"type":"Feature","properties":{},"geometry":{"type":"LineString","coordinates":[[1.661739,10.183019],[1.669186,10.146086],[1.661932,10.136607],[1.657127,10.077947],[1.642382,10.049538],[1.634907,10.02644],[1.635526,10.012547],[1.592883,9.953173],[1.591921,9.915928],[1.581769,9.897543],[1.579901,9.87558],[1.587378,9.863938],[1.574207,9.863605],[1.570041,9.854972],[1.589109,9.852273],[1.624392,9.859089],[1.68857,9.859344],[1.704003,9.854402],[1.721371,9.856691],[1.7329,9.846451],[1.743657,9.818142],[1.774039,9.78629],[1.784244,9.754086],[1.803254,9.737576]]}},
{"type":"Feature","properties":{},"geometry":{"type":"LineString","coordinates":[[1.570041,9.854972],[1.536019,9.848712],[1.514987,9.851955],[1.483002,9.860428],[1.438627,9.881068],[1.390952,9.887791],[1.406871,9.899261],[1.408246,9.904824],[1.409832,9.924562],[1.396514,9.954234],[1.398074,9.979252],[1.411418,10.00238],[1.409115,10.014597],[1.417105,10.043536],[1.404382,10.06515],[1.381373,10.068374]]}},
{"type":"Feature","properties":{},"geometry":{"type":"LineString","coordinates":[[1.662899,10.13985],[1.608672,10.128882],[1.576426,10.126799],[1.535535,10.113835],[1.511134,10.114004],[1.495757,10.103652],[1.465488,10.099622],[1.434195,10.075575],[1.417693,10.066882],[1.404382,10.06515]]}},
{"type":"Feature","properties":{},"geometry":{"type":"LineString","coordinates":[[1.404382,10.06515],[1.395464,10.082336],[1.392276,10.103163],[1.377278,10.130045],[1.374656,10.149484],[1.379954,10.155623],[1.368382,10.170016],[1.365285,10.199735],[1.346093,10.222424],[1.349132,10.258564],[1.342163,10.270922]]}},
{"type":"Feature","properties":{},"geometry":{"type":"LineString","coordinates":[[1.349008,10.244129],[1.359856,10.246391]]}},
{"type":"Feature","properties":{},"geometry":{"type":"LineString","coordinates":[[1.390952,9.887791],[1.386729,9.882213],[1.379632,9.881622],[1.381092,9.888855]]}},
{"type":"Feature","properties":{},"geometry":{"type":"LineString","coordinates":[[1.379632,9.881622],[1.366006,9.879148],[1.330374,9.831919],[1.308977,9.833665],[1.289284,9.848942]]}},
{"type":"Feature","properties":{},"geometry":{"type":"LineString","coordinates":[[1.489292,9.603948],[1.510727,9.601122],[1.511967,9.605713],[1.467623,9.658877],[1.459025,9.701776],[1.467816,9.708901],[1.488841,9.705243],[1.500588,9.709046],[1.508958,9.716587],[1.510971,9.736605],[1.532352,9.747953],[1.533954,9.765885],[1.509032,9.79454],[1.470211,9.82855],[1.444492,9.845524],[1.406165,9.861602],[1.39309,9.87071],[1.386729,9.882213]]}},
{"type":"Feature","properties":{},"geometry":{"type":"LineString","coordinates":[[1.502748,9.600671],[1.518349,9.586982],[1.53367,9.580981],[1.561625,9.583829],[1.574184,9.593885],[1.5821,9.609343],[1.582719,9.662289],[1.604008,9.695726],[1.605618,9.712826],[1.623833,9.728324],[1.623696,9.761674],[1.650048,9.792629],[1.658775,9.817261],[1.659992,9.828104],[1.643178,9.856941]]}},
{"type":"Feature","properties":{},"geometry":{"type":"LineString","coordinates":[[0.944709,9.779646],[0.919344,9.791473],[0.893277,9.794369],[0.871771,9.784789],[0.857696,9.795813],[0.845374,9.795457],[0.811682,9.808021],[0.80161,9.806289],[0.774964,9.811949],[0.750382,9.802064],[0.698531,9.848105],[0.694241,9.860854],[0.683143,9.8655],[0.659013,9.871167],[0.638876,9.86686],[0.605104,9.888844],[0.580761,9.885058],[0.561968,9.888534],[0.509011,9.909254],[0.472441,9.899935]]}},
{"type":"Feature","properties":{},"geometry":{"type":"LineString","coordinates":[[0.470048,9.895157],[0.446551,9.912951],[0.407783,9.927373],[0.397627,9.936459],[0.389224,9.936394],[0.362649,9.966734],[0.302235,10.00624],[0.255995,10.049596]]}},
{"type":"Feature","properties":{},"geometry":{"type":"LineString","coordinates":[[0.346946,9.876472],[0.349587,9.901646],[0.340976,9.962118],[0.34398,9.978408]]}},
{"type":"Feature","properties":{},"geometry":{"type":"LineString","coordinates":[[0.247191,9.698401],[0.275683,9.708746],[0.294886,9.722507],[0.316832,9.778499],[0.321044,9.811857],[0.326025,9.819118],[0.321454,9.830467],[0.332229,9.834288]]}},
{"type":"Feature","properties":{},"geometry":{"type":"LineString","coordinates":[[0.159296,10.11766],[0.127533,10.132606],[0.101436,10.159864],[0.081913,10.157192],[0.071161,10.160845],[0.062237,10.171385],[0.045196,10.173105],[0.031209,10.185472],[-0.003586,10.197648],[-0.000545,10.209545],[-0.006325,10.220736],[-0.007132,10.239469],[-0.011666,10.258287],[-0.019339,10.263092],[-0.006944,10.28632],[-0.005165,10.298205],[0.031336,10.318532],[0.093478,10.375322],[0.17166,10.382269],[0.185617,10.374061],[0.228952,10.370113]]}},
{"type":"Feature","properties":{},"geometry":{"type":"LineString","coordinates":[[-0.019339,10.263092],[-0.03187,10.265474],[-0.051794,10.282361],[-0.06078,10.298516],[-0.07983,10.311661],[-0.087153,10.329496],[-0.09003,10.365697],[-0.08378,10.414477],[-0.095424,10.443514],[-0.09227,10.464781],[-0.120572,10.518221],[-0.125902,10.546066],[-0.124956,10.577306],[-0.112854,10.629059],[-0.109567,10.637003],[-0.099107,10.643353],[-0.094738,10.669213],[-0.078897,10.684776],[-0.069803,10.701523],[-0.065638,10.747786],[-0.047888,10.783357],[-0.049238,10.813842]]}},
{"type":"Feature","properties":{},"geometry":{"type":"LineString","coordinates":[[0.604801,10.854349],[0.597024,10.863822],[0.595504,10.895681],[0.589647,10.916259],[0.615192,10.963955],[0.613656,10.997689],[0.626655,11.033205],[0.64604,11.035023],[0.679439,11.024864],[0.706358,11.034236],[0.727451,11.033562],[0.743011,11.039512],[0.762016,11.036319],[0.778581,11.048941],[0.820729,11.053414],[0.834658,11.083774]]}},
{"type":"Feature","properties":{},"geometry":{"type":"LineString","coordinates":[[0.626655,11.033205],[0.608039,11.046345],[0.59099,11.068244],[0.568757,11.081953],[0.561047,11.096148],[0.543762,11.111838],[0.517218,11.158002]]}},
{"type":"Feature","properties":{},"geometry":{"type":"LineString","coordinates":[[0.83803,11.087575],[0.81973,11.102854],[0.804495,11.109132],[0.795135,11.119619],[0.777693,11.120047],[0.761817,11.136317],[0.731327,11.15081],[0.719682,11.165167],[0.698214,11.176391],[0.669593,11.202557],[0.64195,11.211505],[0.637847,11.231749]]}},
{"type":"Feature","properties":{},"geometry":{"type":"LineString","coordinates":[[0.607875,11.338859],[0.59597,11.323764],[0.584593,11.321171],[0.550413,11.31964],[0.537691,11.326408]]}},
{"type":"Feature","properties":{},"geometry":{"type":"LineString","coordinates":[[0.607875,11.338859],[0.639898,11.363697],[0.653928,11.369087],[0.70515,11.370324],[0.721974,11.383629],[0.715585,11.403181],[0.721692,11.43429]]}},
{"type":"Feature","properties":{},"geometry":{"type":"LineString","coordinates":[[0.404082,11.507557],[0.391551,11.516838],[0.396156,11.536596],[0.405868,11.552235],[0.409187,11.589477],[0.41592,11.592314]]}},
{"type":"Feature","properties":{},"geometry":{"type":"LineString","coordinates":[[0.567234,11.568542],[0.574148,11.568689],[0.576904,11.575656],[0.58342,11.636812],[0.580841,11.64179],[0.608996,11.660634],[0.616444,11.679305],[0.617787,11.687093],[0.614694,11.686234]]}},
{"type":"Feature","properties":{},"geometry":{"type":"LineString","coordinates":[[0.730798,10.46051],[0.731929,10.490574],[0.722097,10.510921],[0.721861,10.543002],[0.702573,10.588696],[0.682149,10.616463],[0.682139,10.673544],[0.676844,10.705171]]}},
{"type":"Feature","properties":{},"geometry":{"type":"LineString","coordinates":[[0.730798,10.46051],[0.740657,10.448135],[0.792047,10.443495],[0.800814,10.453973],[0.836654,10.445884],[0.850058,10.455559],[0.875144,10.45031],[0.905833,10.456763],[0.917594,10.461008],[0.926964,10.476487],[0.958916,10.483779],[0.96638,10.501329],[0.98454,10.49311],[1.014789,10.495042],[1.028853,10.49964],[1.043478,10.51765],[1.074098,10.537425],[1.111099,10.54765],[1.124579,10.547314],[1.131781,10.540272],[1.131899,10.520684],[1.142444,10.515273]]}},
{"type":"Feature","properties":{},"geometry":{"type":"LineString","coordinates":[[1.124579,10.547314],[1.128261,10.565257],[1.097077,10.567571],[1.089457,10.573776],[1.057388,10.582749],[1.04426,10.59392],[1.021064,10.598359],[1.012175,10.604971],[1.007045,10.616608],[0.975766,10.63266],[0.964304,10.645922],[0.957849,10.666299],[0.93556,10.691573],[0.927391,10.725851]]}},
{"type":"Feature","properties":{},"geometry":{"type":"LineString","coordinates":[[2.065603,10.325346],[2.053213,10.325796],[2.012733,10.345062],[1.963419,10.359916],[1.947012,10.355485],[1.904651,10.367851],[1.865489,10.36834],[1.837034,10.376994],[1.816818,10.378171],[1.767561,10.375484],[1.750165,10.382296],[1.715352,10.400292],[1.699489,10.417738],[1.698748,10.443998],[1.665551,10.451365],[1.636393,10.473753],[1.622312,10.519897],[1.623973,10.525324]]}},
{"type":"Feature","properties":{},"geometry":{"type":"LineString","coordinates":[[2.425095,10.082522],[2.426987,10.116142],[2.432932,10.139132],[2.445057,10.15787],[2.464006,10.235366],[2.454803,10.255921],[2.456623,10.286316],[2.435565,10.342154],[2.434127,10.361332],[2.396116,10.418525],[2.382387,10.466622]]}},
{"type":"Feature","properties":{},"geometry":{"type":"LineString","coordinates":[[2.588858,10.201241],[2.653585,10.255105],[2.676734,10.261383],[2.691021,10.289335],[2.70492,10.284345]]}},
{"type":"Feature","properties":{},"geometry":{"type":"LineString","coordinates":[[2.697335,10.289143],[2.716473,10.313127],[2.743406,10.333163],[2.753502,10.346932],[2.786334,10.369889],[2.821913,10.385756],[2.822014,10.397087]]}},
{"type":"Feature","properties":{},"geometry":{"type":"LineString","coordinates":[[2.115506,11.0485],[2.102369,11.061534],[2.076998,11.076467],[2.023104,11.10006],[1.987679,11.090563],[1.913573,11.098434],[1.835707,11.095643],[1.816035,11.106822],[1.800135,11.124268],[1.785544,11.131087],[1.756992,11.129515]]}},
{"type":"Feature","properties":{},"geometry":{"type":"LineString","coordinates":[[6.479326,9.506199],[6.477041,9.486627],[6.453992,9.459382]]}},
{"type":"Feature","properties":{},"geometry":{"type":"LineString","coordinates":[[6.430424,9.444253],[6.421907,9.46594],[6.402148,9.46072],[6.375916,9.429266]]}},
{"type":"Feature","properties":{},"geometry":{"type":"LineString","coordinates":[[6.7013,9.529368],[6.731815,9.552252],[6.744569,9.568344],[6.763977,9.61724],[6.784204,9.626173],[6.915214,9.660493],[6.969146,9.682757],[7.037497,9.70068],[7.089855,9.696314],[7.132969,9.704808]]}},
{"type":"Feature","properties":{},"geometry":{"type":"LineString","coordinates":[[6.679562,9.758068],[6.725307,9.779755],[6.742525,9.78123],[6.760265,9.791854],[6.781687,9.792309],[6.818521,9.823244],[6.829872,9.825196],[6.841748,9.836297],[6.90083,9.865577],[6.990966,9.871704],[7.031057,9.861963],[7.134322,9.884421],[7.166405,9.883817]]}},
{"type":"Feature","properties":{},"geometry":{"type":"LineString","coordinates":[[5.444975,9.052818],[5.405309,9.043722],[5.37324,9.043306],[5.331031,9.030452],[5.30387,9.010622],[5.277611,9.012817],[5.229897,9.046082],[5.195526,9.081294],[5.184824,9.079483],[5.194071,9.048799],[5.214577,9.00867],[5.214406,8.980542],[5.239834,8.923508],[5.237209,8.905396],[5.220747,8.885492],[5.214248,8.849902],[5.202843,8.834342],[5.219575,8.794863],[5.245229,8.798341],[5.300173,8.821881],[5.321081,8.849255],[5.357099,8.864555],[5.365531,8.877519],[5.41161,8.897779],[5.424124,8.910476],[5.448832,8.908647],[5.459013,8.927329],[5.469543,8.935592],[5.509372,8.939075],[5.538159,8.951475],[5.546658,8.9684],[5.56439,8.987442],[5.584326,8.991885],[5.607054,9.00589],[5.621729,9.007035],[5.656691,9.031779],[5.672915,9.072487],[5.683186,9.072828]]}},
{"type":"Feature","properties":{},"geometry":{"type":"LineString","coordinates":[[5.672915,9.072487],[5.647933,9.085305],[5.626072,9.076298],[5.616035,9.079147],[5.603712,9.075347],[5.589672,9.065726],[5.543943,9.079379],[5.526883,9.077275],[5.487489,9.097988]]}},
{"type":"Feature","properties":{},"geometry":{"type":"LineString","coordinates":[[5.683186,9.072828],[5.731052,9.066225],[5.765849,9.068046],[5.797238,9.062808],[5.808926,9.056888],[5.837114,9.071248],[5.843484,9.082028],[5.881008,9.110474],[5.88154,9.12463],[5.893841,9.142859],[5.894399,9.159931],[5.89863,9.164895],[5.895409,9.181165],[5.903198,9.21109],[5.895417,9.233644],[5.886655,9.238712],[5.874397,9.28429],[5.856979,9.301636],[5.830954,9.35016],[5.834485,9.371791],[5.817142,9.38245],[5.809701,9.398175]]}},
{"type":"Feature","properties":{},"geometry":{"type":"LineString","coordinates":[[5.219575,8.794863],[5.206324,8.770146],[5.188687,8.762748],[5.169276,8.738272],[5.152036,8.726702],[5.14482,8.710073],[5.132653,8.70639],[5.121695,8.694366],[5.106164,8.688201],[5.093079,8.669936],[5.070807,8.656304],[5.062374,8.645931],[5.042236,8.63937],[5.030858,8.626094],[5.014934,8.624094],[4.997894,8.609179],[4.97023,8.604321],[4.940372,8.579882],[4.931149,8.577844],[4.902329,8.550478],[4.885147,8.547645],[4.868321,8.531887],[4.842134,8.528261],[4.820258,8.506689],[4.77225,8.492322],[4.736845,8.469972],[4.725901,8.470546]]}},
{"type":"Feature","properties":{},"geometry":{"type":"LineString","coordinates":[[6.227805,7.040593],[6.134196,7.062343],[6.087908,7.060153],[6.026614,7.045572],[6.014432,7.038329]]}},
{"type":"Feature","properties":{},"geometry":{"type":"LineString","coordinates":[[6.070339,6.906621],[6.068022,6.88724],[6.085178,6.833405],[6.088612,6.784032],[6.094153,6.770878],[6.088358,6.744053],[6.071895,6.709798],[6.041782,6.690619],[6.016019,6.653058],[5.997666,6.642455]]}},
{"type":"Feature","properties":{},"geometry":{"type":"LineString","coordinates":[[6.487331,6.966796],[6.461365,6.961362],[6.439369,6.944662],[6.391205,6.938764],[6.37988,6.928227],[6.357729,6.889039],[6.320044,6.861822],[6.298617,6.835738],[6.263064,6.804224]]}},
{"type":"Feature","properties":{},"geometry":{"type":"LineString","coordinates":[[6.737354,6.623412],[6.701345,6.680475],[6.697043,6.693933]]}},
{"type":"Feature","properties":{},"geometry":{"type":"LineString","coordinates":[[6.596497,6.428063],[6.613451,6.442305],[6.627793,6.44033],[6.629169,6.450112]]}},
{"type":"Feature","properties":{},"geometry":{"type":"LineString","coordinates":[[7.146561,6.318738],[7.138329,6.297915],[7.078112,6.253458],[7.050093,6.259292],[7.00781,6.275843],[6.969208,6.309381],[6.945694,6.310019],[6.912316,6.350842],[6.906684,6.374779]]}},
{"type":"Feature","properties":{},"geometry":{"type":"LineString","coordinates":[[7.194596,6.158947],[7.185299,6.165883],[7.174873,6.187804],[7.151392,6.21482],[7.088606,6.239647],[7.078436,6.253722]]}},
{"type":"Feature","properties":{},"geometry":{"type":"LineString","coordinates":[[7.579813,6.156502],[7.575346,6.174937],[7.558586,6.20668],[7.539204,6.223478],[7.522433,6.227314],[7.486717,6.207711],[7.470493,6.205353],[7.457127,6.19715],[7.443479,6.20475]]}},
{"type":"Feature","properties":{},"geometry":{"type":"LineString","coordinates":[[7.457127,6.19715],[7.41911,6.172517],[7.39742,6.148993],[7.386552,6.154489],[7.357484,6.156807],[7.258456,6.14097],[7.218252,6.1546],[7.200366,6.152661],[7.194596,6.158947]]}},
{"type":"Feature","properties":{},"geometry":{"type":"LineString","coordinates":[[7.603772,6.099025],[7.581768,6.156027]]}},
{"type":"Feature","properties":{},"geometry":{"type":"LineString","coordinates":[[7.689871,6.113662],[7.705041,6.124131]]}},
{"type":"Feature","properties":{},"geometry":{"type":"LineString","coordinates":[[7.764653,6.371172],[7.723803,6.362285],[7.596727,6.308278],[7.547811,6.257983],[7.524667,6.226804]]}},
{"type":"Feature","properties":{},"geometry":{"type":"LineString","coordinates":[[7.636823,6.33148],[7.628409,6.350955],[7.624211,6.377046],[7.623569,6.398116],[7.63513,6.42046],[7.630647,6.445367]]}},
{"type":"Feature","properties":{},"geometry":{"type":"LineString","coordinates":[[7.861044,6.077021],[7.877921,6.099517],[7.881491,6.126913],[7.901636,6.150416],[7.913548,6.181474],[7.926609,6.201715],[7.95875,6.219698],[7.970163,6.241198],[7.992418,6.267164],[8.038571,6.295845]]}},
{"type":"Feature","properties":{},"geometry":{"type":"LineString","coordinates":[[7.823271,6.448011],[7.788271,6.444056],[7.755121,6.453927],[7.711092,6.455999],[7.662201,6.472248],[7.596337,6.47368],[7.581854,6.480879],[7.552366,6.48364],[7.53538,6.490029],[7.54503,6.499921],[7.544363,6.518221],[7.532752,6.567389],[7.536274,6.588977],[7.521307,6.680172],[7.526527,6.705071],[7.517433,6.755882],[7.544037,6.798667],[7.544161,6.811763],[7.557428,6.8291],[7.561973,6.847766],[7.507712,6.850774],[7.496352,6.859706]]}},
{"type":"Feature","properties":{},"geometry":{"type":"LineString","coordinates":[[7.988069,6.647347],[7.903104,6.682954],[7.834093,6.702963],[7.806793,6.716948],[7.733733,6.771282],[7.626481,6.840289],[7.595869,6.836217],[7.590373,6.848742],[7.561973,6.847766]]}},
{"type":"Feature","properties":{},"geometry":{"type":"LineString","coordinates":[[8.192223,6.601395],[8.174446,6.61163],[8.148049,6.649915],[8.135632,6.654406],[8.085797,6.656792],[8.060048,6.637738],[8.045791,6.645362],[8.013948,6.640077],[7.988069,6.647347]]}},
{"type":"Feature","properties":{},"geometry":{"type":"LineString","coordinates":[[7.178971,6.829247],[7.185398,6.849639],[7.179814,6.960129],[7.119674,7.044899],[7.099551,7.100301],[7.087486,7.113513],[7.084799,7.127577],[7.066323,7.157694],[7.04248,7.216878],[7.016297,7.252873]]}},
{"type":"Feature","properties":{},"geometry":{"type":"LineString","coordinates":[[7.030491,7.609409],[7.007201,7.616917],[6.965216,7.64258],[6.924955,7.65231],[6.830539,7.693422],[6.798203,7.716183],[6.789854,7.731369],[6.760275,7.743986],[6.728539,7.764866],[6.694225,7.777652],[6.6673,7.776637],[6.64658,7.769324],[6.611639,7.782734],[6.59955,7.774028],[6.596376,7.754767],[6.567398,7.733158],[6.541788,7.702151],[6.515334,7.682388],[6.42737,7.641259],[6.389046,7.583483],[6.331729,7.536461],[6.303863,7.492953],[6.266527,7.479491],[6.216383,7.468617],[6.185112,7.471343],[6.168595,7.480831],[6.154174,7.477187],[6.142127,7.45541],[6.146281,7.423523],[6.131857,7.419252],[6.116672,7.395622],[6.092772,7.378297],[6.085815,7.367725],[6.086667,7.334889],[6.070764,7.317228],[6.041226,7.298062],[6.021634,7.268832],[5.999667,7.258357],[5.973869,7.236036],[5.973812,7.22729],[5.960444,7.210999],[5.933584,7.198185],[5.923495,7.185754],[5.899071,7.181536],[5.891528,7.175961],[5.878399,7.177293],[5.857347,7.147643]]}},
{"type":"Feature","properties":{},"geometry":{"type":"LineString","coordinates":[[6.324808,7.449077],[6.312981,7.457285],[6.313061,7.467902],[6.301099,7.4916]]}},
{"type":"Feature","properties":{},"geometry":{"type":"LineString","coordinates":[[6.605297,7.778167],[6.602589,7.785933],[6.607315,7.80171],[6.600891,7.831318],[6.600689,7.856294],[6.591322,7.88343],[6.593179,7.905059],[6.597404,7.91085],[6.595066,7.930017],[6.610756,7.95777],[6.606009,7.98778],[6.591918,7.999974],[6.549062,8.017828],[6.520723,8.024732]]}},
{"type":"Feature","properties":{},"geometry":{"type":"LineString","coordinates":[[6.616733,8.020153],[6.616553,7.999759],[6.60599,7.985699]]}},
{"type":"Feature","properties":{},"geometry":{"type":"LineString","coordinates":[[7.12042,7.845876],[7.089909,7.858886],[7.070511,7.859074],[7.019032,7.855595],[7.005984,7.852206],[6.995888,7.843565],[6.971464,7.841925],[6.952152,7.851469],[6.907823,7.863118],[6.87982,7.880855],[6.866218,7.899082],[6.756295,7.928177],[6.740716,7.936433],[6.731426,7.947753],[6.650922,7.979061],[6.606009,7.98778]]}},
{"type":"Feature","properties":{},"geometry":{"type":"LineString","coordinates":[[7.184839,7.893224],[7.207767,7.89578],[7.248895,7.879142],[7.30117,7.912296],[7.30594,7.949677],[7.30415,8.017695],[7.317221,8.069961],[7.316162,8.088063],[7.298509,8.135038],[7.311026,8.192924]]}},
{"type":"Feature","properties":{},"geometry":{"type":"LineString","coordinates":[[6.793424,8.29832],[6.813615,8.312484],[6.838784,8.322852],[6.904045,8.331577],[6.918643,8.350158],[6.938789,8.35932],[6.975905,8.373302],[7.008559,8.379836],[7.039436,8.39637],[7.070825,8.401663],[7.080328,8.411549],[7.131461,8.426985],[7.12204,8.444808],[7.059371,8.504746],[7.069598,8.52336],[7.085413,8.536922],[7.104304,8.544834],[7.130858,8.565766],[7.15531,8.566128],[7.164201,8.576639],[7.20003,8.585609],[7.207786,8.606737],[7.205192,8.655432],[7.193808,8.702975],[7.174732,8.73563]]}},
{"type":"Feature","properties":{},"geometry":{"type":"LineString","coordinates":[[7.438029,8.421335],[7.403498,8.428018],[7.377683,8.416455],[7.345703,8.413692],[7.307829,8.402771],[7.290242,8.383733],[7.258821,8.374716],[7.249167,8.351112],[7.251348,8.321142]]}},
{"type":"Feature","properties":{},"geometry":{"type":"LineString","coordinates":[[7.136646,8.433422],[7.211136,8.483789],[7.218097,8.489953],[7.219926,8.507328],[7.232749,8.511631]]}},
{"type":"Feature","properties":{},"geometry":{"type":"LineString","coordinates":[[7.34958,8.507844],[7.330441,8.47749],[7.330565,8.432574],[7.314975,8.405368]]}},
{"type":"Feature","properties":{},"geometry":{"type":"LineString","coordinates":[[7.300683,8.336206],[7.318784,8.330396],[7.326981,8.335297],[7.338432,8.355051],[7.353602,8.3637],[7.414921,8.358028],[7.438254,8.372113],[7.458081,8.408066],[7.484651,8.43084],[7.526852,8.450935],[7.553158,8.477446],[7.616629,8.494783],[7.638453,8.512607],[7.661725,8.520433],[7.725161,8.53463],[7.735296,8.543858],[7.739873,8.559389],[7.784368,8.586271],[7.803995,8.602859],[7.84177,8.61797],[7.910405,8.670079],[7.938735,8.680932],[7.979765,8.704705],[7.966423,8.714229],[7.930738,8.715941],[7.913973,8.727379],[7.903284,8.724401],[7.877803,8.740314],[7.868374,8.737942],[7.814006,8.749236],[7.779303,8.779602],[7.758665,8.782981],[7.715305,8.823431],[7.685937,8.843973]]}},
{"type":"Feature","properties":{},"geometry":{"type":"LineString","coordinates":[[7.682868,7.990952],[7.700037,8.028639],[7.720988,8.055209],[7.755042,8.078506],[7.761538,8.099006],[7.800714,8.131587],[7.809316,8.170761],[7.838522,8.205946],[7.839894,8.215903],[7.871069,8.257915],[7.876313,8.277176],[7.869714,8.300322],[7.869938,8.318397],[7.873337,8.340172],[7.884255,8.362478],[7.890536,8.414139],[7.887197,8.447218],[7.890508,8.461514],[7.897099,8.487611],[7.909073,8.493693],[7.914193,8.502356],[7.926486,8.533365],[7.929239,8.552653],[7.954647,8.580376],[7.984686,8.626733],[7.989291,8.6435],[7.986382,8.660367],[7.992596,8.703914],[7.979765,8.704705]]}},
{"type":"Feature","properties":{},"geometry":{"type":"LineString","coordinates":[[7.992596,8.703914],[8.044023,8.708842],[8.076756,8.720869],[8.11003,8.726653],[8.148992,8.781582],[8.151302,8.812706],[8.171683,8.836725],[8.183332,8.863357],[8.199255,8.881826],[8.207707,8.903515],[8.229906,8.922517],[8.236099,8.917445],[8.237165,8.904346]]}},
{"type":"Feature","properties":{},"geometry":{"type":"LineString","coordinates":[[8.407285,8.928691],[8.370216,8.921133],[8.318374,8.917887],[8.251963,8.923079],[8.236099,8.917445],[8.244528,8.937263],[8.266266,8.967481],[8.222395,8.966859],[8.207403,8.970186],[8.185079,8.986701],[8.156909,8.988966],[8.132806,9.012981],[8.12096,9.017509],[8.068992,9.088651],[8.054131,9.101945],[7.984992,9.135309],[7.948065,9.140801],[7.901316,9.162007],[7.873003,9.201662],[7.863655,9.206152],[7.841007,9.214953],[7.808733,9.204397],[7.777989,9.226005]]}},
{"type":"Feature","properties":{},"geometry":{"type":"LineString","coordinates":[[8.266266,8.967481],[8.277859,8.98912],[8.28257,9.011479],[8.308343,9.059698],[8.304861,9.106886],[8.311799,9.119627],[8.311332,9.148736],[8.293575,9.163117]]}},
{"type":"Feature","properties":{},"geometry":{"type":"LineString","coordinates":[[8.038383,9.800155],[8.018835,9.79546],[8.005156,9.805011],[7.983851,9.809065],[7.961194,9.807382]]}},
{"type":"Feature","properties":{},"geometry":{"type":"LineString","coordinates":[[8.131766,10.25046],[8.094001,10.249393],[8.072043,10.240183],[8.044773,10.239777],[8.014842,10.230269],[7.99599,10.231806],[7.967278,10.219781],[7.950123,10.222536],[7.94078,10.215199],[7.927792,10.216227],[7.915495,10.207686],[7.906256,10.206995],[7.884588,10.225407]]}},
{"type":"Feature","properties":{},"geometry":{"type":"LineString","coordinates":[[7.871173,11.13053],[7.917837,11.160579],[7.924137,11.159852],[7.945772,11.170091],[7.969644,11.163462],[7.979269,11.17265],[8.029812,11.175543],[8.043354,11.192141],[8.059998,11.241712],[8.053666,11.276718],[8.062689,11.287157],[8.112394,11.313097],[8.129194,11.334615]]}},
{"type":"Feature","properties":{},"geometry":{"type":"LineString","coordinates":[[8.132119,11.17941],[8.101294,11.184923],[8.102198,11.200486],[8.092332,11.213741],[8.053887,11.216353]]}},
{"type":"Feature","properties":{},"geometry":{"type":"LineString","coordinates":[[8.466867,11.300307],[8.398079,11.298668],[8.383031,11.303926],[8.3715,11.294792],[8.339452,11.302225],[8.334839,11.291718],[8.314511,11.284609],[8.314339,11.275269],[8.30109,11.275506],[8.285833,11.269549],[8.235967,11.269189],[8.216215,11.258945],[8.176418,11.257152],[8.158594,11.248738],[8.137118,11.247865],[8.129491,11.244882],[8.124145,11.228149],[8.092332,11.213741]]}},
{"type":"Feature","properties":{},"geometry":{"type":"LineString","coordinates":[[8.468657,11.298473],[8.475753,11.301598],[8.498092,11.281877],[8.520095,11.27773],[8.524426,11.273291],[8.548415,11.274087],[8.564944,11.280626],[8.581911,11.277193],[8.641356,11.284782],[8.657874,11.290693],[8.705598,11.279815],[8.727751,11.283744],[8.739606,11.277289],[8.754836,11.281973],[8.791615,11.276276],[8.82012,11.282563],[8.850969,11.280087],[8.863098,11.287315],[8.879237,11.305666],[8.905119,11.307016],[8.932756,11.317041],[8.943704,11.328022],[8.97028,11.332463],[9.002108,11.34675],[9.022933,11.347569],[9.029761,11.342451],[9.027595,11.329429],[9.039478,11.324829],[9.080963,11.289135],[9.080018,11.274222],[9.071552,11.261331],[9.071947,11.250123],[9.065964,11.235313],[9.065638,11.219765],[9.073214,11.190368],[9.064904,11.15445],[9.057062,11.140922],[9.055723,11.116891],[9.055321,11.097404],[9.075186,11.06299]]}},
{"type":"Feature","properties":{},"geometry":{"type":"LineString","coordinates":[[9.467916,10.998026],[9.449122,11.045059],[9.443171,11.075031],[9.428582,11.09866],[9.40178,11.125349],[9.38686,11.134063],[9.386222,11.148067],[9.363169,11.173744],[9.25178,11.265666],[9.230313,11.278248],[9.195353,11.278982],[9.18114,11.277413],[9.165782,11.266537],[9.134599,11.267185],[9.116724,11.271288],[9.080963,11.289135]]}},
{"type":"Feature","properties":{},"geometry":{"type":"LineString","coordinates":[[9.467916,10.998026],[9.469005,10.990232],[9.437927,10.97908],[9.415459,10.987639],[9.395248,10.984336],[9.383377,10.988317],[9.370488,11.003513],[9.353715,11.013816],[9.338508,11.038388],[9.323646,11.049894],[9.287399,11.062469],[9.272765,11.055311],[9.260529,11.042504],[9.248713,11.019736],[9.217169,11.016655]]}},
{"type":"Feature","properties":{},"geometry":{"type":"LineString","coordinates":[[9.395248,10.984336],[9.389332,10.972646],[9.394859,10.966311],[9.392784,10.95765],[9.382626,10.95351],[9.364386,10.953894],[9.333926,10.942092],[9.332807,10.919106]]}},
{"type":"Feature","properties":{},"geometry":{"type":"LineString","coordinates":[[9.469005,10.990232],[9.490349,10.97361],[9.52863,10.997655],[9.567878,10.980022],[9.574656,10.97366],[9.581499,10.94181],[9.597648,10.904164],[9.609605,10.904527],[9.626805,10.886129],[9.677774,10.859538],[9.706653,10.857664],[9.725099,10.867203],[9.763092,10.851452],[9.783197,10.851007],[9.789438,10.849006],[9.797281,10.83454],[9.820327,10.825331],[9.841888,10.806212],[9.886981,10.799615],[9.930327,10.799264],[9.951933,10.782626],[9.955841,10.761419],[9.981167,10.742835],[9.988827,10.720923],[9.984375,10.663881],[9.987415,10.632136],[9.979318,10.607473],[9.96258,10.589211],[9.951158,10.583875],[9.93932,10.587864],[9.927285,10.58316],[9.913595,10.589064]]}},
{"type":"Feature","properties":{},"geometry":{"type":"LineString","coordinates":[[9.240584,11.272432],[9.255206,11.278343],[9.286068,11.277689],[9.346704,11.284478],[9.407491,11.241505],[9.423804,11.238665],[9.447477,11.226959],[9.474503,11.224505],[9.481289,11.218141],[9.481654,11.20632],[9.488272,11.192497],[9.530941,11.185969],[9.591295,11.140507],[9.597809,11.122336],[9.616901,11.10389],[9.613825,11.079095],[9.624236,11.066435],[9.624627,11.05586],[9.634046,11.055031],[9.635694,11.044429],[9.650773,11.043474],[9.659338,11.03272],[9.675058,11.032372],[9.681487,11.038445],[9.715382,11.048878],[9.774584,11.051902],[9.831548,11.040053],[9.86594,11.058531],[9.903187,11.064512],[9.926559,11.042233],[10.036699,11.020429],[10.046692,11.017711],[10.043402,11.011578],[10.059034,11.008107],[10.084821,11.008746],[10.08524,11.000042],[10.097804,10.999747],[10.145121,10.981247],[10.14364,10.971969],[10.168716,10.969514],[10.217063,10.942291],[10.222457,10.931609],[10.25884,10.929502],[10.264029,10.936206],[10.262298,10.942455],[10.269999,10.9491],[10.274424,10.950234],[10.282433,10.943835],[10.331376,10.954451],[10.355675,10.971862],[10.388929,10.970431],[10.408798,10.961258],[10.422637,10.962161],[10.441216,10.951777],[10.454379,10.950833],[10.509241,10.960029],[10.525776,10.968305],[10.572207,10.967148],[10.588084,10.974195],[10.613397,10.969837],[10.647741,10.962769],[10.750909,10.911779],[10.804155,10.908559],[10.834973,10.911487],[10.839995,10.887798],[10.839229,10.858678],[10.832042,10.847702],[10.834177,10.833387],[10.821221,10.817598]]}},
{"type":"Feature","properties":{},"geometry":{"type":"LineString","coordinates":[[10.835129,10.910749],[10.870309,10.907475],[10.913496,10.880321],[11.028973,10.860571],[11.076551,10.858078],[11.117435,10.863191]]}},
{"type":"Feature","properties":{},"geometry":{"type":"LineString","coordinates":[[9.979318,10.607473],[10.05042,10.614496],[10.061992,10.626345],[10.079853,10.62501],[10.094099,10.630275],[10.097268,10.645106],[10.115171,10.64563],[10.141325,10.63665],[10.168548,10.633232],[10.193144,10.638254],[10.216165,10.656347],[10.228486,10.659786],[10.242467,10.653874],[10.271632,10.653195],[10.304248,10.639398],[10.341672,10.63014],[10.361305,10.65078],[10.371368,10.651783],[10.407163,10.627353],[10.409908,10.611153],[10.391383,10.597318],[10.388397,10.577529],[10.400546,10.561108],[10.411709,10.55588],[10.453415,10.517043],[10.479438,10.530077],[10.500548,10.521509],[10.541826,10.517423],[10.551729,10.512222],[10.563208,10.494577],[10.595676,10.489456],[10.699456,10.491907],[10.732553,10.487378],[10.76241,10.466184],[10.799865,10.460923],[10.839758,10.465518],[10.866986,10.427647],[10.887202,10.434585],[10.899471,10.449157],[10.957342,10.483659],[11.008546,10.478027],[11.025136,10.465833],[11.028579,10.441576],[11.02629,10.401353],[11.017633,10.381121],[11.014402,10.352694],[10.995253,10.31351],[10.980057,10.247597],[10.956948,10.233887],[10.949697,10.21919],[10.932658,10.213409],[10.923579,10.200614],[10.909806,10.200331],[10.896335,10.187021],[10.859331,10.183578],[10.833554,10.153202],[10.778185,10.140887],[10.744943,10.111913],[10.729858,10.109169],[10.682876,10.081126],[10.653868,10.07188],[10.644994,10.067125],[10.63718,10.054282],[10.622736,10.052135],[10.611825,10.040603],[10.602953,10.062518],[10.609807,10.08779]]}},
{"type":"Feature","properties":{},"geometry":{"type":"LineString","coordinates":[[10.611825,10.040603],[10.590376,10.020007],[10.581752,9.999114],[10.567574,9.981449],[10.536448,9.907093],[10.50261,9.877454],[10.474074,9.86072],[10.47496,9.844568],[10.467941,9.838519],[10.465744,9.824297],[10.454945,9.817091],[10.430489,9.814528],[10.400498,9.774232],[10.374585,9.762386],[10.346934,9.756781],[10.301391,9.734179],[10.298102,9.726801],[10.272629,9.706243],[10.251085,9.693666],[10.217358,9.652134],[10.217796,9.645035]]}},
{"type":"Feature","properties":{},"geometry":{"type":"LineString","coordinates":[[10.384405,9.529871],[10.364438,9.550982],[10.352847,9.573984],[10.342609,9.582478],[10.276184,9.614922],[10.235903,9.642258],[10.227672,9.641399]]}},
{"type":"Feature","properties":{},"geometry":{"type":"LineString","coordinates":[[10.3503,9.576097],[10.330398,9.557498]]}},
{"type":"Feature","properties":{},"geometry":{"type":"LineString","coordinates":[[10.384405,9.529871],[10.406504,9.482238],[10.417961,9.47248],[10.440786,9.46827],[10.46707,9.450749],[10.506944,9.445346],[10.524133,9.431328],[10.534922,9.429441],[10.561167,9.429703],[10.579393,9.434685],[10.610115,9.430296],[10.668568,9.437289],[10.709621,9.448377],[10.761694,9.449703],[10.771302,9.451143],[10.799158,9.467882],[10.814137,9.467546],[10.814252,9.454318],[10.818357,9.451746],[10.827926,9.451531],[10.894148,9.426073],[10.924304,9.434483],[10.934969,9.44581],[10.975847,9.458927],[10.972619,9.445366],[10.97707,9.439894],[11.000291,9.436471],[11.025843,9.42597],[11.050328,9.423343],[11.08417,9.429584]]}},
{"type":"Feature","properties":{},"geometry":{"type":"LineString","coordinates":[[10.01222,10.160681],[9.980541,10.203452],[9.960982,10.212256],[9.953869,10.231044],[9.9563,10.256147],[9.964926,10.263415],[10.007497,10.27637]]}},
{"type":"Feature","properties":{},"geometry":{"type":"LineString","coordinates":[[10.037949,10.021715],[10.046567,10.040871],[10.059214,10.053788]]}},
{"type":"Feature","properties":{},"geometry":{"type":"LineString","coordinates":[[10.065249,9.995545],[10.088047,10.003655],[10.123308,10.026183],[10.140768,10.050953],[10.155062,10.059956],[10.193675,10.06377],[10.205423,10.084932],[10.235791,10.098231],[10.257791,10.115437],[10.258149,10.131258],[10.238305,10.168014],[10.224412,10.218607],[10.193846,10.238843],[10.175536,10.260669],[10.137128,10.267108],[10.107927,10.264957],[10.094328,10.287611],[10.091821,10.301639],[10.080685,10.308404],[10.076257,10.320611],[10.084928,10.329734],[10.076675,10.339231],[10.041811,10.359561],[10.037129,10.37678],[10.023248,10.376863]]}},
{"type":"Feature","properties":{},"geometry":{"type":"LineString","coordinates":[[10.101454,10.013823],[10.093696,10.025682],[10.082524,10.030476],[10.084329,10.036647],[10.093223,10.042252],[10.093413,10.050941],[10.081968,10.062365],[10.081314,10.070659],[10.106133,10.154158],[10.098847,10.202337],[10.103495,10.223348],[10.116471,10.242933],[10.111314,10.265207]]}},
{"type":"Feature","properties":{},"geometry":{"type":"LineString","coordinates":[[10.224412,10.218607],[10.236634,10.230129],[10.243664,10.245284],[10.246196,10.264678],[10.281563,10.294505],[10.284726,10.304779],[10.283485,10.323428],[10.291272,10.334839],[10.298801,10.371082],[10.295873,10.388943],[10.278742,10.407127],[10.277711,10.416669],[10.288357,10.44291],[10.350567,10.474991],[10.395297,10.492566],[10.403611,10.508093],[10.399361,10.522673],[10.413636,10.554034]]}},
{"type":"Feature","properties":{},"geometry":{"type":"LineString","coordinates":[[10.465273,8.249257],[10.39973,8.291433],[10.374439,8.288181],[10.354043,8.296938],[10.340825,8.289736],[10.313108,8.307005],[10.237815,8.329803],[10.194824,8.330589],[10.149211,8.341661],[10.161231,8.385213],[10.188444,8.390303],[10.179371,8.405369],[10.182382,8.416488],[10.175352,8.440829],[10.185134,8.463929],[10.187044,8.516042],[10.207984,8.535207],[10.215005,8.560217],[10.229226,8.570192],[10.229686,8.594394],[10.234665,8.610128],[10.253743,8.62932],[10.285595,8.679919],[10.310002,8.684105],[10.324176,8.691279],[10.335066,8.721789],[10.331543,8.780506],[10.326339,8.794021]]}},
{"type":"Feature","properties":{},"geometry":{"type":"LineString","coordinates":[[10.03543,8.367617],[10.010149,8.348816],[9.998246,8.330738],[9.98162,8.322616],[9.970941,8.283054],[9.92771,8.199957],[9.924023,8.1671],[9.914439,8.153599],[9.91474,8.134959],[9.929891,8.109855],[9.932602,8.086205],[9.952661,8.05667],[9.955415,8.035506],[9.975673,8.017771],[9.976718,8.005953],[10.025874,7.965991],[10.028942,7.926816],[10.067269,7.859052],[10.08415,7.840808],[10.099849,7.848614]]}},
{"type":"Feature","properties":{},"geometry":{"type":"LineString","coordinates":[[10.025214,7.396926],[10.036149,7.459706],[10.035485,7.476484],[10.026349,7.488739],[10.046037,7.551763],[10.046691,7.591805],[10.040937,7.639405],[10.054358,7.660608],[10.051912,7.682072],[10.067639,7.729315],[10.065959,7.74052],[10.08415,7.840808]]}},
{"type":"Feature","properties":{},"geometry":{"type":"LineString","coordinates":[[10.083678,7.838172],[10.008618,7.829968],[9.902525,7.798184],[9.88533,7.775171],[9.870279,7.768893],[9.865396,7.755927],[9.799352,7.715987],[9.783206,7.699469]]}},
{"type":"Feature","properties":{},"geometry":{"type":"LineString","coordinates":[[10.025214,7.396926],[9.991998,7.441779],[9.958645,7.515906],[9.945787,7.529154],[9.937714,7.549779],[9.912959,7.578125],[9.889284,7.615773],[9.837637,7.656666],[9.814528,7.671944],[9.805189,7.672092],[9.783206,7.699469],[9.722421,7.725597],[9.68187,7.754822],[9.644606,7.762452],[9.630344,7.780077],[9.642376,7.77906]]}},
{"type":"Feature","properties":{},"geometry":{"type":"LineString","coordinates":[[9.630344,7.780077],[9.611142,7.787423],[9.593483,7.800544],[9.581865,7.801555],[9.519601,7.832361],[9.477384,7.870317]]}},
{"type":"Feature","properties":{},"geometry":{"type":"LineString","coordinates":[[8.574922,7.679937],[8.573521,7.712944],[8.580919,7.753322],[8.554686,7.799747],[8.553859,7.831516],[8.581472,7.888438],[8.587377,7.955608],[8.579572,7.978753],[8.589836,7.99854],[8.593616,8.046503],[8.602327,8.074059],[8.591777,8.114331],[8.602505,8.126913],[8.57586,8.128111],[8.556032,8.140284],[8.53785,8.141087],[8.499989,8.155166],[8.475358,8.151625],[8.461512,8.154857],[8.431699,8.189307],[8.431797,8.196503],[8.417724,8.203613],[8.400908,8.234015],[8.389604,8.240534],[8.370053,8.264051],[8.284188,8.27572],[8.272886,8.282791],[8.245431,8.287584],[8.226703,8.300845],[8.202078,8.309753],[8.196138,8.323123],[8.169435,8.332888],[8.152315,8.352497],[8.15384,8.362723]]}},
{"type":"Feature","properties":{},"geometry":{"type":"LineString","coordinates":[[8.04126,7.396465],[8.024545,7.396669],[8.014698,7.409245],[7.968801,7.436563],[7.892119,7.448015],[7.891578,7.455501],[7.907911,7.464046],[7.906739,7.470916],[7.889989,7.481076],[7.893903,7.495993],[7.890379,7.51598],[7.917446,7.534377],[7.917593,7.547465],[7.877059,7.553531],[7.869689,7.564834],[7.881635,7.571557],[7.902261,7.572571],[7.940908,7.565277],[7.985889,7.56601],[8.010762,7.556376],[8.068175,7.552596],[8.074674,7.543621]]}},
{"type":"Feature","properties":{},"geometry":{"type":"LineString","coordinates":[[7.922244,7.56916],[7.94069,7.600809],[7.958875,7.606833],[7.957805,7.622428],[7.901871,7.648001],[7.863214,7.655296],[7.819493,7.657035],[7.811476,7.666476],[7.7891,7.677325],[7.77861,7.689288]]}},
{"type":"Feature","properties":{},"geometry":{"type":"LineString","coordinates":[[7.662343,7.716759],[7.683912,7.745205],[7.703337,7.749355],[7.709664,7.756144],[7.705997,7.763667],[7.711088,7.771716],[7.741295,7.789461],[7.757999,7.829175],[7.776163,7.832087],[7.813497,7.870937],[7.842404,7.883695],[7.895957,7.918602]]}},
{"type":"Feature","properties":{},"geometry":{"type":"LineString","coordinates":[[9.000105,7.377892],[8.922658,7.413777],[8.880968,7.443272],[8.873611,7.452706],[8.857726,7.453851],[8.843984,7.475506],[8.817159,7.49827],[8.793876,7.551125]]}},
{"type":"Feature","properties":{},"geometry":{"type":"LineString","coordinates":[[10.445696,7.021697],[10.420626,7.02675],[10.409747,7.045538],[10.376571,7.068404],[10.32714,7.065465],[10.270352,7.069152],[10.256508,7.077748],[10.255737,7.088002],[10.263367,7.099054]]}},
{"type":"Feature","properties":{},"geometry":{"type":"LineString","coordinates":[[10.256185,7.082035],[10.231408,7.081865],[10.202767,7.098142],[10.188774,7.097428],[10.18123,7.091959],[10.171008,7.09398],[10.124291,7.087252],[10.12756,7.057401],[10.138515,7.042332],[10.143677,7.014315],[10.154674,7.00204],[10.159527,6.953542],[10.166979,6.953429]]}},
{"type":"Feature","properties":{},"geometry":{"type":"LineString","coordinates":[[10.110051,6.792241],[10.082009,6.786134],[10.054444,6.796244],[10.04514,6.813685],[10.042536,6.826764],[10.04577,6.843835],[10.03844,6.865014],[10.050619,6.872397],[10.080966,6.904435],[10.103538,6.918067],[10.116892,6.938356],[10.158331,6.966881]]}},
{"type":"Feature","properties":{},"geometry":{"type":"LineString","coordinates":[[10.124291,7.087252],[10.112168,7.117241],[10.099912,7.168655],[10.051293,7.220637],[10.04966,7.235566],[10.05562,7.258759],[10.043905,7.285023],[10.043514,7.319493],[10.029978,7.348582],[10.022801,7.382571]]}},
{"type":"Feature","properties":{},"geometry":{"type":"LineString","coordinates":[[10.05148,6.801801],[10.023517,6.790093],[9.993911,6.761956],[9.979267,6.737325],[9.955513,6.727108],[9.932089,6.696386],[9.892772,6.683897],[9.853807,6.652141],[9.847355,6.634836],[9.847062,6.613719],[9.832475,6.592176],[9.799071,6.557222],[9.798784,6.536102],[9.774553,6.512821],[9.738966,6.499629],[9.727562,6.483005],[9.7255,6.468119],[9.688689,6.456178],[9.672539,6.456391],[9.646237,6.440578],[9.606327,6.42929],[9.555321,6.424976],[9.539746,6.405761]]}},
{"type":"Feature","properties":{},"geometry":{"type":"LineString","coordinates":[[8.974702,6.886168],[9.068486,6.910848],[9.115817,6.912107],[9.169293,6.907682],[9.239911,6.881881],[9.280051,6.858343],[9.321113,6.857802],[9.333678,6.866963],[9.3414,6.886138],[9.362626,6.891451],[9.388081,6.887379],[9.429153,6.88807],[9.456974,6.875259],[9.486121,6.868647],[9.549493,6.86343],[9.577252,6.846888],[9.612649,6.843293],[9.648397,6.842798],[9.674128,6.85984],[9.699108,6.867569],[9.751419,6.895414],[9.791351,6.895507],[9.854922,6.873433],[9.887804,6.869232],[9.967932,6.866204],[10.01522,6.87048],[10.03844,6.865014]]}},
{"type":"Feature","properties":{},"geometry":{"type":"LineString","coordinates":[[8.885831,6.18924],[8.868922,6.179812],[8.858075,6.165363],[8.843841,6.133186],[8.814159,6.100436],[8.79428,6.085158],[8.762077,6.03718],[8.746115,5.991053],[8.751217,5.879409],[8.747399,5.866353],[8.750602,5.819315],[8.746801,5.807889]]}},
{"type":"Feature","properties":{},"geometry":{"type":"LineString","coordinates":[[8.75501,5.671937],[8.743141,5.718906],[8.744169,5.729593],[8.762139,5.758554],[8.760987,5.79029],[8.746801,5.807889]]}},
{"type":"Feature","properties":{},"geometry":{"type":"LineString","coordinates":[[8.831419,5.893904],[8.811685,5.891345],[8.789091,5.897114],[8.773956,5.894136],[8.74986,5.901682]]}},
{"type":"Feature","properties":{},"geometry":{"type":"LineString","coordinates":[[8.979836,5.514134],[8.948927,5.51283],[8.927519,5.525075],[8.904371,5.529041],[8.878414,5.542162],[8.855653,5.543633],[8.829721,5.559658],[8.805349,5.566123],[8.752411,5.592657]]}},
{"type":"Feature","properties":{},"geometry":{"type":"LineString","coordinates":[[8.845353,5.312589],[8.833384,5.32829],[8.821423,5.332967],[8.747459,5.348606],[8.672053,5.343915],[8.634395,5.346753],[8.620257,5.340657],[8.608555,5.328935]]}},
{"type":"Feature","properties":{},"geometry":{"type":"LineString","coordinates":[[8.490943,5.460232],[8.443023,5.457551],[8.387198,5.424005],[8.373853,5.418587],[8.356486,5.418465],[8.334814,5.40426],[8.3045,5.412832],[8.271928,5.416163],[8.272114,5.437482],[8.281607,5.448751],[8.274622,5.471518],[8.240209,5.501726]]}},
{"type":"Feature","properties":{},"geometry":{"type":"LineString","coordinates":[[8.468525,5.424098],[8.438252,5.44929],[8.430826,5.483407],[8.433803,5.506909]]}},
{"type":"Feature","properties":{},"geometry":{"type":"LineString","coordinates":[[8.418439,5.327914],[8.411132,5.350569],[8.391261,5.383688],[8.38737,5.412238],[8.395671,5.430753]]}},
{"type":"Feature","properties":{},"geometry":{"type":"LineString","coordinates":[[8.999581,5.29491],[9.00149,5.327653],[9.019162,5.357346],[9.023654,5.372234],[9.022653,5.396511],[9.033434,5.419425],[9.025569,5.440036],[9.02223,5.478646],[8.995683,5.493847],[8.97967,5.511897]]}},
{"type":"Feature","properties":{},"geometry":{"type":"LineString","coordinates":[[8.999581,5.29491],[9.004921,5.233041],[8.997361,5.221291],[8.998377,5.197636],[8.985132,5.175362],[8.957387,5.194915],[8.942028,5.211862],[8.892599,5.2366],[8.848658,5.251329]]}},
{"type":"Feature","properties":{},"geometry":{"type":"LineString","coordinates":[[9.004737,4.884619],[9.016313,4.923069],[9.013582,4.964159],[9.01752,4.987768],[9.01036,5.018944],[9.018092,5.049983],[9.013864,5.062467],[8.986817,5.090097],[8.981359,5.103838],[8.983349,5.117509],[9.001895,5.109868]]}},
{"type":"Feature","properties":{},"geometry":{"type":"LineString","coordinates":[[8.983349,5.117509],[8.987867,5.136134],[8.985132,5.175362]]}},
{"type":"Feature","properties":{},"geometry":{"type":"LineString","coordinates":[[9.004737,4.884619],[8.948369,4.887174],[8.92971,4.881946],[8.90246,4.887581],[8.883804,4.882766],[8.851253,4.897575],[8.823469,4.891905]]}},
{"type":"Feature","properties":{},"geometry":{"type":"LineString","coordinates":[[9.004737,4.884619],[9.009751,4.860076],[9.004502,4.827767],[9.007987,4.800773],[8.992873,4.774773],[8.99274,4.759425],[8.985618,4.748702],[8.981268,4.723849],[8.97373,4.712714],[8.971085,4.693654],[8.947308,4.668966],[8.938875,4.649539],[8.921862,4.642215],[8.908045,4.621587],[8.852907,4.604204],[8.840025,4.596426],[8.794919,4.541189],[8.782332,4.518467],[8.733838,4.504328],[8.719682,4.491989],[8.67058,4.476127],[8.626402,4.408038],[8.629169,4.335791],[8.652674,4.326898],[8.648661,4.287496],[8.654758,4.273338],[8.66672,4.269513],[8.691263,4.233637],[8.701971,4.228162],[8.714676,4.213127],[8.721187,4.198968],[8.731448,4.195613],[8.764283,4.15715],[8.80164,4.122432],[8.848163,4.041385],[8.906651,3.987437],[8.927743,4.033336],[8.959656,4.075416],[8.975873,4.089607],[9.013196,4.108615],[9.08713,4.134803],[9.103354,4.149608],[9.031962,4.213001],[8.975783,4.241439],[8.937542,4.266005],[8.871054,4.326266],[8.802641,4.379704],[8.79625,4.379869]]}},
{"type":"Feature","properties":{},"geometry":{"type":"LineString","coordinates":[[9.229046,4.060925],[9.216144,4.074708],[9.194528,4.082962],[9.179039,4.08246],[9.158708,4.096924],[9.118517,4.140416],[9.103354,4.149608]]}},
{"type":"Feature","properties":{},"geometry":{"type":"LineString","coordinates":[[8.80423,4.378084],[8.839216,4.39166],[8.853798,4.406067],[8.889795,4.410346],[8.964239,4.466998],[8.994049,4.475858],[9.017878,4.505965],[9.02891,4.540301],[9.036835,4.548945],[9.045833,4.555464],[9.049403,4.553635],[9.06807,4.576886],[9.099469,4.575374]]}},
{"type":"Feature","properties":{},"geometry":{"type":"LineString","coordinates":[[9.091233,4.577675],[9.129434,4.599586],[9.18253,4.574659]]}},
{"type":"Feature","properties":{},"geometry":{"type":"LineString","coordinates":[[9.065351,4.574607],[9.041369,4.596608],[9.011342,4.614285],[8.956038,4.625539],[8.924577,4.620826],[8.912943,4.62642]]}},
{"type":"Feature","properties":{},"geometry":{"type":"LineString","coordinates":[[8.811809,4.459582],[8.807827,4.478979],[8.81602,4.504087],[8.810558,4.510494],[8.778135,4.523757]]}},
{"type":"Feature","properties":{},"geometry":{"type":"LineString","coordinates":[[8.755052,4.665803],[8.731438,4.661016],[8.681249,4.669519],[8.639026,4.666125],[8.593781,4.673338],[8.565542,4.671105]]}},
{"type":"Feature","properties":{},"geometry":{"type":"LineString","coordinates":[[8.794957,4.919572],[8.770659,4.9229],[8.748535,4.948269],[8.727278,4.94646],[8.715899,4.938592],[8.618263,4.947931]]}},
{"type":"Feature","properties":{},"geometry":{"type":"LineString","coordinates":[[8.314407,4.899886],[8.400912,4.95951],[8.445327,4.998383],[8.474654,5.014954],[8.508292,5.027126],[8.552384,5.027373],[8.57993,5.046781]]}},
{"type":"Feature","properties":{},"geometry":{"type":"LineString","coordinates":[[8.584107,5.007378],[8.563861,5.036304]]}},
{"type":"Feature","properties":{},"geometry":{"type":"LineString","coordinates":[[8.513682,5.134271],[8.503499,5.12079],[8.466166,5.113222],[8.444143,5.104275],[8.423874,5.106938],[8.406426,5.100442],[8.360636,5.072172],[8.339749,5.067903]]}},
{"type":"Feature","properties":{},"geometry":{"type":"LineString","coordinates":[[8.528643,5.128297],[8.522869,5.158195],[8.532562,5.177623],[8.525475,5.219617],[8.546936,5.285483]]}},
{"type":"Feature","properties":{},"geometry":{"type":"LineString","coordinates":[[8.526412,5.346444],[8.530334,5.392696],[8.519712,5.450659],[8.52363,5.47496],[8.520028,5.488694],[8.513319,5.494741]]}},
{"type":"Feature","properties":{},"geometry":{"type":"LineString","coordinates":[[8.565372,5.833676],[8.598252,5.855808],[8.608487,5.884347],[8.627286,5.898686],[8.667532,5.968862]]}},
{"type":"Feature","properties":{},"geometry":{"type":"LineString","coordinates":[[7.499523,5.231353],[7.509659,5.274692],[7.510407,5.301575],[7.535344,5.345743],[7.548895,5.383063],[7.548213,5.402749],[7.557767,5.422911],[7.558806,5.450622],[7.606701,5.528417],[7.609503,5.568584],[7.599389,5.619385],[7.601964,5.630175]]}},
{"type":"Feature","properties":{},"geometry":{"type":"LineString","coordinates":[[7.698821,5.494992],[7.687034,5.508388],[7.666923,5.518523],[7.654594,5.533586],[7.609503,5.568584]]}},
{"type":"Feature","properties":{},"geometry":{"type":"LineString","coordinates":[[7.601964,5.630175],[7.609368,5.639401],[7.620833,5.672153],[7.617746,5.690907],[7.624426,5.706215],[7.624457,5.761508],[7.635624,5.824331],[7.630428,5.831857]]}},
{"type":"Feature","properties":{},"geometry":{"type":"LineString","coordinates":[[7.498531,5.395463],[7.492381,5.412764],[7.476705,5.424939],[7.464528,5.461622],[7.399702,5.449209],[7.379227,5.429812],[7.35998,5.418346]]}},
{"type":"Feature","properties":{},"geometry":{"type":"LineString","coordinates":[[7.391817,5.449267],[7.366991,5.459429],[7.348722,5.458314],[7.327184,5.464293],[7.306933,5.446402]]}},
{"type":"Feature","properties":{},"geometry":{"type":"LineString","coordinates":[[7.464386,5.461607],[7.463751,5.524418]]}},
{"type":"Feature","properties":{},"geometry":{"type":"LineString","coordinates":[[7.364426,5.562587],[7.347393,5.560634],[7.326115,5.545818],[7.299911,5.538523],[7.258959,5.508019]]}},
{"type":"Feature","properties":{},"geometry":{"type":"LineString","coordinates":[[7.049328,5.783502],[7.021471,5.798546],[7.010255,5.798625],[6.986084,5.787978],[6.923783,5.790494],[6.89696,5.799403]]}},
{"type":"Feature","properties":{},"geometry":{"type":"LineString","coordinates":[[7.124536,5.917614],[7.11447,5.904792],[7.101536,5.8974],[7.073643,5.8897],[7.059367,5.869002],[7.050035,5.842443],[7.049048,5.820816],[7.02901,5.80723],[7.022915,5.797786]]}},
{"type":"Feature","properties":{},"geometry":{"type":"LineString","coordinates":[[7.054113,5.85188],[7.024513,5.875495],[6.984636,5.87703],[6.966826,5.885063],[6.946867,5.883124],[6.919845,5.89692]]}},
{"type":"Feature","properties":{},"geometry":{"type":"LineString","coordinates":[[6.713433,5.58703],[6.685012,5.62144],[6.681499,5.639886],[6.683681,5.656521],[6.695839,5.673509],[6.691324,5.682279],[6.680125,5.685264],[6.665783,5.716989],[6.636944,5.7563],[6.633744,5.775884],[6.623826,5.784689],[6.621811,5.794692],[6.631922,5.815856],[6.632026,5.832089],[6.651285,5.853609],[6.650174,5.874428],[6.658194,5.893106],[6.670745,5.90551],[6.704488,5.916524],[6.721556,5.941226],[6.740427,5.945001],[6.755903,5.959046],[6.798758,5.964994],[6.823229,5.957334],[6.83039,5.971017],[6.848663,5.971955]]}},
{"type":"Feature","properties":{},"geometry":{"type":"LineString","coordinates":[[6.737176,6.017025],[6.720033,6.002575],[6.719937,5.988425],[6.707485,5.975503]]}},
{"type":"Feature","properties":{},"geometry":{"type":"LineString","coordinates":[[6.648942,6.018496],[6.616897,5.998272],[6.597736,5.992987],[6.563641,5.992794],[6.530303,5.981354],[6.4933,5.982007],[6.455202,5.973922],[6.444028,5.969196],[6.441394,5.960269],[6.420169,5.957488],[6.40791,5.958813],[6.374841,5.991076],[6.351195,6.000798],[6.329123,5.995936],[6.310836,5.998129],[6.300913,6.007766],[6.291492,6.031974],[6.274414,6.027913]]}},
{"type":"Feature","properties":{},"geometry":{"type":"LineString","coordinates":[[6.291377,6.031946],[6.291245,6.059874],[6.295032,6.066929],[6.315066,6.078049],[6.326715,6.078394],[6.343007,6.089535],[6.362166,6.09358],[6.376294,6.10675]]}},
{"type":"Feature","properties":{},"geometry":{"type":"LineString","coordinates":[[6.289991,6.089577],[6.279623,6.132398],[6.259538,6.181656],[6.254295,6.208755]]}},
{"type":"Feature","properties":{},"geometry":{"type":"LineString","coordinates":[[6.48102,6.268509],[6.478022,6.255623],[6.493918,6.244172],[6.490365,6.234726],[6.435675,6.205526],[6.418866,6.20413],[6.408657,6.209032],[6.405385,6.217796],[6.40097,6.242805],[6.404435,6.264017],[6.388306,6.279109]]}},
{"type":"Feature","properties":{},"geometry":{"type":"LineString","coordinates":[[6.499285,6.140433],[6.480797,6.17151],[6.452579,6.182102],[6.418866,6.20413]]}},
{"type":"Feature","properties":{},"geometry":{"type":"LineString","coordinates":[[6.579574,6.200826],[6.563587,6.173875],[6.521838,6.150424],[6.496789,6.145067]]}},
{"type":"Feature","properties":{},"geometry":{"type":"LineString","coordinates":[[6.362828,6.264285],[6.375972,6.237554],[6.373734,6.213003],[6.382354,6.194628],[6.379318,6.175079],[6.382026,6.142762]]}},
{"type":"Feature","properties":{},"geometry":{"type":"LineString","coordinates":[[6.63103,5.511234],[6.611549,5.514198],[6.59292,5.524926],[6.572957,5.5213],[6.551803,5.527047],[6.53431,5.519658],[6.521898,5.528474],[6.493858,5.529264],[6.488286,5.535542],[6.44845,5.544518],[6.445373,5.551406],[6.431672,5.553359],[6.42103,5.545302],[6.415463,5.552829],[6.404889,5.556637],[6.363765,5.559371],[6.327774,5.588306],[6.27815,5.594385]]}},
{"type":"Feature","properties":{},"geometry":{"type":"LineString","coordinates":[[6.659533,5.259066],[6.644605,5.257351],[6.627838,5.266843],[6.607414,5.28944],[6.570169,5.312135],[6.554711,5.332207],[6.537282,5.334805],[6.526151,5.349231],[6.498115,5.349392],[6.489496,5.367551],[6.460315,5.380325]]}},
{"type":"Feature","properties":{},"geometry":{"type":"LineString","coordinates":[[6.064408,5.333716],[6.039282,5.314981],[5.9874,5.293852]]}},
{"type":"Feature","properties":{},"geometry":{"type":"LineString","coordinates":[[6.120921,5.900576],[6.108533,5.915606],[6.095592,5.944415],[6.093867,5.970662],[6.086301,5.988325]]}},
{"type":"Feature","properties":{},"geometry":{"type":"LineString","coordinates":[[6.667385,5.260858],[6.669492,5.287827],[6.676642,5.303185],[6.679689,5.326892],[6.695504,5.332624],[6.721799,5.354941]]}},
{"type":"Feature","properties":{},"geometry":{"type":"LineString","coordinates":[[6.680403,5.327151],[6.671143,5.35608],[6.669661,5.386057],[6.677677,5.406821],[6.711161,5.44907],[6.725227,5.507253],[6.739578,5.534575]]}},
{"type":"Feature","properties":{},"geometry":{"type":"LineString","coordinates":[[6.403676,6.150398],[6.439593,6.134724],[6.474104,6.132836],[6.499285,6.140433]]}},
{"type":"Feature","properties":{},"geometry":{"type":"LineString","coordinates":[[6.038753,5.985063],[6.034836,5.995357],[5.992612,6.0337],[5.991422,6.044328],[5.971519,6.056932],[5.966581,6.066956],[5.968553,6.085064],[5.961729,6.092599],[5.983033,6.107476],[5.983088,6.117472],[5.92568,6.120912],[5.91636,6.129085]]}},
{"type":"Feature","properties":{},"geometry":{"type":"LineString","coordinates":[[5.865722,5.87949],[5.83602,5.863953],[5.830367,5.856483],[5.816003,5.854056],[5.795934,5.833536],[5.769097,5.832419],[5.747806,5.816901],[5.730959,5.816982],[5.711648,5.82395],[5.668513,5.807282],[5.649802,5.809245],[5.63042,5.801211],[5.603602,5.80446],[5.591084,5.796393],[5.57726,5.775207]]}},
{"type":"Feature","properties":{},"geometry":{"type":"LineString","coordinates":[[5.591084,5.796393],[5.58926,5.806869],[5.59557,5.821997],[5.620656,5.848754],[5.616545,5.867947],[5.599022,5.893853],[5.599749,5.915724],[5.590427,5.924517]]}},
{"type":"Feature","properties":{},"geometry":{"type":"LineString","coordinates":[[5.57726,5.775207],[5.531622,5.756453],[5.529465,5.738962],[5.513074,5.7007],[5.499291,5.687842],[5.489429,5.689593],[5.485797,5.684187],[5.470548,5.678382],[5.4605,5.663007],[5.448403,5.655141],[5.448774,5.644306],[5.442998,5.633303]]}},
{"type":"Feature","properties":{},"geometry":{"type":"LineString","coordinates":[[5.43244,5.619046],[5.4017,5.627417],[5.386297,5.624146]]}},
{"type":"Feature","properties":{},"geometry":{"type":"LineString","coordinates":[[7.743353,4.566546],[7.743996,4.586745],[7.721035,4.621252],[7.708385,4.634743],[7.688562,4.644228],[7.686492,4.660142],[7.658692,4.685271],[7.664617,4.710931]]}},
{"type":"Feature","properties":{},"geometry":{"type":"LineString","coordinates":[[7.688562,4.644228],[7.687045,4.626155],[7.677948,4.613121],[7.632146,4.593778],[7.577127,4.591016],[7.535161,4.613425],[7.517951,4.609481],[7.492866,4.584068],[7.488437,4.571621],[7.49453,4.551936],[7.489847,4.548534],[7.442707,4.539159],[7.414774,4.545568],[7.38004,4.532369],[7.358274,4.530941],[7.34027,4.534793],[7.329846,4.529986]]}},
{"type":"Feature","properties":{},"geometry":{"type":"LineString","coordinates":[[7.535161,4.613425],[7.5335,4.62092],[7.538239,4.633052],[7.515439,4.664072],[7.503844,4.697827],[7.494465,4.711956]]}},
{"type":"Feature","properties":{},"geometry":{"type":"LineString","coordinates":[[7.369368,4.620935],[7.330088,4.624691],[7.308868,4.611407],[7.279025,4.611588],[7.248609,4.593988],[7.234949,4.597189],[7.21906,4.591669],[7.1718,4.564491],[7.152535,4.566475],[7.151996,4.580831],[7.162414,4.607914],[7.164195,4.646591],[7.190231,4.685123],[7.273853,4.732657],[7.348532,4.74186],[7.366328,4.753601],[7.37615,4.770805]]}},
{"type":"Feature","properties":{},"geometry":{"type":"LineString","coordinates":[[7.330672,4.624777],[7.315004,4.649114],[7.29645,4.665449],[7.230052,4.688314],[7.216638,4.701748]]}},
{"type":"Feature","properties":{},"geometry":{"type":"LineString","coordinates":[[7.158019,4.435768],[7.1537,4.443228],[7.15504,4.46038],[7.136583,4.495118],[7.13235,4.516358],[7.153794,4.554846],[7.1547,4.564591]]}},
{"type":"Feature","properties":{},"geometry":{"type":"LineString","coordinates":[[6.99434,4.893674],[6.924834,4.88141],[6.885813,4.913263],[6.892371,4.935072],[6.916306,4.948455],[6.91378,4.966485],[6.919572,4.974443],[6.938637,4.971001],[6.963502,4.97314]]}},
{"type":"Feature","properties":{},"geometry":{"type":"LineString","coordinates":[[6.919572,4.974443],[6.895198,4.992482],[6.860415,5.004964]]}},
{"type":"Feature","properties":{},"geometry":{"type":"LineString","coordinates":[[6.885813,4.913263],[6.839519,4.907706],[6.810719,4.914321],[6.780421,4.912829],[6.754985,4.927749],[6.737583,4.932633],[6.720908,4.918992],[6.722337,4.914822],[6.744739,4.913655],[6.754879,4.908812],[6.766863,4.900004],[6.768273,4.892505],[6.76451,4.887324],[6.723975,4.873399],[6.720168,4.860101],[6.707674,4.851846],[6.654516,4.843603],[6.647836,4.836146],[6.646941,4.823872],[6.650446,4.819899],[6.685488,4.815963],[6.688575,4.811368],[6.677709,4.796858],[6.68951,4.792424],[6.709018,4.793776],[6.717505,4.7904],[6.743676,4.796291],[6.775388,4.79133],[6.784328,4.795027],[6.821306,4.786289],[6.903532,4.802053],[6.949422,4.793467],[7.018248,4.82427],[7.048703,4.854045],[7.067201,4.860799],[7.068342,4.872649]]}},
{"type":"Feature","properties":{},"geometry":{"type":"LineString","coordinates":[[7.08725,4.866918],[7.085558,4.876791]]}},
{"type":"Feature","properties":{},"geometry":{"type":"LineString","coordinates":[[6.955515,4.694218],[6.938991,4.709681],[6.902379,4.726532],[6.873896,4.713792],[6.864563,4.713844],[6.852413,4.72931],[6.843928,4.732686],[6.838428,4.75082],[6.824905,4.762131],[6.822412,4.786473]]}},
{"type":"Feature","properties":{},"geometry":{"type":"LineString","coordinates":[[6.690755,4.792418],[6.686547,4.781514],[6.668654,4.771829],[6.645393,4.766958],[6.633885,4.748287],[6.615187,4.743182],[6.598632,4.751178]]}},
{"type":"Feature","properties":{},"geometry":{"type":"LineString","coordinates":[[6.630668,4.688155],[6.610322,4.68493],[6.607657,4.691188],[6.612466,4.698448],[6.632205,4.704589],[6.61574,4.729859],[6.620326,4.743333]]}},
{"type":"Feature","properties":{},"geometry":{"type":"LineString","coordinates":[[6.608057,4.69025],[6.578516,4.682024],[6.562349,4.643808],[6.563306,4.627776],[6.568047,4.621716],[6.587341,4.622242],[6.593548,4.619089],[6.599285,4.605114],[6.608199,4.604029]]}},
{"type":"Feature","properties":{},"geometry":{"type":"LineString","coordinates":[[6.37981,4.655013],[6.457448,4.684611],[6.492918,4.682873],[6.50445,4.686563]]}},
{"type":"Feature","properties":{},"geometry":{"type":"LineString","coordinates":[[6.392059,4.530591],[6.438186,4.540859],[6.524666,4.53711],[6.556223,4.5432],[6.560305,4.550673],[6.55125,4.565304],[6.562077,4.57356],[6.566508,4.588733],[6.590026,4.604641]]}},
{"type":"Feature","properties":{},"geometry":{"type":"LineString","coordinates":[[6.369779,4.601348],[6.352338,4.59862],[6.33059,4.60653],[6.325198,4.603277]]}},
{"type":"Feature","properties":{},"geometry":{"type":"LineString","coordinates":[[6.358993,4.549693],[6.353928,4.538966]]}},
{"type":"Feature","properties":{},"geometry":{"type":"LineString","coordinates":[[6.522298,4.382983],[6.47402,4.369783],[6.465887,4.359828],[6.442241,4.359001],[6.404539,4.341542]]}},
{"type":"Feature","properties":{},"geometry":{"type":"LineString","coordinates":[[6.502191,4.097581],[6.527399,4.102262],[6.551648,4.101218],[6.565905,4.106618]]}},
{"type":"Feature","properties":{},"geometry":{"type":"LineString","coordinates":[[6.527704,4.038789],[6.516172,4.023005],[6.530988,3.997649],[6.538751,3.99543],[6.549337,3.999131],[6.559735,4.015078],[6.569942,4.018711],[6.578914,4.041361]]}},
{"type":"Feature","properties":{},"geometry":{"type":"LineString","coordinates":[[6.676185,4.07006],[6.66814,4.08039]]}},
{"type":"Feature","properties":{},"geometry":{"type":"LineString","coordinates":[[6.73806,4.139073],[6.727786,4.155101]]}},
{"type":"Feature","properties":{},"geometry":{"type":"LineString","coordinates":[[6.778024,4.191011],[6.768519,4.202398]]}},
{"type":"Feature","properties":{},"geometry":{"type":"LineString","coordinates":[[6.821961,4.275072],[6.815279,4.288008]]}},
{"type":"Feature","properties":{},"geometry":{"type":"LineString","coordinates":[[6.815462,4.324782],[6.805068,4.316983],[6.749724,4.317883],[6.740716,4.314303]]}},
{"type":"Feature","properties":{},"geometry":{"type":"LineString","coordinates":[[6.829818,4.433253],[6.796728,4.450932],[6.775975,4.46727],[6.65696,4.489727],[6.647707,4.505383],[6.641185,4.507601],[6.635866,4.501384],[6.624981,4.502063],[6.615372,4.508979],[6.607549,4.499652],[6.597582,4.497204],[6.561969,4.530474],[6.571055,4.543542],[6.559547,4.549285]]}},
{"type":"Feature","properties":{},"geometry":{"type":"LineString","coordinates":[[6.84324,3.658133],[6.880558,3.666867],[6.889448,3.675255],[6.900153,3.672399],[6.933806,3.695658],[6.949202,3.699802],[6.986164,3.73334],[7.022045,3.733643],[7.027945,3.770872],[7.019187,3.787833],[7.032887,3.794565],[7.036017,3.814429],[7.028784,3.847321],[7.022006,3.859211],[7.017659,3.859856]]}},
{"type":"Feature","properties":{},"geometry":{"type":"LineString","coordinates":[[7.069014,3.747589],[7.068156,3.763507],[7.055516,3.784161],[7.053153,3.810384],[7.054741,3.817866],[7.09306,3.840773],[7.089954,3.873239],[7.091226,3.879474],[7.099644,3.885673],[7.104071,3.901565],[7.10197,3.916864],[7.092081,3.927522],[7.096663,3.961841],[7.134575,3.97661],[7.13833,3.981895],[7.136291,4.00905],[7.122425,4.022869],[7.126194,4.039991],[7.116604,4.048152],[7.114505,4.06314],[7.124917,4.094288],[7.119379,4.104926],[7.1472,4.136918]]}},
{"type":"Feature","properties":{},"geometry":{"type":"LineString","coordinates":[[7.123722,4.026887],[7.096596,4.023916],[7.0473,4.046007],[7.039818,4.041051],[7.00252,4.039364],[6.994087,4.030668],[6.993737,4.022556],[7.001406,4.002234],[7.002244,3.982882],[6.985044,3.959873],[6.964828,3.956226],[6.934544,3.960047],[6.915731,3.95646],[6.904503,3.947774]]}},
{"type":"Feature","properties":{},"geometry":{"type":"LineString","coordinates":[[7.483553,4.839845],[7.420392,4.818953],[7.38841,4.82571],[7.363832,4.823685],[7.35516,4.829044],[7.358969,4.841184],[7.379281,4.856648],[7.393611,4.893694]]}},
{"type":"Feature","properties":{},"geometry":{"type":"LineString","coordinates":[[7.35516,4.829044],[7.326083,4.822986]]}},
{"type":"Feature","properties":{},"geometry":{"type":"LineString","coordinates":[[7.381614,4.783417],[7.364501,4.792719],[7.357183,4.805013],[7.358826,4.818727],[7.363614,4.82382]]}},
{"type":"Feature","properties":{},"geometry":{"type":"LineString","coordinates":[[7.64841,4.781194],[7.677912,4.81442],[7.690902,4.838636]]}},
{"type":"Feature","properties":{},"geometry":{"type":"LineString","coordinates":[[8.278537,5.413613],[8.241685,5.395216],[8.213524,5.373497],[8.146582,5.341819],[8.145563,5.331546],[8.133376,5.314205]]}},
{"type":"Feature","properties":{},"geometry":{"type":"LineString","coordinates":[[8.15593,5.344544],[8.159157,5.395457],[8.153389,5.430089],[8.158155,5.442199],[8.160852,5.484704],[8.152567,5.497394],[8.147156,5.518938],[8.152042,5.5446]]}},
{"type":"Feature","properties":{},"geometry":{"type":"LineString","coordinates":[[8.7054,5.644573],[8.708767,5.627102],[8.706675,5.603777],[8.6823,5.55701],[8.646149,5.545528],[8.582287,5.547293]]}},
{"type":"Feature","properties":{},"geometry":{"type":"LineString","coordinates":[[8.480765,4.513781],[8.404933,4.509693],[8.354108,4.529693],[8.326166,4.528499],[8.259931,4.543704],[8.192901,4.546995],[8.130506,4.515195],[8.071052,4.504397],[8.050027,4.494728],[8.016126,4.486998]]}},
{"type":"Feature","properties":{},"geometry":{"type":"LineString","coordinates":[[8.212761,4.472631],[8.191749,4.546715],[8.197911,4.563782],[8.214098,4.580487],[8.233198,4.613291],[8.235557,4.64902],[8.225806,4.68037]]}},
{"type":"Feature","properties":{},"geometry":{"type":"LineString","coordinates":[[8.62291,4.094745],[8.591745,4.089016],[8.56874,4.091279],[8.49778,4.121198],[8.446595,4.136266],[8.399634,4.157611],[8.344193,4.164298],[8.338441,4.190851],[8.322412,4.228806],[8.314913,4.288662]]}},
{"type":"Feature","properties":{},"geometry":{"type":"LineString","coordinates":[[8.344193,4.164298],[8.289615,4.126705],[8.232861,4.129887],[8.173727,4.125603],[8.162832,4.132216],[8.115833,4.133924],[8.073992,4.14214],[8.040252,4.143759],[7.943806,4.169147],[7.967351,4.211071],[7.966226,4.25362],[7.992458,4.277757],[8.013165,4.311277],[8.01341,4.348204],[8.034582,4.380783],[8.042083,4.388211],[8.081058,4.36738],[8.100132,4.364913]]}},
{"type":"Feature","properties":{},"geometry":{"type":"LineString","coordinates":[[7.969225,4.257131],[7.928891,4.277236],[7.844673,4.289464],[7.803755,4.300478],[7.779133,4.31092],[7.761057,4.325531],[7.741958,4.325651],[7.714888,4.317402],[7.674815,4.316248],[7.670704,4.342967]]}},
{"type":"Feature","properties":{},"geometry":{"type":"LineString","coordinates":[[7.943806,4.169147],[7.894413,4.16338],[7.857639,4.165479],[7.748947,4.21244],[7.688596,4.246013],[7.691456,4.256752],[7.684043,4.263344],[7.679919,4.274593],[7.681864,4.288144],[7.674491,4.301284],[7.680871,4.316211]]}},
{"type":"Feature","properties":{},"geometry":{"type":"LineString","coordinates":[[8.028529,4.146721],[8.026177,4.126554],[8.012516,4.100931],[7.986259,4.070711],[7.975523,4.066103],[7.963024,4.0774],[7.921676,4.091681],[7.905084,4.119367],[7.865242,4.15234],[7.859269,4.165469]]}},
{"type":"Feature","properties":{},"geometry":{"type":"LineString","coordinates":[[7.688596,4.246013],[7.673415,4.239089],[7.655778,4.249953],[7.626309,4.23002],[7.567204,4.240662],[7.553252,4.232163]]}},
{"type":"Feature","properties":{},"geometry":{"type":"LineString","coordinates":[[7.975523,4.066103],[7.992506,4.026731],[7.957705,3.968041],[7.950479,3.926945],[7.901221,3.941263],[7.840731,3.946295],[7.796472,3.940942],[7.744683,3.922067],[7.739726,3.951089],[7.719949,3.994226],[7.695325,4.004189],[7.686985,4.011719],[7.672731,4.043603],[7.646252,4.055449],[7.563114,4.065289]]}},
{"type":"Feature","properties":{},"geometry":{"type":"LineString","coordinates":[[7.744683,3.922067],[7.722742,3.911904],[7.6668,3.900059],[7.62154,3.883472],[7.598361,3.864554],[7.59267,3.840599],[7.577286,3.837408],[7.570336,3.843993],[7.568887,3.834178],[7.560918,3.824398],[7.53801,3.807213],[7.500805,3.80865],[7.486772,3.805144],[7.4668,3.81554],[7.446039,3.840959]]}},
{"type":"Feature","properties":{},"geometry":{"type":"LineString","coordinates":[[7.474368,3.811601],[7.495294,3.831764],[7.495443,3.860298],[7.514682,3.887327],[7.531221,3.931677],[7.504003,3.94246]]}},
{"type":"Feature","properties":{},"geometry":{"type":"LineString","coordinates":[[7.351441,3.65752],[7.333769,3.662753],[7.333828,3.674918],[7.343704,3.694522],[7.33959,3.71045],[7.365749,3.726229],[7.400364,3.756466],[7.42932,3.772226],[7.473666,3.811966]]}},
{"type":"Feature","properties":{},"geometry":{"type":"LineString","coordinates":[[7.301688,3.722334],[7.343244,3.743185],[7.371551,3.748992]]}},
{"type":"Feature","properties":{},"geometry":{"type":"LineString","coordinates":[[7.950479,3.926945],[7.946881,3.888866],[7.927855,3.858824],[7.913691,3.823843],[7.90915,3.761455],[7.917393,3.737565],[7.936119,3.71572],[8.071061,3.633623],[8.124501,3.591828]]}},
{"type":"Feature","properties":{},"geometry":{"type":"LineString","coordinates":[[7.946999,3.708651],[7.842451,3.693098],[7.820825,3.696021],[7.783249,3.719372],[7.754672,3.728647],[7.723953,3.729514],[7.695265,3.718445],[7.672236,3.721374],[7.675576,3.692594],[7.698531,3.675636],[7.694297,3.66724],[7.676801,3.659616],[7.682972,3.637836],[7.666049,3.605333]]}},
{"type":"Feature","properties":{},"geometry":{"type":"LineString","coordinates":[[8.221039,3.472783],[8.210182,3.495439],[8.17133,3.53421],[8.127576,3.592702]]}},
{"type":"Feature","properties":{},"geometry":{"type":"LineString","coordinates":[[8.272366,3.659797],[8.244324,3.671878],[8.216441,3.676248],[8.178185,3.696801],[8.130262,3.735639],[8.102532,3.767349],[8.09293,3.79615],[8.079776,3.814457],[8.054034,3.828632],[8.024854,3.851943],[7.950479,3.926945]]}},
{"type":"Feature","properties":{},"geometry":{"type":"LineString","coordinates":[[8.364614,3.82407],[8.33921,3.845114],[8.327516,3.871819],[8.322128,3.902689],[8.323089,4.051959],[8.308048,4.099716],[8.29268,4.12865]]}},
{"type":"Feature","properties":{},"geometry":{"type":"LineString","coordinates":[[8.324315,3.890156],[8.292923,3.918994],[8.250723,3.977437],[8.198635,4.018425],[8.15635,4.064961],[8.119493,4.087631],[8.043529,4.10985],[8.026177,4.126554]]}},
{"type":"Feature","properties":{},"geometry":{"type":"LineString","coordinates":[[8.906651,3.987437],[8.856037,3.801092],[8.831838,3.726333],[8.80243,3.706221],[8.772927,3.671401],[8.745824,3.574231],[8.742062,3.529433],[8.746587,3.501677]]}},
{"type":"Feature","properties":{},"geometry":{"type":"LineString","coordinates":[[8.760997,3.658873],[8.718499,3.662648],[8.685109,3.674069],[8.606309,3.671768],[8.438308,3.681923],[8.32739,3.700143]]}},
{"type":"Feature","properties":{},"geometry":{"type":"LineString","coordinates":[[8.579335,3.418347],[8.516108,3.455146],[8.48036,3.542235],[8.461661,3.564067],[8.441529,3.579602],[8.407752,3.59748]]}},
{"type":"Feature","properties":{},"geometry":{"type":"LineString","coordinates":[[9.230359,3.570349],[9.224385,3.596997],[9.185616,3.647628],[9.167618,3.663848],[9.141932,3.676622],[9.10853,3.681752],[9.080645,3.679145],[9.052126,3.68564],[8.998781,3.730804],[8.988453,3.749076],[8.951816,3.792732],[8.935588,3.76344],[8.914586,3.749581],[8.885272,3.743479],[8.851734,3.745905],[8.836826,3.741748]]}},
{"type":"Feature","properties":{},"geometry":{"type":"LineString","coordinates":[[10.050345,3.676322],[10.017029,3.683922],[10.001113,3.649467],[10.004776,3.583419],[9.925021,3.519049],[9.911168,3.479324],[9.876725,3.476433],[9.840088,3.458881],[9.808792,3.459108],[9.759893,3.478333],[9.695262,3.487187],[9.659894,3.50317],[9.583854,3.524689],[9.463152,3.581143],[9.425483,3.56987],[9.255216,3.564756],[9.230359,3.570349],[9.215292,3.530392],[9.209784,3.487396],[9.212636,3.444343],[9.191516,3.408794],[9.177711,3.373195],[9.170135,3.331256],[9.17284,3.261961],[9.158876,3.198015],[9.136518,3.125718],[9.132696,3.005018],[9.145025,2.947546]]}},
{"type":"Feature","properties":{},"geometry":{"type":"LineString","coordinates":[[9.16886,3.243739],[9.082644,3.286661],[9.007516,3.30077],[8.937845,3.355798],[8.870019,3.371965],[8.830501,3.404765],[8.80875,3.437459],[8.787954,3.455443],[8.777989,3.504088]]}},
{"type":"Feature","properties":{},"geometry":{"type":"LineString","coordinates":[[9.727476,2.833864],[9.726641,2.943824],[9.717484,2.981627],[9.716595,3.006798],[9.702033,3.01318],[9.673846,3.00916],[9.660356,3.020778],[9.642979,3.078564],[9.616059,3.111245],[9.55281,3.174577],[9.464815,3.286339],[9.446258,3.32213],[9.397613,3.386451],[9.35926,3.428678],[9.280359,3.498468],[9.2617,3.519583],[9.238432,3.568533]]}},
{"type":"Feature","properties":{},"geometry":{"type":"LineString","coordinates":[[9.957117,3.34274],[9.941643,3.354716],[9.910969,3.452074],[9.911168,3.479324]]}},
{"type":"Feature","properties":{},"geometry":{"type":"LineString","coordinates":[[9.73046,2.410383],[9.670237,2.425873],[9.624977,2.444975],[9.506276,2.481751],[9.465872,2.537028],[9.415975,2.571902],[9.423934,2.598615],[9.535352,2.660974],[9.576264,2.704806],[9.590764,2.74988]]}},
{"type":"Feature","properties":{},"geometry":{"type":"LineString","coordinates":[[9.277267,2.357531],[9.217484,2.292655],[9.179706,2.242436],[9.126411,2.223767],[9.091845,2.192416],[9.116674,2.138775],[9.143126,2.099304],[9.197361,1.957389],[9.262802,1.88158],[9.317367,1.827863],[9.350053,1.780527],[9.37211,1.826094],[9.425493,1.882556],[9.503801,1.912159],[9.543232,1.998543],[9.577703,2.01571],[9.594999,2.039237],[9.601435,2.08326],[9.648464,2.111374],[9.678341,2.150568],[9.705135,2.199208],[9.736459,2.270276]]}},
{"type":"Feature","properties":{},"geometry":{"type":"LineString","coordinates":[[9.6901,0.90321],[9.657283,0.901698],[9.622947,0.925358],[9.593305,0.953732],[9.546589,1.040356],[9.493534,1.084526],[9.473364,1.153807],[9.459485,1.235668],[9.42376,1.33018],[9.420746,1.372679],[9.425569,1.421451],[9.447527,1.444995],[9.488233,1.46376],[9.511731,1.479426],[9.513555,1.565961],[9.473183,1.654208],[9.438831,1.670058],[9.39817,1.670192],[9.376366,1.698593],[9.376477,1.731645],[9.350053,1.780527]]}},
{"type":"Feature","properties":{},"geometry":{"type":"LineString","coordinates":[[9.664984,0.838765],[9.657283,0.901698]]}},
{"type":"Feature","properties":{},"geometry":{"type":"LineString","coordinates":[[9.482673,1.122315],[9.43738,1.142874],[9.395179,1.149264],[9.351395,1.149363],[9.301385,1.163642],[9.252951,1.185791],[9.162193,1.170251],[9.137171,1.173456],[9.077824,1.22083],[9.05593,1.225605],[8.999582,1.217858],[8.943214,1.203807],[8.900959,1.2039],[8.863442,1.226037],[8.833716,1.232405],[8.81496,1.245051],[8.819727,1.276551],[8.832318,1.306456],[8.829235,1.326945],[8.793312,1.361694],[8.774598,1.391676],[8.752718,1.407488],[8.725334,1.413859],[8.662699,1.412438],[8.615773,1.434618],[8.539082,1.455299],[8.504753,1.507405],[8.475051,1.531127],[8.358452,1.577151],[8.26921,1.605767],[8.231655,1.627944],[8.0523,1.672577],[8.014671,1.671097],[8.013576,1.847796],[8.001254,1.925137],[7.985723,1.975669],[7.99529,2.027704],[8.01427,2.079707],[8.047331,2.120617],[8.114917,2.169293],[8.218592,2.225713],[8.273597,2.263363],[8.303526,2.302676],[8.306762,2.329471],[8.289696,2.376845],[8.252946,2.420751]]}},
{"type":"Feature","properties":{},"geometry":{"type":"LineString","coordinates":[[10.790018,3.503776],[10.786827,3.642167]]}},
{"type":"Feature","properties":{},"geometry":{"type":"LineString","coordinates":[[11.300527,3.560427],[11.294257,3.659534],[11.257537,3.736674],[11.256304,3.771166]]}},
{"type":"Feature","properties":{},"geometry":{"type":"LineString","coordinates":[[12.656883,4.408233],[12.648469,4.467113],[12.639343,4.482849],[12.591592,4.519401],[12.590411,4.547526],[12.62346,4.575188],[12.611183,4.587847],[12.578676,4.600782],[12.551194,4.640201],[12.53307,4.681058],[12.515163,4.737536],[12.493909,4.776884],[12.474389,4.828708]]}},
{"type":"Feature","properties":{},"geometry":{"type":"LineString","coordinates":[[12.651692,1.773555],[12.733574,1.867091],[12.767962,1.913717],[12.774283,1.933969],[12.744993,1.965355],[12.720274,1.982671],[12.676862,1.987613],[12.593059,1.986548],[12.545,1.996201],[12.512549,2.021382],[12.49101,2.054311],[12.455745,2.127943],[12.428037,2.167171],[12.367755,2.212864],[12.364888,2.250383],[12.257211,2.315791]]}},
{"type":"Feature","properties":{},"geometry":{"type":"LineString","coordinates":[[11.800563,2.05537],[11.868048,2.081416],[11.938018,2.079451],[11.977033,2.104255],[12.014363,2.107164],[12.076444,2.089597],[12.124624,2.089314],[12.190246,2.148332],[12.226002,2.151239],[12.28996,2.193043],[12.324214,2.205329],[12.367755,2.212864],[12.445717,2.26079],[12.542064,2.272644],[12.781453,2.328761],[12.86915,2.335942],[13.016139,2.28966],[13.073515,2.29237],[13.113658,2.270256],[13.147499,2.234161],[13.27765,2.122608],[13.35317,2.067572],[13.413306,2.029791],[13.538418,1.990044],[13.612682,1.989559],[13.708698,2.121191],[13.735208,2.152122],[13.76321,2.175257],[13.795829,2.225806]]}},
{"type":"Feature","properties":{},"geometry":{"type":"LineString","coordinates":[[13.1956,2.19407],[13.162525,2.165469],[13.130155,2.190632],[13.076127,2.222187],[12.980212,2.250923],[12.818912,2.248914],[12.778654,2.260113],[12.678884,2.306064],[12.628541,2.320463],[12.586663,2.325436],[12.563484,2.341212],[12.53886,2.372617],[12.497002,2.382281],[12.467498,2.382488],[12.433376,2.388974],[12.408699,2.414143],[12.381118,2.468472]]}},
{"type":"Feature","properties":{},"geometry":{"type":"LineString","coordinates":[[12.865465,2.251716],[12.795478,2.224106],[12.748927,2.222858],[12.716202,2.201224],[12.602868,2.194162],[12.542351,2.197679],[12.494205,2.194867],[12.45525,2.173248],[12.428037,2.167171]]}},
{"type":"Feature","properties":{},"geometry":{"type":"LineString","coordinates":[[13.165553,1.909811],[13.108166,1.899242],[12.970221,1.896938],[12.928483,1.91746],[12.899063,1.923874],[12.824625,1.922751],[12.773532,1.93156]]}},
{"type":"Feature","properties":{},"geometry":{"type":"LineString","coordinates":[[14.000446,1.740956],[13.960377,1.710509],[13.910793,1.685917],[13.85359,1.681577],[13.779599,1.717774],[13.716158,1.760109]]}},
{"type":"Feature","properties":{},"geometry":{"type":"LineString","coordinates":[[12.942321,1.693631],[13.000947,1.706492],[13.030448,1.717252],[13.016726,1.759431],[13.027899,1.818628],[13.00432,1.896738]]}},
{"type":"Feature","properties":{},"geometry":{"type":"LineString","coordinates":[[13.612682,1.989559],[13.577916,1.956058],[13.435258,1.910245],[13.406201,1.883426],[13.373054,1.862858],[13.343074,1.854728],[13.274471,1.77203],[13.173241,1.764285],[13.138056,1.75097],[13.024844,1.738684]]}},
{"type":"Feature","properties":{},"geometry":{"type":"LineString","coordinates":[[13.137245,1.688725],[13.097714,1.716237],[13.085347,1.745023]]}},
{"type":"Feature","properties":{},"geometry":{"type":"LineString","coordinates":[[13.278721,1.776573],[13.250937,1.809563],[13.221114,1.830513],[13.18711,1.843179],[13.174873,1.870268],[13.165553,1.909811],[13.197037,1.950146],[13.18903,1.991759],[13.174708,2.013671],[13.193481,2.042646],[13.275078,2.045234],[13.290633,2.05552],[13.308219,2.100329]]}},
{"type":"Feature","properties":{},"geometry":{"type":"LineString","coordinates":[[13.646072,1.80206],[13.558385,1.797391],[13.531449,1.77679],[13.510772,1.768606],[13.476728,1.768802],[13.425032,1.74937],[13.40025,1.746395],[13.371378,1.750711],[13.318852,1.77074],[13.276329,1.774015]]}},
{"type":"Feature","properties":{},"geometry":{"type":"LineString","coordinates":[[13.6907,1.757751],[13.659482,1.803018],[13.679257,1.834024],[13.67422,1.853766],[13.674365,1.877627],[13.689965,1.899315],[13.746875,1.932147],[13.768654,1.952749],[13.787389,1.980628],[13.788522,1.996177],[13.778346,2.01595],[13.685418,2.091689]]}},
{"type":"Feature","properties":{},"geometry":{"type":"LineString","coordinates":[[13.85359,1.681577],[13.852795,1.630776],[13.846408,1.592447],[13.783987,1.577225],[13.763269,1.556591],[13.682088,1.538791],[13.656909,1.518753],[13.63957,1.556193],[13.589261,1.59796],[13.531875,1.667803],[13.48612,1.680512]]}},
{"type":"Feature","properties":{},"geometry":{"type":"LineString","coordinates":[[13.656909,1.518753],[13.647454,1.482486],[13.645257,1.454483],[13.626569,1.426557],[13.599662,1.404892],[13.568668,1.391543],[13.453079,1.374418],[13.415852,1.353817],[13.39102,1.337311],[13.316394,1.256616],[13.241858,1.197697],[13.205062,1.156275],[13.154161,1.065012],[13.092044,1.01325],[13.085731,0.974812],[13.045088,0.842914],[12.929046,0.688269],[12.88974,0.664431],[12.850453,0.652029],[12.81734,0.627128],[12.784211,0.59494],[12.748999,0.552344],[12.742742,0.518017],[12.664594,0.444246],[12.590038,0.347534],[12.511407,0.310131],[12.450361,0.287275],[12.414147,0.278974],[12.382593,0.281083],[12.349464,0.25715],[12.319977,0.263423],[12.257873,0.252008],[12.203003,0.237458],[12.170898,0.218719],[12.130494,0.169753],[12.114941,0.11347],[12.104574,0.067606],[12.119064,0.010271]]}},
{"type":"Feature","properties":{},"geometry":{"type":"LineString","coordinates":[[15.442083,0.838682],[15.332248,0.66865],[15.266044,0.620852],[15.081509,0.611996],[15.035315,0.591969],[14.719753,0.591109],[14.664251,0.567966],[14.624149,0.544783],[14.5038,0.462777],[14.400452,0.427245],[14.169057,0.419824],[14.132007,0.412109],[14.099572,0.396616],[14.060198,0.388899],[14.026244,0.396716],[13.99538,0.409194],[13.962953,0.409239],[13.938234,0.403055],[13.893407,0.375125],[13.813061,0.364339],[13.761308,0.373736],[13.694876,0.392492],[13.487677,0.386531],[13.38638,0.410022],[13.364721,0.411608],[13.338409,0.406969],[13.284196,0.369645],[13.243941,0.358784],[13.214529,0.358817],[13.188991,0.36508],[13.148734,0.363568],[13.117751,0.351132],[13.089877,0.352721],[13.058918,0.366789],[13.032588,0.368378],[12.955892,0.355988],[12.914066,0.363833],[12.847465,0.395113],[12.827334,0.40918],[12.794791,0.415463],[12.779284,0.4108],[12.761441,0.398337],[12.733543,0.404614],[12.671502,0.387517],[12.62413,0.389743]]}},
{"type":"Feature","properties":{},"geometry":{"type":"LineString","coordinates":[[12.615688,0.379118],[12.549781,0.412644],[12.517215,0.422055],[12.459809,0.422126],[12.39159,0.469081],[12.346594,0.48008],[12.314004,0.484814],[12.228584,0.461486],[12.189771,0.466227],[12.11838,0.502284],[12.08733,0.513274],[11.994136,0.525921],[11.958481,0.580723],[11.925876,0.597985],[11.88393,0.607441],[11.838124,0.635684],[11.704517,0.692269],[11.632997,0.701795],[11.599577,0.712819],[11.518756,0.750559],[11.445656,0.766367],[11.389638,0.769612],[11.265872,0.760454],[11.159993,0.760658],[11.130389,0.752876],[11.075893,0.760819],[10.794057,0.857054],[10.758222,0.864974],[10.61947,0.868398],[10.586749,0.881023]]}},
{"type":"Feature","properties":{},"geometry":{"type":"LineString","coordinates":[[16.128005,0.29475],[16.161013,0.294731],[16.182782,0.284427],[16.260291,0.216521],[16.31061,0.184288],[16.352079,0.147281]]}},
{"type":"Feature","properties":{},"geometry":{"type":"LineString","coordinates":[[16.352381,0.706022],[16.329941,0.708827],[16.225817,0.701597],[16.174111,0.70997],[16.16051,0.714121],[16.136775,0.745717],[15.942149,0.799121],[15.82019,0.810493],[15.756856,0.832662],[15.707791,0.843809],[15.625619,0.850951],[15.527324,0.840286],[15.442083,0.838682]]}},
{"type":"Feature","properties":{},"geometry":{"type":"LineString","coordinates":[[16.048353,0.769034],[16.111347,0.880822],[16.138192,0.958854],[16.140296,0.974609],[16.168307,0.999166],[16.202353,1.001082],[16.244514,0.992002],[16.271075,0.997373],[16.318701,0.99649],[16.354015,0.98128]]}},
{"type":"Feature","properties":{},"geometry":{"type":"LineString","coordinates":[[16.140296,0.974609],[16.0648,0.997533],[16.000254,1.037568],[15.981931,1.054789],[15.958116,1.062435],[15.836838,1.071188],[15.786439,1.083758],[15.771031,1.068038],[15.734204,1.067508],[15.644953,1.092607],[15.599403,1.130578],[15.536971,1.133603],[15.504149,1.120006],[15.478217,1.122181],[15.418909,1.143746],[15.387834,1.14909]]}},
{"type":"Feature","properties":{},"geometry":{"type":"LineString","coordinates":[[15.787475,1.083297],[15.806361,1.117985],[15.803053,1.140647],[15.771281,1.200506],[15.739275,1.210269],[15.69764,1.20429],[15.66758,1.19482],[15.58361,1.184912],[15.511324,1.198301],[15.483291,1.188812],[15.43207,1.185612],[15.393526,1.195833],[15.341593,1.188776],[15.288928,1.174575],[15.202505,1.178402],[15.143106,1.193116],[15.038609,1.139897],[15.007116,1.131771],[14.959194,1.103744],[14.925612,1.113364]]}},
{"type":"Feature","properties":{},"geometry":{"type":"LineString","coordinates":[[15.361624,1.27772],[15.331116,1.285081],[15.296285,1.287315],[15.262776,1.281291],[15.205894,1.247175],[15.143106,1.193116]]}},
{"type":"Feature","properties":{},"geometry":{"type":"LineString","coordinates":[[15.787746,1.170366],[15.831108,1.18741],[15.868416,1.19638],[15.906134,1.196656],[15.948482,1.216571],[15.975299,1.219639],[15.999342,1.21312],[16.033404,1.212952],[16.096363,1.226807],[16.143203,1.24302],[16.26605,1.303127],[16.277028,1.319963],[16.277595,1.340509],[16.270973,1.373425],[16.256069,1.38584],[16.22254,1.395167],[16.221706,1.407961],[16.301598,1.413431],[16.357775,1.439576]]}},
{"type":"Feature","properties":{},"geometry":{"type":"LineString","coordinates":[[15.772837,1.198125],[15.792293,1.245015],[15.781571,1.282817],[15.77033,1.350826],[15.752255,1.413387],[15.754526,1.453187],[15.738917,1.467006],[15.675595,1.487973],[15.578264,1.531131],[15.626854,1.553502],[15.67949,1.568972],[15.742459,1.602217],[15.808072,1.623759],[15.90692,1.621058],[15.941744,1.630433],[15.976484,1.62746],[16.12145,1.655973],[16.175282,1.660404],[16.202452,1.650625],[16.231718,1.649056],[16.261716,1.655701],[16.29572,1.651359],[16.335816,1.642866],[16.358845,1.626959]]}},
{"type":"Feature","properties":{},"geometry":{"type":"LineString","coordinates":[[15.394078,1.292767],[15.416695,1.325896],[15.455755,1.352497],[15.498824,1.363265],[15.575953,1.362167],[15.679224,1.405557],[15.752358,1.415193]]}},
{"type":"Feature","properties":{},"geometry":{"type":"LineString","coordinates":[[15.578264,1.531131],[15.497734,1.535049],[15.410434,1.55344],[15.347776,1.584753],[15.267829,1.640257],[15.233696,1.646661],[15.20028,1.659252],[15.171053,1.686267],[15.210518,1.710779],[15.264602,1.724181],[15.353839,1.784779],[15.388727,1.791413],[15.529695,1.782189],[15.640443,1.805451],[15.674012,1.823751],[15.791827,1.841429],[15.834201,1.853469],[15.934757,1.851349],[15.975699,1.857215],[16.048922,1.805927],[16.202048,1.833573],[16.305133,1.825942],[16.356968,1.840613],[16.354246,1.840633]]}},
{"type":"Feature","properties":{},"geometry":{"type":"LineString","coordinates":[[15.171053,1.686267],[15.146173,1.698123],[15.113387,1.703838],[15.01508,1.732691],[14.928077,1.715349],[14.886363,1.720435],[14.778516,1.715606],[14.730492,1.700747],[14.634896,1.692376],[14.593123,1.695389],[14.54879,1.720181]]}},
{"type":"Feature","properties":{},"geometry":{"type":"LineString","coordinates":[[14.911106,1.148222],[14.919893,1.180083],[14.907707,1.209576],[14.86632,1.250054],[14.821694,1.256459],[14.772405,1.255136],[14.754021,1.276925],[14.718707,1.301899],[14.546318,1.346153],[14.45759,1.362669],[14.344559,1.399908],[14.204135,1.399044],[14.170215,1.406976],[14.150298,1.438147],[13.957903,1.565028],[13.927087,1.580741],[13.894689,1.590244],[13.846408,1.592447]]}},
{"type":"Feature","properties":{},"geometry":{"type":"LineString","coordinates":[[14.414011,1.624526],[14.445776,1.672916],[14.457426,1.714476]]}},
{"type":"Feature","properties":{},"geometry":{"type":"LineString","coordinates":[[13.595896,2.431523],[13.677361,2.45998],[13.736143,2.498952],[13.773169,2.486889],[13.808946,2.490739],[13.903804,2.573571],[13.946163,2.624338],[13.95464,2.650521],[13.975382,2.664844],[14.047057,2.689752],[14.089653,2.69074],[14.205591,2.715207],[14.22425,2.728148],[14.249714,2.734809],[14.284595,2.721361],[14.367283,2.720225],[14.429217,2.739291],[14.523336,2.789062],[14.564572,2.797959],[14.668551,2.808283],[14.842569,2.786866],[14.957259,2.800144],[15.049852,2.815697],[15.10756,2.835732],[15.175777,2.879379],[15.306121,2.973881],[15.33462,3.043691],[15.354506,3.077493],[15.400062,3.113043],[15.450097,3.137184],[15.467894,3.154679],[15.49184,3.196462],[15.523008,3.229055],[15.540772,3.255627],[15.561328,3.339869],[15.565509,3.424316],[15.572005,3.449992],[15.58766,3.470389],[15.613034,3.526712],[15.72758,3.652825],[15.802816,3.716597],[15.833153,3.758356],[15.873758,3.800976],[15.897599,3.819139],[15.926453,3.830016]]}},
{"type":"Feature","properties":{},"geometry":{"type":"LineString","coordinates":[[14.405756,3.426195],[14.353178,3.422173],[14.319984,3.358904],[14.170188,3.233256],[14.151332,3.205499],[14.147599,3.146496],[14.179754,3.11818],[14.202636,3.089969],[14.207189,3.082153],[14.206796,3.044874],[14.129134,2.853012],[14.074553,2.802261],[14.024742,2.765433],[14.016724,2.734419],[14.013244,2.678311]]}},
{"type":"Feature","properties":{},"geometry":{"type":"LineString","coordinates":[[10.955769,2.351624],[10.959354,2.398056],[10.983402,2.421962],[11.014677,2.437457],[11.056326,2.449749],[11.072183,2.468237],[11.085737,2.500789],[11.056014,2.567877],[11.063617,2.61905],[11.055532,2.654646],[11.082708,2.677463],[11.130713,2.706406],[11.136113,2.736679],[11.15287,2.755376],[11.180006,2.771909],[11.296397,2.773178],[11.39216,2.799652]]}},
{"type":"Feature","properties":{},"geometry":{"type":"LineString","coordinates":[[10.651506,1.712885],[10.671427,1.753611],[10.682056,1.809021],[10.679276,1.887506],[10.656564,1.925007],[10.657803,1.968747]]}},
{"type":"Feature","properties":{},"geometry":{"type":"LineString","coordinates":[[8.68701,0.043578],[8.658843,0.116863],[8.560241,0.21855],[8.510931,0.249308],[8.412314,0.332123],[8.353603,0.367633],[8.294884,0.398419],[8.163315,0.436358],[8.13983,0.460034],[8.118712,0.507371],[8.142265,0.566502],[8.203411,0.611397],[8.271662,0.708315],[8.299947,0.78161],[8.318868,0.873833],[8.337756,0.935303],[8.356605,0.968386],[8.347305,1.029896],[8.410828,1.077088],[8.396803,1.117318],[8.385277,1.233227],[8.350116,1.275873],[8.298653,1.387154],[8.256405,1.41327],[8.190642,1.437078],[8.162487,1.460801],[8.139049,1.491613],[8.117918,1.503493],[8.031005,1.539193],[7.981651,1.551143],[7.968835,1.600873],[7.983044,1.64107],[8.014671,1.671097]]}},
{"type":"Feature","properties":{},"geometry":{"type":"LineString","coordinates":[[7.983044,1.64107],[7.903157,1.672038],[7.80907,1.672273],[7.771454,1.681835],[7.689256,1.741226],[7.653992,1.753153],[7.602213,1.748546],[7.566926,1.753369],[7.512932,1.807969],[7.463594,1.843618],[7.409462,1.846122],[7.373667,1.865604]]}},
{"type":"Feature","properties":{},"geometry":{"type":"LineString","coordinates":[[8.347305,1.029896],[8.282731,1.058391],[8.12063,1.101254],[8.083014,1.098953],[8.035965,1.080103],[7.991249,1.051778],[7.887763,1.033008],[7.713736,1.035641],[7.626694,1.028667],[7.518501,1.045401],[7.480856,1.045455],[7.447896,1.031292],[7.405438,1.034354]]}},
{"type":"Feature","properties":{},"geometry":{"type":"LineString","coordinates":[[7.687102,0.048382],[7.677701,0.102839],[7.680066,0.171501],[7.705943,0.197537],[7.821168,0.202238],[7.863495,0.216428],[7.945804,0.275569],[7.974019,0.28739],[8.037491,0.294461],[8.096263,0.318096],[8.136234,0.348834],[8.178564,0.396128],[8.182113,0.431613]]}},
{"type":"Feature","properties":{},"geometry":{"type":"LineString","coordinates":[[7.3852,0.742408],[7.369558,0.786639],[7.363322,0.822965],[7.338276,0.871948],[7.333605,0.901958],[7.31637,0.920929],[7.29378,0.956486]]}},
{"type":"Feature","properties":{},"geometry":{"type":"LineString","coordinates":[[6.83017,0.07925],[6.805058,0.099269],[6.799829,0.122446],[6.799832,0.145623],[6.818672,0.16669],[6.790427,0.206728],[6.750672,0.249934],[6.713023,0.331072],[6.69733,0.346882],[6.676399,0.348997],[6.647089,0.338472],[6.619882,0.35218],[6.613613,0.380633],[6.63351,0.403806],[6.664921,0.42908],[6.720407,0.461714],[6.746593,0.501736],[6.786366,0.511194],[6.829299,0.555414],[6.848167,0.602806],[6.853489,0.718679],[6.848894,0.782591],[6.839432,0.805438],[6.838436,0.830713]]}},
{"type":"Feature","properties":{},"geometry":{"type":"LineString","coordinates":[[6.619882,0.35218],[6.606837,0.336575],[6.56915,0.321133],[6.544727,0.323952],[6.534262,0.330981],[6.497976,0.33802],[6.438681,0.4076],[6.401697,0.421668],[6.382163,0.443459],[6.362971,0.447684],[6.330862,0.444185],[6.272929,0.452644],[6.257569,0.447732],[6.212543,0.445644],[6.169271,0.470964],[6.13682,0.49628],[6.114865,0.502339]]}},
{"type":"Feature","properties":{},"geometry":{"type":"LineString","coordinates":[[6.498998,0.337907],[6.485744,0.280413],[6.462004,0.235454],[6.456414,0.208757],[6.455009,0.164493],[6.444538,0.145525],[6.445233,0.125852],[6.371943,0.051379],[6.342628,0.033814],[6.272129,0.007112],[6.254678,0.00641],[6.242812,0.000085]]}},
{"type":"Feature","properties":{},"geometry":{"type":"LineString","coordinates":[[7.625087,2.158201],[7.579028,2.207484],[7.534368,2.228935],[7.468618,2.283609],[7.440402,2.29554]]}},
{"type":"Feature","properties":{},"geometry":{"type":"LineString","coordinates":[[10.043227,5.430905],[10.131596,5.460356],[10.182683,5.506878],[10.241109,5.526074],[10.275984,5.557065],[10.305821,5.602775],[10.338641,5.635872],[10.410267,5.678936],[10.421938,5.692396],[10.418503,5.750026],[10.431253,5.845134],[10.426695,5.89545],[10.418584,5.914405],[10.41994,5.937421],[10.411094,5.979422],[10.417695,6.003414],[10.426231,6.015861]]}},
{"type":"Feature","properties":{},"geometry":{"type":"LineString","coordinates":[[9.485303,5.870654],[9.424229,5.874414],[9.348725,5.868985],[9.290116,5.876688]]}},
{"type":"Feature","properties":{},"geometry":{"type":"LineString","coordinates":[[8.602505,8.126913],[8.63467,8.14219],[8.659066,8.144184],[8.694424,8.159097],[8.71645,8.159252],[8.772036,8.147257],[8.786163,8.15219],[8.814642,8.145246],[8.836833,8.157063],[8.848047,8.155034],[8.876796,8.166753],[8.892692,8.164654],[8.900337,8.174811],[8.914374,8.173672],[8.93087,8.18043],[8.932337,8.184609],[8.949197,8.184361],[8.968265,8.20648],[8.979107,8.210986],[8.998886,8.248959],[9.027981,8.267653],[9.093777,8.281584],[9.126247,8.30628],[9.157645,8.307194],[9.177957,8.318074],[9.202769,8.317221],[9.22925,8.333132],[9.280756,8.332316],[9.306664,8.3417],[9.335677,8.340302],[9.395479,8.346333]]}},
{"type":"Feature","properties":{},"geometry":{"type":"LineString","coordinates":[[9.360286,8.283941],[9.359273,8.337125],[9.365971,8.345878],[9.369613,8.368205],[9.360915,8.380471],[9.367691,8.393886],[9.356123,8.402469],[9.352099,8.414193],[9.353686,8.482259],[9.349203,8.494458],[9.349112,8.517313],[9.344114,8.526723],[9.360023,8.567736],[9.361428,8.609686],[9.368808,8.630549],[9.372291,8.670366],[9.381128,8.694002],[9.381616,8.722675],[9.427092,8.750584],[9.475129,8.76375],[9.51478,8.77985],[9.549078,8.771328],[9.569329,8.777036]]}},
{"type":"Feature","properties":{},"geometry":{"type":"LineString","coordinates":[[9.381616,8.722675],[9.319083,8.725358],[9.291993,8.703421],[9.271832,8.703288],[9.23188,8.682956],[9.181291,8.685648],[9.144988,8.702101],[9.131839,8.700913],[9.101972,8.709794],[9.071036,8.725224],[9.032607,8.75617],[9.031911,8.771115],[9.026336,8.77447],[8.989225,8.77133],[8.977121,8.777122],[8.980615,8.790134],[8.965605,8.790374],[8.960171,8.802594],[8.941899,8.804285],[8.935876,8.809048],[8.937864,8.816017],[8.931342,8.818921],[8.858829,8.818195],[8.838009,8.807317],[8.830802,8.796693],[8.820246,8.796856],[8.805298,8.80129],[8.789079,8.814611],[8.766246,8.825235],[8.756097,8.836596],[8.727791,8.842634],[8.713423,8.854527],[8.689023,8.855367],[8.676779,8.868161],[8.665116,8.873008],[8.656889,8.887609],[8.639251,8.900952],[8.610308,8.912131],[8.606161,8.917331],[8.545085,8.931328],[8.522516,8.929797],[8.464003,8.943277],[8.407285,8.928691]]}},
{"type":"Feature","properties":{},"geometry":{"type":"LineString","coordinates":[[8.620096,8.907313],[8.611402,8.876157],[8.592547,8.840481],[8.590276,8.814363],[8.558678,8.805025],[8.547596,8.78604],[8.535287,8.779216],[8.515172,8.752422],[8.509043,8.750643],[8.502943,8.718971],[8.472536,8.694189],[8.457206,8.672922],[8.42047,8.664572],[8.406698,8.653556],[8.389078,8.652404],[8.381395,8.640366],[8.363507,8.63688],[8.354405,8.623926],[8.324951,8.599108],[8.319547,8.581896],[8.295143,8.565413],[8.282605,8.541288],[8.255199,8.528111],[8.253067,8.50945],[8.244011,8.499293],[8.223299,8.4949],[8.21664,8.488447],[8.21107,8.440858],[8.173637,8.396493],[8.170093,8.376912]]}},
{"type":"Feature","properties":{},"geometry":{"type":"LineString","coordinates":[[8.620096,8.907313],[8.630434,8.923034],[8.651615,8.926213],[8.717531,8.952515],[8.732243,8.947385],[8.818882,8.94813],[8.869493,8.942428],[8.882188,8.943626],[8.915534,8.959196],[8.929887,8.975768],[8.992983,9.023048],[9.018286,9.062533],[9.032437,9.0665],[9.055871,9.099009],[9.088649,9.121558],[9.104437,9.13879],[9.113985,9.161724],[9.117608,9.208555],[9.173293,9.271284],[9.203042,9.280565],[9.211753,9.295108],[9.23621,9.303777],[9.246231,9.312697],[9.265257,9.313062],[9.271141,9.326951],[9.283842,9.328126],[9.29311,9.334258],[9.298279,9.34746],[9.323604,9.345609],[9.358427,9.362473],[9.374866,9.375469],[9.375449,9.38805],[9.395793,9.421681]]}},
{"type":"Feature","properties":{},"geometry":{"type":"LineString","coordinates":[[9.569329,8.777036],[9.565991,8.793644],[9.575487,8.813757],[9.574958,8.823556],[9.58861,8.840097],[9.616358,8.858486],[9.619383,8.870318],[9.612543,8.880929],[9.618367,8.892013],[9.629062,8.900212],[9.619601,8.921358],[9.636776,8.937831],[9.652329,8.942446],[9.652304,8.979503],[9.633641,8.99732],[9.610452,9.036896],[9.608932,9.069088],[9.599575,9.09583],[9.564487,9.139123],[9.556522,9.165142],[9.521019,9.224532],[9.522658,9.237091],[9.5124,9.253364],[9.512542,9.261054],[9.498673,9.272497],[9.498163,9.282997],[9.484371,9.298635],[9.479715,9.313408],[9.46308,9.327701],[9.44127,9.328797],[9.432208,9.333858],[9.423927,9.343101],[9.421305,9.353642],[9.412151,9.353807],[9.39976,9.369422],[9.374866,9.375469]]}},
{"type":"Feature","properties":{},"geometry":{"type":"LineString","coordinates":[[8.62756,8.918664],[8.622678,8.934009],[8.630694,8.951399],[8.657187,8.979011],[8.665187,8.994998],[8.66208,9.021662],[8.671501,9.038326],[8.697741,9.049125],[8.70713,9.063685],[8.728575,9.082959],[8.738315,9.119224],[8.73939,9.142318],[8.752956,9.153307],[8.753273,9.172911],[8.771922,9.192922],[8.780822,9.22009],[8.77311,9.265734],[8.794609,9.287093],[8.762799,9.324726],[8.731068,9.32454],[8.719175,9.330335],[8.690966,9.330088],[8.661458,9.336864],[8.629274,9.352787],[8.613282,9.367051],[8.580364,9.381583],[8.582281,9.413075],[8.535474,9.441838],[8.52524,9.463718],[8.526124,9.481491]]}},
{"type":"Feature","properties":{},"geometry":{"type":"LineString","coordinates":[[8.580364,9.381583],[8.572847,9.374697],[8.502884,9.366686],[8.470871,9.349667],[8.451112,9.349271],[8.444524,9.333958],[8.421782,9.323095],[8.414555,9.311994],[8.417832,9.295828],[8.426187,9.288693],[8.464798,9.276893],[8.466544,9.253044],[8.448323,9.214786],[8.448108,9.200775],[8.461008,9.168349],[8.459917,9.143142],[8.470083,9.116364],[8.46451,9.074409],[8.465537,9.04917],[8.494389,8.999694],[8.484113,8.972523],[8.479273,8.939998]]}},
{"type":"Feature","properties":{},"geometry":{"type":"LineString","coordinates":[[8.467059,9.087601],[8.40148,9.101976],[8.351903,9.134245],[8.343632,9.146981],[8.332435,9.152753],[8.305896,9.15497]]}},
{"type":"Feature","properties":{},"geometry":{"type":"LineString","coordinates":[[8.312375,9.15418],[8.314469,9.177546],[8.32593,9.18929],[8.336927,9.217159],[8.337382,9.247287],[8.364521,9.269305],[8.370291,9.277628],[8.371926,9.292319],[8.395863,9.289154],[8.421873,9.292377]]}},
{"type":"Feature","properties":{},"geometry":{"type":"LineString","coordinates":[[8.371926,9.292319],[8.353353,9.300307],[8.330536,9.330784]]}},
{"type":"Feature","properties":{},"geometry":{"type":"LineString","coordinates":[[8.526124,9.481491],[8.531763,9.489069],[8.527203,9.498015],[8.510315,9.501085],[8.49872,9.511544],[8.504157,9.527805],[8.472908,9.545115],[8.472579,9.553994],[8.489635,9.561198],[8.499256,9.574123],[8.539366,9.580956],[8.554564,9.589586],[8.564134,9.59924],[8.568605,9.613646],[8.577158,9.618645],[8.584886,9.630661],[8.585093,9.643268],[8.63405,9.672355],[8.659057,9.676145],[8.670952,9.683886],[8.677178,9.69032],[8.68089,9.715006],[8.692724,9.719011],[8.725866,9.758142],[8.789514,9.778072],[8.805934,9.77499],[8.836183,9.782407],[8.844354,9.792068],[8.830656,9.816113],[8.830316,9.823588],[8.812534,9.829496],[8.747129,9.831084],[8.735079,9.842029],[8.705694,9.844395],[8.696538,9.859491],[8.671878,9.876719],[8.644028,9.886527],[8.634971,9.907693],[8.634716,9.920306],[8.617263,9.946283],[8.58629,9.966886],[8.542569,9.972287],[8.5253,9.981915],[8.510935,9.996165],[8.507183,10.011174],[8.490531,10.029666],[8.469529,10.069717],[8.438225,10.086118],[8.414897,10.114531],[8.389279,10.133171],[8.395242,10.151292],[8.391753,10.168166],[8.380196,10.181905],[8.378474,10.191744],[8.350265,10.210896],[8.380486,10.2132],[8.400878,10.219869],[8.409531,10.229535],[8.359914,10.251848],[8.338639,10.248929],[8.306132,10.251331],[8.25572,10.269441],[8.192797,10.258775],[8.155563,10.246752],[8.131766,10.25046]]}},
{"type":"Feature","properties":{},"geometry":{"type":"LineString","coordinates":[[8.358577,10.251704],[8.359049,10.326143],[8.354154,10.343511],[8.34952,10.403854],[8.329021,10.447179],[8.305572,10.45598],[8.294195,10.480932],[8.293097,10.49964],[8.280953,10.507318],[8.26804,10.525289],[8.263597,10.541716],[8.249209,10.55644],[8.267876,10.598648],[8.291804,10.616934],[8.291598,10.632356],[8.301171,10.639669],[8.305599,10.649873],[8.300304,10.698553],[8.269733,10.733648],[8.263827,10.774399],[8.236117,10.770664],[8.226749,10.775496],[8.209228,10.773455],[8.18189,10.777653],[8.139739,10.800321],[8.134421,10.7934],[8.118701,10.786183],[8.09802,10.793068],[8.051304,10.798043],[7.991718,10.782653],[7.928037,10.777205]]}},
{"type":"Feature","properties":{},"geometry":{"type":"LineString","coordinates":[[8.263827,10.774399],[8.286144,10.780559],[8.293665,10.805193],[8.308143,10.82223],[8.30479,10.873215],[8.289486,10.889832],[8.27713,10.91294],[8.263597,10.922985],[8.264873,10.941653],[8.246476,10.997574],[8.251619,11.020847],[8.235411,11.066919],[8.228069,11.079663],[8.197824,11.108224],[8.184513,11.131351],[8.160594,11.143447],[8.132119,11.17941]]}},
{"type":"Feature","properties":{},"geometry":{"type":"LineString","coordinates":[[8.286144,10.780559],[8.318861,10.773457],[8.340639,10.775885],[8.352621,10.785487],[8.403576,10.78133],[8.422267,10.769792],[8.431704,10.769158],[8.468287,10.780658],[8.506528,10.805201],[8.512838,10.814428],[8.514254,10.840092],[8.531893,10.848649],[8.57646,10.895011],[8.61199,10.899964],[8.632993,10.911252],[8.660291,10.905611],[8.674566,10.909315],[8.698929,10.900223],[8.718818,10.902653],[8.719941,10.91197],[8.744548,10.938587],[8.744756,10.949322],[8.760423,10.953228],[8.768642,10.962876],[8.764591,10.973225],[8.773557,10.996864],[8.774269,11.033266],[8.768112,11.056727],[8.726926,11.077589],[8.709896,11.07698],[8.703917,11.085497],[8.690312,11.090891],[8.666867,11.076392],[8.648508,11.080473],[8.620571,11.078194],[8.597092,11.086571]]}},
{"type":"Feature","properties":{},"geometry":{"type":"LineString","coordinates":[[8.768112,11.056727],[8.782433,11.063923],[8.800839,11.062635],[8.825526,11.068228],[8.85001,11.087358],[8.889674,11.08565],[8.9216,11.051884],[8.932804,11.045129],[8.945681,11.027607],[8.995104,11.018696],[9.026312,10.997075],[9.035989,10.985216],[9.104913,10.983836],[9.106704,11.001998],[9.101781,11.015162],[9.084255,11.03558],[9.083234,11.054732],[9.075186,11.06299]]}},
{"type":"Feature","properties":{},"geometry":{"type":"LineString","coordinates":[[9.105662,11.004784],[9.149697,11.014191],[9.160044,11.012115],[9.161815,11.006479],[9.185946,11.008786],[9.190048,11.001704],[9.196656,11.001569],[9.217169,11.016655]]}},
{"type":"Feature","properties":{},"geometry":{"type":"LineString","coordinates":[[8.85001,11.087358],[8.836976,11.097415],[8.825064,11.11632],[8.805848,11.124628],[8.792515,11.14356],[8.777049,11.150395],[8.775047,11.168642],[8.744842,11.195371],[8.723726,11.203714],[8.692043,11.203856],[8.687244,11.212352],[8.678817,11.216715],[8.647239,11.222453],[8.643939,11.247265],[8.617385,11.268316],[8.614205,11.283432]]}},
{"type":"Feature","properties":{},"geometry":{"type":"LineString","coordinates":[[8.732238,10.925552],[8.769456,10.895164],[8.793767,10.857823],[8.812062,10.851409],[8.809959,10.815969],[8.825503,10.789533],[8.827623,10.752613],[8.815809,10.738618]]}},
{"type":"Feature","properties":{},"geometry":{"type":"LineString","coordinates":[[8.827623,10.752613],[8.841863,10.756546],[8.873689,10.790953],[8.913839,10.792052],[8.924332,10.797452],[8.971848,10.801202],[8.98187,10.806608],[9.042313,10.807761],[9.061817,10.815311],[9.06478,10.821786],[9.103082,10.825227],[9.113661,10.834815],[9.132656,10.840503],[9.152498,10.864367],[9.150575,10.897065],[9.138652,10.914102],[9.126497,10.919945],[9.114158,10.93979],[9.104913,10.983836]]}},
{"type":"Feature","properties":{},"geometry":{"type":"LineString","coordinates":[[9.280638,10.705969],[9.262626,10.724525],[9.233458,10.728378],[9.21628,10.741786],[9.203053,10.763978],[9.205949,10.790045],[9.178108,10.812998],[9.161487,10.853922],[9.152498,10.864367]]}},
{"type":"Feature","properties":{},"geometry":{"type":"LineString","coordinates":[[9.280638,10.705969],[9.27457,10.697696],[9.272377,10.682813],[9.256927,10.665398],[9.245503,10.637171],[9.245094,10.617121],[9.240682,10.608811],[9.208752,10.592185],[9.209289,10.572114],[9.204887,10.56427],[9.195414,10.562124],[9.189893,10.545438],[9.168751,10.525572]]}},
{"type":"Feature","properties":{},"geometry":{"type":"LineString","coordinates":[[9.280638,10.705969],[9.288029,10.709863],[9.284965,10.744131],[9.298109,10.78631],[9.298441,10.802162],[9.309168,10.818734],[9.315799,10.842386],[9.333113,10.857887],[9.337555,10.867124],[9.343346,10.895454],[9.332807,10.919106]]}},
{"type":"Feature","properties":{},"geometry":{"type":"LineString","coordinates":[[9.56222,10.399906],[9.556208,10.427536],[9.548439,10.438886],[9.537796,10.447963],[9.520444,10.451583],[9.509543,10.470923],[9.485408,10.488204],[9.480078,10.5037],[9.460264,10.525089],[9.44073,10.559997],[9.429561,10.566753],[9.419127,10.563703],[9.388766,10.576913],[9.353636,10.599079],[9.346789,10.609945],[9.343828,10.626329],[9.330422,10.639194],[9.320006,10.659927],[9.279371,10.704242]]}},
{"type":"Feature","properties":{},"geometry":{"type":"LineString","coordinates":[[9.576666,10.392615],[9.587581,10.418963],[9.610159,10.439939],[9.612368,10.455277],[9.628122,10.465204],[9.636042,10.483218],[9.647079,10.492776]]}},
{"type":"Feature","properties":{},"geometry":{"type":"LineString","coordinates":[[8.409531,10.229535],[8.46093,10.218983],[8.47488,10.207538],[8.492496,10.203737],[8.549716,10.199965],[8.588817,10.171275],[8.594811,10.150158],[8.608143,10.144325],[8.649271,10.151322],[8.697377,10.15329],[8.727636,10.165367],[8.76543,10.144393],[8.778111,10.142069],[8.794501,10.149482],[8.843316,10.152115],[8.88415,10.143681],[8.93683,10.145529],[8.960677,10.135994],[8.986928,10.141816],[9.074383,10.133904],[9.152821,10.117043],[9.180997,10.100817],[9.205027,10.095766],[9.220624,10.098969],[9.236342,10.108468],[9.256121,10.108791],[9.264048,10.117037],[9.293804,10.122064],[9.331855,10.136023],[9.34456,10.135777],[9.35314,10.141207],[9.373333,10.1625],[9.380935,10.189634],[9.408914,10.193981],[9.42104,10.200038],[9.42759,10.209702],[9.436117,10.212331],[9.44559,10.226831],[9.486561,10.244899],[9.491759,10.257384],[9.503845,10.261338],[9.510557,10.278687],[9.576309,10.316516],[9.607518,10.356727]]}},
{"type":"Feature","properties":{},"geometry":{"type":"LineString","coordinates":[[8.830316,9.823588],[8.847425,9.84955],[8.857418,9.855678],[8.855474,9.865515],[8.82761,9.887006],[8.833455,9.898108],[8.834422,9.912796],[8.82543,9.923456],[8.826958,9.969645],[8.812315,9.980405],[8.811065,9.989531],[8.823257,9.99982],[8.821264,10.006858],[8.797426,10.017079],[8.794739,10.024829],[8.801927,10.031706],[8.802871,10.044994],[8.790457,10.062019],[8.816213,10.079772],[8.816289,10.083972],[8.792824,10.115198],[8.796735,10.136137],[8.789093,10.147036]]}},
{"type":"Feature","properties":{},"geometry":{"type":"LineString","coordinates":[[8.836183,9.782407],[8.842944,9.775405],[8.880989,9.771246],[8.911082,9.75672],[8.925627,9.741064],[8.950307,9.739933],[8.954328,9.727962],[8.962063,9.726426],[9.015636,9.723384],[9.049721,9.735379],[9.068625,9.727344],[9.109795,9.721708],[9.122527,9.723579],[9.162531,9.71236],[9.202069,9.714442],[9.241619,9.708822],[9.284401,9.683471],[9.293161,9.682688],[9.320162,9.685299],[9.355978,9.698936]]}},
{"type":"Feature","properties":{},"geometry":{"type":"LineString","coordinates":[[5.655177,5.442324],[5.639898,5.427424],[5.630003,5.410593],[5.606102,5.399446],[5.589179,5.379128],[5.557607,5.378559],[5.530186,5.363907],[5.530139,5.352657],[5.541996,5.335732],[5.617741,5.331899],[5.62681,5.337479]]}},
{"type":"Feature","properties":{},"geometry":{"type":"LineString","coordinates":[[5.541996,5.335732],[5.52509,5.318926],[5.48016,5.310671],[5.471686,5.296641],[5.456913,5.286152],[5.454063,5.274912],[5.445085,5.265023],[5.430843,5.256721],[5.43367,5.247223]]}},
{"type":"Feature","properties":{},"geometry":{"type":"LineString","coordinates":[[5.316846,5.485348],[5.280812,5.471083],[5.247806,5.465581],[5.232382,5.469859],[5.23246,5.490957],[5.226162,5.495904],[5.216336,5.49594],[5.200232,5.50655],[5.167236,5.50456],[5.131611,5.454049],[5.118256,5.448469],[5.115172,5.432898]]}},
{"type":"Feature","properties":{},"geometry":{"type":"LineString","coordinates":[[4.55171,5.499412],[4.562358,5.499348],[4.605434,5.52088],[4.625093,5.520357],[4.661155,5.527293],[4.669601,5.534773],[4.71454,5.535583],[4.733284,5.543033],[4.752056,5.559392],[4.799096,5.584419],[4.805026,5.584401],[4.812799,5.57531],[4.823125,5.584345],[4.844309,5.573024],[4.853393,5.583938],[4.861516,5.587039],[4.872427,5.583252],[4.887044,5.568199],[4.908245,5.562503],[4.923321,5.54479],[4.94344,5.542849],[4.953233,5.532031],[4.962117,5.529656],[4.974768,5.533835],[4.981312,5.531468],[4.976114,5.51648],[4.984995,5.513168],[4.996234,5.515475],[5.005574,5.509347],[5.023379,5.515852],[5.056132,5.514333],[5.060319,5.507285],[5.075286,5.504888],[5.08552,5.487503],[5.094409,5.487003],[5.104198,5.476183],[5.10463,5.465866],[5.118256,5.448469]]}},
{"type":"Feature","properties":{},"geometry":{"type":"LineString","coordinates":[[5.054717,5.157855],[5.046177,5.152242],[5.023266,5.154191],[5.010552,5.149057],[4.982559,5.149161],[4.924016,5.123548],[4.913265,5.125456],[4.900506,5.13493],[4.896947,5.143325],[4.866262,5.142263],[4.854861,5.146732],[4.848351,5.159883],[4.845166,5.190845],[4.818525,5.198895],[4.76144,5.194366],[4.723989,5.184621],[4.717222,5.190736],[4.68262,5.196927],[4.674225,5.206799],[4.665805,5.20729],[4.635227,5.232697],[4.635085,5.248705]]}},
{"type":"Feature","properties":{},"geometry":{"type":"LineString","coordinates":[[4.907542,4.760032],[4.922996,4.769837],[4.945384,4.801484]]}},
{"type":"Feature","properties":{},"geometry":{"type":"LineString","coordinates":[[4.266713,9.196836],[4.23429,9.190452],[4.190738,9.188487],[4.174789,9.183263],[4.169424,9.166394],[4.148082,9.134802],[4.107722,9.132816],[4.085363,9.113887],[4.05564,9.117141],[4.024787,9.097177],[3.984427,9.094121],[3.962088,9.079405],[3.940846,9.07735],[3.931249,9.061543],[3.918244,9.051365]]}},
{"type":"Feature","properties":{},"geometry":{"type":"LineString","coordinates":[[3.922249,9.320103],[3.981328,9.336406]]}},
{"type":"Feature","properties":{},"geometry":{"type":"LineString","coordinates":[[3.560894,9.440886],[3.566909,9.387972]]}},
{"type":"Feature","properties":{},"geometry":{"type":"LineString","coordinates":[[2.502554,9.6105],[2.448027,9.672041],[2.425974,9.712816],[2.423105,9.731107],[2.413152,9.744459],[2.415999,9.779065],[2.404471,9.839437],[2.389517,9.868962],[2.388763,9.892885],[2.371687,9.916778],[2.366682,9.936329],[2.353865,9.957555],[2.340356,9.96949],[2.333938,9.984253],[2.321821,9.997533]]}},
{"type":"Feature","properties":{},"geometry":{"type":"LineString","coordinates":[[2.773508,9.895005],[2.76283,9.881785],[2.745177,9.870514],[2.718055,9.869554],[2.684959,9.850135],[2.614012,9.842242],[2.605547,9.853495],[2.608419,9.862039]]}},
{"type":"Feature","properties":{},"geometry":{"type":"LineString","coordinates":[[2.607383,9.847864],[2.531117,9.813053],[2.487922,9.810802],[2.440657,9.79165],[2.417822,9.779068],[2.385172,9.745583],[2.361373,9.739177],[2.352579,9.727227],[2.327276,9.730462],[2.312647,9.715891],[2.268714,9.697975],[2.252642,9.696533],[2.220824,9.655183],[2.187337,9.623208],[2.177886,9.622247],[2.16256,9.607669],[2.149873,9.577617],[2.126782,9.551291],[2.126369,9.527837],[2.112198,9.525925],[2.099999,9.492589]]}},
{"type":"Feature","properties":{},"geometry":{"type":"LineString","coordinates":[[2.085593,9.408203],[2.085077,9.417967],[2.092133,9.429243],[2.085012,9.442359],[2.085941,9.44846],[2.103388,9.461169],[2.106659,9.47525],[2.099999,9.492589],[2.071622,9.502834]]}},
{"type":"Feature","properties":{},"geometry":{"type":"LineString","coordinates":[[2.098911,9.45806],[2.081656,9.461113],[2.040563,9.45772],[2.02263,9.450634],[1.994819,9.429448],[1.972628,9.425632],[1.970773,9.413899],[1.982614,9.403146],[2.014304,9.388226],[2.039421,9.385724],[2.055531,9.338616],[2.073989,9.323654],[2.108482,9.316706],[2.115511,9.338301],[2.114522,9.356124],[2.127236,9.371166],[2.127215,9.379609],[2.115878,9.380051],[2.112087,9.384731],[2.116308,9.396938],[2.11188,9.409195]]}},
{"type":"Feature","properties":{},"geometry":{"type":"LineString","coordinates":[[2.110843,9.316711],[2.111404,9.281532],[2.056653,9.272479],[2.054337,9.255587],[2.025109,9.239091],[1.996314,9.237135],[1.984527,9.231473],[1.953841,9.230916],[1.939696,9.224777],[1.939256,9.213987],[1.944951,9.203685],[1.980423,9.180802],[1.980452,9.170483],[1.965393,9.154492],[1.969662,9.147469],[1.997535,9.138634],[2.013111,9.138677],[2.039509,9.151413]]}},
{"type":"Feature","properties":{},"geometry":{"type":"LineString","coordinates":[[1.997535,9.138634],[1.987163,9.134383],[1.987656,9.12688],[1.93585,9.089207],[1.914226,9.060999],[1.876572,9.029928],[1.842621,9.023256],[1.833464,9.009624],[1.816497,9.003942],[1.803326,8.992173],[1.753272,9.00561],[1.735856,9.00179]]}},
{"type":"Feature","properties":{},"geometry":{"type":"LineString","coordinates":[[3.054934,10.795527],[3.022195,10.777237],[3.01529,10.7548]]}},
{"type":"Feature","properties":{},"geometry":{"type":"LineString","coordinates":[[3.237973,10.757703],[3.247794,10.786989],[3.256343,10.797537],[3.326844,10.838984],[3.367425,10.846679],[3.370997,10.857229],[3.363899,10.874125],[3.391669,10.879016],[3.41733,10.903608],[3.428726,10.907111],[3.435802,10.918045]]}},
{"type":"Feature","properties":{},"geometry":{"type":"LineString","coordinates":[[3.247794,10.786989],[3.238549,10.796144]]}},
{"type":"Feature","properties":{},"geometry":{"type":"LineString","coordinates":[[3.405211,10.891664],[3.335439,10.886822],[3.316926,10.88262],[3.304814,10.872782],[3.277047,10.868586],[3.231512,10.89888],[3.226537,10.910142]]}},
{"type":"Feature","properties":{},"geometry":{"type":"LineString","coordinates":[[7.174732,8.73563],[7.165429,8.760711],[7.165793,8.793347],[7.179693,8.805827],[7.198767,8.80772],[7.221099,8.816946],[7.232873,8.828394],[7.234004,8.834698],[7.175209,8.877474],[7.145936,8.910441],[7.139786,8.928411],[7.155787,8.938761],[7.156038,8.960869],[7.176433,8.984856],[7.20821,8.985546],[7.239051,8.996774],[7.267824,9.012233],[7.290345,9.036183],[7.27891,9.054214],[7.285351,9.061507],[7.273939,9.081643],[7.285977,9.114138],[7.286129,9.126768],[7.317173,9.15377],[7.31841,9.168493],[7.357043,9.209083],[7.338388,9.242993],[7.324719,9.25158],[7.324677,9.267371],[7.33321,9.271947],[7.326802,9.286996],[7.327853,9.295873],[7.322219,9.297344]]}},
{"type":"Feature","properties":{},"geometry":{"type":"LineString","coordinates":[[7.300975,10.783369],[7.275015,10.804783],[7.238247,10.815116],[7.220584,10.839834],[7.170875,10.871485],[7.149196,10.895644],[7.139567,10.918236],[7.122669,10.928993],[7.11939,10.948691],[7.084168,10.980585],[7.076309,10.992793],[7.038985,11.017159],[7.026427,11.034175],[7.012956,11.03646],[6.997468,11.047195],[7.005893,11.056565]]}},
{"type":"Feature","properties":{},"geometry":{"type":"LineString","coordinates":[[7.18427,11.346005],[7.162437,11.377198],[7.158862,11.392222],[7.168983,11.403309],[7.218361,11.439098],[7.269862,11.457533],[7.295306,11.477745],[7.304515,11.490709],[7.339478,11.512646],[7.314426,11.54951],[7.309883,11.562677],[7.315252,11.572422],[7.340508,11.579529],[7.362532,11.592296],[7.396752,11.595987],[7.403467,11.600562],[7.418558,11.594718],[7.451287,11.609183],[7.509154,11.608284],[7.537509,11.630756],[7.592114,11.619134],[7.621114,11.622879],[7.639578,11.620711],[7.662041,11.626038],[7.680385,11.621453],[7.740006,11.584942],[7.768902,11.583063],[7.800165,11.567116],[7.834254,11.56421],[7.850515,11.572353],[7.899271,11.567791],[7.912766,11.55322],[7.919039,11.532394],[7.934212,11.532604],[7.941909,11.539018],[7.964531,11.531619],[7.991997,11.556856],[8.000951,11.553897],[8.006737,11.559405],[8.006521,11.573899],[8.033843,11.590718],[8.113833,11.580726],[8.124556,11.587252],[8.12707,11.595151],[8.117153,11.597197],[8.115352,11.602369],[8.123079,11.610177],[8.154229,11.615696],[8.183504,11.609563],[8.236742,11.567014],[8.244908,11.57294],[8.261822,11.565157],[8.264042,11.557173],[8.282848,11.549355],[8.278401,11.539624],[8.299136,11.533639],[8.314842,11.512327]]}},
{"type":"Feature","properties":{},"geometry":{"type":"LineString","coordinates":[[8.244908,11.57294],[8.246583,11.58646],[8.271963,11.600482],[8.270235,11.60939],[8.276517,11.615817],[8.274298,11.6238],[8.267673,11.624389],[8.267385,11.634206],[8.279924,11.645657],[8.276302,11.654601],[8.264035,11.657629],[8.250513,11.669559],[8.271584,11.680853],[8.289171,11.683331],[8.316066,11.67676],[8.388577,11.676339]]}},
{"type":"Feature","properties":{},"geometry":{"type":"LineString","coordinates":[[8.271584,11.680853],[8.277055,11.694302],[8.289518,11.701547],[8.310727,11.69508],[8.327322,11.695238],[8.340698,11.700595],[8.352223,11.708322],[8.356141,11.714788],[8.352476,11.721397],[8.359738,11.729203],[8.370646,11.729465],[8.378509,11.737665],[8.397967,11.744832],[8.411029,11.770276],[8.426769,11.775115],[8.461534,11.759034],[8.476223,11.758752],[8.488422,11.752444],[8.537671,11.75009],[8.550065,11.753584],[8.56246,11.745403],[8.576171,11.743733],[8.592373,11.748086],[8.642549,11.745228],[8.673274,11.753022],[8.688382,11.773266],[8.717978,11.772204],[8.754597,11.778468],[8.780569,11.774205],[8.794945,11.781849],[8.819688,11.776674]]}},
{"type":"Feature","properties":{},"geometry":{"type":"LineString","coordinates":[[7.158862,11.392222],[7.105873,11.41777],[7.076485,11.452343],[7.067708,11.468844],[7.069379,11.486136],[7.063148,11.51477],[7.05066,11.537408],[7.048624,11.560835],[7.038921,11.579223],[7.030968,11.58729],[7.009218,11.593208],[6.98543,11.606174],[6.954148,11.67681],[6.923512,11.693145],[6.897714,11.699114],[6.885954,11.707231],[6.886137,11.720334],[6.881019,11.727893],[6.858789,11.734747],[6.845713,11.750838],[6.809796,11.764427],[6.798602,11.779557],[6.747198,11.807858],[6.734694,11.831899],[6.712114,11.849049],[6.693167,11.889091],[6.661842,11.892776],[6.644218,11.907987],[6.637745,11.921648],[6.618348,11.928921],[6.616701,11.948138],[6.604876,11.970764],[6.596448,11.980705],[6.582214,11.983229],[6.565398,12.006386]]}},
{"type":"Feature","properties":{},"geometry":{"type":"LineString","coordinates":[[6.864556,5.003483],[6.827601,5.003094],[6.807681,4.989011],[6.772652,4.986404],[6.750195,4.978105],[6.702565,4.97697],[6.611445,4.96413],[6.587627,4.963558],[6.555458,4.972865],[6.536515,4.967347],[6.515526,4.972142],[6.484216,4.968093],[6.466077,4.98224],[6.402939,4.96524]]}},
{"type":"Feature","properties":{},"geometry":{"type":"LineString","coordinates":[[6.515526,4.972142],[6.51699,4.983843],[6.56285,5.001392],[6.568491,5.008386],[6.586703,5.008286],[6.583955,5.018137],[6.536477,5.046964]]}},
{"type":"Feature","properties":{},"geometry":{"type":"LineString","coordinates":[[6.331537,5.356513],[6.354018,5.36529],[6.353508,5.374904]]}},
{"type":"Feature","properties":{},"geometry":{"type":"LineString","coordinates":[[6.095584,5.997055],[6.082766,6.007334],[6.04914,6.020174]]}},
{"type":"Feature","properties":{},"geometry":{"type":"LineString","coordinates":[[5.250351,11.129832],[5.175355,11.097267],[5.158871,11.095434],[5.142298,11.081237],[5.094775,11.068557],[5.079519,11.053696],[4.989098,11.028274],[4.974624,11.030972],[4.942322,11.027276],[4.91458,11.015738],[4.888775,10.997678],[4.866994,10.990654],[4.841973,10.992108],[4.81488,10.977953],[4.771116,10.974768]]}},
{"type":"Feature","properties":{},"geometry":{"type":"LineString","coordinates":[[4.426454,8.158262],[4.416684,8.172219],[4.353859,8.230018],[4.297918,8.293819],[4.263041,8.320805],[4.206428,8.353887],[4.132695,8.374946],[4.106847,8.387633],[4.062547,8.400919],[3.958297,8.451646],[3.925813,8.458855],[3.908,8.468358],[3.880515,8.494748],[3.859678,8.538674],[3.829583,8.635823],[3.82087,8.684658],[3.820995,8.741701],[3.839913,8.818996],[3.850996,8.842556],[3.882709,8.959857],[3.892116,8.971901],[3.918244,9.051365],[3.918275,9.063432],[3.929359,9.0826],[3.941128,9.151676],[3.92806,9.219719],[3.933067,9.234514],[3.927591,9.251532],[3.933734,9.27839],[3.92173,9.332719],[3.91457,9.339867],[3.917372,9.355217],[3.914149,9.389778],[3.892243,9.462231],[3.885187,9.511062],[3.885771,9.523127],[3.916935,9.606959],[3.915453,9.672229],[3.925514,9.712787],[3.928436,9.769817],[3.946316,9.83613],[3.949735,9.871221],[3.942648,9.907437],[3.958411,10.001723],[3.959674,10.054918],[3.971465,10.11192],[3.971035,10.153053],[3.981618,10.174411]]}},
{"type":"Feature","properties":{},"geometry":{"type":"LineString","coordinates":[[6.724857,6.867643],[6.713028,6.869709],[6.680307,6.89364],[6.629004,6.897979],[6.565943,6.9149],[6.52861,6.940176],[6.513587,6.956076],[6.487331,6.966796],[6.456282,6.997287],[6.432036,7.013254],[6.420313,7.031103],[6.380021,7.059687]]}},
{"type":"Feature","properties":{},"geometry":{"type":"LineString","coordinates":[[2.774513,3.918461],[2.782921,3.974054],[2.810211,3.991879],[2.802317,4.005641],[2.810619,4.024413],[2.804797,4.056944],[2.813515,4.07655],[2.818493,4.103245],[2.818491,4.111588],[2.795643,4.120758],[2.788159,4.146616]]}},
{"type":"Feature","properties":{},"geometry":{"type":"LineString","coordinates":[[2.841585,3.904712],[2.843663,3.898873],[2.857784,3.890117]]}},
{"type":"Feature","properties":{},"geometry":{"type":"LineString","coordinates":[[8.224555,4.777474],[8.244511,4.803136],[8.265519,4.845844],[8.306183,4.903604],[8.302377,4.945119],[8.340624,5.070641],[8.3435,5.140215],[8.351562,5.169645],[8.369794,5.205441],[8.373287,5.237673],[8.388488,5.29423],[8.40338,5.314839],[8.424924,5.333544],[8.458223,5.406981],[8.484789,5.44637],[8.495587,5.470693],[8.522594,5.507307],[8.582287,5.547293],[8.591679,5.567936]]}},
{"type":"Feature","properties":{},"geometry":{"type":"LineString","coordinates":[[6.950265,4.540222],[6.91537,4.555191],[6.897439,4.558522],[6.861648,4.578576],[6.8483,4.578648],[6.823493,4.587557],[6.80058,4.606617]]}},
{"type":"Feature","properties":{},"geometry":{"type":"LineString","coordinates":[[6.847269,4.426234],[6.829818,4.433253]]}},
{"type":"Feature","properties":{},"geometry":{"type":"LineString","coordinates":[[6.932206,4.433638],[6.925224,4.418434]]}},
{"type":"Feature","properties":{},"geometry":{"type":"LineString","coordinates":[[4.360088,5.477975],[4.376227,5.501179],[4.385109,5.525222],[4.418014,5.551676],[4.425031,5.567496]]}},
{"type":"Feature","properties":{},"geometry":{"type":"LineString","coordinates":[[4.538712,5.289363],[4.551005,5.293212],[4.581281,5.267662],[4.635085,5.248705]]}},
{"type":"Feature","properties":{},"geometry":{"type":"LineString","coordinates":[[4.551099,5.501264],[4.547965,5.479678],[4.550703,5.467023],[4.562054,5.452186],[4.547168,5.409036],[4.542754,5.367401],[4.548873,5.352887],[4.549696,5.313089],[4.538712,5.289363],[4.51348,5.290967],[4.50272,5.30232],[4.492317,5.296371],[4.463235,5.265482],[4.449941,5.238982],[4.38815,5.199286],[4.28741,5.201582],[4.229231,5.194409],[4.152319,5.166438],[4.10661,5.161313],[4.080625,5.149903],[4.056736,5.149943],[4.020372,5.142713],[3.989181,5.121934],[3.971525,5.121961],[3.952811,5.109492],[3.93515,5.106394],[3.915178,5.096047],[3.90085,5.082645],[3.881451,5.073878],[3.87127,5.054914],[3.856948,5.044751],[3.846297,5.017456],[3.825957,4.992488],[3.813467,4.968897],[3.806994,4.959648],[3.788057,4.947174],[3.78297,4.937922],[3.775072,4.892571],[3.801789,4.851807],[3.84284,4.837872],[3.858047,4.822578],[3.884809,4.822081],[3.897254,4.811882],[3.915707,4.809543],[3.939219,4.796088],[3.971971,4.791414],[3.981191,4.78631]]}},
{"type":"Feature","properties":{},"geometry":{"type":"LineString","coordinates":[[4.787224,5.579922],[4.777905,5.594176],[4.758879,5.597673]]}},
{"type":"Feature","properties":{},"geometry":{"type":"LineString","coordinates":[[9.152748,7.731447],[9.162033,7.739299],[9.208052,7.751691],[9.235836,7.752515],[9.257913,7.771017],[9.269645,7.773642],[9.293003,7.803146],[9.329218,7.816596],[9.37832,7.8471],[9.393785,7.849196],[9.413163,7.862423],[9.477384,7.870317],[9.492638,7.876117],[9.512625,7.898185],[9.519493,7.918592],[9.547508,7.96011],[9.600485,7.997492],[9.665833,8.061692],[9.678826,8.083852],[9.697315,8.098928],[9.703563,8.12306],[9.721704,8.14513],[9.720212,8.195488],[9.730038,8.223286],[9.731257,8.240043],[9.750306,8.259761],[9.756208,8.303932],[9.777601,8.337119],[9.778408,8.356677],[9.798989,8.356322],[9.805143,8.36041],[9.827662,8.37726],[9.83695,8.39993],[9.855456,8.414516],[9.885525,8.421443],[9.89608,8.436165],[9.945225,8.437157],[9.958973,8.44716],[9.970189,8.446494],[9.987687,8.456894],[9.979888,8.465419],[9.978203,8.475697],[9.984553,8.490488],[9.976571,8.501811],[9.973542,8.515374],[9.978015,8.529734],[9.972996,8.536812],[9.968864,8.592319],[9.954694,8.610744],[9.936866,8.659516],[9.912992,8.685108],[9.901685,8.706744],[9.901323,8.715966],[9.878426,8.715088],[9.839809,8.728835],[9.785048,8.730755],[9.74882,8.747715],[9.705988,8.749412],[9.671439,8.756084],[9.627593,8.767114],[9.598757,8.779275],[9.56927,8.777331]]}},
{"type":"Feature","properties":{},"geometry":{"type":"LineString","coordinates":[[10.260103,9.216044],[10.263758,9.26261],[10.279778,9.31194],[10.280088,9.32683],[10.335361,9.399545],[10.338813,9.414989],[10.33947,9.533515],[10.330398,9.557498],[10.287435,9.575786],[10.275545,9.58514],[10.229583,9.600178],[10.217979,9.623184],[10.205238,9.635032]]}},
{"type":"Feature","properties":{},"geometry":{"type":"LineString","coordinates":[[6.737354,6.623412],[6.735535,6.58965],[6.741719,6.550866],[6.737756,6.525535],[6.741223,6.500031],[6.766232,6.469207],[6.796661,6.448295],[6.766802,6.414149]]}},
{"type":"Feature","properties":{},"geometry":{"type":"LineString","coordinates":[[6.890624,6.697329],[6.893748,6.657384],[6.918432,6.63828],[6.919188,6.618682],[6.892922,6.59568],[6.885025,6.576377],[6.870419,6.558292],[6.862674,6.528735],[6.826814,6.505],[6.804563,6.484435],[6.79842,6.470269],[6.796661,6.448295],[6.809738,6.414961],[6.795386,6.399147]]}},
{"type":"Feature","properties":{},"geometry":{"type":"LineString","coordinates":[[5.763346,6.965865],[5.715616,6.946177],[5.705833,6.934674],[5.681227,6.920017],[5.664924,6.900689],[5.64078,6.885564],[5.584769,6.880784],[5.554726,6.886957],[5.517939,6.88669],[5.453847,6.855541],[5.410873,6.852556],[5.37613,6.844867],[5.312259,6.842403],[5.277815,6.849043],[5.170935,6.80282],[5.111776,6.767002],[5.075167,6.75467],[5.038368,6.752049],[4.997669,6.757769],[4.950099,6.781556],[4.91774,6.790937],[4.869716,6.819345],[4.821164,6.832023],[4.724192,6.833305],[4.678387,6.839944],[4.608449,6.829541],[4.596463,6.844387],[4.587218,6.848582],[4.569624,6.848177],[4.551098,6.863738]]}},
{"type":"Feature","properties":{},"geometry":{"type":"LineString","coordinates":[[5.833823,5.297154],[5.886337,5.297479],[5.971596,5.284132],[5.986387,5.290995],[5.989711,5.310857],[6.006873,5.331113],[6.058125,5.368765]]}},
{"type":"Feature","properties":{},"geometry":{"type":"LineString","coordinates":[[5.638212,5.466907],[5.643617,5.472042],[5.679567,5.479671],[5.699041,5.500391],[5.745566,5.533007],[5.75211,5.551009],[5.767829,5.557409],[5.797995,5.59333],[5.825785,5.614465],[5.909988,5.657508],[5.921954,5.650976],[5.945138,5.652359]]}},
{"type":"Feature","properties":{},"geometry":{"type":"LineString","coordinates":[[5.367611,5.483762],[5.392607,5.5017],[5.400974,5.516466],[5.402874,5.529871],[5.412621,5.543243],[5.416914,5.576988],[5.425262,5.586666],[5.430872,5.603755],[5.430928,5.617167],[5.442998,5.633303]]}},
{"type":"Feature","properties":{},"geometry":{"type":"LineString","coordinates":[[3.339427,5.68653],[3.340893,5.701543],[3.336733,5.708636],[3.366318,5.744903],[3.367993,5.758248]]}},
{"type":"Feature","properties":{},"geometry":{"type":"LineString","coordinates":[[3.280064,5.621081],[3.274031,5.629008],[3.263207,5.628596],[3.260713,5.636105],[3.24656,5.640698],[3.236157,5.655301],[3.228664,5.657389],[3.210343,5.651556],[3.192027,5.658653],[3.172455,5.646981],[3.157885,5.650322],[3.144559,5.640316],[3.131238,5.646158]]}},
{"type":"Feature","properties":{},"geometry":{"type":"LineString","coordinates":[[3.321728,5.292405],[3.330258,5.292818],[3.353196,5.304807],[3.400358,5.314232],[3.424852,5.305655],[3.442666,5.31443],[3.470006,5.310785],[3.483657,5.320825],[3.508746,5.328961],[3.583637,5.290452],[3.595292,5.296002],[3.648137,5.299842],[3.660901,5.304555],[3.669874,5.294792],[3.670714,5.27257],[3.695947,5.266704],[3.698151,5.253356],[3.724757,5.23567],[3.743581,5.205898],[3.760214,5.20004],[3.791489,5.149122],[3.807838,5.139926],[3.81488,5.116841],[3.826511,5.105705],[3.828164,5.097084],[3.83869,5.089007],[3.840724,5.053417],[3.845153,5.046752],[3.856054,5.042566]]}},
{"type":"Feature","properties":{},"geometry":{"type":"LineString","coordinates":[[3.267598,5.166236],[3.245554,5.175004]]}},
{"type":"Feature","properties":{},"geometry":{"type":"LineString","coordinates":[[3.308971,4.777452],[3.305408,4.771101],[3.27977,4.76319],[3.264808,4.776172]]}},
{"type":"Feature","properties":{},"geometry":{"type":"LineString","coordinates":[[3.436091,5.84693],[3.451077,5.838786],[3.483558,5.83563],[3.552587,5.837444],[3.58943,5.825521],[3.599427,5.827386],[3.607538,5.81862],[3.708734,5.821004],[3.741095,5.808868],[3.76566,5.805916],[3.814326,5.768315],[3.849333,5.749293],[3.883345,5.70399],[3.899993,5.700628],[3.90661,5.672677],[3.913268,5.670581],[3.946583,5.677617],[3.961978,5.673004],[3.959882,5.66425],[3.966938,5.651311],[3.965215,5.616701],[4.006588,5.59036],[4.014028,5.560044],[4.029289,5.547048]]}}
]
}
