{
"type": "FeatureCollection",
"name": "streams",
"crs": { "type": "name", "properties": { "name": "urn:ogc:def:crs:OGC:1.3:CRS84" } },
"xy_coordinate_resolution": 1e-06,
"features": [
{"type":"Feature","properties":{"STRM_VAL":1.0,"max_accum":16200.0,"color":"#91bfe9","weight":1.58},"geometry":{"type":"LineString","coordinates":[[6.510007,49.543671],[6.50965,49.543888],[6.509638,49.544113],[6.509282,49.54433],[6.509259,49.54478],[6.509593,49.545012],[6.509558,49.545686],[6.509202,49.545903],[6.509536,49.546135],[6.510226,49.54615],[6.510894,49.546614],[6.511239,49.546621],[6.512575,49.54755],[6.512506,49.548898],[6.513174,49.549362],[6.513162,49.549586]]}},
{"type":"Feature","properties":{"STRM_VAL":1.0,"max_accum":42191.0,"color":"#7dabd7","weight":2.07},"geometry":{"type":"LineString","coordinates":[[6.513162,49.549586],[6.514498,49.550515],[6.515189,49.55053],[6.515522,49.550762],[6.515454,49.55211],[6.515788,49.552342],[6.515754,49.553016],[6.516088,49.553248],[6.516076,49.553472],[6.51572,49.55369],[6.515651,49.555038],[6.515985,49.55527],[6.515974,49.555494],[6.51526,49.555929],[6.515928,49.556393],[6.516273,49.5564],[6.516607,49.556632],[6.516953,49.55664],[6.517621,49.557104],[6.517609,49.557329],[6.517955,49.557336],[6.518288,49.557568],[6.518254,49.558242],[6.518588,49.558474],[6.518934,49.558482],[6.519268,49.558714],[6.518911,49.558931],[6.518899,49.559156],[6.519567,49.55962],[6.519556,49.559844],[6.519199,49.560062],[6.519188,49.560286],[6.519522,49.560518],[6.519465,49.561642],[6.520467,49.562338],[6.520456,49.562562],[6.521492,49.562585],[6.521826,49.562817],[6.521769,49.56394],[6.522103,49.564172],[6.522091,49.564397],[6.522425,49.564629],[6.522414,49.564853],[6.522069,49.564846],[6.522046,49.565295],[6.52238,49.565527],[6.522725,49.565535],[6.522691,49.566209],[6.523025,49.566441],[6.522312,49.566875],[6.522278,49.567549],[6.522946,49.568013],[6.522934,49.568238],[6.522577,49.568455],[6.522555,49.568905],[6.522198,49.569122],[6.522532,49.569354],[6.522521,49.569579],[6.522855,49.569811],[6.5232,49.569818],[6.523534,49.57005],[6.523511,49.570499],[6.52418,49.570964],[6.524157,49.571413],[6.524491,49.571645],[6.524836,49.571652],[6.52517,49.571884],[6.524814,49.572102],[6.524745,49.57345],[6.52508,49.573682],[6.525068,49.573906],[6.525414,49.573914],[6.525748,49.574146],[6.525714,49.57482],[6.526382,49.575284],[6.527418,49.575306],[6.527752,49.575538],[6.52773,49.575987],[6.528064,49.576219],[6.528052,49.576444],[6.528398,49.576451],[6.529066,49.576916],[6.529055,49.57714],[6.528698,49.577357],[6.529032,49.577589],[6.529723,49.577604],[6.530057,49.577836],[6.530035,49.578286],[6.530369,49.578518],[6.530289,49.58009]]}},
{"type":"Feature","properties":{"STRM_VAL":1.0,"max_accum":67182.0,"color":"#74a1ce","weight":2.31},"geometry":{"type":"LineString","coordinates":[[6.530289,49.58009],[6.530267,49.58054],[6.530601,49.580772],[6.530244,49.580989],[6.530221,49.581438],[6.530555,49.58167],[6.530521,49.582344],[6.530165,49.582561],[6.530142,49.583011],[6.529785,49.583228],[6.530453,49.583692],[6.530431,49.584141],[6.531099,49.584606],[6.531031,49.585953],[6.530317,49.586388],[6.530306,49.586613],[6.531308,49.587309],[6.531263,49.588207],[6.531597,49.588439],[6.531575,49.588889],[6.531218,49.589106],[6.531206,49.589331],[6.532209,49.590027],[6.532566,49.58981],[6.533257,49.589824],[6.53426,49.59052],[6.534249,49.590745],[6.533892,49.590962],[6.534226,49.591194],[6.534203,49.591644],[6.534538,49.591876],[6.534515,49.592325],[6.534158,49.592542],[6.534147,49.592767],[6.534481,49.592999],[6.534458,49.593448],[6.534792,49.59368],[6.534736,49.594804],[6.536407,49.595964],[6.537099,49.595978],[6.537433,49.59621],[6.537778,49.596218],[6.538781,49.596914],[6.538424,49.597131],[6.539093,49.597595],[6.539082,49.59782],[6.538725,49.598037],[6.539059,49.598269],[6.539405,49.598277],[6.539739,49.598509],[6.539728,49.598733],[6.540062,49.598965],[6.540408,49.598973],[6.540363,49.599871],[6.540697,49.600103],[6.540686,49.600328],[6.539615,49.60098],[6.539581,49.601654],[6.539915,49.601886],[6.540261,49.601893],[6.54093,49.602357],[6.541967,49.602379],[6.542324,49.602162],[6.542658,49.602394],[6.542647,49.602619],[6.544987,49.604243],[6.544965,49.604692],[6.545634,49.605156],[6.545979,49.605163],[6.547986,49.606555],[6.547974,49.60678],[6.547617,49.606997],[6.547952,49.607229],[6.548298,49.607236],[6.549301,49.607932]]}},
{"type":"Feature","properties":{"STRM_VAL":1.0,"max_accum":121517.0,"color":"#6794c3","weight":2.61},"geometry":{"type":"LineString","coordinates":[[6.549301,49.607932],[6.549992,49.607947],[6.550327,49.608179],[6.550684,49.607962],[6.55103,49.607969],[6.551386,49.607752],[6.551732,49.607759],[6.552446,49.607324],[6.553829,49.607354]]}},
{"type":"Feature","properties":{"STRM_VAL":1.0,"max_accum":140130.0,"color":"#6591c1","weight":2.69},"geometry":{"type":"LineString","coordinates":[[6.553829,49.607354],[6.554175,49.607361],[6.554844,49.607825],[6.555189,49.607832],[6.555524,49.608064],[6.55587,49.608071],[6.556204,49.608303],[6.55655,49.608311],[6.558222,49.60947],[6.558211,49.609695],[6.559549,49.610623],[6.559538,49.610848],[6.560207,49.611311],[6.560196,49.611536],[6.560865,49.612],[6.560853,49.612225],[6.561188,49.612457],[6.561165,49.612906],[6.5615,49.613138],[6.561478,49.613587],[6.561812,49.613819],[6.561756,49.614943],[6.562091,49.615174],[6.561911,49.618769],[6.565257,49.621089],[6.565603,49.621096],[6.566272,49.62156],[6.566964,49.621574],[6.567298,49.621806],[6.567644,49.621813],[6.567979,49.622045],[6.568325,49.622053]]}},
{"type":"Feature","properties":{"STRM_VAL":1.0,"max_accum":169358.0,"color":"#618dbd","weight":2.78},"geometry":{"type":"LineString","coordinates":[[6.568325,49.622053],[6.56867,49.62206],[6.569005,49.622292],[6.569697,49.622306],[6.570031,49.622538],[6.570723,49.622553],[6.573735,49.62464],[6.573724,49.624865],[6.574393,49.625329],[6.574382,49.625553],[6.574717,49.625785],[6.574705,49.62601],[6.57504,49.626242],[6.575007,49.626916],[6.575341,49.627148],[6.575319,49.627597],[6.575654,49.627829]]}},
{"type":"Feature","properties":{"STRM_VAL":1.0,"max_accum":192352.0,"color":"#5e8abb","weight":2.85},"geometry":{"type":"LineString","coordinates":[[6.575654,49.627829],[6.575297,49.628046],[6.575631,49.628278],[6.575609,49.628728],[6.575944,49.628959],[6.575587,49.629177],[6.575565,49.629626],[6.575219,49.629619],[6.575207,49.629844],[6.57485,49.630061],[6.574828,49.63051],[6.575163,49.630742],[6.575096,49.63209],[6.574739,49.632308],[6.574717,49.632757],[6.574002,49.633192],[6.57398,49.633641],[6.574315,49.633873],[6.574304,49.634098],[6.573947,49.634315],[6.573924,49.634764],[6.57321,49.635199],[6.573545,49.635431],[6.574237,49.635446],[6.574214,49.635895],[6.574549,49.636127],[6.574192,49.636344]]}},
{"type":"Feature","properties":{"STRM_VAL":1.0,"max_accum":209902.0,"color":"#5c88b9","weight":2.89},"geometry":{"type":"LineString","coordinates":[[6.574192,49.636344],[6.574862,49.636808],[6.574828,49.637482],[6.575163,49.637714],[6.575118,49.638613],[6.575453,49.638845],[6.575442,49.639069],[6.576781,49.639997],[6.577473,49.640011],[6.577808,49.640243],[6.57745,49.640461],[6.577439,49.640685],[6.577082,49.640903],[6.577417,49.641135],[6.582952,49.641251],[6.583287,49.641482],[6.583633,49.64149],[6.583968,49.641722],[6.584325,49.641504],[6.58466,49.641736],[6.588119,49.641808],[6.590129,49.643199],[6.590118,49.643424],[6.590452,49.643656],[6.590375,49.645229],[6.59071,49.64546],[6.590521,49.64928],[6.590164,49.649497],[6.590097,49.650845],[6.58974,49.651063],[6.589718,49.651512],[6.588647,49.652164],[6.588569,49.653737],[6.588212,49.653955],[6.587866,49.653947],[6.587151,49.654382],[6.587107,49.655281],[6.58675,49.655498],[6.586728,49.655948],[6.58637,49.656165],[6.586705,49.656397],[6.586348,49.656614],[6.586337,49.656839],[6.58598,49.657057],[6.586315,49.657288],[6.586304,49.657513]]}},
{"type":"Feature","properties":{"STRM_VAL":1.0,"max_accum":240272.0,"color":"#5986b6","weight":2.96},"geometry":{"type":"LineString","coordinates":[[6.586304,49.657513],[6.586293,49.657738],[6.585935,49.657955],[6.585902,49.658629],[6.586237,49.658861],[6.58588,49.659079],[6.585869,49.659303],[6.585511,49.659521],[6.5855,49.659745],[6.585835,49.659977],[6.58578,49.6611],[6.586115,49.661332],[6.585757,49.66155],[6.586427,49.662014],[6.586416,49.662238],[6.586059,49.662456],[6.586394,49.662688],[6.586037,49.662905],[6.586372,49.663137],[6.586361,49.663362],[6.586696,49.663593],[6.587042,49.663601],[6.587019,49.66405],[6.586662,49.664267],[6.586997,49.664499],[6.586975,49.664949],[6.58731,49.665181],[6.587299,49.665405],[6.586942,49.665623],[6.586931,49.665847],[6.587266,49.666079],[6.587232,49.666753],[6.587567,49.666985]]}},
{"type":"Feature","properties":{"STRM_VAL":1.0,"max_accum":261682.0,"color":"#5884b5","weight":3.01},"geometry":{"type":"LineString","coordinates":[[6.587567,49.666985],[6.587534,49.667659],[6.587869,49.667891],[6.587847,49.66834],[6.588182,49.668572],[6.588171,49.668797],[6.588841,49.669261],[6.588483,49.669478],[6.588439,49.670377],[6.588774,49.670609],[6.588752,49.671058],[6.589422,49.671522],[6.589065,49.671739],[6.589054,49.671964],[6.588696,49.672181],[6.588663,49.672855],[6.588306,49.673073],[6.587959,49.673065],[6.58653,49.673935],[6.586184,49.673928],[6.585827,49.674145],[6.585492,49.673914],[6.585134,49.674131],[6.584442,49.674117],[6.584107,49.673885],[6.583761,49.673877],[6.583426,49.673646],[6.583079,49.673638],[6.583091,49.673414],[6.58242,49.67295],[6.582443,49.672501],[6.581773,49.672037],[6.581784,49.671812],[6.581449,49.67158],[6.581471,49.671131],[6.581136,49.670899],[6.581147,49.670674],[6.580812,49.670442],[6.580466,49.670435],[6.580477,49.670211],[6.579807,49.669747],[6.57945,49.669964],[6.579115,49.669732],[6.579126,49.669508],[6.578791,49.669276],[6.578445,49.669268],[6.57811,49.669037],[6.577764,49.669029],[6.577429,49.668797],[6.577071,49.669015],[6.576725,49.669008],[6.57639,49.668776],[6.575698,49.668761],[6.575363,49.668529],[6.575017,49.668522],[6.574682,49.66829],[6.57399,49.668276],[6.572985,49.66758],[6.572292,49.667565],[6.571957,49.667333],[6.571265,49.667319],[6.57093,49.667087],[6.570941,49.666862],[6.569557,49.666833],[6.568552,49.666137],[6.568206,49.66613],[6.567536,49.665666],[6.567547,49.665442],[6.567201,49.665434],[6.566866,49.665202],[6.566878,49.664978],[6.566208,49.664514],[6.566219,49.664289],[6.565884,49.664057],[6.566241,49.66384],[6.565237,49.663144],[6.565259,49.662695],[6.564924,49.662463],[6.564947,49.662013],[6.564612,49.661781],[6.564266,49.661774],[6.562926,49.660846],[6.56258,49.660839],[6.56191,49.660375],[6.56018,49.660339],[6.558393,49.661426],[6.558047,49.661418],[6.55626,49.662505],[6.556238,49.662954],[6.555881,49.663172],[6.555847,49.663846],[6.555132,49.66428],[6.555042,49.666078],[6.555377,49.66631],[6.555332,49.667208],[6.555667,49.66744],[6.555655,49.667665],[6.55599,49.667897],[6.555979,49.668121],[6.556314,49.668353],[6.556291,49.668803],[6.556626,49.669035],[6.556604,49.669484],[6.557273,49.669948],[6.557251,49.670397],[6.557921,49.670861],[6.557909,49.671086],[6.558579,49.67155],[6.558568,49.671774],[6.558903,49.672006],[6.558892,49.672231],[6.559562,49.672695],[6.55955,49.67292],[6.56022,49.673384],[6.560209,49.673608],[6.560544,49.67384],[6.560533,49.674065],[6.560868,49.674297],[6.560856,49.674522],[6.561526,49.674985],[6.561515,49.67521],[6.56185,49.675442],[6.561839,49.675667],[6.562174,49.675899],[6.562162,49.676123],[6.563167,49.676819],[6.563134,49.677493],[6.563804,49.677957],[6.563781,49.678406],[6.564116,49.678638],[6.564105,49.678863],[6.56444,49.679095],[6.564417,49.679544],[6.564752,49.679776],[6.56473,49.680225],[6.565065,49.680457],[6.565042,49.680907],[6.565378,49.681139],[6.565355,49.681588],[6.56569,49.68182],[6.565656,49.682494],[6.565991,49.682726],[6.56598,49.682951],[6.566315,49.683182],[6.566023,49.689024]]}},
{"type":"Feature","properties":{"STRM_VAL":1.0,"max_accum":288845.0,"color":"#5682b3","weight":3.06},"geometry":{"type":"LineString","coordinates":[[6.566023,49.689024],[6.565967,49.690147],[6.566302,49.690379],[6.566257,49.691278],[6.566593,49.691509],[6.566581,49.691734],[6.566916,49.691966],[6.566894,49.692415],[6.567229,49.692647],[6.567218,49.692872],[6.567553,49.693104],[6.567531,49.693553],[6.567866,49.693785],[6.567854,49.69401],[6.56819,49.694242],[6.568178,49.694466],[6.568513,49.694698],[6.568502,49.694923],[6.568837,49.695155],[6.568804,49.695829],[6.569139,49.696061],[6.569128,49.696286],[6.569463,49.696518],[6.569182,49.702134]]}},
{"type":"Feature","properties":{"STRM_VAL":1.0,"max_accum":365770.0,"color":"#517dae","weight":3.18},"geometry":{"type":"LineString","coordinates":[[6.569182,49.702134],[6.568825,49.702351],[6.568802,49.702801]]}},
{"type":"Feature","properties":{"STRM_VAL":1.0,"max_accum":402129.0,"color":"#4f7aad","weight":3.23},"geometry":{"type":"LineString","coordinates":[[6.568802,49.702801],[6.571819,49.704888],[6.573205,49.704917],[6.575886,49.706773],[6.576233,49.70678],[6.580256,49.709563],[6.580602,49.70957],[6.58096,49.709353],[6.581653,49.709367],[6.582994,49.710295],[6.583687,49.710309],[6.584022,49.710541],[6.584369,49.710548],[6.584726,49.710331],[6.585062,49.710563],[6.585419,49.710345],[6.586459,49.710367],[6.586794,49.710599],[6.586783,49.710823],[6.586425,49.711041],[6.58676,49.711273],[6.586749,49.711497],[6.587755,49.712193],[6.588102,49.7122],[6.588772,49.712664],[6.589119,49.712671],[6.589834,49.712236],[6.590169,49.712468],[6.590147,49.712918],[6.590482,49.713149],[6.59084,49.712932],[6.591846,49.713628],[6.592539,49.713642],[6.592897,49.713425],[6.593903,49.71412],[6.594249,49.714127],[6.594585,49.714359],[6.594931,49.714366],[6.595646,49.713931],[6.595993,49.713939],[6.59635,49.713721],[6.596697,49.713728],[6.597054,49.713511],[6.59739,49.713743],[6.597368,49.714192],[6.597703,49.714424],[6.597692,49.714649],[6.598363,49.715112],[6.59834,49.715562],[6.598687,49.715569],[6.599022,49.715801],[6.601448,49.715851],[6.602454,49.716547],[6.604533,49.71659],[6.604891,49.716372],[6.605561,49.716836],[6.605908,49.716843],[6.606914,49.717538],[6.607954,49.71756],[6.608625,49.718024],[6.609664,49.718045],[6.610671,49.71874],[6.611364,49.718755],[6.611721,49.718537],[6.612057,49.718769],[6.612403,49.718776],[6.612739,49.719008],[6.613085,49.719015],[6.614092,49.719711],[6.61407,49.72016],[6.615076,49.720855],[6.615423,49.720862],[6.617772,49.722485],[6.618118,49.722492],[6.618085,49.723166],[6.619092,49.723862],[6.619438,49.723869],[6.619774,49.724101],[6.620467,49.724115],[6.620803,49.724347],[6.620792,49.724571],[6.621798,49.725267],[6.622145,49.725274],[6.622112,49.725948],[6.621754,49.726165],[6.621743,49.72639],[6.621386,49.726607],[6.621721,49.726839],[6.622068,49.726846],[6.622035,49.72752],[6.622706,49.727984],[6.622684,49.728433],[6.623031,49.72844],[6.62302,49.728665],[6.62406,49.728686],[6.624731,49.72915],[6.62472,49.729375],[6.625056,49.729606],[6.62499,49.730954],[6.624632,49.731172],[6.62461,49.731621],[6.624253,49.731839],[6.624242,49.732064],[6.62592,49.733222],[6.625562,49.73344],[6.625898,49.733672],[6.626245,49.733679],[6.62658,49.733911],[6.626558,49.73436],[6.62723,49.734824],[6.627208,49.735273],[6.62685,49.73549],[6.627522,49.735954],[6.627164,49.736172],[6.627131,49.736846],[6.626773,49.737063],[6.626763,49.737288],[6.626405,49.737505],[6.627412,49.738201]]}},
{"type":"Feature","properties":{"STRM_VAL":1.0,"max_accum":470897.0,"color":"#4c77aa","weight":3.31},"geometry":{"type":"LineString","coordinates":[[6.627412,49.738201],[6.627748,49.738432],[6.627726,49.738882],[6.627368,49.739099],[6.627021,49.739092],[6.627011,49.739317],[6.626653,49.739534],[6.626989,49.739766],[6.626631,49.739984],[6.62662,49.740208],[6.626262,49.740426],[6.626251,49.740651],[6.626923,49.741114],[6.627269,49.741121],[6.627605,49.741353],[6.627583,49.741802],[6.627226,49.74202],[6.627561,49.742252],[6.627539,49.742701],[6.627182,49.742919]]}},
{"type":"Feature","properties":{"STRM_VAL":1.0,"max_accum":481302.0,"color":"#4b77a9","weight":3.32},"geometry":{"type":"LineString","coordinates":[[6.627182,49.742919],[6.627171,49.743143],[6.626813,49.743361]]}},
{"type":"Feature","properties":{"STRM_VAL":1.0,"max_accum":494258.0,"color":"#4b76a9","weight":3.33},"geometry":{"type":"LineString","coordinates":[[6.626813,49.743361],[6.627485,49.743824],[6.627474,49.744049],[6.627116,49.744267],[6.627105,49.744491],[6.626747,49.744709],[6.626714,49.745383],[6.626357,49.745601],[6.626335,49.74605],[6.626671,49.746282],[6.626313,49.746499],[6.62628,49.747173],[6.626616,49.747405],[6.626605,49.74763],[6.626941,49.747861],[6.626875,49.749209],[6.626517,49.749427],[6.626506,49.749652],[6.626148,49.749869],[6.626484,49.750101],[6.626126,49.750319],[6.62578,49.750311],[6.625422,49.750529],[6.625389,49.751203],[6.625725,49.751435],[6.625714,49.751659],[6.626385,49.752123],[6.626363,49.752572],[6.626699,49.752804],[6.626655,49.753703],[6.626991,49.753935],[6.626871,49.756406],[6.627206,49.756638],[6.62713,49.75821],[6.627465,49.758442],[6.627432,49.759116],[6.627768,49.759348],[6.627746,49.759797],[6.628082,49.760029],[6.62806,49.760478],[6.628396,49.76071],[6.628385,49.760935],[6.628721,49.761167],[6.62871,49.761391],[6.629382,49.761855],[6.62936,49.762304],[6.630032,49.762768],[6.63001,49.763217],[6.630346,49.763449],[6.630335,49.763673],[6.631342,49.764369],[6.631331,49.764593],[6.632339,49.765289],[6.63338,49.76531],[6.634387,49.766005],[6.634745,49.765788],[6.635081,49.766019],[6.635059,49.766469]]}},
{"type":"Feature","properties":{"STRM_VAL":1.0,"max_accum":543185.0,"color":"#4974a7","weight":3.38},"geometry":{"type":"LineString","coordinates":[[6.635059,49.766469],[6.635395,49.7667],[6.635742,49.766708],[6.636078,49.766939],[6.636067,49.767164],[6.635709,49.767382],[6.636045,49.767613],[6.635687,49.767831],[6.636359,49.768294],[6.636706,49.768301],[6.637042,49.768533],[6.637736,49.768547],[6.638072,49.768779],[6.63843,49.768561],[6.638776,49.768569],[6.639448,49.769032],[6.639795,49.769039],[6.640131,49.769271],[6.640478,49.769278],[6.640814,49.76951],[6.641161,49.769517],[6.641833,49.76998],[6.64322,49.770008],[6.643556,49.77024],[6.643903,49.770247],[6.644239,49.770479],[6.644586,49.770486],[6.644922,49.770718],[6.645616,49.770732],[6.645952,49.770964],[6.646299,49.770971],[6.646635,49.771202],[6.646624,49.771427],[6.647296,49.77189],[6.647654,49.771673],[6.648326,49.772136],[6.64902,49.77215],[6.649377,49.771933],[6.649713,49.772164],[6.65006,49.772171],[6.650396,49.772403],[6.650743,49.77241],[6.651101,49.772193],[6.651448,49.7722],[6.651784,49.772431],[6.653172,49.772459],[6.653508,49.772691],[6.654202,49.772705],[6.65521,49.7734],[6.655557,49.773407],[6.655893,49.773639],[6.65624,49.773646],[6.656576,49.773878],[6.657963,49.773906],[6.658299,49.774137],[6.659015,49.773702],[6.659362,49.773709],[6.65972,49.773492],[6.660067,49.773499],[6.660403,49.77373],[6.660392,49.773955],[6.660034,49.774173],[6.660023,49.774397],[6.660359,49.774629],[6.660706,49.774636],[6.661422,49.774201],[6.661758,49.774432],[6.665921,49.774516],[6.666929,49.775211],[6.667276,49.775218],[6.668285,49.775913],[6.669326,49.775934],[6.670041,49.775499]]}},
{"type":"Feature","properties":{"STRM_VAL":1.0,"max_accum":561034.0,"color":"#4873a6","weight":3.4},"geometry":{"type":"LineString","coordinates":[[6.670041,49.775499],[6.670399,49.775281],[6.671093,49.775295],[6.671429,49.775527],[6.671396,49.776201],[6.67209,49.776215],[6.67208,49.776439],[6.672416,49.776671],[6.672763,49.776678],[6.67312,49.77646],[6.673457,49.776692],[6.673814,49.776474],[6.674161,49.776481],[6.674497,49.776713],[6.674844,49.77672],[6.675202,49.776502],[6.675549,49.776509],[6.675907,49.776291],[6.676915,49.776986],[6.676558,49.777204],[6.676894,49.777436],[6.677935,49.777456],[6.678271,49.777688],[6.679312,49.777709],[6.679669,49.777491],[6.67968,49.777267],[6.680038,49.777049],[6.680048,49.776824],[6.680406,49.776606],[6.680742,49.776838],[6.681089,49.776845],[6.681426,49.777077],[6.681772,49.777084],[6.681762,49.777308],[6.682098,49.77754],[6.682445,49.777547],[6.682781,49.777778],[6.68277,49.778003],[6.683107,49.778235],[6.683454,49.778242],[6.684527,49.777588],[6.684874,49.777595],[6.685231,49.777378],[6.686272,49.777398]]}},
{"type":"Feature","properties":{"STRM_VAL":1.0,"max_accum":944962.0,"color":"#3d689c","weight":3.66},"geometry":{"type":"LineString","coordinates":[[6.686272,49.777398],[6.686966,49.777412],[6.687302,49.777644],[6.686945,49.777862],[6.686923,49.778311],[6.687259,49.778543],[6.687606,49.778549],[6.687964,49.778332],[6.6883,49.778563],[6.688647,49.77857],[6.68972,49.777917],[6.689731,49.777692],[6.690772,49.777713],[6.691108,49.777945],[6.691097,49.778169],[6.691434,49.778401],[6.693168,49.778436],[6.693841,49.778899],[6.69627,49.778947],[6.696606,49.779179],[6.696953,49.779186],[6.697626,49.779649],[6.697973,49.779656],[6.698309,49.779887],[6.698656,49.779894],[6.698992,49.780126],[6.699339,49.780132],[6.699697,49.779915],[6.70037,49.780378],[6.700717,49.780385],[6.700706,49.780609],[6.701715,49.781304],[6.701704,49.781529],[6.704059,49.78315],[6.704048,49.783374],[6.704385,49.783606],[6.704363,49.784055],[6.7047,49.784287],[6.704678,49.784736],[6.705015,49.784968],[6.704657,49.785186],[6.704994,49.785417]]}},
{"type":"Feature","properties":{"STRM_VAL":1.0,"max_accum":2091636.0,"color":"#2d578d","weight":4.07},"geometry":{"type":"LineString","coordinates":[[6.704994,49.785417],[6.70494,49.786541],[6.704583,49.786758],[6.704466,49.78923],[6.703751,49.789665],[6.703411,49.796855],[6.703053,49.797073],[6.702702,49.804487]]}},
{"type":"Feature","properties":{"STRM_VAL":1.0,"max_accum":2129981.0,"color":"#2d578d","weight":4.08},"geometry":{"type":"LineString","coordinates":[[6.702702,49.804487],[6.703038,49.804719],[6.703017,49.805168],[6.70369,49.805631],[6.703679,49.805856],[6.704353,49.806319],[6.704342,49.806544],[6.704678,49.806775],[6.704668,49.807],[6.705004,49.807232],[6.704994,49.807456],[6.70533,49.807688],[6.70532,49.807913],[6.705656,49.808144],[6.705624,49.808818],[6.705961,49.80905],[6.70578,49.812869],[6.706117,49.813101],[6.706021,49.815123],[6.706358,49.815354],[6.706283,49.816927],[6.71167,49.820632],[6.712017,49.820639],[6.712354,49.82087],[6.712701,49.820877],[6.713037,49.821109],[6.713732,49.821122],[6.714069,49.821354],[6.722751,49.821525]]}},
{"type":"Feature","properties":{"STRM_VAL":1.0,"max_accum":2138316.0,"color":"#2d578d","weight":4.08},"geometry":{"type":"LineString","coordinates":[[6.722751,49.821525],[6.723445,49.821539],[6.723803,49.821321],[6.724497,49.821334],[6.724855,49.821116],[6.725203,49.821123],[6.72556,49.820905],[6.725908,49.820912],[6.726265,49.820694],[6.726613,49.820701],[6.726971,49.820483],[6.727665,49.820497],[6.728023,49.820279],[6.72837,49.820286],[6.729086,49.81985],[6.729433,49.819857],[6.730149,49.819421],[6.730496,49.819428],[6.731211,49.818992],[6.731559,49.818999],[6.732274,49.818563],[6.732621,49.81857],[6.732979,49.818352]]}},
{"type":"Feature","properties":{"STRM_VAL":1.0,"max_accum":2149179.0,"color":"#2d568d","weight":4.08},"geometry":{"type":"LineString","coordinates":[[6.732979,49.818352],[6.73441,49.817481],[6.734757,49.817487],[6.735831,49.816834],[6.736178,49.816841],[6.737609,49.815969],[6.737956,49.815976],[6.740102,49.814668],[6.740449,49.814675],[6.741165,49.814239],[6.741512,49.814246],[6.74187,49.814028],[6.742217,49.814035],[6.742575,49.813817],[6.742922,49.813824],[6.74328,49.813606],[6.743974,49.813619],[6.744332,49.813401],[6.752665,49.813563]]}},
{"type":"Feature","properties":{"STRM_VAL":1.0,"max_accum":2185755.0,"color":"#2c568d","weight":4.09},"geometry":{"type":"LineString","coordinates":[[6.752665,49.813563],[6.766554,49.813832]]}},
{"type":"Feature","properties":{"STRM_VAL":1.0,"max_accum":2192447.0,"color":"#2c568d","weight":4.09},"geometry":{"type":"LineString","coordinates":[[6.766554,49.813832],[6.767269,49.813396]]}},
{"type":"Feature","properties":{"STRM_VAL":1.0,"max_accum":2200971.0,"color":"#2c568c","weight":4.1},"geometry":{"type":"LineString","coordinates":[[6.767269,49.813396],[6.77156,49.81078],[6.772254,49.810793],[6.772612,49.810575],[6.772959,49.810582],[6.776534,49.808402]]}},
{"type":"Feature","properties":{"STRM_VAL":1.0,"max_accum":2282709.0,"color":"#2b558c","weight":4.11},"geometry":{"type":"LineString","coordinates":[[6.776534,49.808402],[6.777249,49.807966],[6.77726,49.807741],[6.777617,49.807523],[6.777679,49.806175],[6.782683,49.803122],[6.78546,49.803175],[6.787247,49.802085]]}},
{"type":"Feature","properties":{"STRM_VAL":1.0,"max_accum":2295714.0,"color":"#2b558c","weight":4.12},"geometry":{"type":"LineString","coordinates":[[6.787247,49.802085],[6.789749,49.800559],[6.79079,49.800579],[6.793292,49.799052],[6.79711,49.799125],[6.797468,49.798907],[6.798162,49.79892],[6.798519,49.798702],[6.798866,49.798708],[6.799224,49.79849],[6.799571,49.798497],[6.799928,49.798279],[6.800275,49.798285],[6.80099,49.797849],[6.801684,49.797862],[6.802042,49.797644],[6.802736,49.797657],[6.803093,49.797439],[6.80344,49.797446],[6.804512,49.796792],[6.805206,49.796805],[6.805564,49.796587],[6.806258,49.7966],[6.806972,49.796163],[6.807319,49.79617],[6.808034,49.795734],[6.808728,49.795747],[6.809085,49.795529],[6.809106,49.795079],[6.809463,49.794861],[6.809126,49.79463],[6.808779,49.794623],[6.808789,49.794399],[6.808452,49.794168],[6.808472,49.793718],[6.809167,49.793731],[6.809524,49.793513],[6.816813,49.793651],[6.81717,49.793433],[6.817864,49.793446],[6.818221,49.793228],[6.81961,49.793254],[6.819967,49.793035],[6.823438,49.793101]]}},
{"type":"Feature","properties":{"STRM_VAL":1.0,"max_accum":2301198.0,"color":"#2b558c","weight":4.12},"geometry":{"type":"LineString","coordinates":[[6.823438,49.793101],[6.824112,49.793563]]}},
{"type":"Feature","properties":{"STRM_VAL":1.0,"max_accum":2331635.0,"color":"#2b558b","weight":4.13},"geometry":{"type":"LineString","coordinates":[[6.824112,49.793563],[6.824449,49.793794],[6.825143,49.793807],[6.828514,49.79612],[6.828861,49.796126],[6.830546,49.797282],[6.830536,49.797507],[6.830873,49.797738],[6.831568,49.797751],[6.831905,49.797982],[6.832599,49.797995],[6.832936,49.798226],[6.833283,49.798233],[6.83362,49.798464],[6.835356,49.798496],[6.835693,49.798728],[6.83605,49.798509],[6.837092,49.798529],[6.837449,49.798311],[6.837796,49.798317],[6.83851,49.797881],[6.83852,49.797656],[6.839592,49.797001],[6.839602,49.796777],[6.840316,49.79634],[6.840326,49.796115],[6.840683,49.795897],[6.840723,49.794998],[6.84108,49.79478],[6.84114,49.793432],[6.841497,49.793214],[6.841517,49.792764],[6.842588,49.79211],[6.842598,49.791885],[6.843312,49.791449],[6.843322,49.791224],[6.845108,49.790133],[6.846149,49.790152],[6.846506,49.789934],[6.847547,49.789953],[6.847904,49.789735],[6.848251,49.789741],[6.85196,49.792284],[6.85188,49.794081],[6.852218,49.794313],[6.852188,49.794987],[6.852525,49.795218],[6.852495,49.795892],[6.852832,49.796123],[6.852812,49.796572],[6.85315,49.796804],[6.8531,49.797927],[6.853437,49.798158],[6.85308,49.798377],[6.852881,49.802871],[6.853218,49.803102],[6.853169,49.804225],[6.85174,49.805098],[6.85173,49.805323],[6.84923,49.806851],[6.848883,49.806844],[6.848526,49.807063],[6.848516,49.807287],[6.848159,49.807506],[6.848149,49.80773],[6.847434,49.808167],[6.847424,49.808391],[6.845638,49.809483],[6.845976,49.809714],[6.847017,49.809733],[6.847007,49.809958],[6.847345,49.810189],[6.847335,49.810414],[6.847672,49.810645],[6.847315,49.810863],[6.846273,49.810844],[6.845936,49.810613],[6.845221,49.811049],[6.844884,49.810818],[6.844527,49.811036],[6.844407,49.813733],[6.84405,49.813951],[6.84404,49.814176],[6.843683,49.814394],[6.843673,49.814618],[6.843315,49.814837],[6.843295,49.815286],[6.842938,49.815504],[6.842768,49.819324],[6.841696,49.819979],[6.841676,49.820428],[6.842014,49.820659],[6.841994,49.821109],[6.842668,49.821571],[6.842311,49.821789],[6.841616,49.821776],[6.841586,49.822451],[6.840157,49.823323],[6.840494,49.823555],[6.840137,49.823773],[6.83979,49.823766],[6.83977,49.824216],[6.839412,49.824434],[6.839332,49.826232],[6.838618,49.826668],[6.838608,49.826893],[6.83825,49.827111],[6.83824,49.827336],[6.837526,49.827772],[6.837515,49.827997],[6.835729,49.829088],[6.835381,49.829081],[6.834666,49.829518],[6.834646,49.829967],[6.834984,49.830198],[6.834944,49.831097],[6.834586,49.831315],[6.834566,49.831765],[6.834209,49.831983],[6.834098,49.834455]]}},
{"type":"Feature","properties":{"STRM_VAL":1.0,"max_accum":2340615.0,"color":"#2b558b","weight":4.13},"geometry":{"type":"LineString","coordinates":[[6.834098,49.834455],[6.835785,49.835611],[6.836132,49.835617],[6.836807,49.836079],[6.837155,49.836086],[6.837492,49.836317],[6.837839,49.836324],[6.838177,49.836555]]}},
{"type":"Feature","properties":{"STRM_VAL":1.0,"max_accum":2820842.0,"color":"#275188","weight":4.22},"geometry":{"type":"LineString","coordinates":[[6.838177,49.836555],[6.838524,49.836561],[6.838862,49.836792],[6.839209,49.836799],[6.839546,49.83703],[6.839894,49.837037],[6.840231,49.837268],[6.840926,49.837281],[6.841263,49.837512],[6.841611,49.837518],[6.841948,49.837749],[6.842643,49.837762],[6.842981,49.837994],[6.843328,49.838],[6.843665,49.838231],[6.84436,49.838244],[6.844698,49.838475],[6.845393,49.838488],[6.84573,49.838719],[6.846772,49.838739],[6.84711,49.83897],[6.847805,49.838983],[6.848142,49.839214],[6.849879,49.839246],[6.850217,49.839477],[6.852301,49.839516],[6.852639,49.839747],[6.853681,49.839766],[6.854019,49.839998],[6.854366,49.840004],[6.854703,49.840235],[6.855051,49.840242],[6.855388,49.840473]]}},
{"type":"Feature","properties":{"STRM_VAL":1.0,"max_accum":2838981.0,"color":"#275188","weight":4.23},"geometry":{"type":"LineString","coordinates":[[6.855388,49.840473],[6.856083,49.840486],[6.856421,49.840717],[6.856768,49.840723],[6.857106,49.840954],[6.857453,49.840961],[6.857791,49.841192],[6.858138,49.841198],[6.858476,49.841429],[6.858823,49.841436],[6.859498,49.841898],[6.859846,49.841904],[6.860183,49.842136],[6.860531,49.842142],[6.860868,49.842373],[6.861563,49.842386],[6.861901,49.842617],[6.862595,49.84263],[6.864283,49.843785],[6.864631,49.843792],[6.864988,49.843573],[6.864998,49.843349],[6.865355,49.84313],[6.865693,49.843362],[6.86604,49.843368],[6.866398,49.84315],[6.866745,49.843156],[6.867083,49.843387],[6.86743,49.843394],[6.868105,49.843856],[6.86882,49.843419],[6.869168,49.843426],[6.869882,49.842989],[6.87023,49.842995],[6.870587,49.842777],[6.870925,49.843008],[6.871272,49.843014],[6.871987,49.842578],[6.872682,49.842591],[6.874468,49.841499],[6.874806,49.84173],[6.875501,49.841743],[6.876573,49.841088],[6.876583,49.840863],[6.875907,49.840401],[6.875927,49.839952],[6.876642,49.839515],[6.876652,49.83929],[6.877366,49.838853],[6.877386,49.838404],[6.877743,49.838186],[6.877753,49.837961],[6.87811,49.837743],[6.87812,49.837518],[6.878477,49.8373],[6.878487,49.837075],[6.878844,49.836857],[6.878864,49.836407],[6.879578,49.835971],[6.879598,49.835521],[6.88067,49.834866],[6.88068,49.834641],[6.881037,49.834423],[6.881057,49.833974],[6.881414,49.833755],[6.881522,49.831283],[6.881879,49.831065],[6.881948,49.829492],[6.882662,49.829056],[6.882325,49.828824],[6.882682,49.828606],[6.88277,49.826584],[6.882432,49.826353],[6.883147,49.825916],[6.883157,49.825691],[6.883871,49.825255],[6.88392,49.824131]]}},
{"type":"Feature","properties":{"STRM_VAL":1.0,"max_accum":2865870.0,"color":"#275087","weight":4.23},"geometry":{"type":"LineString","coordinates":[[6.88392,49.824131],[6.884634,49.823694],[6.884732,49.821447],[6.885804,49.820792],[6.885813,49.820567],[6.890455,49.817729],[6.890793,49.81796],[6.89114,49.817966],[6.893283,49.816656],[6.89363,49.816662],[6.893987,49.816444],[6.893997,49.816219],[6.894354,49.816],[6.894701,49.816007],[6.895058,49.815788],[6.895405,49.815795],[6.895762,49.815576],[6.89993,49.815652],[6.902968,49.817731],[6.902958,49.817956],[6.903633,49.818418],[6.903623,49.818642],[6.903961,49.818873],[6.903932,49.819547],[6.904269,49.819778],[6.90392,49.827868],[6.903563,49.828086],[6.903533,49.82876],[6.903176,49.828979],[6.903147,49.829653],[6.90279,49.829871],[6.902771,49.830321],[6.902414,49.830539],[6.902394,49.830989],[6.902037,49.831207],[6.902027,49.831432],[6.90167,49.83165],[6.901651,49.8321],[6.901294,49.832318],[6.901284,49.832543],[6.900927,49.832761],[6.900917,49.832986],[6.90056,49.833204],[6.90054,49.833654],[6.900183,49.833872],[6.900174,49.834097],[6.899816,49.834315],[6.899797,49.834765],[6.89944,49.834983],[6.89943,49.835208],[6.899073,49.835426],[6.899063,49.835651],[6.898706,49.835869],[6.898687,49.836319],[6.898329,49.836537],[6.89832,49.836762],[6.897962,49.83698],[6.897943,49.83743],[6.897586,49.837648],[6.897576,49.837873],[6.897219,49.838091],[6.897209,49.838316],[6.896852,49.838534],[6.896832,49.838984],[6.896475,49.839202],[6.896456,49.839651],[6.896099,49.83987],[6.896079,49.840319],[6.895722,49.840538],[6.895702,49.840987],[6.895345,49.841205],[6.895306,49.842104],[6.894949,49.842323],[6.89492,49.842997],[6.894562,49.843215],[6.894543,49.843665],[6.894186,49.843883],[6.894137,49.845006],[6.893779,49.845225],[6.89375,49.845899],[6.893393,49.846117],[6.893364,49.846791],[6.893006,49.84701],[6.892977,49.847684],[6.89262,49.847902],[6.8926,49.848352],[6.892243,49.84857],[6.892214,49.849244],[6.891856,49.849463],[6.891827,49.850137],[6.891112,49.850574],[6.89145,49.850805],[6.89144,49.851029],[6.890726,49.851466],[6.891401,49.851928],[6.891391,49.852153],[6.891034,49.852371],[6.891015,49.852821],[6.89171,49.852833],[6.892047,49.853064],[6.89169,49.853283],[6.891661,49.853957],[6.891303,49.854175],[6.891274,49.854849],[6.89195,49.855311],[6.892297,49.855318],[6.892278,49.855767],[6.892615,49.855998],[6.892606,49.856223],[6.893957,49.857147],[6.893947,49.857372],[6.89359,49.85759],[6.89358,49.857815],[6.893222,49.858033]]}},
{"type":"Feature","properties":{"STRM_VAL":1.0,"max_accum":3377552.0,"color":"#234d84","weight":4.31},"geometry":{"type":"LineString","coordinates":[[6.893222,49.858033],[6.892865,49.858251],[6.893203,49.858482],[6.893193,49.858707],[6.893869,49.859169],[6.893849,49.859619],[6.895201,49.860543],[6.895896,49.860555],[6.896234,49.860786],[6.896204,49.86146],[6.896542,49.861691],[6.896523,49.862141],[6.89545,49.862796],[6.896126,49.863258],[6.895769,49.863476],[6.895759,49.863701],[6.896097,49.863932],[6.89574,49.864151],[6.89572,49.8646],[6.895005,49.865037],[6.894995,49.865261],[6.894638,49.86548],[6.89457,49.867053]]}},
{"type":"Feature","properties":{"STRM_VAL":1.0,"max_accum":3480041.0,"color":"#234c84","weight":4.33},"geometry":{"type":"LineString","coordinates":[[6.89457,49.867053],[6.893855,49.86749],[6.893825,49.868164],[6.893468,49.868382],[6.893292,49.872427],[6.893968,49.872889],[6.893939,49.873563],[6.893581,49.873781],[6.893919,49.874012],[6.893204,49.874449],[6.893184,49.874898],[6.894198,49.875592],[6.894546,49.875598],[6.894536,49.875823],[6.895888,49.876747],[6.895878,49.876971],[6.896554,49.877433],[6.896902,49.87744],[6.896892,49.877664],[6.89723,49.877895],[6.89722,49.87812],[6.896863,49.878339],[6.897201,49.87857],[6.897191,49.878794],[6.898543,49.879718],[6.898891,49.879725],[6.898881,49.879949],[6.899219,49.88018],[6.899914,49.880193],[6.899904,49.880418],[6.899189,49.880854],[6.899865,49.881316],[6.899508,49.881535],[6.899846,49.881766],[6.899836,49.881991],[6.900184,49.881997],[6.900522,49.882228],[6.90087,49.882234],[6.901208,49.882465],[6.901565,49.882247],[6.902608,49.882266],[6.903284,49.882728],[6.903632,49.882734],[6.90397,49.882965],[6.905014,49.882984],[6.90569,49.883446],[6.906385,49.883458],[6.906723,49.883689],[6.907071,49.883696],[6.907747,49.884158],[6.908443,49.88417],[6.909119,49.884632],[6.909466,49.884638],[6.909805,49.884869],[6.923716,49.885119],[6.924054,49.88535],[6.925445,49.885375],[6.925783,49.885606],[6.929714,49.883203],[6.929724,49.882978],[6.931153,49.882104],[6.931163,49.881879],[6.931878,49.881442],[6.931897,49.880993],[6.932254,49.880774],[6.932312,49.879426],[6.932669,49.879208],[6.932698,49.878534],[6.933055,49.878315],[6.933084,49.877641],[6.933799,49.877204],[6.933808,49.876979],[6.932794,49.876286],[6.932804,49.876062],[6.932127,49.8756],[6.932137,49.875375],[6.931799,49.875144],[6.931808,49.87492],[6.931132,49.874458],[6.931142,49.874233],[6.930804,49.874002],[6.930813,49.873777],[6.930475,49.873546],[6.930485,49.873322],[6.930147,49.873091],[6.930166,49.872641],[6.929828,49.87241],[6.929847,49.871961],[6.929509,49.87173],[6.929519,49.871505],[6.929181,49.871275],[6.9292,49.870825],[6.928862,49.870594],[6.928881,49.870145],[6.928543,49.869914],[6.928562,49.869464],[6.928224,49.869233],[6.928253,49.868559],[6.927915,49.868328],[6.928021,49.865857],[6.927345,49.865395],[6.927354,49.86517],[6.928397,49.865189],[6.929826,49.864315],[6.930174,49.864321],[6.932674,49.862791],[6.934412,49.862822],[6.935127,49.862385],[6.936517,49.86241],[6.936855,49.862641],[6.937898,49.86266],[6.938236,49.86289],[6.938932,49.862903],[6.93927,49.863134],[6.939965,49.863146],[6.943346,49.865455],[6.943336,49.86568],[6.947394,49.86845],[6.947374,49.8689],[6.945946,49.869774],[6.946284,49.870005],[6.946255,49.870679],[6.946593,49.87091],[6.946565,49.871584],[6.946903,49.871815],[6.946827,49.873612],[6.947165,49.873843],[6.947155,49.874068],[6.94817,49.874761],[6.94816,49.874985],[6.948837,49.875447],[6.948799,49.876346],[6.949137,49.876577],[6.949099,49.877476],[6.948741,49.877694],[6.948732,49.877919],[6.94766,49.878575],[6.947651,49.878799],[6.947303,49.878793],[6.946946,49.879012],[6.946936,49.879236],[6.947274,49.879467],[6.947255,49.879917],[6.948608,49.88084],[6.948251,49.881059],[6.948589,49.88129],[6.947875,49.881727],[6.947846,49.882401],[6.947489,49.882619],[6.947479,49.882844],[6.946765,49.883281],[6.946755,49.883506],[6.94604,49.883943],[6.946379,49.884174],[6.945664,49.884611],[6.945654,49.884836],[6.945993,49.885067],[6.94634,49.885073],[6.946679,49.885304],[6.946321,49.885522],[6.946312,49.885747],[6.94665,49.885978],[6.946641,49.886202],[6.945569,49.886858],[6.945907,49.887089],[6.946255,49.887095],[6.946593,49.887326],[6.946583,49.887551],[6.946922,49.887782],[6.946893,49.888456],[6.946536,49.888674],[6.947212,49.889136],[6.946497,49.889573],[6.947512,49.890266],[6.947155,49.890484],[6.947493,49.890715],[6.947484,49.89094],[6.948837,49.891863],[6.948818,49.892313],[6.949156,49.892544],[6.948799,49.892762],[6.948751,49.893886],[6.949428,49.894347],[6.949776,49.894354],[6.950133,49.894135],[6.950481,49.894141],[6.950819,49.894372],[6.9508,49.894821],[6.951477,49.895283],[6.951467,49.895508],[6.951806,49.895739],[6.951768,49.896638],[6.952106,49.896868],[6.952454,49.896875],[6.953807,49.897798],[6.954165,49.897579],[6.954503,49.89781],[6.954494,49.898035],[6.954832,49.898266],[6.954822,49.898491],[6.957868,49.900568],[6.958216,49.900574],[6.958893,49.901036],[6.959588,49.901048],[6.960604,49.901741],[6.963735,49.901796],[6.964073,49.902027],[6.964421,49.902033],[6.96476,49.902264],[6.965456,49.902276],[6.965794,49.902507],[6.966142,49.902513],[6.966819,49.902974],[6.967863,49.902993],[6.968201,49.903223],[6.968549,49.90323],[6.968887,49.90346],[6.969235,49.903466],[6.969574,49.903697],[6.969922,49.903703],[6.971953,49.905088],[6.972301,49.905094],[6.972978,49.905556],[6.973326,49.905562],[6.975018,49.906716],[6.975714,49.906728],[6.97673,49.90742],[6.977078,49.907427],[6.977416,49.907657],[6.977764,49.907663],[6.978103,49.907894],[6.978451,49.9079],[6.978789,49.908131],[6.979137,49.908137],[6.979476,49.908368],[6.979824,49.908374],[6.980162,49.908605],[6.98051,49.908611],[6.980849,49.908842],[6.981545,49.908854],[6.981883,49.909084],[6.982579,49.909097],[6.982918,49.909327],[6.983266,49.909333],[6.983604,49.909564],[6.983952,49.90957],[6.984291,49.909801],[6.984639,49.909807],[6.984978,49.910038],[6.985326,49.910044],[6.985664,49.910275],[6.986012,49.910281],[6.986351,49.910511],[6.987047,49.910523],[6.987385,49.910754],[6.987733,49.91076],[6.988072,49.910991],[6.988768,49.911003],[6.989106,49.911234],[6.989802,49.911246],[6.990141,49.911477],[6.990837,49.911489],[6.991176,49.911719],[6.991872,49.911732],[6.99221,49.911962],[6.992906,49.911974],[6.993245,49.912205],[6.993941,49.912217],[6.99428,49.912448],[6.995324,49.912466],[6.995662,49.912697],[6.996706,49.912715],[6.997045,49.912945],[6.998437,49.912969],[6.998776,49.9132],[7.000168,49.913224],[7.000506,49.913455],[7.001202,49.913467],[7.001541,49.913698],[7.001532,49.913922],[7.001174,49.914141],[7.001165,49.914366],[7.001504,49.914597],[7.0022,49.914609],[7.002557,49.91439],[7.003601,49.914408],[7.00394,49.914639],[7.005332,49.914662]]}},
{"type":"Feature","properties":{"STRM_VAL":1.0,"max_accum":3529935.0,"color":"#234c84","weight":4.34},"geometry":{"type":"LineString","coordinates":[[7.005332,49.914662],[7.006028,49.914674],[7.006385,49.914456],[7.007063,49.914917]]}},
{"type":"Feature","properties":{"STRM_VAL":1.0,"max_accum":4176022.0,"color":"#1f4880","weight":4.42},"geometry":{"type":"LineString","coordinates":[[7.007063,49.914917],[7.00774,49.915379],[7.008088,49.915384],[7.008445,49.915166],[7.008784,49.915396]]}},
{"type":"Feature","properties":{"STRM_VAL":1.0,"max_accum":4185052.0,"color":"#1f4880","weight":4.42},"geometry":{"type":"LineString","coordinates":[[7.008784,49.915396],[7.009132,49.915402],[7.009489,49.915184],[7.010167,49.915645],[7.010863,49.915657],[7.01122,49.915438],[7.011916,49.91545],[7.012274,49.915231],[7.013318,49.915249],[7.013675,49.915031],[7.014023,49.915037],[7.0147,49.915498],[7.014691,49.915723],[7.01503,49.915953],[7.01851,49.916013],[7.019225,49.915575],[7.019573,49.915581],[7.01993,49.915362],[7.020278,49.915368],[7.020956,49.91583],[7.021313,49.915611],[7.021661,49.915617],[7.022018,49.915398],[7.033503,49.915593],[7.033841,49.915824],[7.034886,49.915842]]}},
{"type":"Feature","properties":{"STRM_VAL":1.0,"max_accum":4219286.0,"color":"#1f4880","weight":4.43},"geometry":{"type":"LineString","coordinates":[[7.034886,49.915842],[7.035234,49.915848],[7.035591,49.915629],[7.035939,49.915635],[7.036296,49.915416],[7.036644,49.915422],[7.038072,49.914547],[7.038421,49.914552],[7.042706,49.911926],[7.043054,49.911932],[7.043768,49.911495],[7.044116,49.9115],[7.044473,49.911282],[7.044821,49.911287],[7.045535,49.91085],[7.045883,49.910856],[7.046597,49.910418],[7.046945,49.910424],[7.048374,49.909548],[7.048722,49.909554],[7.051221,49.908022],[7.051569,49.908028],[7.052283,49.90759],[7.052631,49.907596],[7.052988,49.907377],[7.053336,49.907383],[7.053693,49.907164],[7.060304,49.907275],[7.060643,49.907505],[7.060991,49.907511],[7.06133,49.907742],[7.061678,49.907748],[7.062017,49.907978],[7.062713,49.90799],[7.063052,49.90822],[7.063748,49.908232],[7.06985,49.912381],[7.069841,49.912606],[7.071197,49.913528],[7.071179,49.913978],[7.072874,49.91513],[7.072812,49.916703],[7.073151,49.916934],[7.073133,49.917383]]}},
{"type":"Feature","properties":{"STRM_VAL":1.0,"max_accum":4300323.0,"color":"#1e4880","weight":4.44},"geometry":{"type":"LineString","coordinates":[[7.073133,49.917383],[7.073088,49.918507],[7.072731,49.918726],[7.072713,49.919175],[7.070928,49.92027],[7.070901,49.920944],[7.070187,49.921382],[7.070169,49.921832],[7.069812,49.92205],[7.069794,49.9225],[7.069437,49.922719],[7.069419,49.923168],[7.069062,49.923387],[7.069044,49.923837],[7.068687,49.924056],[7.06866,49.92473],[7.068303,49.924949],[7.068285,49.925398],[7.067928,49.925617],[7.067919,49.925842],[7.067562,49.926061],[7.067544,49.92651],[7.067187,49.926729],[7.067169,49.927179],[7.066812,49.927398],[7.066785,49.928072],[7.066428,49.928291],[7.066419,49.928515],[7.066062,49.928734],[7.066044,49.929184],[7.065686,49.929403],[7.065659,49.930077],[7.060659,49.933142],[7.06065,49.933366],[7.048504,49.940808],[7.048156,49.940802],[7.046727,49.941678],[7.046379,49.941672],[7.045307,49.942329],[7.044959,49.942323],[7.044244,49.94276],[7.043896,49.942755],[7.043538,49.942973],[7.04319,49.942967],[7.038187,49.946031],[7.037491,49.946019],[7.036776,49.946457],[7.036428,49.946451],[7.036071,49.94667],[7.035722,49.946664],[7.035008,49.947102],[7.034659,49.947096],[7.03432,49.946865],[7.032579,49.946836],[7.031864,49.947273],[7.031525,49.947043],[7.030453,49.947699],[7.030105,49.947693],[7.028317,49.948787],[7.028308,49.949012],[7.026567,49.948982],[7.025495,49.949639],[7.025476,49.950088],[7.024761,49.950526],[7.022672,49.95049],[7.022662,49.950715],[7.022305,49.950934],[7.021608,49.950922],[7.021269,49.950691],[7.018483,49.950643],[7.018144,49.950413],[7.017448,49.950401],[7.01709,49.95062],[7.016742,49.950614],[7.016027,49.951051],[7.01533,49.951039],[7.014991,49.950809],[7.014276,49.951246],[7.013928,49.95124],[7.01357,49.951459],[7.013561,49.951684],[7.0139,49.951914],[7.013891,49.952139],[7.013533,49.952358],[7.013185,49.952352],[7.012828,49.952571],[7.012479,49.952565],[7.01214,49.952334],[7.011783,49.952553],[7.011435,49.952547],[7.011095,49.952316],[7.010738,49.952535],[7.010719,49.952984],[7.009647,49.95364],[7.009298,49.953634],[7.008959,49.953404],[7.008602,49.953622],[7.008254,49.953616],[7.006823,49.954491],[7.006127,49.954479],[7.005412,49.954917],[7.005063,49.954911],[7.004706,49.95513],[7.004696,49.955354],[7.003981,49.955792],[7.003633,49.955786],[7.002918,49.956223],[7.002871,49.957347],[7.002514,49.957565],[7.002165,49.957559],[7.001808,49.957778],[7.001798,49.958003],[7.001083,49.95844],[7.000735,49.958434],[7.000377,49.958653],[6.999681,49.958641],[6.999323,49.95886],[6.999314,49.959084],[6.999653,49.959315],[6.999643,49.95954],[6.999286,49.959759],[6.999276,49.959983],[6.999615,49.960214],[6.999587,49.960888],[6.998872,49.961326],[6.999211,49.961556],[6.999183,49.96223],[6.998825,49.962449],[6.998602,49.967842],[6.998941,49.968073],[6.998922,49.968522],[6.999261,49.968753],[6.999243,49.969203],[6.999582,49.969433],[6.999563,49.969883],[6.999902,49.970114],[6.999893,49.970338],[7.000232,49.970569],[7.000223,49.970794],[7.000562,49.971024],[7.000543,49.971474],[7.000882,49.971705],[7.000864,49.972154],[7.001203,49.972385],[7.001193,49.972609],[7.001872,49.973071],[7.001862,49.973296],[7.006949,49.976756],[7.007646,49.976768],[7.011717,49.979537],[7.012065,49.979543],[7.012404,49.979773],[7.012753,49.979779],[7.013092,49.98001],[7.013441,49.980016],[7.014119,49.980477],[7.015513,49.980501],[7.015852,49.980732],[7.020034,49.980803],[7.020713,49.981265],[7.021061,49.981271],[7.0214,49.981501],[7.022097,49.981513],[7.022813,49.981076],[7.02351,49.981087],[7.023519,49.980863],[7.023877,49.980644],[7.024574,49.980656],[7.024913,49.980886],[7.02561,49.980898],[7.025949,49.981129],[7.026646,49.981141],[7.027004,49.980922],[7.027013,49.980697],[7.027371,49.980479],[7.02738,49.980254],[7.027738,49.980035],[7.028077,49.980266],[7.028435,49.980047],[7.028774,49.980278],[7.028765,49.980502],[7.029104,49.980733],[7.030149,49.980751],[7.030507,49.980532],[7.030856,49.980538],[7.031213,49.980319],[7.031232,49.97987],[7.031947,49.979432],[7.032286,49.979663],[7.032644,49.979444],[7.032983,49.979674],[7.033341,49.979456],[7.033689,49.979461],[7.034029,49.979692],[7.034377,49.979698],[7.037596,49.977729],[7.037935,49.977959],[7.038981,49.977977],[7.039338,49.977758],[7.039347,49.977533],[7.039705,49.977315],[7.039714,49.97709],[7.040411,49.977102],[7.04075,49.977332],[7.041447,49.977344],[7.041805,49.977125],[7.042153,49.977131],[7.042511,49.976912],[7.042859,49.976918],[7.043932,49.976262],[7.04395,49.975812],[7.044308,49.975593],[7.044647,49.975824],[7.045005,49.975605],[7.045014,49.97538],[7.045729,49.974943],[7.046077,49.974948],[7.046793,49.974511],[7.047838,49.974528],[7.048195,49.97431],[7.048544,49.974315],[7.048901,49.974097],[7.048929,49.973422],[7.049277,49.973428],[7.049635,49.973209],[7.050332,49.973221],[7.050689,49.973002],[7.050707,49.972553],[7.051065,49.972334],[7.051413,49.97234],[7.052128,49.971902],[7.052477,49.971908],[7.052834,49.971689],[7.05597,49.971742],[7.056327,49.971523],[7.056676,49.971529],[7.057391,49.971091],[7.058088,49.971102],[7.058097,49.970878],[7.058454,49.970659],[7.058463,49.970434],[7.058821,49.970215],[7.059518,49.970227],[7.059875,49.970008],[7.059884,49.969783],[7.060581,49.969795],[7.06092,49.970025],[7.061278,49.969807],[7.061287,49.969582],[7.060947,49.969351],[7.060956,49.969127],[7.061671,49.968689],[7.062011,49.968919],[7.062368,49.9687],[7.062377,49.968476],[7.062735,49.968257],[7.063074,49.968487],[7.063789,49.96805],[7.064137,49.968055],[7.064816,49.968516],[7.065164,49.968522],[7.065504,49.968753],[7.065852,49.968759],[7.06621,49.96854],[7.066549,49.96877],[7.066906,49.968551],[7.067603,49.968563],[7.067961,49.968344],[7.070051,49.968379],[7.07006,49.968154],[7.070417,49.967935],[7.070426,49.96771],[7.070784,49.967491],[7.071123,49.967722],[7.071472,49.967728],[7.071829,49.967509],[7.071838,49.967284],[7.072195,49.967065],[7.072892,49.967077],[7.073232,49.967307],[7.07358,49.967313],[7.073919,49.967544],[7.074268,49.967549],[7.074607,49.96778],[7.077743,49.967832],[7.078082,49.968062],[7.079476,49.968086],[7.082871,49.97039],[7.082862,49.970615],[7.08422,49.971537],[7.084211,49.971762],[7.08489,49.972223],[7.084881,49.972447],[7.08556,49.972908],[7.085551,49.973133],[7.085891,49.973364],[7.085882,49.973588],[7.086561,49.974049],[7.086552,49.974274],[7.086892,49.974505],[7.086883,49.974729],[7.087222,49.97496],[7.087213,49.975184],[7.087553,49.975415],[7.087544,49.97564],[7.089921,49.977253],[7.089912,49.977478],[7.090252,49.977708],[7.090243,49.977933],[7.091261,49.978624],[7.091253,49.978849],[7.096347,49.982306],[7.097044,49.982317],[7.097384,49.982548],[7.098081,49.982559],[7.09842,49.98279],[7.101905,49.982847],[7.104407,49.981313],[7.104416,49.981089],[7.105845,49.980213],[7.105872,49.979538],[7.106586,49.9791],[7.106877,49.971684],[7.106538,49.971454],[7.106546,49.971229],[7.106207,49.970999],[7.106216,49.970774],[7.105876,49.970544],[7.105894,49.970094],[7.105554,49.969864],[7.105563,49.969639],[7.105223,49.969409],[7.105232,49.969184],[7.104893,49.968953],[7.10491,49.968504],[7.104571,49.968273],[7.104597,49.967599],[7.104258,49.967369],[7.104284,49.966695],[7.103944,49.966464],[7.103971,49.96579],[7.103631,49.96556]]}},
{"type":"Feature","properties":{"STRM_VAL":1.0,"max_accum":4402948.0,"color":"#1e477f","weight":4.45},"geometry":{"type":"LineString","coordinates":[[7.103631,49.96556],[7.103658,49.964885],[7.103318,49.964655],[7.103336,49.964206],[7.102996,49.963975],[7.103005,49.96375],[7.102666,49.96352],[7.102675,49.963295],[7.102335,49.963065],[7.102353,49.962615],[7.102013,49.962385],[7.10204,49.961711],[7.1017,49.96148],[7.101735,49.960581],[7.101396,49.960351],[7.101458,49.958778],[7.101118,49.958547],[7.10118,49.956974],[7.106537,49.953689],[7.106886,49.953695],[7.109743,49.951942],[7.110091,49.951948],[7.111162,49.951291],[7.111511,49.951296],[7.112225,49.950858],[7.112921,49.95087],[7.113278,49.95065],[7.113627,49.950656],[7.113984,49.950437],[7.114332,49.950443],[7.115046,49.950005],[7.116091,49.950022],[7.116448,49.949802]]}},
{"type":"Feature","properties":{"STRM_VAL":1.0,"max_accum":4516116.0,"color":"#1d477f","weight":4.46},"geometry":{"type":"LineString","coordinates":[[7.116448,49.949802],[7.117493,49.949819],[7.118207,49.949381],[7.1196,49.949404],[7.119957,49.949185],[7.12344,49.949241],[7.129552,49.953388],[7.129544,49.953612],[7.130562,49.954303],[7.130554,49.954528],[7.130893,49.954759],[7.130885,49.954983],[7.131224,49.955214],[7.131216,49.955438],[7.131555,49.955669],[7.131512,49.956792],[7.131851,49.957023],[7.131703,49.960843],[7.132043,49.961074],[7.131991,49.962422],[7.132331,49.962652],[7.132296,49.963551],[7.132635,49.963782],[7.132305,49.972321],[7.129805,49.973855],[7.130145,49.974086],[7.130136,49.97431],[7.129779,49.974529],[7.12977,49.974754],[7.129056,49.975192],[7.129047,49.975417],[7.12869,49.975636],[7.128681,49.975861],[7.128324,49.97608],[7.127627,49.976069],[7.12727,49.976288],[7.127226,49.977412],[7.12544,49.978507],[7.125431,49.978732],[7.125074,49.978951],[7.125065,49.979176],[7.124351,49.979614],[7.124342,49.979839],[7.123627,49.980277],[7.123619,49.980502],[7.122547,49.981159],[7.122538,49.981384],[7.121466,49.982041],[7.121458,49.982266],[7.120743,49.982704],[7.120734,49.982928],[7.120377,49.983148]]}},
{"type":"Feature","properties":{"STRM_VAL":1.0,"max_accum":4557903.0,"color":"#1d467f","weight":4.47},"geometry":{"type":"LineString","coordinates":[[7.120377,49.983148],[7.119663,49.983586],[7.119654,49.98381],[7.119296,49.984029],[7.119288,49.984254],[7.11893,49.984473],[7.118913,49.984923],[7.118556,49.985142],[7.118529,49.985816],[7.118172,49.986035],[7.118154,49.986485],[7.117797,49.986704],[7.11778,49.987153],[7.117422,49.987372],[7.117413,49.987597],[7.117056,49.987816],[7.117039,49.988265],[7.116681,49.988484],[7.116655,49.989159],[7.116297,49.989378],[7.11628,49.989827],[7.115923,49.990046],[7.115887,49.990945],[7.11553,49.991164],[7.115302,49.997007],[7.115641,49.997238],[7.115633,49.997462],[7.114918,49.997901],[7.115258,49.998131],[7.115249,49.998356],[7.114534,49.998794],[7.114874,49.999024],[7.114159,49.999462],[7.114499,49.999693],[7.11449,49.999917],[7.11517,50.000378],[7.115108,50.001951],[7.115788,50.002412],[7.115762,50.003086],[7.115404,50.003305],[7.115744,50.003536],[7.116093,50.003541],[7.116433,50.003772],[7.116424,50.003997],[7.116066,50.004216],[7.116058,50.00444],[7.116398,50.004671],[7.11638,50.00512],[7.11672,50.005351],[7.117069,50.005356],[7.11706,50.005581],[7.1174,50.005811],[7.117382,50.006261],[7.117722,50.006491],[7.117704,50.006941],[7.118384,50.007401],[7.118376,50.007626],[7.119055,50.008087],[7.119047,50.008312],[7.120066,50.009003],[7.120023,50.010126],[7.120363,50.010357],[7.120354,50.010582],[7.121034,50.011042],[7.121007,50.011717],[7.121347,50.011947],[7.121304,50.013071],[7.122663,50.013992],[7.122646,50.014441],[7.122986,50.014672],[7.122951,50.015571],[7.122593,50.01579],[7.121547,50.015773],[7.12119,50.015992],[7.121137,50.01734],[7.120779,50.017559],[7.120771,50.017784],[7.121111,50.018015],[7.120038,50.018672],[7.120012,50.019346],[7.119654,50.019565],[7.119637,50.020015],[7.119279,50.020234],[7.119253,50.020908],[7.118895,50.021127],[7.118886,50.021352],[7.118529,50.021571],[7.11852,50.021795],[7.11886,50.022026],[7.118842,50.022475],[7.118485,50.022694],[7.118467,50.023144],[7.117752,50.023582],[7.117735,50.024031],[7.117019,50.02447],[7.117359,50.0247],[7.117351,50.024925],[7.117002,50.024919],[7.116644,50.025138],[7.116984,50.025368],[7.116627,50.025588],[7.116609,50.026037],[7.115536,50.026694],[7.115518,50.027144],[7.115161,50.027363],[7.115501,50.027593],[7.115143,50.027812],[7.115126,50.028262],[7.114768,50.028481],[7.114689,50.030503],[7.113973,50.030941],[7.113956,50.031391],[7.113598,50.03161],[7.113581,50.032059],[7.113921,50.03229],[7.113912,50.032514],[7.114252,50.032745],[7.114601,50.03275],[7.114592,50.032975],[7.114234,50.033194],[7.113894,50.032964],[7.113179,50.033402],[7.113152,50.034076],[7.113492,50.034307],[7.113135,50.034526],[7.113815,50.034986],[7.1131,50.035425],[7.113073,50.036099],[7.113413,50.036329],[7.113762,50.036335],[7.114782,50.037026],[7.114425,50.037245],[7.114765,50.037475],[7.115114,50.037481],[7.115794,50.037942],[7.115715,50.039964],[7.116055,50.040195],[7.116404,50.040201],[7.116395,50.040425],[7.117075,50.040886],[7.117067,50.041111],[7.117407,50.041341],[7.117398,50.041566],[7.117738,50.041796],[7.117023,50.042234],[7.118723,50.043386],[7.119072,50.043392],[7.120093,50.044083],[7.121489,50.044106],[7.121829,50.044336],[7.122178,50.044342],[7.122518,50.044572],[7.123216,50.044583],[7.123556,50.044814],[7.127046,50.04487],[7.128477,50.043994],[7.128826,50.043999],[7.128835,50.043775],[7.129184,50.04378],[7.129541,50.043561],[7.131286,50.043589],[7.131644,50.04337],[7.131661,50.042921],[7.132019,50.042702],[7.132028,50.042477],[7.134889,50.040724],[7.135238,50.04073],[7.135953,50.040291],[7.135962,50.040067],[7.13632,50.039848],[7.136669,50.039853],[7.137026,50.039634],[7.137375,50.03964],[7.137733,50.03942],[7.138431,50.039432],[7.139504,50.038774],[7.139852,50.03878],[7.14021,50.038561],[7.140219,50.038336],[7.140576,50.038117],[7.139896,50.037656],[7.140253,50.037437],[7.140602,50.037443],[7.14096,50.037224],[7.142007,50.03724],[7.142364,50.037021],[7.142713,50.037027],[7.142739,50.036353],[7.143097,50.036133],[7.143123,50.035459],[7.143838,50.035021],[7.143847,50.034796],[7.147422,50.032605],[7.14744,50.032155],[7.147797,50.031936],[7.147806,50.031711],[7.148163,50.031492],[7.148172,50.031267],[7.148529,50.031048],[7.148538,50.030823],[7.148896,50.030604],[7.148904,50.03038],[7.149262,50.03016],[7.149288,50.029486],[7.149645,50.029267],[7.149723,50.027244],[7.15008,50.027025],[7.150149,50.025227],[7.150507,50.025008],[7.150533,50.024334],[7.15089,50.024115],[7.150908,50.023665],[7.151265,50.023446]]}},
{"type":"Feature","properties":{"STRM_VAL":1.0,"max_accum":4663392.0,"color":"#1d467e","weight":4.48},"geometry":{"type":"LineString","coordinates":[[7.151265,50.023446],[7.151299,50.022547],[7.151657,50.022328],[7.151683,50.021654],[7.15204,50.021435],[7.152075,50.020536],[7.152432,50.020317],[7.152475,50.019193],[7.15462,50.017878],[7.154628,50.017653],[7.159274,50.014804],[7.159972,50.014815],[7.160686,50.014376],[7.161384,50.014387],[7.161741,50.014168],[7.16209,50.014174],[7.162447,50.013954],[7.162796,50.01396],[7.163153,50.013741],[7.1642,50.013757],[7.164557,50.013538],[7.166301,50.013566],[7.166658,50.013346],[7.168053,50.013368],[7.169125,50.012711],[7.169805,50.013171],[7.170163,50.012952],[7.170503,50.013182],[7.171549,50.013199],[7.17223,50.013659],[7.172578,50.013665],[7.172919,50.013895],[7.173616,50.013906],[7.174297,50.014366],[7.174654,50.014147],[7.175003,50.014153],[7.177384,50.015764],[7.177376,50.015989],[7.179077,50.01714],[7.179052,50.017814],[7.179392,50.018044],[7.179384,50.018269],[7.179026,50.018488],[7.179367,50.018719],[7.17935,50.019168],[7.180371,50.019859]]}},
{"type":"Feature","properties":{"STRM_VAL":1.0,"max_accum":4670162.0,"color":"#1d467e","weight":4.48},"geometry":{"type":"LineString","coordinates":[[7.180371,50.019859],[7.180362,50.020083],[7.180702,50.020314],[7.180694,50.020538],[7.181034,50.020769],[7.180677,50.020988],[7.180617,50.022561],[7.18026,50.02278],[7.180941,50.023241],[7.180847,50.025713]]}},
{"type":"Feature","properties":{"STRM_VAL":1.0,"max_accum":4698953.0,"color":"#1d467e","weight":4.48},"geometry":{"type":"LineString","coordinates":[[7.180847,50.025713],[7.18083,50.026162],[7.180116,50.026601],[7.180022,50.029073],[7.178593,50.02995],[7.178933,50.03018],[7.178576,50.030399],[7.178559,50.030849],[7.177844,50.031287],[7.177801,50.032411],[7.177444,50.03263],[7.178125,50.033091],[7.178116,50.033316],[7.175614,50.03485],[7.175274,50.03462],[7.174925,50.034615],[7.173495,50.035492],[7.174176,50.035952],[7.174168,50.036177],[7.17381,50.036396],[7.173461,50.036391],[7.173104,50.03661],[7.172755,50.036604],[7.17204,50.037043],[7.170993,50.037026],[7.170278,50.037465],[7.169929,50.037459],[7.169214,50.037898],[7.168865,50.037892],[7.168508,50.038111],[7.168159,50.038106],[7.167802,50.038325],[7.167453,50.03832],[7.166738,50.038758],[7.166389,50.038753],[7.166031,50.038972],[7.165333,50.038961],[7.164976,50.03918]]}},
{"type":"Feature","properties":{"STRM_VAL":1.0,"max_accum":5278729.0,"color":"#1a437c","weight":4.54},"geometry":{"type":"LineString","coordinates":[[7.164976,50.03918],[7.164618,50.039399],[7.16392,50.039388],[7.163563,50.039607],[7.163214,50.039602],[7.162499,50.04004],[7.160754,50.040013],[7.160397,50.040232],[7.159699,50.040221],[7.159341,50.04044],[7.158294,50.040423],[7.157937,50.040642],[7.15689,50.040626],[7.156532,50.040845],[7.155137,50.040823],[7.154779,50.041042],[7.153732,50.041025],[7.153375,50.041245],[7.152677,50.041233],[7.151604,50.041891],[7.151255,50.041885],[7.150915,50.041655],[7.150557,50.041874],[7.150531,50.042548],[7.150174,50.042768],[7.149825,50.042762],[7.149109,50.0432],[7.146667,50.043161],[7.146309,50.043381],[7.144215,50.043347],[7.139566,50.046196],[7.139217,50.04619],[7.13564,50.048382],[7.135631,50.048606],[7.133843,50.049702],[7.133825,50.050151],[7.132036,50.051247],[7.132028,50.051472],[7.130954,50.052129],[7.130946,50.052354],[7.130588,50.052573],[7.130579,50.052798],[7.130221,50.053017],[7.130204,50.053466],[7.129846,50.053685],[7.129593,50.060202]]}},
{"type":"Feature","properties":{"STRM_VAL":1.0,"max_accum":5309144.0,"color":"#1a437c","weight":4.55},"geometry":{"type":"LineString","coordinates":[[7.129593,50.060202],[7.129567,50.060877],[7.129907,50.061107],[7.129802,50.063804],[7.130142,50.064034],[7.129871,50.071001],[7.130212,50.071231],[7.130142,50.073029],[7.130482,50.073259],[7.130439,50.074383],[7.130779,50.074613],[7.130735,50.075737],[7.131076,50.075967],[7.131032,50.077091],[7.131373,50.077321],[7.131338,50.07822],[7.131678,50.078451],[7.131652,50.079125],[7.131992,50.079355],[7.131923,50.081153],[7.132263,50.081383],[7.132246,50.081833],[7.134289,50.083215],[7.133931,50.083434],[7.134271,50.083664],[7.134219,50.085013],[7.134559,50.085243],[7.134551,50.085468],[7.135572,50.086159],[7.135555,50.086608],[7.135895,50.086838],[7.135887,50.087063],[7.135529,50.087282],[7.13552,50.087507],[7.135171,50.087501],[7.134813,50.087721],[7.134787,50.088395],[7.135136,50.0884],[7.135476,50.088631],[7.13545,50.089305]]}},
{"type":"Feature","properties":{"STRM_VAL":1.0,"max_accum":5395296.0,"color":"#1a437b","weight":4.55},"geometry":{"type":"LineString","coordinates":[[7.13545,50.089305],[7.135791,50.089535],[7.135756,50.090434],[7.136097,50.090664],[7.13607,50.091339],[7.136411,50.091569],[7.136385,50.092243],[7.136027,50.092462],[7.135992,50.093361],[7.136332,50.093592],[7.136306,50.094266],[7.134874,50.095142],[7.134857,50.095592],[7.135197,50.095822],[7.135189,50.096047],[7.133756,50.096923],[7.133407,50.096918],[7.133049,50.097137],[7.13235,50.097125],[7.131992,50.097345],[7.131643,50.097339],[7.130568,50.097996],[7.12987,50.097985],[7.129511,50.098204],[7.128114,50.098182],[7.127756,50.098401],[7.127407,50.098395],[7.127048,50.098614],[7.126699,50.098608],[7.126358,50.098378],[7.126009,50.098372],[7.125293,50.098811],[7.124952,50.09858],[7.124603,50.098575],[7.124245,50.098794],[7.123895,50.098788],[7.123537,50.099007],[7.123528,50.099232],[7.119589,50.101642],[7.11958,50.101866],[7.119222,50.102085],[7.119213,50.10231],[7.118855,50.102529],[7.118819,50.103428],[7.121204,50.105041],[7.122601,50.105063],[7.122942,50.105294],[7.128532,50.105384],[7.128891,50.105165],[7.129589,50.105176],[7.129948,50.104957],[7.130297,50.104963],[7.130655,50.104744],[7.131005,50.104749],[7.131721,50.104311],[7.13207,50.104317],[7.137442,50.10103],[7.138141,50.101041],[7.138857,50.100603]]}},
{"type":"Feature","properties":{"STRM_VAL":1.0,"max_accum":5443862.0,"color":"#1a437b","weight":4.56},"geometry":{"type":"LineString","coordinates":[[7.138857,50.100603],[7.139573,50.100165],[7.139923,50.10017],[7.140281,50.099951],[7.14063,50.099957],[7.141704,50.099299],[7.142054,50.099305],[7.14277,50.098867],[7.142787,50.098417],[7.143145,50.098198],[7.143495,50.098204],[7.144569,50.097546],[7.145268,50.097557],[7.1467,50.096681],[7.147722,50.097372],[7.148071,50.097377],[7.148429,50.097158],[7.148778,50.097164],[7.149136,50.096945],[7.149835,50.096956],[7.150193,50.096737],[7.150892,50.096748],[7.15125,50.096529],[7.151599,50.096534],[7.151957,50.096315],[7.152307,50.096321],[7.152665,50.096101],[7.152682,50.095652],[7.15304,50.095433],[7.153049,50.095208],[7.152708,50.094978],[7.153782,50.09432],[7.154131,50.094326],[7.155921,50.09323],[7.15662,50.093241],[7.156978,50.093022],[7.157327,50.093027],[7.157685,50.092808],[7.158034,50.092814],[7.158392,50.092594],[7.159091,50.092606],[7.161238,50.09129],[7.160898,50.09106],[7.161256,50.090841],[7.161954,50.090852],[7.163744,50.089756],[7.164442,50.089767],[7.165516,50.089109],[7.165865,50.089115],[7.166581,50.088676],[7.16693,50.088682],[7.166939,50.088457],[7.16837,50.08758],[7.168379,50.087356],[7.168737,50.087136],[7.169078,50.087367],[7.169427,50.087372],[7.169785,50.087153],[7.170134,50.087158],[7.170492,50.086939],[7.170841,50.086945],[7.171182,50.087175],[7.17154,50.086956],[7.171889,50.086961],[7.172247,50.086742],[7.172596,50.086748],[7.172954,50.086528],[7.173303,50.086534],[7.173661,50.086315],[7.17401,50.08632],[7.174368,50.086101],[7.174717,50.086106],[7.175075,50.085887],[7.175425,50.085893],[7.175782,50.085673],[7.176132,50.085679],[7.176489,50.08546],[7.176839,50.085465],[7.177554,50.085027],[7.178602,50.085043],[7.17896,50.084824],[7.179309,50.084829],[7.179667,50.08461],[7.180016,50.084615],[7.180374,50.084396],[7.181073,50.084407],[7.18143,50.084188],[7.18178,50.084193],[7.182137,50.083974],[7.182487,50.08398],[7.182844,50.08376],[7.183194,50.083766],[7.183551,50.083546],[7.183901,50.083552],[7.184616,50.083113],[7.184965,50.083119],[7.185323,50.0829],[7.185673,50.082905],[7.18603,50.082686],[7.18638,50.082691],[7.187095,50.082253],[7.187444,50.082258],[7.187802,50.082039],[7.188151,50.082044],[7.188867,50.081606],[7.189216,50.081611],[7.190289,50.080953],[7.190638,50.080959],[7.191354,50.08052],[7.191703,50.080526],[7.192061,50.080306],[7.19241,50.080312],[7.193483,50.079654],[7.195578,50.079686],[7.196294,50.079248],[7.198738,50.079286],[7.202828,50.082048],[7.202812,50.082497],[7.203493,50.082957],[7.203485,50.083182],[7.203826,50.083412],[7.203809,50.083862],[7.20415,50.084092],[7.204125,50.084766],[7.204466,50.084996],[7.204356,50.087918],[7.203641,50.088357],[7.203624,50.088806],[7.202551,50.089464],[7.202543,50.089689],[7.201469,50.090347],[7.201461,50.090571],[7.200388,50.091229],[7.200379,50.091454],[7.199306,50.092112],[7.199298,50.092337],[7.198224,50.092995],[7.198216,50.09322],[7.1975,50.093658],[7.197492,50.093883],[7.197134,50.094102],[7.197126,50.094327],[7.196768,50.094546],[7.19676,50.094771],[7.196044,50.09521],[7.196036,50.095434],[7.195678,50.095654],[7.195669,50.095878],[7.195312,50.096098],[7.195303,50.096322],[7.194587,50.096761],[7.194579,50.096986],[7.194221,50.097205],[7.194204,50.097655],[7.193846,50.097874],[7.193821,50.098548],[7.193463,50.098767],[7.193438,50.099442],[7.19308,50.099661],[7.193046,50.10056],[7.192688,50.100779],[7.192655,50.101678],[7.192297,50.101897],[7.192263,50.102796],[7.191905,50.103016],[7.191744,50.107286],[7.196859,50.110738],[7.197209,50.110744],[7.197891,50.111204],[7.19824,50.111209],[7.199263,50.1119],[7.199613,50.111905],[7.199954,50.112135],[7.200653,50.112146],[7.200994,50.112376],[7.201693,50.112387],[7.202034,50.112617],[7.202733,50.112628],[7.203074,50.112858],[7.207617,50.112928],[7.210838,50.110954],[7.210846,50.11073],[7.211562,50.110291],[7.211911,50.110296],[7.214058,50.10898],[7.214408,50.108986],[7.218701,50.106353],[7.220449,50.10638],[7.221131,50.10684],[7.22183,50.106851],[7.222187,50.106631],[7.222886,50.106642],[7.223244,50.106423],[7.22604,50.106465],[7.226397,50.106246],[7.228494,50.106278],[7.228835,50.106508],[7.229883,50.106524],[7.230225,50.106754],[7.230582,50.106535],[7.23198,50.106556],[7.232321,50.106786],[7.232671,50.106792],[7.233028,50.106572],[7.234077,50.106588],[7.235442,50.107508],[7.235791,50.107514],[7.235783,50.107738],[7.236465,50.108198],[7.236457,50.108423],[7.23748,50.109113],[7.237472,50.109338],[7.237115,50.109557],[7.23709,50.110232],[7.237772,50.110692],[7.237764,50.110917]]}},
{"type":"Feature","properties":{"STRM_VAL":1.0,"max_accum":5477597.0,"color":"#1a427b","weight":4.56},"geometry":{"type":"LineString","coordinates":[[7.237764,50.110917],[7.237698,50.112714],[7.23838,50.113175],[7.237307,50.113833],[7.236958,50.113828],[7.236242,50.114266],[7.236234,50.114491],[7.236583,50.114496],[7.236575,50.114721],[7.236217,50.114941],[7.236209,50.115165],[7.235851,50.115385],[7.235843,50.11561],[7.235485,50.115829],[7.235469,50.116278],[7.23581,50.116508],[7.234737,50.117167],[7.23472,50.117616],[7.233647,50.118275],[7.232598,50.118259],[7.227589,50.12133],[7.22758,50.121555],[7.227223,50.121774],[7.227206,50.122224],[7.226848,50.122443],[7.22684,50.122668],[7.226482,50.122887],[7.226823,50.123118],[7.226807,50.123567],[7.226449,50.123786],[7.226424,50.124461],[7.226765,50.124691],[7.226757,50.124915],[7.227781,50.125606],[7.227423,50.125825],[7.227406,50.126275],[7.227747,50.126505],[7.227389,50.126724],[7.227381,50.126949],[7.227023,50.127168],[7.227365,50.127398],[7.227007,50.127618],[7.22699,50.128067],[7.225916,50.128725],[7.225875,50.129849],[7.226216,50.130079],[7.226566,50.130084],[7.226557,50.130309],[7.22724,50.130769],[7.227223,50.131219],[7.227565,50.131449],[7.227548,50.131898],[7.228572,50.132589],[7.228564,50.132813],[7.229929,50.133734],[7.229571,50.133953],[7.230254,50.134413],[7.230612,50.134194],[7.230953,50.134424],[7.230945,50.134649],[7.233676,50.136489],[7.234025,50.136494],[7.234383,50.136275],[7.235066,50.136735],[7.23505,50.137185],[7.234692,50.137404],[7.234683,50.137629],[7.235025,50.137859],[7.235017,50.138084],[7.236382,50.139004],[7.236374,50.139228],[7.236715,50.139459],[7.236649,50.141256],[7.236991,50.141486],[7.236982,50.141711],[7.236266,50.14215],[7.236258,50.142375],[7.234468,50.143472],[7.23446,50.143697],[7.233028,50.144574],[7.232678,50.144569],[7.231246,50.145447],[7.230897,50.145441],[7.230539,50.145661],[7.229839,50.14565],[7.229481,50.145869],[7.228782,50.145859],[7.228424,50.146078],[7.222128,50.145982],[7.221787,50.145752],[7.221437,50.145747],[7.221096,50.145516],[7.220746,50.145511],[7.219722,50.144821],[7.219372,50.144815],[7.218007,50.143895],[7.217308,50.143884],[7.216625,50.143424],[7.215576,50.143408],[7.21421,50.142488],[7.213861,50.142482],[7.213519,50.142252],[7.21317,50.142247],[7.212828,50.142017],[7.212479,50.142011],[7.212137,50.141781],[7.211788,50.141776],[7.211446,50.141545],[7.210397,50.141529],[7.210056,50.141299],[7.209007,50.141283],[7.208666,50.141053],[7.205169,50.140999],[7.204827,50.140769],[7.202729,50.140736],[7.202371,50.140956],[7.198525,50.140896],[7.198166,50.141115],[7.185927,50.140925],[7.185586,50.140695],[7.184537,50.140678],[7.184196,50.140448]]}},
{"type":"Feature","properties":{"STRM_VAL":1.0,"max_accum":5608178.0,"color":"#19427b","weight":4.57},"geometry":{"type":"LineString","coordinates":[[7.184196,50.140448],[7.183147,50.140432],[7.182806,50.140201],[7.180708,50.140168],[7.180367,50.139938],[7.178968,50.139916],[7.178627,50.139686],[7.173731,50.139609],[7.170865,50.141363],[7.170857,50.141588],[7.170499,50.141807],[7.170482,50.142256],[7.170123,50.142476],[7.170115,50.1427],[7.169756,50.14292],[7.169739,50.143369],[7.169381,50.143588],[7.169338,50.144712],[7.16898,50.144931],[7.168954,50.145605],[7.168596,50.145825],[7.168398,50.150993]]}},
{"type":"Feature","properties":{"STRM_VAL":1.0,"max_accum":5633187.0,"color":"#19427b","weight":4.58},"geometry":{"type":"LineString","coordinates":[[7.168398,50.150993],[7.168347,50.152342],[7.168688,50.152572],[7.168645,50.153696],[7.168986,50.153926],[7.168952,50.154825],[7.169293,50.155055],[7.169276,50.155504],[7.169617,50.155735],[7.169608,50.155959],[7.175751,50.160104],[7.17645,50.160115],[7.177133,50.160575],[7.177483,50.160581],[7.177824,50.160811],[7.178524,50.160822],[7.178865,50.161052],[7.179215,50.161058],[7.179556,50.161288],[7.181655,50.161321],[7.181996,50.161551],[7.187244,50.161633],[7.187602,50.161414],[7.188302,50.161425],[7.18866,50.161205],[7.18971,50.161222],[7.190068,50.161002],[7.195665,50.161089],[7.196024,50.16087],[7.199872,50.16093],[7.200213,50.16116],[7.200563,50.161165],[7.205684,50.164618],[7.206034,50.164623],[7.207059,50.165314],[7.207408,50.165319],[7.20775,50.165549]]}},
{"type":"Feature","properties":{"STRM_VAL":1.0,"max_accum":5648227.0,"color":"#19427b","weight":4.58},"geometry":{"type":"LineString","coordinates":[[7.20775,50.165549],[7.208433,50.166009],[7.208783,50.166015],[7.209124,50.166245],[7.209474,50.16625],[7.209815,50.16648],[7.210165,50.166486],[7.210507,50.166716],[7.210857,50.166721],[7.211198,50.166951],[7.211898,50.166962],[7.212239,50.167192],[7.215388,50.167241],[7.21573,50.167471],[7.217829,50.167503],[7.218171,50.167733],[7.227268,50.167872],[7.227609,50.168103],[7.245804,50.168379]]}},
{"type":"Feature","properties":{"STRM_VAL":1.0,"max_accum":5726839.0,"color":"#19417a","weight":4.58},"geometry":{"type":"LineString","coordinates":[[7.245804,50.168379],[7.246853,50.168395],[7.247212,50.168175],[7.247911,50.168186],[7.25006,50.166869],[7.250402,50.167099],[7.251101,50.16711],[7.252126,50.1678],[7.252476,50.167805],[7.252834,50.167585],[7.253884,50.167601],[7.254242,50.167382],[7.254592,50.167387],[7.254934,50.167617],[7.254926,50.167842],[7.255267,50.168072],[7.255617,50.168077],[7.255975,50.167857],[7.257025,50.167873],[7.257383,50.167654],[7.257725,50.167884],[7.258075,50.167889],[7.258433,50.167669],[7.259132,50.16768],[7.259849,50.167241],[7.260898,50.167257],[7.261923,50.167947],[7.262282,50.167727],[7.262623,50.167957],[7.262973,50.167962],[7.263331,50.167743],[7.264381,50.167758],[7.264739,50.167539],[7.265081,50.167769],[7.26648,50.16779],[7.266838,50.16757],[7.267888,50.167586],[7.268246,50.167366],[7.268596,50.167372],[7.269279,50.167832],[7.269637,50.167612],[7.269646,50.167387],[7.270004,50.167168],[7.270353,50.167173],[7.270711,50.166953],[7.271061,50.166959],[7.271403,50.167189],[7.271045,50.167408],[7.271387,50.167638],[7.271737,50.167643],[7.272079,50.167873],[7.272437,50.167654],[7.272786,50.167659],[7.273144,50.167439],[7.274894,50.167465]]}},
{"type":"Feature","properties":{"STRM_VAL":1.0,"max_accum":6049779.0,"color":"#174079","weight":4.61},"geometry":{"type":"LineString","coordinates":[[7.274894,50.167465],[7.275578,50.167925],[7.276277,50.167936],[7.276961,50.168396],[7.27871,50.168421],[7.279736,50.169111],[7.280086,50.169116],[7.280444,50.168897],[7.280794,50.168902],[7.281136,50.169132],[7.281128,50.169357],[7.285326,50.169419],[7.28601,50.169879],[7.28636,50.169884],[7.287044,50.170344],[7.287394,50.170349],[7.287736,50.170579],[7.288086,50.170584],[7.288427,50.170814],[7.288777,50.170819],[7.289119,50.171049],[7.289819,50.171059],[7.290161,50.171289],[7.290511,50.171294],[7.290853,50.171524],[7.291203,50.171529],[7.291545,50.171759],[7.292594,50.171775],[7.292936,50.172004],[7.293286,50.17201],[7.293628,50.172239],[7.294328,50.17225],[7.297406,50.174319]]}},
{"type":"Feature","properties":{"STRM_VAL":1.0,"max_accum":6113936.0,"color":"#174079","weight":4.62},"geometry":{"type":"LineString","coordinates":[[7.297406,50.174319],[7.299115,50.175468],[7.299107,50.175693],[7.299449,50.175923],[7.299441,50.176147],[7.299783,50.176377],[7.299425,50.176597],[7.299378,50.177945],[7.29972,50.178175],[7.299712,50.1784],[7.300054,50.17863],[7.300038,50.179079],[7.30038,50.179309],[7.300372,50.179534],[7.30345,50.181603],[7.303434,50.182052],[7.305828,50.183661]]}},
{"type":"Feature","properties":{"STRM_VAL":1.0,"max_accum":6168625.0,"color":"#174079","weight":4.62},"geometry":{"type":"LineString","coordinates":[[7.305828,50.183661],[7.306855,50.184351],[7.307555,50.184361],[7.308581,50.18505],[7.308573,50.185275],[7.309273,50.185285],[7.309615,50.185515],[7.310315,50.185525],[7.310657,50.185755],[7.311015,50.185536],[7.311357,50.185765],[7.312407,50.185781],[7.31275,50.186011],[7.3131,50.186016],[7.313784,50.186475],[7.314134,50.18648],[7.31415,50.186031],[7.314508,50.185811],[7.315208,50.185821],[7.315892,50.186281],[7.31625,50.186061],[7.3166,50.186066],[7.316942,50.186296],[7.317292,50.186301],[7.318008,50.185862],[7.318692,50.186322],[7.31905,50.186102],[7.31975,50.186112],[7.320108,50.185892],[7.320458,50.185897],[7.321174,50.185458],[7.321858,50.185918],[7.322216,50.185698],[7.323616,50.185718],[7.325406,50.18462],[7.325756,50.184625],[7.326098,50.184855],[7.326082,50.185304],[7.326432,50.185309],[7.326775,50.185539],[7.327133,50.185319],[7.327833,50.185329],[7.32819,50.18511],[7.329241,50.185125],[7.329598,50.184905],[7.332049,50.18494],[7.332407,50.18472],[7.333107,50.18473],[7.333464,50.184511],[7.33348,50.184061],[7.333838,50.183842],[7.338388,50.183907],[7.338746,50.183687],[7.339096,50.183692],[7.339454,50.183472],[7.340154,50.183482],[7.340496,50.183712],[7.341196,50.183722],[7.341554,50.183502],[7.341896,50.183732],[7.342254,50.183512],[7.342596,50.183742],[7.344697,50.183772]]}},
{"type":"Feature","properties":{"STRM_VAL":1.0,"max_accum":6525377.0,"color":"#163f78","weight":4.65},"geometry":{"type":"LineString","coordinates":[[7.344697,50.183772],[7.345397,50.183782],[7.345739,50.184012],[7.346439,50.184022],[7.346781,50.184251],[7.347131,50.184256],[7.347473,50.184486],[7.348174,50.184496],[7.348516,50.184726],[7.348866,50.184731],[7.349939,50.184071],[7.350289,50.184076],[7.350631,50.184306],[7.350982,50.184311],[7.351324,50.184541],[7.350966,50.184761],[7.351308,50.18499],[7.351658,50.184995],[7.352343,50.185455],[7.352701,50.185235],[7.352708,50.18501],[7.353424,50.184571],[7.353766,50.1848],[7.353759,50.185025],[7.354101,50.185255],[7.354459,50.185035],[7.354809,50.18504],[7.355166,50.18482],[7.355509,50.18505],[7.355493,50.185499],[7.356178,50.185959],[7.356536,50.185739],[7.356878,50.185969],[7.357236,50.185749],[7.357586,50.185754],[7.358271,50.186213],[7.358628,50.185993],[7.360729,50.186023],[7.361071,50.186253],[7.361063,50.186478],[7.361413,50.186482],[7.36244,50.187172],[7.363841,50.187191],[7.364198,50.186971],[7.364898,50.186981],[7.365241,50.187211],[7.365591,50.187216],[7.365933,50.187446],[7.366283,50.18745],[7.366968,50.18791],[7.36661,50.18813],[7.369007,50.189737]]}},
{"type":"Feature","properties":{"STRM_VAL":1.0,"max_accum":6705531.0,"color":"#153e77","weight":4.67},"geometry":{"type":"LineString","coordinates":[[7.369007,50.189737],[7.371747,50.191575],[7.372104,50.191355],[7.372447,50.191585],[7.372431,50.192034],[7.372074,50.192254],[7.372051,50.192928],[7.372736,50.193387],[7.373086,50.193392],[7.373071,50.193842],[7.372713,50.194062],[7.372705,50.194286],[7.373048,50.194516],[7.37304,50.194741],[7.373382,50.194971],[7.373375,50.195195],[7.373717,50.195425],[7.374075,50.195205],[7.374418,50.195435],[7.37441,50.195659],[7.375095,50.196119],[7.375072,50.196793],[7.374356,50.197233],[7.374349,50.197458],[7.375719,50.198376],[7.375361,50.198596],[7.376046,50.199055],[7.375688,50.199275],[7.376031,50.199505],[7.376023,50.19973],[7.376366,50.199959],[7.37565,50.200399],[7.375643,50.200624],[7.376328,50.201083],[7.37632,50.201308],[7.377005,50.201767],[7.376997,50.201992],[7.37734,50.202221],[7.377325,50.202671],[7.37801,50.20313],[7.378002,50.203355],[7.378345,50.203585],[7.378337,50.203809],[7.38005,50.204958],[7.380035,50.205407],[7.38072,50.205866],[7.380705,50.206316],[7.38139,50.206775],[7.38136,50.207674],[7.381702,50.207904],[7.381695,50.208128],[7.382722,50.208817],[7.3827,50.209492],[7.383727,50.210181],[7.38372,50.210405],[7.384062,50.210635],[7.383705,50.210855],[7.384047,50.211084],[7.38404,50.211309],[7.384725,50.211768],[7.384717,50.211993],[7.38506,50.212223],[7.385052,50.212448]]}},
{"type":"Feature","properties":{"STRM_VAL":1.0,"max_accum":6731340.0,"color":"#153e77","weight":4.67},"geometry":{"type":"LineString","coordinates":[[7.385052,50.212448],[7.385395,50.212677],[7.38538,50.213127],[7.385723,50.213356],[7.386073,50.213361],[7.387101,50.21405],[7.387451,50.214055],[7.388479,50.214744],[7.388472,50.214968],[7.388814,50.215198],[7.388799,50.215648],[7.389485,50.216107],[7.389477,50.216332],[7.389119,50.216551],[7.389112,50.216776],[7.39014,50.217465],[7.390498,50.217245],[7.39084,50.217475],[7.391198,50.217255],[7.391548,50.21726],[7.391541,50.217484],[7.393597,50.218862],[7.39359,50.219087],[7.394991,50.219106],[7.396705,50.220254],[7.397062,50.220034],[7.397413,50.220039],[7.397771,50.219819],[7.398471,50.219829],[7.399157,50.220288],[7.399149,50.220513],[7.400178,50.221201],[7.400528,50.221206],[7.400886,50.220986],[7.401236,50.220991],[7.401579,50.221221],[7.401937,50.221001],[7.402988,50.221015],[7.40298,50.22124],[7.403323,50.22147],[7.403673,50.221474],[7.404016,50.221704],[7.404374,50.221484],[7.404724,50.221489],[7.404717,50.221714],[7.405059,50.221943],[7.406811,50.221967],[7.407839,50.222656],[7.40854,50.222665],[7.408883,50.222895],[7.409233,50.2229],[7.409576,50.223129],[7.409561,50.223579],[7.410247,50.224038],[7.410948,50.224048],[7.411305,50.223828],[7.412006,50.223837],[7.412692,50.224296],[7.413042,50.224301],[7.413385,50.224531],[7.413735,50.224535],[7.414421,50.224994],[7.416173,50.225018],[7.416516,50.225248],[7.417216,50.225257],[7.417559,50.225487],[7.41791,50.225492]]}},
{"type":"Feature","properties":{"STRM_VAL":1.0,"max_accum":6830918.0,"color":"#153e77","weight":4.67},"geometry":{"type":"LineString","coordinates":[[7.41791,50.225492],[7.419311,50.225511],[7.419654,50.22574],[7.420355,50.22575],[7.420698,50.225979],[7.4235,50.226017],[7.423843,50.226247],[7.427347,50.226294],[7.42769,50.226524],[7.433295,50.2266],[7.433653,50.22638],[7.434354,50.226389],[7.434697,50.226619],[7.435748,50.226633],[7.436106,50.226413],[7.436806,50.226422],[7.437164,50.226202],[7.437514,50.226207],[7.437857,50.226436],[7.44031,50.226469],[7.440653,50.226699],[7.442405,50.226722]]}},
{"type":"Feature","properties":{"STRM_VAL":1.0,"max_accum":6857124.0,"color":"#153e77","weight":4.68},"geometry":{"type":"LineString","coordinates":[[7.442405,50.226722],[7.44412,50.227869],[7.443762,50.22809],[7.443747,50.228539],[7.444091,50.228768],[7.444791,50.228778],[7.445134,50.229007],[7.44512,50.229457],[7.445463,50.229686],[7.44582,50.229466],[7.446164,50.229696],[7.446156,50.22992],[7.446499,50.23015],[7.44685,50.230155]]}},
{"type":"Feature","properties":{"STRM_VAL":1.0,"max_accum":6875825.0,"color":"#153e77","weight":4.68},"geometry":{"type":"LineString","coordinates":[[7.44685,50.230155],[7.447193,50.230384],[7.447185,50.230609],[7.445397,50.231709],[7.44574,50.231939],[7.445704,50.233062],[7.446047,50.233292],[7.445331,50.233732],[7.445317,50.234181],[7.444959,50.234402],[7.445302,50.234631],[7.444944,50.234851],[7.445287,50.235081],[7.44528,50.235305],[7.444922,50.235525],[7.445609,50.235984],[7.445601,50.236209],[7.444886,50.236649],[7.444535,50.236644],[7.444178,50.236865],[7.444141,50.237988],[7.443783,50.238208],[7.443776,50.238433],[7.44306,50.238873],[7.443053,50.239098],[7.442695,50.239318],[7.443038,50.239548],[7.442681,50.239768],[7.442666,50.240217],[7.442308,50.240437],[7.442279,50.241336],[7.442622,50.241566],[7.442607,50.242015],[7.442951,50.242245],[7.442929,50.242919],[7.443615,50.243378],[7.443608,50.243603],[7.444294,50.244061],[7.444287,50.244286],[7.445659,50.245204],[7.445645,50.245654],[7.445988,50.245883],[7.445944,50.247232],[7.445586,50.247452],[7.445506,50.249924]]}},
{"type":"Feature","properties":{"STRM_VAL":1.0,"max_accum":6897118.0,"color":"#153d77","weight":4.68},"geometry":{"type":"LineString","coordinates":[[7.445506,50.249924],[7.445491,50.250374],[7.444418,50.251034],[7.44441,50.251258],[7.442979,50.252139],[7.442971,50.252363],[7.442614,50.252584],[7.44257,50.253932],[7.442212,50.254152],[7.442204,50.254377],[7.441131,50.255037],[7.441123,50.255262],[7.440765,50.255482],[7.440758,50.255707],[7.4404,50.255927],[7.440371,50.256826],[7.440714,50.257055],[7.440677,50.258179],[7.441021,50.258408],[7.441013,50.258633],[7.442043,50.259322],[7.442036,50.259546],[7.456799,50.269412],[7.456792,50.269637]]}},
{"type":"Feature","properties":{"STRM_VAL":1.0,"max_accum":7035765.0,"color":"#143d76","weight":4.69},"geometry":{"type":"LineString","coordinates":[[7.456792,50.269637],[7.457479,50.270096],[7.457471,50.27032],[7.458158,50.270779],[7.458151,50.271004],[7.458494,50.271233],[7.458487,50.271458],[7.458831,50.271688],[7.458823,50.271912],[7.459167,50.272142],[7.459138,50.273041],[7.459481,50.27327],[7.459452,50.274169],[7.460139,50.274628],[7.460117,50.275302],[7.459759,50.275523],[7.459738,50.276197],[7.458306,50.277077],[7.458146,50.282022],[7.457788,50.282242],[7.457781,50.282467],[7.457065,50.282907],[7.45697,50.285829],[7.456254,50.286269],[7.456239,50.286719],[7.455881,50.286939],[7.455874,50.287163],[7.456218,50.287393],[7.45621,50.287618],[7.458959,50.289453],[7.45931,50.289458],[7.460684,50.290375],[7.460677,50.2906],[7.461707,50.291288],[7.4617,50.291513],[7.461342,50.291733],[7.46132,50.292407]]}},
{"type":"Feature","properties":{"STRM_VAL":1.0,"max_accum":7059822.0,"color":"#143d76","weight":4.69},"geometry":{"type":"LineString","coordinates":[[7.46132,50.292407],[7.461664,50.292637],[7.461657,50.292861],[7.462,50.293091],[7.461986,50.29354],[7.462329,50.29377],[7.462293,50.294894],[7.462637,50.295123]]}},
{"type":"Feature","properties":{"STRM_VAL":1.0,"max_accum":7070170.0,"color":"#143d76","weight":4.69},"geometry":{"type":"LineString","coordinates":[[7.462637,50.295123],[7.462564,50.297371],[7.462908,50.2976],[7.462893,50.29805],[7.463237,50.298279],[7.463595,50.298059],[7.463946,50.298063],[7.463939,50.298288],[7.464282,50.298518],[7.464261,50.299192],[7.463903,50.299412],[7.463552,50.299407],[7.462835,50.299848],[7.462806,50.300747],[7.463494,50.301205],[7.463479,50.301655],[7.463823,50.301884],[7.463816,50.302109],[7.463458,50.302329],[7.463107,50.302325],[7.463034,50.304572],[7.462676,50.304792],[7.46302,50.305022],[7.462662,50.305242],[7.463005,50.305471],[7.462289,50.305911],[7.461945,50.305682],[7.461587,50.305902],[7.461565,50.306576],[7.461207,50.306797],[7.461178,50.307696],[7.461522,50.307925],[7.461507,50.308374]]}},
{"type":"Feature","properties":{"STRM_VAL":1.0,"max_accum":7079071.0,"color":"#143d76","weight":4.69},"geometry":{"type":"LineString","coordinates":[[7.461507,50.308374],[7.461471,50.309498],[7.462502,50.310186],[7.462495,50.310411],[7.462137,50.310631],[7.462129,50.310856],[7.463161,50.311544],[7.463153,50.311769],[7.463497,50.311998],[7.46349,50.312223]]}},
{"type":"Feature","properties":{"STRM_VAL":1.0,"max_accum":7092846.0,"color":"#143d76","weight":4.69},"geometry":{"type":"LineString","coordinates":[[7.46349,50.312223],[7.463834,50.312453],[7.463819,50.312902],[7.464163,50.313132],[7.464156,50.313356],[7.464499,50.313586],[7.464485,50.314035],[7.466891,50.315641],[7.466877,50.31609],[7.467228,50.316095],[7.468259,50.316783],[7.46861,50.316788],[7.468954,50.317017],[7.469305,50.317022],[7.471024,50.318169],[7.47101,50.318618],[7.471697,50.319077],[7.473101,50.319095],[7.47346,50.318875],[7.474491,50.319563],[7.474477,50.320013],[7.475165,50.320472],[7.475157,50.320696],[7.475845,50.321155],[7.476547,50.321164],[7.477622,50.320504],[7.477973,50.320508],[7.478661,50.320967]]}},
{"type":"Feature","properties":{"STRM_VAL":1.0,"max_accum":7135188.0,"color":"#143d76","weight":4.7},"geometry":{"type":"LineString","coordinates":[[7.478661,50.320967],[7.479363,50.320976],[7.480051,50.321435],[7.480409,50.321215],[7.480416,50.32099],[7.480072,50.320761],[7.480079,50.320536],[7.48043,50.320541],[7.480789,50.32032],[7.481842,50.320334],[7.482186,50.320564],[7.482544,50.320343],[7.482895,50.320348],[7.483253,50.320128],[7.483604,50.320132],[7.483962,50.319912],[7.484306,50.320142],[7.484657,50.320146],[7.485015,50.319926],[7.485023,50.319701],[7.485381,50.319481],[7.486083,50.31949],[7.486799,50.31905],[7.48715,50.319054],[7.487508,50.318834],[7.48786,50.318839],[7.488218,50.318618],[7.488562,50.318848],[7.488913,50.318852],[7.489271,50.318632],[7.488927,50.318403],[7.489643,50.317962],[7.489994,50.317967],[7.490352,50.317747],[7.490703,50.317751],[7.491047,50.317981],[7.491405,50.31776],[7.491441,50.316637],[7.492515,50.315976],[7.492866,50.315981],[7.492874,50.315756],[7.493576,50.315765],[7.49392,50.315994],[7.494636,50.315554],[7.494292,50.315325],[7.49432,50.314425],[7.495036,50.313985],[7.494693,50.313756],[7.495051,50.313536],[7.494707,50.313306],[7.495423,50.312866],[7.496111,50.313324],[7.496462,50.313329],[7.496469,50.313104],[7.496827,50.312884],[7.496483,50.312655],[7.49649,50.31243],[7.496848,50.31221],[7.49755,50.312219],[7.497908,50.311999],[7.497915,50.311774],[7.498273,50.311554],[7.498281,50.311329],[7.498639,50.311109],[7.498653,50.310659],[7.499369,50.310219],[7.499376,50.309994],[7.501524,50.308672],[7.50118,50.308443],[7.502254,50.307782],[7.502598,50.308012],[7.502956,50.307791],[7.503307,50.307796],[7.503651,50.308025],[7.505055,50.308043],[7.505413,50.307823],[7.506817,50.307841],[7.507533,50.307401],[7.508586,50.307414],[7.509302,50.306974],[7.509646,50.307203],[7.509997,50.307207],[7.510355,50.306987],[7.510706,50.306992],[7.51105,50.307221],[7.5114,50.307225],[7.511744,50.307455],[7.512446,50.307464],[7.513134,50.307922],[7.51312,50.308372],[7.512762,50.308592],[7.513106,50.308821],[7.513457,50.308826],[7.513801,50.309055],[7.514517,50.308614],[7.514524,50.30839],[7.515577,50.308403]]}},
{"type":"Feature","properties":{"STRM_VAL":1.0,"max_accum":7164560.0,"color":"#143d76","weight":4.7},"geometry":{"type":"LineString","coordinates":[[7.515577,50.308403],[7.516265,50.308861],[7.517318,50.308875],[7.51835,50.309563],[7.518701,50.309567],[7.519389,50.310026],[7.51974,50.31003],[7.520428,50.310488],[7.520779,50.310493],[7.522843,50.311868],[7.522836,50.312093],[7.523524,50.312552],[7.523517,50.312776],[7.524205,50.313235],[7.524198,50.31346],[7.52523,50.314147],[7.525223,50.314372],[7.525567,50.314601],[7.52556,50.314826],[7.526593,50.315514],[7.526586,50.315738],[7.527274,50.316197],[7.52726,50.316646],[7.527948,50.317105],[7.527934,50.317554],[7.530343,50.319159],[7.530336,50.319383],[7.532401,50.320759],[7.532394,50.320983],[7.533771,50.3219],[7.534122,50.321905],[7.534466,50.322134],[7.535182,50.321693],[7.535526,50.321922],[7.535877,50.321927],[7.536565,50.322385],[7.536916,50.32239],[7.537261,50.322619],[7.537963,50.322628],[7.538307,50.322857],[7.53936,50.32287],[7.539704,50.323099],[7.54146,50.323121],[7.542837,50.324038],[7.54389,50.324051],[7.544234,50.32428],[7.545638,50.324298],[7.546354,50.323857],[7.546705,50.323861],[7.54705,50.324091],[7.547401,50.324095],[7.548117,50.323654],[7.548468,50.323659],[7.548826,50.323438],[7.549528,50.323447],[7.55297,50.325738],[7.553321,50.325743],[7.555731,50.327347],[7.555725,50.327571],[7.556069,50.327801],[7.556055,50.32825],[7.5564,50.328479],[7.556386,50.328929],[7.55673,50.329158],[7.55671,50.329832],[7.557054,50.330061],[7.557007,50.331635],[7.557351,50.331864],[7.557072,50.341079],[7.556714,50.3413],[7.5567,50.341749],[7.556342,50.34197],[7.556328,50.342419],[7.55597,50.34264],[7.555957,50.343089],[7.555599,50.343309],[7.555578,50.343984],[7.554504,50.344645],[7.554422,50.347342],[7.553348,50.348003]]}},
{"type":"Feature","properties":{"STRM_VAL":1.0,"max_accum":9014200.0,"color":"#0f3872","weight":4.82},"geometry":{"type":"MultiLineString","coordinates":[[[7.553348,50.348003],[7.553334,50.348453],[7.553679,50.348682],[7.553651,50.349581],[7.553996,50.34981],[7.553968,50.350709],[7.556035,50.352084],[7.556028,50.352309],[7.558095,50.353684],[7.558082,50.354133],[7.558771,50.354591],[7.559473,50.3546],[7.561196,50.355746],[7.561182,50.356195],[7.561885,50.356204],[7.56223,50.356433],[7.562202,50.357332],[7.562547,50.357561],[7.56252,50.35846],[7.562162,50.358681],[7.562506,50.35891],[7.562479,50.359809],[7.563168,50.360267],[7.56352,50.360271],[7.563864,50.360501],[7.563857,50.360725],[7.564891,50.361413],[7.564884,50.361637],[7.564526,50.361858],[7.564506,50.362532],[7.564851,50.362761],[7.564844,50.362986],[7.565188,50.363215],[7.567297,50.363241],[7.567641,50.36347],[7.567634,50.363695],[7.567979,50.363924],[7.567959,50.364598],[7.569337,50.365515],[7.569331,50.365739],[7.57002,50.366198],[7.570371,50.366202],[7.571405,50.366889],[7.571757,50.366894],[7.572101,50.367123],[7.572804,50.367131],[7.573149,50.36736],[7.574554,50.367378],[7.574899,50.367607],[7.575257,50.367386],[7.577717,50.367416],[7.578433,50.366975],[7.578778,50.367204],[7.579494,50.366763],[7.579501,50.366539],[7.579859,50.366318],[7.579866,50.366093],[7.580224,50.365873],[7.580927,50.365882],[7.581285,50.365661],[7.582339,50.365674],[7.583029,50.366132],[7.583387,50.365912],[7.583393,50.365687],[7.583751,50.365466],[7.584103,50.365471],[7.584123,50.364796],[7.584481,50.364576],[7.584136,50.364347],[7.584143,50.364122],[7.584501,50.363901],[7.585204,50.36391],[7.585562,50.36369],[7.585907,50.363919],[7.586265,50.363698],[7.586967,50.363707],[7.587684,50.363266],[7.588035,50.36327],[7.588022,50.363719],[7.588366,50.363948],[7.588724,50.363728],[7.59013,50.363745],[7.590846,50.363304],[7.590853,50.363079],[7.591211,50.362859],[7.591913,50.362867],[7.592271,50.362647],[7.592623,50.362651],[7.592968,50.36288],[7.59859,50.362948],[7.599624,50.363635],[7.60034,50.363194],[7.600685,50.363423],[7.600672,50.363872],[7.601361,50.36433],[7.601713,50.364335],[7.602071,50.364114],[7.602415,50.364343],[7.602767,50.364347],[7.603125,50.364127],[7.604179,50.364139],[7.605213,50.364826],[7.605565,50.36483],[7.605909,50.365059],[7.606261,50.365064],[7.606606,50.365293],[7.606248,50.365513],[7.606241,50.365738],[7.606586,50.365967],[7.607289,50.365975],[7.607461,50.366089]],[[7.607462,50.36609],[7.607634,50.366204],[7.60781,50.366206]]]}},
{"type":"Feature","properties":{"STRM_VAL":1.0,"max_accum":16200.0,"color":"#91bfe9","weight":1.58},"geometry":{"type":"LineString","coordinates":[[6.49393,49.547147],[6.49462,49.547162],[6.494977,49.546945],[6.495322,49.546952],[6.495679,49.546735],[6.499822,49.546825],[6.500156,49.547057],[6.501537,49.547087],[6.501871,49.547319],[6.502562,49.547334],[6.502895,49.547566],[6.503241,49.547573],[6.503575,49.547806],[6.504265,49.54782],[6.504599,49.548053],[6.505635,49.548075],[6.505969,49.548307],[6.507004,49.548329],[6.507338,49.548561],[6.507695,49.548344],[6.508363,49.548808],[6.509053,49.548823],[6.509387,49.549055],[6.510423,49.549078],[6.510757,49.54931],[6.511102,49.549317],[6.511436,49.549549],[6.511781,49.549557],[6.512115,49.549789],[6.51246,49.549796],[6.512817,49.549579],[6.513162,49.549586]]}},
{"type":"Feature","properties":{"STRM_VAL":1.0,"max_accum":19408.0,"color":"#8dbce6","weight":1.68},"geometry":{"type":"LineString","coordinates":[[6.663984,49.561727],[6.663974,49.561952],[6.664308,49.562183],[6.664298,49.562408],[6.664643,49.562415],[6.664978,49.562647]]}},
{"type":"Feature","properties":{"STRM_VAL":1.0,"max_accum":159046.0,"color":"#628ebe","weight":2.75},"geometry":{"type":"LineString","coordinates":[[6.664978,49.562647],[6.664967,49.562871],[6.665302,49.563103],[6.665291,49.563328],[6.664935,49.563545],[6.664903,49.564219],[6.664547,49.564437],[6.664201,49.56443],[6.663133,49.565083],[6.662787,49.565076],[6.662075,49.565512],[6.661039,49.565491],[6.660704,49.565259],[6.660348,49.565477],[6.660337,49.565701],[6.659268,49.566355],[6.659258,49.566579],[6.658901,49.566797],[6.658891,49.567022],[6.658535,49.567239],[6.658869,49.567471],[6.658858,49.567696],[6.658502,49.567913],[6.658492,49.568138],[6.658135,49.568356],[6.658114,49.568805],[6.658449,49.569037],[6.658427,49.569486],[6.658772,49.569493],[6.659107,49.569725],[6.659453,49.569732],[6.659787,49.569963],[6.659777,49.570188],[6.661116,49.571115],[6.661094,49.571564],[6.663437,49.573186],[6.663352,49.574983],[6.663686,49.575215],[6.663676,49.57544],[6.66401,49.575671],[6.664,49.575896],[6.664669,49.576359],[6.664658,49.576584],[6.665328,49.577047],[6.665317,49.577272],[6.665987,49.577735],[6.665965,49.578185],[6.6663,49.578416],[6.66629,49.578641],[6.666624,49.578873],[6.666614,49.579097],[6.666949,49.579329],[6.666927,49.579778],[6.667597,49.580242],[6.667942,49.580248],[6.668277,49.58048],[6.668623,49.580487],[6.668957,49.580719],[6.669303,49.580726],[6.670642,49.581652],[6.670988,49.581659],[6.671323,49.581891],[6.671668,49.581898],[6.672003,49.582129],[6.672694,49.582143],[6.673699,49.582838],[6.673667,49.583512],[6.674672,49.584207],[6.674661,49.584432],[6.674996,49.584664],[6.674985,49.584888],[6.674629,49.585106],[6.674554,49.586679],[6.674889,49.58691],[6.674868,49.58736],[6.675203,49.587591],[6.67516,49.58849],[6.675495,49.588722],[6.67584,49.588729],[6.676175,49.58896],[6.676165,49.589185],[6.676834,49.589648],[6.67718,49.589655],[6.67785,49.590118],[6.677829,49.590568],[6.678164,49.590799],[6.678153,49.591024],[6.678488,49.591256],[6.678834,49.591263],[6.679503,49.591726],[6.679849,49.591733],[6.681859,49.593122],[6.681838,49.593572],[6.682508,49.594035],[6.682497,49.59426],[6.682832,49.594491],[6.682821,49.594716],[6.683156,49.594948],[6.683146,49.595172],[6.683816,49.595635],[6.683805,49.59586],[6.68414,49.596092],[6.684129,49.596316],[6.684799,49.59678],[6.684789,49.597004],[6.685124,49.597236],[6.685071,49.598359],[6.685406,49.598591],[6.685352,49.599714],[6.685688,49.599946],[6.685677,49.600171],[6.687352,49.601329],[6.687342,49.601553],[6.688347,49.602248],[6.688315,49.602922],[6.68865,49.603154],[6.688618,49.603828],[6.688953,49.604059],[6.688943,49.604284]]}},
{"type":"Feature","properties":{"STRM_VAL":1.0,"max_accum":193547.0,"color":"#5e8aba","weight":2.85},"geometry":{"type":"LineString","coordinates":[[6.688943,49.604284],[6.68823,49.60472],[6.688565,49.604951],[6.688522,49.60585],[6.68781,49.606285],[6.687799,49.60651],[6.688134,49.606742],[6.688124,49.606966],[6.687767,49.607184],[6.687714,49.608308],[6.688049,49.608539],[6.688028,49.608989],[6.688363,49.60922],[6.688352,49.609445],[6.688687,49.609676],[6.689044,49.609459],[6.68939,49.609466],[6.689725,49.609697],[6.690071,49.609704],[6.690783,49.609268],[6.691129,49.609275],[6.691485,49.609058],[6.691496,49.608833],[6.692209,49.608397],[6.694283,49.608439],[6.694618,49.60867],[6.695656,49.608691],[6.696326,49.609154],[6.698055,49.609189],[6.69839,49.60942],[6.698736,49.609427],[6.699406,49.60989],[6.699385,49.610339],[6.698316,49.610993],[6.697981,49.610761],[6.696943,49.610741],[6.696587,49.610958],[6.695895,49.610945],[6.695539,49.611162],[6.695193,49.611156],[6.694837,49.611373],[6.694491,49.611367],[6.694135,49.611584],[6.694124,49.611809],[6.693768,49.612027],[6.693736,49.612701],[6.69338,49.612919],[6.693305,49.614491],[6.694311,49.615186],[6.695003,49.6152],[6.695673,49.615663],[6.695317,49.615881],[6.696322,49.616576],[6.696312,49.6168],[6.696647,49.617032],[6.696626,49.617481],[6.696961,49.617713],[6.696918,49.618611],[6.697589,49.619075],[6.697557,49.619749],[6.698228,49.620212],[6.698573,49.620219],[6.698909,49.62045],[6.699946,49.620471],[6.700303,49.620253],[6.700648,49.62026],[6.701005,49.620042],[6.701697,49.620056],[6.702053,49.619838],[6.702745,49.619852],[6.702755,49.619627],[6.703468,49.619191],[6.70416,49.619205],[6.704495,49.619437],[6.704851,49.619219],[6.704862,49.618994],[6.705208,49.619001],[6.705543,49.619233],[6.706235,49.619246],[6.70657,49.619478],[6.707607,49.619498],[6.70832,49.619063],[6.708666,49.61907],[6.709672,49.619764],[6.709661,49.619989],[6.709997,49.62022],[6.709955,49.621119],[6.71029,49.621351],[6.710248,49.622249],[6.711254,49.622944],[6.711945,49.622958],[6.712616,49.623421],[6.712962,49.623428],[6.714303,49.624354],[6.714261,49.625252],[6.713905,49.62547],[6.713884,49.62592],[6.713527,49.626138],[6.713517,49.626362],[6.71316,49.62658],[6.712815,49.626573],[6.712458,49.626791],[6.712112,49.626784],[6.711399,49.62722],[6.710708,49.627206],[6.710351,49.627424],[6.709314,49.627404],[6.708957,49.627621],[6.708915,49.62852],[6.70925,49.628752],[6.709596,49.628759],[6.709932,49.62899],[6.711315,49.629017],[6.711651,49.629249],[6.712342,49.629263],[6.712678,49.629494],[6.713034,49.629276],[6.714072,49.629297],[6.714743,49.62976],[6.715089,49.629767],[6.716095,49.630461],[6.716084,49.630686],[6.716755,49.631149],[6.716745,49.631374],[6.71708,49.631605],[6.716985,49.633627],[6.717992,49.634322],[6.717981,49.634547],[6.718317,49.634778],[6.718306,49.635003],[6.718642,49.635234],[6.718631,49.635459],[6.718967,49.63569],[6.718956,49.635915],[6.7186,49.636133],[6.718579,49.636582],[6.718222,49.6368],[6.71817,49.637924]]}},
{"type":"Feature","properties":{"STRM_VAL":1.0,"max_accum":223421.0,"color":"#5b87b8","weight":2.93},"geometry":{"type":"LineString","coordinates":[[6.71817,49.637924],[6.718149,49.638373],[6.717792,49.638591],[6.718128,49.638822],[6.718117,49.639047],[6.716691,49.639919],[6.71667,49.640368],[6.718012,49.641294],[6.718358,49.641301],[6.718694,49.641532],[6.719386,49.641546],[6.719721,49.641777],[6.721105,49.641805],[6.722112,49.642499],[6.722458,49.642506],[6.722814,49.642288],[6.72315,49.64252],[6.723496,49.642526],[6.724167,49.642989],[6.724156,49.643214],[6.724492,49.643446],[6.724838,49.643452],[6.725173,49.643684],[6.725865,49.643697],[6.726536,49.64416],[6.727228,49.644174],[6.727899,49.644637],[6.727889,49.644862],[6.728224,49.645093],[6.728204,49.645543],[6.729881,49.6467],[6.730227,49.646707],[6.731234,49.647401],[6.731172,49.648749],[6.730815,49.648967],[6.730794,49.649417],[6.730438,49.649634],[6.730417,49.650084],[6.73006,49.650302],[6.73005,49.650526],[6.727911,49.651834],[6.727848,49.653182],[6.728183,49.653413],[6.727827,49.653631],[6.727806,49.654081],[6.727093,49.654516],[6.727082,49.654741],[6.726736,49.654734],[6.72638,49.654952],[6.724649,49.654918],[6.724314,49.654687],[6.724324,49.654462],[6.723989,49.654231],[6.723642,49.654224],[6.723307,49.653992],[6.722269,49.653972],[6.721555,49.654408],[6.721209,49.654401],[6.720496,49.654837],[6.720486,49.655061],[6.720129,49.655279],[6.720119,49.655504],[6.719762,49.655722],[6.719741,49.656171],[6.719384,49.656389],[6.719363,49.656838],[6.719007,49.657056],[6.718996,49.657281],[6.717926,49.657934],[6.71758,49.657928],[6.716867,49.658363],[6.716521,49.658356],[6.716164,49.658574],[6.716133,49.659248],[6.716468,49.65948],[6.716447,49.659929],[6.716091,49.660147],[6.71607,49.660597],[6.715356,49.661032],[6.715335,49.661482],[6.716678,49.662408],[6.71737,49.662421],[6.717706,49.662653],[6.718052,49.66266],[6.718387,49.662891]]}},
{"type":"Feature","properties":{"STRM_VAL":1.0,"max_accum":246623.0,"color":"#5985b6","weight":2.98},"geometry":{"type":"LineString","coordinates":[[6.718387,49.662891],[6.718723,49.663123],[6.718681,49.664021],[6.719688,49.664716],[6.719677,49.664941],[6.720013,49.665172],[6.720003,49.665397],[6.720695,49.66541],[6.721031,49.665642],[6.722415,49.665669],[6.723422,49.666364],[6.723412,49.666588],[6.723747,49.66682],[6.723695,49.667943],[6.722982,49.668379],[6.722635,49.668372],[6.721565,49.669026],[6.721555,49.669251],[6.721198,49.669468],[6.721146,49.670592],[6.720789,49.67081],[6.720684,49.673057],[6.720327,49.673274],[6.720306,49.673724],[6.719949,49.673942],[6.719939,49.674166],[6.718869,49.67482],[6.718795,49.676393],[6.719131,49.676624],[6.720862,49.676658],[6.721219,49.676441],[6.721565,49.676447],[6.721922,49.676229],[6.722961,49.67625],[6.723317,49.676032],[6.723653,49.676264],[6.724692,49.676284],[6.725405,49.675848],[6.72679,49.675875],[6.727462,49.676338],[6.727808,49.676345],[6.728479,49.676808],[6.728826,49.676815],[6.729497,49.677278],[6.729476,49.677727],[6.72912,49.677945],[6.729109,49.67817],[6.728752,49.678388],[6.728742,49.678612],[6.728385,49.67883],[6.728343,49.679729]]}},
{"type":"Feature","properties":{"STRM_VAL":1.0,"max_accum":253322.0,"color":"#5884b5","weight":2.99},"geometry":{"type":"LineString","coordinates":[[6.728343,49.679729],[6.72828,49.681077],[6.728616,49.681309],[6.728606,49.681533],[6.729277,49.681996],[6.729267,49.682221],[6.729939,49.682684]]}},
{"type":"Feature","properties":{"STRM_VAL":1.0,"max_accum":265251.0,"color":"#5783b5","weight":3.01},"geometry":{"type":"LineString","coordinates":[[6.729939,49.682684],[6.729928,49.682909],[6.730264,49.68314],[6.729907,49.683358],[6.729897,49.683583],[6.72847,49.684454],[6.728407,49.685802],[6.728743,49.686034],[6.728732,49.686259],[6.72974,49.686953],[6.729719,49.687402],[6.729362,49.68762],[6.72931,49.688744],[6.728953,49.688962],[6.728911,49.68986],[6.728554,49.690078],[6.728544,49.690303],[6.728187,49.690521],[6.72784,49.690514],[6.727484,49.690732],[6.727137,49.690725],[6.72678,49.690943],[6.726088,49.690929],[6.725731,49.691147],[6.725038,49.691134],[6.724681,49.691352],[6.724671,49.691576],[6.724314,49.691794],[6.724262,49.692918],[6.725605,49.693843],[6.725951,49.69385],[6.726623,49.694313],[6.727316,49.694327],[6.727305,49.694552],[6.727977,49.695015],[6.727946,49.695689],[6.727589,49.695906],[6.727568,49.696356],[6.727211,49.696574],[6.72718,49.697248],[6.726823,49.697466],[6.726802,49.697915],[6.726445,49.698133]]}},
{"type":"Feature","properties":{"STRM_VAL":1.0,"max_accum":346009.0,"color":"#527eaf","weight":3.15},"geometry":{"type":"LineString","coordinates":[[6.726445,49.698133],[6.726434,49.698358],[6.726078,49.698576],[6.726067,49.6988],[6.72571,49.699018],[6.726382,49.699481],[6.726351,49.700155],[6.725994,49.700373],[6.725983,49.700598],[6.725626,49.700816],[6.725616,49.70104],[6.726288,49.701503],[6.726277,49.701728],[6.726613,49.701959],[6.726603,49.702184],[6.727274,49.702647],[6.729007,49.702681],[6.729363,49.702463],[6.730403,49.702484],[6.731075,49.702946],[6.731064,49.703171],[6.731736,49.703634],[6.731569,49.707229],[6.731212,49.707447],[6.731191,49.707896],[6.731527,49.708128],[6.731495,49.708802],[6.732167,49.709265],[6.732514,49.709272],[6.733942,49.7084],[6.735674,49.708434],[6.736346,49.708897],[6.736692,49.708904],[6.737029,49.709135],[6.736672,49.709353],[6.737008,49.709584],[6.737354,49.709591],[6.737271,49.711389],[6.736914,49.711607],[6.736903,49.711831],[6.736189,49.712267],[6.736179,49.712492],[6.735465,49.712928],[6.735454,49.713152],[6.734384,49.713806],[6.734373,49.714031],[6.734709,49.714262],[6.734699,49.714487],[6.735035,49.714718],[6.735024,49.714943],[6.736033,49.715637],[6.735319,49.716073],[6.735308,49.716298],[6.734962,49.716291],[6.734605,49.716509],[6.733219,49.716482],[6.732862,49.7167],[6.732851,49.716925],[6.732494,49.717142],[6.732484,49.717367],[6.73177,49.717803],[6.731759,49.718028],[6.731402,49.718246],[6.731381,49.718695],[6.732053,49.719158],[6.732043,49.719383],[6.732379,49.719614],[6.732368,49.719839],[6.732705,49.72007],[6.732684,49.72052],[6.733692,49.721214],[6.735078,49.721241],[6.736423,49.722167],[6.73678,49.721949],[6.737116,49.72218],[6.737105,49.722405],[6.737778,49.722868],[6.737715,49.724216],[6.737358,49.724434],[6.737337,49.724883],[6.73698,49.725101],[6.736969,49.725326],[6.737306,49.725558],[6.736949,49.725775],[6.736255,49.725762],[6.735898,49.72598],[6.735856,49.726879],[6.735499,49.727096],[6.735489,49.727321],[6.735132,49.727539],[6.735121,49.727764],[6.734764,49.727982],[6.734743,49.728431],[6.73508,49.728663],[6.735426,49.728669],[6.735762,49.728901],[6.736109,49.728908],[6.736466,49.72869],[6.737853,49.728717],[6.73987,49.730105],[6.739734,49.733026],[6.74007,49.733258],[6.74006,49.733483],[6.741405,49.734408],[6.741394,49.734633],[6.74173,49.734864],[6.741373,49.735082],[6.741331,49.735981],[6.743349,49.73737],[6.743706,49.737152],[6.744053,49.737159],[6.745062,49.737853],[6.745051,49.738078],[6.745387,49.738309],[6.745377,49.738534],[6.745713,49.738765],[6.745661,49.739889],[6.74459,49.740542]]}},
{"type":"Feature","properties":{"STRM_VAL":1.0,"max_accum":369700.0,"color":"#517cae","weight":3.18},"geometry":{"type":"LineString","coordinates":[[6.74459,49.740542],[6.743896,49.740529],[6.743182,49.740965],[6.742835,49.740958],[6.742499,49.740727],[6.741112,49.7407],[6.740041,49.741353],[6.74002,49.741803],[6.739663,49.742021],[6.739642,49.74247],[6.739285,49.742688],[6.739243,49.743587],[6.739579,49.743818],[6.739569,49.744043],[6.740241,49.744506],[6.740231,49.74473],[6.740567,49.744962],[6.740557,49.745187],[6.742238,49.746344],[6.742228,49.746568],[6.742901,49.747031],[6.742859,49.74793],[6.742144,49.748366],[6.741798,49.748359],[6.740726,49.749013],[6.740716,49.749238],[6.740001,49.749673],[6.739991,49.749898],[6.739634,49.750116],[6.739613,49.750565],[6.739255,49.750783],[6.739245,49.751008],[6.738888,49.751226],[6.738877,49.751451],[6.737091,49.75254],[6.737081,49.752765],[6.736723,49.752983],[6.736713,49.753207],[6.736356,49.753425],[6.736345,49.75365],[6.735988,49.753868],[6.735946,49.754767],[6.735589,49.754985],[6.735537,49.756108],[6.734465,49.756762],[6.734118,49.756755],[6.733046,49.757409],[6.733036,49.757633],[6.732678,49.757851],[6.732668,49.758076],[6.731953,49.758512],[6.731943,49.758736],[6.731228,49.759172],[6.730881,49.759165],[6.730524,49.759383],[6.730513,49.759608],[6.730156,49.759826],[6.730114,49.760725],[6.729042,49.761378],[6.729032,49.761603],[6.728338,49.761589],[6.726551,49.762679],[6.726887,49.76291],[6.72653,49.763128],[6.726183,49.763121],[6.726131,49.764245],[6.726467,49.764476],[6.726456,49.764701],[6.727129,49.765164],[6.727476,49.765171],[6.728149,49.765634],[6.728117,49.766308],[6.72776,49.766526],[6.727718,49.767424],[6.72736,49.767642],[6.727339,49.768092],[6.726982,49.768309],[6.726929,49.769433],[6.726572,49.769651],[6.726561,49.769875],[6.725847,49.770311],[6.725815,49.770985],[6.7251,49.771421],[6.722325,49.771366],[6.721967,49.771584],[6.72162,49.771577],[6.721263,49.771795]]}},
{"type":"Feature","properties":{"STRM_VAL":1.0,"max_accum":944962.0,"color":"#3d689c","weight":3.66},"geometry":{"type":"LineString","coordinates":[[6.721263,49.771795],[6.720906,49.772013],[6.720895,49.772238],[6.72018,49.772673],[6.72017,49.772898],[6.719812,49.773116],[6.719465,49.773109],[6.719108,49.773327],[6.719444,49.773559],[6.719087,49.773776],[6.71874,49.77377],[6.718729,49.773994],[6.719738,49.774689],[6.719728,49.774913],[6.720075,49.77492],[6.720411,49.775152],[6.719696,49.775588],[6.719349,49.775581],[6.718992,49.775799],[6.718981,49.776023],[6.718266,49.776459],[6.718255,49.776684],[6.716825,49.777555],[6.716804,49.778004],[6.716089,49.77844],[6.715742,49.778433],[6.715385,49.778651],[6.715038,49.778644],[6.714323,49.77908],[6.714312,49.779305],[6.713955,49.779522],[6.713933,49.779972],[6.713576,49.78019],[6.713565,49.780414],[6.713208,49.780632],[6.713187,49.781081],[6.712829,49.781299],[6.712493,49.781068],[6.711777,49.781503],[6.711756,49.781953],[6.712093,49.782184],[6.712072,49.782634],[6.710641,49.783505],[6.710294,49.783498],[6.709958,49.783267],[6.709264,49.783253],[6.708191,49.783906],[6.70818,49.784131],[6.707823,49.784349],[6.707812,49.784573],[6.707455,49.784791],[6.707444,49.785016],[6.706729,49.785452],[6.706392,49.78522],[6.706045,49.785213],[6.705688,49.785431],[6.704994,49.785417]]}},
{"type":"Feature","properties":{"STRM_VAL":1.0,"max_accum":42278.0,"color":"#7dabd7","weight":2.07},"geometry":{"type":"LineString","coordinates":[[6.561023,49.560276],[6.561692,49.56074],[6.56168,49.560965],[6.562683,49.561661],[6.562672,49.561885],[6.563006,49.562117],[6.564042,49.562139],[6.564376,49.562371],[6.565067,49.562386],[6.565736,49.56285],[6.566426,49.562864],[6.566761,49.563096],[6.567106,49.563103],[6.56744,49.563335],[6.568131,49.56335],[6.568465,49.563582],[6.570192,49.563618],[6.571529,49.564546],[6.57222,49.56456],[6.572554,49.564792],[6.573245,49.564807],[6.57358,49.565039],[6.573925,49.565046],[6.574259,49.565278],[6.574605,49.565285],[6.57661,49.566676],[6.576956,49.566684],[6.576922,49.567358],[6.57514,49.568445],[6.575129,49.568669],[6.573702,49.569539],[6.573691,49.569764],[6.569055,49.57259],[6.569044,49.572815],[6.568687,49.573032],[6.568676,49.573257],[6.567606,49.573909],[6.567595,49.574134],[6.566168,49.575003],[6.566157,49.575228],[6.565801,49.575445],[6.565789,49.57567],[6.565433,49.575887],[6.565422,49.576112],[6.565065,49.576329],[6.565054,49.576554],[6.564697,49.576772],[6.564686,49.576996]]}},
{"type":"Feature","properties":{"STRM_VAL":1.0,"max_accum":121517.0,"color":"#6794c3","weight":2.61},"geometry":{"type":"LineString","coordinates":[[6.564686,49.576996],[6.564663,49.577446],[6.56395,49.57788],[6.563928,49.57833],[6.564262,49.578562],[6.564607,49.578569],[6.564563,49.579468],[6.564897,49.579699],[6.564886,49.579924],[6.565555,49.580388],[6.565543,49.580613],[6.565878,49.580845],[6.565855,49.581294],[6.567527,49.582454],[6.567516,49.582678],[6.56785,49.58291],[6.567806,49.583809],[6.56814,49.584041],[6.568118,49.58449],[6.568452,49.584722],[6.568407,49.585621],[6.568742,49.585853],[6.56863,49.588099],[6.568273,49.588317],[6.568251,49.588766],[6.567894,49.588983],[6.567872,49.589433],[6.567515,49.58965],[6.567504,49.589875],[6.566434,49.590527],[6.566422,49.590752],[6.566066,49.590969],[6.566054,49.591194],[6.561059,49.594237],[6.561048,49.594462],[6.559264,49.595549],[6.559252,49.595773],[6.554613,49.598599],[6.554602,49.598824],[6.553888,49.599258],[6.553877,49.599483],[6.55352,49.5997],[6.553509,49.599925],[6.553152,49.600142],[6.553141,49.600367],[6.552784,49.600584],[6.552772,49.600809],[6.552416,49.601026],[6.552393,49.601476],[6.552036,49.601693],[6.552014,49.602142],[6.551657,49.60236],[6.551645,49.602584],[6.551288,49.602802],[6.551255,49.603476],[6.550898,49.603693],[6.550808,49.60549],[6.553149,49.607114],[6.553495,49.607122],[6.553829,49.607354]]}},
{"type":"Feature","properties":{"STRM_VAL":1.0,"max_accum":19955.0,"color":"#8cbbe5","weight":1.69},"geometry":{"type":"LineString","coordinates":[[6.627597,49.56346],[6.627241,49.563678],[6.626895,49.563671],[6.626539,49.563888],[6.626193,49.563881],[6.625837,49.564099],[6.625146,49.564085],[6.624434,49.56452],[6.623743,49.564506],[6.623386,49.564723],[6.623041,49.564716],[6.622685,49.564934],[6.622339,49.564927],[6.621626,49.565362],[6.621281,49.565355],[6.620568,49.56579],[6.619877,49.565776],[6.619165,49.566211],[6.619154,49.566435],[6.618797,49.566653],[6.618787,49.566878],[6.61843,49.567095],[6.618397,49.567769],[6.617685,49.568204],[6.617641,49.569103],[6.617284,49.569321],[6.617273,49.569545],[6.616917,49.569763],[6.616906,49.569987],[6.615837,49.57064],[6.615738,49.572662],[6.615382,49.57288],[6.615371,49.573104],[6.612519,49.574845],[6.612476,49.575743],[6.612119,49.575961],[6.612097,49.57641],[6.611384,49.576845],[6.611307,49.578418],[6.611642,49.57865],[6.61162,49.579099],[6.611263,49.579317]]}},
{"type":"Feature","properties":{"STRM_VAL":1.0,"max_accum":42278.0,"color":"#7dabd7","weight":2.07},"geometry":{"type":"LineString","coordinates":[[6.611263,49.579317],[6.607808,49.579245],[6.607452,49.579463],[6.606761,49.579449],[6.606404,49.579666],[6.606059,49.579659],[6.605702,49.579877],[6.603974,49.579841],[6.603618,49.580058],[6.603272,49.580051],[6.602559,49.580486],[6.602214,49.580479],[6.602203,49.580704],[6.601133,49.581356],[6.600788,49.581349],[6.600074,49.581784],[6.599729,49.581777],[6.599372,49.581994],[6.598336,49.581973],[6.597979,49.58219],[6.597645,49.581959],[6.596953,49.581944],[6.596284,49.58148],[6.594902,49.581452],[6.594568,49.58122],[6.594222,49.581213],[6.593888,49.580981],[6.592851,49.580959],[6.592138,49.581394],[6.59041,49.581358],[6.590054,49.581576],[6.589363,49.581561],[6.588694,49.581098],[6.588348,49.58109],[6.587679,49.580627],[6.58769,49.580402],[6.587356,49.58017],[6.587367,49.579945],[6.587033,49.579714],[6.587044,49.579489],[6.586709,49.579257],[6.585673,49.579235],[6.585338,49.579003],[6.584993,49.578996],[6.584658,49.578764],[6.584313,49.578757],[6.583978,49.578525],[6.582596,49.578496],[6.582262,49.578265],[6.58088,49.578236],[6.580211,49.577772],[6.579866,49.577765],[6.579531,49.577533],[6.579186,49.577525],[6.578851,49.577294],[6.578862,49.577069],[6.578528,49.576837],[6.578539,49.576612],[6.57787,49.576149],[6.577525,49.576141],[6.577191,49.575909],[6.576845,49.575902],[6.576511,49.57567],[6.574092,49.57562],[6.573736,49.575837],[6.573725,49.576062],[6.573368,49.576279],[6.573022,49.576272],[6.571596,49.577141],[6.57125,49.577134],[6.570537,49.577569],[6.570526,49.577794],[6.569099,49.578663],[6.568765,49.578431],[6.568776,49.578207],[6.567739,49.578185],[6.567405,49.577953],[6.56706,49.577946],[6.566057,49.57725],[6.565366,49.577235],[6.565031,49.577003],[6.564686,49.576996]]}},
{"type":"Feature","properties":{"STRM_VAL":1.0,"max_accum":19408.0,"color":"#8dbce6","weight":1.68},"geometry":{"type":"LineString","coordinates":[[6.706438,49.570673],[6.703329,49.570611],[6.702659,49.570148],[6.701622,49.570128],[6.700952,49.569664],[6.700995,49.568766],[6.70066,49.568534],[6.70067,49.568309],[6.699665,49.567615],[6.698629,49.567594],[6.698273,49.567812],[6.697582,49.567798],[6.697247,49.567567],[6.696902,49.56756],[6.696567,49.567328],[6.696221,49.567321],[6.695552,49.566858],[6.695206,49.566851],[6.694536,49.566388],[6.694547,49.566163],[6.694903,49.565946],[6.694914,49.565721],[6.694244,49.565258],[6.694276,49.564584],[6.693606,49.564121],[6.693261,49.564114],[6.692591,49.563651],[6.692245,49.563644],[6.691576,49.563181],[6.690194,49.563153],[6.689859,49.562921],[6.688823,49.562901],[6.688488,49.562669],[6.687452,49.562648],[6.687117,49.562417],[6.685735,49.562389],[6.6854,49.562158],[6.681946,49.562088],[6.681611,49.561857],[6.679539,49.561815],[6.679204,49.561584],[6.678168,49.561563],[6.676829,49.560636],[6.676484,49.560629],[6.676149,49.560398],[6.670968,49.560294],[6.670612,49.560511],[6.670266,49.560504],[6.66991,49.560722],[6.669565,49.560715],[6.669554,49.56094],[6.668518,49.560919],[6.668507,49.561144],[6.668151,49.561361],[6.66814,49.561586],[6.66636,49.562675],[6.664978,49.562647]]}},
{"type":"Feature","properties":{"STRM_VAL":1.0,"max_accum":42191.0,"color":"#7dabd7","weight":2.07},"geometry":{"type":"LineString","coordinates":[[6.507681,49.575782],[6.511135,49.575856],[6.511469,49.576088],[6.51216,49.576103],[6.512494,49.576335],[6.51284,49.576343],[6.513197,49.576126],[6.513888,49.57614],[6.514222,49.576373],[6.514579,49.576155],[6.514913,49.576387],[6.515258,49.576395],[6.515972,49.57596],[6.516663,49.575975],[6.51702,49.575758],[6.518402,49.575788],[6.518759,49.57557],[6.519104,49.575578],[6.519438,49.57581],[6.519795,49.575593],[6.522213,49.575644],[6.522882,49.576109],[6.523918,49.576131],[6.526257,49.577755],[6.526948,49.57777],[6.527616,49.578234],[6.527605,49.578459],[6.527939,49.578691],[6.527928,49.578915],[6.52893,49.579611],[6.529287,49.579394],[6.529632,49.579402],[6.529967,49.579634],[6.529955,49.579858],[6.530289,49.58009]]}},
{"type":"Feature","properties":{"STRM_VAL":1.0,"max_accum":19955.0,"color":"#8cbbe5","weight":1.69},"geometry":{"type":"LineString","coordinates":[[6.628009,49.583485],[6.627653,49.583702],[6.626962,49.583688],[6.625536,49.584558],[6.625525,49.584783],[6.625168,49.585001],[6.625157,49.585225],[6.624801,49.585443],[6.62479,49.585668],[6.623721,49.58632],[6.62371,49.586545],[6.622997,49.58698],[6.62196,49.586959],[6.621625,49.586727],[6.620934,49.586713],[6.620599,49.586481],[6.620254,49.586474],[6.619919,49.586242],[6.619574,49.586235],[6.619585,49.58601],[6.61925,49.585779],[6.619337,49.583981],[6.619003,49.583749],[6.619014,49.583525],[6.618679,49.583293],[6.618723,49.582394],[6.618054,49.581931],[6.618065,49.581706],[6.61773,49.581474],[6.617384,49.581467],[6.616715,49.581004],[6.61637,49.580996],[6.615031,49.580069],[6.615042,49.579845],[6.614708,49.579613],[6.614362,49.579606],[6.614028,49.579374],[6.613337,49.57936],[6.613002,49.579128],[6.612646,49.579345],[6.611263,49.579317]]}},
{"type":"Feature","properties":{"STRM_VAL":1.0,"max_accum":113704.0,"color":"#6996c5","weight":2.58},"geometry":{"type":"LineString","coordinates":[[6.705856,49.590452],[6.7055,49.59067],[6.705154,49.590663],[6.703373,49.591752],[6.703321,49.592876],[6.702252,49.593529],[6.702231,49.593979],[6.701875,49.594196],[6.701854,49.594646],[6.701497,49.594864],[6.701487,49.595088],[6.701822,49.59532],[6.70178,49.596219],[6.701067,49.596654],[6.701057,49.596879],[6.7007,49.597097],[6.70069,49.597321],[6.699977,49.597757],[6.699967,49.597982],[6.69961,49.5982],[6.699558,49.599323],[6.699893,49.599555],[6.699861,49.600229],[6.699505,49.600446],[6.699462,49.601345],[6.69875,49.601781],[6.698739,49.602005],[6.698027,49.602441],[6.697335,49.602427]]}},
{"type":"Feature","properties":{"STRM_VAL":1.0,"max_accum":159046.0,"color":"#628ebe","weight":2.75},"geometry":{"type":"LineString","coordinates":[[6.697335,49.602427],[6.697356,49.601978],[6.696686,49.601515],[6.69634,49.601508],[6.696005,49.601276],[6.694968,49.601256],[6.694633,49.601024],[6.694277,49.601242],[6.693931,49.601235],[6.693575,49.601453],[6.693229,49.601446],[6.692873,49.601664],[6.692527,49.601657],[6.691458,49.60231],[6.691448,49.602535],[6.691091,49.602753],[6.691081,49.602977],[6.690368,49.603413],[6.690357,49.603638],[6.690001,49.603855],[6.689655,49.603848],[6.689299,49.604066],[6.689288,49.604291],[6.688943,49.604284]]}},
{"type":"Feature","properties":{"STRM_VAL":1.0,"max_accum":14076.0,"color":"#94c3ec","weight":1.51},"geometry":{"type":"LineString","coordinates":[[6.767999,49.593242],[6.767958,49.594141],[6.766891,49.594795],[6.767226,49.595026],[6.767216,49.595251],[6.767551,49.595482],[6.767531,49.595932],[6.766819,49.596368],[6.766809,49.596593],[6.766453,49.596811],[6.766107,49.596804],[6.765395,49.59724],[6.765385,49.597465],[6.765029,49.597683],[6.764337,49.597669],[6.763981,49.597887],[6.76329,49.597874],[6.762578,49.59831],[6.761541,49.59829],[6.760829,49.598726],[6.760808,49.599175],[6.760096,49.599611],[6.760076,49.600061],[6.761082,49.600755],[6.761031,49.601878]]}},
{"type":"Feature","properties":{"STRM_VAL":1.0,"max_accum":29487.0,"color":"#84b3de","weight":1.89},"geometry":{"type":"LineString","coordinates":[[6.761031,49.601878],[6.761366,49.60211],[6.761356,49.602334],[6.762697,49.60326],[6.762625,49.604833],[6.762961,49.605064],[6.76292,49.605963],[6.763255,49.606194],[6.763245,49.606419],[6.76358,49.60665],[6.76357,49.606875]]}},
{"type":"Feature","properties":{"STRM_VAL":1.0,"max_accum":91702.0,"color":"#6d9ac9","weight":2.47},"geometry":{"type":"LineString","coordinates":[[6.76357,49.606875],[6.762858,49.607311],[6.762512,49.607304],[6.762156,49.607522],[6.76181,49.607516],[6.761454,49.607734],[6.760763,49.60772],[6.760051,49.608156],[6.759359,49.608143],[6.758291,49.608797],[6.758281,49.609022],[6.757212,49.609676],[6.757202,49.6099],[6.756846,49.610118],[6.756836,49.610343],[6.755411,49.611215],[6.755065,49.611208],[6.754353,49.611644],[6.753316,49.611624],[6.75298,49.611393],[6.752635,49.611386]]}},
{"type":"Feature","properties":{"STRM_VAL":1.0,"max_accum":113704.0,"color":"#6996c5","weight":2.58},"geometry":{"type":"LineString","coordinates":[[6.752635,49.611386],[6.752655,49.610937],[6.753011,49.610719],[6.753022,49.610494],[6.752686,49.610263],[6.752697,49.610038],[6.751019,49.608881],[6.749982,49.608861],[6.749626,49.609079],[6.749616,49.609303],[6.748547,49.609957],[6.748202,49.60995],[6.747133,49.610604],[6.746442,49.610591],[6.745729,49.611027],[6.745038,49.611013],[6.744682,49.611231],[6.744336,49.611224],[6.74398,49.611442],[6.743634,49.611436],[6.743278,49.611654],[6.741895,49.611627],[6.741538,49.611845],[6.741193,49.611838],[6.740836,49.612056],[6.73807,49.612002],[6.737714,49.61222],[6.736677,49.612199],[6.734895,49.613289],[6.734204,49.613275],[6.733848,49.613493],[6.733156,49.61348],[6.732821,49.613248],[6.732129,49.613235],[6.731458,49.612772],[6.731113,49.612765],[6.730777,49.612534],[6.730788,49.612309],[6.730452,49.612077],[6.730463,49.611853],[6.729792,49.61139],[6.729803,49.611165],[6.729467,49.610934],[6.729121,49.610927],[6.728786,49.610695],[6.726711,49.610655],[6.726376,49.610423],[6.72603,49.610416],[6.725674,49.610634],[6.724983,49.610621],[6.724993,49.610396],[6.724658,49.610165],[6.724301,49.610382],[6.723296,49.609688],[6.723306,49.609463],[6.722635,49.609],[6.72229,49.608993],[6.7223,49.608769],[6.721965,49.608537],[6.721975,49.608313],[6.722332,49.608095],[6.722353,49.607645],[6.722017,49.607414],[6.722028,49.607189],[6.721692,49.606958],[6.721347,49.606951],[6.721011,49.606719],[6.720666,49.606713],[6.71966,49.606018],[6.719712,49.604895],[6.719042,49.604432],[6.718686,49.604649],[6.717994,49.604636],[6.717659,49.604404],[6.717313,49.604397],[6.716957,49.604615],[6.716611,49.604609],[6.716276,49.604377],[6.716286,49.604152],[6.715595,49.604139],[6.715239,49.604357],[6.714547,49.604343],[6.714191,49.604561],[6.713845,49.604554],[6.713489,49.604772],[6.713143,49.604765],[6.712787,49.604983],[6.712441,49.604976],[6.712106,49.604744],[6.711037,49.605398],[6.711027,49.605623],[6.709958,49.606276],[6.708575,49.606249],[6.70824,49.606017],[6.707548,49.606004],[6.707559,49.605779],[6.707213,49.605772],[6.706878,49.60554],[6.706187,49.605527],[6.705516,49.605064],[6.70516,49.605282],[6.704468,49.605268],[6.703798,49.604805],[6.703452,49.604798],[6.703096,49.605016],[6.701713,49.604988],[6.700373,49.604062],[6.700027,49.604055],[6.699671,49.604273],[6.699325,49.604266],[6.69899,49.604035],[6.698644,49.604028],[6.697303,49.603101],[6.697314,49.602877],[6.696979,49.602645],[6.697335,49.602427]]}},
{"type":"Feature","properties":{"STRM_VAL":1.0,"max_accum":14076.0,"color":"#94c3ec","weight":1.51},"geometry":{"type":"LineString","coordinates":[[6.752104,49.600356],[6.752439,49.600587],[6.752429,49.600812],[6.752764,49.601043],[6.75311,49.60105],[6.753445,49.601281],[6.754482,49.601302],[6.755551,49.600648],[6.755896,49.600654],[6.756252,49.600436],[6.757635,49.600463],[6.757991,49.600245],[6.758337,49.600252],[6.758672,49.600483],[6.759018,49.60049],[6.759689,49.600953],[6.759679,49.601177],[6.760685,49.601872],[6.761031,49.601878]]}},
{"type":"Feature","properties":{"STRM_VAL":1.0,"max_accum":48605.0,"color":"#7aa8d5","weight":2.15},"geometry":{"type":"LineString","coordinates":[[6.48294,49.599536],[6.482928,49.59976],[6.482571,49.599977],[6.482548,49.600427],[6.482882,49.600659],[6.482525,49.600876],[6.482444,49.602449],[6.482778,49.602681],[6.482766,49.602905],[6.4831,49.603138],[6.483089,49.603362],[6.483423,49.603594],[6.4834,49.604044],[6.483734,49.604276],[6.483722,49.6045],[6.484056,49.604733],[6.484045,49.604957],[6.486049,49.60635],[6.486038,49.606575],[6.486372,49.606807],[6.486361,49.607032],[6.487363,49.607728],[6.487351,49.607953],[6.488688,49.608882],[6.489034,49.608889],[6.490036,49.609585],[6.490382,49.609593],[6.49105,49.610057],[6.491396,49.610065],[6.493735,49.61169],[6.494081,49.611697],[6.494415,49.611929],[6.494404,49.612154],[6.494738,49.612386],[6.495084,49.612394],[6.496086,49.61309],[6.496432,49.613098],[6.496766,49.61333],[6.497458,49.613345],[6.498126,49.613809],[6.499509,49.613839],[6.50118,49.614999],[6.501526,49.615007],[6.502529,49.615703],[6.502875,49.615711],[6.503543,49.616175],[6.503889,49.616182],[6.50556,49.617343],[6.505549,49.617568],[6.506217,49.618032],[6.506206,49.618256],[6.50654,49.618489],[6.506898,49.618271],[6.507232,49.618503],[6.507578,49.618511],[6.507566,49.618736],[6.5079,49.618968],[6.507889,49.619192],[6.508223,49.619424],[6.508212,49.619649],[6.508546,49.619881],[6.5085,49.62078],[6.508835,49.621012],[6.5088,49.621686],[6.509135,49.621918],[6.5091,49.622592],[6.508743,49.622809],[6.509412,49.623273],[6.509354,49.624397],[6.508997,49.624614],[6.508974,49.625063],[6.509309,49.625295],[6.50924,49.626643],[6.509909,49.627107],[6.509874,49.627781],[6.510209,49.628013],[6.510186,49.628463],[6.51052,49.628695],[6.510497,49.629144],[6.510832,49.629376],[6.51082,49.629601],[6.511489,49.630065],[6.511466,49.630514],[6.512135,49.630979],[6.512123,49.631203],[6.512458,49.631435],[6.5121,49.631652],[6.512078,49.632102],[6.51172,49.632319],[6.511697,49.632768],[6.512032,49.633],[6.511997,49.633674],[6.513335,49.634603],[6.512978,49.63482],[6.512943,49.635494],[6.512586,49.635711],[6.512552,49.636385],[6.512886,49.636617],[6.512863,49.637066],[6.513198,49.637299],[6.513186,49.637523],[6.513521,49.637755],[6.513452,49.639103],[6.513787,49.639335],[6.513764,49.639785],[6.513406,49.640002],[6.513741,49.640234],[6.512669,49.640886],[6.512657,49.64111],[6.5123,49.641327],[6.512288,49.641552],[6.511931,49.641769],[6.511771,49.644914],[6.511413,49.645132],[6.511356,49.646255],[6.510998,49.646472],[6.510987,49.646697],[6.509915,49.647348],[6.509892,49.647798],[6.509534,49.648015],[6.509523,49.64824],[6.508808,49.648674],[6.509142,49.648906],[6.509131,49.649131],[6.508773,49.649348],[6.510112,49.650276],[6.5101,49.650501],[6.509743,49.650718],[6.50972,49.651168],[6.509005,49.651602],[6.508947,49.652725],[6.50859,49.652942],[6.508244,49.652935],[6.508221,49.653384],[6.508556,49.653616],[6.508198,49.653834],[6.508867,49.654298],[6.508856,49.654522],[6.508498,49.65474],[6.508833,49.654972],[6.508475,49.655189],[6.508464,49.655414],[6.508798,49.655646],[6.508787,49.65587],[6.509121,49.656102],[6.508764,49.65632],[6.508741,49.656769],[6.509075,49.657001],[6.509053,49.65745],[6.508695,49.657668],[6.509364,49.658132],[6.509007,49.658349],[6.509341,49.658581],[6.509318,49.65903],[6.509653,49.659262],[6.50963,49.659712],[6.510299,49.660176],[6.510288,49.660401],[6.510957,49.660865],[6.510945,49.661089],[6.51128,49.661322],[6.511269,49.661546],[6.511603,49.661778],[6.511949,49.661786],[6.513288,49.662714],[6.513253,49.663388],[6.513599,49.663395],[6.514269,49.66386],[6.514257,49.664084],[6.514592,49.664316],[6.514234,49.664534],[6.514569,49.664766],[6.514546,49.665215],[6.514881,49.665447],[6.514869,49.665672],[6.515204,49.665904],[6.515181,49.666353],[6.515516,49.666585],[6.515493,49.667035],[6.515135,49.667252],[6.515124,49.667476],[6.515459,49.667708],[6.515447,49.667933],[6.516116,49.668397],[6.516105,49.668622],[6.516451,49.668629],[6.517455,49.669326],[6.517801,49.669333],[6.518805,49.670029],[6.519152,49.670037],[6.520156,49.670733],[6.520144,49.670958],[6.520479,49.67119],[6.520445,49.671864],[6.519372,49.672515],[6.519361,49.67274],[6.518645,49.673174],[6.517953,49.67316],[6.517595,49.673377],[6.516557,49.673355]]}},
{"type":"Feature","properties":{"STRM_VAL":1.0,"max_accum":76821.0,"color":"#719ecc","weight":2.38},"geometry":{"type":"LineString","coordinates":[[6.516557,49.673355],[6.516534,49.673804],[6.515461,49.674455],[6.514423,49.674433],[6.514065,49.67465],[6.513027,49.674628],[6.511238,49.675714],[6.511227,49.675939],[6.510511,49.676373],[6.5105,49.676598],[6.509785,49.677032],[6.509438,49.677025],[6.509081,49.677242],[6.508735,49.677235],[6.508377,49.677452],[6.508354,49.677901],[6.507996,49.678118],[6.507985,49.678343],[6.507627,49.67856],[6.507281,49.678553],[6.506923,49.67877],[6.506577,49.678762],[6.505862,49.679197],[6.505839,49.679646],[6.505481,49.679863],[6.505423,49.680987],[6.505066,49.681204],[6.50502,49.682102],[6.505354,49.682334],[6.50532,49.683008],[6.505655,49.68324],[6.505643,49.683465],[6.507986,49.68509],[6.508679,49.685105],[6.509014,49.685337],[6.50936,49.685344],[6.509695,49.685576],[6.510041,49.685584],[6.510399,49.685367],[6.513169,49.685426],[6.513503,49.685658],[6.514196,49.685673],[6.514531,49.685905],[6.514877,49.685913],[6.515212,49.686145],[6.515904,49.68616],[6.516239,49.686392],[6.516585,49.686399],[6.51692,49.686631],[6.517266,49.686639],[6.517601,49.686871],[6.518294,49.686886],[6.518629,49.687118],[6.518975,49.687125],[6.51931,49.687357],[6.519287,49.687807],[6.519622,49.688039],[6.519542,49.689611],[6.519184,49.689828],[6.519172,49.690053],[6.518815,49.69027],[6.51743,49.690241],[6.516714,49.690675],[6.51668,49.691349],[6.516322,49.691566],[6.51631,49.691791],[6.515595,49.692225],[6.515584,49.69245],[6.515226,49.692667],[6.515203,49.693116],[6.514845,49.693334],[6.514811,49.694008],[6.515146,49.69424],[6.515123,49.694689],[6.515457,49.694921],[6.515435,49.69537],[6.515077,49.695588],[6.515054,49.696037],[6.515724,49.696501],[6.515689,49.697175],[6.516024,49.697407],[6.51637,49.697415],[6.516705,49.697647],[6.516648,49.69877],[6.516983,49.699002],[6.517676,49.699017],[6.518011,49.699249],[6.517965,49.700148],[6.5183,49.70038],[6.518288,49.700604],[6.518958,49.701068],[6.519304,49.701076],[6.519974,49.70154],[6.519963,49.701765],[6.520298,49.701997],[6.520286,49.702221],[6.520621,49.702453],[6.520598,49.702903],[6.520933,49.703135],[6.52128,49.703142],[6.521268,49.703367],[6.523613,49.704991],[6.523959,49.704999],[6.524294,49.705231],[6.524641,49.705238],[6.526986,49.706863],[6.526963,49.707312],[6.527298,49.707544],[6.527286,49.707769],[6.527956,49.708233],[6.527888,49.709581],[6.528223,49.709813],[6.528212,49.710037],[6.528547,49.710269],[6.528524,49.710719],[6.529864,49.711647],[6.529506,49.711864],[6.529495,49.712089],[6.52983,49.712321],[6.530176,49.712328],[6.530142,49.713002],[6.530477,49.713234],[6.530466,49.713459],[6.533584,49.713525],[6.533942,49.713308],[6.534634,49.713323],[6.53535,49.712888],[6.535697,49.712896],[6.536054,49.712678],[6.536401,49.712686],[6.543557,49.70834],[6.546328,49.708399],[6.547401,49.707747],[6.547748,49.707754],[6.553829,49.70406],[6.554522,49.704074],[6.555952,49.703205],[6.556299,49.703212],[6.556656,49.702995],[6.557003,49.703002],[6.557718,49.702567],[6.558064,49.702575],[6.558422,49.702357],[6.558768,49.702365],[6.559126,49.702147],[6.559472,49.702155],[6.55983,49.701937],[6.560176,49.701945],[6.560534,49.701727],[6.561227,49.701742],[6.561584,49.701524],[6.562277,49.701539],[6.562635,49.701322],[6.566791,49.701409]]}},
{"type":"Feature","properties":{"STRM_VAL":1.0,"max_accum":365770.0,"color":"#517dae","weight":3.18},"geometry":{"type":"LineString","coordinates":[[6.566791,49.701409],[6.568802,49.702801]]}},
{"type":"Feature","properties":{"STRM_VAL":1.0,"max_accum":140130.0,"color":"#6591c1","weight":2.69},"geometry":{"type":"LineString","coordinates":[[6.589693,49.602934],[6.589336,49.603151],[6.589325,49.603376],[6.588968,49.603593],[6.588946,49.604043],[6.587519,49.604912],[6.587173,49.604905],[6.582178,49.607949],[6.582133,49.608848],[6.581776,49.609066],[6.581754,49.609515],[6.581397,49.609732],[6.581732,49.609964],[6.581375,49.610182],[6.581364,49.610406],[6.581007,49.610624],[6.581342,49.610856],[6.580985,49.611073],[6.580974,49.611298],[6.580617,49.611515],[6.580606,49.61174],[6.580249,49.611957],[6.580226,49.612407],[6.579156,49.613059],[6.578464,49.613044],[6.577751,49.613479],[6.577405,49.613472],[6.576691,49.613907],[6.575999,49.613892],[6.575286,49.614327],[6.57494,49.61432],[6.571014,49.616712],[6.570668,49.616704],[6.569954,49.617139],[6.569608,49.617132],[6.569251,49.617349],[6.568905,49.617342],[6.568548,49.617559],[6.568203,49.617552],[6.567868,49.61732],[6.567511,49.617538],[6.567489,49.617987],[6.567823,49.618219],[6.567756,49.619567],[6.568091,49.619799],[6.568068,49.620248],[6.568403,49.62048],[6.568325,49.622053]]}},
{"type":"Feature","properties":{"STRM_VAL":1.0,"max_accum":29487.0,"color":"#84b3de","weight":1.89},"geometry":{"type":"LineString","coordinates":[[6.792492,49.610129],[6.790763,49.610096],[6.790428,49.609865],[6.78939,49.609845],[6.789055,49.609614],[6.788363,49.609601],[6.788028,49.609369],[6.786645,49.609343],[6.786309,49.609112],[6.785617,49.609098],[6.785282,49.608867],[6.780441,49.608774],[6.780085,49.608992],[6.779749,49.608761],[6.779058,49.608748],[6.777716,49.607822],[6.777726,49.607598],[6.77739,49.607366],[6.777401,49.607142],[6.777065,49.60691],[6.777075,49.606686],[6.77674,49.606454],[6.77675,49.60623],[6.776079,49.605767],[6.77435,49.605734],[6.774381,49.60506],[6.774045,49.604828],[6.774086,49.603929],[6.773751,49.603698],[6.773771,49.603249],[6.773436,49.603017],[6.773446,49.602793],[6.77311,49.602561],[6.773121,49.602337],[6.772785,49.602105],[6.772439,49.602099],[6.772083,49.602317],[6.770355,49.602283],[6.769999,49.602501],[6.769653,49.602495],[6.769297,49.602713],[6.768951,49.602706],[6.768595,49.602924],[6.768575,49.603373],[6.768219,49.603591],[6.768188,49.604266],[6.767476,49.604702],[6.767466,49.604926],[6.76711,49.605144],[6.7671,49.605369],[6.766388,49.605805],[6.766377,49.60603],[6.766021,49.606248],[6.764984,49.606228],[6.764272,49.606664],[6.763926,49.606657],[6.76357,49.606875]]}},
{"type":"Feature","properties":{"STRM_VAL":1.0,"max_accum":169358.0,"color":"#618dbd","weight":2.78},"geometry":{"type":"LineString","coordinates":[[6.644528,49.613958],[6.641416,49.613895],[6.641081,49.613663],[6.640735,49.613656],[6.6404,49.613425],[6.640055,49.613418],[6.639385,49.612954],[6.639039,49.612947],[6.638704,49.612715],[6.638358,49.612708],[6.638023,49.612476],[6.637678,49.612469],[6.637343,49.612238],[6.636997,49.612231],[6.636662,49.611999],[6.636316,49.611992],[6.635981,49.61176],[6.635636,49.611753],[6.635301,49.611521],[6.634263,49.6115],[6.633929,49.611268],[6.633583,49.611261],[6.633248,49.61103],[6.632556,49.611015],[6.632222,49.610784],[6.631876,49.610777],[6.631162,49.611212],[6.630817,49.611205],[6.63046,49.611422],[6.630114,49.611415],[6.629758,49.611633],[6.629412,49.611626],[6.627985,49.612496],[6.627974,49.612721],[6.626904,49.613373],[6.625867,49.613352],[6.62551,49.61357],[6.625164,49.613563],[6.624808,49.61378],[6.622387,49.613731],[6.622031,49.613948],[6.620993,49.613927],[6.620659,49.613695],[6.620313,49.613688],[6.619643,49.613224],[6.619297,49.613217],[6.618628,49.612754],[6.617245,49.612725],[6.616888,49.612943],[6.615851,49.612921],[6.615494,49.613139],[6.615148,49.613132],[6.613721,49.614002],[6.613375,49.613995],[6.612305,49.614647],[6.612283,49.615097],[6.61157,49.615532],[6.611559,49.615756],[6.611202,49.615974],[6.61118,49.616423],[6.610823,49.616641],[6.610801,49.61709],[6.610444,49.617308],[6.610433,49.617532],[6.610077,49.61775],[6.610066,49.617975],[6.609709,49.618192],[6.609698,49.618417],[6.609341,49.618634],[6.60933,49.618859],[6.60826,49.619512],[6.607914,49.619504],[6.607557,49.619722],[6.607211,49.619715],[6.606854,49.619932],[6.606163,49.619918],[6.605806,49.620135],[6.605114,49.620121],[6.604401,49.620556],[6.602672,49.62052],[6.602337,49.620289],[6.601991,49.620281],[6.600987,49.619586],[6.600641,49.619579],[6.600306,49.619347],[6.598231,49.619304],[6.597517,49.619739],[6.597183,49.619507],[6.596491,49.619493],[6.596156,49.619261],[6.595811,49.619254],[6.595476,49.619022],[6.594784,49.619007],[6.594449,49.618775],[6.59272,49.618739],[6.590579,49.620044],[6.590568,49.620269],[6.590222,49.620262],[6.589865,49.620479],[6.589854,49.620704],[6.588427,49.621574],[6.588081,49.621567],[6.587724,49.621784],[6.585995,49.621748],[6.585638,49.621965],[6.584946,49.621951],[6.581734,49.623908],[6.581388,49.623901],[6.580674,49.624336],[6.580328,49.624328],[6.579971,49.624546],[6.578242,49.62451],[6.576814,49.625379],[6.576468,49.625372],[6.576435,49.626046],[6.576078,49.626263],[6.576022,49.627387],[6.575665,49.627604],[6.575654,49.627829]]}},
{"type":"Feature","properties":{"STRM_VAL":1.0,"max_accum":59879.0,"color":"#76a3d1","weight":2.25},"geometry":{"type":"LineString","coordinates":[[6.765182,49.617026],[6.765538,49.616808],[6.765569,49.616134]]}},
{"type":"Feature","properties":{"STRM_VAL":1.0,"max_accum":91702.0,"color":"#6d9ac9","weight":2.47},"geometry":{"type":"LineString","coordinates":[[6.765569,49.616134],[6.76561,49.615236],[6.764939,49.614773],[6.764248,49.614759],[6.763576,49.614297],[6.763231,49.61429],[6.762875,49.614508],[6.762204,49.614045],[6.761858,49.614039],[6.761522,49.613807],[6.761533,49.613583],[6.761187,49.613576],[6.760851,49.613344],[6.760505,49.613338],[6.76017,49.613106],[6.759478,49.613093],[6.759143,49.612862],[6.758787,49.61308],[6.758451,49.612848],[6.75776,49.612835],[6.757089,49.612372],[6.756743,49.612365],[6.756387,49.612583],[6.756041,49.612577],[6.755685,49.612795],[6.754993,49.612781],[6.754637,49.612999],[6.754291,49.612992],[6.753956,49.612761],[6.753264,49.612748],[6.752929,49.612516],[6.752939,49.612291],[6.752604,49.61206],[6.752635,49.611386]]}},
{"type":"Feature","properties":{"STRM_VAL":1.0,"max_accum":12178.0,"color":"#96c6ef","weight":1.44},"geometry":{"type":"LineString","coordinates":[[6.81176,49.62039],[6.81174,49.62084],[6.811384,49.621058],[6.811374,49.621283],[6.811028,49.621276],[6.811018,49.621501],[6.810662,49.621719],[6.810631,49.622393]]}},
{"type":"Feature","properties":{"STRM_VAL":1.0,"max_accum":27174.0,"color":"#86b4e0","weight":1.85},"geometry":{"type":"LineString","coordinates":[[6.810631,49.622393],[6.810286,49.622387],[6.80993,49.622605],[6.808892,49.622585],[6.808556,49.622354],[6.80821,49.622347],[6.807854,49.622566],[6.807508,49.622559],[6.806797,49.622995],[6.806786,49.62322],[6.806074,49.623656],[6.806054,49.624106],[6.805708,49.624099],[6.805352,49.624317],[6.805342,49.624542],[6.804986,49.62476],[6.804956,49.625434],[6.8046,49.625652],[6.804254,49.625646],[6.803898,49.625864]]}},
{"type":"Feature","properties":{"STRM_VAL":1.0,"max_accum":49819.0,"color":"#7aa7d4","weight":2.16},"geometry":{"type":"LineString","coordinates":[[6.803898,49.625864],[6.803542,49.626082],[6.803206,49.625851],[6.802514,49.625838],[6.802179,49.625606],[6.801833,49.6256],[6.801497,49.625368],[6.800113,49.625342],[6.799106,49.624648],[6.79876,49.624642],[6.798424,49.624411],[6.798079,49.624404],[6.796736,49.623479],[6.79639,49.623472],[6.795718,49.62301],[6.795372,49.623003],[6.795037,49.622772],[6.795047,49.622547],[6.794711,49.622316],[6.794721,49.622091],[6.794385,49.62186],[6.79404,49.621853],[6.793704,49.621622],[6.793358,49.621615],[6.793022,49.621384],[6.791985,49.621364],[6.791629,49.621582],[6.789208,49.621536]]}},
{"type":"Feature","properties":{"STRM_VAL":1.0,"max_accum":59879.0,"color":"#76a3d1","weight":2.25},"geometry":{"type":"LineString","coordinates":[[6.789208,49.621536],[6.788872,49.621305],[6.788526,49.621298],[6.78819,49.621067],[6.7882,49.620842],[6.787509,49.620829],[6.787173,49.620598],[6.786481,49.620584],[6.786146,49.620353],[6.78579,49.620571],[6.784406,49.620545],[6.784071,49.620313],[6.783379,49.6203],[6.782707,49.619837],[6.782362,49.619831],[6.782006,49.620049],[6.780663,49.619124],[6.780307,49.619342],[6.779269,49.619322],[6.778934,49.61909],[6.778588,49.619084],[6.777917,49.618621],[6.776533,49.618595],[6.775862,49.618132],[6.775516,49.618125],[6.775181,49.617894],[6.774489,49.617881],[6.774133,49.618099],[6.773441,49.618085],[6.77277,49.617623],[6.771732,49.617603],[6.771061,49.61714],[6.770715,49.617133],[6.770044,49.61667],[6.76624,49.616597],[6.765569,49.616134]]}},
{"type":"Feature","properties":{"STRM_VAL":1.0,"max_accum":67182.0,"color":"#74a1ce","weight":2.31},"geometry":{"type":"LineString","coordinates":[[6.532967,49.616131],[6.533681,49.615697],[6.533693,49.615472],[6.53405,49.615255],[6.534107,49.614132],[6.534821,49.613697],[6.534832,49.613472],[6.53626,49.612603],[6.536272,49.612379],[6.536629,49.612161],[6.53664,49.611937],[6.537354,49.611502],[6.5377,49.611509],[6.539128,49.61064],[6.539474,49.610647],[6.540188,49.610213],[6.540879,49.610228],[6.541237,49.61001],[6.541582,49.610018],[6.541939,49.6098],[6.542631,49.609815],[6.542988,49.609598],[6.544371,49.609627],[6.544728,49.60941],[6.546111,49.609439],[6.546468,49.609222],[6.547159,49.609236],[6.549301,49.607932]]}},
{"type":"Feature","properties":{"STRM_VAL":1.0,"max_accum":12178.0,"color":"#96c6ef","weight":1.44},"geometry":{"type":"LineString","coordinates":[[6.819148,49.625478],[6.819158,49.625253],[6.818822,49.625022],[6.818832,49.624797],[6.81816,49.624335],[6.817815,49.624328],[6.817479,49.624097],[6.816787,49.624084],[6.816431,49.624302],[6.816085,49.624295],[6.815749,49.624064],[6.815058,49.624051],[6.814722,49.62382],[6.814376,49.623813],[6.813704,49.623351],[6.813714,49.623126],[6.812371,49.622201],[6.811333,49.622182],[6.810977,49.6224],[6.810631,49.622393]]}},
{"type":"Feature","properties":{"STRM_VAL":1.0,"max_accum":193547.0,"color":"#5e8aba","weight":2.85},"geometry":{"type":"LineString","coordinates":[[6.680221,49.63492],[6.680253,49.634246],[6.682036,49.633157],[6.684457,49.633206],[6.684814,49.632988],[6.68516,49.632995],[6.685516,49.632777],[6.685852,49.633009],[6.686889,49.63303],[6.68756,49.633493],[6.687906,49.6335],[6.689582,49.634658],[6.689928,49.634665],[6.690934,49.635359],[6.69128,49.635366],[6.691616,49.635598],[6.691962,49.635605],[6.693303,49.636531],[6.693292,49.636756],[6.693628,49.636987],[6.693617,49.637212],[6.693952,49.637444],[6.694298,49.63745],[6.695975,49.638608],[6.696667,49.638622],[6.697002,49.638854],[6.69804,49.638874],[6.699382,49.639801],[6.699728,49.639807],[6.700063,49.640039],[6.700409,49.640046],[6.700744,49.640277],[6.70109,49.640284],[6.701426,49.640516],[6.701772,49.640523],[6.702107,49.640754],[6.702453,49.640761],[6.702789,49.640993],[6.703135,49.641],[6.70347,49.641231],[6.703816,49.641238],[6.704151,49.64147],[6.704497,49.641476],[6.705168,49.64194],[6.705514,49.641946],[6.706856,49.642873],[6.708282,49.642001],[6.708303,49.641552],[6.70866,49.641334],[6.708691,49.64066],[6.709048,49.640442],[6.709059,49.640217],[6.709415,49.64],[6.709426,49.639775],[6.710139,49.639339],[6.710485,49.639346],[6.710841,49.639128],[6.711533,49.639142],[6.71189,49.638924],[6.712927,49.638945],[6.713284,49.638727],[6.713976,49.63874],[6.715045,49.638087],[6.715391,49.638094],[6.716104,49.637658],[6.717834,49.637692],[6.71817,49.637924]]}},
{"type":"Feature","properties":{"STRM_VAL":1.0,"max_accum":21895.0,"color":"#8ab9e4","weight":1.74},"geometry":{"type":"LineString","coordinates":[[6.562231,49.633169],[6.562577,49.633177],[6.562934,49.632959],[6.563626,49.632974],[6.563983,49.632756],[6.564674,49.632771],[6.565032,49.632554],[6.567453,49.632605],[6.567787,49.632836],[6.568825,49.632858],[6.56916,49.63309],[6.569506,49.633097],[6.569863,49.63288],[6.570209,49.632887],[6.570543,49.633119],[6.570532,49.633344],[6.571202,49.633808],[6.571548,49.633815],[6.571882,49.634047],[6.571838,49.634946],[6.572184,49.634953],[6.572172,49.635178],[6.572842,49.635641],[6.573188,49.635649]]}},
{"type":"Feature","properties":{"STRM_VAL":1.0,"max_accum":192352.0,"color":"#5e8abb","weight":2.85},"geometry":{"type":"LineString","coordinates":[[6.573188,49.635649],[6.573857,49.636112],[6.573846,49.636337],[6.574192,49.636344]]}},
{"type":"Feature","properties":{"STRM_VAL":1.0,"max_accum":17786.0,"color":"#8fbde8","weight":1.63},"geometry":{"type":"LineString","coordinates":[[6.791833,49.640027],[6.791843,49.639803],[6.791507,49.639571],[6.791538,49.638897],[6.79225,49.638461],[6.792596,49.638468],[6.793308,49.638031],[6.793654,49.638038],[6.794011,49.63782],[6.794357,49.637827],[6.795425,49.637172],[6.796117,49.637185],[6.797185,49.636531],[6.797195,49.636306],[6.797552,49.636088],[6.797562,49.635864],[6.797918,49.635645],[6.797928,49.635421],[6.798284,49.635203],[6.798304,49.634753],[6.799016,49.634317],[6.799067,49.633194]]}},
{"type":"Feature","properties":{"STRM_VAL":1.0,"max_accum":49819.0,"color":"#7aa7d4","weight":2.16},"geometry":{"type":"LineString","coordinates":[[6.799067,49.633194],[6.798731,49.632962],[6.798772,49.632063],[6.798436,49.631832],[6.798456,49.631383],[6.794763,49.628839],[6.794783,49.628389],[6.794111,49.627927],[6.794122,49.627702],[6.79345,49.627239],[6.79347,49.62679],[6.789442,49.624014],[6.789543,49.621767],[6.789208,49.621536]]}},
{"type":"Feature","properties":{"STRM_VAL":1.0,"max_accum":48605.0,"color":"#7aa8d5","weight":2.15},"geometry":{"type":"LineString","coordinates":[[6.484557,49.63533],[6.484534,49.635779],[6.484177,49.635996],[6.484153,49.636446],[6.483796,49.636663],[6.483703,49.63846],[6.483346,49.638677],[6.483241,49.640699],[6.483576,49.640931],[6.483541,49.641605],[6.483875,49.641837],[6.483852,49.642287],[6.483495,49.642504],[6.483448,49.643402],[6.483091,49.643619],[6.48301,49.645192],[6.483344,49.645424],[6.483332,49.645649],[6.483667,49.645881],[6.483655,49.646106],[6.48399,49.646338],[6.483978,49.646562],[6.484312,49.646795],[6.484289,49.647244],[6.484624,49.647476],[6.484601,49.647925],[6.484935,49.648158],[6.484923,49.648382],[6.485258,49.648614],[6.485223,49.649288],[6.485557,49.649521],[6.485546,49.649745],[6.486215,49.650209],[6.486561,49.650217],[6.487564,49.650913],[6.48791,49.650921],[6.488913,49.651617],[6.489259,49.651625],[6.491935,49.653482],[6.491923,49.653707],[6.492258,49.653939],[6.492246,49.654164],[6.492581,49.654396],[6.492569,49.65462],[6.492904,49.654853],[6.492881,49.655302],[6.493215,49.655534],[6.493192,49.655983],[6.493526,49.656215],[6.493503,49.656665],[6.493838,49.656897],[6.493792,49.657796],[6.494126,49.658028],[6.494103,49.658477],[6.494438,49.658709],[6.494426,49.658934],[6.494761,49.659166],[6.494749,49.659391],[6.495753,49.660087],[6.495741,49.660312],[6.496745,49.661008],[6.497091,49.661016],[6.49776,49.66148],[6.497748,49.661704],[6.498752,49.662401],[6.498741,49.662625],[6.499075,49.662858],[6.499041,49.663532],[6.499375,49.663764],[6.499364,49.663988],[6.500702,49.664917],[6.50069,49.665141],[6.501025,49.665374],[6.501013,49.665598],[6.502017,49.666295],[6.502363,49.666302],[6.502698,49.666534],[6.50339,49.666549],[6.503748,49.666332],[6.504094,49.666339],[6.504429,49.666572],[6.504775,49.666579],[6.505444,49.667043],[6.50579,49.667051],[6.506125,49.667283],[6.508201,49.667328],[6.508536,49.66756],[6.509228,49.667575],[6.509898,49.668039],[6.510244,49.668046],[6.511248,49.668742],[6.511594,49.66875],[6.511928,49.668982],[6.512621,49.668997],[6.512978,49.66878],[6.513313,49.669012],[6.513302,49.669236],[6.513636,49.669469],[6.513625,49.669693],[6.513959,49.669925],[6.513948,49.67015],[6.514617,49.670614],[6.514594,49.671063],[6.514929,49.671295],[6.514918,49.67152],[6.51456,49.671737],[6.514549,49.671962],[6.514883,49.672194],[6.51523,49.672202],[6.516234,49.672898],[6.516222,49.673122],[6.516557,49.673355]]}},
{"type":"Feature","properties":{"STRM_VAL":1.0,"max_accum":17786.0,"color":"#8fbde8","weight":1.63},"geometry":{"type":"LineString","coordinates":[[6.812046,49.644909],[6.81171,49.644678],[6.811018,49.644665],[6.810682,49.644434],[6.810336,49.644427],[6.808992,49.643502],[6.808646,49.643495],[6.80831,49.643264],[6.807964,49.643258],[6.807628,49.643026],[6.807638,49.642802],[6.807302,49.64257],[6.807343,49.641672],[6.807007,49.64144],[6.806661,49.641434],[6.805989,49.640971],[6.805643,49.640965],[6.804971,49.640502],[6.804625,49.640496],[6.804289,49.640264],[6.803597,49.640251],[6.803261,49.64002],[6.802915,49.640013],[6.801908,49.63932],[6.801978,49.637747],[6.802334,49.637529],[6.802375,49.63663],[6.802731,49.636412],[6.802741,49.636187],[6.803453,49.635751],[6.803474,49.635301],[6.803138,49.63507],[6.803148,49.634845],[6.802476,49.634383],[6.80213,49.634376],[6.801794,49.634145],[6.800756,49.634125],[6.799413,49.6332],[6.799067,49.633194]]}},
{"type":"Feature","properties":{"STRM_VAL":1.0,"max_accum":27174.0,"color":"#86b4e0","weight":1.85},"geometry":{"type":"LineString","coordinates":[[6.835507,49.646925],[6.835517,49.6467],[6.835873,49.646482],[6.835943,49.644909],[6.835607,49.644677],[6.835617,49.644453],[6.83528,49.644222],[6.8353,49.643772],[6.834964,49.643541],[6.834618,49.643535],[6.833274,49.64261],[6.833294,49.64216],[6.832958,49.641929],[6.832968,49.641705],[6.832632,49.641473],[6.832642,49.641249],[6.832306,49.641017],[6.832316,49.640793],[6.83198,49.640562],[6.83199,49.640337],[6.831318,49.639874],[6.830972,49.639868],[6.830636,49.639637],[6.82856,49.639598],[6.828224,49.639367],[6.827878,49.63936],[6.827542,49.639129],[6.827552,49.638904],[6.827206,49.638898],[6.824854,49.637279],[6.824864,49.637055],[6.824192,49.636592],[6.823846,49.636586],[6.82183,49.635198],[6.820792,49.635179],[6.819784,49.634485],[6.819438,49.634479],[6.818431,49.633785],[6.817739,49.633772],[6.817403,49.633541],[6.817423,49.633091],[6.816751,49.632629],[6.816771,49.63218],[6.816099,49.631717],[6.816119,49.631268],[6.815448,49.630805],[6.815102,49.630799],[6.81443,49.630336],[6.81444,49.630112],[6.814104,49.62988],[6.814114,49.629656],[6.813443,49.629193],[6.813453,49.628968],[6.812109,49.628043],[6.811763,49.628037],[6.811092,49.627574],[6.8104,49.627561],[6.810064,49.62733],[6.809718,49.627324],[6.809382,49.627092],[6.809036,49.627086],[6.808365,49.626623],[6.808019,49.626617],[6.807683,49.626385],[6.807337,49.626379],[6.807001,49.626148],[6.806655,49.626141],[6.806319,49.62591],[6.803898,49.625864]]}},
{"type":"Feature","properties":{"STRM_VAL":1.0,"max_accum":209902.0,"color":"#5c88b9","weight":2.89},"geometry":{"type":"LineString","coordinates":[[6.610178,49.651037],[6.609486,49.651022],[6.609151,49.650791],[6.608794,49.651008],[6.608459,49.650776],[6.607767,49.650762],[6.607432,49.65053],[6.604664,49.650473],[6.604307,49.65069],[6.603615,49.650676],[6.603258,49.650894],[6.602912,49.650886],[6.601483,49.651756],[6.601137,49.651749],[6.601126,49.651974],[6.600412,49.652409],[6.600401,49.652634],[6.599687,49.653069],[6.599665,49.653518],[6.599307,49.653735],[6.599296,49.65396],[6.59895,49.653953],[6.598939,49.654178],[6.598225,49.654613],[6.598214,49.654837],[6.597857,49.655055],[6.597846,49.655279],[6.5975,49.655272],[6.597489,49.655497],[6.597132,49.655714],[6.596439,49.6557],[6.595725,49.656135],[6.595379,49.656128],[6.595022,49.656345],[6.594676,49.656338],[6.593962,49.656773],[6.593951,49.656998],[6.592879,49.65765],[6.592533,49.657643],[6.591819,49.658078],[6.587666,49.657991],[6.586996,49.657528],[6.586304,49.657513]]}},
{"type":"Feature","properties":{"STRM_VAL":1.0,"max_accum":21895.0,"color":"#8ab9e4","weight":1.74},"geometry":{"type":"LineString","coordinates":[[6.542937,49.651878],[6.543283,49.651885],[6.543641,49.651668],[6.544333,49.651682],[6.544667,49.651914],[6.545025,49.651697],[6.545036,49.651472],[6.549534,49.651568],[6.549892,49.65135],[6.552314,49.651402],[6.552983,49.651866],[6.554367,49.651895],[6.555082,49.65146],[6.555417,49.651692],[6.555763,49.651699],[6.556097,49.651931],[6.556443,49.651939],[6.556778,49.652171],[6.557135,49.651953],[6.557828,49.651968],[6.558162,49.6522],[6.55852,49.651982],[6.558854,49.652214],[6.559546,49.652229],[6.560551,49.652925],[6.560897,49.652932],[6.561254,49.652715],[6.561924,49.653179],[6.56227,49.653186],[6.562259,49.653411],[6.562951,49.653425],[6.563285,49.653657],[6.564324,49.653679],[6.564658,49.653911],[6.56573,49.653259],[6.566065,49.653491],[6.566757,49.653505],[6.566768,49.653281],[6.567125,49.653063],[6.567137,49.652839],[6.567494,49.652621],[6.567505,49.652397],[6.567862,49.652179],[6.567874,49.651955],[6.568231,49.651737],[6.568242,49.651513],[6.568599,49.651295],[6.568622,49.650846],[6.568979,49.650628],[6.56899,49.650404],[6.569347,49.650186],[6.56937,49.649737],[6.569727,49.64952],[6.569749,49.64907],[6.570106,49.648853],[6.57014,49.648179],[6.570497,49.647962],[6.570542,49.647063],[6.570899,49.646845],[6.571179,49.641229],[6.571536,49.641011],[6.571558,49.640562],[6.571915,49.640345],[6.571938,49.639895],[6.572295,49.639678],[6.572317,49.639229],[6.572674,49.639011],[6.572339,49.638779],[6.572474,49.636083],[6.573188,49.635649]]}},
{"type":"Feature","properties":{"STRM_VAL":1.0,"max_accum":223421.0,"color":"#5b87b8","weight":2.93},"geometry":{"type":"LineString","coordinates":[[6.761976,49.656771],[6.76163,49.656764],[6.760958,49.656301],[6.760989,49.655627],[6.760654,49.655396],[6.760664,49.655171],[6.759992,49.654708],[6.759646,49.654701],[6.757967,49.653544],[6.757978,49.65332],[6.757642,49.653088],[6.756604,49.653068],[6.756247,49.653286],[6.755555,49.653273],[6.755219,49.653041],[6.754181,49.653021],[6.753845,49.65279],[6.753499,49.652783],[6.752828,49.65232],[6.752482,49.652314],[6.75181,49.651851],[6.751464,49.651844],[6.750793,49.651381],[6.750436,49.651599],[6.750101,49.651368],[6.748716,49.651341],[6.748045,49.650878],[6.747353,49.650865],[6.746996,49.651082],[6.746304,49.651069],[6.745591,49.651505],[6.744899,49.651491],[6.744564,49.65126],[6.744207,49.651478],[6.742823,49.651451],[6.741753,49.652105],[6.741743,49.652329],[6.740317,49.653201],[6.739971,49.653194],[6.739615,49.653412],[6.739268,49.653406],[6.737842,49.654277],[6.737832,49.654502],[6.737475,49.65472],[6.737465,49.654945],[6.737109,49.655163],[6.736762,49.655156],[6.736406,49.655374],[6.73606,49.655367],[6.735703,49.655585],[6.735011,49.655571],[6.734655,49.655789],[6.734644,49.656014],[6.734288,49.656232],[6.734215,49.657805],[6.733858,49.658023],[6.733848,49.658247],[6.733491,49.658465],[6.733481,49.65869],[6.733124,49.658908],[6.732778,49.658901],[6.732065,49.659337],[6.731719,49.65933],[6.731362,49.659548],[6.73067,49.659534],[6.729957,49.65997],[6.728918,49.65995],[6.728562,49.660168],[6.727869,49.660154],[6.727513,49.660372],[6.727502,49.660597],[6.726789,49.661032],[6.726779,49.661257],[6.725709,49.661911],[6.725677,49.662585],[6.724964,49.663021],[6.724272,49.663007],[6.723915,49.663225],[6.723223,49.663211],[6.722866,49.663429],[6.722174,49.663416],[6.720831,49.66249],[6.720139,49.662476],[6.719782,49.662694],[6.719447,49.662462],[6.719101,49.662455],[6.718387,49.662891]]}},
{"type":"Feature","properties":{"STRM_VAL":1.0,"max_accum":12087.0,"color":"#97c6ef","weight":1.43},"geometry":{"type":"LineString","coordinates":[[6.643408,49.65869],[6.643397,49.658915],[6.64304,49.659132],[6.643007,49.659806],[6.641222,49.660894]]}},
{"type":"Feature","properties":{"STRM_VAL":1.0,"max_accum":23350.0,"color":"#89b8e2","weight":1.77},"geometry":{"type":"LineString","coordinates":[[6.641222,49.660894],[6.639838,49.660866],[6.639503,49.660634],[6.639157,49.660627],[6.638486,49.660164],[6.63814,49.660157],[6.637805,49.659925],[6.636074,49.65989],[6.635739,49.659658],[6.63297,49.659601],[6.632635,49.65937],[6.632289,49.659363],[6.631954,49.659131],[6.630915,49.65911],[6.630558,49.659327],[6.629866,49.659313],[6.628438,49.660183],[6.628427,49.660408],[6.628081,49.660401],[6.62701,49.661054],[6.626664,49.661047],[6.626307,49.661264],[6.625961,49.661257],[6.625626,49.661025],[6.624554,49.661678],[6.624208,49.661671]]}},
{"type":"Feature","properties":{"STRM_VAL":1.0,"max_accum":240272.0,"color":"#5986b6","weight":2.96},"geometry":{"type":"LineString","coordinates":[[6.624208,49.661671],[6.623862,49.661664],[6.623527,49.661432],[6.622835,49.661418],[6.622478,49.661635],[6.621137,49.660708],[6.620791,49.660701],[6.620456,49.660469],[6.620478,49.66002],[6.619808,49.659556],[6.619115,49.659542],[6.61878,49.65931],[6.618088,49.659296],[6.615742,49.657674],[6.61505,49.657659],[6.614715,49.657427],[6.614369,49.65742],[6.614012,49.657638],[6.613677,49.657406],[6.613331,49.657399],[6.612974,49.657616],[6.612628,49.657609],[6.612293,49.657378],[6.611946,49.65737],[6.611232,49.657805],[6.610194,49.657784],[6.609524,49.65732],[6.608832,49.657306],[6.608497,49.657074],[6.607458,49.657053],[6.607101,49.65727],[6.606409,49.657256],[6.605338,49.657908],[6.604646,49.657894],[6.604289,49.658112],[6.60325,49.65809],[6.602893,49.658308],[6.602547,49.658301],[6.601476,49.658953],[6.60113,49.658946],[6.600415,49.659381],[6.599723,49.659366],[6.599366,49.659584],[6.59902,49.659577],[6.597948,49.660229],[6.597602,49.660222],[6.596888,49.660657],[6.596877,49.660882],[6.59652,49.661099],[6.596174,49.661092],[6.596163,49.661317],[6.595805,49.661534],[6.595794,49.661759],[6.595437,49.661976],[6.595091,49.661969],[6.594734,49.662187],[6.594723,49.662411],[6.594366,49.662629],[6.594343,49.663078],[6.592557,49.664165],[6.592546,49.66439],[6.592189,49.664607],[6.591497,49.664593],[6.590425,49.665245],[6.590079,49.665238],[6.589007,49.665891],[6.588996,49.666115],[6.588282,49.66655],[6.587589,49.666536],[6.587567,49.666985]]}},
{"type":"Feature","properties":{"STRM_VAL":1.0,"max_accum":12087.0,"color":"#97c6ef","weight":1.43},"geometry":{"type":"LineString","coordinates":[[6.657317,49.66482],[6.656625,49.664806],[6.656268,49.665023],[6.655229,49.665002],[6.654894,49.664771],[6.654548,49.664764],[6.654191,49.664981],[6.653153,49.66496],[6.652817,49.664728],[6.652125,49.664714],[6.651454,49.664251],[6.649377,49.664209],[6.649042,49.663977],[6.646965,49.663935],[6.64663,49.663703],[6.646284,49.663696],[6.645613,49.663233],[6.645267,49.663226],[6.644932,49.662994],[6.644586,49.662987],[6.644597,49.662762],[6.643256,49.661835],[6.643266,49.661611],[6.642931,49.661379],[6.642239,49.661365],[6.641904,49.661133],[6.641558,49.661126],[6.641222,49.660894]]}},
{"type":"Feature","properties":{"STRM_VAL":1.0,"max_accum":23350.0,"color":"#89b8e2","weight":1.77},"geometry":{"type":"LineString","coordinates":[[6.632297,49.666335],[6.630956,49.665408],[6.630978,49.664958],[6.630307,49.664495],[6.630318,49.66427],[6.629983,49.664038],[6.629291,49.664024],[6.628934,49.664242],[6.628599,49.66401],[6.628252,49.664003],[6.627247,49.663307],[6.626555,49.663293],[6.625549,49.662598],[6.625203,49.662591],[6.624197,49.661896],[6.624208,49.661671]]}},
{"type":"Feature","properties":{"STRM_VAL":1.0,"max_accum":34244.0,"color":"#81afdb","weight":1.97},"geometry":{"type":"LineString","coordinates":[[6.688604,49.669947],[6.688593,49.670171],[6.689264,49.670634],[6.689168,49.672657],[6.688811,49.672874],[6.688726,49.674672],[6.689062,49.674903],[6.68903,49.675577],[6.689365,49.675809],[6.689355,49.676034],[6.68969,49.676265],[6.689669,49.676715],[6.690004,49.676946],[6.689983,49.677396],[6.689626,49.677613],[6.689616,49.677838],[6.689259,49.678056],[6.689205,49.679179],[6.689541,49.679411],[6.689477,49.680759],[6.68912,49.680977],[6.689088,49.681651],[6.689424,49.681882],[6.689413,49.682107],[6.689056,49.682325],[6.68871,49.682318],[6.687996,49.682753],[6.687985,49.682978],[6.687629,49.683196],[6.686936,49.683182],[6.686579,49.6834],[6.684848,49.683365],[6.684134,49.683801],[6.684102,49.684475],[6.683745,49.684692],[6.683723,49.685142],[6.683366,49.68536],[6.683345,49.685809],[6.682988,49.686027],[6.682977,49.686251],[6.68262,49.686469],[6.682599,49.686918],[6.682935,49.68715],[6.682924,49.687375],[6.68326,49.687606],[6.683249,49.687831],[6.683585,49.688063],[6.683574,49.688287],[6.683909,49.688519],[6.683899,49.688744],[6.684234,49.688975],[6.684213,49.689425],[6.684549,49.689656],[6.684527,49.690106],[6.684863,49.690337],[6.684506,49.690555],[6.684495,49.69078],[6.684831,49.691011],[6.68481,49.691461],[6.685481,49.691924],[6.685428,49.693047],[6.685071,49.693265],[6.68506,49.69349],[6.684703,49.693707],[6.684681,49.694157],[6.683967,49.694592],[6.683957,49.694817],[6.6836,49.695035],[6.683589,49.695259],[6.682161,49.69613],[6.682139,49.69658],[6.681425,49.697015],[6.681415,49.69724],[6.680343,49.697893],[6.680333,49.698118],[6.679975,49.698335],[6.679943,49.699009],[6.679586,49.699227],[6.679565,49.699677],[6.678851,49.700112],[6.678829,49.700561],[6.678472,49.700779],[6.678386,49.702577],[6.678722,49.702808],[6.678701,49.703258],[6.679036,49.703489],[6.679015,49.703938],[6.679351,49.70417],[6.679308,49.705069],[6.678951,49.705287],[6.678919,49.705961],[6.679254,49.706192],[6.679222,49.706866],[6.680565,49.707793],[6.680555,49.708017],[6.681226,49.708481],[6.681205,49.70893],[6.681876,49.709393],[6.681865,49.709618],[6.682201,49.70985],[6.683241,49.70987],[6.683576,49.710102],[6.683544,49.710776],[6.68388,49.711008],[6.683859,49.711457],[6.684205,49.711464],[6.684541,49.711695],[6.68453,49.71192],[6.685202,49.712383],[6.685548,49.71239],[6.68622,49.712854],[6.686177,49.713752],[6.68582,49.71397],[6.685799,49.714419],[6.686135,49.714651],[6.686081,49.715774],[6.685724,49.715992],[6.685692,49.716666],[6.685335,49.716884],[6.685324,49.717109],[6.684967,49.717326],[6.684924,49.718225],[6.68526,49.718457],[6.685228,49.719131],[6.685564,49.719362],[6.685521,49.720261],[6.685857,49.720493],[6.685835,49.720942],[6.686843,49.721637],[6.686832,49.721861],[6.687168,49.722093],[6.687158,49.722318],[6.688501,49.723244],[6.688469,49.723918],[6.688805,49.72415],[6.68872,49.725947],[6.688362,49.726165],[6.688266,49.728187],[6.687909,49.728405],[6.687898,49.72863],[6.687184,49.729065],[6.687173,49.72929],[6.686101,49.729943]]}},
{"type":"Feature","properties":{"STRM_VAL":1.0,"max_accum":58301.0,"color":"#76a4d1","weight":2.24},"geometry":{"type":"LineString","coordinates":[[6.686101,49.729943],[6.685061,49.729922],[6.684704,49.73014],[6.684357,49.730133],[6.684325,49.730807],[6.683611,49.731243],[6.683264,49.731236],[6.682907,49.731453],[6.68256,49.731446],[6.681488,49.7321],[6.680795,49.732086],[6.680774,49.732535],[6.680416,49.732753],[6.680395,49.733202],[6.67968,49.733638],[6.679669,49.733862],[6.678976,49.733848],[6.678619,49.734066],[6.678587,49.73474],[6.678229,49.734958],[6.678218,49.735183],[6.677504,49.735618],[6.677157,49.735611],[6.676085,49.736264],[6.675738,49.736257],[6.675685,49.737381],[6.675327,49.737598],[6.675306,49.738048],[6.674948,49.738265],[6.674255,49.738251],[6.673898,49.738469],[6.673876,49.738919],[6.672489,49.738891],[6.672479,49.739115],[6.672121,49.739333],[6.671774,49.739326],[6.671417,49.739544],[6.670377,49.739523],[6.669662,49.739958],[6.669619,49.740857],[6.669262,49.741075],[6.66924,49.741524],[6.668893,49.741517],[6.668536,49.741735],[6.668525,49.741959],[6.667832,49.741945],[6.667821,49.74217],[6.667106,49.742606],[6.666413,49.742592],[6.665698,49.743027],[6.666034,49.743259],[6.665319,49.743694],[6.664972,49.743687],[6.664636,49.743455],[6.664278,49.743673],[6.664268,49.743898],[6.65976,49.743807],[6.659425,49.743575],[6.658384,49.743554],[6.658027,49.743772],[6.657334,49.743758],[6.656998,49.743526],[6.655958,49.743505],[6.6556,49.743722],[6.655253,49.743715],[6.654582,49.743252],[6.653867,49.743687]]}},
{"type":"Feature","properties":{"STRM_VAL":1.0,"max_accum":68376.0,"color":"#73a1ce","weight":2.32},"geometry":{"type":"LineString","coordinates":[[6.653867,49.743687],[6.653151,49.744123],[6.652111,49.744102],[6.651754,49.744319],[6.651743,49.744544],[6.651396,49.744537],[6.651039,49.744755],[6.650345,49.74474],[6.649273,49.745393],[6.649262,49.745618],[6.648904,49.745836],[6.648893,49.74606],[6.646466,49.746011],[6.64613,49.745779],[6.644397,49.745744],[6.643324,49.746397],[6.642988,49.746165],[6.641948,49.746144],[6.64159,49.746362],[6.641244,49.746355],[6.640236,49.745659],[6.639879,49.745877],[6.639543,49.745645],[6.638503,49.745624],[6.637159,49.744697],[6.635079,49.744655],[6.634722,49.744872],[6.634375,49.744865],[6.634039,49.744633],[6.633692,49.744626],[6.633357,49.744394],[6.632999,49.744612],[6.632988,49.744837],[6.631948,49.744815],[6.629262,49.742961],[6.628569,49.742947]]}},
{"type":"Feature","properties":{"STRM_VAL":1.0,"max_accum":470897.0,"color":"#4c77aa","weight":3.31},"geometry":{"type":"LineString","coordinates":[[6.628569,49.742947],[6.627182,49.742919]]}},
{"type":"Feature","properties":{"STRM_VAL":1.0,"max_accum":261682.0,"color":"#5884b5","weight":3.01},"geometry":{"type":"LineString","coordinates":[[6.543984,49.672366],[6.545323,49.673294],[6.545312,49.673518],[6.546651,49.674446],[6.548729,49.67449],[6.549063,49.674722],[6.54941,49.674729],[6.550079,49.675193],[6.550426,49.675201],[6.55076,49.675433],[6.551107,49.67544],[6.551442,49.675672],[6.55143,49.675897],[6.551765,49.676129],[6.551754,49.676353],[6.552089,49.676585],[6.552066,49.677035],[6.551709,49.677252],[6.551698,49.677477],[6.552032,49.677709],[6.55201,49.678158],[6.55268,49.678622],[6.552657,49.679071],[6.553662,49.679767],[6.554354,49.679782],[6.555359,49.680478],[6.555348,49.680702],[6.557023,49.681862],[6.556665,49.68208],[6.556654,49.682304],[6.557324,49.682768],[6.557313,49.682993],[6.557648,49.683225],[6.557625,49.683674],[6.55796,49.683906],[6.558306,49.683913],[6.558273,49.684587],[6.558608,49.684819],[6.558965,49.684602],[6.5593,49.684834],[6.559658,49.684617],[6.56035,49.684631],[6.561065,49.684196],[6.561412,49.684204],[6.561747,49.684436],[6.562439,49.68445],[6.562774,49.684682],[6.562417,49.6849],[6.562394,49.685349],[6.563399,49.686045],[6.563757,49.685827],[6.564092,49.686059],[6.564784,49.686074],[6.565142,49.685857],[6.565834,49.685871],[6.565688,49.688792],[6.566023,49.689024]]}},
{"type":"Feature","properties":{"STRM_VAL":1.0,"max_accum":246623.0,"color":"#5985b6","weight":2.98},"geometry":{"type":"LineString","coordinates":[[6.78108,49.678503],[6.780723,49.678721],[6.77726,49.678655],[6.776547,49.679091],[6.776201,49.679084],[6.775865,49.678853],[6.775172,49.678839],[6.774816,49.679058],[6.771699,49.678998],[6.771363,49.678766],[6.771017,49.67876],[6.770681,49.678528],[6.770335,49.678522],[6.769999,49.67829],[6.768268,49.678257],[6.767932,49.678025],[6.767585,49.678019],[6.767249,49.677787],[6.766903,49.677781],[6.766567,49.677549],[6.766221,49.677543],[6.765885,49.677311],[6.765539,49.677305],[6.764867,49.676842],[6.764877,49.676617],[6.764205,49.676154],[6.764216,49.67593],[6.76388,49.675698],[6.76389,49.675474],[6.763554,49.675242],[6.763911,49.675024],[6.763921,49.6748],[6.763585,49.674568],[6.763606,49.674119],[6.763259,49.674112],[6.762923,49.673881],[6.762577,49.673874],[6.762241,49.673643],[6.761549,49.673629],[6.761192,49.673847],[6.760846,49.673841],[6.76051,49.673609],[6.759818,49.673596],[6.759461,49.673814],[6.759125,49.673582],[6.758779,49.673576],[6.758443,49.673344],[6.757751,49.673331],[6.757394,49.673549],[6.756702,49.673535],[6.756345,49.673753],[6.755999,49.673747],[6.755663,49.673515],[6.755317,49.673509],[6.754981,49.673277],[6.754635,49.67327],[6.753627,49.672576],[6.751896,49.672543],[6.75156,49.672311],[6.750521,49.672291],[6.750165,49.672509],[6.749126,49.672489],[6.748454,49.672026],[6.748108,49.672019],[6.747772,49.671788],[6.745695,49.671747],[6.745359,49.671516],[6.743974,49.671489],[6.742191,49.672579],[6.741499,49.672565],[6.740786,49.673001],[6.740734,49.674124],[6.740377,49.674342],[6.740356,49.674792],[6.739999,49.67501],[6.739989,49.675234],[6.738206,49.676324],[6.737859,49.676317],[6.737503,49.676535],[6.73681,49.676522],[6.736454,49.676739],[6.736107,49.676733],[6.733254,49.678476],[6.732907,49.678469],[6.732551,49.678687],[6.730473,49.678646],[6.730117,49.678864],[6.72977,49.678857],[6.729414,49.679075],[6.728721,49.679062],[6.7287,49.679511],[6.728343,49.679729]]}},
{"type":"Feature","properties":{"STRM_VAL":1.0,"max_accum":253322.0,"color":"#5884b5","weight":2.99},"geometry":{"type":"LineString","coordinates":[[6.743496,49.681825],[6.74316,49.681593],[6.742121,49.681573],[6.741785,49.681341],[6.741439,49.681335],[6.740726,49.681771],[6.740379,49.681764],[6.740023,49.681982],[6.73933,49.681968],[6.738973,49.682186],[6.738627,49.682179],[6.737914,49.682615],[6.737221,49.682602],[6.736864,49.68282],[6.736518,49.682813],[6.736182,49.682581],[6.735143,49.682561],[6.734787,49.682779],[6.733748,49.682759],[6.733391,49.682976],[6.732698,49.682963],[6.732363,49.682731],[6.729939,49.682684]]}},
{"type":"Feature","properties":{"STRM_VAL":1.0,"max_accum":19578.0,"color":"#8dbbe6","weight":1.68},"geometry":{"type":"LineString","coordinates":[[6.825534,49.691941],[6.825198,49.691709],[6.824505,49.691696],[6.824169,49.691465],[6.822783,49.691439],[6.822447,49.691208],[6.821408,49.691188],[6.821072,49.690957],[6.817954,49.690898],[6.816885,49.691553],[6.816539,49.691546],[6.815469,49.692201],[6.814777,49.692188],[6.81442,49.692406],[6.814074,49.692399],[6.813717,49.692618],[6.813371,49.692611],[6.811588,49.693702],[6.811578,49.693926],[6.810509,49.694581],[6.810499,49.694806],[6.809786,49.695242],[6.809776,49.695467],[6.809063,49.695903],[6.809053,49.696128],[6.80834,49.696564],[6.808329,49.696789],[6.80726,49.697443],[6.80725,49.697668],[6.806537,49.698104]]}},
{"type":"Feature","properties":{"STRM_VAL":1.0,"max_accum":35322.0,"color":"#81afdb","weight":1.98},"geometry":{"type":"LineString","coordinates":[[6.806537,49.698104],[6.805844,49.698091],[6.804835,49.697397],[6.804142,49.697384],[6.803806,49.697153],[6.80346,49.697146],[6.803123,49.696915],[6.80243,49.696902],[6.802094,49.69667],[6.800016,49.696631],[6.799343,49.696168],[6.798997,49.696162],[6.798661,49.69593],[6.797621,49.695911],[6.797285,49.695679],[6.796939,49.695673],[6.796603,49.695442],[6.795563,49.695422],[6.795207,49.69564],[6.794168,49.69562],[6.793811,49.695838],[6.792772,49.695818],[6.792415,49.696036],[6.79103,49.69601],[6.789685,49.695085],[6.789339,49.695078],[6.789002,49.694847],[6.787963,49.694827],[6.787607,49.695045],[6.78726,49.695038],[6.786904,49.695257],[6.784825,49.695217],[6.784112,49.695653],[6.783766,49.695646],[6.783409,49.695864],[6.783063,49.695858],[6.782349,49.696294],[6.782013,49.696062],[6.781667,49.696056],[6.781331,49.695824],[6.780984,49.695818],[6.780648,49.695587],[6.780302,49.69558],[6.778875,49.696452],[6.778182,49.696439],[6.777826,49.696657],[6.777479,49.69665],[6.776766,49.697086],[6.77642,49.69708],[6.776063,49.697298],[6.773638,49.697251],[6.773302,49.69702],[6.772956,49.697013],[6.77262,49.696782],[6.77158,49.696762],[6.771224,49.69698],[6.770531,49.696966],[6.770174,49.697184],[6.768789,49.697158],[6.767718,49.697812],[6.767372,49.697805],[6.767351,49.698254],[6.765925,49.699126],[6.765578,49.69912],[6.765221,49.699338],[6.765191,49.700012],[6.764834,49.70023],[6.764824,49.700455],[6.76516,49.700686],[6.765149,49.700911],[6.764793,49.701129],[6.764751,49.702027],[6.764395,49.702245],[6.764384,49.70247],[6.764028,49.702688],[6.764007,49.703137],[6.763293,49.703573],[6.763262,49.704248],[6.763599,49.704479],[6.763568,49.705153],[6.763211,49.705371],[6.764219,49.706065],[6.764566,49.706072]]}},
{"type":"Feature","properties":{"STRM_VAL":1.0,"max_accum":53763.0,"color":"#78a6d3","weight":2.2},"geometry":{"type":"LineString","coordinates":[[6.764566,49.706072],[6.764902,49.706303],[6.764881,49.706753],[6.764524,49.706971],[6.764861,49.707202],[6.764504,49.70742],[6.764493,49.707645],[6.76378,49.708081],[6.76377,49.708305],[6.763413,49.708523],[6.76333,49.710321],[6.763666,49.710552],[6.763656,49.710777],[6.764328,49.71124],[6.764675,49.711246],[6.765683,49.711941],[6.765673,49.712165],[6.766009,49.712397],[6.765989,49.712846],[6.765632,49.713064],[6.765968,49.713295],[6.765958,49.71352],[6.765601,49.713738],[6.765549,49.714862],[6.765193,49.71508],[6.765162,49.715754],[6.764805,49.715972],[6.764784,49.716421],[6.764427,49.716639],[6.764417,49.716864],[6.76406,49.717082],[6.764019,49.71798],[6.764355,49.718212],[6.764283,49.719785],[6.764619,49.720016],[6.764598,49.720465],[6.764935,49.720697],[6.764914,49.721146],[6.764557,49.721364],[6.764454,49.723611],[6.76479,49.723843],[6.764759,49.724517],[6.764045,49.724953],[6.764035,49.725177],[6.764371,49.725409],[6.764361,49.725633],[6.764004,49.725851],[6.763973,49.726525],[6.764309,49.726757],[6.764289,49.727206],[6.763932,49.727424],[6.764268,49.727656],[6.764247,49.728105],[6.76389,49.728323],[6.763818,49.729896],[6.763461,49.730114],[6.763451,49.730338],[6.762023,49.73121],[6.762013,49.731435],[6.761656,49.731653],[6.761645,49.731878],[6.760931,49.732314],[6.760585,49.732307],[6.759871,49.732743],[6.75986,49.732968],[6.759503,49.733186],[6.759462,49.734084],[6.759798,49.734316],[6.759084,49.734752],[6.759074,49.734977],[6.75836,49.735412],[6.758349,49.735637]]}},
{"type":"Feature","properties":{"STRM_VAL":1.0,"max_accum":346009.0,"color":"#527eaf","weight":3.15},"geometry":{"type":"LineString","coordinates":[[6.758349,49.735637],[6.758339,49.735862],[6.757982,49.73608],[6.757972,49.736305],[6.757615,49.736523],[6.757604,49.736747],[6.757247,49.736965],[6.756911,49.736734],[6.756564,49.736727],[6.756544,49.737176],[6.756187,49.737394],[6.756166,49.737844],[6.755809,49.738062],[6.755798,49.738286],[6.755452,49.73828],[6.755095,49.738498],[6.754748,49.738491],[6.75332,49.739363],[6.753309,49.739588],[6.752952,49.739805],[6.752606,49.739799],[6.751891,49.740235],[6.751545,49.740228],[6.751188,49.740446],[6.750841,49.740439],[6.750484,49.740657],[6.749444,49.740637],[6.749087,49.740855],[6.74875,49.740623],[6.747017,49.74059],[6.74666,49.740808],[6.746313,49.740801],[6.745956,49.741019],[6.745619,49.740787],[6.74563,49.740563],[6.74459,49.740542]]}},
{"type":"Feature","properties":{"STRM_VAL":1.0,"max_accum":288845.0,"color":"#5682b3","weight":3.06},"geometry":{"type":"LineString","coordinates":[[6.632547,49.689729],[6.63219,49.689946],[6.632168,49.690396],[6.631453,49.690831],[6.631442,49.691055],[6.630371,49.691708],[6.63036,49.691933],[6.629288,49.692586],[6.628595,49.692571],[6.628238,49.692789],[6.627199,49.692768],[6.626842,49.692985],[6.626506,49.692754],[6.62616,49.692746],[6.625803,49.692964],[6.625456,49.692957],[6.625121,49.692725],[6.624406,49.69316],[6.624071,49.692928],[6.623725,49.692921],[6.62301,49.693356],[6.621278,49.693321],[6.620943,49.693089],[6.620586,49.693307],[6.619547,49.693285],[6.619211,49.693054],[6.618519,49.693039],[6.618161,49.693257],[6.617469,49.693243],[6.616798,49.692779],[6.616083,49.693214],[6.615737,49.693207],[6.615066,49.692743],[6.61472,49.692736],[6.614363,49.692954],[6.614027,49.692722],[6.613335,49.692708],[6.612329,49.692012],[6.611971,49.69223],[6.611625,49.692223],[6.61129,49.691991],[6.610597,49.691976],[6.610262,49.691745],[6.606452,49.691666],[6.606117,49.691434],[6.605424,49.69142],[6.605089,49.691188],[6.603704,49.691159],[6.602989,49.691594],[6.602296,49.69158],[6.601939,49.691797],[6.6009,49.691776],[6.600185,49.692211],[6.599839,49.692204],[6.598767,49.692856],[6.597728,49.692835],[6.59737,49.693052],[6.595639,49.693016],[6.594566,49.693668],[6.593527,49.693647],[6.593192,49.693415],[6.592835,49.693632],[6.5925,49.693401],[6.592142,49.693618],[6.591807,49.693386],[6.590768,49.693365],[6.59041,49.693582],[6.590064,49.693575],[6.589707,49.693792],[6.588668,49.693771],[6.587238,49.69464],[6.584121,49.694575],[6.583763,49.694793],[6.583417,49.694786],[6.583082,49.694554],[6.582724,49.694771],[6.582032,49.694757],[6.581674,49.694974],[6.581328,49.694967],[6.58097,49.695184],[6.579931,49.695163],[6.579216,49.695597],[6.57916,49.696721],[6.578445,49.697156],[6.578434,49.69738],[6.578077,49.697598],[6.578066,49.697822],[6.577708,49.69804],[6.576367,49.697112],[6.576021,49.697105],[6.575351,49.696641],[6.574278,49.697293],[6.573932,49.697286],[6.573597,49.697054],[6.57325,49.697047],[6.572245,49.696351],[6.571898,49.696344],[6.570558,49.695416],[6.5702,49.695633],[6.569854,49.695626],[6.56954,49.701917],[6.569182,49.702134]]}},
{"type":"Feature","properties":{"STRM_VAL":1.0,"max_accum":83931.0,"color":"#6f9cca","weight":2.42},"geometry":{"type":"LineString","coordinates":[[6.960142,49.697764],[6.961182,49.697782],[6.961519,49.698013],[6.961865,49.698019],[6.963888,49.699404],[6.964234,49.69941],[6.966257,49.700795],[6.966144,49.703492],[6.965788,49.70371],[6.965779,49.703935],[6.965423,49.704154],[6.965413,49.704378],[6.965751,49.704609],[6.965713,49.705508],[6.966724,49.706201],[6.967071,49.706207],[6.967408,49.706437],[6.967755,49.706443],[6.968429,49.706905],[6.968419,49.70713],[6.970442,49.708515],[6.970424,49.708964],[6.970761,49.709195],[6.970733,49.709869],[6.971407,49.710331],[6.971388,49.71078],[6.972063,49.711242],[6.972053,49.711466],[6.973065,49.712159],[6.973411,49.712165],[6.973749,49.712396],[6.973739,49.71262],[6.974414,49.713082],[6.974367,49.714205],[6.974011,49.714424],[6.973955,49.715772],[6.973599,49.715991],[6.973571,49.716665],[6.973215,49.716884],[6.973552,49.717115],[6.973196,49.717333],[6.973187,49.717558],[6.972475,49.717995],[6.972466,49.71822],[6.97211,49.718439],[6.9721,49.718663],[6.971388,49.719101],[6.971042,49.719095],[6.970686,49.719313],[6.970339,49.719307],[6.969627,49.719745],[6.969618,49.719969],[6.969262,49.720188],[6.968915,49.720182],[6.968559,49.720401],[6.96855,49.720625],[6.968194,49.720844],[6.968128,49.722417],[6.967772,49.722636],[6.967763,49.72286],[6.966695,49.723516]]}},
{"type":"Feature","properties":{"STRM_VAL":1.0,"max_accum":98694.0,"color":"#6c99c7","weight":2.51},"geometry":{"type":"LineString","coordinates":[[6.966695,49.723516],[6.965308,49.723492],[6.964634,49.72303],[6.964287,49.723024],[6.96395,49.722793],[6.963594,49.723012],[6.963247,49.723006],[6.962573,49.722544],[6.962592,49.722095],[6.962254,49.721864],[6.960868,49.72184],[6.960512,49.722058],[6.959472,49.72204],[6.959116,49.722258],[6.958423,49.722246],[6.958067,49.722465],[6.957027,49.722446],[6.955959,49.723102],[6.955949,49.723327],[6.955603,49.723321],[6.954178,49.724195],[6.953832,49.724189],[6.953476,49.724408]]}},
{"type":"Feature","properties":{"STRM_VAL":1.0,"max_accum":122001.0,"color":"#6794c3","weight":2.62},"geometry":{"type":"LineString","coordinates":[[6.953476,49.724408],[6.95312,49.724626],[6.953101,49.725076],[6.951676,49.72595],[6.951667,49.726175],[6.951311,49.726393],[6.951301,49.726618],[6.950945,49.726837],[6.950907,49.727736],[6.950551,49.727954],[6.950542,49.728179],[6.950186,49.728397],[6.950523,49.728628],[6.94981,49.729065],[6.949464,49.729059],[6.949108,49.729278],[6.949098,49.729503],[6.948742,49.729721],[6.948695,49.730845],[6.947982,49.731282]]}},
{"type":"Feature","properties":{"STRM_VAL":1.0,"max_accum":129013.0,"color":"#6693c2","weight":2.64},"geometry":{"type":"LineString","coordinates":[[6.947982,49.731282],[6.947973,49.731507],[6.948647,49.731968],[6.948291,49.732187],[6.948272,49.732636],[6.947916,49.732855],[6.947907,49.73308],[6.94755,49.733298],[6.947541,49.733523],[6.946828,49.73396],[6.946819,49.734185],[6.947156,49.734416],[6.947147,49.73464],[6.945722,49.735515],[6.945375,49.735509],[6.945019,49.735727],[6.944326,49.735715],[6.943969,49.735933]]}},
{"type":"Feature","properties":{"STRM_VAL":1.0,"max_accum":144319.0,"color":"#6491c0","weight":2.7},"geometry":{"type":"LineString","coordinates":[[6.943969,49.735933],[6.942929,49.735915],[6.942573,49.736133],[6.94188,49.736121],[6.941523,49.73634],[6.941177,49.736334],[6.940464,49.736771],[6.940455,49.736995],[6.939742,49.737432],[6.939395,49.737426],[6.939039,49.737645],[6.93903,49.73787],[6.937643,49.737845],[6.937287,49.738063],[6.93694,49.738057],[6.936584,49.738276],[6.936237,49.73827],[6.935524,49.738707],[6.935515,49.738931],[6.935158,49.73915],[6.935149,49.739375],[6.934793,49.739593],[6.934099,49.739581],[6.933743,49.739799],[6.933396,49.739793],[6.93304,49.740012],[6.932693,49.740005],[6.932337,49.740224],[6.93199,49.740218],[6.931634,49.740436],[6.931287,49.74043],[6.930931,49.740649],[6.930584,49.740642],[6.930247,49.740411],[6.929891,49.74063],[6.929824,49.742203],[6.929467,49.742422],[6.929448,49.742871],[6.928023,49.743745],[6.927329,49.743733],[6.926973,49.743951],[6.925586,49.743926],[6.925249,49.743695],[6.924208,49.743677],[6.923871,49.743446],[6.923178,49.743433],[6.92284,49.743202],[6.922147,49.74319],[6.921791,49.743408],[6.921444,49.743402],[6.921087,49.743621],[6.921068,49.74407],[6.920712,49.744289],[6.920702,49.744513],[6.920346,49.744732],[6.920298,49.745855],[6.920635,49.746086],[6.920616,49.746536],[6.920953,49.746767],[6.92024,49.747204],[6.920231,49.747428],[6.919518,49.747865],[6.919171,49.747859],[6.918815,49.748078],[6.915693,49.748021],[6.915337,49.74824]]}},
{"type":"Feature","properties":{"STRM_VAL":1.0,"max_accum":154040.0,"color":"#638fbf","weight":2.74},"geometry":{"type":"LineString","coordinates":[[6.915337,49.74824],[6.914624,49.748677],[6.914605,49.749126],[6.914248,49.749345],[6.913902,49.749339],[6.913545,49.749557],[6.912505,49.749538],[6.912168,49.749307],[6.911821,49.749301],[6.911484,49.74907]]}},
{"type":"Feature","properties":{"STRM_VAL":1.0,"max_accum":186202.0,"color":"#5f8bbb","weight":2.83},"geometry":{"type":"LineString","coordinates":[[6.911484,49.74907],[6.911137,49.749064],[6.9108,49.748833],[6.909759,49.748814],[6.909403,49.749033],[6.909056,49.749026],[6.908699,49.749245],[6.90869,49.749469],[6.908333,49.749688],[6.908324,49.749913],[6.907967,49.750131],[6.90788,49.752153],[6.907524,49.752372],[6.907504,49.752821],[6.907148,49.75304],[6.907128,49.753489],[6.907466,49.75372],[6.907446,49.75417],[6.907783,49.754401],[6.907774,49.754625],[6.907417,49.754844],[6.907408,49.755068],[6.907051,49.755287],[6.907032,49.755736],[6.907369,49.755967],[6.90735,49.756417],[6.906637,49.756854],[6.906627,49.757078],[6.906964,49.757309],[6.906945,49.757759],[6.906588,49.757977],[6.906578,49.758202],[6.906222,49.75842],[6.905875,49.758414],[6.905518,49.758632],[6.904825,49.75862],[6.904112,49.759057],[6.903418,49.759044],[6.903061,49.759263],[6.902368,49.75925],[6.902011,49.759468],[6.90097,49.75945],[6.900633,49.759219],[6.900643,49.758994],[6.899602,49.758975],[6.899246,49.759193],[6.898899,49.759187],[6.897472,49.760061],[6.897463,49.760286],[6.897106,49.760504],[6.897443,49.760735],[6.897087,49.760953],[6.89674,49.760947],[6.89673,49.761172],[6.896374,49.76139],[6.896354,49.76184],[6.896691,49.762071],[6.896662,49.762745],[6.896999,49.762976],[6.89698,49.763425],[6.89591,49.76408],[6.896247,49.764311],[6.896228,49.764761],[6.895158,49.765416],[6.894811,49.76541],[6.893741,49.766065],[6.893721,49.766514],[6.893365,49.766733],[6.893355,49.766957],[6.891572,49.768049],[6.891513,49.769398],[6.89185,49.769629],[6.89184,49.769853],[6.893189,49.770777],[6.893536,49.770784],[6.893873,49.771015],[6.894567,49.771027],[6.894905,49.771258],[6.894875,49.771933],[6.895213,49.772164],[6.895154,49.773512],[6.894797,49.77373],[6.894778,49.77418]]}},
{"type":"Feature","properties":{"STRM_VAL":1.0,"max_accum":198325.0,"color":"#5d8aba","weight":2.86},"geometry":{"type":"LineString","coordinates":[[6.894778,49.77418],[6.894749,49.774854],[6.895086,49.775085],[6.895047,49.775984],[6.89469,49.776202],[6.894681,49.776427],[6.894324,49.776645],[6.894998,49.777107],[6.895692,49.77712],[6.896367,49.777582],[6.89601,49.7778],[6.896347,49.778031],[6.896338,49.778256],[6.896675,49.778487],[6.896655,49.778936],[6.896993,49.779167],[6.896964,49.779841],[6.897301,49.780072],[6.897291,49.780297],[6.897628,49.780528],[6.897619,49.780753],[6.897262,49.780971],[6.896915,49.780965],[6.896558,49.781183],[6.896211,49.781177],[6.895854,49.781396],[6.895507,49.781389],[6.895151,49.781608],[6.894804,49.781601],[6.89409,49.782038],[6.894032,49.783386],[6.894369,49.783617],[6.894359,49.783842],[6.894002,49.78406],[6.893993,49.784285]]}},
{"type":"Feature","properties":{"STRM_VAL":1.0,"max_accum":490526.0,"color":"#4b76a9","weight":3.33},"geometry":{"type":"LineString","coordinates":[[6.893993,49.784285],[6.893963,49.784959],[6.894301,49.78519],[6.894271,49.785864],[6.894609,49.786095],[6.894599,49.78632],[6.895274,49.786782],[6.895264,49.787007],[6.895601,49.787238],[6.895582,49.787687],[6.894868,49.788124],[6.894858,49.788349],[6.894502,49.788567],[6.894472,49.789241],[6.89481,49.789472],[6.89479,49.789922],[6.895465,49.790384],[6.895455,49.790609],[6.895802,49.790615],[6.897152,49.791539],[6.897499,49.791545],[6.897836,49.791776],[6.89853,49.791789],[6.898868,49.79202],[6.899215,49.792026],[6.899928,49.791589],[6.900276,49.791596],[6.900989,49.791159],[6.901336,49.791165],[6.901674,49.791396],[6.901615,49.792744],[6.900188,49.793618],[6.900178,49.793843],[6.900516,49.794074],[6.899802,49.79451],[6.899783,49.79496],[6.899069,49.795397],[6.899011,49.796745],[6.899685,49.797207],[6.900033,49.797213],[6.90037,49.797444],[6.900717,49.797451],[6.901392,49.797913],[6.901373,49.798362],[6.90171,49.798593],[6.901691,49.799042],[6.902365,49.799504],[6.902288,49.801302],[6.901931,49.80152],[6.901911,49.80197],[6.89977,49.80328],[6.899751,49.80373],[6.899394,49.803948],[6.899384,49.804173],[6.898313,49.804828],[6.898294,49.805278],[6.898631,49.805509],[6.898602,49.806183],[6.899952,49.807107],[6.900299,49.807113],[6.900637,49.807344],[6.904109,49.807407],[6.904446,49.807638],[6.904793,49.807644],[6.905806,49.808337],[6.906153,49.808343],[6.907166,49.809036],[6.907137,49.80971],[6.907474,49.809941],[6.907416,49.81129],[6.907754,49.811521],[6.907734,49.81197],[6.908429,49.811983],[6.908766,49.812214],[6.911544,49.812264],[6.911901,49.812045],[6.912914,49.812738],[6.912904,49.812963],[6.91358,49.813425],[6.91356,49.813874],[6.913898,49.814105],[6.913879,49.814555],[6.914891,49.815247],[6.915239,49.815254],[6.915576,49.815485],[6.916618,49.815503],[6.916975,49.815285],[6.918711,49.815316],[6.919387,49.815778],[6.922165,49.815828],[6.922522,49.815609],[6.923216,49.815622],[6.923573,49.815403],[6.924268,49.815416],[6.926632,49.817032],[6.926574,49.818381],[6.926912,49.818612],[6.927259,49.818618],[6.927934,49.81908],[6.928282,49.819086],[6.928619,49.819317],[6.928967,49.819323],[6.92998,49.820016],[6.930327,49.820022],[6.930665,49.820253],[6.931707,49.820271],[6.932045,49.820502],[6.932392,49.820509],[6.934418,49.821894],[6.934766,49.8219],[6.935103,49.822131],[6.935798,49.822143],[6.936869,49.821488],[6.936878,49.821263],[6.937949,49.820608],[6.939338,49.820632],[6.939676,49.820863],[6.939657,49.821313],[6.939995,49.821544],[6.939947,49.822667],[6.93959,49.822886],[6.939533,49.824234],[6.939176,49.824452],[6.939147,49.825127],[6.939485,49.825357],[6.939466,49.825807],[6.939109,49.826025],[6.93908,49.8267]]}},
{"type":"Feature","properties":{"STRM_VAL":1.0,"max_accum":503699.0,"color":"#4a76a8","weight":3.34},"geometry":{"type":"LineString","coordinates":[[6.93908,49.8267],[6.938367,49.827137],[6.938019,49.82713],[6.935878,49.828442],[6.935868,49.828666],[6.935511,49.828885],[6.935492,49.829334],[6.935135,49.829553],[6.935125,49.829777],[6.934768,49.829996],[6.93474,49.83067],[6.934383,49.830889],[6.934354,49.831563],[6.933997,49.831781],[6.933968,49.832455],[6.933611,49.832674],[6.933583,49.833348],[6.933226,49.833567],[6.933563,49.833798],[6.933911,49.833804],[6.934249,49.834035],[6.934115,49.837181],[6.933758,49.837399],[6.933748,49.837624],[6.933391,49.837842],[6.933381,49.838067],[6.93231,49.838723],[6.932301,49.838947],[6.930873,49.839821],[6.930844,49.840495],[6.929416,49.841369],[6.929406,49.841594],[6.929059,49.841588],[6.928721,49.841357],[6.928364,49.841576],[6.928344,49.842025],[6.927987,49.842243],[6.927968,49.842693],[6.927611,49.842911],[6.927592,49.843361],[6.927235,49.843579],[6.927215,49.844029],[6.926858,49.844247],[6.926839,49.844697],[6.926482,49.844915],[6.926453,49.845589]]}},
{"type":"Feature","properties":{"STRM_VAL":1.0,"max_accum":3377552.0,"color":"#234d84","weight":4.31},"geometry":{"type":"LineString","coordinates":[[6.926453,49.845589],[6.926096,49.845808],[6.926086,49.846032],[6.925729,49.846251],[6.92572,49.846476],[6.925363,49.846694],[6.925314,49.847818],[6.924957,49.848036],[6.924948,49.848261],[6.924591,49.848479],[6.924562,49.849154],[6.924205,49.849372],[6.924195,49.849597],[6.923838,49.849815],[6.923819,49.850265],[6.924156,49.850496],[6.923799,49.850714],[6.923761,49.851613],[6.924099,49.851844],[6.923741,49.852062],[6.923732,49.852287],[6.923384,49.852281],[6.923355,49.852955],[6.922998,49.853173],[6.922989,49.853398],[6.922274,49.853835],[6.922265,49.85406],[6.92155,49.854497],[6.921531,49.854946],[6.920459,49.855602],[6.92045,49.855826],[6.919735,49.856263],[6.919388,49.856257],[6.917601,49.857349],[6.917254,49.857343],[6.916897,49.857561],[6.915159,49.85753],[6.914821,49.857299],[6.913083,49.857268],[6.912368,49.857705],[6.912359,49.85793],[6.912002,49.858148],[6.911992,49.858373],[6.911644,49.858366],[6.908786,49.860114],[6.909124,49.860345],[6.909114,49.86057],[6.908757,49.860788],[6.909095,49.861019],[6.909075,49.861468],[6.906931,49.862779],[6.906863,49.864352],[6.906149,49.864789],[6.906139,49.865014],[6.905782,49.865232],[6.905434,49.865226],[6.905077,49.865444],[6.903686,49.865419],[6.903348,49.865188],[6.901958,49.865163],[6.901243,49.8656],[6.900548,49.865587],[6.90019,49.865805],[6.900528,49.866036],[6.900171,49.866255],[6.899823,49.866249],[6.899485,49.866018],[6.899128,49.866236],[6.89739,49.866204],[6.896675,49.866641],[6.896337,49.86641],[6.89598,49.866629],[6.895284,49.866616],[6.89457,49.867053]]}},
{"type":"Feature","properties":{"STRM_VAL":1.0,"max_accum":76821.0,"color":"#719ecc","weight":2.38},"geometry":{"type":"LineString","coordinates":[[6.552315,49.692783],[6.55265,49.693015],[6.552996,49.693022],[6.553666,49.693486],[6.554024,49.693269],[6.55437,49.693276],[6.554705,49.693508],[6.555052,49.693515],[6.555387,49.693747],[6.555375,49.693972],[6.556381,49.694668],[6.556369,49.694892],[6.556704,49.695124],[6.556347,49.695342],[6.556336,49.695566],[6.556671,49.695798],[6.556313,49.696016],[6.556983,49.69648],[6.556916,49.697828],[6.557921,49.698524],[6.55791,49.698748],[6.558245,49.69898],[6.559284,49.699002],[6.559999,49.698567],[6.560345,49.698575],[6.56068,49.698807],[6.561373,49.698821],[6.561362,49.699046],[6.562367,49.699742],[6.562356,49.699966],[6.562702,49.699974],[6.563037,49.700206],[6.563026,49.70043],[6.564412,49.700459],[6.564747,49.700691],[6.565786,49.700713],[6.566791,49.701409]]}},
{"type":"Feature","properties":{"STRM_VAL":1.0,"max_accum":265251.0,"color":"#5783b5","weight":3.01},"geometry":{"type":"LineString","coordinates":[[6.721312,49.696683],[6.721648,49.696914],[6.721994,49.696921],[6.722351,49.696703],[6.722687,49.696935],[6.723726,49.696955],[6.72507,49.697881],[6.726109,49.697901],[6.726445,49.698133]]}},
{"type":"Feature","properties":{"STRM_VAL":1.0,"max_accum":19578.0,"color":"#8dbbe6","weight":1.68},"geometry":{"type":"LineString","coordinates":[[6.815759,49.701202],[6.815423,49.700971],[6.815076,49.700964],[6.81474,49.700733],[6.814393,49.700726],[6.813048,49.699801],[6.812702,49.699795],[6.812029,49.699332],[6.811683,49.699326],[6.811346,49.699095],[6.811,49.699088],[6.810327,49.698625],[6.809981,49.698619],[6.809308,49.698156],[6.808615,49.698143],[6.808279,49.697912],[6.807586,49.697899],[6.80723,49.698117],[6.806537,49.698104]]}},
{"type":"Feature","properties":{"STRM_VAL":1.0,"max_accum":26952.0,"color":"#86b5e0","weight":1.84},"geometry":{"type":"LineString","coordinates":[[7.042603,49.707733],[7.042257,49.707727],[7.041919,49.707497],[7.041573,49.707491],[7.041235,49.70726],[7.040196,49.707243],[7.03984,49.707461],[7.038108,49.707432],[7.037396,49.70787],[7.03705,49.707864],[7.035983,49.70852],[7.035974,49.708745],[7.035618,49.708964],[7.035609,49.709189],[7.034542,49.709845],[7.034506,49.710744],[7.033795,49.711182],[7.033768,49.711856],[7.033056,49.712294],[7.033047,49.712519],[7.032692,49.712737],[7.032664,49.713412],[7.03053,49.714725],[7.030521,49.714949],[7.030166,49.715168],[7.030157,49.715393],[7.029801,49.715612],[7.029792,49.715836],[7.029436,49.716055],[7.0294,49.716954],[7.029044,49.717173],[7.029026,49.717623],[7.02867,49.717841],[7.028661,49.718066],[7.028305,49.718285],[7.028287,49.718734],[7.027931,49.718953],[7.027904,49.719627],[7.026481,49.720503],[7.026472,49.720727],[7.025405,49.721384]]}},
{"type":"Feature","properties":{"STRM_VAL":1.0,"max_accum":64968.0,"color":"#74a2cf","weight":2.29},"geometry":{"type":"LineString","coordinates":[[7.025405,49.721384],[7.025049,49.721603],[7.024009,49.721585],[7.023672,49.721354],[7.020899,49.721307],[7.020543,49.721526],[7.01881,49.721496],[7.018454,49.721715],[7.018107,49.721709],[7.017752,49.721928],[7.011512,49.721821],[7.011156,49.72204],[7.01081,49.722034],[7.010454,49.722252],[7.010107,49.722246],[7.008684,49.723121],[7.008675,49.723346],[7.007607,49.724002],[7.007261,49.723997],[7.006905,49.724215],[7.005172,49.724185],[7.004816,49.724404],[7.004807,49.724629],[7.004451,49.724848],[7.004441,49.725072],[7.004086,49.725291],[7.004076,49.725516],[7.00372,49.725735],[7.003711,49.725959],[7.002288,49.726834],[7.001941,49.726828],[7.001585,49.727047],[6.999505,49.727011],[6.999168,49.72678],[6.998821,49.726774],[6.998484,49.726544],[6.997444,49.726526],[6.997106,49.726295],[6.99676,49.726289],[6.996404,49.726508],[6.993977,49.726466],[6.99364,49.726235],[6.992253,49.726211],[6.991916,49.72598],[6.991569,49.725974],[6.991232,49.725744],[6.989845,49.725719],[6.989508,49.725489],[6.989161,49.725483],[6.988824,49.725252],[6.987784,49.725234],[6.987446,49.725003],[6.986406,49.724985],[6.986051,49.725204],[6.985713,49.724973],[6.985722,49.724748],[6.985376,49.724742],[6.98502,49.724961],[6.984683,49.72473],[6.984692,49.724505],[6.984345,49.724499],[6.983277,49.725155],[6.982237,49.725137],[6.981525,49.725575],[6.981516,49.725799],[6.98116,49.726018]]}},
{"type":"Feature","properties":{"STRM_VAL":1.0,"max_accum":83931.0,"color":"#6f9cca","weight":2.42},"geometry":{"type":"LineString","coordinates":[[6.98116,49.726018],[6.980804,49.726237],[6.98013,49.725775],[6.979774,49.725994],[6.978387,49.72597],[6.977319,49.726626],[6.976279,49.726608],[6.975923,49.726826],[6.975586,49.726595],[6.971079,49.726517],[6.96973,49.725593],[6.969383,49.725587],[6.969393,49.725363],[6.969056,49.725132],[6.969065,49.724907],[6.968728,49.724676],[6.969084,49.724458],[6.967735,49.723534],[6.966695,49.723516]]}},
{"type":"Feature","properties":{"STRM_VAL":1.0,"max_accum":122001.0,"color":"#6794c3","weight":2.62},"geometry":{"type":"LineString","coordinates":[[6.908743,49.707866],[6.908387,49.708085],[6.908349,49.708984],[6.909022,49.709446],[6.909013,49.70967],[6.91036,49.710594],[6.910707,49.7106],[6.911044,49.710831],[6.912083,49.71085],[6.912439,49.710632],[6.914124,49.711787],[6.914105,49.712236],[6.914778,49.712698],[6.914769,49.712923],[6.915106,49.713154],[6.915096,49.713378],[6.916107,49.714071],[6.916097,49.714296],[6.916771,49.714758],[6.916752,49.715207],[6.917089,49.715438],[6.917079,49.715663],[6.91809,49.716356],[6.91808,49.71658],[6.918417,49.716811],[6.918764,49.716818],[6.919438,49.717279],[6.920478,49.717298],[6.920815,49.717529],[6.921854,49.717548],[6.922211,49.717329],[6.922904,49.717342],[6.923241,49.717573],[6.924974,49.717604],[6.92533,49.717385],[6.925667,49.717616],[6.925657,49.717841],[6.92635,49.717853],[6.926687,49.718084],[6.927381,49.718097],[6.928392,49.718789],[6.928382,49.719014],[6.928719,49.719245],[6.928709,49.71947],[6.929047,49.719701],[6.929027,49.72015],[6.929364,49.720381],[6.929355,49.720606],[6.930029,49.721067],[6.930376,49.721074],[6.930713,49.721305],[6.931059,49.721311],[6.93207,49.722003],[6.932417,49.72201],[6.933091,49.722471],[6.933438,49.722478],[6.934112,49.722939],[6.934459,49.722946],[6.934449,49.72317],[6.937483,49.725248],[6.93783,49.725255],[6.938841,49.725947],[6.939188,49.725953],[6.940199,49.726646],[6.940546,49.726652],[6.941894,49.727576],[6.942241,49.727582],[6.942578,49.727813],[6.943965,49.727837],[6.944302,49.728068],[6.944648,49.728074],[6.944986,49.728305],[6.944976,49.72853],[6.94565,49.728992],[6.945997,49.728998],[6.946334,49.729229],[6.946681,49.729235],[6.947355,49.729697],[6.947702,49.729703],[6.948039,49.729934],[6.948011,49.730608],[6.947655,49.730826],[6.947645,49.731051],[6.947982,49.731282]]}},
{"type":"Feature","properties":{"STRM_VAL":1.0,"max_accum":35322.0,"color":"#81afdb","weight":1.98},"geometry":{"type":"LineString","coordinates":[[6.777772,49.705427],[6.777426,49.70542],[6.77709,49.705189],[6.775704,49.705162],[6.775368,49.704931],[6.775021,49.704924],[6.774685,49.704693],[6.769142,49.704586],[6.768428,49.705022],[6.767735,49.705009],[6.767399,49.704777],[6.767409,49.704552],[6.767073,49.704321],[6.766727,49.704314],[6.766706,49.704764],[6.76635,49.704982],[6.76531,49.704962],[6.764597,49.705398],[6.764933,49.705629],[6.764576,49.705847],[6.764566,49.706072]]}},
{"type":"Feature","properties":{"STRM_VAL":1.0,"max_accum":98694.0,"color":"#6c99c7","weight":2.51},"geometry":{"type":"LineString","coordinates":[[6.942664,49.709374],[6.945023,49.71099],[6.945369,49.710996],[6.947055,49.71215],[6.947045,49.712375],[6.947382,49.712606],[6.947363,49.713055],[6.947701,49.713286],[6.947644,49.714634],[6.947981,49.714865],[6.947971,49.71509],[6.94932,49.716013],[6.94931,49.716238],[6.950322,49.716931],[6.950293,49.717605],[6.95063,49.717836],[6.950621,49.71806],[6.950265,49.718279],[6.950255,49.718504],[6.949899,49.718722],[6.94988,49.719172],[6.949168,49.719609],[6.949149,49.720058],[6.951509,49.721674],[6.9515,49.721899],[6.953186,49.723053],[6.953148,49.723952],[6.953485,49.724183],[6.953476,49.724408]]}},
{"type":"Feature","properties":{"STRM_VAL":1.0,"max_accum":58301.0,"color":"#76a4d1","weight":2.24},"geometry":{"type":"LineString","coordinates":[[6.653001,49.704089],[6.653672,49.704552],[6.653661,49.704777],[6.654668,49.705472],[6.654657,49.705696],[6.655664,49.706392],[6.655545,49.708863],[6.655881,49.709095],[6.655859,49.709544],[6.656195,49.709776],[6.656184,49.71],[6.65652,49.710232],[6.656509,49.710457],[6.656844,49.710688],[6.656834,49.710913],[6.657169,49.711145],[6.657148,49.711594],[6.658155,49.712289],[6.658122,49.712963],[6.658458,49.713195],[6.658436,49.713644],[6.658772,49.713876],[6.658761,49.714101],[6.659097,49.714332],[6.659075,49.714782],[6.659411,49.715013],[6.659389,49.715463],[6.659725,49.715694],[6.659714,49.715919],[6.661393,49.717077],[6.661382,49.717302],[6.665411,49.720082],[6.665757,49.720089],[6.668108,49.721711],[6.668097,49.721935],[6.669104,49.72263],[6.669451,49.722637],[6.66943,49.723087],[6.669765,49.723318],[6.669755,49.723543],[6.670762,49.724238],[6.670751,49.724463],[6.671087,49.724694],[6.671076,49.724919],[6.671748,49.725382],[6.671716,49.726056],[6.672051,49.726288],[6.671998,49.727411],[6.672334,49.727643],[6.672312,49.728092],[6.672648,49.728324],[6.672637,49.728549],[6.672973,49.72878],[6.67332,49.728787],[6.673656,49.729019],[6.673645,49.729244],[6.674316,49.729707],[6.674306,49.729932],[6.674642,49.730163],[6.674631,49.730388],[6.674967,49.730619],[6.674924,49.731518],[6.674566,49.731736],[6.674545,49.732185],[6.674188,49.732403],[6.674177,49.732628],[6.673819,49.732845],[6.673473,49.732838],[6.673462,49.733063],[6.673105,49.733281],[6.673083,49.73373],[6.672368,49.734166],[6.672358,49.73439],[6.672,49.734608],[6.67199,49.734833],[6.670917,49.735486],[6.670907,49.73571],[6.669834,49.736363],[6.669813,49.736813],[6.668383,49.737684],[6.668036,49.737677],[6.667701,49.737445],[6.666986,49.73788],[6.666292,49.737866],[6.665577,49.738302],[6.664884,49.738288],[6.664548,49.738056],[6.664191,49.738274],[6.661417,49.738218],[6.661082,49.737986],[6.660388,49.737972],[6.660031,49.73819],[6.659337,49.738176],[6.658622,49.738611],[6.658276,49.738604],[6.657561,49.739039],[6.65755,49.739264],[6.656835,49.739699],[6.656488,49.739692],[6.656131,49.73991],[6.655784,49.739903],[6.654712,49.740556],[6.65469,49.741005],[6.654332,49.741223],[6.654311,49.741672],[6.653953,49.74189],[6.653932,49.742339],[6.653574,49.742557],[6.65391,49.742789],[6.653867,49.743687]]}},
{"type":"Feature","properties":{"STRM_VAL":1.0,"max_accum":26995.0,"color":"#86b5e0","weight":1.84},"geometry":{"type":"LineString","coordinates":[[6.827178,49.72503],[6.827128,49.726154],[6.827464,49.726385],[6.827444,49.726834],[6.827088,49.727052],[6.827078,49.727277],[6.827751,49.72774],[6.828098,49.727746],[6.828434,49.727977],[6.828374,49.729325],[6.828711,49.729557],[6.828701,49.729781],[6.829037,49.730013],[6.829017,49.730462],[6.829354,49.730693],[6.829344,49.730918],[6.82968,49.731149],[6.82963,49.732273],[6.829977,49.732279],[6.830314,49.73251],[6.830294,49.73296],[6.831303,49.733653],[6.831263,49.734552]]}},
{"type":"Feature","properties":{"STRM_VAL":1.0,"max_accum":38519.0,"color":"#7fadd9","weight":2.03},"geometry":{"type":"LineString","coordinates":[[6.831263,49.734552],[6.830907,49.73477],[6.830887,49.73522],[6.83053,49.735438],[6.8305,49.736112],[6.830143,49.73633],[6.830053,49.738352],[6.83039,49.738584],[6.83038,49.738808],[6.831053,49.739271],[6.830953,49.741518],[6.831289,49.741749],[6.831279,49.741974],[6.831616,49.742205],[6.831596,49.742654],[6.831239,49.742872],[6.831209,49.743547],[6.830853,49.743765],[6.830843,49.743989],[6.831516,49.744452],[6.831486,49.745126],[6.831129,49.745344],[6.831119,49.745569],[6.830406,49.746005],[6.830396,49.74623],[6.830039,49.746448],[6.828652,49.746422],[6.828295,49.74664],[6.827948,49.746634],[6.827591,49.746852],[6.826898,49.746839],[6.826184,49.747275],[6.825837,49.747269],[6.825481,49.747487],[6.825134,49.747481],[6.824777,49.747699],[6.82443,49.747692],[6.823003,49.748565],[6.822963,49.749464],[6.823636,49.749926],[6.823596,49.750825],[6.823239,49.751043],[6.823576,49.751274]]}},
{"type":"Feature","properties":{"STRM_VAL":1.0,"max_accum":70796.0,"color":"#72a0cd","weight":2.34},"geometry":{"type":"LineString","coordinates":[[6.823576,49.751274],[6.823912,49.751506],[6.823902,49.75173],[6.824239,49.751961],[6.824229,49.752186],[6.824566,49.752417],[6.824526,49.753316],[6.824862,49.753547],[6.824842,49.753997],[6.825179,49.754228],[6.825169,49.754453],[6.825506,49.754684],[6.825476,49.755358],[6.825812,49.755589],[6.825752,49.756937],[6.825038,49.757374],[6.825028,49.757599],[6.825365,49.75783],[6.825355,49.758054],[6.824998,49.758273],[6.824958,49.759171],[6.824601,49.75939],[6.824581,49.759839],[6.824224,49.760057],[6.824561,49.760288],[6.82447,49.762311],[6.824807,49.762542],[6.824797,49.762767],[6.824083,49.763203],[6.823736,49.763196],[6.823379,49.763415],[6.823369,49.763639],[6.823012,49.763857],[6.823002,49.764082],[6.822288,49.764519],[6.821941,49.764512],[6.819799,49.765821],[6.819779,49.76627],[6.818708,49.766925],[6.817668,49.766905],[6.817311,49.767123],[6.815923,49.767097],[6.815566,49.767315],[6.815219,49.767309],[6.814505,49.767745],[6.814495,49.76797],[6.814138,49.768188],[6.813801,49.767957],[6.813444,49.768175],[6.813097,49.768168],[6.81274,49.768387],[6.810659,49.768347],[6.810302,49.768565],[6.809955,49.768559],[6.809598,49.768777],[6.809251,49.76877],[6.808894,49.768989],[6.808547,49.768982],[6.80819,49.7692],[6.807843,49.769194],[6.806772,49.769848],[6.806425,49.769841],[6.806068,49.770059],[6.803986,49.77002],[6.803629,49.770238],[6.803619,49.770463],[6.803272,49.770456],[6.802915,49.770674],[6.80118,49.770641],[6.800823,49.77086],[6.800476,49.770853],[6.799048,49.771725],[6.798701,49.771719],[6.798364,49.771487],[6.797323,49.771468],[6.796966,49.771686],[6.796619,49.771679],[6.795946,49.771217],[6.795599,49.77121],[6.794925,49.770747],[6.794578,49.770741],[6.794241,49.770509],[6.793895,49.770503],[6.793558,49.770272],[6.792864,49.770258],[6.791854,49.769564],[6.790466,49.769538],[6.790109,49.769756],[6.789762,49.769749],[6.789048,49.770186],[6.785925,49.770126],[6.784854,49.77078],[6.784507,49.770773],[6.78417,49.770542],[6.783823,49.770535]]}},
{"type":"Feature","properties":{"STRM_VAL":1.0,"max_accum":2282709.0,"color":"#2b558c","weight":4.11},"geometry":{"type":"LineString","coordinates":[[6.783823,49.770535],[6.783466,49.770754],[6.783456,49.770978],[6.782384,49.771632],[6.782374,49.771857],[6.78166,49.772293],[6.78165,49.772518],[6.780956,49.772505],[6.780598,49.772723],[6.780588,49.772947],[6.779874,49.773383],[6.779864,49.773608],[6.779149,49.774044],[6.779139,49.774269],[6.778782,49.774487],[6.779118,49.774718],[6.779098,49.775168],[6.77874,49.775386],[6.77872,49.775835],[6.778005,49.776271],[6.777985,49.77672],[6.77727,49.777157],[6.776923,49.77715],[6.776566,49.777368],[6.776903,49.777599],[6.776546,49.777817],[6.776525,49.778267],[6.776168,49.778485],[6.776157,49.778709],[6.775443,49.779145],[6.775433,49.77937],[6.774718,49.779806],[6.774708,49.780031],[6.77435,49.780249],[6.77434,49.780474],[6.773268,49.781128],[6.773605,49.781359],[6.773553,49.782482],[6.77389,49.782714],[6.773533,49.782932],[6.773502,49.783606],[6.774849,49.784531],[6.774818,49.785205],[6.774461,49.785423],[6.774419,49.786322],[6.774062,49.78654],[6.774052,49.786765],[6.773694,49.786983],[6.773612,49.78878],[6.773949,49.789012],[6.773938,49.789237],[6.774275,49.789468],[6.774265,49.789693],[6.774602,49.789924],[6.774949,49.789931],[6.774897,49.791054],[6.77454,49.791272],[6.774519,49.791721],[6.774856,49.791953],[6.774825,49.792627],[6.776172,49.793552],[6.776152,49.794002],[6.776825,49.794464],[6.776794,49.795138],[6.777468,49.795601],[6.777815,49.795608],[6.777805,49.795832],[6.778142,49.796064],[6.778101,49.796963],[6.778437,49.797194],[6.778427,49.797419],[6.778764,49.79765],[6.778754,49.797875],[6.779427,49.798337],[6.779774,49.798344],[6.780785,49.799038],[6.780764,49.799487],[6.781101,49.799719],[6.781091,49.799943],[6.782102,49.800637],[6.782081,49.801087],[6.782418,49.801318],[6.783112,49.801331],[6.784123,49.802025],[6.787247,49.802085]]}},
{"type":"Feature","properties":{"STRM_VAL":1.0,"max_accum":26952.0,"color":"#86b5e0","weight":1.84},"geometry":{"type":"LineString","coordinates":[[7.056162,49.732924],[7.055149,49.732232],[7.054802,49.732226],[7.054464,49.731995],[7.054118,49.73199],[7.053442,49.731529],[7.052749,49.731517],[7.052411,49.731286],[7.051371,49.731269],[7.051033,49.731038],[7.050687,49.731032],[7.050349,49.730802],[7.048962,49.730778],[7.048606,49.730997],[7.04826,49.730992],[7.047922,49.730761],[7.047575,49.730755],[7.047238,49.730525],[7.046891,49.730519],[7.046553,49.730288],[7.045513,49.730271],[7.045175,49.73004],[7.044135,49.730022],[7.043798,49.729792],[7.043451,49.729786],[7.0421,49.728864],[7.04211,49.728639],[7.039746,49.727025],[7.039399,49.727019],[7.039062,49.726788],[7.038715,49.726782],[7.038378,49.726552],[7.037684,49.72654],[7.036671,49.725848],[7.035978,49.725836],[7.03564,49.725606],[7.035294,49.7256],[7.034956,49.725369],[7.034263,49.725358],[7.03325,49.724666],[7.032904,49.72466],[7.031891,49.723968],[7.0319,49.723743],[7.031562,49.723513],[7.031216,49.723507],[7.030878,49.723276],[7.030185,49.723264],[7.029847,49.723034],[7.029501,49.723028],[7.029163,49.722797],[7.028817,49.722791],[7.028479,49.722561],[7.028488,49.722336],[7.028151,49.722105],[7.027457,49.722093],[7.02712,49.721863],[7.026764,49.722082],[7.026426,49.721851],[7.02608,49.721845],[7.025405,49.721384]]}},
{"type":"Feature","properties":{"STRM_VAL":1.0,"max_accum":53763.0,"color":"#78a6d3","weight":2.2},"geometry":{"type":"LineString","coordinates":[[6.783658,49.728478],[6.783312,49.728471],[6.782955,49.72869],[6.781568,49.728663],[6.781232,49.728432],[6.780885,49.728425],[6.780549,49.728194],[6.780202,49.728187],[6.779866,49.727956],[6.778479,49.727929],[6.778143,49.727698],[6.777103,49.727678],[6.776767,49.727446],[6.775727,49.727426],[6.775013,49.727863],[6.774667,49.727856],[6.773953,49.728292],[6.773606,49.728285],[6.773249,49.728503],[6.772556,49.72849],[6.771485,49.729144],[6.771139,49.729137],[6.770782,49.729355],[6.770771,49.72958],[6.770058,49.730016],[6.770047,49.730241],[6.76969,49.730459],[6.76968,49.730684],[6.769323,49.730902],[6.769313,49.731126],[6.768956,49.731344],[6.768935,49.731794],[6.76715,49.732884],[6.766804,49.732877],[6.76609,49.733313],[6.766079,49.733538],[6.765366,49.733974],[6.763979,49.733947],[6.763622,49.734165],[6.763275,49.734158],[6.762561,49.734594],[6.762215,49.734587],[6.761858,49.734805],[6.761511,49.734799],[6.760797,49.735235],[6.76045,49.735228],[6.760093,49.735446],[6.759747,49.735439],[6.75939,49.735657],[6.758349,49.735637]]}},
{"type":"Feature","properties":{"STRM_VAL":1.0,"max_accum":402129.0,"color":"#4f7aad","weight":3.23},"geometry":{"type":"LineString","coordinates":[[6.570117,49.725093],[6.570475,49.724876],[6.570486,49.724651],[6.571559,49.723999],[6.571582,49.723549],[6.571939,49.723332],[6.572979,49.723354],[6.574052,49.722702],[6.575092,49.722723],[6.57545,49.722506],[6.575785,49.722738],[6.576143,49.722521],[6.576489,49.722528],[6.576847,49.72231],[6.577193,49.722318],[6.577551,49.7221],[6.577898,49.722108],[6.578255,49.72189],[6.578267,49.721665],[6.57934,49.721013],[6.579686,49.72102],[6.580402,49.720586],[6.580413,49.720361],[6.580771,49.720144],[6.581117,49.720151],[6.581452,49.720383],[6.581799,49.72039],[6.582157,49.720172],[6.582503,49.72018],[6.582838,49.720412],[6.583531,49.720426],[6.584202,49.72089],[6.584191,49.721115],[6.585231,49.721136],[6.586661,49.720266],[6.589433,49.720324],[6.590864,49.719454],[6.590875,49.71923],[6.59054,49.718998],[6.590562,49.718549],[6.59092,49.718331],[6.590942,49.717882],[6.5913,49.717664],[6.591646,49.717672],[6.591668,49.717222],[6.592015,49.717229],[6.59235,49.717461],[6.592697,49.717468],[6.593367,49.717932],[6.593714,49.717939],[6.594072,49.717722],[6.596151,49.717765],[6.596486,49.717997],[6.597179,49.718011],[6.597514,49.718243],[6.597861,49.71825],[6.599873,49.719642],[6.600566,49.719656],[6.602579,49.721047],[6.602568,49.721272],[6.602904,49.721503],[6.602881,49.721953],[6.604223,49.72288],[6.604179,49.723779],[6.602749,49.724649],[6.602738,49.724873],[6.60238,49.725091],[6.602347,49.725765],[6.603353,49.72646],[6.603711,49.726243],[6.604046,49.726475],[6.604013,49.727149],[6.607033,49.729235],[6.607379,49.729242],[6.607715,49.729474],[6.608408,49.729489],[6.60975,49.730416],[6.609739,49.730641],[6.610075,49.730872],[6.610768,49.730887],[6.610779,49.730662],[6.611137,49.730445],[6.611483,49.730452],[6.611841,49.730234],[6.611852,49.73001],[6.612199,49.730017],[6.612914,49.729582],[6.613607,49.729596],[6.614278,49.73006],[6.614256,49.730509],[6.614592,49.730741],[6.614581,49.730965],[6.614916,49.731197],[6.614894,49.731646],[6.614179,49.732082],[6.614168,49.732306],[6.61381,49.732524],[6.613689,49.734995],[6.615367,49.736154],[6.618834,49.736225],[6.619505,49.736689],[6.619494,49.736914],[6.61983,49.737145],[6.619472,49.737363],[6.619808,49.737595],[6.620154,49.737602],[6.621161,49.738297],[6.621508,49.738304],[6.621844,49.738536],[6.622537,49.73855],[6.622894,49.738333],[6.623934,49.738354],[6.624292,49.738137],[6.624628,49.738368],[6.624985,49.738151],[6.625321,49.738383],[6.627054,49.738418],[6.627412,49.738201]]}},
{"type":"Feature","properties":{"STRM_VAL":1.0,"max_accum":154040.0,"color":"#638fbf","weight":2.74},"geometry":{"type":"LineString","coordinates":[[6.902105,49.733158],[6.902086,49.733608],[6.903097,49.734301],[6.903087,49.734526],[6.905109,49.735912],[6.905099,49.736136],[6.905436,49.736367],[6.905783,49.736373],[6.90612,49.736604],[6.90611,49.736829],[6.906785,49.737291],[6.907478,49.737304],[6.908826,49.738228],[6.908768,49.739576],[6.909105,49.739807],[6.909076,49.740481],[6.909413,49.740712],[6.909404,49.740937],[6.910415,49.74163],[6.910762,49.741636],[6.913459,49.743484],[6.913372,49.745506],[6.913709,49.745737],[6.913632,49.747535],[6.913275,49.747753],[6.913256,49.748202],[6.9129,49.748421],[6.912553,49.748415],[6.911484,49.74907]]}},
{"type":"Feature","properties":{"STRM_VAL":1.0,"max_accum":34244.0,"color":"#81afdb","weight":1.97},"geometry":{"type":"LineString","coordinates":[[6.686448,49.72995],[6.686101,49.729943]]}},
{"type":"Feature","properties":{"STRM_VAL":1.0,"max_accum":68376.0,"color":"#73a1ce","weight":2.32},"geometry":{"type":"LineString","coordinates":[[6.642072,49.72928],[6.642743,49.729743],[6.642732,49.729968],[6.643739,49.730663],[6.643728,49.730888],[6.643371,49.731105],[6.643707,49.731337],[6.643696,49.731562],[6.642266,49.732432],[6.642602,49.732664],[6.642591,49.732888],[6.642233,49.733106],[6.642569,49.733338],[6.642211,49.733555],[6.642547,49.733787],[6.642536,49.734012],[6.641464,49.734665],[6.641128,49.734433],[6.64077,49.73465],[6.640749,49.7351],[6.640391,49.735317],[6.64038,49.735542],[6.640023,49.73576],[6.640001,49.736209],[6.639286,49.736644],[6.638939,49.736637],[6.638224,49.737072],[6.63856,49.737304],[6.637487,49.737957],[6.63714,49.73795],[6.636425,49.738385],[6.635732,49.738371],[6.635666,49.739719],[6.634626,49.739698],[6.634269,49.739915],[6.633922,49.739908],[6.633564,49.740126],[6.633543,49.740575],[6.633878,49.740807],[6.633867,49.741031],[6.634203,49.741263],[6.633845,49.741481],[6.633499,49.741474],[6.632784,49.741909],[6.632437,49.741902],[6.632101,49.74167],[6.631754,49.741663],[6.631743,49.741888],[6.631386,49.742105],[6.63105,49.741873],[6.630357,49.741859],[6.628569,49.742947]]}},
{"type":"Feature","properties":{"STRM_VAL":1.0,"max_accum":26995.0,"color":"#86b5e0","weight":1.84},"geometry":{"type":"LineString","coordinates":[[6.865644,49.733842],[6.864604,49.733822],[6.864248,49.734041],[6.863911,49.73381],[6.863564,49.733803],[6.863228,49.733572],[6.862534,49.733559],[6.862197,49.733328],[6.861157,49.733309],[6.860801,49.733527],[6.860454,49.733521],[6.859741,49.733957],[6.858008,49.733925],[6.857671,49.733694],[6.855591,49.733656],[6.855254,49.733425],[6.854907,49.733418],[6.854571,49.733187],[6.854224,49.733181],[6.85355,49.732718],[6.853204,49.732712],[6.852867,49.732481],[6.850787,49.732442],[6.849717,49.733097],[6.84937,49.733091],[6.849014,49.733309],[6.84832,49.733296],[6.847984,49.733065],[6.846944,49.733046],[6.84623,49.733482],[6.845884,49.733476],[6.844814,49.73413],[6.842734,49.734092],[6.842397,49.73386],[6.837197,49.733763],[6.83686,49.733532],[6.834087,49.73348],[6.83373,49.733699],[6.833037,49.733686],[6.832323,49.734122],[6.831977,49.734116],[6.831263,49.734552]]}},
{"type":"Feature","properties":{"STRM_VAL":1.0,"max_accum":129013.0,"color":"#6693c2","weight":2.64},"geometry":{"type":"LineString","coordinates":[[6.953123,49.741043],[6.952776,49.741037],[6.95109,49.739883],[6.950743,49.739876],[6.948719,49.738491],[6.948729,49.738267],[6.947042,49.737112],[6.947052,49.736888],[6.946715,49.736657],[6.946724,49.736432],[6.946387,49.736201],[6.946396,49.735976],[6.946059,49.735746],[6.945712,49.735739],[6.945356,49.735958],[6.945347,49.736183],[6.945,49.736177],[6.944663,49.735946],[6.943969,49.735933]]}},
{"type":"Feature","properties":{"STRM_VAL":1.0,"max_accum":70796.0,"color":"#72a0cd","weight":2.34},"geometry":{"type":"LineString","coordinates":[[6.816922,49.744852],[6.816565,49.74507],[6.816219,49.745064],[6.815505,49.7455],[6.815495,49.745725],[6.814781,49.746161],[6.814771,49.746386],[6.814414,49.746604],[6.814404,49.746829],[6.814047,49.747047],[6.814007,49.747946],[6.81365,49.748164],[6.813579,49.749737],[6.813222,49.749955],[6.813182,49.750854],[6.812468,49.75129],[6.812121,49.751283],[6.811764,49.751502],[6.811428,49.75127],[6.810041,49.751244],[6.809327,49.75168],[6.809317,49.751905],[6.808246,49.752559],[6.806512,49.752527],[6.806155,49.752745],[6.805114,49.752725],[6.804758,49.752943],[6.80233,49.752897],[6.801993,49.752666],[6.800606,49.752639],[6.800249,49.752858],[6.799902,49.752851],[6.799545,49.753069],[6.799198,49.753063],[6.798485,49.753499],[6.798138,49.753492],[6.798128,49.753717],[6.797771,49.753935],[6.79776,49.75416],[6.797403,49.754378],[6.797383,49.754827],[6.796669,49.755263],[6.795975,49.75525],[6.795261,49.755686],[6.795251,49.755911],[6.794894,49.756129],[6.794884,49.756354],[6.794527,49.756572],[6.794517,49.756797],[6.79416,49.757015],[6.794139,49.757464],[6.793782,49.757682],[6.793772,49.757907],[6.793415,49.758125],[6.793395,49.758574],[6.793038,49.758792],[6.792966,49.760365],[6.792609,49.760583],[6.792262,49.760577],[6.791548,49.761013],[6.791538,49.761238],[6.791181,49.761456],[6.791171,49.76168],[6.789742,49.762553],[6.789395,49.762546],[6.788681,49.762982],[6.788334,49.762976],[6.787977,49.763194],[6.78763,49.763187],[6.787273,49.763405],[6.786233,49.763385],[6.785518,49.763821],[6.785508,49.764046],[6.785151,49.764264],[6.785141,49.764489],[6.784784,49.764707],[6.784773,49.764931],[6.784416,49.76515],[6.784386,49.765824],[6.784028,49.766042],[6.783987,49.76694],[6.78363,49.767158],[6.783487,49.770304],[6.783823,49.770535]]}},
{"type":"Feature","properties":{"STRM_VAL":1.0,"max_accum":15058.0,"color":"#92c1eb","weight":1.55},"geometry":{"type":"LineString","coordinates":[[7.078398,49.749711],[7.078042,49.74993],[7.077001,49.749913],[7.076663,49.749682],[7.07597,49.749671],[7.075632,49.74944],[7.073898,49.749411],[7.07356,49.749181],[7.072519,49.749164],[7.072163,49.749383],[7.071817,49.749377],[7.071461,49.749596],[7.070767,49.749584],[7.070056,49.750022],[7.070047,49.750247],[7.069691,49.750466],[7.069664,49.75114],[7.069308,49.751359],[7.069299,49.751584],[7.068944,49.751803],[7.068935,49.752027],[7.068579,49.752246],[7.068507,49.754044],[7.068845,49.754275],[7.06849,49.754494],[7.068481,49.754718],[7.068125,49.754937],[7.068089,49.755836],[7.067733,49.756055],[7.067707,49.756729],[7.067351,49.756948],[7.067297,49.758297],[7.066941,49.758516],[7.066932,49.75874],[7.066577,49.758959],[7.066568,49.759184],[7.066212,49.759403],[7.066194,49.759852],[7.065482,49.76029],[7.065473,49.760515]]}},
{"type":"Feature","properties":{"STRM_VAL":1.0,"max_accum":28152.0,"color":"#85b4df","weight":1.87},"geometry":{"type":"LineString","coordinates":[[7.065473,49.760515],[7.065117,49.760734],[7.065099,49.761183],[7.065437,49.761414],[7.065428,49.761639],[7.065766,49.761869],[7.065758,49.762094],[7.066433,49.762555],[7.066425,49.76278],[7.067439,49.763471],[7.06743,49.763696]]}},
{"type":"Feature","properties":{"STRM_VAL":1.0,"max_accum":46762.0,"color":"#7ba9d5","weight":2.13},"geometry":{"type":"LineString","coordinates":[[7.06743,49.763696],[7.067421,49.763921],[7.067065,49.76414],[7.067047,49.764589],[7.066691,49.764808],[7.066673,49.765258],[7.06525,49.766133],[7.065214,49.767032],[7.064858,49.767251],[7.064759,49.769723],[7.064403,49.769942],[7.064394,49.770167],[7.062259,49.771481],[7.06225,49.771705],[7.061894,49.771924],[7.061547,49.771918],[7.061191,49.772137],[7.061182,49.772362],[7.060114,49.773019],[7.060105,49.773244],[7.059749,49.773462],[7.05974,49.773687],[7.059384,49.773906],[7.059375,49.774131],[7.059019,49.77435],[7.059001,49.774799],[7.058645,49.775018],[7.058564,49.777041],[7.058208,49.77726],[7.058127,49.779282],[7.057415,49.77972],[7.057406,49.779945]]}},
{"type":"Feature","properties":{"STRM_VAL":1.0,"max_accum":57708.0,"color":"#77a4d1","weight":2.23},"geometry":{"type":"LineString","coordinates":[[7.057406,49.779945],[7.05705,49.780164],[7.056356,49.780152],[7.056,49.780371],[7.055662,49.78014],[7.055306,49.780359],[7.052877,49.780318],[7.052521,49.780537],[7.050785,49.780508],[7.050073,49.780946],[7.049735,49.780715],[7.049388,49.78071],[7.04905,49.780479],[7.048356,49.780467],[7.048018,49.780237],[7.047671,49.780231],[7.046995,49.77977],[7.046639,49.779989],[7.046301,49.779758],[7.045945,49.779977],[7.042821,49.779924],[7.041397,49.7808],[7.041388,49.781024],[7.040319,49.781681],[7.04031,49.781906],[7.039963,49.7819],[7.039607,49.782119],[7.03926,49.782113]]}},
{"type":"Feature","properties":{"STRM_VAL":1.0,"max_accum":196443.0,"color":"#5e8aba","weight":2.86},"geometry":{"type":"LineString","coordinates":[[7.03926,49.782113],[7.038566,49.782101],[7.03821,49.78232],[7.037516,49.782308],[7.036447,49.782965],[7.03642,49.783639],[7.033927,49.785171],[7.03358,49.785165],[7.033223,49.785384],[7.032876,49.785378],[7.03252,49.785597],[7.031826,49.785585],[7.031114,49.786022],[7.030766,49.786017],[7.03041,49.786235],[7.030401,49.78646],[7.030045,49.786679],[7.029351,49.786667],[7.028995,49.786886],[7.027953,49.786868],[7.027597,49.787087],[7.02725,49.787081],[7.026894,49.7873],[7.026875,49.787749],[7.026519,49.787968],[7.026501,49.788418],[7.025788,49.788855],[7.025743,49.789979],[7.026081,49.79021],[7.025724,49.790428],[7.025642,49.792451],[7.02598,49.792681],[7.025624,49.7929],[7.025606,49.79335],[7.025249,49.793569],[7.024555,49.793557],[7.024199,49.793776],[7.023505,49.793764],[7.022079,49.794639],[7.021732,49.794633],[7.02102,49.795071],[7.020672,49.795065]]}},
{"type":"Feature","properties":{"STRM_VAL":1.0,"max_accum":204217.0,"color":"#5d89b9","weight":2.88},"geometry":{"type":"LineString","coordinates":[[7.020672,49.795065],[7.019996,49.794603],[7.017566,49.794562],[7.017228,49.794331],[7.015146,49.794295],[7.01447,49.793834],[7.013775,49.793822],[7.012086,49.792669],[7.012095,49.792444],[7.011053,49.792426],[7.010697,49.792645],[7.01035,49.792639],[7.010012,49.792408],[7.009656,49.792627],[7.009309,49.792621],[7.008952,49.79284],[7.008258,49.792828],[7.00792,49.792597],[7.005837,49.792561],[7.005499,49.792331],[7.005527,49.791657],[7.005189,49.791426],[7.005217,49.790752],[7.004879,49.790521],[7.004897,49.790071],[7.004222,49.78961]]}},
{"type":"Feature","properties":{"STRM_VAL":1.0,"max_accum":222330.0,"color":"#5b87b8","weight":2.92},"geometry":{"type":"LineString","coordinates":[[7.004222,49.78961],[7.004231,49.789385],[7.003893,49.789155],[7.003546,49.789149],[7.00287,49.788687],[7.002523,49.788681],[7.001847,49.78822],[6.999765,49.788184],[6.999408,49.788403],[6.999061,49.788397],[6.99621,49.790146],[6.996108,49.792618],[6.995039,49.793275],[6.99503,49.793499],[6.993248,49.794593],[6.993238,49.794818],[6.992882,49.795036]]}},
{"type":"Feature","properties":{"STRM_VAL":1.0,"max_accum":233751.0,"color":"#5a86b7","weight":2.95},"geometry":{"type":"LineString","coordinates":[[6.992882,49.795036],[6.992544,49.794805],[6.99185,49.794793],[6.991512,49.794563],[6.991165,49.794557],[6.990827,49.794326],[6.990836,49.794101],[6.990498,49.79387],[6.990151,49.793864],[6.989138,49.793172],[6.988791,49.793166],[6.988453,49.792935],[6.987411,49.792917],[6.987055,49.793136],[6.986014,49.793118],[6.985657,49.793337],[6.98531,49.793331],[6.983884,49.794205],[6.983546,49.793975],[6.983556,49.79375],[6.983218,49.793519],[6.979747,49.793459],[6.97939,49.793677],[6.979043,49.793671],[6.97833,49.794109],[6.977983,49.794102],[6.977626,49.794321],[6.977608,49.794771],[6.977251,49.794989],[6.977195,49.796338],[6.976501,49.796325],[6.976144,49.796544],[6.975797,49.796538],[6.974371,49.797413]]}},
{"type":"Feature","properties":{"STRM_VAL":1.0,"max_accum":254573.0,"color":"#5884b5","weight":2.99},"geometry":{"type":"LineString","coordinates":[[6.974371,49.797413],[6.973329,49.797394],[6.972973,49.797613],[6.972954,49.798062],[6.973292,49.798293],[6.973282,49.798518],[6.972935,49.798512],[6.972579,49.798731],[6.97119,49.798706],[6.970833,49.798925],[6.970139,49.798913],[6.969782,49.799131],[6.969717,49.800704],[6.970054,49.800935],[6.970026,49.801609],[6.970364,49.80184],[6.970355,49.802065],[6.969998,49.802283],[6.969989,49.802508],[6.968919,49.803164],[6.968909,49.803389],[6.968553,49.803607],[6.968496,49.804956],[6.968834,49.805187],[6.968478,49.805405],[6.968459,49.805855],[6.967746,49.806292],[6.967736,49.806517],[6.967379,49.806735],[6.96737,49.80696],[6.966657,49.807397],[6.966638,49.807847],[6.966281,49.808065],[6.966272,49.80829],[6.965925,49.808284],[6.964855,49.80894],[6.962077,49.808891],[6.96172,49.809109],[6.961663,49.810458],[6.962339,49.810919],[6.96233,49.811144],[6.962667,49.811375],[6.962658,49.8116],[6.962996,49.81183],[6.962977,49.81228],[6.96262,49.812499],[6.962273,49.812492],[6.961916,49.812711],[6.960874,49.812693],[6.960537,49.812462],[6.959495,49.812444],[6.959157,49.812213]]}},
{"type":"Feature","properties":{"STRM_VAL":1.0,"max_accum":271145.0,"color":"#5783b4","weight":3.02},"geometry":{"type":"LineString","coordinates":[[6.959157,49.812213],[6.957768,49.812188],[6.957411,49.812407],[6.957354,49.813755],[6.956998,49.813974],[6.956988,49.814198],[6.955205,49.815291],[6.955195,49.815516],[6.950557,49.818358],[6.950547,49.818582],[6.950191,49.818801],[6.950172,49.81925],[6.950509,49.819481],[6.9505,49.819706],[6.951176,49.820168],[6.95187,49.82018],[6.952208,49.820411],[6.952189,49.82086],[6.951832,49.821079],[6.951775,49.822427],[6.951419,49.822646],[6.951409,49.82287],[6.951052,49.823089],[6.951033,49.823538],[6.950676,49.823757],[6.950667,49.823982],[6.949953,49.824419],[6.949606,49.824413],[6.948892,49.82485],[6.948883,49.825074],[6.948526,49.825293],[6.948516,49.825518],[6.947089,49.826392],[6.94707,49.826841],[6.946713,49.82706],[6.944976,49.827029],[6.944638,49.826798],[6.944291,49.826792]]}},
{"type":"Feature","properties":{"STRM_VAL":1.0,"max_accum":490526.0,"color":"#4b76a9","weight":3.33},"geometry":{"type":"LineString","coordinates":[[6.944291,49.826792],[6.943953,49.826561],[6.942911,49.826543],[6.942554,49.826761],[6.941859,49.826749],[6.941502,49.826967],[6.94046,49.826949],[6.940122,49.826718],[6.93908,49.8267]]}},
{"type":"Feature","properties":{"STRM_VAL":1.0,"max_accum":144319.0,"color":"#6491c0","weight":2.7},"geometry":{"type":"LineString","coordinates":[[6.935855,49.747258],[6.935518,49.747027],[6.935171,49.747021],[6.934834,49.74679],[6.934487,49.746784],[6.93415,49.746553],[6.933803,49.746547],[6.933466,49.746316],[6.93311,49.746535],[6.931723,49.74651],[6.931366,49.746728],[6.931019,49.746722],[6.930663,49.746941],[6.930653,49.747165],[6.930297,49.747384],[6.930278,49.747833],[6.929565,49.74827],[6.929556,49.748495],[6.929199,49.748714],[6.929161,49.749612],[6.928448,49.750049],[6.928101,49.750043],[6.927745,49.750262],[6.927726,49.750711],[6.927379,49.750705],[6.927023,49.750923],[6.925635,49.750899],[6.925279,49.751117],[6.923545,49.751086],[6.923208,49.750855],[6.920433,49.750805],[6.919759,49.750343],[6.919065,49.750331],[6.916705,49.748714],[6.916358,49.748708],[6.915684,49.748246],[6.915337,49.74824]]}},
{"type":"Feature","properties":{"STRM_VAL":1.0,"max_accum":481302.0,"color":"#4b77a9","weight":3.32},"geometry":{"type":"LineString","coordinates":[[6.594985,49.741355],[6.596025,49.741376],[6.596382,49.741159],[6.596729,49.741166],[6.597087,49.740949],[6.597434,49.740956],[6.597791,49.740738],[6.598485,49.740753],[6.598842,49.740535],[6.599189,49.740543],[6.599525,49.740774],[6.601258,49.74081],[6.601594,49.741042],[6.602634,49.741064],[6.602991,49.740846],[6.605071,49.740889],[6.605787,49.740454],[6.606458,49.740918],[6.607845,49.740947],[6.60818,49.741178],[6.611757,49.739003],[6.612451,49.739018],[6.612808,49.7388],[6.613155,49.738807],[6.613491,49.739039],[6.613133,49.739257],[6.613122,49.739481],[6.614509,49.73951],[6.614487,49.739959],[6.614822,49.740191],[6.6148,49.74064],[6.615807,49.741336],[6.616847,49.741357],[6.617563,49.740922],[6.617898,49.741154],[6.618256,49.740936],[6.619263,49.741632],[6.619252,49.741856],[6.619588,49.742088],[6.61923,49.742306],[6.619219,49.74253],[6.621905,49.744385],[6.622262,49.744167],[6.622295,49.743493],[6.621624,49.74303],[6.621981,49.742812],[6.621992,49.742587],[6.622686,49.742602],[6.623043,49.742384],[6.62339,49.742391],[6.623726,49.742623],[6.624419,49.742637],[6.624777,49.74242],[6.625817,49.742441],[6.625795,49.74289],[6.626466,49.743354],[6.626813,49.743361]]}},
{"type":"Feature","properties":{"STRM_VAL":1.0,"max_accum":64968.0,"color":"#74a2cf","weight":2.29},"geometry":{"type":"LineString","coordinates":[[7.021763,49.751231],[7.021407,49.75145],[7.02106,49.751444],[7.018925,49.752757],[7.018578,49.752751],[7.018222,49.75297],[7.017528,49.752958],[7.016816,49.753395],[7.016469,49.753389],[7.015045,49.754265],[7.013657,49.754241],[7.013301,49.75446],[7.012261,49.754442],[7.011905,49.754661],[7.00913,49.754613],[7.008792,49.754382],[7.007752,49.754364],[7.007414,49.754134],[7.00568,49.754104],[7.005342,49.753873],[7.004302,49.753855],[7.003964,49.753624],[7.003973,49.7534],[7.003626,49.753394],[7.003289,49.753163],[7.002942,49.753157],[7.002267,49.752696],[7.00192,49.75269],[7.000907,49.751997],[7.001263,49.751779],[7.000925,49.751548],[7.000944,49.751099],[7.000606,49.750868],[7.000962,49.750649],[7.000625,49.750418],[7.000662,49.74952],[7.000324,49.749289],[7.000352,49.748615],[7.000014,49.748384],[7.000024,49.748159],[6.999686,49.747929],[6.999695,49.747704],[6.998345,49.746781],[6.998354,49.746556],[6.997342,49.745864],[6.997369,49.74519],[6.996694,49.744728],[6.996704,49.744504],[6.995691,49.743812],[6.9957,49.743587],[6.995363,49.743356],[6.995372,49.743131],[6.995034,49.742901],[6.995044,49.742676],[6.994706,49.742445],[6.994753,49.741322],[6.995821,49.740665],[6.995839,49.740216],[6.995502,49.739985],[6.995511,49.73976],[6.993823,49.738607],[6.993833,49.738382],[6.993495,49.738151],[6.993505,49.737927],[6.992492,49.737234],[6.992501,49.73701],[6.992164,49.736779],[6.991124,49.736761],[6.990449,49.736299],[6.990102,49.736293],[6.98909,49.735601],[6.989108,49.735152],[6.989464,49.734933],[6.989474,49.734708],[6.990186,49.734271],[6.990195,49.734046],[6.990551,49.733828],[6.990588,49.732929],[6.989576,49.732236],[6.989229,49.73223],[6.988554,49.731769],[6.988208,49.731763],[6.988217,49.731538],[6.98788,49.731307],[6.987917,49.730409],[6.987579,49.730178],[6.987589,49.729953],[6.986239,49.72903],[6.985883,49.729249],[6.985546,49.729018],[6.985199,49.729012],[6.984862,49.728781],[6.984871,49.728556],[6.984196,49.728095],[6.984206,49.72787],[6.983868,49.72764],[6.983887,49.72719],[6.982875,49.726498],[6.982528,49.726492],[6.982191,49.726261],[6.981498,49.726249],[6.98116,49.726018]]}},
{"type":"Feature","properties":{"STRM_VAL":1.0,"max_accum":38519.0,"color":"#7fadd9","weight":2.03},"geometry":{"type":"LineString","coordinates":[[6.847555,49.750598],[6.846168,49.750572],[6.845831,49.750341],[6.845137,49.750328],[6.8448,49.750097],[6.84376,49.750078],[6.843423,49.749847],[6.842383,49.749827],[6.842046,49.749596],[6.841006,49.749577],[6.840669,49.749345],[6.839975,49.749333],[6.839638,49.749101],[6.839292,49.749095],[6.838618,49.748633],[6.838271,49.748626],[6.837934,49.748395],[6.837588,49.748388],[6.837251,49.748157],[6.836211,49.748138],[6.835874,49.747907],[6.83518,49.747894],[6.834843,49.747662],[6.833803,49.747643],[6.833466,49.747412],[6.83312,49.747405],[6.832783,49.747174],[6.831396,49.747148],[6.829612,49.748239],[6.829602,49.748464],[6.827461,49.749773],[6.827114,49.749767],[6.8264,49.750203],[6.825707,49.75019],[6.82535,49.750408],[6.825003,49.750402],[6.823576,49.751274]]}},
{"type":"Feature","properties":{"STRM_VAL":1.0,"max_accum":15058.0,"color":"#92c1eb","weight":1.55},"geometry":{"type":"LineString","coordinates":[[7.063774,49.759587],[7.064112,49.759818],[7.064459,49.759823],[7.06445,49.760048],[7.064797,49.760054],[7.065473,49.760515]]}},
{"type":"Feature","properties":{"STRM_VAL":1.0,"max_accum":28152.0,"color":"#85b4df","weight":1.87},"geometry":{"type":"LineString","coordinates":[[7.106296,49.764113],[7.103521,49.764068],[7.102453,49.764725],[7.10176,49.764714],[7.101404,49.764933],[7.099322,49.764898],[7.098966,49.765118],[7.096538,49.765078],[7.096182,49.765297],[7.095141,49.76528],[7.094127,49.764588],[7.092739,49.764565],[7.092063,49.764104],[7.091716,49.764099],[7.091377,49.763868],[7.08999,49.763845],[7.086788,49.765817],[7.086441,49.765811],[7.085729,49.766249],[7.082606,49.766197],[7.082268,49.765967],[7.081227,49.765949],[7.080889,49.765719],[7.080542,49.765713],[7.07919,49.764791],[7.078843,49.764785],[7.077491,49.763864],[7.077144,49.763858],[7.076806,49.763627],[7.076459,49.763622],[7.076121,49.763391],[7.07508,49.763374],[7.074742,49.763143],[7.074386,49.763362],[7.072998,49.763339],[7.07266,49.763109],[7.071967,49.763097],[7.071611,49.763316],[7.068141,49.763258],[7.06743,49.763696]]}},
{"type":"Feature","properties":{"STRM_VAL":1.0,"max_accum":186202.0,"color":"#5f8bbb","weight":2.83},"geometry":{"type":"LineString","coordinates":[[6.915134,49.761055],[6.914441,49.761042],[6.914103,49.760811],[6.913757,49.760805],[6.913419,49.760574],[6.911338,49.760537],[6.910981,49.760755],[6.910635,49.760749],[6.910278,49.760967],[6.909931,49.760961],[6.909575,49.761179],[6.909565,49.761404],[6.909208,49.761623],[6.908861,49.761616],[6.908505,49.761835],[6.908158,49.761828],[6.907801,49.762047],[6.907455,49.762041],[6.907098,49.762259],[6.906404,49.762247],[6.906048,49.762465],[6.905701,49.762459],[6.904631,49.763114],[6.904284,49.763108],[6.902858,49.763981],[6.902848,49.764206],[6.902135,49.764643],[6.902125,49.764868],[6.901768,49.765086],[6.901759,49.765311],[6.901046,49.765748],[6.901036,49.765972],[6.899609,49.766846],[6.8996,49.767071],[6.899243,49.767289],[6.899233,49.767514],[6.89852,49.767951],[6.898491,49.768625],[6.897777,49.769062],[6.897768,49.769286],[6.897411,49.769505],[6.897401,49.76973],[6.897045,49.769948],[6.897025,49.770397],[6.896669,49.770616],[6.896561,49.773088],[6.896205,49.773306],[6.896185,49.773755],[6.895829,49.773974],[6.895482,49.773968],[6.895125,49.774186],[6.894778,49.77418]]}},
{"type":"Feature","properties":{"STRM_VAL":1.0,"max_accum":13085.0,"color":"#95c4ed","weight":1.47},"geometry":{"type":"LineString","coordinates":[[6.679108,49.760163],[6.678772,49.759932],[6.677038,49.759897],[6.67668,49.760115],[6.675293,49.760087],[6.674935,49.760305],[6.674242,49.760291],[6.673884,49.760508],[6.673537,49.760501],[6.672465,49.761154],[6.672118,49.761147],[6.67033,49.762236],[6.670319,49.762461],[6.669961,49.762678],[6.66994,49.763128],[6.669582,49.763345],[6.66955,49.764019],[6.670222,49.764483],[6.670211,49.764707],[6.670883,49.765171],[6.670851,49.765845],[6.670494,49.766062],[6.670483,49.766287],[6.671827,49.767214],[6.671816,49.767438],[6.672153,49.76767],[6.672499,49.767677],[6.673172,49.76814],[6.673161,49.768365],[6.673497,49.768597],[6.673844,49.768604],[6.674852,49.769299],[6.675199,49.769305],[6.676208,49.77],[6.676197,49.770225],[6.676533,49.770457],[6.676512,49.770906],[6.676848,49.771138],[6.676805,49.772036],[6.677141,49.772268],[6.67713,49.772493],[6.677466,49.772724],[6.677813,49.772731],[6.678149,49.772963],[6.680578,49.773012],[6.681586,49.773706]]}},
{"type":"Feature","properties":{"STRM_VAL":1.0,"max_accum":561034.0,"color":"#4873a6","weight":3.4},"geometry":{"type":"LineString","coordinates":[[6.681586,49.773706],[6.683267,49.774865],[6.68291,49.775082],[6.683246,49.775314],[6.683225,49.775763],[6.683571,49.77577],[6.683908,49.776002],[6.684255,49.776009],[6.684612,49.775791],[6.684634,49.775342],[6.684991,49.775124],[6.684655,49.774892],[6.685013,49.774675],[6.685707,49.774688],[6.686043,49.77492],[6.686011,49.775594],[6.687019,49.776289],[6.686304,49.776724],[6.686272,49.777398]]}},
{"type":"Feature","properties":{"STRM_VAL":1.0,"max_accum":494258.0,"color":"#4b76a9","weight":3.33},"geometry":{"type":"LineString","coordinates":[[6.609657,49.76055],[6.610004,49.760557],[6.61034,49.760789],[6.610687,49.760796],[6.611022,49.761028],[6.61138,49.76081],[6.612767,49.760839],[6.613103,49.761071],[6.61345,49.761078],[6.613786,49.76131],[6.614133,49.761317],[6.614468,49.761548],[6.615162,49.761563],[6.615834,49.762026],[6.61618,49.762034],[6.616516,49.762265],[6.616505,49.76249],[6.61852,49.763881],[6.618867,49.763888],[6.619874,49.764583],[6.620221,49.76459],[6.620893,49.765054],[6.62124,49.765061],[6.621576,49.765293],[6.621923,49.7653],[6.622258,49.765532],[6.622605,49.765539],[6.622941,49.765771],[6.623288,49.765778],[6.623624,49.76601],[6.624664,49.766031],[6.625336,49.766495],[6.627417,49.766537],[6.627775,49.76632],[6.63055,49.766377],[6.631222,49.76684],[6.63158,49.766622],[6.63262,49.766644],[6.633336,49.766209],[6.633683,49.766216],[6.634019,49.766447],[6.635059,49.766469]]}},
{"type":"Feature","properties":{"STRM_VAL":1.0,"max_accum":13085.0,"color":"#95c4ed","weight":1.47},"geometry":{"type":"LineString","coordinates":[[6.663535,49.766372],[6.663871,49.766604],[6.663155,49.767039],[6.662462,49.767025],[6.661746,49.76746],[6.661735,49.767685],[6.662071,49.767917],[6.661356,49.768352],[6.662028,49.768815],[6.662375,49.768822],[6.663383,49.769517],[6.664771,49.769545],[6.666451,49.770704],[6.666798,49.770711],[6.668479,49.771869],[6.668468,49.772094],[6.668804,49.772325],[6.668793,49.77255],[6.66913,49.772782],[6.669823,49.772796],[6.67016,49.773027],[6.670506,49.773034],[6.671179,49.773498],[6.671526,49.773505],[6.671862,49.773736],[6.672209,49.773743],[6.672566,49.773526],[6.672903,49.773757],[6.67326,49.773539],[6.673271,49.773315],[6.673629,49.773097],[6.673965,49.773329],[6.675353,49.773357],[6.675689,49.773588],[6.681586,49.773706]]}},
{"type":"Feature","properties":{"STRM_VAL":1.0,"max_accum":14308.0,"color":"#93c2ec","weight":1.52},"geometry":{"type":"LineString","coordinates":[[7.072544,49.7748],[7.071832,49.775238],[7.071823,49.775463],[7.071467,49.775682],[7.071805,49.775913],[7.071796,49.776137],[7.072473,49.776598],[7.072455,49.777048],[7.072793,49.777278],[7.072775,49.777728],[7.073113,49.777958],[7.073104,49.778183],[7.073442,49.778414],[7.073407,49.779312],[7.072339,49.779969],[7.071298,49.779952],[7.07023,49.780609],[7.070194,49.781508]]}},
{"type":"Feature","properties":{"STRM_VAL":1.0,"max_accum":46762.0,"color":"#7ba9d5","weight":2.13},"geometry":{"type":"LineString","coordinates":[[7.070194,49.781508],[7.069838,49.781727],[7.06845,49.781704],[7.068112,49.781473],[7.067417,49.781461],[7.067079,49.781231],[7.065691,49.781208],[7.065353,49.780977],[7.063965,49.780954],[7.063627,49.780724],[7.062932,49.780712],[7.062594,49.780481],[7.0619,49.78047],[7.061562,49.780239],[7.060174,49.780216],[7.059836,49.779985],[7.058448,49.779962],[7.05811,49.779732],[7.057762,49.779726],[7.057406,49.779945]]}},
{"type":"Feature","properties":{"STRM_VAL":1.0,"max_accum":369700.0,"color":"#517cae","weight":3.18},"geometry":{"type":"LineString","coordinates":[[6.719928,49.770645],[6.720275,49.770651],[6.721284,49.771346],[6.721263,49.771795]]}},
{"type":"Feature","properties":{"STRM_VAL":1.0,"max_accum":57708.0,"color":"#77a4d1","weight":2.23},"geometry":{"type":"LineString","coordinates":[[7.03566,49.776655],[7.035998,49.776885],[7.03598,49.777335],[7.036994,49.778026],[7.036985,49.778251],[7.037661,49.778712],[7.037652,49.778937],[7.038328,49.779398],[7.038319,49.779623],[7.038995,49.780084],[7.038976,49.780534],[7.039314,49.780764],[7.039305,49.780989],[7.039643,49.78122],[7.039287,49.781439],[7.03926,49.782113]]}},
{"type":"Feature","properties":{"STRM_VAL":1.0,"max_accum":198325.0,"color":"#5d8aba","weight":2.86},"geometry":{"type":"LineString","coordinates":[[6.919183,49.780018],[6.918836,49.780012],[6.918845,49.779787],[6.916763,49.779749],[6.91605,49.780186],[6.915703,49.78018],[6.915346,49.780399],[6.914999,49.780392],[6.914642,49.780611],[6.914295,49.780605],[6.912869,49.781478],[6.912175,49.781466],[6.911837,49.781235],[6.91149,49.781229],[6.911133,49.781447],[6.910786,49.781441],[6.91043,49.781659],[6.908695,49.781628],[6.908357,49.781397],[6.90801,49.781391],[6.907673,49.78116],[6.904897,49.78111],[6.904559,49.780879],[6.904212,49.780872],[6.903538,49.78041],[6.902496,49.780392],[6.90214,49.78061],[6.901446,49.780597],[6.901089,49.780816],[6.900742,49.78081],[6.900028,49.781246],[6.900019,49.781471],[6.898948,49.782126],[6.898939,49.782351],[6.898582,49.782569],[6.898572,49.782794],[6.896788,49.783886],[6.8954,49.783861],[6.895043,49.784079],[6.894349,49.784067],[6.893993,49.784285]]}},
{"type":"Feature","properties":{"STRM_VAL":1.0,"max_accum":186202.0,"color":"#5f8bbb","weight":2.83},"geometry":{"type":"LineString","coordinates":[[6.868162,49.779315],[6.868509,49.779321],[6.869222,49.778885],[6.869232,49.77866],[6.870303,49.778005],[6.870997,49.778018],[6.871354,49.777799],[6.871701,49.777806],[6.872057,49.777587],[6.872067,49.777363],[6.873495,49.776489],[6.873504,49.776265],[6.873861,49.776046],[6.873871,49.775822],[6.875298,49.774948],[6.875645,49.774955],[6.876002,49.774736],[6.876696,49.774749],[6.877053,49.774531],[6.877747,49.774543],[6.878104,49.774325],[6.878451,49.774331],[6.878807,49.774113],[6.879145,49.774344],[6.881226,49.774382],[6.881583,49.774164],[6.88193,49.77417],[6.882287,49.773952],[6.883328,49.773971],[6.883685,49.773753],[6.884725,49.773772],[6.885082,49.773553],[6.885429,49.77356],[6.885786,49.773341],[6.88648,49.773354],[6.886837,49.773135],[6.890306,49.773199],[6.890644,49.77343],[6.891337,49.773442],[6.891675,49.773673],[6.892022,49.77368],[6.892378,49.773461],[6.893419,49.77348],[6.893757,49.773711],[6.89445,49.773724],[6.894441,49.773949],[6.894778,49.77418]]}},
{"type":"Feature","properties":{"STRM_VAL":1.0,"max_accum":14308.0,"color":"#93c2ec","weight":1.52},"geometry":{"type":"LineString","coordinates":[[7.100916,49.786288],[7.100578,49.786058],[7.099884,49.786046],[7.099545,49.785816],[7.098504,49.785799],[7.098166,49.785568],[7.097819,49.785563],[7.09748,49.785332],[7.094704,49.785287],[7.094348,49.785506],[7.092265,49.785471],[7.091553,49.78591],[7.090859,49.785898],[7.090521,49.785668],[7.087397,49.785616],[7.087059,49.785386],[7.086017,49.785368],[7.085003,49.784677],[7.084656,49.784671],[7.084317,49.784441],[7.08397,49.784435],[7.082956,49.783744],[7.082609,49.783738],[7.08227,49.783507],[7.081229,49.78349],[7.080891,49.78326],[7.07985,49.783242],[7.079494,49.783461],[7.078452,49.783444],[7.078114,49.783214],[7.075685,49.783173],[7.075008,49.782712],[7.074661,49.782707],[7.073309,49.781785],[7.072962,49.781779],[7.072623,49.781548],[7.072276,49.781542],[7.071938,49.781312],[7.070897,49.781295],[7.070541,49.781514],[7.070194,49.781508]]}},
{"type":"Feature","properties":{"STRM_VAL":1.0,"max_accum":204217.0,"color":"#5d89b9","weight":2.88},"geometry":{"type":"LineString","coordinates":[[7.007493,49.786068],[7.007466,49.786742],[7.007109,49.786961],[7.0071,49.787186],[7.006387,49.787623],[7.006378,49.787848],[7.005666,49.788286],[7.005656,49.78851],[7.0053,49.788729],[7.005291,49.788954],[7.004934,49.789173],[7.004925,49.789397],[7.004569,49.789616],[7.004222,49.78961]]}},
{"type":"Feature","properties":{"STRM_VAL":1.0,"max_accum":254573.0,"color":"#5884b5","weight":2.99},"geometry":{"type":"LineString","coordinates":[[6.965008,49.788703],[6.964989,49.789152],[6.964276,49.78959],[6.964267,49.789814],[6.96391,49.790033],[6.963901,49.790258],[6.962831,49.790914],[6.962822,49.791138],[6.962465,49.791357],[6.962381,49.793379],[6.961311,49.794035],[6.961301,49.79426],[6.960232,49.794916],[6.960222,49.79514],[6.959866,49.795359],[6.959856,49.795584],[6.959143,49.796021],[6.958796,49.796015],[6.958439,49.796233],[6.95843,49.796458],[6.958768,49.796689],[6.958749,49.797138],[6.958035,49.797576],[6.957688,49.797569],[6.957332,49.797788],[6.956985,49.797782],[6.956628,49.798001],[6.956609,49.79845],[6.956252,49.798669],[6.956224,49.799343],[6.956562,49.799574],[6.956552,49.799798],[6.95689,49.800029],[6.956871,49.800479],[6.956514,49.800697],[6.956505,49.800922],[6.956158,49.800916],[6.954374,49.802009],[6.954356,49.802458],[6.953999,49.802677],[6.953951,49.8038],[6.954627,49.804262],[6.954608,49.804711],[6.954946,49.804942],[6.954936,49.805167],[6.955274,49.805398],[6.955265,49.805622],[6.956616,49.806546],[6.956606,49.806771],[6.956944,49.807001],[6.956887,49.80835],[6.957225,49.808581],[6.957215,49.808805],[6.957553,49.809036],[6.9579,49.809042],[6.957891,49.809267],[6.958567,49.809729],[6.958557,49.809953],[6.959233,49.810415],[6.959223,49.81064],[6.959561,49.810871],[6.959533,49.811545],[6.959176,49.811763],[6.959157,49.812213]]}},
{"type":"Feature","properties":{"STRM_VAL":1.0,"max_accum":116691.0,"color":"#6895c4","weight":2.59},"geometry":{"type":"LineString","coordinates":[[7.072596,49.790993],[7.072249,49.790987],[7.07191,49.790756],[7.070869,49.790739],[7.070531,49.790509],[7.067754,49.790462],[7.067398,49.790681],[7.064621,49.790635],[7.064283,49.790404],[7.060464,49.790341],[7.060108,49.790559],[7.059067,49.790542],[7.058711,49.790761],[7.058016,49.790749],[7.057304,49.791187],[7.056957,49.791181],[7.056601,49.7914],[7.056254,49.791394],[7.055897,49.791613],[7.05555,49.791607],[7.054838,49.792045],[7.056529,49.793198],[7.056448,49.795221],[7.056786,49.795451],[7.056768,49.795901],[7.057106,49.796131],[7.057097,49.796356],[7.057435,49.796586],[7.05739,49.79771],[7.057729,49.797941],[7.05772,49.798165],[7.057007,49.798603],[7.056998,49.798828],[7.057336,49.799058],[7.057264,49.800856],[7.056552,49.801294],[7.056543,49.801519],[7.056187,49.801738],[7.056525,49.801968],[7.056516,49.802193]]}},
{"type":"Feature","properties":{"STRM_VAL":1.0,"max_accum":127067.0,"color":"#6793c2","weight":2.64},"geometry":{"type":"LineString","coordinates":[[7.056516,49.802193],[7.05616,49.802412],[7.055822,49.802181],[7.055465,49.8024],[7.054771,49.802389],[7.054059,49.802826],[7.053017,49.802809],[7.052679,49.802578],[7.052697,49.802129],[7.051682,49.801437],[7.050293,49.801414],[7.049581,49.801852],[7.049572,49.802076],[7.048859,49.802514],[7.048512,49.802508],[7.048156,49.802727],[7.048147,49.802952],[7.047791,49.803171],[7.047782,49.803395],[7.047425,49.803614],[7.047416,49.803839],[7.047754,49.80407],[7.047745,49.804294],[7.047389,49.804513],[7.047353,49.805412],[7.045928,49.806288],[7.045581,49.806282],[7.045224,49.806501],[7.044183,49.806483],[7.043844,49.806252]]}},
{"type":"Feature","properties":{"STRM_VAL":1.0,"max_accum":196443.0,"color":"#5e8aba","weight":2.86},"geometry":{"type":"LineString","coordinates":[[7.043844,49.806252],[7.043881,49.805354],[7.043542,49.805123],[7.043899,49.804904],[7.043953,49.803556],[7.043615,49.803325],[7.043624,49.8031],[7.043286,49.80287],[7.043304,49.80242],[7.042628,49.801959],[7.042637,49.801734],[7.042993,49.801516],[7.043002,49.801291],[7.043358,49.801072],[7.043376,49.800623],[7.043038,49.800392],[7.043047,49.800167],[7.042709,49.799937],[7.042718,49.799712],[7.04238,49.799481],[7.042033,49.799475],[7.041357,49.799014],[7.04101,49.799008],[7.039995,49.798317],[7.040004,49.798092],[7.03899,49.7974],[7.038296,49.797388],[7.037958,49.797158],[7.037263,49.797146],[7.036925,49.796915],[7.036578,49.796909],[7.03624,49.796679],[7.035893,49.796673],[7.035555,49.796442],[7.035564,49.796218],[7.035226,49.795987],[7.034879,49.795981],[7.034202,49.79552],[7.033855,49.795514],[7.033517,49.795283],[7.032476,49.795266],[7.032138,49.795035],[7.03179,49.795029],[7.030776,49.794337],[7.030429,49.794331],[7.029753,49.79387],[7.028017,49.793841],[7.027661,49.794059],[7.026967,49.794048],[7.026254,49.794485],[7.026245,49.79471],[7.025889,49.794929],[7.025871,49.795378],[7.025514,49.795597],[7.025852,49.795828],[7.025843,49.796052],[7.025487,49.796271],[7.025469,49.796721],[7.025112,49.796939],[7.025103,49.797164],[7.024391,49.797602],[7.024043,49.797596],[7.023687,49.797815],[7.02334,49.797809],[7.022664,49.797347],[7.022673,49.797123],[7.021659,49.796431],[7.021668,49.796206],[7.02133,49.795975],[7.021339,49.795751],[7.020663,49.795289],[7.020672,49.795065]]}},
{"type":"Feature","properties":{"STRM_VAL":1.0,"max_accum":2295714.0,"color":"#2b558c","weight":4.12},"geometry":{"type":"LineString","coordinates":[[6.813096,49.791332],[6.814107,49.792025],[6.814097,49.79225],[6.822427,49.792407],[6.823438,49.793101]]}},
{"type":"Feature","properties":{"STRM_VAL":1.0,"max_accum":62542.0,"color":"#75a2d0","weight":2.27},"geometry":{"type":"LineString","coordinates":[[7.125093,49.798826],[7.124737,49.799045],[7.124693,49.800168],[7.125032,49.800399],[7.124988,49.801522],[7.124633,49.801742],[7.124615,49.802191],[7.123903,49.802629],[7.123877,49.803303],[7.123521,49.803523],[7.123495,49.804197],[7.123834,49.804427],[7.123773,49.806],[7.123061,49.806439],[7.123052,49.806663],[7.122696,49.806882],[7.122688,49.807107],[7.122332,49.807326],[7.12267,49.807557],[7.122314,49.807776],[7.122306,49.808],[7.121238,49.808658],[7.121576,49.808888],[7.121559,49.809338],[7.121898,49.809568],[7.121871,49.810242],[7.121515,49.810461],[7.121854,49.810692],[7.121845,49.810916],[7.1232,49.811838],[7.123191,49.812063],[7.12353,49.812293],[7.123512,49.812742],[7.123851,49.812973],[7.123807,49.814097],[7.123451,49.814316],[7.123425,49.81499],[7.123069,49.815209],[7.122722,49.815203]]}},
{"type":"Feature","properties":{"STRM_VAL":1.0,"max_accum":85839.0,"color":"#6f9cca","weight":2.44},"geometry":{"type":"LineString","coordinates":[[7.122722,49.815203],[7.122027,49.815192],[7.121671,49.815411],[7.121324,49.815406],[7.120985,49.815175],[7.118902,49.815141],[7.118563,49.814911],[7.118207,49.81513],[7.117868,49.8149],[7.117521,49.814894],[7.117182,49.814664],[7.11614,49.814647],[7.115463,49.814186],[7.115116,49.81418],[7.114777,49.81395],[7.11443,49.813944],[7.113753,49.813484],[7.113397,49.813703],[7.11272,49.813242],[7.112025,49.81323],[7.111687,49.813],[7.111339,49.812994],[7.110662,49.812534],[7.110315,49.812528],[7.109638,49.812067],[7.109291,49.812062],[7.108952,49.811831],[7.107563,49.811808],[7.107224,49.811578],[7.106877,49.811572],[7.106521,49.811791],[7.106174,49.811786],[7.105818,49.812005],[7.105479,49.811774],[7.105132,49.811769],[7.104776,49.811988],[7.104428,49.811982],[7.104072,49.812201],[7.103725,49.812195],[7.103013,49.812634],[7.103004,49.812858],[7.102292,49.813296],[7.101945,49.813291],[7.101589,49.81351],[7.100199,49.813487],[7.099843,49.813706],[7.099496,49.8137],[7.098784,49.814138],[7.099122,49.814369],[7.099096,49.815043],[7.09874,49.815262],[7.098731,49.815487],[7.098019,49.815925],[7.098001,49.816374],[7.097645,49.816593],[7.097298,49.816588],[7.097289,49.816812],[7.096933,49.817031],[7.096924,49.817256],[7.096568,49.817475],[7.095526,49.817458],[7.095187,49.817228],[7.09484,49.817222],[7.094501,49.816991],[7.094154,49.816986],[7.093815,49.816755],[7.093468,49.81675],[7.091687,49.817845],[7.091661,49.818519],[7.090948,49.818957],[7.090601,49.818951],[7.089889,49.819389]]}},
{"type":"Feature","properties":{"STRM_VAL":1.0,"max_accum":96024.0,"color":"#6c99c8","weight":2.49},"geometry":{"type":"LineString","coordinates":[[7.089889,49.819389],[7.089176,49.819827],[7.088829,49.819821],[7.088473,49.82004],[7.087119,49.819119],[7.086763,49.819338],[7.085409,49.818416],[7.085418,49.818191],[7.084402,49.8175],[7.084055,49.817494],[7.083717,49.817263],[7.081633,49.817229],[7.080956,49.816768],[7.080599,49.816987],[7.079905,49.816975],[7.079549,49.817194],[7.079522,49.817869],[7.078809,49.818306],[7.078462,49.818301]]}},
{"type":"Feature","properties":{"STRM_VAL":1.0,"max_accum":116691.0,"color":"#6895c4","weight":2.59},"geometry":{"type":"LineString","coordinates":[[7.078462,49.818301],[7.077073,49.818278],[7.076734,49.818047],[7.077091,49.817828],[7.077108,49.817379],[7.07677,49.817148],[7.076423,49.817142],[7.075746,49.816681],[7.073315,49.816641],[7.072958,49.81686],[7.072949,49.817085],[7.072602,49.817079],[7.072264,49.816848],[7.071222,49.816831],[7.070866,49.81705],[7.069824,49.817033],[7.069467,49.817252],[7.068078,49.817228],[7.067009,49.817885],[7.066315,49.817874],[7.065976,49.817643],[7.065629,49.817637],[7.064275,49.816715],[7.064632,49.816496],[7.063955,49.816035],[7.063964,49.815811],[7.063626,49.81558],[7.063635,49.815355],[7.063296,49.815125],[7.06335,49.813776],[7.063706,49.813557],[7.063368,49.813327],[7.063395,49.812653],[7.063751,49.812434],[7.063769,49.811984],[7.064838,49.811328],[7.064892,49.809979],[7.064553,49.809749],[7.064206,49.809743],[7.063191,49.809051],[7.063236,49.807928],[7.063592,49.807709],[7.063628,49.80681],[7.062952,49.806349],[7.062257,49.806337],[7.061581,49.805876],[7.061233,49.80587],[7.060219,49.805179],[7.060237,49.804729],[7.05956,49.804268],[7.059569,49.804043],[7.058893,49.803582],[7.058902,49.803357],[7.05721,49.802205],[7.056516,49.802193]]}},
{"type":"Feature","properties":{"STRM_VAL":1.0,"max_accum":2301198.0,"color":"#2b558c","weight":4.12},"geometry":{"type":"LineString","coordinates":[[6.819031,49.798415],[6.819745,49.797979],[6.819755,49.797754],[6.820112,49.797536],[6.820459,49.797542],[6.820817,49.797324],[6.820827,49.7971],[6.821541,49.796663],[6.821551,49.796439],[6.822266,49.796002],[6.822286,49.795553],[6.822643,49.795335],[6.822663,49.794885],[6.822326,49.794654],[6.822336,49.794429],[6.821999,49.794198],[6.822356,49.79398],[6.822377,49.793531],[6.824112,49.793563]]}},
{"type":"Feature","properties":{"STRM_VAL":1.0,"max_accum":32005.0,"color":"#83b1dd","weight":1.93},"geometry":{"type":"LineString","coordinates":[[6.622563,49.794774],[6.622574,49.794549],[6.622932,49.794332],[6.622954,49.793883],[6.623312,49.793665],[6.623378,49.792317],[6.623736,49.792099],[6.623747,49.791875],[6.624105,49.791657],[6.624127,49.791208],[6.624485,49.79099],[6.624496,49.790766],[6.624854,49.790548],[6.624887,49.789874],[6.625245,49.789657],[6.625256,49.789432],[6.625614,49.789214],[6.625636,49.788765],[6.626352,49.78833],[6.626363,49.788105],[6.626721,49.787888],[6.626385,49.787656],[6.628175,49.786568],[6.628522,49.786575],[6.628533,49.786351],[6.629607,49.785698],[6.630301,49.785712],[6.630312,49.785487],[6.63067,49.78527],[6.631017,49.785277],[6.631353,49.785509],[6.631711,49.785291],[6.632047,49.785523],[6.632741,49.785537],[6.633099,49.78532],[6.633446,49.785327],[6.634162,49.784891]]}},
{"type":"Feature","properties":{"STRM_VAL":1.0,"max_accum":543185.0,"color":"#4974a7","weight":3.38},"geometry":{"type":"LineString","coordinates":[[6.634162,49.784891],[6.634498,49.785123],[6.635192,49.785137],[6.635864,49.785601],[6.636558,49.785615],[6.636916,49.785397],[6.637252,49.785629],[6.637946,49.785643],[6.638282,49.785875],[6.639323,49.785896],[6.639659,49.786128],[6.641047,49.786156],[6.641405,49.785939],[6.641752,49.785946],[6.642468,49.785511],[6.642479,49.785286],[6.642837,49.785068],[6.642848,49.784844],[6.643195,49.784851],[6.643553,49.784633],[6.6439,49.78464],[6.644257,49.784423],[6.644604,49.78443],[6.644941,49.784661],[6.645288,49.784668],[6.646003,49.784233],[6.646697,49.784247],[6.647055,49.78403],[6.647749,49.784044],[6.648465,49.783609],[6.649159,49.783623],[6.649517,49.783405],[6.649864,49.783412],[6.650579,49.782977],[6.650926,49.782984],[6.651284,49.782766],[6.651631,49.782773],[6.652347,49.782338],[6.652683,49.78257],[6.654071,49.782598],[6.654743,49.783061],[6.655101,49.782844],[6.65753,49.782893],[6.657888,49.782675],[6.658235,49.782682],[6.658593,49.782464],[6.658929,49.782696],[6.660317,49.782724],[6.660674,49.782506],[6.661368,49.78252],[6.661726,49.782303],[6.662073,49.78231],[6.663147,49.781657],[6.663168,49.781207],[6.662832,49.780976],[6.662886,49.779852],[6.663602,49.779417],[6.663612,49.779192],[6.66397,49.778975],[6.663981,49.77875],[6.664339,49.778532],[6.66435,49.778308],[6.664697,49.778315],[6.665412,49.777879],[6.665759,49.777886],[6.666117,49.777669],[6.666138,49.777219],[6.666485,49.777226],[6.666821,49.777458],[6.667168,49.777465],[6.667526,49.777247],[6.667537,49.777023],[6.667895,49.776805],[6.668935,49.776826],[6.669293,49.776608],[6.66964,49.776615],[6.669998,49.776397],[6.670041,49.775499]]}},
{"type":"Feature","properties":{"STRM_VAL":1.0,"max_accum":233751.0,"color":"#5a86b7","weight":2.95},"geometry":{"type":"LineString","coordinates":[[6.983192,49.802514],[6.982854,49.802283],[6.982506,49.802277],[6.982169,49.802046],[6.98078,49.802022],[6.980442,49.801791],[6.980095,49.801785],[6.979081,49.801093],[6.979091,49.800868],[6.977064,49.799484],[6.977073,49.799259],[6.976735,49.799028],[6.976754,49.798579],[6.976078,49.798117],[6.975731,49.798111],[6.975393,49.79788],[6.975046,49.797874],[6.975056,49.797649],[6.974709,49.797643],[6.974371,49.797413]]}},
{"type":"Feature","properties":{"STRM_VAL":1.0,"max_accum":222330.0,"color":"#5b87b8","weight":2.92},"geometry":{"type":"LineString","coordinates":[[7.012511,49.807743],[7.01252,49.807518],[7.012876,49.8073],[7.012904,49.806625],[7.012566,49.806395],[7.012575,49.80617],[7.011223,49.805247],[7.010876,49.805241],[7.009862,49.804549],[7.009514,49.804543],[7.009176,49.804313],[7.008482,49.804301],[7.007468,49.803609],[7.006774,49.803597],[7.006436,49.803366],[7.006088,49.80336],[7.006098,49.803135],[7.00576,49.802905],[7.005413,49.802899],[7.005075,49.802668],[7.004727,49.802662],[7.004389,49.802431],[7.003695,49.802419],[7.003019,49.801958],[7.002672,49.801952],[7.00132,49.801029],[7.001329,49.800804],[6.998964,49.799189],[6.998617,49.799183],[6.998279,49.798953],[6.997932,49.798947],[6.997594,49.798716],[6.997247,49.79871],[6.996909,49.798479],[6.996561,49.798473],[6.996224,49.798242],[6.996233,49.798018],[6.995557,49.797556],[6.995566,49.797332],[6.995228,49.797101],[6.995238,49.796876],[6.9949,49.796645],[6.994909,49.796421],[6.994571,49.79619],[6.994581,49.795965],[6.993229,49.795042],[6.992882,49.795036]]}},
{"type":"Feature","properties":{"STRM_VAL":1.0,"max_accum":32005.0,"color":"#83b1dd","weight":1.93},"geometry":{"type":"LineString","coordinates":[[6.584421,49.800282],[6.585116,49.800296],[6.585452,49.800528],[6.586146,49.800543],[6.586482,49.800775],[6.586829,49.800782],[6.587165,49.801014],[6.587512,49.801021],[6.587848,49.801253],[6.588542,49.801267],[6.589617,49.800615],[6.589628,49.80039],[6.589986,49.800173],[6.59002,49.799499],[6.589684,49.799267],[6.589695,49.799042],[6.589023,49.798579],[6.589034,49.798354],[6.588026,49.797658],[6.588038,49.797434],[6.587366,49.79697],[6.587377,49.796745],[6.587041,49.796513],[6.587063,49.796064],[6.586727,49.795832],[6.586817,49.794035],[6.587175,49.793817],[6.587231,49.792694],[6.587589,49.792477],[6.587611,49.792027],[6.588328,49.791592],[6.588675,49.7916],[6.589749,49.790947],[6.589772,49.790498],[6.590488,49.790063],[6.590499,49.789839],[6.590857,49.789621],[6.591551,49.789636],[6.59191,49.789418],[6.592257,49.789425],[6.592615,49.789208],[6.592962,49.789215],[6.592995,49.788541],[6.593711,49.788106],[6.593723,49.787882],[6.593387,49.78765],[6.593409,49.7872],[6.594125,49.786765],[6.594136,49.786541],[6.594853,49.786106],[6.594864,49.785881],[6.59558,49.785446],[6.595591,49.785222],[6.596307,49.784787],[6.596318,49.784562],[6.597393,49.78391],[6.59774,49.783917],[6.598098,49.783699],[6.598445,49.783707],[6.598456,49.783482],[6.599844,49.783511],[6.60018,49.783743],[6.601221,49.783764],[6.601579,49.783547],[6.602273,49.783561],[6.602608,49.783793],[6.603302,49.783807],[6.604019,49.783372],[6.60403,49.783148],[6.604388,49.78293],[6.604735,49.782937],[6.605093,49.78272],[6.60544,49.782727],[6.606514,49.782074],[6.607902,49.782103],[6.60826,49.781886],[6.608596,49.782117],[6.608943,49.782125],[6.609301,49.781907],[6.611035,49.781943],[6.611393,49.781725],[6.611729,49.781957],[6.615893,49.782043],[6.616251,49.781826],[6.616587,49.782057],[6.616945,49.78184],[6.617281,49.782072],[6.619363,49.782114],[6.619721,49.781897],[6.620761,49.781918],[6.621119,49.781701],[6.623201,49.781743],[6.623537,49.781975],[6.625966,49.782025],[6.626974,49.78272],[6.628015,49.782742],[6.628351,49.782973],[6.629392,49.782995],[6.630064,49.783458],[6.630411,49.783465],[6.630747,49.783697],[6.631094,49.783704],[6.63143,49.783936],[6.632124,49.78395],[6.63246,49.784182],[6.632807,49.784189],[6.633143,49.784421],[6.63349,49.784428],[6.633826,49.78466],[6.634173,49.784667],[6.634162,49.784891]]}},
{"type":"Feature","properties":{"STRM_VAL":1.0,"max_accum":2838981.0,"color":"#275188","weight":4.23},"geometry":{"type":"LineString","coordinates":[[6.874874,49.808448],[6.874864,49.808673],[6.874507,49.808891],[6.87416,49.808885],[6.873803,49.809103],[6.873456,49.809097],[6.872027,49.80997],[6.87168,49.809964],[6.871323,49.810182],[6.870976,49.810176],[6.870262,49.810613],[6.869914,49.810606],[6.869557,49.810825],[6.868863,49.810812],[6.868149,49.811248],[6.868129,49.811698],[6.867772,49.811916],[6.867762,49.812141],[6.867405,49.812359],[6.867395,49.812584],[6.867038,49.812802],[6.867008,49.813476],[6.866651,49.813695],[6.866641,49.813919],[6.866979,49.81415],[6.866621,49.814369],[6.866523,49.816616],[6.86686,49.816847],[6.86683,49.817521],[6.867505,49.817983],[6.867485,49.818432],[6.867823,49.818664],[6.867803,49.819113],[6.86814,49.819344],[6.868131,49.819569],[6.868468,49.8198],[6.868815,49.819806],[6.869828,49.8205],[6.870175,49.820506],[6.87085,49.820968],[6.871197,49.820974],[6.871534,49.821206],[6.872576,49.821225],[6.872914,49.821456],[6.873271,49.821237],[6.873618,49.821244],[6.873956,49.821475],[6.874313,49.821257],[6.874988,49.821719],[6.875682,49.821731],[6.87602,49.821963],[6.876367,49.821969],[6.876705,49.8222],[6.877062,49.821982],[6.877409,49.821988],[6.878422,49.822681],[6.879116,49.822694],[6.879454,49.822925],[6.879801,49.822931],[6.880476,49.823393],[6.881171,49.823406],[6.881508,49.823637],[6.881856,49.823644],[6.882193,49.823875],[6.88254,49.823881],[6.882878,49.824112],[6.88392,49.824131]]}},
{"type":"Feature","properties":{"STRM_VAL":1.0,"max_accum":1139952.0,"color":"#3a6499","weight":3.76},"geometry":{"type":"LineString","coordinates":[[6.685649,49.805047],[6.685638,49.805272],[6.685975,49.805504],[6.685964,49.805728],[6.6863,49.80596],[6.68629,49.806185],[6.686626,49.806416],[6.686973,49.806423]]}},
{"type":"Feature","properties":{"STRM_VAL":1.0,"max_accum":2091636.0,"color":"#2d578d","weight":4.07},"geometry":{"type":"LineString","coordinates":[[6.686973,49.806423],[6.68732,49.80643],[6.687678,49.806212],[6.689414,49.806247],[6.689772,49.806029],[6.690119,49.806036],[6.691193,49.805383],[6.69154,49.80539],[6.691898,49.805172],[6.691962,49.803824],[6.692319,49.803606],[6.69233,49.803382],[6.693404,49.802728],[6.693751,49.802735],[6.694109,49.802517],[6.69515,49.802538],[6.695486,49.80277],[6.696875,49.802797],[6.697233,49.80258],[6.69758,49.802586],[6.697938,49.802369],[6.698632,49.802383],[6.698968,49.802614],[6.699663,49.802628],[6.700336,49.803091],[6.700683,49.803098],[6.701019,49.803329],[6.701366,49.803336],[6.702376,49.804031],[6.702365,49.804256],[6.702702,49.804487]]}},
{"type":"Feature","properties":{"STRM_VAL":1.0,"max_accum":2200971.0,"color":"#2c568c","weight":4.1},"geometry":{"type":"LineString","coordinates":[[6.769979,49.807376],[6.770336,49.807158],[6.770673,49.80739],[6.77102,49.807396],[6.771378,49.807178],[6.773114,49.807212],[6.773471,49.806994],[6.773819,49.807],[6.774176,49.806782],[6.77485,49.807245],[6.775544,49.807258],[6.775881,49.80749],[6.77585,49.808164],[6.776187,49.808395],[6.776534,49.808402]]}},
{"type":"Feature","properties":{"STRM_VAL":1.0,"max_accum":2192447.0,"color":"#2c568d","weight":4.09},"geometry":{"type":"LineString","coordinates":[[6.755744,49.807101],[6.756081,49.807333],[6.756071,49.807557],[6.756408,49.807789],[6.756397,49.808014],[6.756734,49.808245],[6.756724,49.80847],[6.75706,49.808701],[6.757029,49.809375],[6.756672,49.809593],[6.756661,49.809818],[6.756998,49.810049],[6.756988,49.810274],[6.757998,49.810968],[6.758693,49.810981],[6.759408,49.810546],[6.759755,49.810552],[6.76047,49.810116],[6.764512,49.812893],[6.764492,49.813342],[6.767269,49.813396]]}},
{"type":"Feature","properties":{"STRM_VAL":1.0,"max_accum":2149179.0,"color":"#2d568d","weight":4.08},"geometry":{"type":"LineString","coordinates":[[6.7411,49.808166],[6.745141,49.810943],[6.745131,49.811168],[6.745467,49.8114],[6.745447,49.811849],[6.746835,49.811876],[6.747172,49.812107],[6.747867,49.812121],[6.748203,49.812352],[6.748551,49.812359],[6.748887,49.81259],[6.749235,49.812597],[6.749571,49.812829],[6.749919,49.812835],[6.750255,49.813067],[6.75095,49.81308],[6.751287,49.813312],[6.752328,49.813332],[6.752665,49.813563]]}},
{"type":"Feature","properties":{"STRM_VAL":1.0,"max_accum":37778.0,"color":"#7fadd9","weight":2.02},"geometry":{"type":"LineString","coordinates":[[7.147549,49.820325],[7.147532,49.820775],[7.148209,49.821235],[7.148192,49.821685],[7.147497,49.821674],[7.147142,49.821893]]}},
{"type":"Feature","properties":{"STRM_VAL":1.0,"max_accum":51703.0,"color":"#79a7d3","weight":2.18},"geometry":{"type":"LineString","coordinates":[[7.147142,49.821893],[7.146794,49.821887],[7.146438,49.822107],[7.146099,49.821876],[7.145752,49.821871],[7.145413,49.82164],[7.14543,49.821191],[7.144075,49.82027],[7.143381,49.820259],[7.142703,49.819798],[7.142712,49.819573],[7.142373,49.819343],[7.142026,49.819337],[7.140671,49.818416],[7.140323,49.818411],[7.139967,49.81863],[7.139273,49.818619],[7.138934,49.818388],[7.137892,49.818372],[7.137553,49.818141],[7.137206,49.818136],[7.136867,49.817905],[7.135825,49.817889],[7.135486,49.817658],[7.135139,49.817653],[7.134783,49.817872],[7.133394,49.817849]]}},
{"type":"Feature","properties":{"STRM_VAL":1.0,"max_accum":62542.0,"color":"#75a2d0","weight":2.27},"geometry":{"type":"LineString","coordinates":[[7.133394,49.817849],[7.132352,49.817833],[7.132013,49.817602],[7.131318,49.817591],[7.13098,49.817361],[7.130285,49.81735],[7.130294,49.817125],[7.128557,49.817097],[7.128218,49.816866],[7.127871,49.816861],[7.127532,49.81663],[7.126838,49.816619],[7.126499,49.816389],[7.124762,49.816361],[7.124424,49.81613],[7.124077,49.816125],[7.123738,49.815894],[7.123391,49.815889],[7.123052,49.815658],[7.123061,49.815434],[7.122722,49.815203]]}},
{"type":"Feature","properties":{"STRM_VAL":1.0,"max_accum":127067.0,"color":"#6793c2","weight":2.64},"geometry":{"type":"LineString","coordinates":[[7.0511,49.82459],[7.051109,49.824365],[7.051465,49.824146],[7.051483,49.823697],[7.051145,49.823466],[7.051163,49.823017],[7.050825,49.822786],[7.05087,49.821663],[7.051226,49.821444],[7.05128,49.820096],[7.051637,49.819877],[7.051727,49.817629],[7.051389,49.817399],[7.051041,49.817393],[7.050703,49.817162],[7.050356,49.817157],[7.049679,49.816695],[7.049688,49.816471],[7.049012,49.816009],[7.049021,49.815785],[7.048682,49.815554],[7.048701,49.815105],[7.048362,49.814874],[7.04838,49.814425],[7.048042,49.814194],[7.048051,49.813969],[7.047375,49.813508],[7.047393,49.813059],[7.047054,49.812828],[7.047073,49.812379],[7.047429,49.81216],[7.047465,49.811261],[7.047127,49.81103],[7.04719,49.809457],[7.046514,49.808996],[7.046166,49.80899],[7.045152,49.808298],[7.044805,49.808293],[7.043452,49.80737],[7.043808,49.807151],[7.043844,49.806252]]}},
{"type":"Feature","properties":{"STRM_VAL":1.0,"max_accum":51703.0,"color":"#79a7d3","weight":2.18},"geometry":{"type":"LineString","coordinates":[[7.139858,49.830547],[7.139892,49.829648],[7.139554,49.829417],[7.139571,49.828968],[7.139232,49.828737],[7.139258,49.828063],[7.139614,49.827844],[7.139657,49.82672],[7.139318,49.82649],[7.139327,49.826265],[7.138649,49.825805],[7.138658,49.82558],[7.135948,49.823737],[7.135957,49.823513],[7.135618,49.823282],[7.135652,49.822383],[7.135314,49.822153],[7.135322,49.821928],[7.134984,49.821698],[7.135018,49.820799],[7.135374,49.82058],[7.135383,49.820355],[7.135739,49.820136],[7.1354,49.819906],[7.135409,49.819681],[7.13507,49.819451],[7.135079,49.819226],[7.13474,49.818995],[7.134749,49.818771],[7.133394,49.817849]]}},
{"type":"Feature","properties":{"STRM_VAL":1.0,"max_accum":1111932.0,"color":"#3a6599","weight":3.75},"geometry":{"type":"LineString","coordinates":[[6.630259,49.822144],[6.632613,49.823766],[6.632602,49.823991],[6.633611,49.824686],[6.634653,49.824707],[6.634989,49.824939],[6.635337,49.824946],[6.635673,49.825178],[6.63602,49.825185],[6.636378,49.824967],[6.63742,49.824989],[6.637779,49.824771],[6.638126,49.824778],[6.638484,49.82456],[6.639526,49.824582],[6.639884,49.824364],[6.640231,49.824371],[6.64059,49.824154],[6.641284,49.824168],[6.64162,49.824399],[6.643357,49.824435],[6.643693,49.824667],[6.64543,49.824702],[6.646146,49.824267],[6.646157,49.824042],[6.646515,49.823824],[6.646862,49.823831],[6.646895,49.823157],[6.647253,49.82294],[6.647297,49.822041],[6.646624,49.821578],[6.64734,49.821142],[6.647677,49.821374],[6.648024,49.821381],[6.649033,49.822076],[6.650075,49.822097]]}},
{"type":"Feature","properties":{"STRM_VAL":1.0,"max_accum":1120863.0,"color":"#3a6499","weight":3.75},"geometry":{"type":"LineString","coordinates":[[6.650075,49.822097],[6.650422,49.822105],[6.65078,49.821887],[6.651128,49.821894],[6.651486,49.821676],[6.651833,49.821683],[6.652549,49.821248],[6.653591,49.821269],[6.653949,49.821052],[6.654286,49.821283],[6.654633,49.82129],[6.654969,49.821522],[6.655316,49.821529],[6.655653,49.821761],[6.656695,49.821782],[6.657031,49.822013],[6.657378,49.822021],[6.657715,49.822252],[6.658409,49.822266],[6.658746,49.822498],[6.65944,49.822512],[6.659798,49.822294],[6.660146,49.822301]]}},
{"type":"Feature","properties":{"STRM_VAL":1.0,"max_accum":1139952.0,"color":"#3a6499","weight":3.76},"geometry":{"type":"LineString","coordinates":[[6.660146,49.822301],[6.660167,49.821852],[6.660525,49.821634],[6.660547,49.821185],[6.660905,49.820967],[6.660927,49.820518],[6.661285,49.8203],[6.661296,49.820076],[6.661654,49.819858],[6.661665,49.819633],[6.663097,49.818763],[6.663433,49.818994],[6.663781,49.819001],[6.664117,49.819233],[6.664464,49.81924],[6.664801,49.819472],[6.665148,49.819479],[6.665484,49.81971],[6.666179,49.819724],[6.666515,49.819956],[6.666863,49.819963],[6.667199,49.820195],[6.667893,49.820209],[6.668252,49.819991],[6.668599,49.819998],[6.669315,49.819563],[6.669326,49.819338],[6.669684,49.81912],[6.669716,49.818446],[6.669043,49.817983],[6.669054,49.817758],[6.668718,49.817527],[6.668728,49.817302],[6.668392,49.81707],[6.668403,49.816846],[6.668066,49.816614],[6.66811,49.815715],[6.668468,49.815498],[6.668478,49.815273],[6.668836,49.815055],[6.668847,49.814831],[6.669205,49.814613],[6.669216,49.814388],[6.669574,49.81417],[6.669585,49.813946],[6.670659,49.813293],[6.671006,49.8133],[6.671364,49.813082],[6.671711,49.813089],[6.672069,49.812871],[6.672416,49.812878],[6.672774,49.812661],[6.673122,49.812668],[6.67348,49.81245],[6.674174,49.812464],[6.674532,49.812246],[6.675574,49.812267],[6.676647,49.811614],[6.676658,49.811389],[6.677016,49.811171],[6.677363,49.811178],[6.681301,49.808784],[6.681648,49.808791],[6.682006,49.808573],[6.682353,49.80858],[6.6845,49.807273],[6.684847,49.80728],[6.685563,49.806845],[6.68591,49.806852],[6.686268,49.806634],[6.686615,49.806641],[6.686973,49.806423]]}},
{"type":"Feature","properties":{"STRM_VAL":1.0,"max_accum":85839.0,"color":"#6f9cca","weight":2.44},"geometry":{"type":"LineString","coordinates":[[7.099103,49.832584],[7.098426,49.832123],[7.09847,49.830999],[7.097793,49.830538],[7.09782,49.829864],[7.098176,49.829645],[7.098193,49.829196],[7.097855,49.828965],[7.097872,49.828516],[7.096179,49.827363],[7.096188,49.827139],[7.095173,49.826447],[7.095181,49.826223],[7.094843,49.825992],[7.094878,49.825093],[7.09454,49.824863],[7.094584,49.823739],[7.093568,49.823048],[7.093595,49.822374],[7.092918,49.821913],[7.092944,49.821239],[7.09159,49.820317],[7.091599,49.820092],[7.091252,49.820086],[7.090913,49.819856],[7.090566,49.81985],[7.089889,49.819389]]}},
{"type":"Feature","properties":{"STRM_VAL":1.0,"max_accum":2331635.0,"color":"#2b558b","weight":4.13},"geometry":{"type":"LineString","coordinates":[[6.825001,49.827987],[6.824991,49.828212],[6.827689,49.830062],[6.828036,49.830068],[6.829386,49.830993],[6.829733,49.831],[6.83007,49.831231],[6.831807,49.831263],[6.832522,49.830827],[6.833197,49.831289],[6.833086,49.833761],[6.834098,49.834455]]}},
{"type":"Feature","properties":{"STRM_VAL":1.0,"max_accum":271145.0,"color":"#5783b4","weight":3.02},"geometry":{"type":"LineString","coordinates":[[6.958682,49.831769],[6.957987,49.831757],[6.95763,49.831975],[6.956588,49.831957],[6.956231,49.832176],[6.954841,49.832151],[6.954484,49.83237],[6.954137,49.832364],[6.95378,49.832582],[6.953433,49.832576],[6.953076,49.832795],[6.952728,49.832788],[6.952014,49.833226],[6.951667,49.833219],[6.951329,49.832989],[6.950982,49.832982],[6.948279,49.831136],[6.948288,49.830911],[6.945923,49.829295],[6.945576,49.829289],[6.944224,49.828365],[6.944291,49.826792]]}},
{"type":"Feature","properties":{"STRM_VAL":1.0,"max_accum":96024.0,"color":"#6c99c8","weight":2.49},"geometry":{"type":"LineString","coordinates":[[7.079576,49.834061],[7.079585,49.833836],[7.079941,49.833617],[7.079264,49.833156],[7.079291,49.832482],[7.078943,49.832476],[7.078605,49.832246],[7.078614,49.832021],[7.078275,49.83179],[7.078293,49.831341],[7.079362,49.830684],[7.080057,49.830695],[7.080413,49.830477],[7.080422,49.830252],[7.080778,49.830033],[7.080787,49.829808],[7.081856,49.829151],[7.081865,49.828926],[7.082221,49.828707],[7.082239,49.828258],[7.082595,49.828039],[7.082613,49.82759],[7.082275,49.827359],[7.082301,49.826685],[7.081624,49.826224],[7.081687,49.824651],[7.079994,49.823498],[7.080003,49.823274],[7.077972,49.821891],[7.077999,49.821216],[7.077661,49.820986],[7.077678,49.820536],[7.078035,49.820318],[7.078044,49.820093],[7.0784,49.819874],[7.078462,49.818301]]}},
{"type":"Feature","properties":{"STRM_VAL":1.0,"max_accum":2138316.0,"color":"#2d578d","weight":4.08},"geometry":{"type":"LineString","coordinates":[[6.735664,49.82785],[6.735674,49.827625],[6.735001,49.827162],[6.735011,49.826938],[6.734674,49.826706],[6.734706,49.826032],[6.734369,49.825801],[6.73439,49.825351],[6.735106,49.824916],[6.734769,49.824684],[6.734779,49.824459],[6.735137,49.824241],[6.735179,49.823343],[6.734842,49.823111],[6.733106,49.823077],[6.732769,49.822846],[6.732801,49.822172],[6.732464,49.82194],[6.733179,49.821505],[6.732843,49.821273],[6.7332,49.821055],[6.733221,49.820606],[6.732885,49.820374],[6.7336,49.819939],[6.733947,49.819945],[6.734305,49.819727],[6.733632,49.819265],[6.733653,49.818815],[6.732979,49.818352]]}},
{"type":"Feature","properties":{"STRM_VAL":1.0,"max_accum":1120863.0,"color":"#3a6499","weight":3.75},"geometry":{"type":"LineString","coordinates":[[6.666158,49.82737],[6.665485,49.826907],[6.665496,49.826682],[6.664823,49.826219],[6.664834,49.825994],[6.664498,49.825762],[6.664519,49.825313],[6.662837,49.824155],[6.66249,49.824148],[6.662153,49.823916],[6.661806,49.823909],[6.661133,49.823446],[6.661144,49.823221],[6.660135,49.822526],[6.660146,49.822301]]}},
{"type":"Feature","properties":{"STRM_VAL":1.0,"max_accum":1098315.0,"color":"#3a659a","weight":3.74},"geometry":{"type":"LineString","coordinates":[[6.598067,49.826428],[6.598056,49.826653],[6.599065,49.827348],[6.599054,49.827573],[6.600062,49.828269],[6.600757,49.828283],[6.601093,49.828515],[6.60144,49.828522],[6.602112,49.828986],[6.60246,49.828993],[6.603805,49.82992],[6.603793,49.830145],[6.605138,49.831072],[6.605127,49.831297],[6.605463,49.831529],[6.605811,49.831536],[6.606147,49.831768],[6.606494,49.831775],[6.606483,49.832],[6.608501,49.833391],[6.608848,49.833398],[6.609857,49.834093],[6.611246,49.834122],[6.611604,49.833905],[6.612299,49.833919],[6.612658,49.833701],[6.615436,49.833759],[6.615772,49.83399],[6.616467,49.834005],[6.616826,49.833787],[6.61752,49.833801],[6.617857,49.834033],[6.618215,49.833816],[6.619257,49.833837],[6.619615,49.83362],[6.62031,49.833634],[6.621027,49.833199],[6.622069,49.83322],[6.622427,49.833003],[6.625206,49.83306],[6.625878,49.833523],[6.62692,49.833545],[6.627257,49.833776],[6.627604,49.833784],[6.628613,49.834479],[6.62896,49.834486],[6.631651,49.83634],[6.631999,49.836347],[6.634017,49.837738],[6.634006,49.837962],[6.633648,49.83818],[6.633637,49.838405],[6.633973,49.838636],[6.634332,49.838419],[6.634679,49.838426]]}},
{"type":"Feature","properties":{"STRM_VAL":1.0,"max_accum":1111932.0,"color":"#3a6599","weight":3.75},"geometry":{"type":"LineString","coordinates":[[6.634679,49.838426],[6.63469,49.838201],[6.635048,49.837984],[6.635059,49.837759],[6.635418,49.837542],[6.635429,49.837317],[6.635787,49.837099],[6.635798,49.836875],[6.636514,49.836439],[6.636547,49.835765],[6.637264,49.83533],[6.637611,49.835337],[6.63797,49.83512],[6.638664,49.835134],[6.639023,49.834916],[6.639717,49.834931],[6.640054,49.835162],[6.642485,49.835212],[6.642843,49.834994],[6.643538,49.835008],[6.643896,49.834791],[6.644591,49.834805],[6.644949,49.834587],[6.645297,49.834594],[6.645655,49.834377],[6.646002,49.834384],[6.646719,49.833949],[6.647414,49.833963],[6.64813,49.833527],[6.648152,49.833078],[6.649227,49.832425],[6.649237,49.832201],[6.649954,49.831765],[6.649965,49.831541],[6.650681,49.831105],[6.650692,49.830881],[6.65105,49.830663],[6.651061,49.830438],[6.651419,49.830221],[6.651496,49.828648],[6.651159,49.828416],[6.65117,49.828192],[6.650834,49.82796],[6.650888,49.826837],[6.650552,49.826605],[6.650584,49.825931],[6.650248,49.825699],[6.650259,49.825475],[6.649922,49.825243],[6.649933,49.825018],[6.649261,49.824555],[6.649337,49.822982],[6.649695,49.822764],[6.649717,49.822315],[6.650075,49.822097]]}},
{"type":"Feature","properties":{"STRM_VAL":1.0,"max_accum":18345.0,"color":"#8ebde7","weight":1.65},"geometry":{"type":"LineString","coordinates":[[7.172873,49.840067],[7.172517,49.840286],[7.17217,49.840281],[7.171814,49.8405],[7.171466,49.840494],[7.170788,49.840034],[7.170093,49.840023],[7.169737,49.840242],[7.169398,49.840012],[7.16905,49.840007]]}},
{"type":"Feature","properties":{"STRM_VAL":1.0,"max_accum":37778.0,"color":"#7fadd9","weight":2.02},"geometry":{"type":"LineString","coordinates":[[7.16905,49.840007],[7.167694,49.839086],[7.167703,49.838861],[7.167364,49.838631],[7.16772,49.838411],[7.167737,49.837962],[7.167398,49.837732],[7.167406,49.837507],[7.167067,49.837277],[7.167076,49.837052],[7.16572,49.836131],[7.165373,49.836125],[7.165034,49.835895],[7.164686,49.83589],[7.163669,49.835199],[7.163686,49.83475],[7.163347,49.834519],[7.163356,49.834295],[7.163017,49.834064],[7.163025,49.83384],[7.16167,49.832919],[7.161322,49.832913],[7.160305,49.832222],[7.159958,49.832217],[7.15928,49.831756],[7.158933,49.831751],[7.157577,49.83083],[7.15723,49.830824],[7.157247,49.830375],[7.155552,49.829223],[7.155561,49.828999],[7.154544,49.828308],[7.154553,49.828083],[7.154214,49.827853],[7.154222,49.827628],[7.154578,49.827409],[7.154587,49.827184],[7.154248,49.826954],[7.154274,49.82628],[7.153596,49.825819],[7.153613,49.825369],[7.153274,49.825139],[7.153283,49.824914],[7.152944,49.824684],[7.152597,49.824679],[7.152258,49.824448],[7.152266,49.824224],[7.151589,49.823763],[7.151597,49.823538],[7.151259,49.823308],[7.151267,49.823083],[7.150928,49.822853],[7.150937,49.822628],[7.14992,49.821937],[7.147142,49.821893]]}},
{"type":"Feature","properties":{"STRM_VAL":1.0,"max_accum":29996.0,"color":"#84b2de","weight":1.9},"geometry":{"type":"LineString","coordinates":[[6.990252,49.841766],[6.990242,49.841991],[6.990581,49.842221],[6.990562,49.842671],[6.9909,49.842902],[6.990882,49.843351],[6.99122,49.843582],[6.99121,49.843807],[6.991549,49.844037],[6.991521,49.844711],[6.992197,49.845173],[6.992188,49.845398],[6.993202,49.84609],[6.993193,49.846315],[6.994546,49.847237],[6.994527,49.847687],[6.995204,49.848148],[6.995194,49.848373],[6.995533,49.848604],[6.995477,49.849952],[6.995815,49.850183],[6.995806,49.850408],[6.996144,49.850638],[6.996107,49.851537],[6.996445,49.851768],[6.996436,49.851993],[6.996774,49.852223],[6.996746,49.852898],[6.997085,49.853128],[6.997066,49.853578],[6.997404,49.853808],[6.997395,49.854033],[6.997733,49.854264],[6.997622,49.856961],[6.997265,49.857179],[6.997256,49.857404],[6.996899,49.857623],[6.996787,49.860319],[6.997464,49.860781],[6.997445,49.86123],[6.998122,49.861692],[6.998113,49.861916]]}},
{"type":"Feature","properties":{"STRM_VAL":1.0,"max_accum":47929.0,"color":"#7aa8d5","weight":2.14},"geometry":{"type":"LineString","coordinates":[[6.998113,49.861916],[6.997042,49.862572],[6.996694,49.862566],[6.995266,49.863441],[6.993528,49.863411],[6.993171,49.86363],[6.991781,49.863606],[6.991424,49.863825],[6.991076,49.863819],[6.990362,49.864256],[6.990701,49.864487],[6.990645,49.865835],[6.990288,49.866054],[6.990626,49.866284],[6.990617,49.866509],[6.991293,49.866971],[6.991284,49.867195],[6.990927,49.867414],[6.990918,49.867639],[6.991256,49.867869],[6.991604,49.867875],[6.991594,49.8681],[6.991933,49.868331],[6.991905,49.869005],[6.992581,49.869467],[6.992572,49.869691],[6.992911,49.869922],[6.992883,49.870596],[6.993221,49.870827],[6.993193,49.871501],[6.993531,49.871732],[6.993522,49.871957],[6.99386,49.872187],[6.993851,49.872412],[6.99419,49.872643],[6.99418,49.872867],[6.994519,49.873098],[6.994509,49.873323],[6.995186,49.873784],[6.995167,49.874234],[6.996183,49.874926],[6.996173,49.875151],[6.996512,49.875381],[6.996503,49.875606],[6.996841,49.875837],[6.996822,49.876286],[6.997499,49.876748],[6.99749,49.876973],[6.998505,49.877665],[6.998148,49.877883],[6.998487,49.878114],[6.998477,49.878339],[6.99812,49.878558],[6.998111,49.878782],[7.000142,49.880167],[7.000133,49.880391],[7.00081,49.880853],[7.001157,49.880859],[7.001496,49.881089],[7.001486,49.881314],[7.001825,49.881545],[7.001816,49.88177],[7.002493,49.882231],[7.002136,49.88245],[7.002474,49.882681],[7.002465,49.882905],[7.002803,49.883136],[7.003847,49.883154],[7.004185,49.883385],[7.004176,49.883609],[7.004514,49.88384],[7.004505,49.884065],[7.004844,49.884295],[7.004834,49.88452],[7.005173,49.884751],[7.005145,49.885425],[7.005484,49.885656],[7.0054,49.887678],[7.005043,49.887897],[7.005034,49.888122],[7.005373,49.888352],[7.005015,49.888571],[7.004932,49.890594]]}},
{"type":"Feature","properties":{"STRM_VAL":1.0,"max_accum":3480041.0,"color":"#234c84","weight":4.33},"geometry":{"type":"LineString","coordinates":[[7.004932,49.890594],[7.004914,49.891043],[7.004556,49.891262],[7.004492,49.892835],[7.004134,49.893054],[7.004116,49.893503],[7.003402,49.89394],[7.00374,49.894171],[7.003703,49.89507],[7.003346,49.895289],[7.003327,49.895738],[7.003666,49.895969],[7.003592,49.897767],[7.00393,49.897997],[7.003893,49.898896],[7.004232,49.899127],[7.003875,49.899346],[7.003773,49.901818],[7.004789,49.90251],[7.004742,49.903633],[7.004385,49.903852],[7.004376,49.904077],[7.004714,49.904307],[7.004357,49.904526],[7.004329,49.9052],[7.004668,49.905431],[7.005016,49.905437],[7.005007,49.905662],[7.005345,49.905892],[7.005336,49.906117],[7.005675,49.906348],[7.005666,49.906573],[7.005308,49.906791],[7.005299,49.907016],[7.005647,49.907022],[7.005619,49.907696],[7.005262,49.907915],[7.005601,49.908146],[7.005582,49.908595],[7.005921,49.908826],[7.005884,49.909725],[7.005527,49.909943],[7.005489,49.910842],[7.004775,49.91128],[7.004756,49.911729],[7.004399,49.911948],[7.003703,49.911936],[7.003346,49.912155],[7.003685,49.912385],[7.00297,49.912823],[7.002924,49.913946],[7.00362,49.913958],[7.003958,49.914189],[7.004654,49.914201],[7.005332,49.914662]]}},
{"type":"Feature","properties":{"STRM_VAL":1.0,"max_accum":18345.0,"color":"#8ebde7","weight":1.65},"geometry":{"type":"LineString","coordinates":[[7.18959,49.84865],[7.189243,49.848644],[7.188564,49.848184],[7.188217,49.848178],[7.187878,49.847948],[7.187183,49.847937],[7.186504,49.847477],[7.185809,49.847466],[7.18547,49.847236],[7.184775,49.847225],[7.184436,49.846995],[7.183741,49.846984],[7.183385,49.847203],[7.181299,49.847171],[7.180943,49.84739],[7.179553,49.847368],[7.179197,49.847587],[7.178154,49.847571],[7.177815,49.847341],[7.177459,49.84756],[7.17712,49.84733],[7.176764,49.847549],[7.176417,49.847544],[7.176077,49.847313],[7.175382,49.847302],[7.175043,49.847072],[7.174696,49.847067],[7.174357,49.846837],[7.174009,49.846831],[7.173331,49.846371],[7.173365,49.845472],[7.173026,49.845241],[7.173034,49.845017],[7.172695,49.844787],[7.172704,49.844562],[7.172365,49.844332],[7.17239,49.843657],[7.172051,49.843427],[7.172059,49.843202],[7.171381,49.842742],[7.17139,49.842517],[7.170712,49.842057],[7.17072,49.841832],[7.170381,49.841602],[7.17039,49.841377],[7.170051,49.841147],[7.170059,49.840922],[7.16972,49.840692],[7.169729,49.840467],[7.16905,49.840007]]}},
{"type":"Feature","properties":{"STRM_VAL":1.0,"max_accum":21792.0,"color":"#8bb9e4","weight":1.74},"geometry":{"type":"LineString","coordinates":[[6.771514,49.842038],[6.771166,49.842032],[6.770155,49.841337],[6.770165,49.841113],[6.769828,49.840881],[6.769849,49.840432],[6.769175,49.839969],[6.769185,49.839745],[6.768511,49.839282],[6.766427,49.839242],[6.76609,49.83901],[6.765395,49.838997]]}},
{"type":"Feature","properties":{"STRM_VAL":1.0,"max_accum":2185755.0,"color":"#2c568d","weight":4.09},"geometry":{"type":"LineString","coordinates":[[6.765395,49.838997],[6.764047,49.838071],[6.764078,49.837397],[6.763741,49.837166],[6.763772,49.836492],[6.763435,49.83626],[6.763792,49.836042],[6.763455,49.835811],[6.763108,49.835804],[6.763118,49.83558],[6.763476,49.835362],[6.762465,49.834668],[6.76177,49.834654],[6.761433,49.834423],[6.761086,49.834416],[6.760412,49.833953],[6.760422,49.833729],[6.759748,49.833266],[6.759401,49.833259],[6.757379,49.831871],[6.757483,49.829624],[6.757146,49.829392],[6.757167,49.828943],[6.75683,49.828712],[6.756851,49.828262],[6.756177,49.827799],[6.756187,49.827575],[6.75484,49.826649],[6.754871,49.825975],[6.754534,49.825744],[6.754544,49.825519],[6.754207,49.825287],[6.754218,49.825063],[6.754576,49.824845],[6.753902,49.824382],[6.753555,49.824375],[6.753218,49.824144],[6.753249,49.82347],[6.753607,49.823252],[6.754301,49.823265],[6.754659,49.823047],[6.75469,49.822373],[6.755048,49.822155],[6.755395,49.822162],[6.755426,49.821488],[6.755784,49.82127],[6.755857,49.819697],[6.75552,49.819466],[6.755676,49.816095],[6.756033,49.815878],[6.756054,49.815428],[6.756412,49.81521],[6.756422,49.814986],[6.764409,49.81514],[6.766554,49.813832]]}},
{"type":"Feature","properties":{"STRM_VAL":1.0,"max_accum":2340615.0,"color":"#2b558b","weight":4.13},"geometry":{"type":"LineString","coordinates":[[6.824255,49.844615],[6.824612,49.844397],[6.82496,49.844403],[6.825317,49.844185],[6.825665,49.844192],[6.827095,49.843319],[6.827145,49.842195],[6.826808,49.841964],[6.826858,49.840841],[6.827216,49.840623],[6.827226,49.840398],[6.828298,49.839743],[6.829341,49.839763],[6.831486,49.838454],[6.831833,49.83846],[6.833978,49.837151],[6.834325,49.837157],[6.834335,49.836933],[6.83505,49.836496],[6.838177,49.836555]]}},
{"type":"Feature","properties":{"STRM_VAL":1.0,"max_accum":503699.0,"color":"#4a76a8","weight":3.34},"geometry":{"type":"LineString","coordinates":[[6.937168,49.84713],[6.936126,49.847111],[6.935788,49.84688],[6.93544,49.846874],[6.935102,49.846643],[6.934755,49.846637],[6.934417,49.846406],[6.931289,49.84635],[6.930932,49.846569],[6.92989,49.84655],[6.929533,49.846769],[6.928143,49.846744],[6.927129,49.846051],[6.927139,49.845826],[6.926801,49.845595],[6.926453,49.845589]]}},
{"type":"Feature","properties":{"STRM_VAL":1.0,"max_accum":40855.0,"color":"#7eacd8","weight":2.06},"geometry":{"type":"LineString","coordinates":[[6.594867,49.841879],[6.595215,49.841886],[6.596896,49.843046],[6.597243,49.843053],[6.59758,49.843285],[6.597568,49.84351],[6.598241,49.843973],[6.59823,49.844198],[6.599239,49.844894],[6.599216,49.845343],[6.599553,49.845575],[6.59953,49.846024],[6.599867,49.846256],[6.599856,49.846481],[6.600528,49.846944],[6.600517,49.847169],[6.600853,49.847401],[6.600842,49.847625],[6.601178,49.847857],[6.601167,49.848082],[6.601504,49.848314],[6.601493,49.848538],[6.602838,49.849466],[6.602816,49.849915],[6.603488,49.850379],[6.603466,49.850828],[6.603802,49.85106],[6.603444,49.851278],[6.603422,49.851727],[6.603758,49.851959],[6.603399,49.852176],[6.603736,49.852408]]}},
{"type":"Feature","properties":{"STRM_VAL":1.0,"max_accum":1086301.0,"color":"#3b659a","weight":3.73},"geometry":{"type":"LineString","coordinates":[[6.603736,49.852408],[6.604072,49.85264],[6.604767,49.852654],[6.605126,49.852437],[6.605473,49.852444],[6.605809,49.852676],[6.606504,49.85269],[6.606863,49.852473],[6.60721,49.85248],[6.607569,49.852262],[6.610001,49.852313],[6.61036,49.852095],[6.614529,49.852181],[6.614866,49.852413],[6.615213,49.85242],[6.615886,49.852884],[6.616234,49.852891],[6.61657,49.853122],[6.617265,49.853137],[6.617601,49.853369],[6.618296,49.853383],[6.618655,49.853165],[6.619002,49.853173],[6.620436,49.852302],[6.620447,49.852078],[6.621164,49.851643],[6.621175,49.851418],[6.621534,49.8512],[6.621556,49.850751],[6.62299,49.849881],[6.623012,49.849432],[6.62337,49.849214],[6.623381,49.84899],[6.62374,49.848772],[6.623751,49.848547],[6.624826,49.847895],[6.624837,49.84767],[6.625196,49.847452],[6.625207,49.847228],[6.625565,49.84701],[6.625587,49.846561],[6.624914,49.846097],[6.624937,49.845648],[6.6246,49.845416],[6.624611,49.845192],[6.624275,49.84496],[6.624633,49.844742],[6.624644,49.844518],[6.625003,49.8443],[6.625014,49.844075],[6.62573,49.84364],[6.625741,49.843416],[6.6261,49.843198],[6.626111,49.842973],[6.626469,49.842756],[6.626491,49.842307],[6.628283,49.841219],[6.628294,49.840994],[6.628653,49.840777],[6.629,49.840784],[6.629358,49.840566],[6.629706,49.840573],[6.629717,49.840349],[6.630792,49.839696],[6.631139,49.839703],[6.631498,49.839485],[6.631845,49.839493],[6.632203,49.839275],[6.632214,49.83905],[6.632909,49.839065],[6.633246,49.839296],[6.634288,49.839318],[6.634646,49.8391],[6.634657,49.838875]]}},
{"type":"Feature","properties":{"STRM_VAL":1.0,"max_accum":1098315.0,"color":"#3a659a","weight":3.74},"geometry":{"type":"LineString","coordinates":[[6.634657,49.838875],[6.634679,49.838426]]}},
{"type":"Feature","properties":{"STRM_VAL":1.0,"max_accum":30710.0,"color":"#84b2dd","weight":1.91},"geometry":{"type":"LineString","coordinates":[[7.11781,49.852229],[7.117097,49.852667],[7.11708,49.853116],[7.116723,49.853335],[7.116697,49.854009],[7.116341,49.854229],[7.116332,49.854453],[7.115976,49.854672],[7.115967,49.854897],[7.115611,49.855116],[7.115949,49.855347],[7.115237,49.855785],[7.114889,49.855779],[7.113107,49.856874],[7.113099,49.857099],[7.113437,49.85733],[7.113385,49.858678],[7.113029,49.858897],[7.11302,49.859122],[7.111951,49.859779],[7.111603,49.859773],[7.111247,49.859992],[7.110204,49.859975],[7.109134,49.860633],[7.108439,49.860621],[7.108083,49.86084],[7.107735,49.860835],[7.107709,49.861509],[7.107352,49.861728],[7.107691,49.861958],[7.107682,49.862183],[7.107326,49.862402],[7.107273,49.863751],[7.10656,49.864189],[7.106525,49.865088],[7.106169,49.865307],[7.10616,49.865531],[7.105447,49.865969],[7.105099,49.865964],[7.104386,49.866402],[7.104039,49.866396],[7.103682,49.866615],[7.102987,49.866604],[7.101917,49.867261],[7.101222,49.86725],[7.100866,49.867469],[7.100518,49.867463],[7.100161,49.867682],[7.099814,49.867676],[7.099457,49.867895],[7.099109,49.86789],[7.097683,49.868766],[7.097675,49.86899],[7.097318,49.869209],[7.097309,49.869434],[7.096953,49.869653],[7.096935,49.870103],[7.096222,49.870541],[7.095874,49.870535],[7.095518,49.870754],[7.094474,49.870737],[7.094118,49.870956],[7.094109,49.871181],[7.093752,49.8714],[7.092709,49.871382],[7.09237,49.871152],[7.091675,49.871141],[7.091318,49.87136],[7.090275,49.871342],[7.089562,49.87178],[7.089553,49.872005],[7.089197,49.872224],[7.089188,49.872449],[7.088831,49.872668],[7.088814,49.873117],[7.089152,49.873348],[7.089126,49.874022],[7.088769,49.874241],[7.08876,49.874466],[7.088404,49.874685],[7.087708,49.874673],[7.087352,49.874892],[7.087343,49.875117],[7.086629,49.875555],[7.086282,49.875549],[7.085925,49.875768],[7.085577,49.875762],[7.083794,49.876857],[7.083785,49.877082],[7.083072,49.87752],[7.082029,49.877503],[7.081672,49.877722],[7.080976,49.87771],[7.08062,49.877929],[7.079229,49.877906],[7.07889,49.877676],[7.078533,49.877895],[7.07749,49.877877],[7.07642,49.878534],[7.076411,49.878759],[7.076054,49.878978],[7.076036,49.879427],[7.07568,49.879646],[7.075341,49.879416],[7.074993,49.87941],[7.074654,49.87918],[7.072568,49.879145],[7.071854,49.879583],[7.070115,49.879554],[7.069402,49.879992],[7.069054,49.879986],[7.068341,49.880424],[7.067645,49.880412],[7.066932,49.88085]]}},
{"type":"Feature","properties":{"STRM_VAL":1.0,"max_accum":40500.0,"color":"#7eacd8","weight":2.05},"geometry":{"type":"LineString","coordinates":[[7.066932,49.88085],[7.066575,49.881069],[7.065532,49.881052],[7.064461,49.881708],[7.062722,49.881679],[7.062384,49.881449],[7.06134,49.881431],[7.060983,49.88165],[7.060645,49.88142],[7.059254,49.881396],[7.058897,49.881615],[7.058888,49.88184],[7.057817,49.882497],[7.055383,49.882456],[7.055026,49.882675],[7.055017,49.882899],[7.053946,49.883556],[7.053937,49.883781],[7.051796,49.885094],[7.04971,49.885059],[7.049371,49.884829],[7.047632,49.884799],[7.047293,49.884569],[7.045902,49.884545],[7.045563,49.884315],[7.04452,49.884297],[7.044181,49.884066],[7.043485,49.884055],[7.042772,49.884492],[7.042424,49.884487],[7.042067,49.884705],[7.041719,49.884699],[7.041005,49.885137],[7.040658,49.885131],[7.039944,49.885569],[7.039248,49.885557],[7.038891,49.885776],[7.038543,49.88577],[7.038186,49.885989],[7.037491,49.885977],[7.037152,49.885747],[7.035065,49.885711]]}},
{"type":"Feature","properties":{"STRM_VAL":1.0,"max_accum":3529935.0,"color":"#234c84","weight":4.34},"geometry":{"type":"LineString","coordinates":[[7.035065,49.885711],[7.03437,49.885699],[7.034031,49.885469],[7.033683,49.885463],[7.033345,49.885232],[7.031953,49.885209],[7.031239,49.885646],[7.030892,49.88564],[7.030535,49.885859],[7.030187,49.885853],[7.02983,49.886072],[7.028091,49.886043],[7.027377,49.88648],[7.02735,49.887154],[7.026993,49.887373],[7.026983,49.887598],[7.026269,49.888035],[7.025922,49.88803],[7.024851,49.888686],[7.024841,49.888911],[7.024484,49.889129],[7.024466,49.889579],[7.024109,49.889798],[7.0241,49.890022],[7.02053,49.89221],[7.020182,49.892204],[7.018754,49.893079],[7.018406,49.893074],[7.018049,49.893292],[7.018039,49.893517],[7.017325,49.893955],[7.01663,49.893943],[7.014844,49.895036],[7.014496,49.895031],[7.014469,49.895705],[7.014807,49.895935],[7.014798,49.89616],[7.014441,49.896379],[7.014413,49.897053],[7.014056,49.897272],[7.014047,49.897496],[7.01369,49.897715],[7.013681,49.89794],[7.013323,49.898159],[7.013662,49.898389],[7.013653,49.898614],[7.013296,49.898833],[7.013287,49.899058],[7.012929,49.899276],[7.012892,49.900175],[7.013231,49.900406],[7.013194,49.901305],[7.012123,49.901961],[7.012114,49.902186],[7.011756,49.902405],[7.011747,49.902629],[7.01139,49.902848],[7.011325,49.904421],[7.010968,49.90464],[7.010876,49.906887],[7.010518,49.907106],[7.010509,49.90733],[7.010152,49.907549],[7.010078,49.909347],[7.010417,49.909578],[7.010407,49.909802],[7.010746,49.910033],[7.010728,49.910482],[7.009299,49.911357],[7.00929,49.911582],[7.008932,49.911801],[7.008923,49.912026],[7.008566,49.912244],[7.008538,49.912919],[7.008181,49.913137],[7.008519,49.913368],[7.007448,49.914024],[7.00742,49.914698],[7.007063,49.914917]]}},
{"type":"Feature","properties":{"STRM_VAL":1.0,"max_accum":29996.0,"color":"#84b2de","weight":1.9},"geometry":{"type":"LineString","coordinates":[[7.028476,49.850968],[7.02778,49.850956],[7.027424,49.851175],[7.027076,49.851169],[7.026719,49.851388],[7.026372,49.851382],[7.026015,49.851601],[7.025668,49.851595],[7.025311,49.851814],[7.024963,49.851808],[7.02318,49.852902],[7.023143,49.853801],[7.022795,49.853795],[7.020655,49.855107],[7.020307,49.855101],[7.019594,49.855539],[7.019246,49.855533],[7.018889,49.855752],[7.018542,49.855746],[7.018185,49.855965],[7.017837,49.855959],[7.016767,49.856615],[7.016419,49.856609],[7.014635,49.857703],[7.014288,49.857697],[7.013217,49.858353],[7.012175,49.858335],[7.011818,49.858554],[7.011123,49.858542],[7.010766,49.858761],[7.01007,49.858749],[7.009714,49.858968],[7.009018,49.858956],[7.008662,49.859175],[7.007619,49.859157],[7.007262,49.859375],[7.006914,49.85937],[7.003702,49.861338],[7.00266,49.86132],[7.002303,49.861539],[7.00126,49.861521],[7.000903,49.86174],[6.999165,49.86171],[6.998808,49.861928],[6.998113,49.861916]]}},
{"type":"Feature","properties":{"STRM_VAL":1.0,"max_accum":2865870.0,"color":"#275087","weight":4.23},"geometry":{"type":"LineString","coordinates":[[6.889717,49.858644],[6.890432,49.858207],[6.89078,49.858213],[6.891137,49.857995],[6.89218,49.858014],[6.892537,49.857796],[6.892885,49.857802],[6.893222,49.858033]]}},
{"type":"Feature","properties":{"STRM_VAL":1.0,"max_accum":23467.0,"color":"#89b8e2","weight":1.77},"geometry":{"type":"LineString","coordinates":[[6.800608,49.85991],[6.80025,49.860128],[6.80021,49.861027],[6.800547,49.861259],[6.800465,49.863056],[6.800803,49.863287],[6.800782,49.863737],[6.80112,49.863968],[6.80111,49.864193],[6.801447,49.864424],[6.801416,49.865098],[6.801754,49.865329],[6.801744,49.865554],[6.802081,49.865785],[6.802061,49.866235],[6.802398,49.866466],[6.802388,49.866691],[6.802725,49.866922],[6.802705,49.867371],[6.803042,49.867603],[6.80293,49.870074],[6.803605,49.870537],[6.803247,49.870755],[6.803237,49.87098],[6.803574,49.871211],[6.803922,49.871217],[6.803912,49.871442],[6.806612,49.873292],[6.806959,49.873299],[6.807972,49.873993],[6.808319,49.873999],[6.81237,49.876774],[6.812012,49.876993],[6.812349,49.877224],[6.812339,49.877448]]}},
{"type":"Feature","properties":{"STRM_VAL":1.0,"max_accum":48186.0,"color":"#7aa8d5","weight":2.14},"geometry":{"type":"LineString","coordinates":[[6.812339,49.877448],[6.812677,49.87768],[6.81372,49.877699],[6.81507,49.878624],[6.81506,49.878849],[6.815735,49.879312],[6.816083,49.879318],[6.81642,49.879549],[6.816778,49.879331],[6.817116,49.879563],[6.817811,49.879576],[6.818149,49.879807],[6.81954,49.879833],[6.819877,49.880064],[6.820235,49.879846],[6.820583,49.879853],[6.821258,49.880315],[6.821238,49.880764],[6.821575,49.880996],[6.821565,49.88122],[6.821913,49.881227],[6.822588,49.881689],[6.822936,49.881696],[6.823274,49.881927],[6.823621,49.881934],[6.823959,49.882165],[6.824654,49.882178],[6.824992,49.882409],[6.825687,49.882422],[6.826025,49.882653],[6.827416,49.88268],[6.827754,49.882911],[6.827744,49.883135],[6.828439,49.883148],[6.828777,49.88338],[6.833297,49.883464],[6.833635,49.883695],[6.833993,49.883477],[6.834341,49.883484],[6.834678,49.883715],[6.835374,49.883728],[6.836049,49.88419],[6.83744,49.884216],[6.837778,49.884448],[6.837768,49.884672],[6.838106,49.884903],[6.838453,49.88491],[6.839129,49.885372],[6.839477,49.885379]]}},
{"type":"Feature","properties":{"STRM_VAL":1.0,"max_accum":452946.0,"color":"#4d78aa","weight":3.29},"geometry":{"type":"LineString","coordinates":[[6.839477,49.885379],[6.84049,49.886072],[6.84048,49.886297],[6.841523,49.886316],[6.841881,49.886098],[6.842556,49.886561],[6.842536,49.88701],[6.842874,49.887241],[6.843917,49.88726],[6.844255,49.887492],[6.844603,49.887498],[6.845616,49.888192],[6.84666,49.888211],[6.847017,49.887993],[6.847365,49.887999],[6.847703,49.88823],[6.848061,49.888012]]}},
{"type":"Feature","properties":{"STRM_VAL":1.0,"max_accum":2820842.0,"color":"#275188","weight":4.22},"geometry":{"type":"LineString","coordinates":[[6.848061,49.888012],[6.848091,49.887338],[6.84988,49.886247],[6.850227,49.886253],[6.851301,49.885599],[6.851311,49.885374],[6.850973,49.885143],[6.851331,49.884924],[6.850993,49.884693],[6.851003,49.884469],[6.850665,49.884237],[6.850317,49.884231],[6.849979,49.884],[6.849632,49.883993],[6.849294,49.883762],[6.849652,49.883544],[6.850347,49.883557],[6.852851,49.882029],[6.852871,49.88158],[6.852196,49.881117],[6.8515,49.881105],[6.850825,49.880642],[6.850835,49.880418],[6.851192,49.880199],[6.851888,49.880212],[6.853319,49.879339],[6.853328,49.879115],[6.852991,49.878883],[6.853001,49.878659],[6.852663,49.878428],[6.852315,49.878421],[6.851302,49.877728],[6.851322,49.877278],[6.850984,49.877047],[6.850994,49.876822],[6.850657,49.876591],[6.850309,49.876585],[6.849971,49.876354],[6.850001,49.87568],[6.850359,49.875461],[6.849683,49.874999],[6.849693,49.874774],[6.849356,49.874543],[6.849376,49.874094],[6.8487,49.873632],[6.84872,49.873182],[6.849078,49.872964],[6.849088,49.872739],[6.84875,49.872508],[6.84876,49.872283],[6.847409,49.871359],[6.847062,49.871352],[6.846386,49.87089],[6.846396,49.870665],[6.846754,49.870447],[6.846764,49.870222],[6.848552,49.869131],[6.848582,49.868457],[6.848244,49.868226],[6.848264,49.867776],[6.847927,49.867545],[6.849,49.866891],[6.84901,49.866666],[6.849367,49.866448],[6.849387,49.865998],[6.849745,49.86578],[6.849755,49.865555],[6.849417,49.865324],[6.849457,49.864425],[6.848782,49.863963],[6.848792,49.863738],[6.848454,49.863507],[6.848107,49.863501],[6.846756,49.862576],[6.846776,49.862127],[6.846439,49.861896],[6.846091,49.861889],[6.845733,49.862107],[6.845386,49.862101],[6.845048,49.86187],[6.845078,49.861196],[6.844403,49.860733],[6.844055,49.860727],[6.843718,49.860496],[6.843003,49.860932],[6.842655,49.860926],[6.842297,49.861144],[6.841622,49.860682],[6.84198,49.860463],[6.842,49.860014],[6.841325,49.859552],[6.84063,49.859539],[6.840292,49.859307],[6.839944,49.859301],[6.839607,49.85907],[6.839617,49.858845],[6.839279,49.858614],[6.838922,49.858832],[6.838574,49.858826],[6.837899,49.858363],[6.838257,49.858145],[6.837919,49.857914],[6.837959,49.857015],[6.837622,49.856784],[6.837274,49.856777],[6.836262,49.856084],[6.836342,49.854286],[6.8367,49.854068],[6.837047,49.854075],[6.837405,49.853856],[6.837067,49.853625],[6.837097,49.852951],[6.837812,49.852515],[6.83815,49.852746],[6.838497,49.852752],[6.838855,49.852534],[6.838865,49.852309],[6.839223,49.852091],[6.839263,49.851192],[6.838925,49.850961],[6.838935,49.850737],[6.838598,49.850505],[6.838618,49.850056],[6.838975,49.849838],[6.838985,49.849613],[6.839343,49.849395],[6.839363,49.848945],[6.83972,49.848727],[6.83974,49.848278],[6.840455,49.847841],[6.840465,49.847617],[6.840128,49.847386],[6.840148,49.846936],[6.839811,49.846705],[6.839821,49.84648],[6.840178,49.846262],[6.840188,49.846037],[6.839851,49.845806],[6.839881,49.845132],[6.842026,49.843823],[6.842373,49.843829],[6.84273,49.843611],[6.843078,49.843617],[6.843435,49.843399],[6.843783,49.843406],[6.84414,49.843187],[6.844488,49.843194],[6.845203,49.842757],[6.84555,49.842764],[6.845908,49.842546],[6.846255,49.842552],[6.847685,49.841679],[6.848727,49.841699],[6.849085,49.84148],[6.849432,49.841487],[6.850862,49.840614],[6.851209,49.84062],[6.851567,49.840402],[6.855388,49.840473]]}},
{"type":"Feature","properties":{"STRM_VAL":1.0,"max_accum":30285.0,"color":"#84b2de","weight":1.9},"geometry":{"type":"LineString","coordinates":[[7.161077,49.866865],[7.16106,49.867315],[7.160704,49.867534],[7.160687,49.867984],[7.159262,49.868861],[7.159253,49.869085],[7.158897,49.869305],[7.15882,49.871327],[7.158464,49.871546],[7.158447,49.871996],[7.157734,49.872434],[7.157725,49.872659],[7.157369,49.872878],[7.157021,49.872873],[7.15524,49.873969],[7.155231,49.874193],[7.154519,49.874632],[7.15451,49.874857],[7.154154,49.875076],[7.154111,49.8762],[7.153755,49.876419],[7.153737,49.876868],[7.153025,49.877307],[7.153016,49.877531],[7.152304,49.87797],[7.151956,49.877964],[7.151599,49.878183],[7.151591,49.878408],[7.151234,49.878627],[7.151217,49.879077],[7.150861,49.879296],[7.150844,49.879745],[7.150131,49.880184],[7.150122,49.880409],[7.14941,49.880847],[7.149401,49.881072],[7.148688,49.88151],[7.14868,49.881735],[7.14761,49.882392],[7.147263,49.882387],[7.147254,49.882612],[7.146898,49.882831],[7.14688,49.88328],[7.146524,49.883499],[7.146507,49.883949],[7.145437,49.884606],[7.14542,49.885056],[7.145064,49.885275],[7.145403,49.885505],[7.14469,49.885944],[7.144673,49.886393],[7.144316,49.886612],[7.143273,49.886596],[7.142204,49.887253],[7.142195,49.887478],[7.141482,49.887916],[7.141473,49.888141],[7.139691,49.889237],[7.139682,49.889461],[7.138969,49.8899],[7.139309,49.89013],[7.139283,49.890804],[7.139622,49.891035],[7.139579,49.892158],[7.139918,49.892389],[7.139909,49.892613],[7.139553,49.892832],[7.139535,49.893282],[7.139875,49.893512],[7.139857,49.893962],[7.140197,49.894192],[7.140171,49.894866],[7.139814,49.895085],[7.139788,49.89576],[7.140127,49.89599],[7.140119,49.896215],[7.140797,49.896675],[7.140746,49.898024],[7.141085,49.898254],[7.141042,49.899378],[7.140685,49.899597],[7.140607,49.90162],[7.140251,49.901839],[7.140233,49.902288],[7.139877,49.902507],[7.139868,49.902732],[7.139512,49.902951],[7.13812,49.902929],[7.137763,49.903148],[7.137755,49.903373],[7.138772,49.904064],[7.138764,49.904288],[7.139103,49.904519],[7.139094,49.904744],[7.139773,49.905204],[7.139764,49.905429],[7.140104,49.905659],[7.140095,49.905884],[7.140434,49.906114],[7.140426,49.906339]]}},
{"type":"Feature","properties":{"STRM_VAL":1.0,"max_accum":41173.0,"color":"#7eabd8","weight":2.06},"geometry":{"type":"LineString","coordinates":[[7.140426,49.906339],[7.140417,49.906564],[7.139704,49.907002],[7.137964,49.906974],[7.137625,49.906744],[7.137268,49.906963],[7.136572,49.906952],[7.136215,49.907171],[7.13552,49.90716],[7.135163,49.907379],[7.132727,49.90734],[7.131657,49.907997],[7.131648,49.908222],[7.131292,49.908441],[7.130944,49.908435],[7.129517,49.909312],[7.129169,49.909306],[7.128812,49.909525],[7.127768,49.909508],[7.127412,49.909728],[7.127064,49.909722],[7.126707,49.909941]]}},
{"type":"Feature","properties":{"STRM_VAL":1.0,"max_accum":76514.0,"color":"#719ecc","weight":2.38},"geometry":{"type":"LineString","coordinates":[[7.126707,49.909941],[7.12635,49.91016],[7.126002,49.910154],[7.125985,49.910604],[7.126324,49.910834],[7.126307,49.911284],[7.126646,49.911514],[7.126576,49.913312],[7.126219,49.913531],[7.126211,49.913756],[7.125854,49.913975],[7.125506,49.913969],[7.12548,49.914644],[7.126498,49.915335],[7.126489,49.915559],[7.127168,49.91602],[7.12715,49.91647],[7.127829,49.91693],[7.128177,49.916936]]}},
{"type":"Feature","properties":{"STRM_VAL":1.0,"max_accum":96587.0,"color":"#6c99c8","weight":2.5},"geometry":{"type":"LineString","coordinates":[[7.128177,49.916936],[7.128516,49.917166],[7.129909,49.917189],[7.130248,49.917419],[7.130222,49.918093],[7.129152,49.918751],[7.128456,49.918739],[7.128099,49.918958],[7.128064,49.919857],[7.12628,49.920953],[7.125941,49.920723],[7.124548,49.9207],[7.124192,49.920919],[7.123843,49.920914],[7.123504,49.920683],[7.121764,49.920655],[7.12105,49.921093],[7.121033,49.921543],[7.120676,49.921762],[7.120623,49.92311],[7.119927,49.923099],[7.11957,49.923318],[7.119535,49.924217],[7.120214,49.924678],[7.120188,49.925352],[7.120527,49.925582],[7.119814,49.92602],[7.119117,49.926009],[7.11876,49.926228],[7.118421,49.925998],[7.118064,49.926217],[7.117725,49.925987],[7.117368,49.926206],[7.115976,49.926183],[7.115619,49.926402],[7.115271,49.926396],[7.115235,49.927295],[7.114879,49.927514],[7.114835,49.928638],[7.115174,49.928868],[7.115522,49.928874],[7.116201,49.929335],[7.116549,49.929341],[7.116889,49.929571],[7.116862,49.930245],[7.116505,49.930464],[7.116488,49.930914],[7.115417,49.931571],[7.115069,49.931565],[7.114712,49.931784],[7.112971,49.931756],[7.112614,49.931975],[7.112588,49.932649],[7.112927,49.93288],[7.11257,49.933099],[7.112222,49.933093],[7.111865,49.933312],[7.111857,49.933537],[7.111508,49.933531],[7.111169,49.933301],[7.110473,49.933289],[7.110133,49.933059],[7.109437,49.933048],[7.108723,49.933486],[7.108714,49.933711],[7.109054,49.933941],[7.108697,49.93416],[7.108688,49.934385],[7.109706,49.935076],[7.109688,49.935525],[7.110028,49.935756],[7.110019,49.935981],[7.109662,49.9362],[7.109627,49.937099],[7.110306,49.937559],[7.110297,49.937784],[7.10994,49.938003],[7.110279,49.938234],[7.11027,49.938458],[7.11061,49.938689],[7.110601,49.938913],[7.110244,49.939132],[7.110165,49.941155],[7.109808,49.941374],[7.110147,49.941604],[7.10979,49.941824],[7.109729,49.943397],[7.109372,49.943616],[7.109328,49.944739],[7.108971,49.944958],[7.108953,49.945408],[7.109301,49.945414],[7.110999,49.946566],[7.11099,49.94679],[7.110642,49.946785],[7.110284,49.947004],[7.110276,49.947228],[7.110615,49.947459],[7.110258,49.947678],[7.110249,49.947903],[7.110589,49.948133]]}},
{"type":"Feature","properties":{"STRM_VAL":1.0,"max_accum":4402948.0,"color":"#1e477f","weight":4.45},"geometry":{"type":"LineString","coordinates":[[7.110589,49.948133],[7.110571,49.948583],[7.110911,49.948813],[7.111955,49.94883],[7.112974,49.949521],[7.113322,49.949527],[7.113662,49.949757],[7.116448,49.949802]]}},
{"type":"Feature","properties":{"STRM_VAL":1.0,"max_accum":19684.0,"color":"#8dbbe6","weight":1.68},"geometry":{"type":"LineString","coordinates":[[6.556791,49.859074],[6.560614,49.859154],[6.560972,49.858937],[6.56271,49.858974],[6.563046,49.859206],[6.565826,49.859264],[6.566185,49.859047],[6.568618,49.859098]]}},
{"type":"Feature","properties":{"STRM_VAL":1.0,"max_accum":40855.0,"color":"#7eacd8","weight":2.06},"geometry":{"type":"LineString","coordinates":[[6.568618,49.859098],[6.568651,49.858424],[6.568315,49.858192],[6.568338,49.857743],[6.569055,49.857308],[6.56975,49.857322],[6.569762,49.857098],[6.57012,49.85688],[6.570177,49.855757],[6.570535,49.85554],[6.570883,49.855547],[6.5716,49.855112],[6.571948,49.85512],[6.572307,49.854902],[6.572318,49.854678],[6.573013,49.854692],[6.57373,49.854257],[6.574078,49.854265],[6.575154,49.853612],[6.575165,49.853388],[6.57586,49.853402],[6.576196,49.853634],[6.577239,49.853656],[6.577956,49.853221],[6.579693,49.853258],[6.580411,49.852823],[6.580758,49.85283],[6.581117,49.852613],[6.581464,49.85262],[6.581823,49.852402],[6.582866,49.852424],[6.583202,49.852656],[6.584244,49.852678],[6.584603,49.85246],[6.585645,49.852482],[6.586004,49.852265],[6.586015,49.85204],[6.58671,49.852055],[6.587069,49.851837],[6.588458,49.851866],[6.588817,49.851649],[6.589859,49.85167],[6.590196,49.851902],[6.591238,49.851924],[6.591574,49.852156],[6.591922,49.852163],[6.592594,49.852627],[6.593289,49.852641],[6.593626,49.852873],[6.593984,49.852656],[6.594679,49.85267],[6.595038,49.852453],[6.598165,49.852518],[6.598882,49.852083],[6.598905,49.851633],[6.599622,49.851198],[6.600664,49.85122],[6.601,49.851452],[6.601359,49.851234],[6.602401,49.851256],[6.602738,49.851488],[6.602704,49.852162],[6.603041,49.852394],[6.603736,49.852408]]}},
{"type":"Feature","properties":{"STRM_VAL":1.0,"max_accum":21792.0,"color":"#8bb9e4","weight":1.74},"geometry":{"type":"LineString","coordinates":[[6.734341,49.863581],[6.734352,49.863356],[6.73471,49.863139],[6.73472,49.862914],[6.735795,49.86226],[6.736132,49.862492],[6.73649,49.862274],[6.737185,49.862287],[6.737901,49.861852],[6.741724,49.861926],[6.742798,49.861272],[6.743841,49.861293],[6.744178,49.861524],[6.745221,49.861544],[6.745558,49.861776],[6.745906,49.861783],[6.746264,49.861565],[6.748349,49.861605],[6.748686,49.861837],[6.749044,49.861619],[6.749392,49.861626],[6.749729,49.861857],[6.750076,49.861864],[6.750792,49.861428],[6.752183,49.861455],[6.752541,49.861237],[6.753583,49.861257],[6.754299,49.860821],[6.754974,49.861284],[6.755669,49.861298],[6.756385,49.860862],[6.75708,49.860875],[6.757438,49.860657],[6.757785,49.860664],[6.758501,49.860228],[6.759196,49.860241],[6.759554,49.860023],[6.760229,49.860486],[6.761271,49.860506],[6.761629,49.860288],[6.762325,49.860302],[6.762335,49.860077],[6.762693,49.859859],[6.763388,49.859873],[6.763725,49.860104],[6.764073,49.860111],[6.764431,49.859893],[6.764778,49.859899],[6.765136,49.859681],[6.765188,49.858558],[6.764851,49.858327],[6.764861,49.858102],[6.764187,49.857639],[6.764197,49.857414],[6.763523,49.856952],[6.763554,49.856278],[6.762859,49.856264],[6.762501,49.856482],[6.761458,49.856462],[6.761121,49.856231],[6.762911,49.855141],[6.763118,49.850647],[6.762781,49.850416],[6.762792,49.850191],[6.763507,49.849755],[6.763855,49.849762],[6.763865,49.849537],[6.764213,49.849544],[6.764571,49.849326],[6.764664,49.847304],[6.765022,49.847086],[6.765063,49.846187],[6.764389,49.845724],[6.764441,49.844601],[6.764799,49.844383],[6.764819,49.843933],[6.764482,49.843702],[6.764493,49.843477],[6.76485,49.843259],[6.764513,49.843028],[6.764565,49.841904],[6.764923,49.841686],[6.764933,49.841462],[6.765291,49.841244],[6.765301,49.841019],[6.765659,49.840801],[6.766007,49.840808],[6.766364,49.84059],[6.766027,49.840358],[6.766385,49.84014],[6.766048,49.839909],[6.766058,49.839684],[6.765721,49.839453],[6.765732,49.839228],[6.765395,49.838997]]}},
{"type":"Feature","properties":{"STRM_VAL":1.0,"max_accum":2129981.0,"color":"#2d578d","weight":4.08},"geometry":{"type":"LineString","coordinates":[[6.700087,49.866954],[6.699413,49.866491],[6.69837,49.86647],[6.697023,49.865544],[6.697033,49.865319],[6.695686,49.864393],[6.695338,49.864386],[6.695001,49.864155],[6.694306,49.864141],[6.692622,49.862983],[6.692274,49.862976],[6.691264,49.862281],[6.691274,49.862056],[6.691633,49.861839],[6.69198,49.861846],[6.692339,49.861628],[6.692002,49.861396],[6.692012,49.861172],[6.691676,49.86094],[6.691686,49.860715],[6.691013,49.860252],[6.691034,49.859803],[6.691751,49.859367],[6.692098,49.859374],[6.692815,49.858939],[6.692847,49.858265],[6.69251,49.858033],[6.692162,49.858026],[6.691826,49.857795],[6.691836,49.85757],[6.692194,49.857352],[6.692542,49.857359],[6.693258,49.856924],[6.693301,49.856025],[6.692964,49.855793],[6.692975,49.855569],[6.693692,49.855133],[6.694734,49.855154],[6.695092,49.854936],[6.69544,49.854943],[6.695472,49.854269],[6.695135,49.854037],[6.695146,49.853813],[6.695504,49.853595],[6.695515,49.85337],[6.695873,49.853152],[6.69622,49.853159],[6.696937,49.852724],[6.696947,49.852499],[6.696611,49.852268],[6.696621,49.852043],[6.696284,49.851811],[6.696643,49.851594],[6.69699,49.8516],[6.697348,49.851383],[6.697402,49.850259],[6.69776,49.850042],[6.698455,49.850055],[6.698813,49.849838],[6.69916,49.849844],[6.699877,49.849409],[6.700224,49.849416],[6.70094,49.84898],[6.700972,49.848306],[6.701689,49.847871],[6.702384,49.847884],[6.702742,49.847667],[6.702784,49.846768],[6.702447,49.846536],[6.702458,49.846312],[6.702121,49.84608],[6.702132,49.845855],[6.703206,49.845202],[6.705291,49.845243],[6.705649,49.845026],[6.70567,49.844576],[6.705333,49.844345],[6.705365,49.843671],[6.704692,49.843208],[6.704756,49.841859],[6.704419,49.841628],[6.70443,49.841403],[6.704093,49.841172],[6.704114,49.840722],[6.703777,49.840491],[6.703809,49.839817],[6.704525,49.839381],[6.704536,49.839156],[6.704894,49.838939],[6.705241,49.838946],[6.705252,49.838721],[6.706684,49.83785],[6.706695,49.837625],[6.708127,49.836754],[6.708474,49.836761],[6.708832,49.836543],[6.708843,49.836318],[6.709559,49.835883],[6.70958,49.835433],[6.709938,49.835215],[6.71098,49.835236],[6.711338,49.835018],[6.711381,49.834119],[6.711044,49.833888],[6.710696,49.833881],[6.71036,49.83365],[6.710381,49.8332],[6.710044,49.832969],[6.710055,49.832744],[6.709718,49.832512],[6.70975,49.831838],[6.709413,49.831607],[6.709434,49.831157],[6.708424,49.830463],[6.708435,49.830238],[6.707425,49.829543],[6.707435,49.829319],[6.707099,49.829087],[6.707141,49.828189],[6.705794,49.827262],[6.705816,49.826813],[6.706174,49.826595],[6.706195,49.826146],[6.70689,49.82616],[6.707247,49.825942],[6.707269,49.825492],[6.707627,49.825275],[6.707637,49.82505],[6.707995,49.824832],[6.708342,49.824839],[6.708385,49.82394],[6.709101,49.823505],[6.709448,49.823512],[6.709459,49.823287],[6.709817,49.823069],[6.70948,49.822837],[6.710196,49.822402],[6.709859,49.82217],[6.70987,49.821946],[6.710227,49.821728],[6.710238,49.821503],[6.722393,49.821743],[6.722751,49.821525]]}},
{"type":"Feature","properties":{"STRM_VAL":1.0,"max_accum":30710.0,"color":"#84b2dd","weight":1.91},"geometry":{"type":"LineString","coordinates":[[7.065987,49.878361],[7.066326,49.878591],[7.066317,49.878816],[7.066656,49.879046],[7.06662,49.879945],[7.066959,49.880176],[7.066932,49.88085]]}},
{"type":"Feature","properties":{"STRM_VAL":1.0,"max_accum":40500.0,"color":"#7eacd8","weight":2.05},"geometry":{"type":"LineString","coordinates":[[7.041535,49.880649],[7.041517,49.881098],[7.04116,49.881317],[7.041151,49.881542],[7.040794,49.88176],[7.040785,49.881985],[7.040428,49.882204],[7.039037,49.88218],[7.036539,49.883712],[7.03653,49.883937],[7.036173,49.884156],[7.036145,49.88483],[7.035788,49.885049],[7.035779,49.885274],[7.035065,49.885711]]}},
{"type":"Feature","properties":{"STRM_VAL":1.0,"max_accum":47929.0,"color":"#7aa8d5","weight":2.14},"geometry":{"type":"LineString","coordinates":[[6.987172,49.882416],[6.98752,49.882422],[6.988197,49.882883],[6.988187,49.883108],[6.988526,49.883339],[6.988516,49.883564],[6.989532,49.884256],[6.990227,49.884268],[6.990566,49.884499],[6.990556,49.884723],[6.992249,49.885877],[6.992944,49.885889],[6.993283,49.88612],[6.996761,49.88618],[6.997099,49.886411],[6.997447,49.886417],[6.997786,49.886647],[6.998133,49.886653],[6.99881,49.887115],[6.999158,49.887121],[7.000174,49.887813],[7.000522,49.887819],[7.00086,49.88805],[7.001208,49.888056],[7.001547,49.888287],[7.001894,49.888292],[7.002571,49.888754],[7.002562,49.888979],[7.004932,49.890594]]}},
{"type":"Feature","properties":{"STRM_VAL":1.0,"max_accum":23467.0,"color":"#89b8e2","weight":1.77},"geometry":{"type":"LineString","coordinates":[[6.766974,49.880181],[6.768017,49.880202],[6.768375,49.879984],[6.768723,49.87999],[6.769081,49.879772],[6.769776,49.879786],[6.770134,49.879568],[6.770482,49.879574],[6.770819,49.879806],[6.773601,49.879859],[6.773959,49.879641],[6.775002,49.879661],[6.77536,49.879443],[6.776403,49.879463],[6.777119,49.879027],[6.778162,49.879047],[6.77852,49.878829],[6.778868,49.878836],[6.779205,49.879067],[6.779553,49.879074],[6.779911,49.878856],[6.780259,49.878862],[6.780617,49.878644],[6.782008,49.878671],[6.783082,49.878017],[6.783429,49.878024],[6.784503,49.877369],[6.784524,49.87692],[6.784882,49.876702],[6.784913,49.876028],[6.786344,49.875156],[6.786692,49.875162],[6.78705,49.874944],[6.787398,49.874951],[6.787756,49.874733],[6.788799,49.874753],[6.789157,49.874535],[6.791938,49.874588],[6.792296,49.87437],[6.792991,49.874383],[6.793707,49.873947],[6.794382,49.87441],[6.79612,49.874443],[6.796478,49.874225],[6.796816,49.874456],[6.798206,49.874482],[6.798544,49.874714],[6.798891,49.87472],[6.799249,49.874502],[6.800937,49.875659],[6.801284,49.875665],[6.801622,49.875896],[6.802665,49.875916],[6.803002,49.876147],[6.803698,49.876161],[6.804035,49.876392],[6.804383,49.876398],[6.805058,49.876861],[6.805416,49.876643],[6.805763,49.87665],[6.806438,49.877112],[6.806796,49.876894],[6.807839,49.876914],[6.808177,49.877145],[6.808535,49.876927],[6.80921,49.877389],[6.809558,49.877396],[6.809915,49.877178],[6.811654,49.877211],[6.811991,49.877442],[6.812339,49.877448]]}},
{"type":"Feature","properties":{"STRM_VAL":1.0,"max_accum":16511.0,"color":"#90bfe9","weight":1.59},"geometry":{"type":"LineString","coordinates":[[6.805151,49.882485],[6.809324,49.882564],[6.809661,49.882795],[6.812443,49.882848],[6.812781,49.883079],[6.813824,49.883099],[6.814161,49.88333],[6.814509,49.883336],[6.815184,49.883799],[6.81588,49.883812],[6.816217,49.884043],[6.817261,49.884063],[6.817598,49.884294],[6.818989,49.88432],[6.819327,49.884552],[6.819675,49.884558],[6.821025,49.885483],[6.822416,49.885509],[6.822754,49.88574],[6.824145,49.885767],[6.824503,49.885548],[6.824851,49.885555]]}},
{"type":"Feature","properties":{"STRM_VAL":1.0,"max_accum":48186.0,"color":"#7aa8d5","weight":2.14},"geometry":{"type":"LineString","coordinates":[[6.824851,49.885555],[6.825566,49.885119],[6.826957,49.885145],[6.827295,49.885376],[6.828686,49.885402],[6.829024,49.885633],[6.829719,49.885646],[6.830057,49.885877],[6.830405,49.885884],[6.830742,49.886115],[6.83109,49.886122],[6.831428,49.886353],[6.834558,49.886411],[6.835273,49.885975],[6.837012,49.886007],[6.83735,49.886239],[6.837698,49.886245],[6.838413,49.885809],[6.838761,49.885815],[6.839477,49.885379]]}},
{"type":"Feature","properties":{"STRM_VAL":1.0,"max_accum":19684.0,"color":"#8dbbe6","weight":1.68},"geometry":{"type":"LineString","coordinates":[[6.578088,49.878412],[6.578133,49.877513],[6.577123,49.876817],[6.577135,49.876593],[6.576798,49.876361],[6.576809,49.876136],[6.575128,49.874977],[6.575173,49.874078],[6.574164,49.873382],[6.574175,49.873157],[6.573502,49.872694],[6.573558,49.87157],[6.572886,49.871106],[6.572908,49.870657],[6.572572,49.870425],[6.572606,49.869751],[6.572965,49.869534],[6.572628,49.869302],[6.572987,49.869085],[6.572651,49.868853],[6.572741,49.867055],[6.572405,49.866823],[6.572427,49.866374],[6.572786,49.866157],[6.57245,49.865925],[6.572484,49.865251],[6.571811,49.864787],[6.571833,49.864338],[6.571497,49.864106],[6.571508,49.863881],[6.570836,49.863417],[6.570488,49.86341],[6.569143,49.862482],[6.569155,49.862257],[6.568818,49.862026],[6.56883,49.861801],[6.568157,49.861337],[6.56818,49.860888],[6.568897,49.860453],[6.568942,49.859554],[6.568606,49.859322],[6.568618,49.859098]]}},
{"type":"Feature","properties":{"STRM_VAL":1.0,"max_accum":1017546.0,"color":"#3c679b","weight":3.7},"geometry":{"type":"LineString","coordinates":[[6.66006,49.88167],[6.659387,49.881207],[6.659039,49.8812],[6.658702,49.880968],[6.658713,49.880743],[6.657702,49.880048],[6.657713,49.879824],[6.657377,49.879592],[6.657409,49.878918],[6.657072,49.878686],[6.657094,49.878237],[6.656421,49.877774],[6.656431,49.877549],[6.654748,49.87639],[6.654758,49.876166],[6.653411,49.875239],[6.652021,49.875211],[6.651684,49.874979],[6.651336,49.874972],[6.650663,49.874509],[6.650674,49.874284],[6.650337,49.874052],[6.650359,49.873603],[6.650022,49.873371],[6.650033,49.873146],[6.64936,49.872683],[6.649371,49.872458],[6.648697,49.871995],[6.648708,49.87177],[6.647698,49.871075],[6.64735,49.871068],[6.646677,49.870605],[6.646329,49.870597],[6.645319,49.869902],[6.644961,49.87012],[6.644266,49.870106],[6.643929,49.869874],[6.644288,49.869656],[6.643951,49.869425],[6.643962,49.8692],[6.642571,49.869172],[6.642213,49.869389],[6.642147,49.870737],[6.641789,49.870955],[6.641093,49.870941]]}},
{"type":"Feature","properties":{"STRM_VAL":1.0,"max_accum":1086301.0,"color":"#3b659a","weight":3.73},"geometry":{"type":"LineString","coordinates":[[6.641093,49.870941],[6.641115,49.870491],[6.641474,49.870274],[6.641485,49.870049],[6.641148,49.869817],[6.641159,49.869593],[6.640486,49.869129],[6.640508,49.86868],[6.640866,49.868462],[6.640877,49.868238],[6.641594,49.867803],[6.641605,49.867578],[6.643039,49.866708],[6.643083,49.865809],[6.643442,49.865591],[6.643453,49.865367],[6.64417,49.864931],[6.64418,49.864707],[6.645614,49.863836],[6.645962,49.863843],[6.64632,49.863626],[6.646342,49.863176],[6.646701,49.862959],[6.646712,49.862734],[6.64707,49.862517],[6.647081,49.862292],[6.647798,49.861857],[6.648146,49.861864],[6.648156,49.861639],[6.648515,49.861421],[6.648569,49.860298],[6.648233,49.860066],[6.648244,49.859842],[6.647571,49.859378],[6.647581,49.859154],[6.646908,49.85869],[6.646561,49.858683],[6.646202,49.858901],[6.645855,49.858894],[6.645496,49.859111],[6.645149,49.859104],[6.64479,49.859322],[6.644443,49.859315],[6.644084,49.859532],[6.643737,49.859525],[6.6434,49.859294],[6.642358,49.859272],[6.642021,49.859041],[6.641674,49.859034],[6.638308,49.856716],[6.638319,49.856491],[6.637982,49.85626],[6.638004,49.85581],[6.637668,49.855579],[6.637722,49.854455],[6.638081,49.854238],[6.638103,49.853788],[6.638461,49.853571],[6.638472,49.853346],[6.638831,49.853128],[6.638842,49.852904],[6.6392,49.852686],[6.639211,49.852462],[6.639569,49.852244],[6.63958,49.852019],[6.639939,49.851802],[6.63995,49.851577],[6.640308,49.851359],[6.640319,49.851135],[6.640677,49.850917],[6.640688,49.850693],[6.641047,49.850475],[6.641058,49.85025],[6.641416,49.850033],[6.641764,49.85004],[6.642122,49.849822],[6.642469,49.849829],[6.643186,49.849394],[6.643219,49.84872],[6.643577,49.848502],[6.643643,49.847154],[6.643306,49.846923],[6.64335,49.846024],[6.641668,49.844865],[6.641679,49.844641],[6.641342,49.844409],[6.641353,49.844184],[6.641017,49.843953],[6.641126,49.841706],[6.64079,49.841474],[6.640442,49.841467],[6.639769,49.841004],[6.639422,49.840997],[6.639085,49.840765],[6.638738,49.840758],[6.638402,49.840526],[6.638054,49.840519],[6.637718,49.840287],[6.637023,49.840273],[6.636687,49.840041],[6.636339,49.840034],[6.636003,49.839802],[6.635655,49.839795],[6.634982,49.839332],[6.634993,49.839107],[6.634657,49.838875]]}},
{"type":"Feature","properties":{"STRM_VAL":1.0,"max_accum":30636.0,"color":"#84b2dd","weight":1.91},"geometry":{"type":"LineString","coordinates":[[7.198056,49.892183],[7.198031,49.892857],[7.196962,49.893515],[7.196267,49.893504],[7.195198,49.894162],[7.19485,49.894157],[7.194494,49.894376],[7.193798,49.894365],[7.193442,49.894584],[7.193094,49.894579],[7.192025,49.895237],[7.190633,49.895215],[7.190277,49.895434],[7.189929,49.895429],[7.189573,49.895648],[7.188877,49.895637],[7.18852,49.895857],[7.188173,49.895851],[7.187816,49.896071],[7.187808,49.896295],[7.187451,49.896515],[7.187104,49.896509],[7.186391,49.896948],[7.185347,49.896932],[7.184991,49.897151],[7.184295,49.89714],[7.183939,49.897359],[7.183243,49.897348],[7.18253,49.897787],[7.182522,49.898012],[7.182165,49.898231],[7.182072,49.900703],[7.181359,49.901142],[7.181012,49.901136],[7.181003,49.901361],[7.180647,49.90158],[7.180638,49.901805],[7.180282,49.902024],[7.180256,49.902698],[7.179544,49.903137],[7.179535,49.903362],[7.179179,49.903581],[7.17917,49.903806],[7.178814,49.904025],[7.17777,49.904009],[7.177057,49.904447],[7.176709,49.904442],[7.176353,49.904661],[7.176344,49.904886],[7.175988,49.905105],[7.175962,49.905779],[7.175606,49.905998],[7.175258,49.905993],[7.174188,49.906651],[7.17384,49.906645],[7.173484,49.906865],[7.173459,49.907539],[7.173102,49.907758],[7.173085,49.908208],[7.172016,49.908865],[7.171668,49.90886],[7.170955,49.909298],[7.170259,49.909287],[7.169902,49.909507],[7.169563,49.909276],[7.168171,49.909254],[7.167814,49.909474],[7.167466,49.909468],[7.166753,49.909907],[7.166405,49.909901],[7.166048,49.91012],[7.165352,49.910109],[7.164996,49.910329],[7.165335,49.910559],[7.165267,49.912357],[7.164911,49.912576],[7.164571,49.912346],[7.163875,49.912335],[7.163536,49.912104],[7.163578,49.910981],[7.163239,49.91075],[7.162543,49.910739],[7.162203,49.910509],[7.161855,49.910504],[7.161516,49.910273],[7.161168,49.910268],[7.160811,49.910487],[7.160463,49.910482],[7.160107,49.910701],[7.158715,49.910679],[7.158358,49.910898],[7.15801,49.910892],[7.157653,49.911112],[7.157305,49.911106],[7.156949,49.911325],[7.15694,49.91155],[7.155871,49.912208],[7.155828,49.913331],[7.155114,49.91377],[7.154766,49.913764],[7.154053,49.914203],[7.152661,49.91418],[7.152304,49.9144],[7.151956,49.914394],[7.151948,49.914619],[7.151591,49.914838],[7.151574,49.915287],[7.150861,49.915726],[7.150165,49.915715],[7.149825,49.915484],[7.149129,49.915473],[7.148059,49.916131],[7.148051,49.916356],[7.147337,49.916794],[7.147329,49.917019],[7.148007,49.917479],[7.14799,49.917929],[7.147277,49.918367],[7.146929,49.918361],[7.145502,49.919238]]}},
{"type":"Feature","properties":{"STRM_VAL":1.0,"max_accum":76514.0,"color":"#719ecc","weight":2.38},"geometry":{"type":"LineString","coordinates":[[7.145502,49.919238],[7.144806,49.919227],[7.144093,49.919665],[7.143745,49.91966],[7.143031,49.920098],[7.142335,49.920087],[7.141996,49.919857],[7.142013,49.919407],[7.141673,49.919177],[7.141691,49.918727],[7.141351,49.918497],[7.141003,49.918491],[7.140664,49.918261],[7.139968,49.91825],[7.139628,49.91802],[7.138584,49.918003],[7.138245,49.917773],[7.137549,49.917761],[7.137209,49.917531],[7.136165,49.917514],[7.135826,49.917284],[7.135478,49.917278],[7.135138,49.917048],[7.134442,49.917037],[7.133085,49.916116],[7.132736,49.91611],[7.13238,49.916329],[7.131684,49.916318],[7.131327,49.916537],[7.130979,49.916531],[7.129961,49.91584],[7.129978,49.915391],[7.129282,49.91538],[7.128212,49.916037],[7.128177,49.916936]]}},
{"type":"Feature","properties":{"STRM_VAL":1.0,"max_accum":41173.0,"color":"#7eabd8","weight":2.06},"geometry":{"type":"LineString","coordinates":[[7.128386,49.893552],[7.128368,49.894002],[7.128012,49.894221],[7.127986,49.894895],[7.128325,49.895125],[7.128282,49.896249],[7.127568,49.896687],[7.12756,49.896912],[7.126846,49.89735],[7.126498,49.897345],[7.125429,49.898002],[7.124733,49.897991],[7.124376,49.89821],[7.124028,49.898204],[7.123672,49.898423],[7.123324,49.898418],[7.12261,49.898856],[7.122263,49.89885],[7.121193,49.899507],[7.120845,49.899502],[7.120801,49.900626],[7.120444,49.900845],[7.120436,49.901069],[7.120775,49.9013],[7.120749,49.901974],[7.121427,49.902435],[7.121418,49.902659],[7.121758,49.90289],[7.121749,49.903115],[7.122427,49.903575],[7.122418,49.9038],[7.124115,49.904952],[7.124106,49.905177],[7.124445,49.905407],[7.124436,49.905632],[7.126472,49.907014],[7.126463,49.907239],[7.126803,49.907469],[7.126785,49.907918],[7.126429,49.908138],[7.126411,49.908587],[7.126054,49.908806],[7.126037,49.909256],[7.126376,49.909486],[7.126368,49.909711],[7.126707,49.909941]]}},
{"type":"Feature","properties":{"STRM_VAL":1.0,"max_accum":30285.0,"color":"#84b2de","weight":1.9},"geometry":{"type":"LineString","coordinates":[[7.167315,49.895074],[7.166967,49.895068],[7.166611,49.895287],[7.165915,49.895276],[7.165202,49.895715],[7.164506,49.895704],[7.164167,49.895474],[7.163471,49.895463],[7.163115,49.895682],[7.161723,49.89566],[7.161367,49.895879],[7.160671,49.895868],[7.160314,49.896087],[7.160306,49.896312],[7.159949,49.896531],[7.159941,49.896756],[7.16028,49.896986],[7.160272,49.897211],[7.160611,49.897441],[7.160603,49.897666],[7.160942,49.897896],[7.160874,49.899694],[7.160517,49.899913],[7.160474,49.901037],[7.159405,49.901695],[7.159057,49.901689],[7.158344,49.902128],[7.157996,49.902122],[7.157639,49.902341],[7.157292,49.902336],[7.155152,49.903651],[7.154804,49.903645],[7.154448,49.903865],[7.1541,49.903859],[7.153743,49.904078],[7.153395,49.904073],[7.153039,49.904292],[7.152691,49.904286],[7.151978,49.904725],[7.151969,49.904949],[7.151256,49.905388],[7.151247,49.905613],[7.150891,49.905832],[7.150543,49.905826],[7.150186,49.906045],[7.148794,49.906023],[7.148455,49.905793],[7.146715,49.905765],[7.146376,49.905535],[7.142896,49.905479],[7.14254,49.905698],[7.141844,49.905687],[7.140774,49.906345],[7.140426,49.906339]]}},
{"type":"Feature","properties":{"STRM_VAL":1.0,"max_accum":4219286.0,"color":"#1f4880","weight":4.43},"geometry":{"type":"LineString","coordinates":[[7.106051,49.894988],[7.105338,49.895427],[7.10499,49.895421],[7.10392,49.896078],[7.103911,49.896303],[7.103554,49.896522],[7.103893,49.896752],[7.103858,49.897651],[7.104197,49.897882],[7.104162,49.89878],[7.103092,49.899438],[7.103057,49.900337],[7.101986,49.900994],[7.101639,49.900988],[7.10163,49.901213],[7.100559,49.90187],[7.100551,49.902094],[7.099837,49.902533],[7.099828,49.902757],[7.098401,49.903633],[7.098062,49.903403],[7.097348,49.903841],[7.097,49.903835],[7.096661,49.903605],[7.094226,49.903565],[7.093887,49.903334],[7.093191,49.903323],[7.092852,49.903092],[7.091112,49.903064],[7.090773,49.902833],[7.089033,49.902805],[7.088676,49.903024],[7.086937,49.902995],[7.085509,49.903871],[7.0855,49.904096],[7.084787,49.904534],[7.08476,49.905208],[7.084403,49.905427],[7.084376,49.906101],[7.083663,49.906539],[7.083654,49.906764],[7.08294,49.907202],[7.082931,49.907426],[7.082574,49.907645],[7.082226,49.90764],[7.081869,49.907859],[7.081521,49.907853],[7.080451,49.90851],[7.080103,49.908504],[7.078675,49.90938],[7.078657,49.909829],[7.0783,49.910048],[7.078274,49.910722],[7.077917,49.910941],[7.077836,49.912964],[7.078175,49.913194],[7.07814,49.914093],[7.077783,49.914312],[7.077774,49.914537],[7.077417,49.914756],[7.077756,49.914986],[7.077747,49.915211],[7.07739,49.91543],[7.077042,49.915424],[7.076685,49.915643],[7.076337,49.915638],[7.075623,49.916075],[7.074927,49.916064],[7.07457,49.916283],[7.073874,49.916271],[7.073517,49.91649],[7.07349,49.917164],[7.073133,49.917383]]}},
{"type":"Feature","properties":{"STRM_VAL":1.0,"max_accum":16511.0,"color":"#90bfe9","weight":1.59},"geometry":{"type":"LineString","coordinates":[[6.82239,49.893829],[6.8224,49.893605],[6.823116,49.893168],[6.823156,49.89227],[6.823514,49.892051],[6.823524,49.891827],[6.823882,49.891609],[6.823983,49.889362],[6.823646,49.88913],[6.823676,49.888456],[6.823001,49.887994],[6.823011,49.887769],[6.822673,49.887538],[6.822683,49.887313],[6.823399,49.886877],[6.823409,49.886652],[6.824125,49.886216],[6.824473,49.886222],[6.82483,49.886004],[6.824851,49.885555]]}},
{"type":"Feature","properties":{"STRM_VAL":1.0,"max_accum":1009861.0,"color":"#3c679b","weight":3.7},"geometry":{"type":"LineString","coordinates":[[6.687906,49.896172],[6.687547,49.89639],[6.685808,49.896355],[6.685471,49.896123],[6.684775,49.89611],[6.684438,49.895878],[6.683395,49.895857],[6.680885,49.897381],[6.680537,49.897374],[6.6802,49.897143],[6.679852,49.897136],[6.679515,49.896904],[6.67882,49.89689],[6.678483,49.896658],[6.677787,49.896644],[6.67745,49.896413],[6.677102,49.896406],[6.676091,49.895711],[6.675743,49.895704],[6.675406,49.895472],[6.674711,49.895458],[6.674037,49.894995],[6.673689,49.894988],[6.673352,49.894756],[6.673004,49.894749],[6.67233,49.894286],[6.671983,49.894279],[6.671624,49.894497],[6.670581,49.894476],[6.668559,49.893086],[6.668211,49.893079],[6.667874,49.892847],[6.667526,49.89284],[6.667189,49.892609],[6.666842,49.892602],[6.666505,49.89237],[6.666157,49.892363],[6.66582,49.892131],[6.665831,49.891906],[6.665157,49.891443],[6.662723,49.891394],[6.662386,49.891162],[6.662038,49.891155],[6.661701,49.890924],[6.660658,49.890903],[6.660321,49.890671],[6.658582,49.890636],[6.658224,49.890853],[6.657887,49.890622],[6.657539,49.890615],[6.65718,49.890832],[6.656833,49.890825],[6.656496,49.890594],[6.655452,49.890573],[6.655116,49.890341],[6.654768,49.890334],[6.654431,49.890102],[6.654083,49.890095],[6.653746,49.889863],[6.653051,49.889849],[6.652377,49.889386],[6.652029,49.889379],[6.651356,49.888915],[6.651008,49.888908],[6.649998,49.888213],[6.650008,49.887989],[6.647988,49.886598],[6.647998,49.886374],[6.647662,49.886142],[6.647673,49.885917],[6.644978,49.884063],[6.644631,49.884056],[6.642947,49.882898],[6.642958,49.882673],[6.642621,49.882441],[6.642632,49.882217],[6.641959,49.881753],[6.642013,49.88063],[6.641677,49.880398],[6.641687,49.880173],[6.642046,49.879956],[6.642068,49.879506],[6.641731,49.879275],[6.641742,49.87905],[6.641405,49.878818],[6.641416,49.878594],[6.641775,49.878376],[6.641438,49.878144],[6.64146,49.877695],[6.640787,49.877231],[6.640439,49.877224],[6.64045,49.877],[6.640113,49.876768],[6.640146,49.876094],[6.639473,49.87563]]}},
{"type":"Feature","properties":{"STRM_VAL":1.0,"max_accum":1017546.0,"color":"#3c679b","weight":3.7},"geometry":{"type":"LineString","coordinates":[[6.639473,49.87563],[6.641983,49.874107],[6.64206,49.872535],[6.641723,49.872303],[6.641745,49.871854],[6.641408,49.871622],[6.641419,49.871397],[6.641082,49.871165],[6.641093,49.870941]]}},
{"type":"Feature","properties":{"STRM_VAL":1.0,"max_accum":402734.0,"color":"#4f7aad","weight":3.23},"geometry":{"type":"LineString","coordinates":[[6.862131,49.900416],[6.861456,49.899954],[6.861108,49.899948],[6.860432,49.899485],[6.859736,49.899472],[6.859398,49.899241],[6.85905,49.899235],[6.858712,49.899004],[6.858365,49.898997],[6.858027,49.898766],[6.857679,49.89876],[6.857341,49.898529],[6.856993,49.898522],[6.856655,49.898291],[6.855959,49.898278],[6.855622,49.898047],[6.855274,49.898041],[6.854936,49.89781],[6.85424,49.897797],[6.853902,49.897565],[6.853554,49.897559],[6.853216,49.897328],[6.852869,49.897321],[6.852193,49.896859],[6.851845,49.896853],[6.851507,49.896622],[6.851517,49.896397],[6.850821,49.896384],[6.850484,49.896153],[6.850126,49.896371],[6.849082,49.896352],[6.848744,49.896121],[6.848397,49.896114],[6.847721,49.895652],[6.847741,49.895202]]}},
{"type":"Feature","properties":{"STRM_VAL":1.0,"max_accum":452946.0,"color":"#4d78aa","weight":3.29},"geometry":{"type":"LineString","coordinates":[[6.847741,49.895202],[6.848457,49.894766],[6.848119,49.894535],[6.848159,49.893636],[6.847483,49.893174],[6.846787,49.893161],[6.84645,49.89293],[6.846807,49.892711],[6.846827,49.892262],[6.847523,49.892275],[6.847553,49.891601],[6.847215,49.89137],[6.847235,49.89092],[6.846897,49.890689],[6.847613,49.890253],[6.847633,49.889803],[6.847991,49.889585],[6.847653,49.889354],[6.848011,49.889136],[6.848031,49.888686],[6.848389,49.888468],[6.848399,49.888243],[6.848061,49.888012]]}},
{"type":"Feature","properties":{"STRM_VAL":1.0,"max_accum":390873.0,"color":"#507bad","weight":3.21},"geometry":{"type":"LineString","coordinates":[[6.888722,49.905401],[6.887649,49.906056],[6.887987,49.906287],[6.887938,49.907411],[6.886507,49.908284],[6.886159,49.908278],[6.885086,49.908933],[6.885076,49.909158],[6.884718,49.909376],[6.884688,49.91005],[6.885027,49.910281],[6.884997,49.910955],[6.884639,49.911174],[6.88462,49.911623],[6.883546,49.912278],[6.883536,49.912503],[6.882821,49.912939],[6.882811,49.913164],[6.882453,49.913383],[6.882105,49.913376],[6.881747,49.913595],[6.880355,49.913569],[6.879998,49.913787],[6.877214,49.913736],[6.876856,49.913955],[6.876518,49.913724],[6.875474,49.913705],[6.875116,49.913923],[6.874778,49.913692],[6.87442,49.91391],[6.873744,49.913448],[6.873754,49.913223],[6.873416,49.912992],[6.873068,49.912986],[6.87273,49.912755],[6.87274,49.91253],[6.872063,49.912068],[6.87102,49.912049],[6.870682,49.911818],[6.870334,49.911811],[6.869995,49.91158],[6.869648,49.911574],[6.869309,49.911343],[6.868962,49.911336],[6.868623,49.911105],[6.868276,49.911099],[6.868305,49.910425],[6.867967,49.910194],[6.867977,49.909969],[6.866625,49.909044],[6.866277,49.909038],[6.865939,49.908807],[6.865591,49.908801],[6.865253,49.908569],[6.864209,49.90855],[6.863871,49.908319],[6.855173,49.908158],[6.854099,49.908813],[6.853056,49.908794],[6.852718,49.908563],[6.852728,49.908338],[6.85239,49.908107],[6.852042,49.9081],[6.851684,49.908319],[6.850988,49.908306],[6.85063,49.908524],[6.850282,49.908518]]}},
{"type":"Feature","properties":{"STRM_VAL":1.0,"max_accum":402734.0,"color":"#4f7aad","weight":3.23},"geometry":{"type":"LineString","coordinates":[[6.850282,49.908518],[6.849944,49.908286],[6.849586,49.908505],[6.84889,49.908492],[6.848215,49.908029],[6.848225,49.907805],[6.847887,49.907574],[6.848245,49.907355],[6.848275,49.906681],[6.848632,49.906463],[6.848642,49.906238],[6.847967,49.905776],[6.847977,49.905551],[6.847301,49.905089],[6.847311,49.904864],[6.847669,49.904646],[6.847689,49.904197],[6.847351,49.903966],[6.847371,49.903516],[6.847033,49.903285],[6.847391,49.903067],[6.847401,49.902842],[6.846725,49.90238],[6.846735,49.902155],[6.846397,49.901924],[6.845701,49.901911],[6.845364,49.90168],[6.845384,49.90123],[6.846099,49.900794],[6.846447,49.9008],[6.846487,49.899902],[6.846149,49.899671],[6.846159,49.899446],[6.845116,49.899426],[6.844778,49.899195],[6.844818,49.898296],[6.84448,49.898065],[6.844838,49.897847],[6.845186,49.897854],[6.845544,49.897635],[6.845554,49.897411],[6.846269,49.896974],[6.846279,49.896749],[6.846637,49.896531],[6.846667,49.895857],[6.84633,49.895626],[6.84634,49.895401],[6.846697,49.895183],[6.847045,49.89519],[6.847383,49.895421],[6.847741,49.895202]]}},
{"type":"Feature","properties":{"STRM_VAL":1.0,"max_accum":359695.0,"color":"#517daf","weight":3.17},"geometry":{"type":"LineString","coordinates":[[6.746974,49.906106],[6.747321,49.906113],[6.749009,49.90727],[6.749356,49.907277],[6.749694,49.907508],[6.75039,49.907522],[6.750748,49.907304],[6.751086,49.907535],[6.751781,49.907549],[6.752119,49.90778],[6.75351,49.907807],[6.753848,49.908038],[6.754196,49.908045],[6.755883,49.909202],[6.758319,49.909249],[6.758677,49.909031],[6.759025,49.909038],[6.761725,49.910889],[6.762073,49.910896],[6.762748,49.911359],[6.763096,49.911366],[6.763433,49.911597],[6.764129,49.91161],[6.764467,49.911842],[6.764815,49.911848],[6.765173,49.911631],[6.765869,49.911644],[6.766585,49.911208],[6.767281,49.911221],[6.76764,49.911003],[6.767988,49.91101],[6.768704,49.910574],[6.768735,49.9099],[6.768398,49.909669],[6.768418,49.909219],[6.768081,49.908988],[6.768164,49.90719],[6.769955,49.906101],[6.770303,49.906107],[6.770661,49.905889],[6.771705,49.905909],[6.773393,49.907066],[6.775132,49.9071],[6.77549,49.906882],[6.775501,49.906657],[6.775849,49.906664],[6.776186,49.906895],[6.776534,49.906902],[6.776892,49.906684],[6.777936,49.906704],[6.778949,49.907398],[6.779297,49.907404],[6.779634,49.907636],[6.78033,49.907649],[6.780668,49.90788],[6.781364,49.907894],[6.781701,49.908125],[6.782049,49.908132],[6.782387,49.908363],[6.783083,49.908376],[6.783758,49.908839],[6.784106,49.908846],[6.784443,49.909077],[6.784791,49.909084],[6.785129,49.909315],[6.785119,49.90954],[6.787144,49.910928],[6.787492,49.910934],[6.787851,49.910716],[6.788188,49.910948],[6.788884,49.910961],[6.789222,49.911192],[6.789918,49.911205],[6.790276,49.910987],[6.790613,49.911219],[6.792005,49.911245],[6.792343,49.911477],[6.79443,49.911516],[6.794768,49.911748],[6.795116,49.911754],[6.795454,49.911985],[6.796498,49.912005],[6.797572,49.911351],[6.798964,49.911378],[6.79968,49.910941],[6.800724,49.910961],[6.801062,49.911192],[6.801758,49.911206],[6.802095,49.911437],[6.802454,49.911219],[6.802801,49.911225],[6.803815,49.911919],[6.804511,49.911932],[6.804848,49.912164],[6.805196,49.91217],[6.805554,49.911952],[6.805902,49.911959],[6.80626,49.911741],[6.806598,49.911972],[6.806946,49.911979],[6.807284,49.91221],[6.80798,49.912223],[6.808338,49.912005],[6.808686,49.912011],[6.809024,49.912243],[6.810415,49.912269],[6.810753,49.9125],[6.811797,49.91252],[6.812135,49.912751],[6.812831,49.912764],[6.813189,49.912546],[6.813537,49.912553],[6.813895,49.912335],[6.814243,49.912341],[6.814581,49.912573],[6.814929,49.912579],[6.815287,49.912361],[6.815962,49.912823],[6.816658,49.912837],[6.816996,49.913068],[6.81978,49.91312],[6.820117,49.913351],[6.820465,49.913358],[6.821479,49.914052],[6.821827,49.914058],[6.822503,49.914521],[6.823198,49.914534],[6.825901,49.916384],[6.825871,49.917058],[6.826209,49.917289],[6.826557,49.917295],[6.827571,49.917989],[6.826854,49.918425],[6.82753,49.918888],[6.827878,49.918894],[6.828216,49.919126],[6.828206,49.91935],[6.828544,49.919581],[6.828534,49.919806],[6.829548,49.9205],[6.829517,49.921174],[6.830193,49.921636],[6.830183,49.921861],[6.830521,49.922092],[6.830501,49.922542],[6.830839,49.922773],[6.830829,49.922997],[6.831167,49.923229],[6.830808,49.923447],[6.832498,49.924603],[6.832846,49.924609],[6.832816,49.925283],[6.833154,49.925515],[6.833124,49.926189],[6.834476,49.927113],[6.834824,49.92712]]}},
{"type":"Feature","properties":{"STRM_VAL":1.0,"max_accum":374559.0,"color":"#507cae","weight":3.19},"geometry":{"type":"LineString","coordinates":[[6.834824,49.92712],[6.835868,49.927139],[6.836942,49.926485],[6.83729,49.926491],[6.838365,49.925837],[6.839061,49.92585],[6.839419,49.925632],[6.839767,49.925638],[6.840125,49.92542],[6.840463,49.925651],[6.841507,49.92567],[6.842581,49.925016],[6.842929,49.925022],[6.843646,49.924586],[6.843676,49.923912],[6.845108,49.923039],[6.845456,49.923045],[6.846172,49.922609],[6.845496,49.922147],[6.845506,49.921922],[6.845168,49.921691],[6.845188,49.921241],[6.845904,49.920805],[6.845914,49.92058],[6.846988,49.919925],[6.846998,49.919701],[6.847346,49.919707],[6.847704,49.919489],[6.847714,49.919264],[6.848072,49.919046]]}},
{"type":"Feature","properties":{"STRM_VAL":1.0,"max_accum":390873.0,"color":"#507bad","weight":3.21},"geometry":{"type":"LineString","coordinates":[[6.848072,49.919046],[6.85022,49.917737],[6.85035,49.914816],[6.850012,49.914584],[6.850022,49.91436],[6.85038,49.914141],[6.85044,49.912793],[6.850798,49.912575],[6.850808,49.91235],[6.851166,49.912132],[6.851206,49.911233],[6.851902,49.911246],[6.851912,49.911022],[6.851574,49.91079],[6.851594,49.910341],[6.851256,49.91011],[6.851972,49.909673],[6.851634,49.909442],[6.850938,49.909429],[6.850958,49.90898],[6.850282,49.908518]]}},
{"type":"Feature","properties":{"STRM_VAL":1.0,"max_accum":11703.0,"color":"#97c6f0","weight":1.42},"geometry":{"type":"LineString","coordinates":[[6.588553,49.905842],[6.588519,49.906516],[6.588856,49.906747],[6.588833,49.907197],[6.58917,49.907429],[6.589159,49.907653],[6.589495,49.907885],[6.589484,49.90811],[6.590158,49.908574],[6.590146,49.908798],[6.59082,49.909262],[6.590809,49.909487],[6.591145,49.909719],[6.591134,49.909943],[6.591471,49.910175],[6.59146,49.9104],[6.591796,49.910632],[6.591785,49.910856],[6.592122,49.911088],[6.592099,49.911538],[6.592773,49.912001],[6.592762,49.912226],[6.593098,49.912458],[6.593076,49.912907]]}},
{"type":"Feature","properties":{"STRM_VAL":1.0,"max_accum":32978.0,"color":"#82b0dc","weight":1.95},"geometry":{"type":"LineString","coordinates":[[6.593076,49.912907],[6.593749,49.913371],[6.593738,49.913596],[6.594412,49.914059],[6.5944,49.914284],[6.595074,49.914748],[6.594715,49.914965],[6.594625,49.916762],[6.594962,49.916994],[6.594951,49.917219],[6.594592,49.917436],[6.594581,49.917661],[6.595254,49.918125],[6.595243,49.918349],[6.59558,49.918581],[6.595568,49.918806],[6.595905,49.919038],[6.595894,49.919263],[6.596568,49.919726],[6.596556,49.919951],[6.59723,49.920415],[6.597219,49.920639],[6.597892,49.921103],[6.597881,49.921328],[6.598218,49.92156],[6.598207,49.921784],[6.598544,49.922016],[6.598532,49.922241],[6.599206,49.922705]]}},
{"type":"Feature","properties":{"STRM_VAL":1.0,"max_accum":943010.0,"color":"#3e689c","weight":3.66},"geometry":{"type":"LineString","coordinates":[[6.599206,49.922705],[6.599554,49.922712],[6.600901,49.923639],[6.60089,49.923864],[6.601227,49.924096],[6.602271,49.924117],[6.60263,49.9239],[6.602978,49.923907],[6.603315,49.924139],[6.604011,49.924153],[6.604685,49.924617],[6.60538,49.924631],[6.605717,49.924863],[6.606761,49.924885],[6.607098,49.925117],[6.607446,49.925124],[6.607783,49.925356],[6.610219,49.925406],[6.610578,49.925188],[6.610926,49.925196],[6.612003,49.924543],[6.612351,49.92455],[6.61271,49.924333],[6.613058,49.92434],[6.613418,49.924122],[6.613429,49.923898],[6.613788,49.92368],[6.613799,49.923456],[6.614147,49.923463],[6.614865,49.923028],[6.615213,49.923035],[6.615572,49.922817],[6.616964,49.922846],[6.617323,49.922629],[6.617334,49.922404],[6.61666,49.92194],[6.616312,49.921933],[6.615975,49.921701]]}},
{"type":"Feature","properties":{"STRM_VAL":1.0,"max_accum":974613.0,"color":"#3d679c","weight":3.68},"geometry":{"type":"LineString","coordinates":[[6.615975,49.921701],[6.614583,49.921673],[6.614247,49.921441],[6.613203,49.921419],[6.611518,49.92026],[6.61153,49.920036],[6.610856,49.919572],[6.610867,49.919347],[6.610193,49.918884],[6.610271,49.917311],[6.61063,49.917093],[6.610978,49.917101],[6.611337,49.916883],[6.611685,49.91689],[6.612762,49.916238],[6.612795,49.915564],[6.612122,49.9151],[6.611774,49.915093],[6.611437,49.914861],[6.611089,49.914854],[6.610752,49.914622],[6.610404,49.914615],[6.610068,49.914383],[6.610079,49.914159],[6.609742,49.913927],[6.609753,49.913702],[6.609416,49.91347],[6.609775,49.913253],[6.609797,49.912803],[6.61231,49.911281],[6.612658,49.911288],[6.614094,49.910418],[6.614442,49.910425],[6.614801,49.910208],[6.614812,49.909983],[6.616607,49.908896],[6.616618,49.908671],[6.616977,49.908454],[6.616988,49.908229],[6.617347,49.908011],[6.617391,49.907113],[6.617055,49.906881],[6.617066,49.906656],[6.616729,49.906424],[6.61674,49.9062],[6.614719,49.904809],[6.61473,49.904584],[6.614394,49.904352],[6.614405,49.904128],[6.614068,49.903896],[6.614101,49.903222],[6.613764,49.90299],[6.613787,49.902541],[6.61345,49.902309]]}},
{"type":"Feature","properties":{"STRM_VAL":1.0,"max_accum":1009861.0,"color":"#3c679b","weight":3.7},"geometry":{"type":"LineString","coordinates":[[6.61345,49.902309],[6.613483,49.901635],[6.613146,49.901403],[6.613169,49.900954],[6.612832,49.900722],[6.612854,49.900273],[6.612517,49.900041],[6.612528,49.899816],[6.612192,49.899584],[6.611844,49.899577],[6.61117,49.899114],[6.610127,49.899092],[6.60979,49.89886],[6.607704,49.898817],[6.607367,49.898585],[6.607019,49.898578],[6.606346,49.898114],[6.606357,49.89789],[6.605683,49.897426],[6.605695,49.897201],[6.605358,49.89697],[6.605414,49.895846],[6.605077,49.895614],[6.605099,49.895165],[6.605458,49.894948],[6.60548,49.894498],[6.606198,49.894063],[6.60622,49.893614],[6.606579,49.893397],[6.606701,49.890925],[6.606365,49.890694],[6.606387,49.890244],[6.60605,49.890012],[6.606073,49.889563],[6.60439,49.888404],[6.604042,49.888397],[6.603705,49.888165],[6.60301,49.88815],[6.602673,49.887919],[6.602326,49.887911],[6.601652,49.887448],[6.601664,49.887223],[6.60099,49.886759],[6.601002,49.886535],[6.600665,49.886303],[6.600788,49.883832],[6.601146,49.883614],[6.601325,49.88002],[6.601683,49.879802],[6.601694,49.879577],[6.603488,49.87849],[6.603836,49.878497],[6.604195,49.87828],[6.60489,49.878294],[6.605249,49.878077],[6.605597,49.878084],[6.605955,49.877866],[6.606651,49.877881],[6.607009,49.877663],[6.608052,49.877685],[6.608389,49.877917],[6.608737,49.877924],[6.609073,49.878156],[6.609062,49.87838],[6.609735,49.878844],[6.609713,49.879293],[6.61005,49.879525],[6.610027,49.879974],[6.610364,49.880206],[6.610353,49.880431],[6.610689,49.880663],[6.610667,49.881112],[6.611004,49.881344],[6.610993,49.881569],[6.611666,49.882032],[6.611655,49.882257],[6.611991,49.882489],[6.612339,49.882496],[6.612676,49.882728],[6.613023,49.882735],[6.61336,49.882967],[6.614055,49.882981],[6.614392,49.883213],[6.615087,49.883227],[6.615424,49.883459],[6.618553,49.883523],[6.618912,49.883306],[6.61926,49.883313],[6.619618,49.883095],[6.619629,49.882871],[6.620706,49.882218],[6.620728,49.881769],[6.625391,49.878941],[6.625739,49.878948],[6.627532,49.87786],[6.62788,49.877867],[6.628238,49.87765],[6.628934,49.877664],[6.629292,49.877447],[6.630683,49.877475],[6.631042,49.877258],[6.631389,49.877265],[6.632106,49.876829],[6.632454,49.876837],[6.633171,49.876401],[6.633519,49.876409],[6.634595,49.875756],[6.638767,49.875841],[6.639125,49.875623],[6.639473,49.87563]]}},
{"type":"Feature","properties":{"STRM_VAL":1.0,"max_accum":35766.0,"color":"#80aeda","weight":1.99},"geometry":{"type":"LineString","coordinates":[[7.216221,49.918774],[7.216212,49.918998],[7.215143,49.919657],[7.215102,49.92078],[7.215441,49.92101],[7.215433,49.921235],[7.216113,49.921695],[7.216096,49.922145],[7.21574,49.922364],[7.215731,49.922589],[7.214662,49.923247],[7.214314,49.923242],[7.213958,49.923461],[7.21361,49.923456],[7.212897,49.923895],[7.212847,49.925243],[7.213187,49.925473],[7.213178,49.925698],[7.212822,49.925917],[7.212772,49.927266],[7.213112,49.927496],[7.212042,49.928154],[7.211694,49.928149],[7.210981,49.928587],[7.210973,49.928812],[7.210617,49.929031],[7.210583,49.92993],[7.210227,49.93015],[7.21021,49.930599],[7.209854,49.930819],[7.209845,49.931043],[7.209489,49.931263],[7.208792,49.931252],[7.208436,49.931471],[7.208088,49.931466],[7.207375,49.931905],[7.207027,49.931899],[7.207018,49.932124],[7.206305,49.932563],[7.206297,49.932788],[7.20594,49.933007],[7.205907,49.933906],[7.204481,49.934783],[7.204133,49.934778],[7.202706,49.935655],[7.202698,49.93588],[7.201985,49.936319],[7.201977,49.936543],[7.201263,49.936982],[7.201255,49.937207],[7.200542,49.937646],[7.199149,49.937624],[7.198809,49.937394],[7.198113,49.937383],[7.197756,49.937602],[7.197408,49.937597],[7.197051,49.937816],[7.197035,49.938266],[7.196321,49.938704],[7.194232,49.938672],[7.193875,49.938891],[7.193527,49.938886],[7.193171,49.939105],[7.192474,49.939094],[7.192134,49.938864],[7.191778,49.939083],[7.191081,49.939072],[7.190725,49.939292],[7.188635,49.939259],[7.187565,49.939917],[7.187557,49.940142],[7.187897,49.940372],[7.187838,49.941945],[7.187481,49.942164],[7.186784,49.942154],[7.185765,49.941463],[7.183327,49.941425],[7.182988,49.941195],[7.182639,49.941189],[7.182283,49.941409],[7.181934,49.941403],[7.181578,49.941622],[7.181569,49.941847],[7.181213,49.942066],[7.181162,49.943415],[7.180805,49.943634],[7.180797,49.943859],[7.180448,49.943853],[7.179021,49.94473],[7.179005,49.94518],[7.179344,49.94541],[7.17931,49.946309],[7.178954,49.946528],[7.178945,49.946753]]}},
{"type":"Feature","properties":{"STRM_VAL":1.0,"max_accum":100853.0,"color":"#6b98c7","weight":2.52},"geometry":{"type":"LineString","coordinates":[[7.178945,49.946753],[7.178588,49.946972],[7.17824,49.946967],[7.177561,49.946506],[7.177569,49.946282],[7.177229,49.946052],[7.176881,49.946046],[7.176524,49.946265],[7.175479,49.946249],[7.17514,49.946019],[7.17096,49.945953],[7.170604,49.946172],[7.169907,49.946161],[7.169567,49.945931],[7.169219,49.945925],[7.168879,49.945695],[7.168183,49.945684],[7.167843,49.945454],[7.167495,49.945448],[7.167138,49.945668],[7.16679,49.945662],[7.165719,49.94632],[7.164675,49.946303],[7.162534,49.947619],[7.162525,49.947843],[7.160384,49.949159],[7.160375,49.949383],[7.160019,49.949603],[7.160002,49.950052],[7.159645,49.950271],[7.159296,49.950266],[7.159288,49.95049],[7.158217,49.951148],[7.157869,49.951143],[7.157155,49.951581],[7.157147,49.951806],[7.15679,49.952025],[7.153307,49.951969],[7.152236,49.952627],[7.151888,49.952621],[7.151531,49.952841],[7.150834,49.95283],[7.150825,49.953054],[7.150112,49.953493],[7.150086,49.954167],[7.149729,49.954386],[7.14972,49.954611],[7.148649,49.955268],[7.148632,49.955718],[7.148275,49.955937],[7.147578,49.955926],[7.146508,49.956583],[7.146464,49.957707],[7.146107,49.957926],[7.146447,49.958156],[7.14609,49.958376],[7.146082,49.9586],[7.145368,49.959039],[7.145019,49.959033],[7.144662,49.959252],[7.144314,49.959247],[7.144305,49.959471],[7.143234,49.960129],[7.143191,49.961253],[7.143531,49.961483],[7.143522,49.961708],[7.144541,49.962399],[7.144515,49.963073],[7.144158,49.963292],[7.144141,49.963741],[7.143784,49.963961],[7.143715,49.965758],[7.143358,49.965978],[7.143349,49.966202],[7.143689,49.966433],[7.143637,49.967781],[7.143977,49.968011],[7.143951,49.968686],[7.143594,49.968905],[7.143585,49.969129],[7.143228,49.969349],[7.14288,49.969343],[7.142523,49.969562],[7.142505,49.970012],[7.142148,49.970231],[7.142131,49.97068],[7.141774,49.970899],[7.141765,49.971124],[7.141408,49.971343],[7.141373,49.972242],[7.141016,49.972461],[7.140999,49.972911],[7.140642,49.97313],[7.140616,49.973804],[7.139902,49.974243],[7.139789,49.977164],[7.139432,49.977383],[7.13931,49.980529],[7.138953,49.980749],[7.139293,49.980979],[7.139284,49.981204],[7.138927,49.981423],[7.138918,49.981648],[7.138561,49.981867],[7.138553,49.982091]]}},
{"type":"Feature","properties":{"STRM_VAL":1.0,"max_accum":4516116.0,"color":"#1d477f","weight":4.46},"geometry":{"type":"LineString","coordinates":[[7.138553,49.982091],[7.137481,49.982749],[7.137132,49.982743],[7.136775,49.982962],[7.136078,49.982951],[7.135738,49.982721],[7.135381,49.98294],[7.133987,49.982918],[7.13363,49.983137],[7.133281,49.983131],[7.132567,49.983569],[7.132218,49.983564],[7.131504,49.984002],[7.130807,49.983991],[7.13045,49.98421],[7.129055,49.984187],[7.128698,49.984406],[7.124167,49.984333],[7.123488,49.983872],[7.123139,49.983867],[7.122459,49.983406],[7.122111,49.9834],[7.121754,49.98362],[7.121414,49.983389],[7.121423,49.983164],[7.120377,49.983148]]}},
{"type":"Feature","properties":{"STRM_VAL":1.0,"max_accum":14231.0,"color":"#93c2ec","weight":1.52},"geometry":{"type":"LineString","coordinates":[[6.557704,49.909918],[6.558041,49.91015],[6.558389,49.910158],[6.558725,49.91039],[6.559073,49.910397],[6.55941,49.910629],[6.559758,49.910636],[6.560431,49.9111],[6.560779,49.911108],[6.561115,49.911339],[6.561463,49.911347],[6.562473,49.912043],[6.562821,49.91205],[6.56383,49.912746],[6.563819,49.912971],[6.565165,49.913898],[6.565154,49.914123],[6.566164,49.914819]]}},
{"type":"Feature","properties":{"STRM_VAL":1.0,"max_accum":32978.0,"color":"#82b0dc","weight":1.95},"geometry":{"type":"LineString","coordinates":[[6.566164,49.914819],[6.567173,49.915515],[6.567521,49.915522],[6.567858,49.915754],[6.568554,49.915769],[6.56889,49.916001],[6.569586,49.916015],[6.569923,49.916247],[6.570271,49.916254],[6.570607,49.916486],[6.570955,49.916494],[6.571292,49.916726],[6.57164,49.916733],[6.57265,49.917429],[6.573346,49.917443],[6.573682,49.917675],[6.574726,49.917697],[6.575063,49.917929],[6.575411,49.917936],[6.575399,49.918161],[6.576409,49.918857],[6.576387,49.919306],[6.578407,49.920698],[6.578755,49.920705],[6.579092,49.920937],[6.579439,49.920944],[6.580113,49.921408],[6.581505,49.921437],[6.582178,49.921901],[6.582526,49.921908],[6.583536,49.922604],[6.585276,49.92264],[6.585635,49.922423],[6.585983,49.92243],[6.586657,49.922894],[6.587701,49.922915],[6.588037,49.923147],[6.588385,49.923155],[6.588722,49.923386],[6.58907,49.923394],[6.589407,49.923626],[6.590103,49.92364],[6.59044,49.923872],[6.593571,49.923937],[6.593931,49.92372],[6.594975,49.923741],[6.595311,49.923973],[6.596007,49.923988],[6.596366,49.92377],[6.597062,49.923785],[6.597781,49.92335],[6.598129,49.923357],[6.599206,49.922705]]}},
{"type":"Feature","properties":{"STRM_VAL":1.0,"max_accum":30636.0,"color":"#84b2dd","weight":1.91},"geometry":{"type":"LineString","coordinates":[[7.165274,49.921352],[7.163916,49.920431],[7.163924,49.920206],[7.163245,49.919746],[7.161157,49.919712],[7.1608,49.919932],[7.160452,49.919926],[7.159382,49.920584],[7.155205,49.920517],[7.154135,49.921175],[7.154127,49.9214],[7.153413,49.921838],[7.152369,49.921821],[7.15203,49.921591],[7.150985,49.921574],[7.150646,49.921344],[7.150298,49.921339],[7.149958,49.921108],[7.149262,49.921097],[7.148905,49.921316],[7.147887,49.920626],[7.147539,49.92062],[7.147547,49.920395],[7.14619,49.919474],[7.145842,49.919468],[7.145502,49.919238]]}},
{"type":"Feature","properties":{"STRM_VAL":1.0,"max_accum":11703.0,"color":"#97c6f0","weight":1.42},"geometry":{"type":"LineString","coordinates":[[6.588609,49.91169],[6.589283,49.912154],[6.58963,49.912161],[6.590304,49.912625],[6.590652,49.912632],[6.590988,49.912864],[6.593076,49.912907]]}},
{"type":"Feature","properties":{"STRM_VAL":1.0,"max_accum":638708.0,"color":"#4571a4","weight":3.46},"geometry":{"type":"LineString","coordinates":[[6.92017,49.919013],[6.92191,49.919044],[6.922268,49.918825],[6.923312,49.918844],[6.92367,49.918626],[6.924366,49.918638],[6.924375,49.918413],[6.924733,49.918195],[6.925081,49.918201],[6.925758,49.918663],[6.926106,49.918669],[6.926463,49.918451],[6.926802,49.918682],[6.927846,49.9187],[6.928184,49.918931],[6.929228,49.91895],[6.929219,49.919175],[6.930263,49.919193],[6.932293,49.920579],[6.932641,49.920585],[6.933656,49.921278],[6.934014,49.921059],[6.934353,49.92129],[6.934701,49.921296],[6.935039,49.921527],[6.935387,49.921534],[6.935726,49.921764],[6.936074,49.921771],[6.936412,49.922002],[6.937804,49.922026],[6.938143,49.922257],[6.942319,49.922331],[6.942677,49.922113],[6.943354,49.922575],[6.943702,49.922581],[6.94404,49.922812],[6.944388,49.922818],[6.944727,49.923049],[6.945771,49.923067],[6.946129,49.922849],[6.946477,49.922855],[6.947192,49.922418],[6.94754,49.922424],[6.947898,49.922205],[6.948246,49.922212],[6.948603,49.921993],[6.948951,49.921999],[6.948961,49.921774],[6.949318,49.921556],[6.950015,49.921568],[6.95073,49.921131],[6.950749,49.920682],[6.951106,49.920463],[6.951125,49.920014],[6.952198,49.919358],[6.952546,49.919364],[6.952904,49.919146],[6.953252,49.919152],[6.954324,49.918496],[6.954672,49.918502],[6.95503,49.918284],[6.955726,49.918296],[6.956083,49.918077],[6.956779,49.91809],[6.957137,49.917871],[6.957485,49.917877],[6.958162,49.918339],[6.96025,49.918376],[6.960608,49.918157],[6.961652,49.918175],[6.962009,49.917957],[6.963053,49.917975],[6.963392,49.918206],[6.96374,49.918212],[6.964097,49.917993],[6.965489,49.918018],[6.965847,49.917799],[6.967587,49.91783],[6.967926,49.918061],[6.968274,49.918067],[6.968612,49.918298],[6.96896,49.918304],[6.969299,49.918534],[6.969995,49.918547],[6.970333,49.918777],[6.970691,49.918559],[6.971039,49.918565],[6.971378,49.918796],[6.971735,49.918577],[6.972074,49.918808],[6.972422,49.918814],[6.972779,49.918595],[6.973475,49.918608],[6.973833,49.918389],[6.975864,49.919774],[6.976212,49.91978],[6.976551,49.920011],[6.976899,49.920017],[6.97689,49.920241],[6.977567,49.920703],[6.977558,49.920928],[6.977896,49.921158],[6.977887,49.921383],[6.979241,49.922306],[6.978884,49.922525],[6.979223,49.922756],[6.979571,49.922762],[6.980587,49.923454],[6.980577,49.923679],[6.981932,49.924602],[6.981923,49.924827],[6.9826,49.925288],[6.982572,49.925962],[6.982911,49.926193],[6.982901,49.926418],[6.98324,49.926649],[6.983221,49.927098],[6.98356,49.927329],[6.983532,49.928003],[6.98387,49.928234],[6.983852,49.928683],[6.98419,49.928914],[6.984172,49.929363],[6.98452,49.929369],[6.985197,49.929831],[6.985169,49.930505],[6.985508,49.930736],[6.984793,49.931173],[6.984445,49.931167],[6.984087,49.931386],[6.984426,49.931616],[6.984407,49.932066],[6.983692,49.932503]]}},
{"type":"Feature","properties":{"STRM_VAL":1.0,"max_accum":4176022.0,"color":"#1f4880","weight":4.42},"geometry":{"type":"LineString","coordinates":[[6.983692,49.932503],[6.983673,49.932953],[6.984012,49.933183],[6.98436,49.933189],[6.985038,49.933651],[6.98643,49.933675],[6.986769,49.933906],[6.987127,49.933687],[6.987136,49.933463],[6.988209,49.932807],[6.989253,49.932825],[6.989592,49.933055],[6.990636,49.933074],[6.990975,49.933304],[6.994108,49.933359],[6.994823,49.932921],[6.99487,49.931798],[6.995942,49.931141],[6.995952,49.930917],[6.996666,49.930479],[6.997005,49.93071],[6.998435,49.929835],[6.998444,49.929611],[6.99914,49.929623],[6.999498,49.929404],[6.999554,49.928056],[6.998876,49.927594],[6.998885,49.927369],[6.998547,49.927139],[6.998556,49.926914],[6.998217,49.926683],[6.998236,49.926234],[6.997897,49.926003],[6.997944,49.924879],[6.998301,49.924661],[6.99831,49.924436],[7.000097,49.923343],[7.000793,49.923355],[7.001151,49.923136],[7.001847,49.923148],[7.002561,49.92271],[7.00258,49.922261],[7.002937,49.922042],[7.002599,49.921811],[7.002251,49.921805],[7.002269,49.921356],[7.003699,49.920481],[7.003708,49.920256],[7.00478,49.9196],[7.005128,49.919606],[7.005842,49.919169],[7.006539,49.919181],[7.008325,49.918087],[7.008371,49.916963],[7.008033,49.916733],[7.008042,49.916508],[7.007703,49.916277],[7.007712,49.916053],[7.008784,49.915396]]}},
{"type":"Feature","properties":{"STRM_VAL":1.0,"max_accum":300655.0,"color":"#5581b2","weight":3.08},"geometry":{"type":"LineString","coordinates":[[6.739185,49.916299],[6.73986,49.916762],[6.740207,49.916769],[6.742232,49.918157],[6.742211,49.918607],[6.742559,49.918613],[6.742897,49.918845],[6.743245,49.918852],[6.74392,49.919315],[6.743909,49.919539],[6.744584,49.920002],[6.744574,49.920227],[6.744922,49.920234],[6.745259,49.920465],[6.745607,49.920472],[6.745945,49.920703],[6.746989,49.920724],[6.747326,49.920955],[6.748022,49.920969],[6.74836,49.9212],[6.748708,49.921207],[6.749383,49.92167],[6.750079,49.921683],[6.750754,49.922146],[6.75145,49.92216],[6.751787,49.922391],[6.751777,49.922616],[6.75279,49.92331],[6.752779,49.923535],[6.753792,49.924229],[6.753781,49.924454],[6.754457,49.924916],[6.754446,49.925141],[6.755121,49.925604],[6.75548,49.925386],[6.756176,49.925399],[6.756513,49.925631],[6.756862,49.925638],[6.757199,49.925869],[6.757547,49.925876],[6.758222,49.926339],[6.75857,49.926345],[6.758908,49.926577],[6.758898,49.926801],[6.759235,49.927033],[6.759183,49.928156],[6.759858,49.928619],[6.759848,49.928844],[6.760186,49.929075],[6.760175,49.9293],[6.76085,49.929763],[6.76084,49.929987],[6.760482,49.930205],[6.760419,49.931553],[6.760757,49.931785],[6.760746,49.932009],[6.761422,49.932472],[6.761401,49.932922],[6.762076,49.933384],[6.762066,49.933609],[6.763079,49.934303],[6.763775,49.934317],[6.764113,49.934548],[6.764809,49.934562],[6.765147,49.934793],[6.766887,49.934827],[6.767225,49.935058],[6.767921,49.935071],[6.768259,49.935303],[6.768955,49.935316],[6.769968,49.93601],[6.770316,49.936017],[6.770654,49.936248],[6.77135,49.936262],[6.771688,49.936493],[6.772384,49.936506],[6.772722,49.936738],[6.77307,49.936745],[6.773746,49.937207],[6.774094,49.937214],[6.774083,49.937439],[6.775772,49.938595],[6.776468,49.938609],[6.776806,49.93884],[6.778547,49.938874],[6.778885,49.939105],[6.779233,49.939112],[6.779571,49.939343],[6.780267,49.939356],[6.780605,49.939588],[6.780953,49.939594],[6.782642,49.940751],[6.782632,49.940976],[6.782969,49.941207],[6.783318,49.941214],[6.783993,49.941676],[6.784341,49.941683],[6.784679,49.941914],[6.785038,49.941696],[6.785376,49.941928],[6.785724,49.941934],[6.786062,49.942166],[6.78641,49.942172],[6.787423,49.942866],[6.787771,49.942873],[6.788109,49.943104],[6.788458,49.943111],[6.788447,49.943336],[6.788785,49.943567],[6.789133,49.943574],[6.789809,49.944036],[6.790157,49.944043],[6.790495,49.944274],[6.790843,49.944281],[6.791181,49.944512],[6.791878,49.944525],[6.792891,49.945219],[6.792881,49.945444],[6.793219,49.945675],[6.793209,49.9459],[6.793547,49.946131],[6.793505,49.94703],[6.793147,49.947248],[6.793137,49.947473],[6.791396,49.94744],[6.791058,49.947208],[6.790699,49.947426],[6.790351,49.94742],[6.789993,49.947638],[6.790331,49.947869],[6.79032,49.948094],[6.790668,49.9481],[6.791006,49.948332],[6.790986,49.948781],[6.791324,49.949012],[6.791313,49.949237],[6.791651,49.949468],[6.791631,49.949918],[6.792307,49.95038],[6.792296,49.950605],[6.792972,49.951068],[6.792942,49.951742],[6.792583,49.95196],[6.790842,49.951927],[6.790483,49.952145],[6.790473,49.95237],[6.790115,49.952588],[6.790063,49.953711],[6.789705,49.953929]]}},
{"type":"Feature","properties":{"STRM_VAL":1.0,"max_accum":321425.0,"color":"#547fb1","weight":3.11},"geometry":{"type":"LineString","coordinates":[[6.789705,49.953929],[6.789694,49.954154],[6.790739,49.954174],[6.791077,49.954405],[6.791773,49.954418],[6.792787,49.955112],[6.794529,49.955145],[6.794887,49.954927],[6.795235,49.954934],[6.796669,49.954062],[6.79668,49.953837],[6.797038,49.953619],[6.797131,49.951597],[6.798206,49.950942],[6.798902,49.950956],[6.799261,49.950738],[6.801002,49.950771],[6.80134,49.951002],[6.802385,49.951022],[6.802723,49.951253],[6.803071,49.95126],[6.803409,49.951491],[6.803757,49.951497],[6.804095,49.951729],[6.80514,49.951749],[6.806215,49.951094],[6.806236,49.950645],[6.80556,49.950182],[6.805211,49.950176],[6.804873,49.949944],[6.803132,49.949911],[6.802794,49.94968],[6.802098,49.949667],[6.80176,49.949436],[6.801801,49.948537],[6.802159,49.948319],[6.802169,49.948094],[6.802886,49.947658],[6.803234,49.947665],[6.80431,49.94701],[6.804658,49.947017],[6.805016,49.946799],[6.805365,49.946805],[6.805723,49.946587],[6.807116,49.946614],[6.807474,49.946396],[6.80817,49.946409],[6.808529,49.946191],[6.808877,49.946197],[6.809235,49.945979],[6.809584,49.945986],[6.809942,49.945768],[6.81029,49.945774],[6.810649,49.945556],[6.810311,49.945325],[6.810669,49.945107],[6.810679,49.944882],[6.810331,49.944875],[6.809993,49.944644],[6.809297,49.944631],[6.808959,49.9444],[6.807566,49.944373],[6.807208,49.944591],[6.806163,49.944572],[6.805487,49.944109],[6.805497,49.943884],[6.805159,49.943653],[6.80517,49.943428],[6.804832,49.943197],[6.804842,49.942973],[6.804504,49.942741],[6.804514,49.942517],[6.804176,49.942285],[6.804535,49.942067],[6.804545,49.941842],[6.804903,49.941624],[6.804913,49.9414],[6.806347,49.940527],[6.806695,49.940534],[6.807412,49.940098],[6.80776,49.940104],[6.808118,49.939886],[6.808814,49.939899],[6.809889,49.939245],[6.810238,49.939252],[6.810954,49.938815],[6.811999,49.938835],[6.812357,49.938617],[6.813401,49.938637],[6.813739,49.938868],[6.814436,49.938881],[6.815152,49.938445],[6.815162,49.93822],[6.814486,49.937758],[6.814138,49.937751],[6.8138,49.93752],[6.814159,49.937302],[6.814169,49.937077],[6.815602,49.936204],[6.815612,49.93598],[6.816687,49.935325],[6.816697,49.935101],[6.817414,49.934664],[6.817762,49.934671],[6.81812,49.934453]]}},
{"type":"Feature","properties":{"STRM_VAL":1.0,"max_accum":359695.0,"color":"#517daf","weight":3.17},"geometry":{"type":"LineString","coordinates":[[6.81812,49.934453],[6.818478,49.934235],[6.818826,49.934241],[6.819164,49.934472],[6.820209,49.934492],[6.820547,49.934723],[6.820895,49.93473],[6.821233,49.934961],[6.821949,49.934525],[6.822297,49.934531],[6.822307,49.934307],[6.822666,49.934088],[6.823362,49.934102],[6.82372,49.933883],[6.82374,49.933434],[6.824099,49.933216],[6.824109,49.932991],[6.824467,49.932773],[6.824129,49.932542],[6.824845,49.932105],[6.825542,49.932119],[6.8259,49.9319],[6.826248,49.931907],[6.826268,49.931458],[6.82593,49.931226],[6.82594,49.931002],[6.825592,49.930995],[6.825254,49.930764],[6.825274,49.930314],[6.825633,49.930096],[6.825981,49.930103],[6.826697,49.929666],[6.826707,49.929442],[6.827782,49.928787],[6.82813,49.928794],[6.828468,49.929025],[6.828816,49.929032],[6.829174,49.928813],[6.82985,49.929276],[6.82984,49.9295],[6.830188,49.929507],[6.830526,49.929738],[6.830874,49.929745],[6.831232,49.929527],[6.83158,49.929533],[6.831938,49.929315],[6.832287,49.929321],[6.832645,49.929103],[6.832993,49.92911],[6.833003,49.928885],[6.832665,49.928654],[6.833023,49.928436],[6.833043,49.927986],[6.834118,49.927332],[6.834466,49.927338],[6.834824,49.92712]]}},
{"type":"Feature","properties":{"STRM_VAL":1.0,"max_accum":4185052.0,"color":"#1f4880","weight":4.42},"geometry":{"type":"LineString","coordinates":[[7.018773,49.926587],[7.019131,49.926368],[7.019149,49.925918],[7.019506,49.9257],[7.019525,49.92525],[7.019882,49.925031],[7.019919,49.924132],[7.020276,49.923914],[7.020304,49.92324],[7.020661,49.923021],[7.020679,49.922571],[7.021037,49.922353],[7.020698,49.922122],[7.021055,49.921903],[7.021083,49.921229],[7.02144,49.92101],[7.021449,49.920785],[7.021806,49.920567],[7.021843,49.919668],[7.021504,49.919437],[7.021514,49.919212],[7.021871,49.918994],[7.021926,49.917645],[7.021587,49.917415],[7.021596,49.91719],[7.021954,49.916971],[7.021981,49.916297],[7.022338,49.916078],[7.033475,49.916268],[7.033832,49.916049],[7.034528,49.916061],[7.034886,49.915842]]}},
{"type":"Feature","properties":{"STRM_VAL":1.0,"max_accum":974613.0,"color":"#3d679c","weight":3.68},"geometry":{"type":"LineString","coordinates":[[6.686691,49.92156],[6.683103,49.923737],[6.683093,49.923962],[6.682016,49.924615],[6.682006,49.92484],[6.68057,49.92571],[6.680222,49.925703],[6.679885,49.925472],[6.679526,49.92569],[6.679189,49.925458],[6.678493,49.925444],[6.678156,49.925212],[6.677808,49.925205],[6.677471,49.924974],[6.676427,49.924953],[6.675078,49.924026],[6.675089,49.923802],[6.674752,49.92357],[6.674762,49.923345],[6.674425,49.923114],[6.674447,49.922664],[6.67411,49.922433],[6.67412,49.922208],[6.673783,49.921976],[6.673794,49.921752],[6.673457,49.92152],[6.673468,49.921295],[6.672456,49.9206],[6.672108,49.920593],[6.671771,49.920362],[6.671075,49.920348],[6.670064,49.919653],[6.669716,49.919646],[6.669379,49.919414],[6.669031,49.919407],[6.668694,49.919175],[6.668704,49.918951],[6.66803,49.918487],[6.668041,49.918263],[6.667367,49.917799],[6.667019,49.917792],[6.666008,49.917097],[6.66566,49.91709],[6.664985,49.916627],[6.664637,49.91662],[6.6643,49.916388],[6.663257,49.916367],[6.662919,49.916136],[6.66293,49.915911],[6.661919,49.915216],[6.661571,49.915209],[6.661234,49.914977],[6.659494,49.914942],[6.65882,49.914479],[6.658831,49.914254],[6.658494,49.914022],[6.658516,49.913573],[6.658179,49.913341],[6.65819,49.913117],[6.656842,49.91219],[6.656494,49.912183],[6.656157,49.911951],[6.656179,49.911502],[6.655842,49.91127],[6.655852,49.911045],[6.655178,49.910582],[6.655189,49.910357],[6.654841,49.91035],[6.654852,49.910126],[6.654515,49.909894],[6.654526,49.909669],[6.653852,49.909206],[6.653863,49.908981],[6.653526,49.908749],[6.653537,49.908525],[6.6532,49.908293],[6.652852,49.908286],[6.652863,49.908061],[6.652526,49.90783],[6.652537,49.907605],[6.651863,49.907142],[6.651874,49.906917],[6.6512,49.906453],[6.650852,49.906446],[6.649842,49.905751],[6.649852,49.905527],[6.649516,49.905295],[6.649168,49.905288],[6.648831,49.905056],[6.648135,49.905042],[6.647776,49.90526],[6.646733,49.905238],[6.646396,49.905007],[6.646048,49.905],[6.645711,49.904768],[6.645722,49.904543],[6.645385,49.904311],[6.645037,49.904304],[6.6447,49.904073],[6.644711,49.903848],[6.644037,49.903385],[6.641255,49.903328],[6.641266,49.903103],[6.640929,49.902872],[6.64094,49.902647],[6.640603,49.902415],[6.640647,49.901516],[6.641005,49.901299],[6.641071,49.899951],[6.640376,49.899937],[6.639702,49.899473],[6.639006,49.899459],[6.637322,49.8983],[6.636626,49.898286],[6.635909,49.898721],[6.635561,49.898714],[6.634551,49.898019],[6.634562,49.897794],[6.634225,49.897562],[6.634236,49.897338],[6.633562,49.896874],[6.629389,49.896789],[6.62903,49.897007],[6.628682,49.896999],[6.628323,49.897217],[6.627628,49.897203],[6.627269,49.89742],[6.626573,49.897406],[6.626214,49.897624],[6.625519,49.897609],[6.623725,49.898697],[6.623714,49.898922],[6.623355,49.899139],[6.623344,49.899364],[6.622626,49.899799],[6.622278,49.899792],[6.62156,49.900227],[6.621549,49.900451],[6.620832,49.900887],[6.620821,49.901111],[6.620462,49.901329],[6.619418,49.901307],[6.618342,49.90196],[6.615907,49.90191],[6.615548,49.902127],[6.615537,49.902352],[6.615189,49.902345],[6.61483,49.902562],[6.614482,49.902555],[6.614493,49.90233],[6.614157,49.902099],[6.613798,49.902316],[6.61345,49.902309]]}},
{"type":"Feature","properties":{"STRM_VAL":1.0,"max_accum":14231.0,"color":"#93c2ec","weight":1.52},"geometry":{"type":"LineString","coordinates":[[6.560075,49.925036],[6.560098,49.924587],[6.560457,49.924369],[6.560491,49.923695],[6.560851,49.923478],[6.560896,49.922579],[6.560559,49.922347],[6.560593,49.921673],[6.560953,49.921456],[6.560987,49.920782],[6.56065,49.92055],[6.560673,49.920101],[6.560336,49.919869],[6.560348,49.919644],[6.560011,49.919412],[6.559663,49.919405],[6.559327,49.919173],[6.559338,49.918948],[6.559001,49.918716],[6.559058,49.917593],[6.558721,49.917361],[6.559799,49.916709],[6.559811,49.916484],[6.56017,49.916267],[6.560518,49.916274],[6.561596,49.915623],[6.562291,49.915637],[6.562651,49.91542],[6.563694,49.915442],[6.564054,49.915224],[6.564401,49.915232],[6.564761,49.915014],[6.565456,49.915029],[6.565816,49.914812],[6.566164,49.914819]]}},
{"type":"Feature","properties":{"STRM_VAL":1.0,"max_accum":35766.0,"color":"#80aeda","weight":1.99},"geometry":{"type":"LineString","coordinates":[[7.22728,49.940081],[7.226567,49.94052],[7.223781,49.940478],[7.223425,49.940697],[7.223077,49.940692],[7.22272,49.940911],[7.222712,49.941136],[7.223392,49.941596],[7.223375,49.942045],[7.223019,49.942265],[7.222977,49.943389],[7.222621,49.943608],[7.222613,49.943833],[7.222256,49.944052],[7.22224,49.944502],[7.221883,49.944721],[7.221875,49.944946],[7.222895,49.945636],[7.222538,49.945855],[7.222878,49.946085],[7.222522,49.946305],[7.222513,49.94653],[7.222157,49.946749],[7.22214,49.947199],[7.221071,49.947857],[7.221054,49.948306],[7.219984,49.948964],[7.219976,49.949189],[7.219263,49.949628],[7.219255,49.949853],[7.218185,49.950511],[7.218168,49.95096],[7.217455,49.951399],[7.217107,49.951394],[7.216393,49.951833],[7.216385,49.952057],[7.214959,49.952935],[7.21495,49.95316],[7.213167,49.954256],[7.211774,49.954235],[7.211434,49.954005],[7.210389,49.953989],[7.210049,49.953759],[7.209352,49.953748],[7.209012,49.953518],[7.208315,49.953507],[7.207975,49.953277],[7.207279,49.953266],[7.206939,49.953036],[7.20659,49.953031],[7.20625,49.9528],[7.205554,49.95279],[7.205214,49.95256],[7.204866,49.952554],[7.204526,49.952324],[7.203132,49.952302],[7.202792,49.952072],[7.202444,49.952067],[7.202087,49.952286],[7.201739,49.952281],[7.201382,49.9525],[7.201034,49.952495],[7.200677,49.952714],[7.199632,49.952698],[7.199292,49.952468],[7.198944,49.952462],[7.198264,49.952002],[7.197916,49.951997],[7.197576,49.951766],[7.196531,49.95175],[7.196191,49.95152],[7.195843,49.951515],[7.195503,49.951285],[7.195155,49.951279],[7.194815,49.951049],[7.194466,49.951044],[7.194126,49.950813],[7.189599,49.950743],[7.189259,49.950513],[7.18891,49.950507],[7.188231,49.950047],[7.188239,49.949822],[7.187891,49.949817],[7.186531,49.948896],[7.186183,49.94889],[7.185503,49.94843],[7.185155,49.948425],[7.184815,49.948194],[7.184467,49.948189],[7.183787,49.947729],[7.183439,49.947723],[7.183099,49.947493],[7.182403,49.947482],[7.182063,49.947252],[7.181366,49.947241],[7.181026,49.947011],[7.180678,49.947005],[7.180338,49.946775],[7.178945,49.946753]]}},
{"type":"Feature","properties":{"STRM_VAL":1.0,"max_accum":374559.0,"color":"#507cae","weight":3.19},"geometry":{"type":"LineString","coordinates":[[6.859934,49.934333],[6.859258,49.93387],[6.859307,49.932747],[6.858969,49.932516],[6.858979,49.932291],[6.857965,49.931598],[6.857975,49.931373],[6.854594,49.929062],[6.854952,49.928843],[6.854991,49.927945],[6.85535,49.927726],[6.85536,49.927502],[6.855718,49.927283],[6.855379,49.927052],[6.855737,49.926834],[6.855399,49.926603],[6.855419,49.926154],[6.856115,49.926166],[6.856473,49.925948],[6.856523,49.924825],[6.855847,49.924362],[6.855857,49.924138],[6.855519,49.923907],[6.855171,49.9239],[6.854157,49.923207],[6.854177,49.922757],[6.853501,49.922295],[6.853521,49.921846],[6.852845,49.921383],[6.852149,49.92137],[6.851811,49.921139],[6.849722,49.921101],[6.849046,49.920638],[6.849076,49.919964],[6.848738,49.919733],[6.848748,49.919508],[6.848072,49.919046]]}},
{"type":"Feature","properties":{"STRM_VAL":1.0,"max_accum":96587.0,"color":"#6c99c8","weight":2.5},"geometry":{"type":"LineString","coordinates":[[7.114291,49.942571],[7.113934,49.942791],[7.113925,49.943015],[7.113211,49.943453],[7.113176,49.944352],[7.113515,49.944583],[7.113507,49.944807],[7.112793,49.945246],[7.112775,49.945695],[7.112418,49.945914],[7.112383,49.946813],[7.110598,49.947908],[7.110589,49.948133]]}},
{"type":"Feature","properties":{"STRM_VAL":1.0,"max_accum":18056.0,"color":"#8ebde7","weight":1.64},"geometry":{"type":"LineString","coordinates":[[6.727436,49.936534],[6.727774,49.936765],[6.727742,49.937439],[6.72808,49.937671],[6.728069,49.937895],[6.728744,49.938358],[6.729092,49.938365],[6.72943,49.938597],[6.729419,49.938821],[6.729757,49.939053],[6.730105,49.93906],[6.730443,49.939291],[6.730791,49.939298],[6.731149,49.93908],[6.733934,49.939135],[6.734272,49.939366],[6.73462,49.939373],[6.734958,49.939604],[6.735654,49.939618],[6.735992,49.939849],[6.73634,49.939856],[6.736677,49.940088],[6.737722,49.940108],[6.738059,49.94034],[6.738407,49.940346],[6.738745,49.940578],[6.739093,49.940585],[6.740106,49.941279],[6.740095,49.941504],[6.740771,49.941967],[6.741119,49.941973],[6.741456,49.942205],[6.741805,49.942212],[6.742142,49.942443],[6.742501,49.942225],[6.742839,49.942457],[6.743535,49.94247],[6.743873,49.942702],[6.744221,49.942708],[6.744896,49.943171],[6.745244,49.943178],[6.745582,49.94341],[6.746278,49.943423],[6.746953,49.943886],[6.74765,49.943899],[6.748663,49.944594],[6.749011,49.944601],[6.749349,49.944832],[6.749697,49.944839],[6.750035,49.94507],[6.750731,49.945084],[6.751069,49.945315],[6.752113,49.945335],[6.752451,49.945567],[6.752799,49.945574],[6.753137,49.945805],[6.753485,49.945812],[6.753823,49.946043],[6.755215,49.94607],[6.755553,49.946302],[6.755901,49.946308],[6.75626,49.94609],[6.757304,49.946111],[6.758022,49.945675],[6.75837,49.945681],[6.758708,49.945913],[6.759752,49.945933],[6.76009,49.946164]]}},
{"type":"Feature","properties":{"STRM_VAL":1.0,"max_accum":26561.0,"color":"#87b5e0","weight":1.84},"geometry":{"type":"LineString","coordinates":[[6.76009,49.946164],[6.760059,49.946838],[6.760396,49.94707],[6.760323,49.948643],[6.760661,49.948874],[6.760651,49.949099],[6.760988,49.94933],[6.760895,49.951352],[6.762584,49.952509]]}},
{"type":"Feature","properties":{"STRM_VAL":1.0,"max_accum":278910.0,"color":"#5682b4","weight":3.04},"geometry":{"type":"LineString","coordinates":[[6.762584,49.952509],[6.762922,49.952741],[6.76327,49.952747],[6.764283,49.953442],[6.764273,49.953666],[6.764611,49.953898],[6.7646,49.954122],[6.764938,49.954354],[6.764928,49.954578],[6.766279,49.955504],[6.768369,49.955544],[6.768727,49.955326],[6.77012,49.955353],[6.770796,49.955816],[6.771144,49.955823],[6.77182,49.956285],[6.77181,49.95651],[6.772147,49.956741],[6.77354,49.956768],[6.773899,49.95655],[6.774944,49.95657],[6.775302,49.956352],[6.778437,49.956412],[6.779113,49.956875],[6.780506,49.956902],[6.780864,49.956684],[6.781213,49.95669],[6.781571,49.956472],[6.782268,49.956486],[6.782626,49.956268],[6.782974,49.956274],[6.783333,49.956056],[6.784378,49.956076]]}},
{"type":"Feature","properties":{"STRM_VAL":1.0,"max_accum":300655.0,"color":"#5581b2","weight":3.08},"geometry":{"type":"LineString","coordinates":[[6.784378,49.956076],[6.785454,49.955422],[6.785464,49.955197],[6.786181,49.954761],[6.786191,49.954537],[6.78655,49.954319],[6.78657,49.953869],[6.786929,49.953651],[6.78696,49.952977],[6.787318,49.952759],[6.788015,49.952772],[6.788691,49.953235],[6.78868,49.95346],[6.789356,49.953922],[6.789705,49.953929]]}},
{"type":"Feature","properties":{"STRM_VAL":1.0,"max_accum":534141.0,"color":"#4974a7","weight":3.37},"geometry":{"type":"LineString","coordinates":[[6.893467,49.940344],[6.895159,49.941499],[6.896203,49.941518],[6.897895,49.942673],[6.897875,49.943122],[6.899229,49.944047],[6.899577,49.944053],[6.899916,49.944284],[6.900264,49.94429],[6.900602,49.944521],[6.900951,49.944527],[6.901289,49.944758],[6.901637,49.944765],[6.902314,49.945227],[6.902662,49.945233],[6.903001,49.945464],[6.903349,49.94547],[6.904026,49.945932],[6.904016,49.946157],[6.904693,49.946619],[6.905041,49.946625],[6.905718,49.947087],[6.907111,49.947113],[6.907827,49.946676],[6.908175,49.946682],[6.908514,49.946913],[6.908156,49.947131],[6.908146,49.947356],[6.908823,49.947818],[6.909868,49.947837],[6.910206,49.948068],[6.910196,49.948293],[6.911212,49.948985],[6.91156,49.948992],[6.912237,49.949454],[6.91363,49.949479],[6.913969,49.94971],[6.914665,49.949722],[6.915004,49.949953],[6.915352,49.94996],[6.917045,49.951114],[6.917393,49.951121],[6.917732,49.951352],[6.918776,49.95137],[6.919115,49.951601],[6.919463,49.951608],[6.919802,49.951838],[6.92015,49.951845],[6.920827,49.952307],[6.921175,49.952313],[6.921514,49.952544],[6.921495,49.952993],[6.921833,49.953224],[6.922181,49.95323],[6.923197,49.953923],[6.923188,49.954148],[6.923526,49.954379],[6.924571,49.954398],[6.92491,49.954629],[6.925258,49.954635],[6.925597,49.954866],[6.925945,49.954872],[6.926303,49.954653],[6.926999,49.954666],[6.928015,49.955359],[6.928006,49.955583],[6.928344,49.955814],[6.930434,49.955852],[6.930424,49.956076],[6.930773,49.956083],[6.931111,49.956313],[6.932156,49.956332],[6.932514,49.956114],[6.932862,49.95612],[6.933201,49.956351]]}},
{"type":"Feature","properties":{"STRM_VAL":1.0,"max_accum":541939.0,"color":"#4974a7","weight":3.38},"geometry":{"type":"LineString","coordinates":[[6.933201,49.956351],[6.933559,49.956132],[6.933569,49.955908],[6.933926,49.955689],[6.933946,49.95524],[6.934304,49.955021],[6.935,49.955034],[6.935358,49.954815],[6.936055,49.954827],[6.936412,49.954609]]}},
{"type":"Feature","properties":{"STRM_VAL":1.0,"max_accum":552791.0,"color":"#4874a7","weight":3.39},"geometry":{"type":"LineString","coordinates":[[6.936412,49.954609],[6.937109,49.954621],[6.937467,49.954403],[6.937815,49.954409],[6.938173,49.95419],[6.938521,49.954197],[6.93886,49.954428],[6.940601,49.954459],[6.940959,49.95424],[6.941308,49.954246],[6.941665,49.954028],[6.94271,49.954046],[6.943388,49.954508],[6.943369,49.954957],[6.943707,49.955188],[6.943349,49.955407],[6.943001,49.955401],[6.942643,49.955619],[6.942982,49.95585],[6.942972,49.956075],[6.944327,49.956998]]}},
{"type":"Feature","properties":{"STRM_VAL":1.0,"max_accum":605016.0,"color":"#4772a5","weight":3.44},"geometry":{"type":"LineString","coordinates":[[6.944327,49.956998],[6.944685,49.95678],[6.945033,49.956786],[6.945372,49.957017],[6.946417,49.957035],[6.946775,49.956817],[6.947123,49.956823],[6.947839,49.956386],[6.948536,49.956398],[6.948893,49.95618],[6.949242,49.956186],[6.9496,49.955967],[6.949938,49.956198],[6.950296,49.95598],[6.950306,49.955755],[6.950663,49.955536],[6.950692,49.954862],[6.95105,49.954644],[6.951098,49.95352],[6.950759,49.953289],[6.950768,49.953065],[6.951126,49.952846],[6.951155,49.952172],[6.951513,49.951953],[6.951522,49.951729],[6.95188,49.95151],[6.95189,49.951285],[6.952247,49.951067],[6.952285,49.950168]]}},
{"type":"Feature","properties":{"STRM_VAL":1.0,"max_accum":638708.0,"color":"#4571a4","weight":3.46},"geometry":{"type":"LineString","coordinates":[[6.952285,49.950168],[6.952352,49.948595],[6.95271,49.948376],[6.952739,49.947702],[6.953096,49.947484],[6.953115,49.947034],[6.953473,49.946816],[6.953492,49.946366],[6.95385,49.946148],[6.953859,49.945923],[6.954217,49.945704],[6.954227,49.94548],[6.954584,49.945261],[6.954718,49.942115],[6.954379,49.941884],[6.954408,49.94121],[6.954069,49.940979],[6.954078,49.940755],[6.95374,49.940524],[6.953759,49.940074],[6.95342,49.939844],[6.953439,49.939394],[6.952085,49.938471],[6.952113,49.937797],[6.952829,49.937359],[6.952838,49.937135],[6.953196,49.936916],[6.953205,49.936691],[6.953563,49.936473],[6.95362,49.935125],[6.953281,49.934894],[6.95331,49.93422],[6.952962,49.934213],[6.952971,49.933989],[6.952633,49.933758],[6.953348,49.933321],[6.953358,49.933096],[6.954431,49.93244],[6.954779,49.932447],[6.955136,49.932228],[6.957573,49.932271],[6.957931,49.932052],[6.958279,49.932058],[6.958637,49.93184],[6.959681,49.931858],[6.960039,49.93164],[6.960387,49.931646],[6.960725,49.931877],[6.962118,49.931901],[6.962456,49.932132],[6.963153,49.932144],[6.96351,49.931926],[6.964207,49.931938],[6.964564,49.931719],[6.96526,49.931731],[6.965618,49.931513],[6.965966,49.931519],[6.966305,49.93175],[6.967001,49.931762],[6.96734,49.931993],[6.967688,49.931999],[6.968026,49.93223],[6.968375,49.932236],[6.968713,49.932467],[6.969409,49.932479],[6.969748,49.93271],[6.972533,49.932758],[6.974321,49.931665],[6.974669,49.931671],[6.975384,49.931234],[6.975732,49.93124],[6.97609,49.931021],[6.976438,49.931028],[6.976796,49.930809],[6.977492,49.930821],[6.978169,49.931283],[6.978527,49.931064],[6.978536,49.930839],[6.978894,49.930621],[6.979242,49.930627],[6.979232,49.930851],[6.979929,49.930864],[6.981622,49.932017],[6.982667,49.932036],[6.983005,49.932266],[6.983353,49.932272],[6.983692,49.932503]]}},
{"type":"Feature","properties":{"STRM_VAL":1.0,"max_accum":18056.0,"color":"#8ebde7","weight":1.64},"geometry":{"type":"LineString","coordinates":[[6.754895,49.937968],[6.75557,49.938431],[6.755919,49.938438],[6.757945,49.939826],[6.757934,49.940051],[6.758282,49.940058],[6.75862,49.940289],[6.758968,49.940296],[6.759306,49.940527],[6.759654,49.940534],[6.761005,49.94146],[6.76089,49.943931],[6.761228,49.944162],[6.761207,49.944612],[6.761545,49.944843],[6.761524,49.945293],[6.761166,49.945511],[6.761155,49.945735],[6.760797,49.945953],[6.760448,49.945946],[6.76009,49.946164]]}},
{"type":"Feature","properties":{"STRM_VAL":1.0,"max_accum":541939.0,"color":"#4974a7","weight":3.38},"geometry":{"type":"LineString","coordinates":[[6.937212,49.944054],[6.937183,49.944728],[6.936825,49.944947],[6.936749,49.946744],[6.936391,49.946963],[6.936381,49.947187],[6.935666,49.947624],[6.935656,49.947849],[6.935298,49.948068],[6.935288,49.948292],[6.934931,49.948511],[6.935269,49.948742],[6.935618,49.948748],[6.935956,49.948979],[6.935927,49.949653],[6.936266,49.949884],[6.936247,49.950333],[6.936585,49.950564],[6.936557,49.951238],[6.936199,49.951457],[6.936189,49.951682],[6.936528,49.951912],[6.936509,49.952362],[6.936151,49.95258],[6.936489,49.952811],[6.936131,49.95303],[6.936103,49.953704],[6.935745,49.953922],[6.935726,49.954372],[6.936064,49.954603],[6.936412,49.954609]]}},
{"type":"Feature","properties":{"STRM_VAL":1.0,"max_accum":894802.0,"color":"#3f699d","weight":3.64},"geometry":{"type":"LineString","coordinates":[[6.587319,49.937525],[6.587993,49.937989],[6.588341,49.937996],[6.589352,49.938692],[6.5897,49.938699],[6.590037,49.938931],[6.593169,49.938996],[6.593529,49.938779],[6.593877,49.938786],[6.594214,49.939018],[6.594562,49.939025],[6.595909,49.939953],[6.596954,49.939974],[6.597628,49.940438],[6.597976,49.940445],[6.598649,49.940909],[6.598998,49.940916],[6.599335,49.941148],[6.599683,49.941155],[6.600357,49.941619],[6.601401,49.941641],[6.601738,49.941872],[6.60313,49.941901],[6.603467,49.942133],[6.603815,49.94214],[6.604152,49.942372],[6.605197,49.942394],[6.605534,49.942625],[6.605893,49.942408],[6.60623,49.94264],[6.607274,49.942661],[6.607611,49.942893],[6.60797,49.942676],[6.608307,49.942908],[6.609352,49.942929],[6.609689,49.943161],[6.610037,49.943168],[6.611048,49.943864],[6.611396,49.943871],[6.611733,49.944103],[6.612081,49.94411],[6.612418,49.944342],[6.612766,49.944349],[6.614114,49.945276],[6.614463,49.945283],[6.6148,49.945515],[6.617933,49.94558],[6.618292,49.945362],[6.619336,49.945384],[6.619674,49.945615],[6.621066,49.945644],[6.621403,49.945876],[6.622099,49.94589],[6.622437,49.946122],[6.622785,49.946129],[6.625481,49.947983],[6.626526,49.948005]]}},
{"type":"Feature","properties":{"STRM_VAL":1.0,"max_accum":943010.0,"color":"#3e689c","weight":3.66},"geometry":{"type":"LineString","coordinates":[[6.626526,49.948005],[6.628322,49.946917],[6.62867,49.946924],[6.629029,49.946707],[6.63077,49.946742],[6.631107,49.946974],[6.633892,49.947031],[6.63497,49.946378],[6.634992,49.945929],[6.634655,49.945697],[6.634666,49.945472],[6.634329,49.945241],[6.63434,49.945016],[6.633665,49.944552],[6.632969,49.944538],[6.632632,49.944306],[6.630891,49.944271],[6.630554,49.944039],[6.626725,49.943961],[6.626388,49.943729],[6.624647,49.943693],[6.62431,49.943462],[6.623962,49.943454],[6.623288,49.942991],[6.62294,49.942984],[6.622265,49.94252],[6.622276,49.942295],[6.621939,49.942064],[6.621984,49.941165],[6.622343,49.940947],[6.622354,49.940723],[6.622713,49.940505],[6.622735,49.940056],[6.623813,49.939403],[6.624161,49.939411],[6.62452,49.939193],[6.624868,49.9392],[6.625227,49.938983],[6.625575,49.93899],[6.625934,49.938772],[6.626283,49.938779],[6.627719,49.937909],[6.627752,49.937235],[6.627415,49.937003],[6.627426,49.936779],[6.627089,49.936547],[6.626741,49.93654],[6.626404,49.936308],[6.626056,49.936301],[6.625719,49.936069],[6.625023,49.936055],[6.624686,49.935823],[6.621553,49.935759],[6.621194,49.935976],[6.620846,49.935969],[6.620509,49.935737],[6.620161,49.93573],[6.619824,49.935499],[6.619476,49.935491],[6.619139,49.93526],[6.618791,49.935252],[6.615421,49.932934],[6.615432,49.93271],[6.615095,49.932478],[6.615106,49.932253],[6.614769,49.932021],[6.61478,49.931797],[6.614443,49.931565],[6.614454,49.93134],[6.614118,49.931108],[6.614184,49.92976],[6.614543,49.929543],[6.614554,49.929318],[6.614913,49.929101],[6.614925,49.928876],[6.615643,49.928441],[6.615654,49.928216],[6.616372,49.927781],[6.616383,49.927557],[6.617101,49.927122],[6.617112,49.926897],[6.617831,49.926462],[6.618179,49.926469],[6.618897,49.926034],[6.618908,49.92581],[6.62178,49.924069],[6.621443,49.923838],[6.621454,49.923613],[6.620444,49.922918],[6.620455,49.922693],[6.620118,49.922461],[6.61977,49.922454],[6.619433,49.922222],[6.618389,49.922201],[6.618052,49.921969],[6.617704,49.921962],[6.617367,49.92173],[6.615975,49.921701]]}},
{"type":"Feature","properties":{"STRM_VAL":1.0,"max_accum":19676.0,"color":"#8dbbe6","weight":1.68},"geometry":{"type":"LineString","coordinates":[[6.686146,49.940215],[6.685428,49.94065],[6.685417,49.940875],[6.685755,49.941106],[6.685722,49.94178],[6.685364,49.941998],[6.68532,49.942897],[6.685658,49.943128],[6.685626,49.943802],[6.685963,49.944034],[6.68592,49.944933],[6.687607,49.946091],[6.687574,49.946765],[6.687912,49.946996],[6.687553,49.947214],[6.687521,49.947888],[6.687162,49.948106],[6.687151,49.94833],[6.686792,49.948548],[6.685399,49.94852],[6.68504,49.948738],[6.684692,49.948731],[6.684333,49.948949],[6.683985,49.948942],[6.683626,49.94916],[6.683278,49.949153],[6.682919,49.94937],[6.682223,49.949356]]}},
{"type":"Feature","properties":{"STRM_VAL":1.0,"max_accum":77164.0,"color":"#719ecc","weight":2.38},"geometry":{"type":"LineString","coordinates":[[6.682223,49.949356],[6.680133,49.949315],[6.679774,49.949532],[6.679426,49.949525],[6.678708,49.949961],[6.678633,49.951533],[6.678274,49.951751],[6.677925,49.951744],[6.677566,49.951962],[6.67687,49.951948],[6.676511,49.952166],[6.675815,49.952152],[6.675097,49.952587],[6.675086,49.952812],[6.674727,49.953029],[6.674705,49.953479],[6.675042,49.95371],[6.674683,49.953928],[6.675021,49.95416],[6.674662,49.954377],[6.673965,49.954363],[6.673628,49.954132],[6.671887,49.954097],[6.671169,49.954532],[6.671125,49.955431],[6.670766,49.955649],[6.670723,49.956547],[6.67106,49.956779],[6.671028,49.957453],[6.671365,49.957685],[6.671333,49.958359],[6.67167,49.95859],[6.671638,49.959264],[6.671975,49.959496],[6.671964,49.95972],[6.66981,49.961027],[6.669788,49.961476],[6.669429,49.961694],[6.669407,49.962143],[6.66833,49.962796],[6.668243,49.964593],[6.666447,49.965681],[6.665402,49.96566],[6.665043,49.965878],[6.664695,49.965871],[6.664335,49.966089],[6.664303,49.966763],[6.663606,49.966749],[6.663247,49.966966]]}},
{"type":"Feature","properties":{"STRM_VAL":1.0,"max_accum":110154.0,"color":"#6996c5","weight":2.56},"geometry":{"type":"LineString","coordinates":[[6.663247,49.966966],[6.662888,49.967184],[6.661538,49.966257],[6.661179,49.966475],[6.660842,49.966243],[6.660852,49.966019],[6.660515,49.965787],[6.660167,49.96578],[6.659492,49.965316],[6.658795,49.965302],[6.657446,49.964376],[6.657087,49.964593],[6.655737,49.963666],[6.655748,49.963442],[6.655073,49.962978],[6.654725,49.962971],[6.654388,49.96274],[6.654039,49.962732],[6.653702,49.962501],[6.652309,49.962473],[6.651634,49.962009],[6.650938,49.961995],[6.650263,49.961532],[6.650274,49.961307],[6.649937,49.961075],[6.649948,49.960851],[6.64961,49.960619],[6.649621,49.960394],[6.649284,49.960162],[6.649328,49.959264]]}},
{"type":"Feature","properties":{"STRM_VAL":1.0,"max_accum":884518.0,"color":"#3f6a9e","weight":3.63},"geometry":{"type":"LineString","coordinates":[[6.649328,49.959264],[6.64935,49.958814],[6.649012,49.958583],[6.648664,49.958576],[6.648327,49.958344],[6.647979,49.958337],[6.647641,49.958105],[6.647293,49.958098],[6.646956,49.957866],[6.646259,49.957852],[6.645922,49.95762],[6.644877,49.957599],[6.644518,49.957817],[6.644507,49.958042],[6.644148,49.958259],[6.644126,49.958708],[6.643778,49.958701],[6.643419,49.958919],[6.642722,49.958905],[6.642385,49.958673],[6.64134,49.958652],[6.640328,49.957957],[6.640339,49.957732],[6.640002,49.9575],[6.640035,49.956826],[6.639698,49.956594],[6.63972,49.956145],[6.639383,49.955913],[6.639394,49.955689],[6.638719,49.955225],[6.638023,49.955211],[6.637663,49.955429],[6.636271,49.9554],[6.635933,49.955168],[6.635237,49.955154],[6.633551,49.953995],[6.633562,49.953771],[6.632888,49.953307],[6.632921,49.952633],[6.632583,49.952401],[6.632595,49.952177],[6.632257,49.951945],[6.632268,49.95172],[6.631257,49.951025],[6.631268,49.9508],[6.63092,49.950793],[6.630245,49.95033],[6.629549,49.950315],[6.62919,49.950533]]}},
{"type":"Feature","properties":{"STRM_VAL":1.0,"max_accum":894802.0,"color":"#3f699d","weight":3.64},"geometry":{"type":"LineString","coordinates":[[6.62919,49.950533],[6.628493,49.950519],[6.628156,49.950287],[6.627808,49.95028],[6.627134,49.949816],[6.627156,49.949367],[6.626819,49.949135],[6.62683,49.94891],[6.626493,49.948679],[6.626526,49.948005]]}},
{"type":"Feature","properties":{"STRM_VAL":1.0,"max_accum":19676.0,"color":"#8dbbe6","weight":1.68},"geometry":{"type":"LineString","coordinates":[[6.664552,49.940006],[6.665901,49.940933],[6.665879,49.941382],[6.666216,49.941614],[6.666206,49.941839],[6.666543,49.94207],[6.666891,49.942077],[6.667228,49.942309],[6.667576,49.942316],[6.667914,49.942548],[6.668262,49.942555],[6.668599,49.942786],[6.669644,49.942807],[6.670318,49.943271],[6.670666,49.943278],[6.671004,49.943509],[6.6717,49.943523],[6.672037,49.943755],[6.672385,49.943762],[6.673735,49.944689],[6.674431,49.944703],[6.674768,49.944934],[6.675116,49.944941],[6.675791,49.945405],[6.676139,49.945412],[6.676476,49.945643],[6.676825,49.94565],[6.677162,49.945882],[6.67751,49.945889],[6.677847,49.946121],[6.677815,49.946795],[6.678152,49.947026],[6.678142,49.947251],[6.678838,49.947265],[6.679175,49.947496],[6.68022,49.947517],[6.682244,49.948907],[6.682223,49.949356]]}},
{"type":"Feature","properties":{"STRM_VAL":1.0,"max_accum":4300323.0,"color":"#1e4880","weight":4.44},"geometry":{"type":"LineString","coordinates":[[7.072779,49.952458],[7.073118,49.952689],[7.073109,49.952913],[7.073788,49.953374],[7.073779,49.953599],[7.074118,49.95383],[7.074091,49.954504],[7.074431,49.954734],[7.074422,49.954959],[7.074761,49.955189],[7.074752,49.955414],[7.075091,49.955645],[7.075082,49.955869],[7.075422,49.9561],[7.075065,49.956319],[7.075404,49.956549],[7.075395,49.956774],[7.077092,49.957927],[7.077083,49.958151],[7.078101,49.958843],[7.078092,49.959068],[7.078431,49.959298],[7.078405,49.959972],[7.080441,49.961355],[7.080432,49.96158],[7.081111,49.962041],[7.081102,49.962266],[7.081781,49.962727],[7.081772,49.962951],[7.082451,49.963412],[7.082442,49.963637],[7.084479,49.96502],[7.084827,49.965026],[7.084818,49.96525],[7.085158,49.965481],[7.085854,49.965492],[7.086194,49.965723],[7.088284,49.965757],[7.088624,49.965988],[7.088972,49.965994],[7.089312,49.966224],[7.090357,49.966241],[7.090696,49.966472],[7.091045,49.966478],[7.091724,49.966938],[7.092072,49.966944],[7.092412,49.967175],[7.093457,49.967192],[7.094136,49.967653],[7.094484,49.967658],[7.094824,49.967889],[7.095172,49.967895],[7.095512,49.968125],[7.096557,49.968142],[7.096897,49.968373],[7.097254,49.968154],[7.098612,49.969075],[7.099309,49.969087],[7.101686,49.9707],[7.102731,49.970717],[7.103446,49.970279],[7.103631,49.96556]]}},
{"type":"Feature","properties":{"STRM_VAL":1.0,"max_accum":321425.0,"color":"#547fb1","weight":3.11},"geometry":{"type":"LineString","coordinates":[[6.833735,49.951387],[6.833397,49.951156],[6.833049,49.951149],[6.831697,49.950224],[6.831727,49.94955],[6.831389,49.949319],[6.831409,49.94887],[6.831071,49.948638],[6.831081,49.948414],[6.82939,49.947258],[6.829042,49.947251],[6.828366,49.946789],[6.828018,49.946782],[6.82768,49.946551],[6.827331,49.946544],[6.824965,49.944926],[6.824975,49.944701],[6.824299,49.944239],[6.823951,49.944232],[6.823613,49.944001],[6.823264,49.943995],[6.822588,49.943532],[6.822599,49.943307],[6.821922,49.942845],[6.821943,49.942396],[6.821605,49.942164],[6.821615,49.94194],[6.821277,49.941708],[6.821297,49.941259],[6.820959,49.941028],[6.820979,49.940578],[6.820631,49.940572],[6.819955,49.940109],[6.819965,49.939885],[6.819627,49.939653],[6.819637,49.939429],[6.819996,49.939211],[6.819658,49.938979],[6.819668,49.938755],[6.81933,49.938523],[6.818285,49.938504],[6.817947,49.938273],[6.817599,49.938266],[6.817261,49.938035],[6.817272,49.93781],[6.816934,49.937579],[6.817292,49.937361],[6.816954,49.937129],[6.816964,49.936905],[6.817322,49.936687],[6.816984,49.936455],[6.817005,49.936006],[6.818438,49.935133],[6.818458,49.934684],[6.81812,49.934453]]}},
{"type":"Feature","properties":{"STRM_VAL":1.0,"max_accum":28072.0,"color":"#85b4df","weight":1.86},"geometry":{"type":"LineString","coordinates":[[7.234923,49.959762],[7.234575,49.959756],[7.233862,49.960195],[7.233513,49.96019],[7.232444,49.960848],[7.232435,49.961073],[7.232079,49.961292],[7.23207,49.961517],[7.231714,49.961737],[7.231706,49.961961],[7.231349,49.962181],[7.231341,49.962406],[7.230271,49.963064],[7.228529,49.963037],[7.228189,49.962807],[7.227492,49.962797],[7.227152,49.962567],[7.226803,49.962561],[7.226463,49.962331],[7.22575,49.96277],[7.225053,49.962759],[7.224696,49.962979],[7.224348,49.962973],[7.223991,49.963193],[7.223651,49.962963],[7.222954,49.962952],[7.222614,49.962722],[7.221917,49.962711],[7.221577,49.962481],[7.220881,49.96247],[7.22054,49.96224],[7.220192,49.962235],[7.219852,49.962005],[7.217065,49.961962],[7.216725,49.961732],[7.21568,49.961716],[7.215323,49.961935],[7.214974,49.96193],[7.214618,49.962149],[7.213573,49.962133],[7.213216,49.962353],[7.212519,49.962342],[7.212162,49.962561],[7.211814,49.962556],[7.211134,49.962096],[7.208347,49.962053],[7.20799,49.962272],[7.207293,49.962261],[7.206936,49.962481],[7.206588,49.962475],[7.205875,49.962914],[7.20585,49.963588],[7.205493,49.963807],[7.205484,49.964032],[7.205128,49.964252],[7.205119,49.964476],[7.204763,49.964696],[7.204754,49.96492],[7.204041,49.965359],[7.204032,49.965584],[7.200821,49.967558],[7.200473,49.967553],[7.200464,49.967777],[7.199037,49.968655],[7.199003,49.969554],[7.198647,49.969773],[7.19863,49.970222],[7.198273,49.970442],[7.198265,49.970666],[7.197551,49.971105],[7.197202,49.9711],[7.196846,49.971319],[7.196837,49.971544],[7.196123,49.971982],[7.195775,49.971977],[7.193634,49.973293],[7.193625,49.973518],[7.193268,49.973737],[7.193252,49.974186],[7.192895,49.974406],[7.192886,49.97463],[7.192529,49.97485],[7.192521,49.975074],[7.191807,49.975513],[7.191459,49.975508],[7.190388,49.976166],[7.19038,49.97639],[7.190023,49.97661],[7.190006,49.977059],[7.189649,49.977278],[7.18959,49.978852],[7.18993,49.979082],[7.189921,49.979307],[7.190261,49.979537],[7.190236,49.980211],[7.190576,49.980441],[7.190568,49.980666],[7.190908,49.980896]]}},
{"type":"Feature","properties":{"STRM_VAL":1.0,"max_accum":47448.0,"color":"#7ba8d5","weight":2.13},"geometry":{"type":"LineString","coordinates":[[7.190908,49.980896],[7.190899,49.981121],[7.189829,49.981779],[7.189489,49.981548],[7.188094,49.981527],[7.187737,49.981746],[7.187397,49.981516],[7.18704,49.981735],[7.186343,49.981724],[7.185986,49.981943],[7.184941,49.981927],[7.184601,49.981697],[7.184244,49.981916],[7.181455,49.981873],[7.181098,49.982092],[7.180053,49.982075],[7.179696,49.982295],[7.17865,49.982278],[7.178293,49.982498],[7.176899,49.982476],[7.176185,49.982914],[7.175488,49.982903],[7.175131,49.983122],[7.174782,49.983117],[7.174425,49.983336],[7.173405,49.982646],[7.170966,49.982607],[7.170626,49.982377],[7.167837,49.982333],[7.16748,49.982552],[7.166086,49.98253],[7.165729,49.982749],[7.163289,49.982711],[7.162932,49.98293],[7.162584,49.982924],[7.16187,49.983363],[7.160824,49.983346],[7.160467,49.983565],[7.159421,49.983549],[7.159064,49.983768],[7.158018,49.983751],[7.157679,49.983521],[7.15733,49.983516],[7.15699,49.983285],[7.156633,49.983505],[7.156284,49.983499],[7.155927,49.983718],[7.15523,49.983707],[7.154873,49.983926],[7.151736,49.983876],[7.151056,49.983416],[7.150708,49.98341],[7.150368,49.98318],[7.145488,49.983102],[7.145149,49.982872]]}},
{"type":"Feature","properties":{"STRM_VAL":1.0,"max_accum":100853.0,"color":"#6b98c7","weight":2.52},"geometry":{"type":"LineString","coordinates":[[7.145149,49.982872],[7.144791,49.983091],[7.1427,49.983057],[7.142021,49.982597],[7.141663,49.982816],[7.140966,49.982805],[7.140287,49.982344],[7.138892,49.982322],[7.138553,49.982091]]}},
{"type":"Feature","properties":{"STRM_VAL":1.0,"max_accum":26561.0,"color":"#87b5e0","weight":1.84},"geometry":{"type":"LineString","coordinates":[[6.745131,49.953071],[6.74722,49.953111],[6.747579,49.952893],[6.747927,49.9529],[6.748286,49.952682],[6.748634,49.952689],[6.748993,49.952471],[6.749341,49.952478],[6.749699,49.95226],[6.750396,49.952273],[6.750755,49.952056],[6.751103,49.952062],[6.751461,49.951844],[6.753899,49.951892],[6.754237,49.952123],[6.754933,49.952137],[6.755292,49.951919],[6.757381,49.951959],[6.757719,49.95219],[6.758764,49.952211],[6.759101,49.952442],[6.75945,49.952449],[6.759787,49.95268],[6.761877,49.952721],[6.762235,49.952503],[6.762584,49.952509]]}},
{"type":"Feature","properties":{"STRM_VAL":1.0,"max_accum":28072.0,"color":"#85b4df","weight":1.86},"geometry":{"type":"LineString","coordinates":[[7.240137,49.969735],[7.239797,49.969505],[7.239448,49.9695],[7.238768,49.96904],[7.238071,49.969029],[7.23773,49.968799],[7.235291,49.968762],[7.234951,49.968532],[7.234603,49.968527],[7.233922,49.968067],[7.233225,49.968056],[7.232885,49.967826],[7.23184,49.96781],[7.2315,49.96758],[7.231151,49.967575],[7.230795,49.967794],[7.230446,49.967789],[7.229426,49.967099],[7.228032,49.967077],[7.227692,49.966847],[7.227335,49.967067],[7.226638,49.967056],[7.225925,49.967495],[7.225576,49.96749],[7.22415,49.968367],[7.22449,49.968597],[7.224133,49.968817],[7.224083,49.970165],[7.223727,49.970385],[7.223702,49.971059],[7.223345,49.971278],[7.222997,49.971273],[7.22264,49.971492],[7.222291,49.971487],[7.221935,49.971706],[7.220889,49.97169],[7.220532,49.97191],[7.220508,49.972584],[7.220159,49.972579],[7.219802,49.972798],[7.21806,49.972771],[7.21699,49.973429],[7.216923,49.975227],[7.217263,49.975457],[7.217255,49.975682],[7.217595,49.975912],[7.217239,49.976132],[7.217214,49.976806],[7.217554,49.977036],[7.217197,49.977255],[7.21718,49.977705],[7.215753,49.978582],[7.215405,49.978577],[7.215048,49.978796],[7.214002,49.97878],[7.213662,49.97855],[7.213314,49.978545],[7.212957,49.978764],[7.211911,49.978748],[7.211554,49.978967],[7.211206,49.978962],[7.210849,49.979181],[7.2105,49.979176],[7.209787,49.979615],[7.209778,49.97984],[7.208708,49.980498],[7.208359,49.980492],[7.207646,49.980931],[7.207297,49.980926],[7.20694,49.981145],[7.2066,49.980915],[7.20416,49.980877],[7.20382,49.980647],[7.203123,49.980636],[7.202766,49.980855],[7.199629,49.980807],[7.199289,49.980577],[7.197547,49.98055],[7.197207,49.980319],[7.196161,49.980303],[7.195821,49.980073],[7.195472,49.980068],[7.195115,49.980287],[7.194775,49.980057],[7.193381,49.980035],[7.193024,49.980254],[7.192327,49.980244],[7.191256,49.980901],[7.190908,49.980896]]}},
{"type":"Feature","properties":{"STRM_VAL":1.0,"max_accum":552791.0,"color":"#4874a7","weight":3.39},"geometry":{"type":"LineString","coordinates":[[6.93272,49.967586],[6.931026,49.966431],[6.931036,49.966207],[6.930697,49.965976],[6.930707,49.965751],[6.931423,49.965314],[6.9315,49.963517],[6.932574,49.962861],[6.932593,49.962412],[6.933309,49.961975],[6.933318,49.96175],[6.933676,49.961531],[6.933686,49.961307],[6.935118,49.960433],[6.935466,49.960439],[6.936182,49.960002],[6.93653,49.960008],[6.936549,49.959559],[6.936907,49.95934],[6.935553,49.958417],[6.936984,49.957543],[6.937332,49.957549],[6.93769,49.95733],[6.938387,49.957343],[6.938745,49.957124],[6.939093,49.95713],[6.940525,49.956256],[6.941202,49.956718],[6.941193,49.956943],[6.941531,49.957174],[6.942576,49.957192],[6.942915,49.957423],[6.943263,49.957429],[6.943621,49.957211],[6.943969,49.957217],[6.944327,49.956998]]}},
{"type":"Feature","properties":{"STRM_VAL":1.0,"max_accum":47448.0,"color":"#7ba8d5","weight":2.13},"geometry":{"type":"LineString","coordinates":[[7.157785,49.971605],[7.157428,49.971824],[7.157079,49.971818],[7.156008,49.972476],[7.156,49.972701],[7.155643,49.97292],[7.155634,49.973145],[7.155277,49.973364],[7.15526,49.973813],[7.154546,49.974252],[7.154537,49.974476],[7.153823,49.974915],[7.153475,49.974909],[7.153117,49.975128],[7.152769,49.975123],[7.151698,49.97578],[7.151349,49.975775],[7.150992,49.975994],[7.150652,49.975764],[7.150304,49.975758],[7.149947,49.975977],[7.149598,49.975972],[7.149241,49.976191],[7.148893,49.976185],[7.146036,49.977939],[7.146001,49.978838],[7.145644,49.979057],[7.145984,49.979287],[7.145627,49.979506],[7.145592,49.980405],[7.145235,49.980624],[7.145183,49.981973],[7.144826,49.982192],[7.144809,49.982641],[7.145149,49.982872]]}},
{"type":"Feature","properties":{"STRM_VAL":1.0,"max_accum":754952.0,"color":"#426da1","weight":3.55},"geometry":{"type":"LineString","coordinates":[[6.568009,49.961185],[6.568683,49.961649],[6.568671,49.961873],[6.56902,49.961881],[6.569357,49.962113],[6.569345,49.962337],[6.571367,49.963729],[6.571356,49.963954],[6.572029,49.964417],[6.572018,49.964642],[6.572692,49.965106],[6.574782,49.96515],[6.575141,49.964932],[6.576186,49.964954],[6.576546,49.964737],[6.577939,49.964766],[6.578298,49.964548],[6.579343,49.96457],[6.579703,49.964353],[6.581444,49.964389],[6.581781,49.964621],[6.582129,49.964628],[6.582466,49.96486],[6.583511,49.964882],[6.583848,49.965114],[6.584196,49.965121],[6.58487,49.965585],[6.584859,49.96581],[6.585556,49.965824],[6.585893,49.966056],[6.586241,49.966063],[6.586578,49.966295],[6.586926,49.966303]]}},
{"type":"Feature","properties":{"STRM_VAL":1.0,"max_accum":884518.0,"color":"#3f6a9e","weight":3.63},"geometry":{"type":"LineString","coordinates":[[6.586926,49.966303],[6.587275,49.96631],[6.587634,49.966092],[6.587713,49.96452],[6.587376,49.964288],[6.587421,49.963389],[6.58778,49.963172],[6.587814,49.962498],[6.587477,49.962266],[6.587499,49.961817],[6.587859,49.961599],[6.587904,49.960701],[6.588263,49.960483],[6.588274,49.960259],[6.588993,49.959824],[6.589005,49.959599],[6.590802,49.958512],[6.59115,49.958519],[6.591509,49.958302],[6.592206,49.958316],[6.592565,49.958099],[6.594306,49.958135],[6.594666,49.957918],[6.596059,49.957947],[6.596418,49.957729],[6.597115,49.957744],[6.597474,49.957526],[6.597822,49.957533],[6.598182,49.957316],[6.59853,49.957323],[6.599249,49.956888],[6.599945,49.956903],[6.600305,49.956685],[6.600653,49.956692],[6.601012,49.956475],[6.604494,49.956547],[6.605168,49.957011],[6.605517,49.957018],[6.605854,49.95725],[6.60655,49.957264],[6.607224,49.957728],[6.607573,49.957735],[6.60791,49.957967],[6.609651,49.958003],[6.61001,49.957785],[6.610358,49.957792],[6.610718,49.957575],[6.611066,49.957582],[6.612503,49.956712],[6.612548,49.955814],[6.612907,49.955596],[6.612929,49.955147],[6.613648,49.954712],[6.615041,49.95474],[6.615378,49.954972],[6.615726,49.954979],[6.6164,49.955443],[6.617445,49.955465],[6.617782,49.955696],[6.618478,49.955711],[6.618816,49.955942],[6.619164,49.95595],[6.619501,49.956181],[6.620197,49.956196],[6.620557,49.955978],[6.621253,49.955993],[6.621612,49.955775],[6.621961,49.955782],[6.623038,49.95513],[6.62305,49.954905],[6.624127,49.954252],[6.624138,49.954028],[6.624498,49.95381],[6.624542,49.952912],[6.62489,49.952919],[6.624912,49.952469],[6.625631,49.952034],[6.626327,49.952049],[6.626686,49.951831],[6.627731,49.951852],[6.62809,49.951635],[6.628786,49.951649],[6.629505,49.951214],[6.629527,49.950765],[6.62919,49.950533]]}},
{"type":"Feature","properties":{"STRM_VAL":1.0,"max_accum":81399.0,"color":"#709dcb","weight":2.41},"geometry":{"type":"LineString","coordinates":[[6.72261,49.964999],[6.722947,49.965231],[6.724689,49.965265],[6.725702,49.965959],[6.726399,49.965973],[6.727412,49.966668],[6.728108,49.966681],[6.728446,49.966913],[6.728794,49.966919],[6.729132,49.967151],[6.729829,49.967165],[6.730167,49.967396],[6.73156,49.967423],[6.731898,49.967655],[6.733639,49.967689],[6.733998,49.967471],[6.734695,49.967485],[6.735054,49.967267],[6.73575,49.96728],[6.736088,49.967512],[6.736436,49.967519],[6.736795,49.967301],[6.737144,49.967308],[6.737481,49.967539],[6.739223,49.967573],[6.739561,49.967805],[6.740258,49.967818],[6.741271,49.968513],[6.74163,49.968295],[6.741968,49.968526],[6.741947,49.968975],[6.742284,49.969207],[6.741926,49.969425],[6.742263,49.969656],[6.741905,49.969874],[6.741862,49.970773],[6.742538,49.971236],[6.742528,49.97146],[6.743541,49.972155],[6.74389,49.972162],[6.744227,49.972393],[6.746318,49.972434],[6.746993,49.972897],[6.747342,49.972903],[6.748355,49.973598],[6.748704,49.973604],[6.749042,49.973836],[6.750435,49.973863],[6.750794,49.973645],[6.751491,49.973659],[6.75148,49.973883],[6.752156,49.974346],[6.752146,49.974571],[6.752821,49.975034],[6.7528,49.975483],[6.752442,49.975701],[6.752347,49.977723],[6.753023,49.978186]]}},
{"type":"Feature","properties":{"STRM_VAL":1.0,"max_accum":86910.0,"color":"#6e9bca","weight":2.44},"geometry":{"type":"LineString","coordinates":[[6.753023,49.978186],[6.753361,49.978417],[6.75371,49.978424],[6.754048,49.978655],[6.754037,49.97888],[6.754375,49.979112],[6.754365,49.979336],[6.754703,49.979568]]}},
{"type":"Feature","properties":{"STRM_VAL":1.0,"max_accum":238065.0,"color":"#5a86b7","weight":2.96},"geometry":{"type":"LineString","coordinates":[[6.754703,49.979568],[6.754692,49.979792],[6.755737,49.979813],[6.756814,49.979159],[6.757162,49.979166],[6.757521,49.978948],[6.75787,49.978954],[6.758229,49.978736],[6.760319,49.978777],[6.760678,49.978559],[6.76034,49.978327],[6.76035,49.978103],[6.760709,49.977885],[6.76072,49.97766],[6.761078,49.977442],[6.763866,49.977496],[6.763887,49.977047],[6.764604,49.976611],[6.764942,49.976842],[6.765987,49.976862],[6.766346,49.976644],[6.767022,49.977107],[6.767012,49.977332],[6.767688,49.977794],[6.767677,49.978019],[6.768026,49.978026],[6.768364,49.978257],[6.768712,49.978264],[6.76905,49.978495],[6.769747,49.978509],[6.769737,49.978733],[6.770075,49.978965],[6.770772,49.978978],[6.770792,49.978529]]}},
{"type":"Feature","properties":{"STRM_VAL":1.0,"max_accum":278910.0,"color":"#5682b4","weight":3.04},"geometry":{"type":"LineString","coordinates":[[6.770792,49.978529],[6.770454,49.978297],[6.770548,49.976275],[6.77021,49.976044],[6.770569,49.975826],[6.770231,49.975595],[6.769882,49.975588],[6.76853,49.974662],[6.768182,49.974656],[6.767844,49.974424],[6.767495,49.974418],[6.766819,49.973955],[6.76683,49.97373],[6.766492,49.973499],[6.766851,49.973281],[6.766513,49.973049],[6.76723,49.972613],[6.767241,49.972389],[6.767599,49.972171],[6.767631,49.971497],[6.768348,49.971061],[6.768369,49.970611],[6.768031,49.97038],[6.767683,49.970373],[6.764812,49.972117],[6.764802,49.972342],[6.764084,49.972778],[6.764043,49.973676],[6.763684,49.973894],[6.763336,49.973888],[6.762998,49.973656],[6.762649,49.973649],[6.761635,49.972955],[6.761688,49.971832],[6.762046,49.971614],[6.762088,49.970715],[6.762447,49.970497],[6.762478,49.969823],[6.763196,49.969387],[6.764241,49.969407],[6.764599,49.969189],[6.765644,49.96921],[6.766362,49.968774],[6.766372,49.968549],[6.765359,49.967855],[6.76501,49.967848],[6.764672,49.967617],[6.764683,49.967392],[6.764007,49.966929],[6.764017,49.966705],[6.764376,49.966487],[6.764407,49.965813],[6.764756,49.965819],[6.765114,49.965601],[6.765811,49.965615],[6.76617,49.965397],[6.766518,49.965403],[6.766877,49.965185],[6.766887,49.964961],[6.767246,49.964743],[6.767287,49.963844],[6.76695,49.963613],[6.767308,49.963395],[6.767319,49.96317],[6.767677,49.962952],[6.768015,49.963183],[6.768712,49.963197],[6.76905,49.963428],[6.770443,49.963455],[6.771119,49.963918],[6.771088,49.964592],[6.771764,49.965055],[6.771743,49.965504],[6.772419,49.965967],[6.772767,49.965973],[6.773105,49.966205],[6.774847,49.966238],[6.775205,49.96602],[6.776599,49.966047],[6.776957,49.965829],[6.776988,49.965155],[6.77665,49.964924],[6.776681,49.964249],[6.77704,49.964031],[6.777737,49.964045],[6.778095,49.963827],[6.77914,49.963847],[6.779499,49.963629],[6.780544,49.963649],[6.780903,49.963431],[6.781599,49.963444],[6.783034,49.962572],[6.782696,49.962341],[6.782706,49.962116],[6.782358,49.962109],[6.78033,49.960721],[6.78034,49.960497],[6.779326,49.959803],[6.77863,49.959789],[6.777616,49.959095],[6.777626,49.95887],[6.777289,49.958639],[6.777647,49.958421],[6.777658,49.958196],[6.778006,49.958203],[6.778364,49.957985],[6.779757,49.958012],[6.780116,49.957794],[6.780813,49.957807],[6.781171,49.957589],[6.781868,49.957602],[6.782226,49.957384],[6.783619,49.957411],[6.783978,49.957193],[6.784326,49.9572],[6.784378,49.956076]]}},
{"type":"Feature","properties":{"STRM_VAL":1.0,"max_accum":16025.0,"color":"#91c0ea","weight":1.58},"geometry":{"type":"LineString","coordinates":[[6.863505,49.971729],[6.864521,49.972422],[6.864511,49.972647],[6.866203,49.973802],[6.866193,49.974027],[6.86687,49.974489],[6.86686,49.974714],[6.867198,49.974945],[6.867189,49.97517],[6.867527,49.975401],[6.867507,49.97585],[6.867149,49.976068],[6.867139,49.976293],[6.86678,49.976511],[6.866761,49.976961],[6.865686,49.977616],[6.865666,49.978065],[6.866004,49.978296],[6.865994,49.978521],[6.866671,49.978983],[6.86702,49.978989],[6.868035,49.979683],[6.868025,49.979907],[6.868374,49.979914],[6.870066,49.981069]]}},
{"type":"Feature","properties":{"STRM_VAL":1.0,"max_accum":471941.0,"color":"#4c77aa","weight":3.31},"geometry":{"type":"LineString","coordinates":[[6.870066,49.981069],[6.870425,49.980851],[6.870763,49.981082],[6.871112,49.981089],[6.87145,49.98132],[6.871799,49.981326],[6.872137,49.981557],[6.872486,49.981564],[6.872476,49.981788],[6.872814,49.982019],[6.872804,49.982244],[6.873143,49.982475],[6.873133,49.9827],[6.87381,49.983162],[6.874507,49.983175],[6.875861,49.984099],[6.87621,49.984105],[6.876548,49.984337],[6.878291,49.984368],[6.878629,49.984599],[6.882463,49.98467],[6.882801,49.984901],[6.883847,49.98492],[6.884185,49.985151],[6.884882,49.985163],[6.885241,49.984945],[6.885589,49.984951]]}},
{"type":"Feature","properties":{"STRM_VAL":1.0,"max_accum":508488.0,"color":"#4a75a8","weight":3.35},"geometry":{"type":"LineString","coordinates":[[6.885589,49.984951],[6.885629,49.984053],[6.885987,49.983834],[6.885997,49.98361],[6.886714,49.983173],[6.887062,49.983179],[6.888137,49.982524],[6.888485,49.982531],[6.888844,49.982312],[6.889192,49.982319],[6.889551,49.9821],[6.889899,49.982107],[6.890257,49.981888],[6.890954,49.981901],[6.891313,49.981682],[6.891661,49.981689],[6.893094,49.980815],[6.893443,49.980822],[6.893801,49.980603],[6.893811,49.980379],[6.894169,49.98016],[6.894179,49.979936],[6.89384,49.979705],[6.89385,49.97948],[6.893511,49.979249],[6.893521,49.979024],[6.893183,49.978793],[6.893241,49.977445],[6.8936,49.977226],[6.893948,49.977233],[6.894665,49.976796],[6.895013,49.976802],[6.895371,49.976584],[6.89572,49.97659],[6.896078,49.976372],[6.896755,49.976834],[6.897104,49.97684],[6.898178,49.976185],[6.898517,49.976416],[6.898507,49.976641],[6.898846,49.976872],[6.899543,49.976885],[6.899901,49.976666],[6.899562,49.976435],[6.89992,49.976217],[6.900269,49.976223],[6.901343,49.975568],[6.901412,49.973995],[6.900735,49.973533],[6.900754,49.973084],[6.901829,49.972428],[6.902177,49.972435],[6.90361,49.971561],[6.903958,49.971567],[6.904316,49.971349],[6.904326,49.971124],[6.904684,49.970906],[6.905033,49.970912],[6.905391,49.970694],[6.905739,49.9707],[6.906097,49.970482],[6.907491,49.970507],[6.907849,49.970288],[6.908197,49.970295],[6.908556,49.970076],[6.908904,49.970082],[6.90962,49.969646],[6.909969,49.969652],[6.910327,49.969433],[6.912417,49.969471],[6.913491,49.968816],[6.91354,49.967692]]}},
{"type":"Feature","properties":{"STRM_VAL":1.0,"max_accum":534141.0,"color":"#4974a7","weight":3.37},"geometry":{"type":"LineString","coordinates":[[6.91354,49.967692],[6.913579,49.966794],[6.913937,49.966575],[6.913956,49.966126],[6.914672,49.965689],[6.914682,49.965464],[6.91504,49.965246],[6.91505,49.965021],[6.915408,49.964803],[6.918195,49.964853],[6.918872,49.965314],[6.91922,49.965321],[6.919898,49.965783],[6.920246,49.965789],[6.920585,49.96602],[6.921282,49.966032],[6.92164,49.965814],[6.921669,49.96514],[6.922385,49.964703],[6.922733,49.964709],[6.924165,49.963835],[6.924175,49.963611],[6.927039,49.961863],[6.927048,49.961638],[6.927406,49.96142],[6.927416,49.961195],[6.927077,49.960964],[6.927435,49.960745],[6.927784,49.960752],[6.927793,49.960527],[6.928151,49.960308],[6.9285,49.960315],[6.928858,49.960096],[6.928867,49.959871],[6.929225,49.959653],[6.929235,49.959428],[6.928896,49.959197],[6.930328,49.958323],[6.931025,49.958336],[6.93174,49.957899],[6.93175,49.957674],[6.932466,49.957237],[6.932476,49.957012],[6.932833,49.956794],[6.932843,49.956569],[6.933201,49.956351]]}},
{"type":"Feature","properties":{"STRM_VAL":1.0,"max_accum":38617.0,"color":"#7fadd9","weight":2.03},"geometry":{"type":"LineString","coordinates":[[7.257235,49.978988],[7.258596,49.979908],[7.258588,49.980133],[7.259269,49.980593],[7.259261,49.980818],[7.259601,49.981048],[7.259593,49.981272],[7.259934,49.981502],[7.259918,49.981952],[7.260258,49.982182],[7.259188,49.98284],[7.258507,49.98238],[7.25781,49.98237],[7.257453,49.982589],[7.257105,49.982584],[7.256748,49.982804],[7.2564,49.982799],[7.256043,49.983018],[7.255694,49.983013],[7.254981,49.983452],[7.25289,49.98342],[7.252533,49.98364],[7.252193,49.98341],[7.251495,49.983399],[7.251139,49.983619],[7.250442,49.983608],[7.250085,49.983828],[7.249736,49.983823],[7.24938,49.984042],[7.248683,49.984031],[7.248326,49.984251],[7.24728,49.984235],[7.246923,49.984455],[7.246907,49.984904],[7.24655,49.985124],[7.246534,49.985573],[7.246177,49.985793],[7.245829,49.985787],[7.245804,49.986462],[7.245447,49.986681],[7.245439,49.986906],[7.245083,49.987125],[7.245033,49.988474],[7.245374,49.988704],[7.245722,49.988709],[7.245698,49.989383],[7.246038,49.989613],[7.24603,49.989838],[7.247392,49.990758],[7.247376,49.991208],[7.247716,49.991438],[7.247708,49.991662],[7.248048,49.991892],[7.248024,49.992567],[7.248364,49.992797],[7.248348,49.993246],[7.248688,49.993476],[7.249386,49.993487],[7.249726,49.993717],[7.250075,49.993722],[7.251096,49.994412],[7.251445,49.994417]]}},
{"type":"Feature","properties":{"STRM_VAL":1.0,"max_accum":68915.0,"color":"#73a0ce","weight":2.32},"geometry":{"type":"LineString","coordinates":[[7.251445,49.994417],[7.251785,49.994647],[7.252134,49.994652],[7.252126,49.994877],[7.251055,49.995536],[7.251047,49.99576],[7.250699,49.995755],[7.250342,49.995975],[7.250001,49.995745],[7.247909,49.995713],[7.247569,49.995483],[7.24722,49.995478],[7.24688,49.995248],[7.246888,49.995023],[7.246539,49.995018],[7.245858,49.994558],[7.24551,49.994552],[7.245153,49.994772],[7.244813,49.994542],[7.244464,49.994537],[7.244107,49.994756],[7.243061,49.99474],[7.242704,49.99496],[7.242007,49.994949],[7.24165,49.995169],[7.24131,49.994939],[7.236429,49.994864],[7.236072,49.995084],[7.233632,49.995047],[7.233275,49.995266],[7.233267,49.995491],[7.23291,49.99571],[7.232893,49.99616],[7.232536,49.996379],[7.23252,49.996829],[7.232163,49.997048],[7.232146,49.997498]]}},
{"type":"Feature","properties":{"STRM_VAL":1.0,"max_accum":98338.0,"color":"#6c99c7","weight":2.51},"geometry":{"type":"LineString","coordinates":[[7.232146,49.997498],[7.231449,49.997487],[7.231109,49.997257],[7.23076,49.997252],[7.23042,49.997022],[7.230071,49.997016],[7.229731,49.996786],[7.229382,49.996781],[7.22802,49.995861],[7.228029,49.995636],[7.227688,49.995406],[7.227697,49.995181],[7.227356,49.994951],[7.227365,49.994726],[7.227016,49.994721],[7.226659,49.99494],[7.226319,49.99471],[7.224891,49.995588],[7.221405,49.995535],[7.219977,49.996412],[7.219628,49.996407],[7.218201,49.997284],[7.217503,49.997274],[7.217146,49.997493],[7.216449,49.997482],[7.216109,49.997252],[7.215063,49.997236],[7.214722,49.997006],[7.214374,49.997001],[7.21366,49.997439],[7.213618,49.998563],[7.213261,49.998782],[7.211518,49.998756],[7.211161,49.998975],[7.210115,49.998959],[7.210107,49.999184],[7.209393,49.999622],[7.208695,49.999611],[7.208015,49.999151],[7.208023,49.998926],[7.207683,49.998696],[7.207334,49.998691],[7.206977,49.99891],[7.206944,49.999809],[7.206595,49.999804],[7.206238,50.000023],[7.204843,50.000002],[7.204129,50.00044],[7.204469,50.00067],[7.203398,50.001329],[7.201655,50.001302],[7.200941,50.00174],[7.200932,50.001965],[7.199147,50.003062],[7.199122,50.003736],[7.198051,50.004394],[7.197702,50.004388],[7.197345,50.004608],[7.197336,50.004832],[7.196979,50.005052],[7.196962,50.005501],[7.197303,50.005731],[7.197286,50.006181],[7.196929,50.0064],[7.196904,50.007074],[7.196546,50.007294],[7.196538,50.007518],[7.196181,50.007738],[7.195832,50.007732],[7.195475,50.007952],[7.195126,50.007946],[7.194412,50.008385],[7.194063,50.008379],[7.193706,50.008599],[7.193009,50.008588],[7.192294,50.009026],[7.191946,50.009021],[7.191937,50.009246],[7.19158,50.009465],[7.191563,50.009915],[7.191206,50.010134],[7.191546,50.010364],[7.191189,50.010583],[7.19084,50.010578],[7.190126,50.011017],[7.189429,50.011006],[7.188714,50.011444],[7.188365,50.011439],[7.188357,50.011663],[7.187643,50.012102],[7.187634,50.012327],[7.186563,50.012985],[7.186214,50.012979],[7.186205,50.013204],[7.184776,50.014081]]}},
{"type":"Feature","properties":{"STRM_VAL":1.0,"max_accum":4663392.0,"color":"#1d467e","weight":4.48},"geometry":{"type":"LineString","coordinates":[[7.184776,50.014081],[7.183705,50.014739],[7.18231,50.014717],[7.181952,50.014936],[7.181604,50.014931],[7.179817,50.016027],[7.179469,50.016022],[7.17946,50.016246],[7.179103,50.016466],[7.179094,50.01669],[7.179435,50.016921],[7.179418,50.01737],[7.179758,50.0176],[7.179749,50.017825],[7.18009,50.018055],[7.180064,50.01873],[7.180404,50.01896],[7.180371,50.019859]]}},
{"type":"Feature","properties":{"STRM_VAL":1.0,"max_accum":728222.0,"color":"#436ea1","weight":3.53},"geometry":{"type":"LineString","coordinates":[[6.554115,49.973936],[6.556205,49.97398],[6.556542,49.974212],[6.55689,49.974219],[6.557227,49.974451],[6.557924,49.974466],[6.558261,49.974698],[6.563138,49.974801],[6.563475,49.975033],[6.563823,49.97504],[6.563812,49.975264],[6.564149,49.975496],[6.564137,49.975721],[6.564474,49.975953],[6.565519,49.975975]]}},
{"type":"Feature","properties":{"STRM_VAL":1.0,"max_accum":745595.0,"color":"#426da1","weight":3.54},"geometry":{"type":"LineString","coordinates":[[6.565519,49.975975],[6.565879,49.975758],[6.566227,49.975765],[6.566587,49.975548],[6.569026,49.975599],[6.569385,49.975381],[6.569722,49.975613],[6.570419,49.975628],[6.570756,49.97586],[6.571104,49.975867],[6.571441,49.976099],[6.572138,49.976114],[6.572475,49.976346],[6.572823,49.976353],[6.574846,49.977745],[6.575194,49.977752],[6.576879,49.978912],[6.577576,49.978926],[6.580094,49.977405],[6.580105,49.97718],[6.580465,49.976963],[6.580498,49.976289],[6.581218,49.975854],[6.581229,49.975629],[6.583387,49.974325],[6.583398,49.9741],[6.582724,49.973636],[6.582735,49.973412],[6.581387,49.972484],[6.581398,49.972259],[6.581061,49.972027],[6.581072,49.971803],[6.580735,49.971571],[6.580814,49.969998],[6.581174,49.969781],[6.581185,49.969556],[6.582623,49.968687],[6.582971,49.968694],[6.583331,49.968477],[6.584028,49.968491],[6.585106,49.967839],[6.585454,49.967846],[6.585466,49.967622],[6.585825,49.967404]]}},
{"type":"Feature","properties":{"STRM_VAL":1.0,"max_accum":754952.0,"color":"#426da1","weight":3.55},"geometry":{"type":"LineString","coordinates":[[6.585825,49.967404],[6.585836,49.967179],[6.586185,49.967187],[6.586207,49.966737],[6.586926,49.966303]]}},
{"type":"Feature","properties":{"STRM_VAL":1.0,"max_accum":16025.0,"color":"#91c0ea","weight":1.58},"geometry":{"type":"LineString","coordinates":[[6.856467,49.981044],[6.856815,49.98105],[6.857173,49.980832],[6.858916,49.980864],[6.859593,49.981326],[6.86029,49.981339],[6.860628,49.98157],[6.860977,49.981577],[6.861315,49.981808],[6.86236,49.981827],[6.862699,49.982058],[6.864441,49.98209],[6.8648,49.981872],[6.866542,49.981904],[6.8669,49.981686],[6.868643,49.981718],[6.869718,49.981063],[6.870066,49.981069]]}},
{"type":"Feature","properties":{"STRM_VAL":1.0,"max_accum":745595.0,"color":"#426da1","weight":3.54},"geometry":{"type":"LineString","coordinates":[[6.602018,49.97831],[6.60067,49.977382],[6.600681,49.977158],[6.600344,49.976926],[6.599995,49.976919],[6.598984,49.976223],[6.599006,49.975774],[6.598669,49.975542],[6.598691,49.975093],[6.598354,49.974861],[6.598365,49.974636],[6.598028,49.974404],[6.598039,49.97418],[6.597702,49.973948],[6.597758,49.972824],[6.597421,49.972592],[6.597073,49.972585],[6.596736,49.972353],[6.596387,49.972346],[6.59605,49.972114],[6.595702,49.972107],[6.595365,49.971875],[6.595016,49.971868],[6.594342,49.971404],[6.593994,49.971397],[6.593657,49.971165],[6.593308,49.971158],[6.592971,49.970926],[6.592623,49.970919],[6.592286,49.970687],[6.591937,49.97068],[6.5916,49.970448],[6.590904,49.970433],[6.590567,49.970201],[6.590218,49.970194],[6.589881,49.969962],[6.589533,49.969955],[6.587511,49.968564],[6.587522,49.968339],[6.587185,49.968107],[6.58614,49.968085],[6.586151,49.967861],[6.585814,49.967629],[6.585825,49.967404]]}},
{"type":"Feature","properties":{"STRM_VAL":1.0,"max_accum":86910.0,"color":"#6e9bca","weight":2.44},"geometry":{"type":"LineString","coordinates":[[6.752814,49.982679],[6.752476,49.982448],[6.752127,49.982441],[6.751452,49.981978],[6.751546,49.979956],[6.751905,49.979738],[6.751915,49.979514],[6.752274,49.979296],[6.753668,49.979323],[6.754006,49.979554],[6.754703,49.979568]]}},
{"type":"Feature","properties":{"STRM_VAL":1.0,"max_accum":16880.0,"color":"#90bfe9","weight":1.6},"geometry":{"type":"LineString","coordinates":[[7.28535,49.99245],[7.284994,49.992669],[7.284978,49.993119],[7.285659,49.993579],[7.285651,49.993803],[7.286332,49.994263],[7.286324,49.994488]]}},
{"type":"Feature","properties":{"STRM_VAL":1.0,"max_accum":38617.0,"color":"#7fadd9","weight":2.03},"geometry":{"type":"LineString","coordinates":[[7.286324,49.994488],[7.285968,49.994708],[7.28596,49.994932],[7.28489,49.995591],[7.284549,49.995361],[7.282457,49.99533],[7.282101,49.99555],[7.281752,49.995545],[7.28073,49.994855],[7.280382,49.99485],[7.280041,49.99462],[7.278995,49.994604],[7.278654,49.994374],[7.278306,49.994369],[7.277284,49.993679],[7.277292,49.993455],[7.276246,49.993439],[7.275905,49.993209],[7.27486,49.993194],[7.274146,49.993633],[7.274138,49.993858],[7.273441,49.993847],[7.272728,49.994286],[7.272379,49.994281],[7.272022,49.994501],[7.271325,49.99449],[7.269963,49.99357],[7.269614,49.993565],[7.268252,49.992645],[7.266857,49.992625],[7.266176,49.992165],[7.265828,49.99216],[7.265487,49.99193],[7.26479,49.991919],[7.264109,49.991459],[7.263063,49.991444],[7.262706,49.991663],[7.261312,49.991642],[7.260971,49.991412],[7.259228,49.991386],[7.258888,49.991156],[7.258539,49.991151],[7.258182,49.99137],[7.257834,49.991365],[7.257477,49.991585],[7.25678,49.991574],[7.256423,49.991794],[7.25468,49.991767],[7.254323,49.991987],[7.253975,49.991982],[7.251834,49.993299],[7.251826,49.993523],[7.251469,49.993743],[7.251445,49.994417]]}},
{"type":"Feature","properties":{"STRM_VAL":1.0,"max_accum":14723.0,"color":"#93c2eb","weight":1.53},"geometry":{"type":"LineString","coordinates":[[6.982323,49.990273],[6.981984,49.990042]]}},
{"type":"Feature","properties":{"STRM_VAL":1.0,"max_accum":35912.0,"color":"#80aeda","weight":1.99},"geometry":{"type":"LineString","coordinates":[[6.981984,49.990042],[6.980967,49.98935],[6.980976,49.989125],[6.979959,49.988433],[6.979978,49.987983],[6.979639,49.987752],[6.97929,49.987746],[6.977595,49.986592],[6.977246,49.986586],[6.975212,49.985202],[6.974863,49.985195],[6.974524,49.984965],[6.974175,49.984959],[6.973158,49.984266],[6.97281,49.98426],[6.972471,49.984029],[6.971774,49.984017],[6.971435,49.983786],[6.970738,49.983774],[6.970399,49.983543],[6.97005,49.983537],[6.964626,49.979844],[6.964654,49.97917],[6.964315,49.978939],[6.964325,49.978714],[6.963647,49.978253]]}},
{"type":"Feature","properties":{"STRM_VAL":1.0,"max_accum":605016.0,"color":"#4772a5","weight":3.44},"geometry":{"type":"LineString","coordinates":[[6.963647,49.978253],[6.963308,49.978022],[6.963666,49.977803],[6.962988,49.977342],[6.962998,49.977117],[6.962659,49.976886],[6.962687,49.976212],[6.962348,49.975981],[6.962,49.975975],[6.960983,49.975283],[6.960992,49.975058],[6.960314,49.974596],[6.960324,49.974371],[6.959985,49.974141],[6.959995,49.973916],[6.960352,49.973697],[6.959675,49.973236],[6.959684,49.973011],[6.959336,49.973005],[6.958997,49.972774],[6.959355,49.972555],[6.959016,49.972325],[6.959035,49.971875],[6.958696,49.971644],[6.958705,49.97142],[6.959063,49.971201],[6.95976,49.971213],[6.960476,49.970776],[6.960485,49.970551],[6.961917,49.969677],[6.962265,49.969683],[6.963339,49.969027],[6.963368,49.968353],[6.963725,49.968135],[6.963735,49.96791],[6.964451,49.967473],[6.96447,49.967023],[6.964827,49.966805],[6.964489,49.966574],[6.96414,49.966568],[6.963462,49.966106],[6.963472,49.965881],[6.963133,49.965651],[6.963143,49.965426],[6.962804,49.965195],[6.962823,49.964746],[6.963538,49.964308],[6.963557,49.963859],[6.963218,49.963628],[6.963237,49.963179],[6.962899,49.962948],[6.962917,49.962499],[6.962569,49.962492],[6.96223,49.962262],[6.962249,49.961812],[6.961572,49.961351],[6.961581,49.961126],[6.961242,49.960895],[6.960894,49.960889],[6.960903,49.960664],[6.960565,49.960433],[6.960679,49.957737],[6.96034,49.957506],[6.960359,49.957057],[6.96002,49.956826],[6.959672,49.95682],[6.958994,49.956358],[6.959032,49.955459],[6.95939,49.95524],[6.958373,49.954548],[6.958392,49.954099],[6.958054,49.953868],[6.957705,49.953862],[6.957028,49.9534],[6.957037,49.953175],[6.955682,49.952252],[6.955701,49.951802],[6.954657,49.951784],[6.954318,49.951553],[6.953621,49.951541],[6.953631,49.951316],[6.953292,49.951085],[6.953321,49.950411],[6.952982,49.95018],[6.952285,49.950168]]}},
{"type":"Feature","properties":{"STRM_VAL":1.0,"max_accum":16880.0,"color":"#90bfe9","weight":1.6},"geometry":{"type":"LineString","coordinates":[[7.317283,49.996965],[7.316934,49.99696],[7.316594,49.99673],[7.315896,49.99672],[7.315555,49.99649],[7.315207,49.996485],[7.314525,49.996025],[7.314177,49.99602],[7.313836,49.995791],[7.313487,49.995786],[7.313146,49.995556],[7.312449,49.995546],[7.311427,49.994856],[7.311078,49.994851],[7.310737,49.994621],[7.308645,49.994591],[7.307964,49.994131],[7.307615,49.994126],[7.307275,49.993896],[7.307282,49.993671],[7.306942,49.993441],[7.306593,49.993436],[7.306252,49.993207],[7.305206,49.993191],[7.304866,49.992961],[7.304517,49.992956],[7.30416,49.993176],[7.302766,49.993156],[7.302409,49.993375],[7.300666,49.99335],[7.299985,49.99289],[7.299288,49.99288],[7.298947,49.99265],[7.29825,49.99264],[7.297909,49.99241],[7.296514,49.992389],[7.296158,49.992609],[7.295809,49.992604],[7.295453,49.992823],[7.295104,49.992818],[7.294391,49.993258],[7.29195,49.993222],[7.291594,49.993441],[7.291245,49.993436],[7.290889,49.993656],[7.289145,49.99363],[7.288076,49.994289],[7.28703,49.994273],[7.286673,49.994493],[7.286324,49.994488]]}},
{"type":"Feature","properties":{"STRM_VAL":1.0,"max_accum":718198.0,"color":"#436ea2","weight":3.52},"geometry":{"type":"LineString","coordinates":[[6.563627,49.98583],[6.564323,49.985845],[6.564683,49.985628],[6.565032,49.985635],[6.565391,49.985418],[6.565403,49.985193],[6.566122,49.984758],[6.567864,49.984795],[6.568944,49.984143],[6.569292,49.98415],[6.569629,49.984382],[6.569977,49.984389],[6.570337,49.984172],[6.570686,49.984179]]}},
{"type":"Feature","properties":{"STRM_VAL":1.0,"max_accum":728222.0,"color":"#436ea1","weight":3.53},"geometry":{"type":"LineString","coordinates":[[6.570686,49.984179],[6.570742,49.983056],[6.570405,49.982824],[6.570428,49.982375],[6.569417,49.981679],[6.569428,49.981454],[6.568754,49.98099],[6.568765,49.980766],[6.567754,49.98007],[6.567765,49.979845],[6.566417,49.978917],[6.566428,49.978693],[6.565754,49.978229],[6.565766,49.978004],[6.565092,49.97754],[6.565126,49.976866],[6.565485,49.976649],[6.565519,49.975975]]}},
{"type":"Feature","properties":{"STRM_VAL":1.0,"max_accum":14723.0,"color":"#93c2eb","weight":1.53},"geometry":{"type":"LineString","coordinates":[[7.001289,49.995548],[7.00095,49.995318],[7.000252,49.995306],[6.999913,49.995075],[6.999922,49.99485],[6.998565,49.993927],[6.998217,49.993921],[6.997538,49.99346],[6.99719,49.993454],[6.996511,49.992992],[6.996163,49.992986],[6.995823,49.992756],[6.995126,49.992744],[6.994787,49.992513],[6.994439,49.992507],[6.994081,49.992725],[6.993741,49.992495],[6.993393,49.992489],[6.993054,49.992258],[6.993063,49.992033],[6.992385,49.991572],[6.992036,49.991566],[6.991697,49.991335],[6.990303,49.991311],[6.989963,49.99108],[6.989615,49.991074],[6.989276,49.990843],[6.988927,49.990837],[6.988588,49.990606],[6.987891,49.990594],[6.987212,49.990133],[6.986864,49.990127],[6.986186,49.989665],[6.98514,49.989647],[6.984782,49.989866],[6.983736,49.989848],[6.983378,49.990066],[6.981984,49.990042]]}},
{"type":"Feature","properties":{"STRM_VAL":1.0,"max_accum":36763.0,"color":"#80aeda","weight":2.0},"geometry":{"type":"LineString","coordinates":[[6.683056,49.990077],[6.682718,49.989845],[6.682369,49.989839],[6.681694,49.989375],[6.681346,49.989368],[6.681008,49.989137],[6.680659,49.98913],[6.679984,49.988666],[6.679636,49.988659],[6.67896,49.988196],[6.678263,49.988182],[6.677588,49.987719]]}},
{"type":"Feature","properties":{"STRM_VAL":1.0,"max_accum":77164.0,"color":"#719ecc","weight":2.38},"geometry":{"type":"LineString","coordinates":[[6.677588,49.987719],[6.677599,49.987494],[6.677261,49.987263],[6.677272,49.987038],[6.677631,49.98682],[6.677675,49.985922],[6.678393,49.985486],[6.678415,49.985037],[6.678774,49.984819],[6.678796,49.98437],[6.679155,49.984152],[6.679242,49.982355],[6.678566,49.981892],[6.678577,49.981667],[6.677902,49.981204],[6.677913,49.980979],[6.678991,49.980326],[6.679023,49.979652],[6.67801,49.978957],[6.678021,49.978732],[6.67838,49.978515],[6.678729,49.978522],[6.679088,49.978304],[6.679436,49.978311],[6.680155,49.977875],[6.680176,49.977426],[6.679164,49.976731],[6.678815,49.976724],[6.67814,49.976261],[6.678151,49.976036],[6.677138,49.975341],[6.677149,49.975117],[6.676811,49.974885],[6.676833,49.974436],[6.676158,49.973972],[6.67618,49.973523],[6.675842,49.973291],[6.676201,49.973074],[6.676212,49.972849],[6.675875,49.972617],[6.674481,49.972589],[6.673469,49.971894],[6.67349,49.971445],[6.673153,49.971213],[6.673164,49.970989],[6.672826,49.970757],[6.672478,49.97075],[6.672119,49.970968],[6.671074,49.970947],[6.670399,49.970484],[6.67005,49.970477],[6.669375,49.970013],[6.66943,49.96889],[6.669789,49.968672],[6.6698,49.968448],[6.669462,49.968216],[6.667024,49.968167],[6.665674,49.96724],[6.664978,49.967226],[6.66464,49.966994],[6.663247,49.966966]]}},
{"type":"Feature","properties":{"STRM_VAL":1.0,"max_accum":35912.0,"color":"#80aeda","weight":1.99},"geometry":{"type":"LineString","coordinates":[[6.963423,50.000062],[6.963084,49.999831],[6.962387,49.999819],[6.962048,49.999588],[6.96169,49.999806],[6.961351,49.999576],[6.961002,49.99957],[6.957272,49.99703],[6.956923,49.997024],[6.955906,49.996332],[6.955916,49.996107],[6.955238,49.995645],[6.954541,49.995633],[6.954202,49.995402],[6.954211,49.995177],[6.953872,49.994946],[6.953523,49.99494],[6.952167,49.994017],[6.951819,49.994011],[6.951828,49.993786],[6.950472,49.992863],[6.949775,49.99285],[6.949436,49.992619],[6.948739,49.992607],[6.9484,49.992376],[6.947354,49.992358],[6.946676,49.991896],[6.945979,49.991884],[6.945301,49.991422],[6.945659,49.991203],[6.945321,49.990972],[6.945679,49.990754],[6.945688,49.990529],[6.946046,49.990311],[6.946056,49.990086],[6.946772,49.989649],[6.946433,49.989418],[6.946791,49.989199],[6.946452,49.988969],[6.946462,49.988744],[6.945784,49.988282],[6.947574,49.987189],[6.947923,49.987196],[6.948639,49.986758],[6.948649,49.986534],[6.94831,49.986303],[6.948329,49.985853],[6.948687,49.985635],[6.948754,49.984062],[6.948415,49.983831],[6.948434,49.983382],[6.948792,49.983163],[6.95158,49.983212],[6.95159,49.982988],[6.951948,49.982769],[6.951967,49.98232],[6.952325,49.982101],[6.952334,49.981876],[6.95305,49.981439],[6.953399,49.981445],[6.953757,49.981227],[6.959681,49.981331],[6.963619,49.978927],[6.963647,49.978253]]}},
{"type":"Feature","properties":{"STRM_VAL":1.0,"max_accum":136020.0,"color":"#6592c1","weight":2.67},"geometry":{"type":"LineString","coordinates":[[6.810271,49.99997],[6.808528,49.999937],[6.808169,50.000155],[6.80782,50.000149],[6.807103,50.000585],[6.806754,50.000578],[6.806395,50.000796],[6.805001,50.00077],[6.804663,50.000539],[6.804314,50.000532],[6.803976,50.000301],[6.803627,50.000294],[6.803289,50.000063],[6.80294,50.000056],[6.802602,49.999825],[6.801905,49.999812],[6.801566,49.99958],[6.800869,49.999567],[6.800531,49.999336],[6.799834,49.999323],[6.799495,49.999091],[6.798798,49.999078],[6.79846,49.998847],[6.797763,49.998834]]}},
{"type":"Feature","properties":{"STRM_VAL":1.0,"max_accum":238065.0,"color":"#5a86b7","weight":2.96},"geometry":{"type":"LineString","coordinates":[[6.797763,49.998834],[6.796748,49.99814],[6.797107,49.997922],[6.796769,49.99769],[6.79642,49.997684],[6.796082,49.997452],[6.795733,49.997446],[6.795395,49.997214],[6.795405,49.99699],[6.795067,49.996759],[6.795077,49.996534],[6.795436,49.996316],[6.797527,49.996355],[6.797866,49.996587],[6.798224,49.996369],[6.798921,49.996382],[6.799639,49.995946],[6.79966,49.995496],[6.800018,49.995278],[6.800029,49.995054],[6.800746,49.994618],[6.800757,49.994393],[6.801474,49.993957],[6.803565,49.993996],[6.803904,49.994228],[6.805646,49.994261],[6.805677,49.993587],[6.805339,49.993355],[6.805349,49.993131],[6.805011,49.992899],[6.804652,49.993117],[6.803955,49.993104],[6.803616,49.992873],[6.802919,49.99286],[6.802561,49.993078],[6.800818,49.993045],[6.800141,49.992582],[6.800172,49.991908],[6.799834,49.991677],[6.799875,49.990778],[6.799537,49.990547],[6.799557,49.990097],[6.799209,49.990091],[6.798871,49.989859],[6.798174,49.989846],[6.797815,49.990064],[6.797138,49.989602],[6.797159,49.989152],[6.797518,49.988934],[6.797548,49.98826],[6.79721,49.988029],[6.796513,49.988016],[6.796175,49.987784],[6.795129,49.987764],[6.794053,49.988419],[6.794033,49.988868],[6.793674,49.989086],[6.793664,49.989311],[6.793305,49.989529],[6.792259,49.989509],[6.791183,49.990163],[6.790845,49.989932],[6.790496,49.989925],[6.790158,49.989694],[6.790199,49.988795],[6.790917,49.988359],[6.790937,49.98791],[6.791296,49.987692],[6.791337,49.986793],[6.791696,49.986575],[6.791717,49.986125],[6.791378,49.985894],[6.790682,49.985881],[6.790005,49.985418],[6.78896,49.985398],[6.788622,49.985167],[6.788263,49.985385],[6.787914,49.985378],[6.787576,49.985147],[6.787586,49.984922],[6.787238,49.984916],[6.7869,49.984684],[6.786551,49.984678],[6.786213,49.984446],[6.785865,49.98444],[6.785189,49.983977],[6.785209,49.983528],[6.785568,49.98331],[6.785578,49.983085],[6.78524,49.982854],[6.784543,49.98284],[6.784184,49.983058],[6.783836,49.983052],[6.783118,49.983488],[6.78277,49.983481],[6.782432,49.98325],[6.782083,49.983243],[6.781069,49.982549],[6.781079,49.982324],[6.781438,49.982106],[6.780424,49.981412],[6.780783,49.981194],[6.780793,49.980969],[6.780117,49.980507],[6.779072,49.980487],[6.778733,49.980255],[6.778037,49.980242],[6.777678,49.98046],[6.776981,49.980447],[6.776643,49.980215],[6.776674,49.979541],[6.777392,49.979105],[6.777053,49.978874],[6.777064,49.978649],[6.777423,49.978431],[6.777433,49.978207],[6.776419,49.977512],[6.77607,49.977506],[6.775732,49.977274],[6.775036,49.977261],[6.775046,49.977036],[6.773694,49.976111],[6.773335,49.976329],[6.773325,49.976554],[6.772966,49.976772],[6.772945,49.977221],[6.773283,49.977452],[6.772566,49.977888],[6.772555,49.978113],[6.772196,49.978331],[6.771151,49.978311],[6.770792,49.978529]]}},
{"type":"Feature","properties":{"STRM_VAL":1.0,"max_accum":125132.0,"color":"#6794c3","weight":2.63},"geometry":{"type":"LineString","coordinates":[[6.772448,50.003073],[6.772807,50.002855],[6.773156,50.002861],[6.773874,50.002425],[6.773884,50.002201],[6.774602,50.001765],[6.774643,50.000866],[6.774305,50.000635],[6.775382,49.999981],[6.776079,49.999994],[6.777094,50.000688],[6.777442,50.000695],[6.777781,50.000926],[6.778478,50.00094],[6.778816,50.001171],[6.779165,50.001178],[6.779503,50.001409],[6.780549,50.001429],[6.780908,50.001211],[6.781605,50.001224],[6.781943,50.001456],[6.78264,50.001469],[6.782978,50.0017],[6.783327,50.001707],[6.783665,50.001938],[6.784014,50.001945],[6.78469,50.002408],[6.785039,50.002414],[6.785715,50.002877],[6.786064,50.002884]]}},
{"type":"Feature","properties":{"STRM_VAL":1.0,"max_accum":136020.0,"color":"#6592c1","weight":2.67},"geometry":{"type":"LineString","coordinates":[[6.786064,50.002884],[6.786423,50.002666],[6.787469,50.002686],[6.787828,50.002468],[6.788176,50.002474],[6.788535,50.002256],[6.788884,50.002263],[6.789222,50.002494],[6.789191,50.003168],[6.789529,50.0034],[6.789519,50.003624],[6.790196,50.004087],[6.790893,50.0041],[6.791611,50.003664],[6.791621,50.003439],[6.79198,50.003221],[6.79199,50.002997],[6.792349,50.002779],[6.792011,50.002547],[6.79237,50.002329],[6.792718,50.002336],[6.793057,50.002567],[6.793405,50.002574],[6.793743,50.002805],[6.794092,50.002812],[6.794123,50.002138],[6.794482,50.00192],[6.794492,50.001695],[6.796235,50.001728],[6.796594,50.00151],[6.796942,50.001517],[6.796953,50.001292],[6.797301,50.001299],[6.79766,50.001081],[6.797691,50.000406],[6.797353,50.000175],[6.797404,49.999052],[6.797763,49.998834]]}},
{"type":"Feature","properties":{"STRM_VAL":1.0,"max_accum":68915.0,"color":"#73a0ce","weight":2.32},"geometry":{"type":"LineString","coordinates":[[7.293667,50.01371],[7.293326,50.01348],[7.291582,50.013454],[7.291241,50.013225],[7.289149,50.013194],[7.288792,50.013413],[7.286699,50.013382],[7.286342,50.013602],[7.285645,50.013592],[7.284931,50.014031],[7.284923,50.014256],[7.284567,50.014475],[7.284559,50.0147],[7.284202,50.01492],[7.282109,50.014889],[7.281768,50.014659],[7.28142,50.014654],[7.281079,50.014424],[7.28073,50.014418],[7.280389,50.014189],[7.278994,50.014168],[7.277567,50.015046],[7.277226,50.014816],[7.275831,50.014796],[7.274809,50.014106],[7.27446,50.014101],[7.274119,50.013871],[7.272724,50.01385],[7.272383,50.01362],[7.271337,50.013604],[7.269634,50.012455],[7.269285,50.012449],[7.268944,50.012219],[7.268247,50.012209],[7.267906,50.011979],[7.265465,50.011943],[7.265108,50.012162],[7.26441,50.012152],[7.263729,50.011692],[7.263737,50.011467],[7.262374,50.010547],[7.257841,50.010479],[7.257484,50.010699],[7.256089,50.010678],[7.255748,50.010448],[7.255399,50.010442],[7.255059,50.010212],[7.254013,50.010197],[7.252991,50.009507],[7.252642,50.009501],[7.252301,50.009271],[7.251953,50.009266],[7.251612,50.009036],[7.249868,50.00901],[7.249187,50.00855],[7.24883,50.008769],[7.248149,50.008309],[7.2478,50.008304],[7.24746,50.008074],[7.246065,50.008053],[7.245384,50.007593],[7.245035,50.007588],[7.244354,50.007128],[7.244005,50.007122],[7.243665,50.006892],[7.242967,50.006882],[7.241605,50.005962],[7.241614,50.005737],[7.240933,50.005277],[7.240941,50.005052],[7.2406,50.004822],[7.240608,50.004597],[7.239927,50.004137],[7.239936,50.003912],[7.239595,50.003682],[7.239603,50.003458],[7.238241,50.002538],[7.23825,50.002313],[7.237909,50.002083],[7.237934,50.001409],[7.237593,50.001178],[7.237602,50.000954],[7.237261,50.000724],[7.237278,50.000274],[7.235575,49.999124],[7.235584,49.998899],[7.235243,49.998669],[7.234895,49.998664],[7.234214,49.998204],[7.233865,49.998198],[7.232844,49.997508],[7.232146,49.997498]]}},
{"type":"Feature","properties":{"STRM_VAL":1.0,"max_accum":27122.0,"color":"#86b4e0","weight":1.85},"geometry":{"type":"LineString","coordinates":[[6.657604,50.004183],[6.657637,50.003509],[6.657299,50.003278],[6.65731,50.003053],[6.656973,50.002821],[6.656995,50.002372],[6.656657,50.00214],[6.656668,50.001916],[6.657027,50.001698],[6.657082,50.000575],[6.657441,50.000357],[6.657507,49.999009],[6.658226,49.998574],[6.658923,49.998588],[6.659282,49.99837],[6.660676,49.998398],[6.661755,49.997745],[6.662103,49.997752],[6.662822,49.997317],[6.662833,49.997092],[6.663192,49.996875],[6.665284,49.996917],[6.665959,49.99738],[6.666307,49.997387],[6.666645,49.997619],[6.667342,49.997633],[6.668061,49.997198],[6.669455,49.997226],[6.669814,49.997008],[6.670163,49.997015],[6.670882,49.99658]]}},
{"type":"Feature","properties":{"STRM_VAL":1.0,"max_accum":36763.0,"color":"#80aeda","weight":2.0},"geometry":{"type":"LineString","coordinates":[[6.670882,49.99658],[6.671241,49.996362],[6.671252,49.996137],[6.671611,49.99592],[6.671633,49.99547],[6.671992,49.995253],[6.672025,49.994579],[6.672384,49.994361],[6.672395,49.994136],[6.672755,49.993919],[6.672765,49.993694],[6.674921,49.992388],[6.67527,49.992395],[6.675629,49.992177],[6.67564,49.991953],[6.676718,49.9913],[6.67674,49.99085],[6.677099,49.990633],[6.677153,49.989509],[6.677872,49.989074],[6.677904,49.9884],[6.677229,49.987937],[6.677588,49.987719]]}},
{"type":"Feature","properties":{"STRM_VAL":1.0,"max_accum":228528.0,"color":"#5b87b7","weight":2.94},"geometry":{"type":"LineString","coordinates":[[7.061983,50.012994],[7.061956,50.013668],[7.062635,50.014129],[7.062984,50.014135]]}},
{"type":"Feature","properties":{"STRM_VAL":1.0,"max_accum":238615.0,"color":"#5a86b7","weight":2.96},"geometry":{"type":"LineString","coordinates":[[7.062984,50.014135],[7.063333,50.014141],[7.063672,50.014372],[7.065416,50.014401],[7.065756,50.014631],[7.066104,50.014637],[7.066784,50.015098]]}},
{"type":"Feature","properties":{"STRM_VAL":1.0,"max_accum":247687.0,"color":"#5985b6","weight":2.98},"geometry":{"type":"LineString","coordinates":[[7.066784,50.015098],[7.067124,50.015329],[7.067472,50.015334],[7.067812,50.015565],[7.068161,50.015571],[7.068501,50.015801],[7.069216,50.015363],[7.069565,50.015369],[7.069905,50.0156],[7.069887,50.016049],[7.070226,50.01628],[7.071273,50.016297],[7.07163,50.016078],[7.073374,50.016107],[7.073714,50.016338],[7.07476,50.016355],[7.0751,50.016586],[7.075091,50.01681],[7.075788,50.016822],[7.077148,50.017744],[7.077139,50.017969],[7.077478,50.018199],[7.077827,50.018205],[7.079186,50.019127],[7.079177,50.019352],[7.079857,50.019813],[7.079499,50.020032],[7.079481,50.020481],[7.080501,50.021173],[7.081199,50.021184],[7.081538,50.021415]]}},
{"type":"Feature","properties":{"STRM_VAL":1.0,"max_accum":268018.0,"color":"#5783b4","weight":3.02},"geometry":{"type":"LineString","coordinates":[[7.081538,50.021415],[7.081878,50.021645],[7.082576,50.021657],[7.083595,50.022348],[7.083586,50.022573],[7.083926,50.022803],[7.084275,50.022809],[7.084239,50.023708],[7.084919,50.024169],[7.084865,50.025517],[7.087585,50.027361],[7.087933,50.027367],[7.088273,50.027597],[7.088622,50.027603],[7.089642,50.028295],[7.089597,50.029418],[7.089937,50.029649],[7.090286,50.029654],[7.090626,50.029885],[7.092022,50.029908],[7.092379,50.029689],[7.092728,50.029695],[7.093086,50.029476],[7.093435,50.029481],[7.094795,50.030403],[7.094786,50.030628],[7.095483,50.030639],[7.096843,50.031561],[7.096835,50.031786],[7.097175,50.032016],[7.10485,50.032142],[7.10519,50.032372],[7.105539,50.032378],[7.105879,50.032608],[7.106228,50.032614],[7.106908,50.033075],[7.106899,50.0333],[7.106541,50.033519],[7.106515,50.034193],[7.106157,50.034412],[7.106148,50.034637],[7.104717,50.035513],[7.104368,50.035507],[7.102579,50.036602],[7.102562,50.037052],[7.102204,50.037271],[7.102168,50.03817],[7.101811,50.038389],[7.101775,50.039287],[7.103476,50.04044],[7.103824,50.040445]]}},
{"type":"Feature","properties":{"STRM_VAL":1.0,"max_accum":567847.0,"color":"#4873a6","weight":3.4},"geometry":{"type":"LineString","coordinates":[[7.103824,50.040445],[7.104165,50.040676],[7.104514,50.040681],[7.105194,50.041142],[7.105132,50.042715],[7.104774,50.042934],[7.104765,50.043159],[7.104407,50.043378],[7.10439,50.043828],[7.10473,50.044058],[7.104721,50.044283],[7.104372,50.044277],[7.104014,50.044496],[7.104354,50.044727],[7.104703,50.044732],[7.105043,50.044963],[7.105008,50.045862],[7.104292,50.0463],[7.104257,50.047199],[7.104597,50.047429],[7.104588,50.047654],[7.104928,50.047884],[7.104919,50.048109],[7.105259,50.048339],[7.105224,50.049238],[7.104866,50.049457],[7.104857,50.049682],[7.1045,50.049901],[7.104482,50.05035],[7.104124,50.050569],[7.104106,50.051019],[7.10339,50.051457],[7.101994,50.051434],[7.101654,50.051204],[7.100956,50.051192],[7.100616,50.050962],[7.100267,50.050956],[7.099927,50.050726],[7.09888,50.050709],[7.098522,50.050928],[7.098173,50.050922],[7.098164,50.051147],[7.097806,50.051366],[7.097735,50.053163],[7.097377,50.053382],[7.097351,50.054057],[7.097691,50.054287],[7.09804,50.054293],[7.09838,50.054523],[7.099776,50.054546],[7.100134,50.054327],[7.101879,50.054356],[7.10426,50.055969],[7.104198,50.057542],[7.104879,50.058003]]}},
{"type":"Feature","properties":{"STRM_VAL":1.0,"max_accum":5278729.0,"color":"#1a437c","weight":4.54},"geometry":{"type":"LineString","coordinates":[[7.104879,50.058003],[7.105577,50.058014],[7.105935,50.057795],[7.106982,50.057812],[7.10734,50.057593],[7.107689,50.057599],[7.108405,50.057161],[7.108414,50.056936],[7.108772,50.056717],[7.10878,50.056492],[7.10844,50.056262],[7.108449,50.056037],[7.108109,50.055807],[7.108118,50.055582],[7.108833,50.055144],[7.108842,50.054919],[7.1092,50.0547],[7.109549,50.054706],[7.109602,50.053357],[7.10996,50.053138],[7.109969,50.052914],[7.110327,50.052694],[7.110676,50.0527],[7.112465,50.051605],[7.114559,50.051639],[7.114899,50.051869],[7.115257,50.05165],[7.117002,50.051679],[7.117342,50.051909],[7.11804,50.05192],[7.118721,50.052381],[7.11907,50.052387],[7.11941,50.052617],[7.119759,50.052623],[7.120099,50.052853],[7.119742,50.053072],[7.119733,50.053297],[7.120073,50.053527],[7.120431,50.053308],[7.120771,50.053539],[7.121469,50.05355],[7.12215,50.054011],[7.122141,50.054235],[7.123162,50.054927],[7.12386,50.054938],[7.124881,50.055629],[7.124872,50.055854],[7.125553,50.056314],[7.126251,50.056326],[7.126591,50.056556],[7.12694,50.056562],[7.127961,50.057253],[7.128659,50.057264],[7.128624,50.058163],[7.128965,50.058393],[7.128938,50.059068],[7.129279,50.059298],[7.129252,50.059972],[7.129593,50.060202]]}},
{"type":"Feature","properties":{"STRM_VAL":1.0,"max_accum":211348.0,"color":"#5c88b9","weight":2.9},"geometry":{"type":"LineString","coordinates":[[7.023265,50.012566],[7.023284,50.012116],[7.023642,50.011897],[7.023651,50.011673],[7.024009,50.011454],[7.024037,50.01078],[7.023697,50.010549],[7.023706,50.010324],[7.023367,50.010094]]}},
{"type":"Feature","properties":{"STRM_VAL":1.0,"max_accum":228528.0,"color":"#5b87b7","weight":2.94},"geometry":{"type":"LineString","coordinates":[[7.023367,50.010094],[7.023725,50.009875],[7.023734,50.00965],[7.024092,50.009432],[7.02411,50.008982],[7.024826,50.008545],[7.024487,50.008314],[7.024844,50.008095],[7.025193,50.008101],[7.025533,50.008332],[7.02902,50.008391],[7.029377,50.008172],[7.029726,50.008178],[7.029735,50.007953],[7.031167,50.007078],[7.031506,50.007309],[7.032222,50.006871],[7.032919,50.006883],[7.033259,50.007114],[7.033617,50.006895],[7.033965,50.006901],[7.034305,50.007131],[7.034296,50.007356],[7.034635,50.007587],[7.034984,50.007593],[7.035663,50.008054],[7.036012,50.00806],[7.036727,50.007622],[7.037773,50.00764],[7.038452,50.008101],[7.038095,50.00832],[7.038086,50.008545],[7.038765,50.009006],[7.039113,50.009012],[7.039453,50.009242],[7.041196,50.009272],[7.041536,50.009502],[7.042233,50.009514],[7.042573,50.009745],[7.042922,50.009751],[7.043261,50.009981],[7.04361,50.009987],[7.043949,50.010218],[7.044298,50.010224],[7.045317,50.010916],[7.046014,50.010927],[7.046354,50.011158],[7.0474,50.011175],[7.04774,50.011406],[7.048437,50.011418],[7.048428,50.011643],[7.048768,50.011873],[7.049116,50.011879],[7.049456,50.01211],[7.050153,50.012121],[7.050511,50.011902],[7.051209,50.011914],[7.051548,50.012145],[7.051897,50.012151],[7.052237,50.012381],[7.052228,50.012606],[7.052567,50.012836],[7.052916,50.012842],[7.053256,50.013073],[7.053604,50.013079],[7.054284,50.01354],[7.054981,50.013552],[7.055321,50.013782],[7.057413,50.013817],[7.058432,50.014509],[7.061571,50.014561],[7.061929,50.014342],[7.062626,50.014354],[7.062984,50.014135]]}},
{"type":"Feature","properties":{"STRM_VAL":1.0,"max_accum":508488.0,"color":"#4a75a8","weight":3.35},"geometry":{"type":"LineString","coordinates":[[6.915498,50.011129],[6.913125,50.009512],[6.913154,50.008838],[6.912476,50.008376],[6.912128,50.00837],[6.91145,50.007908],[6.911101,50.007902],[6.909745,50.006978],[6.909397,50.006971],[6.909058,50.00674],[6.908709,50.006734],[6.90837,50.006503],[6.90838,50.006278],[6.906686,50.005123],[6.906695,50.004899],[6.906018,50.004437],[6.905669,50.00443],[6.904991,50.003968],[6.90506,50.002395],[6.905418,50.002177],[6.905438,50.001728],[6.905099,50.001497],[6.905109,50.001272],[6.905467,50.001054],[6.905487,50.000604],[6.906203,50.000167],[6.906213,49.999943],[6.907288,49.999287],[6.907637,49.999294],[6.90907,49.99842],[6.90908,49.998195],[6.909428,49.998202],[6.909787,49.997983],[6.910135,49.99799],[6.910145,49.997765],[6.910503,49.997546],[6.910852,49.997553],[6.912285,49.996679],[6.912634,49.996685],[6.91335,49.996248],[6.91336,49.996024],[6.914793,49.99515],[6.914455,49.994919],[6.914464,49.994694],[6.915897,49.993821],[6.915917,49.993371],[6.916275,49.993153],[6.916285,49.992928],[6.91736,49.992273],[6.917379,49.991823],[6.917737,49.991605],[6.917747,49.99138],[6.918105,49.991162],[6.918125,49.990712],[6.918483,49.990494],[6.918493,49.990269],[6.918851,49.990051],[6.918928,49.988253],[6.919645,49.987816],[6.919703,49.986468],[6.919364,49.986237],[6.920081,49.9858],[6.920429,49.985806],[6.921145,49.985369],[6.92131,49.981549],[6.920971,49.981318],[6.920981,49.981094],[6.916577,49.978091],[6.916597,49.977642],[6.916258,49.977411],[6.916268,49.977186],[6.915929,49.976955],[6.916287,49.976737],[6.916297,49.976512],[6.916655,49.976294],[6.916665,49.976069],[6.917023,49.975851],[6.917032,49.975626],[6.917749,49.975189],[6.91741,49.974958],[6.917439,49.974284],[6.917797,49.974065],[6.917817,49.973616],[6.918175,49.973398],[6.917836,49.973167],[6.917865,49.972493],[6.917526,49.972262],[6.917884,49.972043],[6.917546,49.971812],[6.917197,49.971806],[6.916859,49.971575],[6.91651,49.971569],[6.915494,49.970876],[6.916927,49.970002],[6.916956,49.969328],[6.916617,49.969097],[6.916269,49.969091],[6.91593,49.96886],[6.91594,49.968635],[6.914924,49.967942],[6.914575,49.967936],[6.914237,49.967705],[6.91354,49.967692]]}},
{"type":"Feature","properties":{"STRM_VAL":1.0,"max_accum":110154.0,"color":"#6996c5","weight":2.56},"geometry":{"type":"LineString","coordinates":[[6.630632,50.006334],[6.630992,50.006116],[6.630654,50.005885],[6.630665,50.00566],[6.62999,50.005196],[6.629641,50.005189],[6.629664,50.00474],[6.628618,50.004719],[6.627943,50.004255],[6.626897,50.004234],[6.62656,50.004002],[6.626571,50.003777],[6.626233,50.003545],[6.626593,50.003328],[6.626604,50.003103],[6.626266,50.002871],[6.6263,50.002197],[6.626659,50.00198],[6.62667,50.001755],[6.62703,50.001538],[6.627041,50.001313],[6.62776,50.000878],[6.628109,50.000885],[6.628828,50.00045],[6.629176,50.000457],[6.630615,49.999587],[6.630637,49.999138],[6.631356,49.998703],[6.631378,49.998253],[6.632457,49.997601],[6.632468,49.997376],[6.632816,49.997383],[6.634255,49.996513],[6.634603,49.99652],[6.635322,49.996085],[6.635333,49.99586],[6.635693,49.995643],[6.635704,49.995418],[6.637142,49.994548],[6.637839,49.994562],[6.638198,49.994345],[6.641335,49.994408],[6.641672,49.99464],[6.642032,49.994423],[6.643774,49.994458],[6.644493,49.994023],[6.644842,49.99403],[6.645201,49.993812],[6.64555,49.993819],[6.645909,49.993602],[6.64592,49.993377],[6.64628,49.99316],[6.646324,49.992261],[6.645986,49.992029],[6.646008,49.99158],[6.646367,49.991362],[6.646389,49.990913],[6.647468,49.99026],[6.647479,49.990036],[6.647838,49.989818],[6.647849,49.989593],[6.647174,49.98913],[6.647207,49.988456],[6.646532,49.987992],[6.646565,49.987318],[6.646227,49.987087],[6.64626,49.986413],[6.645215,49.986391],[6.644878,49.98616],[6.644529,49.986153],[6.643854,49.985689],[6.643157,49.985675],[6.64282,49.985443],[6.642471,49.985436],[6.641459,49.984741],[6.641111,49.984734],[6.639761,49.983807],[6.639064,49.983793],[6.638727,49.983561],[6.63803,49.983547],[6.637355,49.983083],[6.637377,49.982634],[6.637736,49.982416],[6.637791,49.981293],[6.637454,49.981061],[6.637498,49.980163],[6.638576,49.97951],[6.638609,49.978836],[6.638272,49.978604],[6.638283,49.978379],[6.637946,49.978148],[6.637979,49.977474],[6.638338,49.977256],[6.638349,49.977031],[6.638708,49.976814],[6.638371,49.976582],[6.638393,49.976133],[6.639112,49.975698],[6.63946,49.975705],[6.639493,49.975031],[6.640571,49.974378],[6.640582,49.974153],[6.640245,49.973922],[6.640267,49.973472],[6.640626,49.973255],[6.64067,49.972356],[6.640333,49.972124],[6.640692,49.971907],[6.640758,49.970559],[6.642554,49.969471],[6.642903,49.969478],[6.643262,49.96926],[6.64361,49.969268],[6.645048,49.968397],[6.645058,49.968173],[6.645777,49.967737],[6.645821,49.966839],[6.646169,49.966846],[6.646888,49.966411],[6.647236,49.966418],[6.647595,49.9662],[6.647617,49.965751],[6.64728,49.965519],[6.647291,49.965294],[6.64493,49.963672],[6.644951,49.963223],[6.644614,49.962991],[6.644625,49.962766],[6.644984,49.962549],[6.645017,49.961875],[6.644005,49.96118],[6.644038,49.960506],[6.644757,49.960071],[6.64615,49.960099],[6.646487,49.960331],[6.647184,49.960345],[6.647902,49.95991],[6.64825,49.959917],[6.648609,49.959699],[6.64862,49.959474],[6.648969,49.959481],[6.649328,49.959264]]}},
{"type":"Feature","properties":{"STRM_VAL":1.0,"max_accum":705618.0,"color":"#436ea2","weight":3.51},"geometry":{"type":"LineString","coordinates":[[6.576569,50.005892],[6.576221,50.005884],[6.575861,50.006102],[6.575164,50.006087],[6.574804,50.006304],[6.574467,50.006072],[6.574118,50.006065],[6.573398,50.0065],[6.572353,50.006478],[6.572015,50.006246],[6.571318,50.006231],[6.570307,50.005536],[6.570318,50.005311],[6.568632,50.004151],[6.567586,50.004129],[6.567226,50.004347],[6.566878,50.004339],[6.566203,50.003875]]}},
{"type":"Feature","properties":{"STRM_VAL":1.0,"max_accum":718198.0,"color":"#436ea2","weight":3.52},"geometry":{"type":"LineString","coordinates":[[6.566203,50.003875],[6.566317,50.001629],[6.566677,50.001412],[6.566688,50.001187],[6.567048,50.00097],[6.567071,50.00052],[6.56743,50.000303],[6.567442,50.000078],[6.567802,49.999861],[6.567813,49.999636],[6.568173,49.999419],[6.568184,49.999194],[6.568904,49.99876],[6.569252,49.998767],[6.569612,49.99855],[6.569961,49.998557],[6.57104,49.997905],[6.571052,49.99768],[6.571411,49.997463],[6.571423,49.997238],[6.571783,49.997021],[6.571828,49.996122],[6.572188,49.995905],[6.57185,49.995673],[6.571896,49.994774],[6.571559,49.994542],[6.57157,49.994318],[6.571233,49.994086],[6.571255,49.993636],[6.570918,49.993405],[6.570941,49.992955],[6.570604,49.992723],[6.570626,49.992274],[6.570289,49.992042],[6.570649,49.991825],[6.57066,49.9916],[6.57102,49.991383],[6.571031,49.991158],[6.571391,49.990941],[6.571459,49.989593],[6.571122,49.989361],[6.571133,49.989136],[6.570796,49.988904],[6.570808,49.98868],[6.57047,49.988448],[6.570482,49.988223],[6.570145,49.987991],[6.570235,49.986194],[6.570595,49.985977],[6.570686,49.984179]]}},
{"type":"Feature","properties":{"STRM_VAL":1.0,"max_accum":4557903.0,"color":"#1d467f","weight":4.47},"geometry":{"type":"LineString","coordinates":[[7.135803,50.017127],[7.137503,50.018279],[7.137852,50.018285],[7.139893,50.019666],[7.14059,50.019678],[7.14093,50.019908],[7.141279,50.019914],[7.14264,50.020835],[7.142989,50.02084],[7.143329,50.021071],[7.143678,50.021076],[7.144358,50.021537],[7.144707,50.021543],[7.145047,50.021773],[7.145744,50.021784],[7.146085,50.022014],[7.14748,50.022037],[7.14816,50.022497],[7.148509,50.022503],[7.149189,50.022963],[7.149887,50.022974],[7.150227,50.023205],[7.150576,50.02321],[7.150916,50.023441],[7.151265,50.023446]]}},
{"type":"Feature","properties":{"STRM_VAL":1.0,"max_accum":4670162.0,"color":"#1d467e","weight":4.48},"geometry":{"type":"LineString","coordinates":[[7.187799,50.026496],[7.187459,50.026266],[7.18711,50.026261],[7.186769,50.02603],[7.185374,50.026009],[7.185034,50.025778],[7.183987,50.025762],[7.183647,50.025532],[7.182949,50.025521],[7.182609,50.025291],[7.181213,50.025269],[7.181205,50.025494],[7.180847,50.025713]]}},
{"type":"Feature","properties":{"STRM_VAL":1.0,"max_accum":113429.0,"color":"#6996c5","weight":2.58},"geometry":{"type":"LineString","coordinates":[[6.789823,50.019821],[6.789874,50.018698],[6.788521,50.017773],[6.788172,50.017766],[6.788193,50.017317],[6.787854,50.017085],[6.787885,50.016411],[6.788244,50.016193],[6.788255,50.015968],[6.788973,50.015532],[6.789004,50.014858],[6.789363,50.01464],[6.788347,50.013946],[6.788368,50.013497]]}},
{"type":"Feature","properties":{"STRM_VAL":1.0,"max_accum":125132.0,"color":"#6794c3","weight":2.63},"geometry":{"type":"LineString","coordinates":[[6.788368,50.013497],[6.789086,50.013061],[6.790132,50.013081],[6.790491,50.012863],[6.79084,50.012869],[6.791199,50.012651],[6.792245,50.012671],[6.792604,50.012453],[6.793301,50.012467],[6.79366,50.012248],[6.79367,50.012024],[6.793332,50.011792],[6.791589,50.011759],[6.79125,50.011528],[6.790902,50.011521],[6.790563,50.01129],[6.790215,50.011283],[6.789876,50.011052],[6.789886,50.010827],[6.788533,50.009902],[6.788554,50.009453],[6.788215,50.009221],[6.788267,50.008098],[6.788626,50.00788],[6.788657,50.007206],[6.787304,50.006281],[6.787314,50.006056],[6.787673,50.005838],[6.788022,50.005844],[6.78838,50.005626],[6.788729,50.005633],[6.789088,50.005415],[6.789109,50.004966],[6.78877,50.004734],[6.788422,50.004728],[6.787069,50.003802],[6.78672,50.003796],[6.786043,50.003333],[6.786064,50.002884]]}},
{"type":"Feature","properties":{"STRM_VAL":1.0,"max_accum":98338.0,"color":"#6c99c7","weight":2.51},"geometry":{"type":"LineString","coordinates":[[7.232079,50.027854],[7.231739,50.027624],[7.231041,50.027613],[7.228997,50.026233],[7.2283,50.026222],[7.227959,50.025992],[7.227261,50.025982],[7.226921,50.025751],[7.226223,50.025741],[7.225882,50.025511],[7.225534,50.025505],[7.224852,50.025045],[7.224504,50.02504],[7.223823,50.02458],[7.223831,50.024355],[7.22349,50.024125],[7.223499,50.0239],[7.223158,50.02367],[7.223183,50.022996],[7.222842,50.022766],[7.222892,50.021417],[7.223249,50.021198],[7.223257,50.020973],[7.222917,50.020743],[7.222925,50.020518],[7.222244,50.020058],[7.222253,50.019833],[7.221912,50.019603],[7.221929,50.019154],[7.221588,50.018924],[7.221596,50.018699],[7.220575,50.018009],[7.220226,50.018003],[7.219205,50.017313],[7.218856,50.017308],[7.218515,50.017078],[7.217818,50.017067],[7.217477,50.016837],[7.215733,50.01681],[7.215393,50.01658],[7.212951,50.016542],[7.212237,50.016981],[7.209447,50.016938],[7.20909,50.017157],[7.208749,50.016927],[7.207703,50.016911],[7.207362,50.016681],[7.205967,50.016659],[7.205627,50.016429],[7.204232,50.016408],[7.203891,50.016178],[7.202148,50.016151],[7.201807,50.01592],[7.20111,50.01591],[7.200752,50.016129],[7.197962,50.016086],[7.197622,50.015855],[7.195878,50.015828],[7.195538,50.015598],[7.193794,50.015571],[7.193453,50.015341],[7.192407,50.015325],[7.192067,50.015094],[7.189974,50.015062],[7.189617,50.015281],[7.189277,50.015051],[7.187533,50.015024],[7.187192,50.014793],[7.186844,50.014788],[7.186503,50.014558],[7.186155,50.014552],[7.185814,50.014322],[7.185117,50.014311],[7.184776,50.014081]]}},
{"type":"Feature","properties":{"STRM_VAL":1.0,"max_accum":238615.0,"color":"#5a86b7","weight":2.96},"geometry":{"type":"LineString","coordinates":[[7.038381,50.026989],[7.044311,50.027089],[7.044669,50.026871],[7.047111,50.026912],[7.047469,50.026693],[7.047818,50.026699],[7.048176,50.02648],[7.048873,50.026492],[7.049231,50.026273],[7.049929,50.026285],[7.050287,50.026066],[7.050636,50.026072],[7.050994,50.025853],[7.051342,50.025859],[7.052416,50.025202],[7.052765,50.025208],[7.053123,50.024989],[7.053472,50.024995],[7.054187,50.024557],[7.054536,50.024563],[7.054894,50.024344],[7.054912,50.023895],[7.05527,50.023676],[7.055279,50.023451],[7.057069,50.022357],[7.057078,50.022132],[7.057426,50.022138],[7.057784,50.021919],[7.057802,50.021469],[7.058518,50.021032],[7.058527,50.020807],[7.058885,50.020588],[7.059234,50.020594],[7.059592,50.020375],[7.059601,50.02015],[7.060316,50.019712],[7.060325,50.019488],[7.061041,50.01905],[7.060701,50.018819],[7.061775,50.018163],[7.061784,50.017938],[7.062142,50.017719],[7.062151,50.017494],[7.062509,50.017276],[7.062518,50.017051],[7.063591,50.016394],[7.063609,50.015945],[7.064325,50.015507],[7.065022,50.015518],[7.065362,50.015749],[7.066435,50.015092],[7.066784,50.015098]]}},
{"type":"Feature","properties":{"STRM_VAL":1.0,"max_accum":247687.0,"color":"#5985b6","weight":2.98},"geometry":{"type":"LineString","coordinates":[[7.064865,50.028109],[7.065581,50.027671],[7.065921,50.027901],[7.06771,50.026807],[7.067719,50.026582],[7.068793,50.025925],[7.069141,50.025931],[7.069499,50.025712],[7.070895,50.025736],[7.071252,50.025517],[7.071601,50.025522],[7.071959,50.025304],[7.072308,50.025309],[7.072317,50.025085],[7.072675,50.024866],[7.073014,50.025096],[7.073363,50.025102],[7.073721,50.024883],[7.07407,50.024889],[7.074428,50.02467],[7.075823,50.024693],[7.078327,50.02316],[7.079025,50.023172],[7.081172,50.021858],[7.081181,50.021634],[7.081538,50.021415]]}},
{"type":"Feature","properties":{"STRM_VAL":1.0,"max_accum":684569.0,"color":"#446fa3","weight":3.5},"geometry":{"type":"LineString","coordinates":[[6.578882,50.022356],[6.578207,50.021893],[6.578219,50.021668],[6.57787,50.021661],[6.577533,50.021429],[6.576835,50.021414],[6.576498,50.021182],[6.574755,50.021146]]}},
{"type":"Feature","properties":{"STRM_VAL":1.0,"max_accum":691900.0,"color":"#446fa2","weight":3.5},"geometry":{"type":"LineString","coordinates":[[6.574755,50.021146],[6.5748,50.020247],[6.574462,50.020015],[6.574485,50.019566],[6.57381,50.019102],[6.573113,50.019087],[6.572776,50.018856],[6.572078,50.018841],[6.571741,50.018609],[6.569301,50.018558],[6.568963,50.018326]]}},
{"type":"Feature","properties":{"STRM_VAL":1.0,"max_accum":705618.0,"color":"#436ea2","weight":3.51},"geometry":{"type":"LineString","coordinates":[[6.568963,50.018326],[6.568626,50.018094],[6.568637,50.017869],[6.568289,50.017862],[6.567614,50.017398],[6.567648,50.016724],[6.568008,50.016507],[6.56811,50.014485],[6.567773,50.014253],[6.567818,50.013354],[6.567481,50.013122],[6.567504,50.012673],[6.567166,50.012441],[6.567178,50.012217],[6.56684,50.011985],[6.566863,50.011535],[6.566526,50.011303],[6.566537,50.011079],[6.5662,50.010847],[6.566257,50.009724],[6.566617,50.009506],[6.566651,50.008832],[6.567011,50.008615],[6.567033,50.008166],[6.566696,50.007934],[6.566776,50.006361],[6.567136,50.006144],[6.567192,50.005021],[6.566855,50.004789],[6.566866,50.004564],[6.566192,50.0041],[6.566203,50.003875]]}},
{"type":"Feature","properties":{"STRM_VAL":1.0,"max_accum":691900.0,"color":"#446fa2","weight":3.5},"geometry":{"type":"LineString","coordinates":[[6.554372,50.023866],[6.557253,50.022128],[6.557601,50.022135],[6.558681,50.021483],[6.558693,50.021259],[6.559053,50.021041],[6.559087,50.020367],[6.559807,50.019933],[6.560505,50.019947],[6.560865,50.01973],[6.561213,50.019737],[6.561573,50.01952],[6.563317,50.019557],[6.563654,50.019789],[6.565048,50.019818],[6.565769,50.019383],[6.56578,50.019159],[6.56614,50.018941],[6.567535,50.018971],[6.568255,50.018536],[6.568603,50.018543],[6.568963,50.018326]]}},
{"type":"Feature","properties":{"STRM_VAL":1.0,"max_accum":27122.0,"color":"#86b4e0","weight":1.85},"geometry":{"type":"LineString","coordinates":[[6.654397,50.027057],[6.654746,50.027064],[6.655105,50.026846],[6.658941,50.026923],[6.659279,50.027155],[6.660674,50.027183],[6.661012,50.027415],[6.661361,50.027422],[6.661699,50.027654],[6.662047,50.027661],[6.662385,50.027892],[6.663083,50.027907],[6.663421,50.028138],[6.666211,50.028194],[6.666548,50.028426],[6.668641,50.028468],[6.668979,50.0287],[6.671071,50.028742],[6.671409,50.028974],[6.671758,50.028981],[6.672118,50.028763],[6.676303,50.028847],[6.676662,50.028629],[6.67736,50.028643],[6.677719,50.028425],[6.680509,50.028481],[6.680869,50.028264],[6.682613,50.028298],[6.682972,50.028081],[6.683321,50.028088],[6.683681,50.02787],[6.684378,50.027884],[6.686176,50.026795],[6.686187,50.026571],[6.686906,50.026135],[6.686917,50.025911],[6.689074,50.024604],[6.689084,50.02438],[6.690882,50.023291],[6.690893,50.023066],[6.691252,50.022849],[6.691263,50.022624],[6.691982,50.022188],[6.691993,50.021964],[6.692352,50.021746],[6.692385,50.021072],[6.692744,50.020854],[6.692798,50.019731],[6.69246,50.019499],[6.692111,50.019492],[6.691773,50.019261],[6.691425,50.019254],[6.691087,50.019022],[6.690738,50.019015],[6.689724,50.018321],[6.689735,50.018096],[6.689059,50.017633],[6.689113,50.016509],[6.687424,50.015351],[6.686378,50.01533],[6.68604,50.015099],[6.684994,50.015078],[6.684656,50.014846],[6.684667,50.014622],[6.683653,50.013927],[6.683664,50.013702],[6.682988,50.013239],[6.682999,50.013014],[6.682324,50.012551],[6.682683,50.012333],[6.680318,50.010712],[6.67997,50.010705],[6.679632,50.010473],[6.679654,50.010024],[6.67864,50.009329],[6.678651,50.009104],[6.677975,50.008641],[6.677986,50.008416],[6.677648,50.008185],[6.67767,50.007735],[6.676657,50.00704],[6.676668,50.006816],[6.675654,50.006121],[6.675665,50.005896],[6.676025,50.005678],[6.676036,50.005454],[6.675698,50.005222],[6.675719,50.004773],[6.675044,50.004309],[6.675087,50.003411],[6.673399,50.002252],[6.673758,50.002035],[6.67342,50.001803],[6.673442,50.001354],[6.673104,50.001122],[6.673464,50.000904],[6.673475,50.00068],[6.672799,50.000216],[6.672821,49.999767],[6.672483,49.999535],[6.672527,49.998637],[6.672189,49.998405],[6.672211,49.997956],[6.671535,49.997492],[6.671546,49.997268],[6.670871,49.996804],[6.670882,49.99658]]}},
{"type":"Feature","properties":{"STRM_VAL":1.0,"max_accum":22535.0,"color":"#8ab8e3","weight":1.75},"geometry":{"type":"LineString","coordinates":[[7.316845,50.039459],[7.314751,50.039428],[7.314069,50.038969],[7.313022,50.038953],[7.312681,50.038724],[7.311983,50.038713],[7.311642,50.038484],[7.310944,50.038473],[7.310588,50.038693],[7.307796,50.038652],[7.307082,50.039092],[7.306035,50.039076],[7.305321,50.039516],[7.304972,50.039511],[7.304965,50.039735],[7.304608,50.039955],[7.303561,50.03994],[7.302847,50.040379],[7.302506,50.040149],[7.30111,50.040129],[7.300753,50.040348],[7.300404,50.040343],[7.29969,50.040783],[7.296899,50.040742],[7.296542,50.040961],[7.295495,50.040946],[7.295138,50.041165],[7.294789,50.04116],[7.294432,50.04138],[7.294424,50.041605],[7.29371,50.042044],[7.293361,50.042039],[7.293353,50.042264],[7.291925,50.043142],[7.292266,50.043372],[7.291909,50.043592],[7.291885,50.044266],[7.291528,50.044485],[7.29152,50.04471],[7.289735,50.045808],[7.289386,50.045803],[7.289029,50.046023],[7.289021,50.046247],[7.288664,50.046467],[7.288608,50.04804],[7.288949,50.04827],[7.288941,50.048495],[7.289282,50.048725],[7.289258,50.049399],[7.288901,50.049619],[7.288893,50.049843],[7.288179,50.050283],[7.288139,50.051406],[7.28848,50.051636],[7.288829,50.051641],[7.289171,50.051871],[7.289123,50.05322],[7.288408,50.053659],[7.2884,50.053884]]}},
{"type":"Feature","properties":{"STRM_VAL":1.0,"max_accum":48045.0,"color":"#7aa8d5","weight":2.14},"geometry":{"type":"LineString","coordinates":[[7.2884,50.053884],[7.288392,50.054108],[7.288035,50.054328],[7.287686,50.054323],[7.286322,50.053403],[7.285275,50.053388],[7.284934,50.053158],[7.28495,50.052708],[7.284609,50.052479],[7.284625,50.052029],[7.283261,50.051109],[7.283269,50.050885],[7.282928,50.050655],[7.282579,50.05065],[7.282222,50.050869],[7.281872,50.050864],[7.281515,50.051084],[7.281166,50.051078],[7.280809,50.051298],[7.28046,50.051293],[7.280103,50.051512],[7.279762,50.051282],[7.279064,50.051272],[7.278723,50.051042],[7.278374,50.051037],[7.278033,50.050807],[7.275939,50.050776],[7.275582,50.050996],[7.274884,50.050985],[7.274526,50.051205],[7.273479,50.051189],[7.272765,50.051628],[7.2727,50.053426],[7.272343,50.053646],[7.272335,50.05387],[7.271621,50.05431],[7.271613,50.054534],[7.271256,50.054754],[7.270907,50.054749],[7.270225,50.054289],[7.269876,50.054284],[7.269194,50.053824],[7.268837,50.054043],[7.268496,50.053813],[7.267797,50.053803],[7.266726,50.054461],[7.266377,50.054456],[7.26602,50.054676],[7.265671,50.054671],[7.265313,50.05489],[7.264964,50.054885],[7.264607,50.055104],[7.262862,50.055078],[7.262521,50.054848],[7.261823,50.054838],[7.261466,50.055057],[7.261116,50.055052],[7.260759,50.055272],[7.260751,50.055496],[7.259679,50.056155],[7.259339,50.055925],[7.258989,50.05592],[7.258632,50.056139],[7.257934,50.056129],[7.25722,50.056568],[7.256871,50.056562],[7.256513,50.056782],[7.256164,50.056777],[7.25545,50.057216],[7.255433,50.057665],[7.255076,50.057885],[7.254727,50.057879],[7.25437,50.058099],[7.253672,50.058088],[7.252243,50.058966],[7.252226,50.059416],[7.251512,50.059855],[7.251495,50.060304],[7.251138,50.060524],[7.25113,50.060749],[7.250773,50.060968],[7.250707,50.062766],[7.251048,50.062996],[7.251007,50.06412],[7.25065,50.064339],[7.250642,50.064564],[7.250285,50.064783],[7.250268,50.065233],[7.250609,50.065463],[7.250601,50.065688],[7.250942,50.065918],[7.251291,50.065923],[7.251632,50.066153],[7.251624,50.066378]]}},
{"type":"Feature","properties":{"STRM_VAL":1.0,"max_accum":175435.0,"color":"#608cbc","weight":2.8},"geometry":{"type":"LineString","coordinates":[[7.251624,50.066378],[7.251965,50.066608],[7.251949,50.067057],[7.25229,50.067287],[7.252281,50.067512],[7.251567,50.067951],[7.251218,50.067946],[7.250195,50.067256],[7.249496,50.067245],[7.249155,50.067015],[7.248806,50.06701],[7.248465,50.06678],[7.247418,50.066764],[7.245274,50.068081],[7.245257,50.06853],[7.245598,50.06876],[7.245582,50.06921],[7.245923,50.06944],[7.245906,50.069889],[7.246247,50.070119],[7.246231,50.070569],[7.248277,50.071949],[7.248269,50.072174],[7.248951,50.072634],[7.248934,50.073083],[7.249275,50.073313],[7.249267,50.073538],[7.249608,50.073768],[7.2496,50.073993],[7.249941,50.074223],[7.249925,50.074672],[7.249567,50.074892],[7.24817,50.074871],[7.247456,50.07531],[7.247106,50.075304],[7.247098,50.075529],[7.246741,50.075748],[7.246392,50.075743],[7.246034,50.075963],[7.245685,50.075957],[7.245677,50.076182],[7.245319,50.076402],[7.245303,50.076851],[7.244945,50.077071],[7.244921,50.077745],[7.245262,50.077975],[7.245221,50.079098],[7.245562,50.079329],[7.245545,50.079778],[7.246228,50.080238],[7.246577,50.080243],[7.246918,50.080473],[7.247267,50.080479],[7.247608,50.080709],[7.247957,50.080714],[7.247908,50.082062],[7.247551,50.082282],[7.247543,50.082507],[7.247185,50.082726],[7.247177,50.082951],[7.246462,50.08339],[7.246803,50.08362],[7.246088,50.084059],[7.246429,50.084289],[7.246413,50.084738],[7.246754,50.084968],[7.246746,50.085193],[7.246388,50.085412],[7.24638,50.085637],[7.247744,50.086557],[7.247728,50.087007],[7.24841,50.087467],[7.248759,50.087472],[7.248751,50.087697],[7.249775,50.088387],[7.249766,50.088612],[7.251131,50.089532],[7.251115,50.089981],[7.251456,50.090211],[7.251805,50.090216],[7.253852,50.091596],[7.2549,50.091612],[7.256947,50.092992],[7.257646,50.093003],[7.258669,50.093692],[7.259019,50.093698],[7.25936,50.093928],[7.259352,50.094152],[7.259693,50.094382],[7.259685,50.094607],[7.260034,50.094612],[7.261058,50.095302],[7.261042,50.095752],[7.261383,50.095982],[7.261375,50.096207],[7.261716,50.096437],[7.262065,50.096442],[7.262748,50.096902],[7.263097,50.096907],[7.263439,50.097137],[7.264137,50.097147],[7.264121,50.097597],[7.264462,50.097827],[7.264446,50.098276],[7.265129,50.098736],[7.265478,50.098741],[7.265819,50.098971],[7.265811,50.099196],[7.266835,50.099886],[7.267184,50.099891],[7.267526,50.100121],[7.267518,50.100346],[7.267859,50.100576],[7.268208,50.100581],[7.26855,50.100811],[7.269248,50.100822],[7.26959,50.101052],[7.269947,50.100832],[7.270646,50.100842],[7.271004,50.100623],[7.271353,50.100628],[7.271694,50.100858],[7.272044,50.100863],[7.273068,50.101553],[7.273417,50.101558],[7.273758,50.101788],[7.274457,50.101799],[7.274799,50.102029],[7.275148,50.102034],[7.275489,50.102264],[7.275481,50.102488],[7.275823,50.102718],[7.275815,50.102943],[7.276156,50.103173],[7.276855,50.103183],[7.277196,50.103413],[7.278244,50.103429],[7.278586,50.103659],[7.278935,50.103664],[7.279618,50.104124],[7.27961,50.104349],[7.279252,50.104568],[7.27922,50.105467],[7.278863,50.105687],[7.278855,50.105911],[7.278497,50.106131],[7.278839,50.106361],[7.27883,50.106586],[7.279172,50.106816],[7.279164,50.10704],[7.279505,50.10727],[7.279497,50.107495],[7.28018,50.107955],[7.28014,50.109079],[7.279782,50.109298],[7.279774,50.109523],[7.280457,50.109983],[7.280806,50.109988],[7.281148,50.110218],[7.281497,50.110223],[7.281839,50.110453],[7.282188,50.110458],[7.28253,50.110688],[7.282879,50.110693],[7.283221,50.110923],[7.283213,50.111148],[7.283896,50.111608],[7.283887,50.111832],[7.284229,50.112062],[7.283514,50.112502],[7.28349,50.113176],[7.283831,50.113406],[7.283815,50.113855],[7.284157,50.114085],[7.284116,50.115209],[7.284458,50.115439],[7.284807,50.115444],[7.285149,50.115674],[7.285141,50.115899],[7.285824,50.116358],[7.286173,50.116363],[7.287198,50.117053],[7.28719,50.117278],[7.287531,50.117508],[7.287499,50.118407],[7.288865,50.119326],[7.288508,50.119546],[7.288849,50.119776],[7.288841,50.120001]]}},
{"type":"Feature","properties":{"STRM_VAL":1.0,"max_accum":319595.0,"color":"#547fb1","weight":3.11},"geometry":{"type":"LineString","coordinates":[[7.288841,50.120001],[7.288793,50.121349],[7.288078,50.121788],[7.287379,50.121778],[7.287021,50.121998],[7.286672,50.121992],[7.285957,50.122432],[7.285949,50.122656],[7.285591,50.122876],[7.285583,50.123101],[7.284868,50.12354],[7.284518,50.123535],[7.284161,50.123754],[7.283811,50.123749],[7.282738,50.124408],[7.282389,50.124403],[7.282031,50.124622],[7.281681,50.124617],[7.281324,50.124837],[7.280974,50.124831],[7.280617,50.125051],[7.279917,50.125041],[7.27956,50.12526],[7.279552,50.125485],[7.279202,50.12548],[7.278487,50.125919],[7.278479,50.126144],[7.279162,50.126604],[7.280211,50.126619],[7.280552,50.126849],[7.280902,50.126854],[7.282268,50.127774],[7.282212,50.129347],[7.281854,50.129567],[7.281846,50.129791],[7.281147,50.129781],[7.280805,50.129551],[7.280813,50.129326],[7.280472,50.129096],[7.28048,50.128872],[7.280138,50.128642],[7.279439,50.128631],[7.278724,50.129071],[7.278699,50.129745],[7.278342,50.129964],[7.278334,50.130189],[7.277976,50.130409],[7.277968,50.130633],[7.27761,50.130853],[7.277261,50.130848],[7.275472,50.131946],[7.275464,50.13217],[7.275106,50.13239],[7.275098,50.132615],[7.27544,50.132845],[7.275432,50.133069],[7.276115,50.133529],[7.276464,50.133534],[7.277147,50.133994],[7.277139,50.134219],[7.277481,50.134449],[7.277457,50.135123],[7.277798,50.135353],[7.277441,50.135573],[7.277433,50.135797],[7.277075,50.136017],[7.276376,50.136007],[7.276034,50.135777],[7.276042,50.135552],[7.2757,50.135322],[7.275343,50.135541],[7.27466,50.135082],[7.274302,50.135301],[7.273952,50.135296],[7.272879,50.135955],[7.272871,50.136179],[7.273554,50.136639],[7.273912,50.13642],[7.274253,50.13665],[7.274603,50.136655],[7.274945,50.136885],[7.274936,50.137109],[7.27562,50.137569],[7.276319,50.13758],[7.277002,50.13804],[7.276994,50.138264],[7.277336,50.138494],[7.27732,50.138944],[7.277661,50.139174],[7.277653,50.139398],[7.277995,50.139628],[7.277987,50.139853],[7.278328,50.140083],[7.27832,50.140308],[7.278662,50.140538],[7.278638,50.141212],[7.27828,50.141431],[7.278272,50.141656],[7.277922,50.141651],[7.277564,50.141871],[7.276515,50.141855],[7.276157,50.142075],[7.275808,50.142069],[7.27545,50.142289],[7.275792,50.142519],[7.275767,50.143193],[7.276451,50.143653],[7.276434,50.144102],[7.276776,50.144332],[7.276768,50.144557],[7.277451,50.145017],[7.277801,50.145022],[7.278826,50.145712],[7.278818,50.145937],[7.27916,50.146167],[7.279152,50.146391],[7.278794,50.146611],[7.278444,50.146606],[7.278086,50.146825],[7.277037,50.14681],[7.276679,50.147029],[7.276329,50.147024],[7.276321,50.147249],[7.275963,50.147468],[7.275947,50.147918],[7.275589,50.148137],[7.275581,50.148362],[7.275923,50.148592],[7.275915,50.148817],[7.27694,50.149507],[7.27729,50.149512],[7.277631,50.149742],[7.277607,50.150416],[7.276908,50.150406],[7.276192,50.150845],[7.276176,50.151294],[7.276859,50.151754],[7.276501,50.151974],[7.276493,50.152198],[7.276135,50.152418],[7.276819,50.152878],[7.276811,50.153103],[7.277152,50.153333],[7.277852,50.153343],[7.278877,50.154033],[7.279577,50.154043],[7.279919,50.154273],[7.280268,50.154278],[7.28061,50.154508],[7.28131,50.154518],[7.281993,50.154978],[7.281985,50.155203],[7.282327,50.155433],[7.282295,50.156332],[7.282636,50.156562],[7.282986,50.156567],[7.28367,50.157027],[7.283662,50.157252],[7.283304,50.157471],[7.283288,50.157921],[7.28293,50.15814],[7.283272,50.15837],[7.283248,50.159044],[7.283589,50.159274],[7.283947,50.159055],[7.284997,50.15907],[7.285338,50.1593],[7.286054,50.158861],[7.286404,50.158866],[7.286746,50.159096],[7.287104,50.158876],[7.287446,50.159106],[7.287795,50.159112],[7.288137,50.159341],[7.288121,50.159791],[7.288463,50.160021],[7.288455,50.160246],[7.288797,50.160475],[7.288789,50.1607],[7.288431,50.16092],[7.288423,50.161145],[7.288073,50.161139],[7.287715,50.161359],[7.288057,50.161589],[7.287699,50.161808],[7.288041,50.162038],[7.288033,50.162263],[7.288716,50.162723],[7.289766,50.162738],[7.290792,50.163428],[7.291491,50.163438],[7.292565,50.16278],[7.293615,50.162795],[7.293956,50.163025],[7.294314,50.162805],[7.294656,50.163035],[7.295006,50.16304],[7.29569,50.1635],[7.29604,50.163505],[7.296723,50.163965],[7.296707,50.164414],[7.297049,50.164644],[7.297033,50.165094],[7.297375,50.165324],[7.297311,50.167122]]}},
{"type":"Feature","properties":{"STRM_VAL":1.0,"max_accum":6049779.0,"color":"#174079","weight":4.61},"geometry":{"type":"LineString","coordinates":[[7.297311,50.167122],[7.297279,50.168021],[7.296921,50.16824],[7.296874,50.169589],[7.297557,50.170048],[7.297549,50.170273],[7.298575,50.170963],[7.298551,50.171637],[7.298193,50.171857],[7.298185,50.172081],[7.297827,50.172301],[7.297819,50.172526],[7.297462,50.172745],[7.297406,50.174319]]}},
{"type":"Feature","properties":{"STRM_VAL":1.0,"max_accum":187738.0,"color":"#5f8bbb","weight":2.84},"geometry":{"type":"LineString","coordinates":[[6.956,50.035237],[6.956339,50.035468],[6.956688,50.035474],[6.957028,50.035705],[6.957377,50.035711],[6.957716,50.035942],[6.958762,50.03596],[6.959102,50.036191],[6.9598,50.036203],[6.960139,50.036434],[6.961534,50.036458],[6.961874,50.036689],[6.962572,50.036702],[6.96293,50.036483],[6.963269,50.036714],[6.963618,50.03672]]}},
{"type":"Feature","properties":{"STRM_VAL":1.0,"max_accum":211348.0,"color":"#5c88b9","weight":2.9},"geometry":{"type":"LineString","coordinates":[[6.963618,50.03672],[6.964335,50.036283],[6.964373,50.035384],[6.964731,50.035165],[6.964392,50.034934],[6.963694,50.034922],[6.963355,50.034691],[6.963364,50.034467],[6.963723,50.034248],[6.963732,50.034023],[6.963054,50.033562],[6.962705,50.033556],[6.962743,50.032657],[6.963101,50.032438],[6.96313,50.031764],[6.963488,50.031546],[6.963498,50.031321],[6.963856,50.031102],[6.963894,50.030203],[6.963555,50.029973],[6.963574,50.029523],[6.96429,50.029086],[6.964988,50.029098],[6.965327,50.029329],[6.965676,50.029335],[6.966393,50.028898],[6.96709,50.02891],[6.967138,50.027787],[6.967496,50.027568],[6.967515,50.027119],[6.967873,50.0269],[6.967883,50.026675],[6.968232,50.026681],[6.96859,50.026463],[6.968939,50.026469],[6.969278,50.0267],[6.969995,50.026263],[6.970343,50.026269],[6.97106,50.025831],[6.971069,50.025607],[6.973219,50.024295],[6.973568,50.024301],[6.973926,50.024083],[6.973945,50.023633],[6.973606,50.023402],[6.973625,50.022953],[6.974341,50.022516],[6.97469,50.022522],[6.975048,50.022303],[6.975746,50.022315],[6.976104,50.022097],[6.976453,50.022103],[6.976811,50.021884],[6.977857,50.021902],[6.978215,50.021684],[6.978913,50.021696],[6.979271,50.021477],[6.979281,50.021253],[6.979639,50.021034],[6.979987,50.02104],[6.98142,50.020165],[6.98143,50.019941],[6.981788,50.019722],[6.981797,50.019497],[6.982155,50.019279],[6.982203,50.018155],[6.982561,50.017937],[6.98257,50.017712],[6.983286,50.017275],[6.983984,50.017287],[6.984342,50.017068],[6.986783,50.01711],[6.987141,50.016892],[6.98749,50.016898],[6.987848,50.016679],[6.988546,50.016691],[6.988904,50.016473],[6.989253,50.016479],[6.989611,50.01626],[6.989959,50.016266],[6.990318,50.016047],[6.990666,50.016053],[6.990676,50.015829],[6.991034,50.01561],[6.991043,50.015385],[6.990704,50.015154],[6.990723,50.014705],[6.991081,50.014486],[6.991429,50.014492],[6.991769,50.014723],[6.992117,50.014729],[6.992476,50.014511],[6.992824,50.014517],[6.993182,50.014298],[6.993192,50.014073],[6.993908,50.013636],[6.994247,50.013867],[6.994605,50.013648],[6.994624,50.013198],[6.994982,50.01298],[6.99501,50.012306],[6.995368,50.012087],[6.995406,50.011188],[6.99648,50.010532],[6.996828,50.010538],[6.997903,50.009882],[6.999297,50.009906],[6.999655,50.009687],[7.000701,50.009705],[7.00106,50.009487],[7.001408,50.009493],[7.001766,50.009274],[7.001776,50.009049],[7.002492,50.008612],[7.003886,50.008636],[7.004226,50.008867],[7.004574,50.008873],[7.005253,50.009334],[7.005602,50.00934],[7.00596,50.009121],[7.005969,50.008897],[7.006666,50.008909],[7.007024,50.00869],[7.008768,50.00872],[7.009786,50.009412],[7.009777,50.009637],[7.009419,50.009855],[7.010777,50.010778],[7.012869,50.010814],[7.013208,50.011045],[7.014603,50.011069],[7.014942,50.011299],[7.018778,50.011365],[7.019136,50.011146],[7.019485,50.011152],[7.019843,50.010933],[7.021238,50.010957],[7.021596,50.010738],[7.022293,50.01075],[7.022651,50.010531],[7.023,50.010537],[7.023009,50.010313],[7.023367,50.010094]]}},
{"type":"Feature","properties":{"STRM_VAL":1.0,"max_accum":96001.0,"color":"#6c99c8","weight":2.49},"geometry":{"type":"LineString","coordinates":[[6.757134,50.032237],[6.757186,50.031114],[6.756848,50.030882],[6.756859,50.030657],[6.75651,50.030651],[6.756171,50.030419],[6.755823,50.030413],[6.754808,50.029718],[6.754459,50.029711],[6.754121,50.02948],[6.753772,50.029473],[6.753434,50.029242],[6.752387,50.029222],[6.752049,50.02899],[6.75206,50.028765]]}},
{"type":"Feature","properties":{"STRM_VAL":1.0,"max_accum":113429.0,"color":"#6996c5","weight":2.58},"geometry":{"type":"LineString","coordinates":[[6.75206,50.028765],[6.752419,50.028548],[6.75208,50.028316],[6.75244,50.028098],[6.752461,50.027649],[6.75282,50.027431],[6.753158,50.027662],[6.753518,50.027444],[6.753528,50.02722],[6.75319,50.026988],[6.754267,50.026335],[6.754278,50.02611],[6.754637,50.025892],[6.754975,50.026123],[6.755335,50.025905],[6.755683,50.025912],[6.756043,50.025694],[6.756391,50.025701],[6.756751,50.025483],[6.756412,50.025252],[6.756772,50.025034],[6.756782,50.024809],[6.757141,50.024591],[6.75749,50.024598],[6.757849,50.02438],[6.758895,50.0244],[6.758906,50.024175],[6.760343,50.023304],[6.760681,50.023535],[6.76104,50.023317],[6.762435,50.023344],[6.763153,50.022908],[6.763164,50.022683],[6.763882,50.022248],[6.764231,50.022254],[6.765308,50.0216],[6.765329,50.021151],[6.765688,50.020933],[6.765699,50.020708],[6.766048,50.020715],[6.766407,50.020497],[6.766417,50.020273],[6.767495,50.019619],[6.767833,50.01985],[6.768551,50.019414],[6.768562,50.019189],[6.76928,50.018753],[6.770326,50.018774],[6.770664,50.019005],[6.771023,50.018787],[6.771044,50.018338],[6.771762,50.017902],[6.772111,50.017908],[6.77247,50.01769],[6.772819,50.017697],[6.773157,50.017928],[6.774234,50.017274],[6.774245,50.01705],[6.774604,50.016832],[6.774614,50.016607],[6.775332,50.016171],[6.775681,50.016178],[6.776399,50.015742],[6.776061,50.01551],[6.77642,50.015292],[6.777117,50.015306],[6.777476,50.015088],[6.777825,50.015094],[6.778543,50.014658],[6.779938,50.014685],[6.780297,50.014467],[6.783435,50.014527],[6.783794,50.014309],[6.784143,50.014316],[6.784502,50.014098],[6.78485,50.014104],[6.785209,50.013886],[6.787301,50.013926],[6.78766,50.013708],[6.788009,50.013715],[6.788368,50.013497]]}},
{"type":"Feature","properties":{"STRM_VAL":1.0,"max_accum":18813.0,"color":"#8ebce7","weight":1.66},"geometry":{"type":"LineString","coordinates":[[7.390375,50.04365],[7.392082,50.044798],[7.392075,50.045023],[7.392416,50.045252],[7.392409,50.045477],[7.393775,50.046396],[7.39376,50.046845],[7.394443,50.047304],[7.394436,50.047529],[7.395119,50.047988],[7.395081,50.049112],[7.395423,50.049342],[7.395408,50.049791],[7.395749,50.050021],[7.395727,50.050695],[7.39537,50.050915],[7.395348,50.051589],[7.394991,50.051809],[7.394976,50.052259],[7.393193,50.053358],[7.392844,50.053353],[7.392488,50.053573],[7.39144,50.053559],[7.391099,50.053329],[7.389353,50.053305],[7.388997,50.053525],[7.387251,50.053501],[7.386895,50.053721],[7.386546,50.053716],[7.386538,50.053941],[7.386182,50.05416],[7.386523,50.05439],[7.386516,50.054615],[7.38754,50.055304],[7.387533,50.055528],[7.388899,50.056447],[7.388884,50.056896],[7.389226,50.057126],[7.389173,50.058699],[7.389856,50.059158],[7.389848,50.059383],[7.39019,50.059613],[7.390183,50.059838]]}},
{"type":"Feature","properties":{"STRM_VAL":1.0,"max_accum":40222.0,"color":"#7eacd8","weight":2.05},"geometry":{"type":"LineString","coordinates":[[7.390183,50.059838],[7.390168,50.060287],[7.389454,50.060727],[7.389105,50.060722],[7.388748,50.060942],[7.38805,50.060932],[7.387709,50.060703],[7.38701,50.060693],[7.386654,50.060913],[7.386304,50.060908],[7.385591,50.061348],[7.385584,50.061573],[7.384157,50.062452],[7.383815,50.062223],[7.382419,50.062203],[7.382077,50.061974],[7.38172,50.062193],[7.381371,50.062189],[7.381014,50.062408],[7.380999,50.062858],[7.380643,50.063078],[7.379246,50.063058],[7.378889,50.063278],[7.378882,50.063503],[7.378168,50.063943],[7.377121,50.063928]]}},
{"type":"Feature","properties":{"STRM_VAL":1.0,"max_accum":62566.0,"color":"#75a2d0","weight":2.27},"geometry":{"type":"LineString","coordinates":[[7.377121,50.063928],[7.376764,50.064148],[7.376415,50.064143],[7.376058,50.064363],[7.37605,50.064588],[7.375694,50.064808],[7.375679,50.065257],[7.375322,50.065477],[7.375314,50.065702],[7.374601,50.066141],[7.374593,50.066366],[7.373879,50.066806],[7.372832,50.066791],[7.372794,50.067915],[7.37208,50.068355],[7.371731,50.06835],[7.369233,50.069889],[7.368186,50.069874],[7.367829,50.070094],[7.36748,50.070089],[7.367472,50.070314],[7.367115,50.070534],[7.367077,50.071657],[7.367419,50.071887],[7.367411,50.072112],[7.367054,50.072332],[7.367047,50.072557],[7.36669,50.072776],[7.366341,50.072771],[7.365984,50.072991],[7.365634,50.072986],[7.365278,50.073206],[7.364928,50.073201],[7.364913,50.073651],[7.365255,50.07388],[7.365247,50.074105],[7.365589,50.074335],[7.365581,50.07456],[7.365923,50.074789],[7.3659,50.075464],[7.365186,50.075903],[7.364487,50.075893],[7.364131,50.076113],[7.362384,50.076089],[7.362027,50.076308],[7.36202,50.076533],[7.362361,50.076763],[7.362004,50.076983],[7.361943,50.078781],[7.361586,50.079001],[7.360538,50.078986],[7.360197,50.078756],[7.359848,50.078751],[7.359506,50.078522],[7.359514,50.078297],[7.35883,50.077837],[7.357783,50.077823],[7.357426,50.078042],[7.356378,50.078028],[7.356021,50.078247],[7.355672,50.078242],[7.355664,50.078467],[7.355307,50.078687],[7.355276,50.079586],[7.354919,50.079806],[7.354904,50.080255],[7.355246,50.080485],[7.355223,50.081159],[7.354866,50.081379],[7.354842,50.082053],[7.354485,50.082273],[7.354144,50.082043],[7.353795,50.082038],[7.35277,50.081349],[7.352778,50.081125],[7.352094,50.080665],[7.349999,50.080635],[7.349642,50.080855],[7.348943,50.080845],[7.347872,50.081505],[7.347523,50.0815],[7.346809,50.081939],[7.34646,50.081934],[7.345389,50.082594],[7.345381,50.082818]]}},
{"type":"Feature","properties":{"STRM_VAL":1.0,"max_accum":72262.0,"color":"#729fcd","weight":2.35},"geometry":{"type":"LineString","coordinates":[[7.345381,50.082818],[7.345373,50.083043],[7.346398,50.083732],[7.346747,50.083737],[7.347089,50.083967],[7.347438,50.083972],[7.348804,50.084891],[7.348797,50.085116],[7.348439,50.085335],[7.348409,50.086234],[7.348052,50.086454],[7.347353,50.086444],[7.346639,50.086884],[7.346631,50.087109],[7.345583,50.087094],[7.345226,50.087313],[7.344877,50.087308],[7.343448,50.088187],[7.343402,50.089536],[7.343045,50.089756],[7.341997,50.089741],[7.340926,50.0904],[7.340576,50.090395],[7.339148,50.091274],[7.33914,50.091499],[7.338783,50.091719]]}},
{"type":"Feature","properties":{"STRM_VAL":1.0,"max_accum":89425.0,"color":"#6e9bc9","weight":2.46},"geometry":{"type":"LineString","coordinates":[[7.338783,50.091719],[7.338775,50.091943],[7.338061,50.092383],[7.338053,50.092608],[7.336982,50.093267],[7.336966,50.093716],[7.337315,50.093721],[7.337657,50.093951],[7.337641,50.094401],[7.337284,50.09462],[7.336236,50.094605],[7.335879,50.094825],[7.33518,50.094815],[7.334839,50.094585],[7.335196,50.094366],[7.334513,50.093906],[7.332067,50.093871],[7.330996,50.09453],[7.330988,50.094755],[7.329916,50.095414],[7.329567,50.095409],[7.32921,50.095629],[7.328868,50.095399],[7.32782,50.095384],[7.327478,50.095154],[7.325731,50.095129],[7.32539,50.094899],[7.325041,50.094894],[7.324358,50.094435],[7.324365,50.09421],[7.323682,50.09375],[7.321935,50.093725],[7.321221,50.094164],[7.321127,50.096861],[7.320412,50.097301],[7.320404,50.097525],[7.320047,50.097745],[7.320039,50.09797],[7.31861,50.098849],[7.318261,50.098844],[7.317904,50.099063],[7.317205,50.099053],[7.31618,50.098364],[7.315831,50.098359],[7.315474,50.098578],[7.314775,50.098568],[7.31406,50.099008],[7.314052,50.099232],[7.313338,50.099672],[7.31333,50.099896],[7.312972,50.100116],[7.312917,50.101689],[7.312203,50.102129]]}},
{"type":"Feature","properties":{"STRM_VAL":1.0,"max_accum":175435.0,"color":"#608cbc","weight":2.8},"geometry":{"type":"LineString","coordinates":[[7.312203,50.102129],[7.311845,50.102348],[7.311829,50.102798],[7.311115,50.103237],[7.310066,50.103222],[7.309709,50.103442],[7.30936,50.103436],[7.309002,50.103656],[7.308653,50.103651],[7.308296,50.103871],[7.308288,50.104095],[7.30793,50.104315],[7.307907,50.104989],[7.307549,50.105209],[7.307525,50.105883],[7.307168,50.106103],[7.30716,50.106328],[7.307502,50.106558],[7.307462,50.107681],[7.307105,50.107901],[7.307097,50.108126],[7.306024,50.108785],[7.306017,50.109009],[7.304944,50.109668],[7.304595,50.109663],[7.30388,50.110102],[7.303872,50.110327],[7.303515,50.110547],[7.303856,50.110777],[7.304555,50.110787],[7.304913,50.110567],[7.305262,50.110572],[7.305945,50.111032],[7.305866,50.11328],[7.305508,50.113499],[7.305159,50.113494],[7.304801,50.113714],[7.304452,50.113709],[7.303769,50.113249],[7.303785,50.112799],[7.303102,50.11234],[7.302752,50.112335],[7.302411,50.112105],[7.301712,50.112095],[7.30137,50.111865],[7.301021,50.11186],[7.300679,50.11163],[7.30033,50.111625],[7.299615,50.112064],[7.299599,50.112513],[7.298884,50.112953],[7.298868,50.113402],[7.29851,50.113622],[7.298169,50.113392],[7.296739,50.11427],[7.296699,50.115394],[7.297041,50.115624],[7.297025,50.116073],[7.296667,50.116293],[7.296318,50.116288],[7.29596,50.116508],[7.295912,50.117856],[7.295555,50.118076],[7.295547,50.1183],[7.294832,50.11874],[7.294482,50.118735],[7.293767,50.119174],[7.293068,50.119163],[7.292353,50.119603],[7.292011,50.119373],[7.291296,50.119812],[7.290955,50.119582],[7.290256,50.119572],[7.289541,50.120011],[7.288841,50.120001]]}},
{"type":"Feature","properties":{"STRM_VAL":1.0,"max_accum":14614.0,"color":"#93c2eb","weight":1.53},"geometry":{"type":"LineString","coordinates":[[7.356506,50.043625],[7.356847,50.043855],[7.356832,50.044304],[7.357173,50.044534],[7.357165,50.044759],[7.358189,50.045448],[7.358538,50.045453],[7.359563,50.046142],[7.359912,50.046147],[7.360253,50.046376],[7.3613,50.046391],[7.361983,50.046851],[7.362332,50.046855],[7.363356,50.047545],[7.363705,50.047549],[7.365753,50.048927],[7.365746,50.049152],[7.366087,50.049382],[7.366436,50.049387],[7.366778,50.049617],[7.367127,50.049621],[7.368492,50.05054],[7.368842,50.050545],[7.370207,50.051464],[7.370905,50.051473],[7.371588,50.051933],[7.372287,50.051943],[7.372969,50.052402],[7.373668,50.052412],[7.374351,50.052871],[7.3747,50.052876],[7.37709,50.054483],[7.377045,50.055832],[7.377386,50.056062]]}},
{"type":"Feature","properties":{"STRM_VAL":1.0,"max_accum":40222.0,"color":"#7eacd8","weight":2.05},"geometry":{"type":"LineString","coordinates":[[7.377386,50.056062],[7.377348,50.057185],[7.376635,50.057625],[7.376627,50.05785],[7.376278,50.057845],[7.375921,50.058065],[7.375572,50.05806],[7.375231,50.05783],[7.374882,50.057825],[7.37454,50.057596],[7.374191,50.057591],[7.37385,50.057361],[7.373151,50.057351],[7.37281,50.057122],[7.369668,50.057078],[7.369311,50.057298],[7.368962,50.057293],[7.368916,50.058641],[7.369599,50.059101],[7.369592,50.059325],[7.370275,50.059785],[7.370624,50.05979],[7.371648,50.060478],[7.371997,50.060483],[7.373022,50.061172],[7.373014,50.061397],[7.374039,50.062086],[7.374388,50.062091],[7.37473,50.062321],[7.375079,50.062325],[7.375762,50.062785],[7.376111,50.06279],[7.377136,50.063479],[7.377121,50.063928]]}},
{"type":"Feature","properties":{"STRM_VAL":1.0,"max_accum":14614.0,"color":"#93c2eb","weight":1.53},"geometry":{"type":"LineString","coordinates":[[7.377765,50.044824],[7.378107,50.045053],[7.378456,50.045058],[7.378448,50.045283],[7.378789,50.045513],[7.379138,50.045517],[7.379131,50.045742],[7.379472,50.045972],[7.379465,50.046197],[7.379806,50.046426],[7.379768,50.04755],[7.38011,50.04778],[7.380072,50.048903],[7.380414,50.049133],[7.380391,50.049807],[7.380034,50.050027],[7.380011,50.050701],[7.380353,50.050931],[7.38033,50.051605],[7.381013,50.052065],[7.380657,50.052285],[7.380642,50.052734],[7.379572,50.053394],[7.379564,50.053618],[7.379207,50.053838],[7.3792,50.054063],[7.378843,50.054283],[7.378828,50.054733],[7.377758,50.055392],[7.37775,50.055617],[7.377394,50.055837],[7.377386,50.056062]]}},
{"type":"Feature","properties":{"STRM_VAL":1.0,"max_accum":384521.0,"color":"#507bad","weight":3.2},"geometry":{"type":"LineString","coordinates":[[6.806871,50.036336],[6.807209,50.036567],[6.807558,50.036574],[6.807897,50.036805],[6.808246,50.036812],[6.808923,50.037274],[6.80962,50.037288],[6.80998,50.03707],[6.81,50.03662],[6.810359,50.036402],[6.81038,50.035953],[6.811098,50.035517],[6.812842,50.035549],[6.81318,50.035781],[6.813529,50.035787],[6.813868,50.036019],[6.814217,50.036025],[6.814207,50.03625],[6.8159,50.037406],[6.816249,50.037413],[6.816587,50.037644],[6.816936,50.03765],[6.817275,50.037882],[6.817634,50.037664],[6.817983,50.03767],[6.818342,50.037452],[6.820086,50.037485]]}},
{"type":"Feature","properties":{"STRM_VAL":1.0,"max_accum":429756.0,"color":"#4e79ab","weight":3.26},"geometry":{"type":"LineString","coordinates":[[6.820086,50.037485],[6.820445,50.037267],[6.820455,50.037042],[6.820814,50.036824],[6.820824,50.036599],[6.821542,50.036163],[6.822589,50.036183],[6.822579,50.036407],[6.822918,50.036638],[6.822897,50.037088],[6.823236,50.037319],[6.823226,50.037544],[6.823564,50.037775],[6.823913,50.037782],[6.824252,50.038013],[6.82495,50.038026],[6.826027,50.037371],[6.826108,50.035574],[6.825769,50.035343],[6.825779,50.035118],[6.825441,50.034887],[6.825451,50.034662],[6.824435,50.033968],[6.824445,50.033744],[6.824106,50.033512],[6.824116,50.033288],[6.824475,50.03307],[6.825173,50.033083],[6.825532,50.032865],[6.826927,50.032891],[6.827286,50.032673],[6.827635,50.032679],[6.828712,50.032025],[6.828722,50.0318],[6.829081,50.031582],[6.829101,50.031132],[6.828763,50.030901],[6.828793,50.030227],[6.829152,50.030009],[6.829162,50.029784],[6.829521,50.029566],[6.829541,50.029117],[6.8299,50.028899],[6.829921,50.028449],[6.830638,50.028013],[6.832034,50.028039],[6.832372,50.02827],[6.833419,50.02829],[6.833757,50.028521],[6.834116,50.028303],[6.834136,50.027853],[6.833459,50.027391],[6.833479,50.026942],[6.833838,50.026723],[6.834536,50.026736],[6.834874,50.026968],[6.835223,50.026974],[6.836239,50.027668],[6.838332,50.027707],[6.838691,50.027489],[6.83904,50.027495],[6.839398,50.027277],[6.839439,50.026378],[6.839798,50.02616],[6.839808,50.025935],[6.840167,50.025717],[6.840515,50.025723],[6.840874,50.025505],[6.841223,50.025512],[6.844094,50.023766],[6.844442,50.023773],[6.844801,50.023554],[6.84515,50.023561],[6.845489,50.023792],[6.845837,50.023799],[6.846176,50.02403],[6.846525,50.024036],[6.846864,50.024267],[6.847212,50.024274],[6.84789,50.024736],[6.84788,50.024961],[6.848219,50.025192],[6.848208,50.025417],[6.848547,50.025648]]}},
{"type":"Feature","properties":{"STRM_VAL":1.0,"max_accum":471941.0,"color":"#4c77aa","weight":3.31},"geometry":{"type":"LineString","coordinates":[[6.848547,50.025648],[6.848886,50.025879],[6.849235,50.025885],[6.849594,50.025667],[6.849614,50.025218],[6.849972,50.025],[6.850003,50.024326],[6.850361,50.024107],[6.850023,50.023876],[6.850053,50.023202],[6.849375,50.02274],[6.849395,50.02229],[6.849754,50.022072],[6.849764,50.021847],[6.850123,50.021629],[6.850133,50.021405],[6.850492,50.021186],[6.850532,50.020288],[6.850193,50.020056],[6.850213,50.019607],[6.849874,50.019376],[6.849885,50.019151],[6.849546,50.01892],[6.849566,50.018471],[6.849227,50.018239],[6.849237,50.018015],[6.849596,50.017797],[6.849606,50.017572],[6.849267,50.017341],[6.846826,50.017295],[6.846856,50.016621],[6.847215,50.016403],[6.847564,50.01641],[6.848281,50.015973],[6.84863,50.01598],[6.848989,50.015761],[6.849338,50.015768],[6.849696,50.01555],[6.849706,50.015325],[6.851141,50.014452],[6.851151,50.014227],[6.85151,50.014009],[6.85154,50.013335],[6.851899,50.013117],[6.851919,50.012667],[6.852636,50.012231],[6.852985,50.012237],[6.853324,50.012469],[6.854021,50.012481],[6.85436,50.012713],[6.854708,50.012719],[6.857756,50.014799],[6.858454,50.014812],[6.858813,50.014594],[6.85951,50.014607],[6.859869,50.014388],[6.860217,50.014395],[6.861293,50.01374],[6.861373,50.011943],[6.86209,50.011506],[6.862788,50.011519],[6.863146,50.011301],[6.864541,50.011326],[6.8649,50.011108],[6.866643,50.01114],[6.866982,50.011371],[6.867679,50.011384],[6.869373,50.01254],[6.869722,50.012546],[6.870439,50.012109],[6.870449,50.011885],[6.870807,50.011666],[6.872202,50.011692],[6.872541,50.011923],[6.87289,50.011929],[6.873248,50.011711],[6.874294,50.01173],[6.874653,50.011512],[6.878488,50.011582],[6.878847,50.011364],[6.879195,50.01137],[6.879913,50.010934],[6.880261,50.01094],[6.880978,50.010503],[6.880988,50.010279],[6.88065,50.010048],[6.880301,50.010041],[6.879962,50.00981],[6.879613,50.009804],[6.87792,50.008648],[6.877929,50.008424],[6.876913,50.007731],[6.876565,50.007724],[6.876226,50.007493],[6.875877,50.007487],[6.875538,50.007256],[6.873098,50.007211],[6.87242,50.006749],[6.872072,50.006742],[6.871733,50.006511],[6.871753,50.006062],[6.871414,50.005831],[6.871464,50.004707],[6.872181,50.004271],[6.87253,50.004277],[6.873247,50.00384],[6.872908,50.003609],[6.872928,50.00316],[6.873286,50.002942],[6.873296,50.002717],[6.876164,50.00097],[6.876503,50.001202],[6.876852,50.001208],[6.87719,50.001439],[6.877888,50.001452],[6.878246,50.001233],[6.878266,50.000784],[6.877927,50.000553],[6.877937,50.000328],[6.877598,50.000097],[6.877648,49.998974],[6.878006,49.998755],[6.878355,49.998762],[6.879789,49.997888],[6.879799,49.997664],[6.880157,49.997445],[6.880177,49.996996],[6.879838,49.996765],[6.87949,49.996759],[6.878474,49.996065],[6.878125,49.996059],[6.877109,49.995366],[6.877149,49.994467],[6.877507,49.994249],[6.877517,49.994024],[6.879668,49.992714],[6.880016,49.99272],[6.881091,49.992065],[6.881101,49.991841],[6.88146,49.991622],[6.88147,49.991398],[6.883978,49.989869],[6.884327,49.989876],[6.884337,49.989651],[6.884695,49.989433],[6.884754,49.988085],[6.884416,49.987853],[6.884445,49.987179],[6.88552,49.986524],[6.885589,49.984951]]}},
{"type":"Feature","properties":{"STRM_VAL":1.0,"max_accum":268018.0,"color":"#5783b4","weight":3.02},"geometry":{"type":"LineString","coordinates":[[7.095003,50.042774],[7.095352,50.04278],[7.09571,50.042561],[7.098153,50.042601],[7.098511,50.042382],[7.100604,50.042417],[7.10132,50.041978],[7.101669,50.041984],[7.101678,50.041759],[7.102393,50.041321],[7.10242,50.040647],[7.103467,50.040664],[7.103824,50.040445]]}},
{"type":"Feature","properties":{"STRM_VAL":1.0,"max_accum":4698953.0,"color":"#1d467e","weight":4.48},"geometry":{"type":"LineString","coordinates":[[7.233463,50.047214],[7.233106,50.047433],[7.232408,50.047423],[7.231693,50.047861],[7.230297,50.04784],[7.22994,50.04806],[7.227846,50.048028],[7.227505,50.047798],[7.227522,50.047348],[7.227181,50.047118],[7.226832,50.047113],[7.226151,50.046652],[7.225104,50.046636],[7.224746,50.046856],[7.22335,50.046835],[7.22301,50.046604],[7.221963,50.046588],[7.221248,50.047027],[7.220899,50.047022],[7.220542,50.047241],[7.220193,50.047236],[7.219511,50.046776],[7.219162,50.04677],[7.21814,50.04608],[7.217783,50.046299],[7.217434,50.046294],[7.217077,50.046513],[7.215681,50.046492],[7.21534,50.046262],[7.213944,50.04624],[7.213603,50.04601],[7.212207,50.045989],[7.211867,50.045759],[7.211169,50.045748],[7.210487,50.045288],[7.209091,50.045266],[7.208377,50.045705],[7.208028,50.045699],[7.20767,50.045919],[7.207321,50.045913],[7.206249,50.046571],[7.204504,50.046544],[7.204147,50.046764],[7.203798,50.046758],[7.203457,50.046528],[7.202759,50.046517],[7.202418,50.046287],[7.202069,50.046282],[7.201729,50.046052],[7.200682,50.046035],[7.200341,50.045805],[7.199984,50.046025],[7.199643,50.045795],[7.198945,50.045784],[7.197924,50.045093],[7.197575,50.045088],[7.197234,50.044858],[7.196187,50.044841],[7.195847,50.044611],[7.194451,50.044589],[7.194093,50.044809],[7.193744,50.044803],[7.193404,50.044573],[7.191659,50.044546],[7.191301,50.044765],[7.190961,50.044535],[7.190263,50.044524],[7.189922,50.044294],[7.188875,50.044278],[7.188535,50.044048],[7.188186,50.044042],[7.187845,50.043812],[7.187496,50.043806],[7.187139,50.044026],[7.186798,50.043796],[7.186449,50.04379],[7.186109,50.04356],[7.18576,50.043554],[7.185419,50.043324],[7.18507,50.043319],[7.183368,50.042168],[7.183019,50.042162],[7.182662,50.042382],[7.181964,50.042371],[7.181283,50.04191],[7.180934,50.041905],[7.180576,50.042124],[7.180227,50.042119],[7.179887,50.041888],[7.179529,50.042108],[7.178482,50.042091],[7.178125,50.04231],[7.17638,50.042283],[7.175359,50.041592],[7.17501,50.041587],[7.174669,50.041357],[7.173972,50.041346],[7.173614,50.041565],[7.173265,50.041559],[7.171903,50.040639],[7.171554,50.040633],[7.171214,50.040403],[7.171223,50.040178],[7.170874,50.040173],[7.170533,50.039942],[7.169137,50.03992],[7.16878,50.04014],[7.168099,50.039679],[7.167052,50.039662],[7.166712,50.039432],[7.166014,50.039421],[7.165674,50.039191],[7.164976,50.03918]]}},
{"type":"Feature","properties":{"STRM_VAL":1.0,"max_accum":34666.0,"color":"#81afdb","weight":1.97},"geometry":{"type":"LineString","coordinates":[[6.895486,50.045848],[6.895137,50.045842],[6.894798,50.045611],[6.894817,50.045162],[6.894139,50.044699],[6.893441,50.044687],[6.892085,50.043763],[6.891736,50.043756],[6.890719,50.043063],[6.89037,50.043057],[6.890031,50.042826],[6.889333,50.042813],[6.888994,50.042582],[6.888296,50.042569],[6.887618,50.042107],[6.886571,50.042088],[6.886232,50.041857],[6.885883,50.041851],[6.885544,50.04162],[6.884847,50.041607],[6.88383,50.040914],[6.883839,50.040689],[6.882483,50.039765],[6.882503,50.039315],[6.881486,50.038622],[6.88044,50.038603],[6.878067,50.036986],[6.878077,50.036761],[6.877738,50.03653],[6.877748,50.036305],[6.877409,50.036074],[6.87706,50.036068],[6.876721,50.035837],[6.875326,50.035811],[6.874648,50.035349],[6.873601,50.03533],[6.873262,50.035099],[6.872913,50.035092],[6.872574,50.034861],[6.871877,50.034848],[6.871538,50.034617],[6.87084,50.034604],[6.870501,50.034373],[6.870152,50.034367],[6.869814,50.034136],[6.86772,50.034097],[6.867382,50.033866],[6.866684,50.033854],[6.866325,50.034072],[6.86493,50.034046],[6.86494,50.033821],[6.864262,50.033359],[6.864272,50.033134],[6.863933,50.032903],[6.863235,50.032891],[6.862518,50.033327],[6.860774,50.033295],[6.860056,50.033731],[6.859707,50.033725],[6.859368,50.033494],[6.858671,50.033481],[6.858332,50.03325],[6.857634,50.033237],[6.857295,50.033006],[6.856947,50.032999],[6.856588,50.033218],[6.856239,50.033211],[6.854884,50.032287],[6.854535,50.03228],[6.854196,50.032049],[6.853498,50.032036],[6.852821,50.031574]]}},
{"type":"Feature","properties":{"STRM_VAL":1.0,"max_accum":429756.0,"color":"#4e79ab","weight":3.26},"geometry":{"type":"LineString","coordinates":[[6.852821,50.031574],[6.852143,50.031112],[6.851097,50.031092],[6.850738,50.03131],[6.849722,50.030617],[6.849732,50.030392],[6.849383,50.030386],[6.849044,50.030155],[6.848695,50.030148],[6.848018,50.029686],[6.848058,50.028787],[6.847719,50.028556],[6.847739,50.028107],[6.848098,50.027888],[6.848108,50.027664],[6.848826,50.027227],[6.848846,50.026778],[6.848168,50.026315],[6.848188,50.025866],[6.848547,50.025648]]}},
{"type":"Feature","properties":{"STRM_VAL":1.0,"max_accum":22535.0,"color":"#8ab8e3","weight":1.75},"geometry":{"type":"LineString","coordinates":[[7.293303,50.053506],[7.29086,50.05347],[7.290503,50.05369],[7.289107,50.053669],[7.28875,50.053889],[7.2884,50.053884]]}},
{"type":"Feature","properties":{"STRM_VAL":1.0,"max_accum":630107.0,"color":"#4671a4","weight":3.46},"geometry":{"type":"LineString","coordinates":[[6.611702,50.043276],[6.607516,50.04319],[6.607178,50.042958],[6.604736,50.042908],[6.604016,50.043343],[6.603668,50.043336],[6.603308,50.043553],[6.602261,50.043531],[6.601901,50.043749]]}},
{"type":"Feature","properties":{"STRM_VAL":1.0,"max_accum":658572.0,"color":"#4570a3","weight":3.48},"geometry":{"type":"LineString","coordinates":[[6.601901,50.043749],[6.601563,50.043517],[6.601574,50.043292],[6.601237,50.043061],[6.601248,50.042836],[6.600235,50.04214],[6.600246,50.041916],[6.599909,50.041684],[6.59956,50.041677],[6.599222,50.041445],[6.597827,50.041416],[6.597467,50.041633],[6.593979,50.041561],[6.593641,50.041329],[6.593292,50.041322],[6.592955,50.04109],[6.592606,50.041083],[6.591931,50.040619],[6.591582,50.040612],[6.589556,50.03922],[6.589916,50.039003],[6.589961,50.038104],[6.590322,50.037887],[6.590333,50.037662],[6.591053,50.037227],[6.591064,50.037003],[6.592504,50.036133],[6.592516,50.035908],[6.592876,50.035691],[6.592538,50.035459],[6.592572,50.034785],[6.592234,50.034553],[6.592245,50.034329],[6.591908,50.034097],[6.591559,50.03409],[6.591222,50.033858],[6.590175,50.033836],[6.589838,50.033604],[6.58914,50.03359],[6.588803,50.033358],[6.585664,50.033292],[6.585304,50.03351],[6.584955,50.033502],[6.584595,50.03372],[6.584584,50.033944],[6.584224,50.034162],[6.584133,50.035959],[6.584471,50.036191],[6.584381,50.037988],[6.584718,50.03822],[6.584684,50.038894],[6.585022,50.039126],[6.585011,50.039351],[6.586361,50.040278],[6.58635,50.040503],[6.589388,50.04259],[6.58932,50.043938],[6.58896,50.044155],[6.588904,50.045279],[6.588544,50.045496],[6.588532,50.045721],[6.587812,50.046155],[6.587463,50.046148],[6.587103,50.046366],[6.586754,50.046358],[6.586394,50.046576],[6.585347,50.046554],[6.58501,50.046322],[6.584661,50.046315],[6.584323,50.046083],[6.583975,50.046076]]}},
{"type":"Feature","properties":{"STRM_VAL":1.0,"max_accum":684569.0,"color":"#446fa3","weight":3.5},"geometry":{"type":"LineString","coordinates":[[6.583975,50.046076],[6.583637,50.045844],[6.583671,50.04517],[6.583333,50.044938],[6.58339,50.043815],[6.582377,50.043119],[6.582028,50.043112],[6.581691,50.04288],[6.580644,50.042858],[6.580284,50.043075],[6.579586,50.043061],[6.579226,50.043278],[6.578877,50.043271],[6.578157,50.043705],[6.577808,50.043698],[6.577448,50.043915],[6.577437,50.04414],[6.576716,50.044575],[6.576705,50.0448],[6.573103,50.046973],[6.57101,50.046929],[6.570673,50.046697],[6.56858,50.046653],[6.568242,50.046421],[6.567544,50.046407],[6.567184,50.046624],[6.564393,50.046566],[6.564056,50.046334],[6.563707,50.046326],[6.563032,50.045862],[6.562683,50.045855],[6.562346,50.045623],[6.561997,50.045616],[6.561659,50.045384],[6.561728,50.044036],[6.562088,50.043819],[6.562168,50.042246],[6.561493,50.041782],[6.560097,50.041753],[6.559737,50.04197],[6.559388,50.041963],[6.559377,50.042187],[6.559028,50.04218],[6.559017,50.042405],[6.557936,50.043057],[6.557925,50.043281],[6.557564,50.043499],[6.557553,50.043723],[6.557193,50.04394],[6.557181,50.044165],[6.556461,50.0446],[6.555763,50.044585],[6.555426,50.044353],[6.555077,50.044346],[6.554717,50.044563],[6.552275,50.044511],[6.551937,50.044279],[6.551589,50.044272],[6.551251,50.04404],[6.549507,50.044003],[6.54917,50.043771],[6.548472,50.043756],[6.548135,50.043524],[6.547088,50.043502],[6.546413,50.043038],[6.546425,50.042814],[6.546087,50.042582],[6.546168,50.041009],[6.548329,50.039706],[6.548678,50.039713],[6.550119,50.038844],[6.550468,50.038851],[6.551548,50.038199],[6.55156,50.037975],[6.55192,50.037757],[6.551931,50.037533],[6.552652,50.037098],[6.552663,50.036874],[6.553024,50.036656],[6.553035,50.036432],[6.553395,50.036214],[6.553744,50.036222],[6.554104,50.036004],[6.55515,50.036026],[6.555511,50.035809],[6.556208,50.035824],[6.557289,50.035172],[6.557638,50.035179],[6.557998,50.034962],[6.558009,50.034737],[6.558369,50.03452],[6.558381,50.034295],[6.559101,50.033861],[6.559112,50.033636],[6.559473,50.033419],[6.559518,50.03252],[6.559878,50.032303],[6.559901,50.031854],[6.559564,50.031622],[6.559598,50.030948],[6.559261,50.030716],[6.558912,50.030708],[6.558574,50.030476],[6.558586,50.030252],[6.558946,50.030034],[6.558609,50.029802],[6.55862,50.029578],[6.558283,50.029346],[6.558294,50.029121],[6.557957,50.028889],[6.557968,50.028665],[6.557631,50.028433],[6.557654,50.027983],[6.557316,50.027751],[6.557339,50.027302],[6.557002,50.02707],[6.557025,50.026621],[6.558465,50.025752],[6.558814,50.025759],[6.559174,50.025542],[6.561615,50.025593],[6.561952,50.025825],[6.562998,50.025847],[6.563335,50.026079],[6.564033,50.026093],[6.56437,50.026325],[6.564719,50.026333],[6.565056,50.026565],[6.565405,50.026572],[6.565742,50.026804],[6.566091,50.026811],[6.566428,50.027043],[6.567475,50.027065],[6.570715,50.025109],[6.570738,50.02466],[6.571098,50.024443],[6.571132,50.023769],[6.571852,50.023334],[6.572201,50.023341],[6.574001,50.022254],[6.574349,50.022262],[6.574361,50.022037],[6.574721,50.02182],[6.574755,50.021146]]}},
{"type":"Feature","properties":{"STRM_VAL":1.0,"max_accum":18813.0,"color":"#8ebce7","weight":1.66},"geometry":{"type":"LineString","coordinates":[[7.400642,50.060432],[7.39715,50.060384],[7.396809,50.060154],[7.395761,50.06014],[7.39542,50.05991],[7.39507,50.059905],[7.393704,50.058987],[7.393355,50.058982],[7.393013,50.058753],[7.391966,50.058738],[7.390183,50.059838]]}},
{"type":"Feature","properties":{"STRM_VAL":1.0,"max_accum":223496.0,"color":"#5b87b8","weight":2.93},"geometry":{"type":"LineString","coordinates":[[7.021805,50.056616],[7.021786,50.057065],[7.022126,50.057296],[7.02208,50.05842],[7.022759,50.058881],[7.022713,50.060005],[7.023053,50.060235],[7.022998,50.061583],[7.022639,50.061802],[7.022621,50.062252],[7.022263,50.06247],[7.022253,50.062695],[7.021895,50.062914],[7.021546,50.062908],[7.021188,50.063127],[7.020489,50.063115],[7.019056,50.06399],[7.019396,50.064221],[7.019037,50.064439],[7.019377,50.06467],[7.019368,50.064895],[7.019708,50.065125],[7.019689,50.065575],[7.020369,50.066036],[7.020351,50.066486],[7.02103,50.066947],[7.020993,50.067846],[7.021673,50.068307],[7.021664,50.068532],[7.022344,50.068993],[7.022334,50.069218],[7.022674,50.069449],[7.022665,50.069673],[7.023685,50.070365],[7.025081,50.070389],[7.026101,50.071081],[7.02645,50.071087]]}},
{"type":"Feature","properties":{"STRM_VAL":1.0,"max_accum":270689.0,"color":"#5783b4","weight":3.02},"geometry":{"type":"LineString","coordinates":[[7.02645,50.071087],[7.026799,50.071093],[7.027158,50.070874],[7.0303,50.070927],[7.030658,50.070709],[7.031007,50.070715],[7.032082,50.070058],[7.032781,50.07007],[7.032771,50.070295],[7.034168,50.070318],[7.034508,50.070549],[7.035555,50.070567],[7.035914,50.070348],[7.036254,50.070579],[7.036603,50.070585],[7.036943,50.070815],[7.03799,50.070833],[7.03833,50.071063],[7.039047,50.070626],[7.039065,50.070176],[7.038385,50.069715],[7.038404,50.069266],[7.038064,50.069035],[7.038082,50.068586],[7.038431,50.068592],[7.038789,50.068373],[7.038808,50.067923],[7.039157,50.067929],[7.039515,50.06771],[7.039864,50.067716],[7.040204,50.067947],[7.040553,50.067953],[7.041233,50.068414],[7.041224,50.068639],[7.041564,50.068869],[7.041922,50.068651],[7.042602,50.069112],[7.044348,50.069141],[7.045423,50.068485],[7.045432,50.06826],[7.046865,50.067385],[7.048261,50.067408],[7.048601,50.067639],[7.048951,50.067645],[7.049291,50.067875],[7.049281,50.0681],[7.050301,50.068792],[7.050292,50.069016],[7.050632,50.069247],[7.051331,50.069259],[7.051671,50.069489],[7.052369,50.069501],[7.052727,50.069282],[7.053775,50.0693],[7.054115,50.06953],[7.054464,50.069536],[7.054804,50.069767],[7.055153,50.069773],[7.056173,50.070464]]}},
{"type":"Feature","properties":{"STRM_VAL":1.0,"max_accum":289175.0,"color":"#5682b3","weight":3.06},"geometry":{"type":"LineString","coordinates":[[7.056173,50.070464],[7.056522,50.07047],[7.05688,50.070251],[7.057221,50.070482],[7.05757,50.070488],[7.057928,50.070269],[7.057937,50.070044],[7.058295,50.069825],[7.058322,50.069151],[7.058681,50.068932],[7.05869,50.068707],[7.059764,50.068051],[7.061125,50.068973],[7.061115,50.069198],[7.062136,50.069889],[7.062834,50.069901],[7.063192,50.069682],[7.063541,50.069688],[7.064616,50.069031],[7.064625,50.068807],[7.064974,50.068812],[7.065332,50.068593],[7.065681,50.068599],[7.06604,50.06838],[7.067785,50.068409],[7.068502,50.067972],[7.068547,50.066848],[7.068905,50.066629],[7.068914,50.066404],[7.069272,50.066185],[7.069281,50.065961],[7.069639,50.065742],[7.069988,50.065748],[7.071063,50.065091],[7.071761,50.065103],[7.072477,50.064665],[7.073175,50.064676],[7.073515,50.064907],[7.073865,50.064913],[7.074545,50.065374],[7.074894,50.065379],[7.075234,50.06561],[7.075583,50.065616],[7.076263,50.066077],[7.076612,50.066083],[7.077293,50.066544],[7.077642,50.066549],[7.077982,50.06678],[7.078331,50.066786],[7.078689,50.066567],[7.079038,50.066572],[7.079029,50.066797],[7.079378,50.066803],[7.079737,50.066584],[7.081133,50.066607],[7.081849,50.066169],[7.082547,50.066181],[7.082906,50.065962],[7.083255,50.065968],[7.083613,50.065749],[7.083953,50.065979],[7.084651,50.065991],[7.084991,50.066221],[7.08534,50.066227],[7.085681,50.066457]]}},
{"type":"Feature","properties":{"STRM_VAL":1.0,"max_accum":567847.0,"color":"#4873a6","weight":3.4},"geometry":{"type":"LineString","coordinates":[[7.085681,50.066457],[7.08603,50.066463],[7.08637,50.066694],[7.087417,50.066711],[7.088133,50.066273],[7.088169,50.065374],[7.087829,50.065144],[7.087838,50.064919],[7.087498,50.064688],[7.087149,50.064683],[7.087184,50.063784],[7.087542,50.063565],[7.087551,50.06334],[7.088267,50.062902],[7.088617,50.062908],[7.088975,50.062689],[7.092116,50.062741],[7.092457,50.062971],[7.092806,50.062977],[7.093486,50.063438],[7.093835,50.063443],[7.094516,50.063904],[7.096261,50.063933],[7.097693,50.063057],[7.097702,50.062832],[7.09806,50.062613],[7.098069,50.062389],[7.098427,50.06217],[7.098436,50.061945],[7.098794,50.061726],[7.098803,50.061501],[7.099501,50.061512],[7.100181,50.061973],[7.10053,50.061979],[7.102572,50.063362],[7.10293,50.063143],[7.102947,50.062693],[7.102607,50.062463],[7.102669,50.06089],[7.101989,50.060429],[7.102024,50.05953],[7.103456,50.058654],[7.103805,50.05866],[7.104879,50.058003]]}},
{"type":"Feature","properties":{"STRM_VAL":1.0,"max_accum":34666.0,"color":"#81afdb","weight":1.97},"geometry":{"type":"LineString","coordinates":[[6.852466,50.055179],[6.85111,50.054255],[6.85112,50.05403],[6.850781,50.053799],[6.850821,50.0529],[6.850482,50.052669],[6.850492,50.052444],[6.849814,50.051982],[6.849834,50.051533],[6.849157,50.05107],[6.84811,50.051051],[6.847771,50.05082],[6.847422,50.050813],[6.846405,50.05012],[6.846056,50.050113],[6.844362,50.048957],[6.844402,50.048059],[6.843385,50.047365],[6.843396,50.04714],[6.842718,50.046678],[6.842748,50.046004],[6.843825,50.045349],[6.843835,50.045125],[6.844194,50.044906],[6.844224,50.044232],[6.844583,50.044014],[6.845281,50.044027],[6.84564,50.043809],[6.847385,50.043841],[6.847744,50.043623],[6.847754,50.043398],[6.847076,50.042936],[6.847086,50.042711],[6.847445,50.042493],[6.847465,50.042044],[6.847126,50.041813],[6.847146,50.041363],[6.846469,50.040901],[6.84612,50.040894],[6.845781,50.040663],[6.845083,50.04065],[6.844067,50.039957],[6.843718,50.03995],[6.843379,50.039719],[6.843399,50.03927],[6.843758,50.039052],[6.843768,50.038827],[6.843429,50.038596],[6.843439,50.038371],[6.843798,50.038153],[6.843808,50.037928],[6.844167,50.03771],[6.843829,50.037479],[6.843849,50.037029],[6.844208,50.036811],[6.844556,50.036818],[6.845274,50.036381],[6.847367,50.03642],[6.847387,50.035971],[6.84671,50.035508],[6.847069,50.03529],[6.847766,50.035303],[6.848125,50.035085],[6.848474,50.035091],[6.848833,50.034873],[6.849182,50.03488],[6.850259,50.034225],[6.84992,50.033994],[6.84996,50.033095],[6.850319,50.032877],[6.850329,50.032652],[6.850688,50.032434],[6.851385,50.032447],[6.852821,50.031574]]}},
{"type":"Feature","properties":{"STRM_VAL":1.0,"max_accum":215471.0,"color":"#5c88b8","weight":2.91},"geometry":{"type":"LineString","coordinates":[[7.007629,50.061545],[7.008309,50.062007],[7.008299,50.062232],[7.008639,50.062462],[7.008988,50.062468],[7.010347,50.063391],[7.011395,50.063409],[7.011734,50.06364],[7.012084,50.063646],[7.012423,50.063876],[7.012772,50.063882],[7.013452,50.064344],[7.013433,50.064793],[7.013773,50.065024],[7.013755,50.065473],[7.013396,50.065692],[7.013378,50.066142],[7.013019,50.06636],[7.012954,50.067933],[7.013294,50.068164],[7.013276,50.068613],[7.015315,50.069997],[7.015305,50.070222],[7.015985,50.070684],[7.016334,50.07069],[7.016674,50.07092],[7.016665,50.071145],[7.018024,50.072068],[7.018373,50.072074],[7.019053,50.072535],[7.020101,50.072553],[7.020441,50.072784],[7.02079,50.072789],[7.02113,50.07302],[7.021479,50.073026],[7.021819,50.073257],[7.022168,50.073263]]}},
{"type":"Feature","properties":{"STRM_VAL":1.0,"max_accum":223496.0,"color":"#5b87b8","weight":2.93},"geometry":{"type":"LineString","coordinates":[[7.022168,50.073263],[7.022866,50.073275],[7.023206,50.073505],[7.023188,50.073955],[7.023886,50.073967],[7.024244,50.073748],[7.024263,50.073298],[7.024621,50.07308],[7.024667,50.071956],[7.025026,50.071737],[7.025375,50.071743],[7.026092,50.071306],[7.026441,50.071312],[7.02645,50.071087]]}},
{"type":"Feature","properties":{"STRM_VAL":1.0,"max_accum":62566.0,"color":"#75a2d0","weight":2.27},"geometry":{"type":"LineString","coordinates":[[7.343827,50.067056],[7.343789,50.068179],[7.343432,50.068399],[7.343416,50.068849],[7.343758,50.069078],[7.343727,50.069977],[7.344068,50.070207],[7.344037,50.071106],[7.343323,50.071546],[7.343308,50.071995],[7.342237,50.072655],[7.342221,50.073104],[7.341864,50.073324],[7.341841,50.073998],[7.342183,50.074228],[7.342175,50.074453],[7.342516,50.074682],[7.342509,50.074907],[7.343192,50.075367],[7.343184,50.075591],[7.34455,50.07651],[7.344542,50.076735],[7.345567,50.077424],[7.345543,50.078098],[7.345186,50.078318],[7.345163,50.078992],[7.344806,50.079212],[7.344767,50.080336],[7.344053,50.080776],[7.344015,50.081899],[7.345381,50.082818]]}},
{"type":"Feature","properties":{"STRM_VAL":1.0,"max_accum":48431.0,"color":"#7aa8d5","weight":2.14},"geometry":{"type":"LineString","coordinates":[[7.437002,50.070147],[7.436951,50.07172],[7.437635,50.072179],[7.43762,50.072629],[7.437962,50.072858],[7.437955,50.073083],[7.438297,50.073312],[7.438275,50.073987],[7.438617,50.074216],[7.438595,50.07489],[7.438937,50.07512],[7.439286,50.075124],[7.439628,50.075354],[7.439977,50.075359],[7.440319,50.075588],[7.440305,50.076038],[7.440647,50.076267],[7.440639,50.076492],[7.440981,50.076721],[7.440625,50.076941],[7.440617,50.077166],[7.441301,50.077625],[7.441287,50.078075],[7.441629,50.078304],[7.441607,50.078978],[7.441949,50.079208],[7.441942,50.079433],[7.441585,50.079653],[7.441563,50.080327],[7.44085,50.080767],[7.440843,50.080992],[7.440129,50.081432],[7.440108,50.082106],[7.44045,50.082336],[7.440442,50.08256],[7.440784,50.08279],[7.441134,50.082795],[7.44216,50.083483],[7.442152,50.083708],[7.443863,50.084855],[7.443855,50.08508],[7.444539,50.085539],[7.444525,50.085988],[7.444867,50.086218],[7.444852,50.086667],[7.445194,50.086897],[7.445187,50.087121],[7.445529,50.087351],[7.445507,50.088025],[7.445849,50.088255],[7.445828,50.088929],[7.445471,50.089149],[7.445464,50.089374],[7.444037,50.090254],[7.443986,50.091827],[7.444328,50.092057],[7.444321,50.092282],[7.444663,50.092511],[7.445013,50.092516],[7.445355,50.092745],[7.445704,50.09275],[7.445697,50.092975],[7.446381,50.093434],[7.446024,50.093654],[7.446017,50.093878]]}},
{"type":"Feature","properties":{"STRM_VAL":1.0,"max_accum":70262.0,"color":"#73a0ce","weight":2.33},"geometry":{"type":"LineString","coordinates":[[7.446017,50.093878],[7.445318,50.093869],[7.444605,50.094309],[7.444256,50.094305],[7.443542,50.094745],[7.441446,50.094717],[7.44042,50.094028],[7.44007,50.094023],[7.439728,50.093794],[7.439029,50.093785],[7.438687,50.093555],[7.438338,50.09355],[7.437654,50.093092],[7.434859,50.093054],[7.433432,50.093934],[7.433425,50.094159],[7.433068,50.094379],[7.432718,50.094374],[7.432362,50.094594],[7.432325,50.095718],[7.431255,50.096378],[7.431247,50.096603],[7.430534,50.097043],[7.429486,50.097029],[7.429144,50.096799],[7.429151,50.096575],[7.428467,50.096116],[7.428474,50.095891],[7.42779,50.095432],[7.427441,50.095427],[7.427084,50.095647],[7.425686,50.095628],[7.424973,50.096068],[7.424624,50.096064],[7.42284,50.097164],[7.422832,50.097388],[7.422119,50.097828],[7.421777,50.097599],[7.42142,50.097819],[7.421405,50.098268],[7.420691,50.098708],[7.419993,50.098699],[7.419636,50.098919],[7.419294,50.098689],[7.417896,50.09867],[7.417554,50.098441],[7.417205,50.098436],[7.416848,50.098656],[7.416498,50.098651],[7.415428,50.099311],[7.414402,50.098623],[7.414053,50.098618],[7.413711,50.098388],[7.413718,50.098164],[7.414432,50.097724],[7.414439,50.097499],[7.415153,50.097059],[7.415175,50.096385],[7.414833,50.096155],[7.414484,50.09615],[7.414142,50.095921],[7.413093,50.095906],[7.412737,50.096126],[7.412387,50.096122],[7.411673,50.096562],[7.411666,50.096786],[7.411309,50.097006],[7.411302,50.097231],[7.410231,50.097891],[7.410224,50.098116],[7.409867,50.098336],[7.408819,50.098321],[7.407451,50.097403],[7.407101,50.097398],[7.406388,50.097838]]}},
{"type":"Feature","properties":{"STRM_VAL":1.0,"max_accum":319595.0,"color":"#547fb1","weight":3.11},"geometry":{"type":"LineString","coordinates":[[7.406388,50.097838],[7.406373,50.098288],[7.406016,50.098508],[7.406008,50.098733],[7.405652,50.098953],[7.405637,50.099402],[7.40528,50.099622],[7.405272,50.099847],[7.404559,50.100287],[7.404209,50.100282],[7.403852,50.100502],[7.402105,50.100478],[7.401421,50.100019],[7.401429,50.099794],[7.401087,50.099564],[7.401094,50.09934],[7.400068,50.098651],[7.397972,50.098622],[7.397258,50.099062],[7.396909,50.099057],[7.396552,50.099277],[7.396202,50.099272],[7.395132,50.099932],[7.395124,50.100157],[7.394767,50.100377],[7.39476,50.100601],[7.394403,50.100821],[7.394395,50.101046],[7.392997,50.101027],[7.391972,50.100338],[7.391979,50.100113],[7.391637,50.099884],[7.391652,50.099434],[7.390969,50.098975],[7.390976,50.09875],[7.389928,50.098736],[7.389214,50.099175],[7.389206,50.0994],[7.38885,50.09962],[7.388842,50.099845],[7.388485,50.100065],[7.38847,50.100514],[7.388113,50.100734],[7.388105,50.100959],[7.387391,50.101399],[7.385644,50.101374],[7.384961,50.100915],[7.384983,50.100241],[7.385697,50.099801],[7.385705,50.099576],[7.386062,50.099356],[7.38572,50.099127],[7.38537,50.099122],[7.385029,50.098892],[7.383631,50.098873],[7.383274,50.099093],[7.381876,50.099073],[7.381519,50.099293],[7.38082,50.099283],[7.380463,50.099503],[7.380114,50.099498],[7.379043,50.100158],[7.379035,50.100383],[7.378678,50.100603],[7.378671,50.100827],[7.378314,50.101047],[7.378656,50.101277],[7.378648,50.101502],[7.37899,50.101731],[7.378982,50.101956],[7.379666,50.102415],[7.379628,50.103539],[7.379271,50.103759],[7.378922,50.103754],[7.378565,50.103974],[7.378215,50.103969],[7.377858,50.104189],[7.377509,50.104184],[7.377152,50.104404],[7.376802,50.104399],[7.375093,50.103251],[7.375101,50.103026],[7.374417,50.102567],[7.373718,50.102557],[7.373361,50.102777],[7.373012,50.102772],[7.372654,50.102992],[7.372305,50.102987],[7.372297,50.103212],[7.37194,50.103432],[7.371933,50.103656],[7.371576,50.103876],[7.371522,50.10545],[7.370808,50.105889],[7.370459,50.105884],[7.369744,50.106324],[7.369403,50.106094],[7.368704,50.106085],[7.368362,50.105855],[7.368377,50.105405],[7.368035,50.105176],[7.368043,50.104951],[7.367694,50.104946],[7.367336,50.105166],[7.367329,50.105391],[7.366972,50.10561],[7.366964,50.105835],[7.366607,50.106055],[7.366584,50.106729],[7.366227,50.106949],[7.366204,50.107623],[7.366546,50.107853],[7.366538,50.108078],[7.367222,50.108537],[7.367571,50.108542],[7.367548,50.109216],[7.367199,50.109211],[7.366842,50.109431],[7.366492,50.109426],[7.36615,50.109197],[7.366158,50.108972],[7.365474,50.108513],[7.36476,50.108952],[7.364411,50.108947],[7.363696,50.109387],[7.364038,50.109617],[7.364015,50.110291],[7.364357,50.110521],[7.364349,50.110745],[7.364691,50.110975],[7.365048,50.110755],[7.365398,50.11076],[7.365375,50.111434],[7.365717,50.111664],[7.365709,50.111889],[7.365352,50.112109],[7.365002,50.112104],[7.364661,50.111874],[7.364311,50.111869],[7.363969,50.111639],[7.36327,50.11163],[7.362928,50.1114],[7.36153,50.11138],[7.361189,50.111151],[7.360831,50.11137],[7.360132,50.11136],[7.359418,50.1118],[7.359069,50.111795],[7.359061,50.11202],[7.358704,50.11224],[7.358688,50.112689],[7.358331,50.112909],[7.358316,50.113359],[7.357267,50.113344],[7.35729,50.112669],[7.357647,50.11245],[7.357671,50.111775],[7.356987,50.111316],[7.355938,50.111301],[7.355931,50.111526],[7.355574,50.111746],[7.355497,50.113993],[7.354782,50.114433],[7.352335,50.114398],[7.351621,50.114838],[7.351271,50.114833],[7.351241,50.115732],[7.351582,50.115962],[7.351225,50.116181],[7.350526,50.116171],[7.350184,50.115942],[7.349835,50.115937],[7.348809,50.115248],[7.348452,50.115467],[7.348103,50.115462],[7.348072,50.116361],[7.348755,50.116821],[7.34874,50.11727],[7.349082,50.1175],[7.349058,50.118174],[7.348359,50.118164],[7.348017,50.117935],[7.348025,50.11771],[7.347,50.117021],[7.346285,50.11746],[7.346277,50.117685],[7.345563,50.118125],[7.345213,50.11812],[7.344856,50.118339],[7.344506,50.118334],[7.344149,50.118554],[7.344491,50.118784],[7.344483,50.119009],[7.344825,50.119238],[7.344817,50.119463],[7.344103,50.119903],[7.343753,50.119898],[7.343396,50.120117],[7.34338,50.120567],[7.343722,50.120797],[7.344072,50.120802],[7.344413,50.121031],[7.344406,50.121256],[7.344048,50.121476],[7.343349,50.121466],[7.343007,50.121236],[7.342658,50.121231],[7.342316,50.121001],[7.341966,50.120996],[7.341609,50.121216],[7.341601,50.121441],[7.341244,50.121661],[7.34119,50.123234],[7.340832,50.123454],[7.340825,50.123678],[7.34011,50.124118],[7.340094,50.124568],[7.340436,50.124797],[7.340428,50.125022],[7.341112,50.125481],[7.341104,50.125706],[7.341446,50.125936],[7.343194,50.125961],[7.343536,50.126191],[7.343513,50.126865],[7.342798,50.127304],[7.342448,50.127299],[7.342091,50.127519],[7.339993,50.127489],[7.339636,50.127709],[7.339605,50.128608],[7.340288,50.129068],[7.340281,50.129292],[7.339923,50.129512],[7.339224,50.129502],[7.337173,50.128124],[7.336474,50.128113],[7.336132,50.127884],[7.335433,50.127874],[7.334749,50.127414],[7.334399,50.127409],[7.334058,50.127179],[7.3337,50.127399],[7.333351,50.127394],[7.332993,50.127614],[7.332294,50.127604],[7.331952,50.127374],[7.33196,50.127149],[7.331618,50.126919],[7.330919,50.126909],[7.330235,50.12645],[7.329886,50.126445],[7.329544,50.126215],[7.329552,50.12599],[7.32921,50.125761],[7.329218,50.125536],[7.328876,50.125306],[7.327128,50.125281],[7.326771,50.125501],[7.326763,50.125725],[7.326405,50.125945],[7.326382,50.126619],[7.326024,50.126839],[7.326366,50.127069],[7.326009,50.127288],[7.325659,50.127283],[7.325302,50.127503],[7.324602,50.127493],[7.324245,50.127713],[7.324237,50.127938],[7.32388,50.128157],[7.323864,50.128607],[7.323149,50.129046],[7.323141,50.129271],[7.322426,50.12971],[7.32241,50.13016],[7.321695,50.130599],[7.320996,50.130589],[7.320639,50.130809],[7.320289,50.130804],[7.319932,50.131023],[7.319924,50.131248],[7.317779,50.132566],[7.317771,50.132791],[7.316341,50.13367],[7.316317,50.134344],[7.315959,50.134564],[7.315618,50.134334],[7.313869,50.134308],[7.313512,50.134528],[7.31317,50.134298],[7.31282,50.134293],[7.312478,50.134063],[7.312129,50.134058],[7.311771,50.134278],[7.311072,50.134268],[7.310357,50.134707],[7.310349,50.134932],[7.309991,50.135152],[7.309983,50.135376],[7.309626,50.135596],[7.309276,50.135591],[7.308203,50.13625],[7.308195,50.136475],[7.307838,50.136694],[7.30783,50.136919],[7.305684,50.138237],[7.305668,50.138686],[7.305319,50.138681],[7.305311,50.138906],[7.304238,50.139565],[7.30458,50.139795],[7.304556,50.140469],[7.304198,50.140689],[7.304174,50.141363],[7.303817,50.141583],[7.303801,50.142032],[7.303443,50.142252],[7.303093,50.142247],[7.302751,50.142017],[7.302402,50.142012],[7.301329,50.14267],[7.301321,50.142895],[7.299922,50.142875],[7.29958,50.142645],[7.29923,50.14264],[7.298873,50.142859],[7.298523,50.142854],[7.298165,50.143074],[7.297116,50.143058],[7.296758,50.143278],[7.29675,50.143503],[7.296035,50.143942],[7.296011,50.144616],[7.296695,50.145076],[7.297044,50.145081],[7.29807,50.145771],[7.298062,50.145996],[7.298403,50.146225],[7.298395,50.14645],[7.298737,50.14668],[7.298721,50.14713],[7.298364,50.147349],[7.298356,50.147574],[7.29764,50.148013],[7.297632,50.148238],[7.297274,50.148458],[7.297258,50.148907],[7.296909,50.148902],[7.296551,50.149121],[7.296201,50.149116],[7.295843,50.149336],[7.295819,50.15001],[7.296503,50.15047],[7.296853,50.150475],[7.29822,50.151395],[7.298212,50.151619],[7.297139,50.152278],[7.297131,50.152503],[7.296773,50.152723],[7.294674,50.152692],[7.294316,50.152911],[7.293967,50.152906],[7.293609,50.153126],[7.293601,50.153351],[7.293243,50.15357],[7.293585,50.1538],[7.293545,50.154924],[7.293195,50.154919],[7.293187,50.155143],[7.292829,50.155363],[7.293171,50.155593],[7.293155,50.156042],[7.293497,50.156272],[7.293847,50.156277],[7.294188,50.156507],[7.294888,50.156518],[7.29523,50.156747],[7.29558,50.156753],[7.295922,50.156982],[7.296271,50.156988],[7.296613,50.157217],[7.296605,50.157442],[7.296247,50.157662],[7.296199,50.15901],[7.296549,50.159015],[7.297233,50.159475],[7.297225,50.1597],[7.298251,50.16039],[7.298243,50.160614],[7.298926,50.161074],[7.299626,50.161084],[7.299968,50.161314],[7.301017,50.16133],[7.301359,50.161559],[7.301343,50.162009],[7.300986,50.162229],[7.300978,50.162453],[7.30062,50.162673],[7.29992,50.162663],[7.298847,50.163322],[7.298815,50.16422],[7.299498,50.16468],[7.29949,50.164905],[7.300174,50.165365],[7.299816,50.165584],[7.300158,50.165814],[7.30015,50.166039],[7.299077,50.166698],[7.298377,50.166688],[7.298019,50.166907],[7.297669,50.166902],[7.297311,50.167122]]}},
{"type":"Feature","properties":{"STRM_VAL":1.0,"max_accum":14823.0,"color":"#92c1eb","weight":1.54},"geometry":{"type":"LineString","coordinates":[[6.644532,50.057441],[6.64462,50.055643],[6.64534,50.055208],[6.645417,50.053636],[6.647216,50.052548],[6.647565,50.052555],[6.647925,50.052337],[6.648623,50.052351],[6.648983,50.052134],[6.649332,50.052141],[6.650052,50.051706]]}},
{"type":"Feature","properties":{"STRM_VAL":1.0,"max_accum":43664.0,"color":"#7caad7","weight":2.09},"geometry":{"type":"LineString","coordinates":[[6.650052,50.051706],[6.650107,50.050582],[6.649769,50.050351],[6.649802,50.049677],[6.65015,50.049684],[6.650183,50.04901],[6.650543,50.048792],[6.650554,50.048568],[6.650903,50.048575],[6.651623,50.048139],[6.651285,50.047908],[6.652005,50.047472],[6.652016,50.047248],[6.652375,50.04703],[6.652397,50.046581],[6.652757,50.046363],[6.65279,50.045689],[6.65315,50.045472],[6.653499,50.045479],[6.654578,50.044826],[6.654927,50.044833],[6.655287,50.044615],[6.655636,50.044622],[6.655996,50.044405],[6.656345,50.044412],[6.657064,50.043977],[6.657762,50.043991],[6.658122,50.043773],[6.658819,50.043787],[6.659179,50.04357],[6.659877,50.043584],[6.660215,50.043815],[6.660913,50.043829],[6.66125,50.044061],[6.662646,50.044089],[6.662984,50.044321],[6.663333,50.044328],[6.663693,50.04411],[6.66403,50.044342],[6.66717,50.044405],[6.66753,50.044188],[6.667879,50.044195],[6.668239,50.043977],[6.668588,50.043984],[6.669307,50.043549],[6.669329,50.043099],[6.669689,50.042882],[6.669699,50.042657],[6.670419,50.042222],[6.67043,50.041997],[6.670789,50.041779],[6.671836,50.0418],[6.672196,50.041583],[6.673242,50.041604],[6.673962,50.041168],[6.673973,50.040944],[6.677569,50.038767],[6.677918,50.038774],[6.678278,50.038556],[6.678627,50.038563],[6.678986,50.038346],[6.679335,50.038353],[6.679346,50.038128],[6.680785,50.037257],[6.680817,50.036583],[6.681177,50.036365],[6.681209,50.035691],[6.681569,50.035474],[6.68158,50.035249],[6.681939,50.035031],[6.682288,50.035038],[6.683727,50.034168],[6.683737,50.033943],[6.684097,50.033725],[6.684108,50.033501],[6.685906,50.032412],[6.685917,50.032187],[6.686636,50.031752],[6.686647,50.031527],[6.687344,50.031541],[6.687704,50.031323],[6.687715,50.031099],[6.688074,50.030881],[6.688772,50.030895],[6.690929,50.029589],[6.691278,50.029596],[6.692356,50.028942],[6.692705,50.028949],[6.693424,50.028514],[6.693435,50.028289],[6.693794,50.028071],[6.693805,50.027847],[6.694165,50.027629],[6.695211,50.02765],[6.695571,50.027432],[6.696268,50.027446],[6.696628,50.027228],[6.696976,50.027235],[6.698774,50.026146],[6.699122,50.026153],[6.699482,50.025936],[6.699831,50.025942],[6.70019,50.025725]]}},
{"type":"Feature","properties":{"STRM_VAL":1.0,"max_accum":81399.0,"color":"#709dcb","weight":2.41},"geometry":{"type":"LineString","coordinates":[[6.70019,50.025725],[6.700909,50.025289],[6.70092,50.025065],[6.700582,50.024833],[6.700614,50.024159],[6.700973,50.023941],[6.700635,50.02371],[6.700646,50.023485],[6.700308,50.023253],[6.700319,50.023029],[6.699981,50.022797],[6.699632,50.02279],[6.699643,50.022566],[6.700362,50.02213],[6.700373,50.021905],[6.700721,50.021912],[6.701081,50.021695],[6.701429,50.021701],[6.702148,50.021266],[6.702497,50.021273],[6.703575,50.02062],[6.703237,50.020388],[6.703597,50.02017],[6.703618,50.019721],[6.705415,50.018632],[6.705764,50.018639],[6.706842,50.017986],[6.707539,50.017999],[6.707899,50.017782],[6.708247,50.017788],[6.708607,50.017571],[6.708618,50.017346],[6.709696,50.016693],[6.710044,50.0167],[6.710763,50.016264],[6.710774,50.016039],[6.710436,50.015808],[6.710446,50.015583],[6.70977,50.01512],[6.709781,50.014895],[6.708767,50.014201],[6.708799,50.013527],[6.709159,50.013309],[6.709507,50.013316],[6.709867,50.013098],[6.710564,50.013112],[6.711283,50.012676],[6.711293,50.012451],[6.711653,50.012234],[6.711663,50.012009],[6.711325,50.011777],[6.711336,50.011553],[6.713132,50.010464],[6.713481,50.010471],[6.71384,50.010253],[6.713862,50.009804],[6.713524,50.009572],[6.712827,50.009558],[6.712151,50.009095],[6.712172,50.008646],[6.712531,50.008428],[6.712542,50.008203],[6.712891,50.00821],[6.713968,50.007557],[6.714,50.006883],[6.71436,50.006665],[6.714381,50.006216],[6.71474,50.005998],[6.715437,50.006012],[6.715775,50.006243],[6.71717,50.006271],[6.717529,50.006053],[6.71754,50.005828],[6.717899,50.00561],[6.71791,50.005386],[6.717572,50.005154],[6.717582,50.004929],[6.717244,50.004698],[6.717255,50.004473],[6.716579,50.00401],[6.7166,50.003561],[6.716262,50.003329],[6.716981,50.002894],[6.717329,50.0029],[6.71734,50.002676],[6.717699,50.002458],[6.71771,50.002233],[6.718428,50.001798],[6.716063,50.000177],[6.716084,49.999728],[6.715746,49.999496],[6.715789,49.998597],[6.716148,49.99838],[6.71618,49.997706],[6.716539,49.997488],[6.71655,49.997263],[6.716212,49.997032],[6.716571,49.996814],[6.716582,49.996589],[6.716941,49.996371],[6.716952,49.996147],[6.7173,49.996153],[6.718019,49.995718],[6.718029,49.995493],[6.718388,49.995275],[6.719085,49.995289],[6.719445,49.995071],[6.72049,49.995092],[6.720849,49.994874],[6.722592,49.994908],[6.722613,49.994459],[6.722275,49.994227],[6.722286,49.994003],[6.72161,49.99354],[6.721663,49.992416],[6.722022,49.992198],[6.722033,49.991974],[6.72311,49.99132],[6.723807,49.991334],[6.724885,49.99068],[6.724895,49.990456],[6.724557,49.990224],[6.72461,49.989101],[6.724969,49.988883],[6.724631,49.988652],[6.724642,49.988427],[6.725001,49.988209],[6.725012,49.987984],[6.725371,49.987766],[6.725719,49.987773],[6.726078,49.987555],[6.726427,49.987562],[6.726786,49.987344],[6.726807,49.986895],[6.727166,49.986677],[6.727198,49.986003],[6.728275,49.98535],[6.728286,49.985125],[6.728645,49.984907],[6.728993,49.984914],[6.729711,49.984478],[6.729732,49.984029],[6.730091,49.983811],[6.73044,49.983818],[6.731517,49.983164],[6.732214,49.983178],[6.732932,49.982742],[6.732942,49.982518],[6.733301,49.9823],[6.732963,49.982068],[6.733322,49.98185],[6.733671,49.981857],[6.733681,49.981632],[6.734399,49.981197],[6.73441,49.980972],[6.734769,49.980754],[6.73478,49.98053],[6.735139,49.980312],[6.735149,49.980087],[6.735508,49.979869],[6.735519,49.979644],[6.736595,49.978991],[6.737641,49.979011],[6.738,49.978793],[6.738348,49.9788],[6.740502,49.977493],[6.741547,49.977513],[6.742265,49.977077],[6.74331,49.977098],[6.743648,49.977329],[6.744345,49.977343],[6.744683,49.977574],[6.746076,49.977601],[6.746435,49.977383],[6.747132,49.977397],[6.74747,49.977628],[6.747818,49.977635],[6.748832,49.978329],[6.750922,49.97837],[6.751281,49.978152],[6.75163,49.978159],[6.751968,49.97839],[6.752326,49.978172],[6.753023,49.978186]]}},
{"type":"Feature","properties":{"STRM_VAL":1.0,"max_accum":5309144.0,"color":"#1a437c","weight":4.55},"geometry":{"type":"LineString","coordinates":[[7.178917,50.067508],[7.178883,50.068407],[7.179564,50.068868],[7.179547,50.069317],[7.179888,50.069547],[7.179837,50.070896],[7.178406,50.071773],[7.177009,50.071751],[7.176652,50.07197],[7.175255,50.071948],[7.174897,50.072167],[7.174557,50.071937],[7.174208,50.071932],[7.173867,50.071701],[7.173169,50.07169],[7.172811,50.07191],[7.172462,50.071904],[7.171746,50.072343],[7.169651,50.07231],[7.16931,50.072079],[7.168263,50.072063],[7.167922,50.071833],[7.166526,50.07181],[7.166185,50.07158],[7.164788,50.071558],[7.164448,50.071328],[7.1634,50.071311],[7.163042,50.071531],[7.162344,50.071519],[7.161986,50.071739],[7.16059,50.071717],[7.160232,50.071936],[7.159883,50.07193],[7.159525,50.072149],[7.159176,50.072144],[7.15846,50.072582],[7.158111,50.072577],[7.157395,50.073015],[7.157046,50.07301],[7.156331,50.073448],[7.155981,50.073442],[7.155266,50.073881],[7.154917,50.073875],[7.153485,50.074752],[7.153136,50.074746],[7.152796,50.074516],[7.151748,50.074499],[7.150674,50.075157],[7.150666,50.075382],[7.14995,50.07582],[7.149924,50.076494],[7.149208,50.076932],[7.1492,50.077157],[7.148484,50.077595],[7.147436,50.077579],[7.147078,50.077798],[7.146729,50.077792],[7.146371,50.078012],[7.145324,50.077995],[7.144966,50.078214],[7.144617,50.078208],[7.143901,50.078647],[7.143892,50.078871],[7.142461,50.079748],[7.142452,50.079973],[7.141736,50.080411],[7.141727,50.080636],[7.141011,50.081074],[7.141003,50.081299],[7.140645,50.081518],[7.140627,50.081967],[7.140269,50.082186],[7.140252,50.082636],[7.140593,50.082866],[7.140235,50.083085],[7.140174,50.084658],[7.139816,50.084878],[7.139807,50.085102],[7.139449,50.085321],[7.13979,50.085552],[7.139432,50.085771],[7.139414,50.08622],[7.138698,50.086659],[7.138349,50.086653],[7.136559,50.087749],[7.13621,50.087743],[7.135852,50.087962],[7.135503,50.087957],[7.135494,50.088181],[7.135834,50.088412],[7.135808,50.089086],[7.13545,50.089305]]}},
{"type":"Feature","properties":{"STRM_VAL":1.0,"max_accum":48045.0,"color":"#7aa8d5","weight":2.14},"geometry":{"type":"LineString","coordinates":[[7.290245,50.070776],[7.289197,50.07076],[7.28884,50.07098],[7.288142,50.07097],[7.287784,50.071189],[7.286737,50.071174],[7.286022,50.071613],[7.286014,50.071838],[7.2853,50.072277],[7.284959,50.072047],[7.28461,50.072042],[7.284268,50.071812],[7.283919,50.071807],[7.283578,50.071577],[7.280784,50.071536],[7.280443,50.071306],[7.280094,50.0713],[7.279753,50.071071],[7.279055,50.07106],[7.278697,50.07128],[7.278356,50.07105],[7.278007,50.071045],[7.277666,50.070815],[7.273126,50.070747],[7.272785,50.070517],[7.272087,50.070507],[7.27173,50.070726],[7.269984,50.0707],[7.269643,50.070471],[7.269293,50.070465],[7.268611,50.070005],[7.268262,50.07],[7.267239,50.06931],[7.26689,50.069305],[7.266207,50.068845],[7.265858,50.06884],[7.265517,50.06861],[7.265168,50.068605],[7.264145,50.067915],[7.263796,50.06791],[7.263455,50.06768],[7.260312,50.067633],[7.259971,50.067403],[7.259622,50.067397],[7.258599,50.066707],[7.25825,50.066702],[7.257568,50.066242],[7.256171,50.066221],[7.25583,50.065991],[7.254433,50.06597],[7.254092,50.06574],[7.253045,50.065725],[7.252688,50.065944],[7.252339,50.065939],[7.251624,50.066378]]}},
{"type":"Feature","properties":{"STRM_VAL":1.0,"max_accum":18518.0,"color":"#8ebde7","weight":1.65},"geometry":{"type":"LineString","coordinates":[[6.755625,50.06459],[6.757063,50.063719],[6.757074,50.063494],[6.758152,50.06284],[6.758163,50.062616],[6.759241,50.061962],[6.75959,50.061968],[6.75995,50.061751],[6.759971,50.061301],[6.759632,50.06107],[6.759653,50.06062],[6.76145,50.059531],[6.763195,50.059564],[6.763534,50.059796],[6.763883,50.059802],[6.76456,50.060265],[6.765607,50.060285],[6.765946,50.060517],[6.766295,50.060524],[6.766633,50.060755],[6.766982,50.060762],[6.767321,50.060993],[6.768019,50.061007],[6.768357,50.061238],[6.771498,50.061298],[6.771858,50.06108],[6.772207,50.061087],[6.772566,50.060869],[6.772915,50.060876],[6.773254,50.061107],[6.774301,50.061127],[6.77464,50.061359],[6.776385,50.061392],[6.776744,50.061174],[6.777093,50.061181],[6.777432,50.061412],[6.77813,50.061425],[6.778468,50.061657],[6.779166,50.06167],[6.779505,50.061902],[6.780203,50.061915],[6.780542,50.062146],[6.782985,50.062193],[6.783324,50.062424],[6.784371,50.062444],[6.784709,50.062676],[6.785407,50.062689],[6.785746,50.06292],[6.786444,50.062934],[6.786783,50.063165],[6.787481,50.063178],[6.78782,50.06341],[6.794451,50.063536],[6.794811,50.063318],[6.795149,50.063549],[6.796895,50.063582],[6.797233,50.063814],[6.797931,50.063827],[6.79827,50.064058],[6.799317,50.064078],[6.799656,50.064309],[6.800354,50.064323],[6.800693,50.064554],[6.801391,50.064567],[6.80173,50.064798]]}},
{"type":"Feature","properties":{"STRM_VAL":1.0,"max_accum":133300.0,"color":"#6692c2","weight":2.66},"geometry":{"type":"LineString","coordinates":[[6.80173,50.064798],[6.802079,50.064805],[6.803095,50.065499],[6.80484,50.065532],[6.805179,50.065763],[6.805877,50.065776],[6.806216,50.066008],[6.807263,50.066028],[6.807602,50.066259],[6.807951,50.066265]]}},
{"type":"Feature","properties":{"STRM_VAL":1.0,"max_accum":360357.0,"color":"#517daf","weight":3.17},"geometry":{"type":"LineString","coordinates":[[6.807951,50.066265],[6.808998,50.066285],[6.809337,50.066516],[6.810384,50.066536],[6.810723,50.066767],[6.812468,50.0668],[6.813546,50.066146],[6.813567,50.065697],[6.813228,50.065465],[6.813248,50.065016],[6.812909,50.064785],[6.81293,50.064335],[6.812591,50.064104],[6.812601,50.06388],[6.81332,50.063443],[6.813669,50.06345],[6.814387,50.063014]]}},
{"type":"Feature","properties":{"STRM_VAL":1.0,"max_accum":384521.0,"color":"#507bad","weight":3.2},"geometry":{"type":"LineString","coordinates":[[6.814387,50.063014],[6.815106,50.062577],[6.815455,50.062584],[6.815814,50.062366],[6.816163,50.062372],[6.816882,50.061936],[6.816892,50.061712],[6.815875,50.061018],[6.815177,50.061005],[6.814839,50.060773],[6.814859,50.060324],[6.815218,50.060106],[6.816614,50.060132],[6.816953,50.060363],[6.817302,50.06037],[6.817641,50.060601],[6.81799,50.060608],[6.818329,50.060839],[6.818678,50.060846],[6.819017,50.061077],[6.819366,50.061083],[6.819705,50.061315],[6.82145,50.061347],[6.822168,50.060911],[6.822188,50.060462],[6.82185,50.060231],[6.82186,50.060006],[6.821521,50.059775],[6.821531,50.05955],[6.821192,50.059319],[6.820843,50.059312],[6.819827,50.058618],[6.819478,50.058612],[6.8188,50.058149],[6.818451,50.058143],[6.818112,50.057912],[6.817763,50.057905],[6.817424,50.057674],[6.814982,50.057628],[6.813626,50.056703],[6.813637,50.056478],[6.813986,50.056485],[6.814345,50.056267],[6.815741,50.056293],[6.8161,50.056075],[6.816798,50.056088],[6.817157,50.05587],[6.817506,50.055876],[6.817865,50.055658],[6.817875,50.055433],[6.818594,50.054997],[6.818604,50.054773],[6.819322,50.054336],[6.819333,50.054112],[6.818994,50.05388],[6.817947,50.053861],[6.817588,50.054079],[6.817239,50.054072],[6.816879,50.05429],[6.815484,50.054264],[6.815145,50.054033],[6.814796,50.054026],[6.814118,50.053564],[6.814129,50.053339],[6.81379,50.053108],[6.814149,50.05289],[6.81418,50.052216],[6.815257,50.051561],[6.815267,50.051337],[6.816345,50.050682],[6.816694,50.050689],[6.817412,50.050253],[6.817432,50.049803],[6.816755,50.049341],[6.816406,50.049334],[6.816067,50.049103],[6.815718,50.049096],[6.81538,50.048865],[6.815031,50.048858],[6.814353,50.048396],[6.814374,50.047947],[6.815451,50.047292],[6.8158,50.047299],[6.816159,50.047081],[6.816508,50.047087],[6.816867,50.046869],[6.817216,50.046876],[6.817575,50.046658],[6.817924,50.046664],[6.818283,50.046446],[6.818632,50.046453],[6.81935,50.046016],[6.81936,50.045792],[6.816312,50.04371],[6.816322,50.043486],[6.815645,50.043023],[6.815655,50.042799],[6.816373,50.042362],[6.817071,50.042375],[6.818764,50.043532],[6.818754,50.043756],[6.819432,50.044219],[6.82013,50.044232],[6.820489,50.044014],[6.820519,50.04334],[6.82018,50.043109],[6.820191,50.042884],[6.819852,50.042653],[6.819862,50.042428],[6.819523,50.042197],[6.819534,50.041972],[6.818856,50.041509],[6.818866,50.041285],[6.819225,50.041067],[6.819236,50.040842],[6.819954,50.040406],[6.820303,50.040412],[6.821021,50.039976],[6.821041,50.039527],[6.820364,50.039064],[6.820015,50.039058],[6.819676,50.038826],[6.819717,50.037928],[6.820076,50.037709],[6.820086,50.037485]]}},
{"type":"Feature","properties":{"STRM_VAL":1.0,"max_accum":18518.0,"color":"#8ebde7","weight":1.65},"geometry":{"type":"LineString","coordinates":[[6.798824,50.067217],[6.799183,50.066999],[6.799245,50.065651],[6.799964,50.065215],[6.800313,50.065221],[6.800672,50.065003],[6.80137,50.065016],[6.80173,50.064798]]}},
{"type":"Feature","properties":{"STRM_VAL":1.0,"max_accum":14823.0,"color":"#92c1eb","weight":1.54},"geometry":{"type":"LineString","coordinates":[[6.65598,50.066218],[6.65634,50.066],[6.656689,50.066008],[6.657049,50.06579],[6.65706,50.065565],[6.65778,50.06513],[6.657791,50.064905],[6.659231,50.064035],[6.659253,50.063586],[6.659613,50.063368],[6.659656,50.062469],[6.65898,50.062006],[6.658991,50.061781],[6.658653,50.06155],[6.658675,50.0611],[6.657999,50.060637],[6.65801,50.060412],[6.657672,50.06018],[6.657683,50.059956],[6.657007,50.059492],[6.657029,50.059043],[6.656691,50.058811],[6.656702,50.058587],[6.655012,50.057428],[6.655023,50.057203],[6.654347,50.05674],[6.654379,50.056066],[6.653365,50.055371],[6.653016,50.055364],[6.652679,50.055132],[6.6527,50.054683],[6.652362,50.054451],[6.652373,50.054226],[6.652035,50.053995],[6.652046,50.05377],[6.651708,50.053538],[6.651719,50.053314],[6.650368,50.052387],[6.65039,50.051937],[6.650052,50.051706]]}},
{"type":"Feature","properties":{"STRM_VAL":1.0,"max_accum":36491.0,"color":"#80aeda","weight":2.0},"geometry":{"type":"LineString","coordinates":[[7.474397,50.080763],[7.473698,50.080754],[7.472985,50.081194],[7.472287,50.081185],[7.471574,50.081625],[7.470875,50.081616],[7.469449,50.082497],[7.469435,50.082946],[7.469078,50.083167],[7.469064,50.083616],[7.468708,50.083836],[7.4687,50.084061],[7.467987,50.084501],[7.46798,50.084726],[7.467282,50.084717],[7.466925,50.084937],[7.466227,50.084928],[7.46587,50.085148],[7.465521,50.085143],[7.464451,50.085804],[7.464437,50.086253],[7.463724,50.086694],[7.461628,50.086666],[7.461271,50.086886],[7.460922,50.086881],[7.458426,50.088422],[7.458077,50.088418],[7.457007,50.089078],[7.457,50.089303],[7.45593,50.089963],[7.455581,50.089959],[7.455224,50.090179],[7.454875,50.090174],[7.454518,50.090394],[7.454169,50.090389],[7.453812,50.09061],[7.453805,50.090834],[7.453448,50.091054],[7.453427,50.091729],[7.453769,50.091958],[7.453754,50.092408],[7.453398,50.092628],[7.453383,50.093077],[7.453027,50.093297],[7.453019,50.093522],[7.453361,50.093752],[7.45334,50.094426],[7.453682,50.094655],[7.453653,50.095554]]}},
{"type":"Feature","properties":{"STRM_VAL":1.0,"max_accum":48431.0,"color":"#7aa8d5","weight":2.14},"geometry":{"type":"LineString","coordinates":[[7.453653,50.095554],[7.453296,50.095775],[7.453282,50.096224],[7.452925,50.096444],[7.452576,50.096439],[7.452234,50.09621],[7.451884,50.096205],[7.450516,50.095288],[7.450166,50.095283],[7.44914,50.094595],[7.44879,50.09459],[7.448448,50.094361],[7.448099,50.094356],[7.447757,50.094127],[7.447407,50.094122],[7.447065,50.093892],[7.446017,50.093878]]}},
{"type":"Feature","properties":{"STRM_VAL":1.0,"max_accum":225832.0,"color":"#5b87b8","weight":2.93},"geometry":{"type":"LineString","coordinates":[[6.852072,50.071813],[6.851025,50.071794],[6.850306,50.07223],[6.84891,50.072204],[6.848571,50.071973],[6.848212,50.072191],[6.847513,50.072178],[6.847503,50.072403],[6.847154,50.072396],[6.846795,50.072615],[6.846446,50.072608],[6.846107,50.072377],[6.845059,50.072358],[6.84472,50.072126],[6.844022,50.072113],[6.843683,50.071882],[6.843334,50.071876],[6.842995,50.071645],[6.842646,50.071638],[6.842307,50.071407],[6.841609,50.071394],[6.84127,50.071163],[6.840921,50.071156],[6.840582,50.070925],[6.840232,50.070919],[6.839893,50.070687],[6.839544,50.070681],[6.839205,50.07045],[6.838856,50.070443],[6.838517,50.070212],[6.837819,50.070199],[6.83748,50.069968],[6.837131,50.069961],[6.836453,50.069499],[6.835755,50.069486],[6.835416,50.069255],[6.834718,50.069242],[6.834379,50.06901],[6.83403,50.069004],[6.833691,50.068773],[6.833342,50.068766],[6.833003,50.068535],[6.832654,50.068528],[6.832315,50.068297],[6.831617,50.068284],[6.8306,50.067591],[6.830251,50.067584],[6.829912,50.067353],[6.829563,50.067346],[6.829224,50.067115],[6.829234,50.06689],[6.828885,50.066884],[6.828546,50.066653],[6.825404,50.066594],[6.825045,50.066812],[6.824696,50.066805],[6.824337,50.067024],[6.823639,50.06701],[6.822961,50.066548],[6.822971,50.066323]]}},
{"type":"Feature","properties":{"STRM_VAL":1.0,"max_accum":360357.0,"color":"#517daf","weight":3.17},"geometry":{"type":"LineString","coordinates":[[6.822971,50.066323],[6.822293,50.065861],[6.821595,50.065848],[6.820877,50.066284],[6.820866,50.066509],[6.820507,50.066727],[6.820497,50.066951],[6.819778,50.067388],[6.819429,50.067381],[6.81909,50.06715],[6.819101,50.066925],[6.818403,50.066912],[6.818043,50.06713],[6.817694,50.067124],[6.816678,50.06643],[6.817037,50.066212],[6.816698,50.065981],[6.816708,50.065756],[6.816369,50.065525],[6.81639,50.065075],[6.816051,50.064844],[6.81641,50.064626],[6.816759,50.064632],[6.817119,50.064414],[6.818515,50.064441],[6.818874,50.064222],[6.818884,50.063998],[6.818206,50.063535],[6.81681,50.063509],[6.816451,50.063727],[6.815055,50.063701],[6.814377,50.063238],[6.814387,50.063014]]}},
{"type":"Feature","properties":{"STRM_VAL":1.0,"max_accum":289175.0,"color":"#5682b3","weight":3.06},"geometry":{"type":"LineString","coordinates":[[7.081804,50.076063],[7.081813,50.075838],[7.081473,50.075608],[7.081482,50.075383],[7.080801,50.074922],[7.08081,50.074697],[7.08013,50.074236],[7.080202,50.072438],[7.079861,50.072208],[7.07987,50.071983],[7.080228,50.071764],[7.080273,50.070641],[7.080631,50.070422],[7.08064,50.070197],[7.080999,50.069978],[7.081008,50.069753],[7.085305,50.067126],[7.085331,50.066452],[7.085681,50.066457]]}},
{"type":"Feature","properties":{"STRM_VAL":1.0,"max_accum":21421.0,"color":"#8bb9e4","weight":1.73},"geometry":{"type":"LineString","coordinates":[[7.503256,50.085411],[7.502906,50.085407],[7.50255,50.085627],[7.502201,50.085622],[7.501844,50.085843],[7.501146,50.085834],[7.500789,50.086054],[7.500782,50.086279],[7.500426,50.086499],[7.500405,50.087173],[7.500048,50.087394],[7.499699,50.087389],[7.499343,50.087609],[7.498993,50.087605],[7.498637,50.087825],[7.497938,50.087816],[7.497582,50.088036],[7.497233,50.088032],[7.496876,50.088252],[7.496527,50.088247],[7.49617,50.088468],[7.495821,50.088463],[7.495465,50.088683],[7.495115,50.088679],[7.494402,50.089119],[7.494053,50.089115],[7.493697,50.089335],[7.493347,50.089331],[7.492635,50.089771],[7.491936,50.089762],[7.490867,50.090423],[7.490517,50.090418],[7.490161,50.090638],[7.489462,50.090629],[7.489106,50.090849],[7.488407,50.09084],[7.48805,50.091061],[7.487701,50.091056],[7.486988,50.091496],[7.486646,50.091267],[7.486296,50.091263],[7.485583,50.091703],[7.484885,50.091694],[7.484528,50.091914],[7.48383,50.091905],[7.483487,50.091676],[7.482439,50.091662],[7.482083,50.091882],[7.481384,50.091873],[7.481027,50.092093],[7.476485,50.092034],[7.475772,50.092474],[7.475074,50.092465],[7.474717,50.092685],[7.474368,50.09268],[7.474011,50.092901],[7.473662,50.092896],[7.472236,50.093777],[7.472229,50.094001],[7.471159,50.094662],[7.47046,50.094653],[7.469747,50.095093],[7.46974,50.095318],[7.469383,50.095538],[7.469041,50.095309],[7.468684,50.095529],[7.468335,50.095524],[7.468328,50.095749],[7.467615,50.096189],[7.466916,50.09618],[7.466559,50.0964],[7.46621,50.096396],[7.46514,50.097056],[7.465119,50.09773],[7.464762,50.09795]]}},
{"type":"Feature","properties":{"STRM_VAL":1.0,"max_accum":36491.0,"color":"#80aeda","weight":2.0},"geometry":{"type":"LineString","coordinates":[[7.464762,50.09795],[7.464405,50.098171],[7.464056,50.098166],[7.463699,50.098386],[7.463001,50.098377],[7.462658,50.098147],[7.462665,50.097923],[7.462323,50.097693],[7.462345,50.097019],[7.462701,50.096799],[7.462359,50.09657],[7.462374,50.09612],[7.461675,50.096111],[7.461333,50.095881],[7.459586,50.095858],[7.458217,50.094941],[7.457518,50.094931],[7.457176,50.094702],[7.456826,50.094697],[7.456113,50.095137],[7.454716,50.095119],[7.454002,50.095559],[7.453653,50.095554]]}},
{"type":"Feature","properties":{"STRM_VAL":1.0,"max_accum":13917.0,"color":"#94c3ec","weight":1.51},"geometry":{"type":"LineString","coordinates":[[6.55239,50.069701],[6.55275,50.069484],[6.552762,50.069259],[6.553122,50.069042],[6.553471,50.069049],[6.553832,50.068832],[6.555926,50.068876]]}},
{"type":"Feature","properties":{"STRM_VAL":1.0,"max_accum":658572.0,"color":"#4570a3","weight":3.48},"geometry":{"type":"LineString","coordinates":[[6.555926,50.068876],[6.556286,50.068659],[6.556635,50.068666],[6.556996,50.068449],[6.557007,50.068224],[6.557367,50.068007],[6.557379,50.067782],[6.557041,50.06755],[6.557053,50.067326],[6.556715,50.067094],[6.556726,50.066869],[6.556389,50.066637],[6.556423,50.065963],[6.557144,50.065528],[6.557155,50.065304],[6.557516,50.065086],[6.557865,50.065094],[6.558225,50.064877],[6.558237,50.064652],[6.559318,50.064],[6.560365,50.064022],[6.560702,50.064254],[6.561051,50.064261],[6.562064,50.064957],[6.562413,50.064965],[6.562751,50.065197],[6.563449,50.065211],[6.563809,50.064994],[6.564158,50.065001],[6.564879,50.064567],[6.56802,50.064632],[6.568357,50.064864],[6.568706,50.064872],[6.569044,50.065104],[6.569742,50.065118],[6.570102,50.064901],[6.570451,50.064908],[6.571172,50.064474],[6.57187,50.064488],[6.57223,50.064271],[6.573277,50.064293],[6.573998,50.063858],[6.574009,50.063633],[6.573672,50.063402],[6.573323,50.063394],[6.572647,50.06293],[6.572659,50.062706],[6.573019,50.062488],[6.573064,50.06159],[6.573425,50.061372],[6.573087,50.06114],[6.573132,50.060242],[6.573493,50.060025],[6.573572,50.058452],[6.573932,50.058235],[6.574281,50.058242],[6.574641,50.058025],[6.57499,50.058032],[6.576071,50.05738],[6.57615,50.055807],[6.576511,50.05559],[6.576522,50.055365],[6.576882,50.055148],[6.576905,50.054699],[6.577265,50.054481],[6.577299,50.053807],[6.57838,50.053155],[6.578391,50.052931],[6.579112,50.052496],[6.579123,50.052271],[6.579483,50.052054],[6.579145,50.051822],[6.579506,50.051605],[6.579732,50.047112],[6.581172,50.046242],[6.583614,50.046293],[6.583975,50.046076]]}},
{"type":"Feature","properties":{"STRM_VAL":1.0,"max_accum":70262.0,"color":"#73a0ce","weight":2.33},"geometry":{"type":"LineString","coordinates":[[7.409258,50.085061],[7.408188,50.08572],[7.40714,50.085706],[7.406783,50.085926],[7.406434,50.085921],[7.406077,50.086141],[7.405727,50.086136],[7.405014,50.086576],[7.404665,50.086572],[7.403951,50.087011],[7.403943,50.087236],[7.403587,50.087456],[7.403579,50.087681],[7.403921,50.08791],[7.403906,50.08836],[7.404248,50.08859],[7.404226,50.089264],[7.403869,50.089484],[7.403861,50.089709],[7.403148,50.090148],[7.40314,50.090373],[7.401713,50.091253],[7.401661,50.092826],[7.402344,50.093285],[7.402337,50.09351],[7.402679,50.09374],[7.402664,50.094189],[7.403006,50.094419],[7.402991,50.094868],[7.403333,50.095098],[7.403325,50.095323],[7.403667,50.095552],[7.40366,50.095777],[7.404002,50.096007],[7.403994,50.096231],[7.404336,50.096461],[7.404329,50.096686],[7.404671,50.096915],[7.40502,50.09692],[7.405362,50.09715],[7.405711,50.097154],[7.406395,50.097614],[7.406388,50.097838]]}},
{"type":"Feature","properties":{"STRM_VAL":1.0,"max_accum":43664.0,"color":"#7caad7","weight":2.09},"geometry":{"type":"LineString","coordinates":[[6.671,50.073492],[6.67244,50.072621],[6.672516,50.071049],[6.672876,50.070831],[6.672887,50.070606],[6.673247,50.070389],[6.673279,50.069715],[6.673639,50.069497],[6.673694,50.068374],[6.674054,50.068156],[6.674097,50.067257],[6.674457,50.06704],[6.674511,50.065916],[6.674173,50.065685],[6.674195,50.065235],[6.673857,50.065004],[6.673868,50.064779],[6.674227,50.064561],[6.674249,50.064112],[6.674609,50.063894],[6.67462,50.06367],[6.676779,50.062364],[6.677128,50.062371],[6.679287,50.061065],[6.680334,50.061086],[6.680694,50.060868],[6.680705,50.060643],[6.681424,50.060208],[6.681435,50.059983],[6.681795,50.059765],[6.681806,50.059541],[6.682166,50.059323],[6.682177,50.059098],[6.683616,50.058228],[6.683627,50.058003],[6.684706,50.05735],[6.684717,50.057125],[6.685066,50.057132],[6.687944,50.055391],[6.687955,50.055166],[6.688304,50.055173],[6.689383,50.05452],[6.689394,50.054295],[6.690833,50.053424],[6.690843,50.053199],[6.691203,50.052982],[6.691257,50.051858],[6.691617,50.051641],[6.691638,50.051191],[6.691998,50.050974],[6.692009,50.050749],[6.692369,50.050531],[6.692379,50.050307],[6.692739,50.050089],[6.692771,50.049415],[6.692433,50.049183],[6.692444,50.048959],[6.692106,50.048727],[6.692117,50.048502],[6.691778,50.048271],[6.691789,50.048046],[6.693228,50.047175],[6.693577,50.047182],[6.694296,50.046747],[6.694307,50.046522],[6.694667,50.046304],[6.695713,50.046325],[6.695735,50.045876],[6.696094,50.045658],[6.695756,50.045426],[6.695778,50.044977],[6.696127,50.044984],[6.696181,50.043861],[6.69654,50.043643],[6.696551,50.043418],[6.696911,50.0432],[6.696943,50.042526],[6.697662,50.042091],[6.697673,50.041866],[6.698032,50.041649],[6.698054,50.041199],[6.698413,50.040981],[6.698446,50.040307],[6.698805,50.04009],[6.698827,50.03964],[6.699186,50.039423],[6.699208,50.038973],[6.699567,50.038756],[6.699578,50.038531],[6.699938,50.038313],[6.699948,50.038088],[6.700308,50.037871],[6.700319,50.037646],[6.700678,50.037428],[6.700689,50.037204],[6.701049,50.036986],[6.701081,50.036312],[6.70144,50.036094],[6.701451,50.035869],[6.702889,50.034998],[6.703238,50.035005],[6.703957,50.03457],[6.703968,50.034345],[6.704327,50.034127],[6.704338,50.033903],[6.704698,50.033685],[6.704815,50.031214],[6.704477,50.030982],[6.704488,50.030757],[6.704848,50.03054],[6.70451,50.030308],[6.70452,50.030083],[6.703506,50.029389],[6.703517,50.029164],[6.700475,50.02708],[6.700528,50.025956],[6.70019,50.025725]]}},
{"type":"Feature","properties":{"STRM_VAL":1.0,"max_accum":72262.0,"color":"#729fcd","weight":2.35},"geometry":{"type":"LineString","coordinates":[[7.333683,50.087598],[7.336757,50.089666],[7.336749,50.089891],[7.337774,50.09058],[7.337766,50.090805],[7.338791,50.091494],[7.338783,50.091719]]}},
{"type":"Feature","properties":{"STRM_VAL":1.0,"max_accum":200918.0,"color":"#5d89ba","weight":2.87},"geometry":{"type":"LineString","coordinates":[[7.005445,50.088942],[7.005105,50.088712],[7.005114,50.088487],[7.004094,50.087795],[7.004132,50.086896],[7.003792,50.086665],[7.00381,50.086216],[7.003131,50.085754]]}},
{"type":"Feature","properties":{"STRM_VAL":1.0,"max_accum":215471.0,"color":"#5c88b8","weight":2.91},"geometry":{"type":"LineString","coordinates":[[7.003131,50.085754],[7.003489,50.085536],[7.003517,50.084862],[7.002837,50.0844],[7.002856,50.083951],[7.003215,50.083732],[7.003233,50.083283],[7.003592,50.083064],[7.003601,50.082839],[7.003261,50.082608],[7.00328,50.082159],[7.00294,50.081928],[7.002949,50.081704],[7.00261,50.081473],[7.002638,50.080799],[7.004072,50.079924],[7.004421,50.07993],[7.004779,50.079711],[7.005129,50.079717],[7.005487,50.079498],[7.005836,50.079504],[7.006195,50.079286],[7.006535,50.079516],[7.006884,50.079522],[7.007224,50.079753],[7.007215,50.079978],[7.007554,50.080209],[7.007545,50.080433],[7.007187,50.080652],[7.007177,50.080877],[7.006102,50.081533],[7.005752,50.081527],[7.005394,50.081746],[7.005357,50.082644],[7.006036,50.083106],[7.006386,50.083112],[7.006744,50.082893],[7.006753,50.082668],[7.007112,50.08245],[7.007121,50.082225],[7.008197,50.081569],[7.008546,50.081575],[7.008905,50.081356],[7.009254,50.081362],[7.009612,50.081143],[7.009962,50.081149],[7.01032,50.080931],[7.0093,50.080239],[7.008951,50.080233],[7.008271,50.079771],[7.008281,50.079546],[7.008998,50.079109],[7.009347,50.079115],[7.009705,50.078896],[7.010753,50.078914],[7.011112,50.078696],[7.011461,50.078702],[7.011819,50.078483],[7.012168,50.078489],[7.012885,50.078051],[7.014631,50.078081],[7.015348,50.077644],[7.015385,50.076745],[7.016461,50.076089],[7.01681,50.076095],[7.019677,50.074345],[7.020027,50.074351],[7.021102,50.073694],[7.021451,50.0737],[7.022168,50.073263]]}},
{"type":"Feature","properties":{"STRM_VAL":1.0,"max_accum":216553.0,"color":"#5c88b8","weight":2.91},"geometry":{"type":"LineString","coordinates":[[6.850012,50.086617],[6.850022,50.086392],[6.849683,50.086161],[6.849334,50.086154],[6.848655,50.085692],[6.848306,50.085685],[6.847967,50.085454],[6.847618,50.085448],[6.847279,50.085217],[6.84693,50.08521],[6.846251,50.084748],[6.845902,50.084741],[6.845563,50.08451],[6.844865,50.084497],[6.844525,50.084266],[6.844166,50.084484],[6.843817,50.084478],[6.843139,50.084015],[6.84244,50.084002],[6.841762,50.08354],[6.841772,50.083315],[6.841094,50.082853],[6.841104,50.082628],[6.840765,50.082397],[6.840775,50.082172],[6.840097,50.08171],[6.840107,50.081485],[6.839768,50.081254],[6.839788,50.080805],[6.840147,50.080587],[6.840158,50.080362],[6.840517,50.080144],[6.840537,50.079694],[6.83952,50.079001],[6.839171,50.078994],[6.838493,50.078532],[6.837794,50.078519],[6.837455,50.078288],[6.836408,50.078268],[6.835391,50.077575],[6.835401,50.07735],[6.835052,50.077343],[6.834713,50.077112],[6.832269,50.077067],[6.83193,50.076835],[6.828787,50.076777],[6.828448,50.076545],[6.82775,50.076532],[6.827411,50.076301],[6.826364,50.076281],[6.826025,50.07605],[6.825676,50.076044],[6.824659,50.07535],[6.824669,50.075125]]}},
{"type":"Feature","properties":{"STRM_VAL":1.0,"max_accum":225832.0,"color":"#5b87b8","weight":2.93},"geometry":{"type":"LineString","coordinates":[[6.824669,50.075125],[6.825028,50.074907],[6.825048,50.074458],[6.824371,50.073995],[6.824021,50.073989],[6.823682,50.073758],[6.823333,50.073751],[6.823354,50.073302],[6.823713,50.073084],[6.823374,50.072852],[6.823025,50.072846],[6.822686,50.072615],[6.822696,50.07239],[6.823774,50.071735],[6.823815,50.070837],[6.823466,50.07083],[6.822747,50.071266],[6.822398,50.07126],[6.822039,50.071478],[6.82169,50.071471],[6.821351,50.07124],[6.821361,50.071016],[6.821022,50.070784],[6.821042,50.070335],[6.820703,50.070104],[6.820765,50.068756],[6.821124,50.068537],[6.821134,50.068313],[6.821493,50.068095],[6.821503,50.06787],[6.821863,50.067652],[6.821873,50.067427],[6.822591,50.066991],[6.822612,50.066541],[6.822971,50.066323]]}},
{"type":"Feature","properties":{"STRM_VAL":1.0,"max_accum":89425.0,"color":"#6e9bc9","weight":2.46},"geometry":{"type":"LineString","coordinates":[[7.309224,50.097363],[7.309216,50.097588],[7.309557,50.097818],[7.30955,50.098043],[7.309891,50.098272],[7.309883,50.098497],[7.310225,50.098727],[7.310217,50.098952],[7.310558,50.099182],[7.310519,50.100305],[7.31086,50.100535],[7.310852,50.10076],[7.311194,50.10099],[7.311186,50.101214],[7.311527,50.101444],[7.31152,50.101669],[7.312203,50.102129]]}},
{"type":"Feature","properties":{"STRM_VAL":1.0,"max_accum":33408.0,"color":"#82b0dc","weight":1.95},"geometry":{"type":"LineString","coordinates":[[7.045805,50.093452],[7.045107,50.09344],[7.044766,50.093209],[7.044417,50.093204],[7.044077,50.092973],[7.043378,50.092961],[7.040317,50.090886],[7.039968,50.09088],[7.039628,50.090649],[7.039637,50.090424],[7.039297,50.090194],[7.039306,50.089969],[7.038966,50.089739],[7.038975,50.089514],[7.038635,50.089283],[7.038644,50.089058],[7.038304,50.088828],[7.038322,50.088378],[7.037982,50.088148],[7.038001,50.087698],[7.03732,50.087237],[7.037339,50.086788],[7.036999,50.086557],[7.037357,50.086338],[7.037366,50.086114],[7.037725,50.085895]]}},
{"type":"Feature","properties":{"STRM_VAL":1.0,"max_accum":270689.0,"color":"#5783b4","weight":3.02},"geometry":{"type":"LineString","coordinates":[[7.037725,50.085895],[7.038083,50.085676],[7.038092,50.085451],[7.038442,50.085457],[7.0388,50.085238],[7.038809,50.085014],[7.038469,50.084783],[7.038478,50.084558],[7.038138,50.084328],[7.038166,50.083653],[7.038882,50.083216],[7.038892,50.082991],[7.039608,50.082554],[7.039958,50.082559],[7.040316,50.082341],[7.040665,50.082346],[7.041024,50.082128],[7.041051,50.081454],[7.04141,50.081235],[7.041419,50.08101],[7.042494,50.080353],[7.042503,50.080129],[7.04322,50.079691],[7.043569,50.079697],[7.043927,50.079478],[7.043946,50.079029],[7.044304,50.07881],[7.044377,50.077012],[7.044735,50.076793],[7.045085,50.076799],[7.04616,50.076143],[7.046858,50.076154],[7.049366,50.074623],[7.050064,50.074634],[7.050074,50.07441],[7.050432,50.074191],[7.050441,50.073966],[7.051874,50.073091],[7.052223,50.073096],[7.052581,50.072878],[7.052931,50.072883],[7.053647,50.072446],[7.053996,50.072452],[7.055788,50.071357],[7.055815,50.070683],[7.056173,50.070464]]}},
{"type":"Feature","properties":{"STRM_VAL":1.0,"max_accum":13917.0,"color":"#94c3ec","weight":1.51},"geometry":{"type":"LineString","coordinates":[[6.55571,50.086862],[6.555732,50.086413],[6.555395,50.086181],[6.555418,50.085732],[6.55508,50.0855],[6.555103,50.08505],[6.554765,50.084818],[6.554777,50.084594],[6.555137,50.084376],[6.55516,50.083927],[6.555521,50.08371],[6.555578,50.082587],[6.55524,50.082355],[6.555309,50.081007],[6.55603,50.080572],[6.556098,50.079224],[6.556459,50.079007],[6.55647,50.078782],[6.556132,50.07855],[6.556144,50.078326],[6.555806,50.078094],[6.555818,50.077869],[6.55548,50.077637],[6.555503,50.077188],[6.555863,50.076971],[6.555875,50.076746],[6.556235,50.076529],[6.556247,50.076304],[6.556607,50.076087],[6.556642,50.075413],[6.555629,50.074717],[6.55564,50.074492],[6.555302,50.07426],[6.555314,50.074035],[6.555674,50.073818],[6.555743,50.07247],[6.556103,50.072253],[6.556126,50.071804],[6.556487,50.071586],[6.556498,50.071362],[6.556859,50.071144],[6.556881,50.070695],[6.556544,50.070463],[6.556555,50.070239],[6.55588,50.069775],[6.555891,50.06955],[6.555554,50.069318],[6.555914,50.069101],[6.555926,50.068876]]}},
{"type":"Feature","properties":{"STRM_VAL":1.0,"max_accum":26102.0,"color":"#87b5e0","weight":1.83},"geometry":{"type":"LineString","coordinates":[[7.564552,50.104174],[7.564196,50.104395],[7.564189,50.104619],[7.563833,50.10484],[7.563134,50.104831],[7.562778,50.105052],[7.562428,50.105047],[7.562072,50.105268],[7.561723,50.105264],[7.561366,50.105484],[7.56136,50.105709],[7.561003,50.105929],[7.560654,50.105925],[7.559941,50.106366],[7.559242,50.106357],[7.558886,50.106578],[7.558866,50.107252],[7.559215,50.107256],[7.559209,50.107481],[7.559551,50.10771],[7.559195,50.107931],[7.559538,50.10816],[7.560237,50.108168],[7.560197,50.109517],[7.560539,50.109746],[7.560183,50.109967],[7.560176,50.110191],[7.560519,50.11042],[7.560492,50.11132],[7.560136,50.11154],[7.560116,50.112214],[7.560801,50.112672],[7.560768,50.113796],[7.56111,50.114025],[7.561097,50.114475],[7.56144,50.114704],[7.56142,50.115378],[7.561762,50.115608],[7.561756,50.115832],[7.562784,50.11652],[7.562771,50.116969],[7.564142,50.117886],[7.564841,50.117894],[7.565198,50.117674],[7.565883,50.118132]]}},
{"type":"Feature","properties":{"STRM_VAL":1.0,"max_accum":43277.0,"color":"#7daad7","weight":2.09},"geometry":{"type":"LineString","coordinates":[[7.565883,50.118132],[7.565877,50.118357],[7.566219,50.118586],[7.566186,50.11971],[7.56583,50.11993],[7.565823,50.120155],[7.564398,50.121037],[7.564048,50.121032],[7.564041,50.121257],[7.563685,50.121478],[7.562286,50.12146],[7.560148,50.122783],[7.559799,50.122779],[7.559086,50.12322],[7.558387,50.123211],[7.55803,50.123431],[7.557331,50.123423],[7.557324,50.123647],[7.556612,50.124088],[7.556578,50.125212],[7.556921,50.125441],[7.556914,50.125666],[7.557257,50.125895],[7.557243,50.126345],[7.557586,50.126574],[7.557579,50.126799],[7.557922,50.127028],[7.557909,50.127477],[7.557552,50.127698],[7.557546,50.127923],[7.556833,50.128363],[7.55649,50.128134],[7.555441,50.128121],[7.555085,50.128342],[7.554735,50.128337],[7.554378,50.128558],[7.554351,50.129457],[7.553995,50.129677],[7.553907,50.132599],[7.55425,50.132828],[7.554223,50.133728]]}},
{"type":"Feature","properties":{"STRM_VAL":1.0,"max_accum":64542.0,"color":"#74a2cf","weight":2.29},"geometry":{"type":"LineString","coordinates":[[7.554223,50.133728],[7.553866,50.133948],[7.553516,50.133944],[7.55316,50.134164],[7.552817,50.133935],[7.552467,50.133931],[7.552124,50.133701],[7.551425,50.133693],[7.551082,50.133464],[7.550383,50.133455],[7.55004,50.133226],[7.548291,50.133204],[7.547935,50.133424],[7.547585,50.13342],[7.547229,50.13364],[7.546886,50.133411],[7.545837,50.133398],[7.545124,50.133839],[7.544424,50.13383],[7.543711,50.134271],[7.543698,50.13472],[7.542985,50.135161],[7.543328,50.13539],[7.543287,50.136739],[7.542573,50.13718],[7.54256,50.137629],[7.542203,50.13785],[7.541504,50.137841],[7.541161,50.137612],[7.540811,50.137607],[7.540468,50.137378],[7.540119,50.137374],[7.539776,50.137144],[7.539426,50.13714],[7.539419,50.137365],[7.538706,50.137806],[7.538692,50.138255],[7.539035,50.138484],[7.539028,50.138709],[7.539371,50.138938],[7.539364,50.139163],[7.54005,50.139621],[7.539694,50.139842],[7.540379,50.1403],[7.540373,50.140525],[7.539303,50.141186],[7.538254,50.141173],[7.537897,50.141393],[7.537197,50.141384],[7.536841,50.141605],[7.535792,50.141591],[7.535106,50.141133],[7.535113,50.140908],[7.53477,50.140679],[7.534777,50.140454],[7.533405,50.139538],[7.533056,50.139533],[7.53237,50.139075],[7.530271,50.139048],[7.529929,50.138819],[7.52818,50.138797],[7.527823,50.139017],[7.527474,50.139013],[7.527117,50.139233],[7.526417,50.139224],[7.526061,50.139445],[7.525711,50.13944],[7.525354,50.139661],[7.525313,50.141009],[7.524956,50.141229],[7.524607,50.141225],[7.524264,50.140996],[7.523914,50.140991],[7.522543,50.140074],[7.52255,50.13985],[7.522207,50.139621],[7.521857,50.139616],[7.5215,50.139836],[7.521151,50.139832],[7.520437,50.140273],[7.52043,50.140497],[7.518332,50.140471],[7.517975,50.140691],[7.516926,50.140677],[7.516569,50.140898],[7.51552,50.140884],[7.515177,50.140655],[7.515191,50.140206],[7.514849,50.139976],[7.514862,50.139527],[7.51452,50.139298],[7.51417,50.139293],[7.513813,50.139513],[7.513114,50.139504],[7.5124,50.139945],[7.512051,50.139941],[7.511694,50.140161],[7.510645,50.140147],[7.510302,50.139918],[7.510309,50.139693],[7.508938,50.138776],[7.508239,50.138767],[7.507525,50.139208],[7.507175,50.139203]]}},
{"type":"Feature","properties":{"STRM_VAL":1.0,"max_accum":78828.0,"color":"#709dcb","weight":2.39},"geometry":{"type":"LineString","coordinates":[[7.507175,50.139203],[7.505749,50.140084],[7.505049,50.140075],[7.504706,50.139846],[7.504713,50.139621],[7.504371,50.139392],[7.504399,50.138493],[7.503713,50.138035],[7.50372,50.13781],[7.501622,50.137783],[7.500937,50.137324],[7.500944,50.137099],[7.500258,50.136641],[7.500265,50.136416],[7.499923,50.136187],[7.499573,50.136182],[7.49923,50.135953],[7.498531,50.135944],[7.498174,50.136164],[7.497824,50.13616],[7.497468,50.13638]]}},
{"type":"Feature","properties":{"STRM_VAL":1.0,"max_accum":89460.0,"color":"#6e9bc9","weight":2.46},"geometry":{"type":"LineString","coordinates":[[7.497468,50.13638],[7.497111,50.1366],[7.497104,50.136825],[7.49639,50.137265],[7.494642,50.137243],[7.494299,50.137013],[7.4936,50.137004],[7.493257,50.136775],[7.492907,50.13677],[7.492565,50.136541],[7.492215,50.136537],[7.491187,50.135849],[7.490837,50.135844],[7.490844,50.135619],[7.490502,50.13539],[7.490152,50.135385],[7.489809,50.135156],[7.48946,50.135152],[7.489103,50.135372],[7.488404,50.135363],[7.488047,50.135583],[7.487347,50.135574],[7.486991,50.135794],[7.485942,50.13578],[7.485599,50.135551],[7.485249,50.135546],[7.484907,50.135317],[7.484557,50.135313],[7.4842,50.135533],[7.484193,50.135758],[7.483479,50.136198],[7.482794,50.135739],[7.482801,50.135515],[7.482459,50.135285],[7.482487,50.134386],[7.481802,50.133927],[7.481452,50.133923],[7.48111,50.133694],[7.48076,50.133689],[7.480403,50.133909],[7.480375,50.134808],[7.479304,50.135469],[7.478962,50.135239],[7.478612,50.135235],[7.478255,50.135455],[7.477556,50.135446],[7.477199,50.135666],[7.476849,50.135661],[7.476493,50.135882]]}},
{"type":"Feature","properties":{"STRM_VAL":1.0,"max_accum":97318.0,"color":"#6c99c7","weight":2.5},"geometry":{"type":"LineString","coordinates":[[7.476493,50.135882],[7.475793,50.135872],[7.475108,50.135414],[7.475115,50.135189],[7.474088,50.134501],[7.472339,50.134478],[7.471625,50.134918],[7.471611,50.135368],[7.471261,50.135363],[7.471247,50.135813],[7.47089,50.136033],[7.470191,50.136024],[7.469848,50.135794],[7.469491,50.136014],[7.468093,50.135996],[7.467736,50.136216],[7.467393,50.135987],[7.467422,50.135088]]}},
{"type":"Feature","properties":{"STRM_VAL":1.0,"max_accum":106775.0,"color":"#6a97c6","weight":2.55},"geometry":{"type":"LineString","coordinates":[[7.467422,50.135088],[7.467079,50.134858],[7.46603,50.134844],[7.465674,50.135065],[7.464624,50.135051],[7.464268,50.135271],[7.46426,50.135496],[7.463911,50.135491],[7.461412,50.137032],[7.461063,50.137027],[7.460378,50.136569],[7.460028,50.136564],[7.459685,50.136334],[7.459336,50.13633],[7.458993,50.1361],[7.458279,50.136541],[7.458272,50.136765],[7.457915,50.136986],[7.457908,50.13721],[7.457551,50.13743],[7.457544,50.137655],[7.457187,50.137875],[7.457173,50.138325],[7.456816,50.138545],[7.456466,50.13854],[7.455781,50.138081],[7.455795,50.137632],[7.455453,50.137403],[7.45546,50.137178],[7.45511,50.137173],[7.454426,50.136714],[7.453376,50.1367],[7.451949,50.137581],[7.451941,50.137806]]}},
{"type":"Feature","properties":{"STRM_VAL":1.0,"max_accum":124905.0,"color":"#6794c3","weight":2.63},"geometry":{"type":"LineString","coordinates":[[7.451941,50.137806],[7.451934,50.13803],[7.451577,50.13825],[7.451227,50.138246],[7.450513,50.138686],[7.450506,50.138911],[7.450149,50.139131],[7.450127,50.139805],[7.44977,50.140025],[7.449763,50.14025],[7.449049,50.14069],[7.448699,50.140685],[7.448342,50.140906],[7.448313,50.141805],[7.448656,50.142034],[7.449006,50.142039],[7.450375,50.142956],[7.450018,50.143177],[7.447221,50.143139],[7.446878,50.14291],[7.446528,50.142905],[7.446186,50.142676],[7.445836,50.142671],[7.445479,50.142891],[7.445472,50.143116],[7.445115,50.143336],[7.444087,50.142647],[7.443738,50.142643],[7.443381,50.142863],[7.443373,50.143088],[7.443016,50.143308],[7.443009,50.143532],[7.443351,50.143762],[7.443344,50.143987],[7.44263,50.144427],[7.442586,50.145775],[7.442229,50.145995],[7.44083,50.145977],[7.440116,50.146417],[7.439416,50.146407],[7.439059,50.146627],[7.439052,50.146852],[7.438695,50.147072],[7.43868,50.147522],[7.438323,50.147742],[7.438316,50.147967],[7.437959,50.148187],[7.437944,50.148636],[7.437587,50.148856],[7.43758,50.149081],[7.435831,50.149057],[7.435474,50.149278],[7.435459,50.149727],[7.435801,50.149957],[7.437201,50.149975],[7.437543,50.150205],[7.437514,50.151104],[7.437157,50.151324],[7.437149,50.151549],[7.43645,50.151539],[7.435735,50.151979],[7.435728,50.152204],[7.435371,50.152424],[7.435349,50.153098],[7.434992,50.153319],[7.435334,50.153548],[7.43532,50.153998]]}},
{"type":"Feature","properties":{"STRM_VAL":1.0,"max_accum":142974.0,"color":"#6491c0","weight":2.7},"geometry":{"type":"LineString","coordinates":[[7.43532,50.153998],[7.435312,50.154222],[7.434955,50.154442],[7.43427,50.153983],[7.43357,50.153974],[7.432856,50.154414],[7.432849,50.154639],[7.432492,50.154859],[7.432834,50.155088],[7.432812,50.155763],[7.432455,50.155983],[7.432447,50.156207],[7.43209,50.156427],[7.43174,50.156423],[7.431383,50.156643],[7.431033,50.156638],[7.430319,50.157078],[7.430304,50.157528],[7.429947,50.157748],[7.429932,50.158197],[7.428861,50.158857],[7.428839,50.159532],[7.428481,50.159752],[7.428474,50.159976],[7.428117,50.160196],[7.427417,50.160187],[7.42706,50.160407],[7.427038,50.161081],[7.42738,50.161311],[7.427358,50.161985],[7.427001,50.162205],[7.426651,50.1622],[7.425936,50.16264],[7.425922,50.16309],[7.426264,50.163319],[7.426249,50.163769],[7.427277,50.164457],[7.427627,50.164462],[7.428312,50.164921],[7.428297,50.165371],[7.42794,50.165591],[7.427932,50.165815],[7.427575,50.166035],[7.427553,50.16671],[7.427196,50.16693],[7.427159,50.168053],[7.427501,50.168283],[7.427494,50.168508],[7.427837,50.168737],[7.427814,50.169412],[7.427457,50.169632],[7.427107,50.169627],[7.426035,50.170287],[7.42602,50.170736],[7.427391,50.171654],[7.427383,50.171879],[7.427726,50.172109],[7.427704,50.172783],[7.427346,50.173003],[7.427317,50.173902],[7.42696,50.174122],[7.426952,50.174347],[7.426595,50.174567],[7.42658,50.175016]]}},
{"type":"Feature","properties":{"STRM_VAL":1.0,"max_accum":163295.0,"color":"#618ebe","weight":2.77},"geometry":{"type":"LineString","coordinates":[[7.42658,50.175016],[7.426923,50.175246],[7.426915,50.175471],[7.4276,50.17593],[7.429,50.175948],[7.429343,50.176178],[7.429321,50.176852],[7.430006,50.177311],[7.429991,50.177761],[7.430334,50.17799],[7.430312,50.178665],[7.429597,50.179105],[7.429247,50.1791],[7.42889,50.17932],[7.428547,50.17909],[7.42819,50.17931],[7.428153,50.180434],[7.428496,50.180664],[7.427423,50.181324],[7.426723,50.181314],[7.425294,50.182194],[7.424944,50.18219],[7.424586,50.18241],[7.424579,50.182634],[7.423864,50.183074],[7.423857,50.183299],[7.423499,50.183519],[7.423492,50.183744],[7.423134,50.183964],[7.422784,50.183959],[7.422427,50.184179],[7.421727,50.18417],[7.421369,50.18439],[7.420669,50.18438],[7.420312,50.1846],[7.420282,50.185499],[7.420625,50.185729],[7.420975,50.185733],[7.42096,50.186183],[7.421303,50.186413],[7.420588,50.186853],[7.419887,50.186843],[7.41953,50.187063],[7.41918,50.187058],[7.418822,50.187278],[7.418122,50.187269],[7.417407,50.187709],[7.4174,50.187933],[7.41705,50.187929],[7.416692,50.188149],[7.416663,50.189048],[7.416305,50.189268],[7.41699,50.189727],[7.416976,50.190176],[7.41626,50.190616],[7.416253,50.190841],[7.415896,50.191061],[7.415888,50.191286],[7.415538,50.191281],[7.41518,50.191501],[7.41483,50.191496],[7.413758,50.192156],[7.413735,50.19283],[7.413378,50.19305],[7.413363,50.1935],[7.413706,50.193729],[7.412633,50.194389],[7.413318,50.194848],[7.412961,50.195068],[7.412953,50.195293],[7.412603,50.195288],[7.412246,50.195508],[7.411903,50.195279],[7.411188,50.195719]]}},
{"type":"Feature","properties":{"STRM_VAL":1.0,"max_accum":6705531.0,"color":"#153e77","weight":4.67},"geometry":{"type":"LineString","coordinates":[[7.411188,50.195719],[7.41118,50.195943],[7.411523,50.196173],[7.410093,50.197053],[7.407992,50.197024],[7.407634,50.197244],[7.407284,50.197239],[7.406926,50.197459],[7.406874,50.199032],[7.406159,50.199472],[7.405458,50.199463],[7.405101,50.199683],[7.4044,50.199673],[7.404058,50.199444],[7.4037,50.199663],[7.40335,50.199659],[7.402992,50.199879],[7.402977,50.200328],[7.404005,50.201017],[7.404356,50.201022],[7.404698,50.201251],[7.404341,50.201471],[7.404326,50.201921],[7.404668,50.20215],[7.404311,50.20237],[7.404303,50.202595],[7.403588,50.203035],[7.403238,50.20303],[7.40288,50.20325],[7.403223,50.20348],[7.403208,50.203929],[7.402492,50.204369],[7.401091,50.20435],[7.399721,50.203431],[7.399371,50.203427],[7.399028,50.203197],[7.398328,50.203187],[7.39797,50.203407],[7.397917,50.20498],[7.397559,50.2052],[7.396859,50.205191],[7.395428,50.20607],[7.395398,50.206969],[7.395741,50.207199],[7.395711,50.208098],[7.394995,50.208538],[7.393244,50.208514],[7.392901,50.208284],[7.392201,50.208274],[7.391485,50.208714],[7.391455,50.209613],[7.391798,50.209843],[7.39179,50.210068],[7.392818,50.210756],[7.392796,50.211431],[7.392438,50.211651],[7.389986,50.211617],[7.389643,50.211387],[7.388943,50.211377],[7.388585,50.211597],[7.388235,50.211592],[7.387892,50.211363],[7.387542,50.211358],[7.387184,50.211578],[7.386834,50.211573],[7.386476,50.211793],[7.385425,50.211778],[7.38541,50.212228],[7.385052,50.212448]]}},
{"type":"Feature","properties":{"STRM_VAL":1.0,"max_accum":99893.0,"color":"#6b98c7","weight":2.51},"geometry":{"type":"LineString","coordinates":[[6.752598,50.091967],[6.753614,50.092661],[6.753604,50.092886],[6.754959,50.093812],[6.755308,50.093818],[6.757679,50.095438],[6.757669,50.095663],[6.759363,50.09682],[6.759342,50.09727],[6.763533,50.09735],[6.764253,50.096915],[6.766698,50.096962],[6.767375,50.097424],[6.769122,50.097458],[6.76946,50.097689],[6.76981,50.097696],[6.770149,50.097927],[6.771546,50.097954],[6.771905,50.097736],[6.772604,50.09775],[6.772943,50.097981],[6.773292,50.097988],[6.773652,50.09777],[6.773991,50.098001],[6.775737,50.098035],[6.776076,50.098266],[6.779569,50.098333],[6.779928,50.098115],[6.780976,50.098135],[6.781315,50.098366],[6.781665,50.098373],[6.782003,50.098604],[6.782353,50.098611],[6.783031,50.099074],[6.78338,50.09908],[6.783719,50.099312],[6.784068,50.099318],[6.784407,50.09955],[6.785106,50.099563]]}},
{"type":"Feature","properties":{"STRM_VAL":1.0,"max_accum":133300.0,"color":"#6692c2","weight":2.66},"geometry":{"type":"LineString","coordinates":[[6.785106,50.099563],[6.785116,50.099339],[6.785835,50.098902],[6.785846,50.098678],[6.786205,50.09846],[6.786226,50.09801],[6.788024,50.09692],[6.788373,50.096927],[6.788733,50.096709],[6.788754,50.09626],[6.789113,50.096042],[6.789134,50.095592],[6.790213,50.094938],[6.790911,50.094951],[6.791271,50.094733],[6.79197,50.094747],[6.792329,50.094529],[6.79236,50.093855],[6.791682,50.093392],[6.791724,50.092493],[6.792083,50.092275],[6.792432,50.092282],[6.792792,50.092064],[6.793131,50.092295],[6.794528,50.092322],[6.795247,50.091886],[6.795257,50.091661],[6.794918,50.09143],[6.794929,50.091205],[6.793912,50.090511],[6.793563,50.090504],[6.793594,50.08983],[6.793953,50.089612],[6.795001,50.089632],[6.796439,50.08876],[6.7961,50.088529],[6.79646,50.088311],[6.796809,50.088317],[6.797528,50.087881],[6.797877,50.087888],[6.798237,50.08767],[6.797898,50.087438],[6.798257,50.08722],[6.798329,50.085648],[6.798689,50.08543],[6.798699,50.085205],[6.799059,50.084987],[6.799079,50.084537],[6.799439,50.084319],[6.79948,50.083421],[6.798463,50.082727],[6.798114,50.08272],[6.797436,50.082257],[6.797087,50.082251],[6.795054,50.080863],[6.795074,50.080414],[6.796153,50.079759],[6.796502,50.079766],[6.797221,50.07933],[6.79757,50.079337],[6.79793,50.079119],[6.798279,50.079125],[6.798638,50.078907],[6.798987,50.078914],[6.799347,50.078696],[6.799378,50.078022],[6.799737,50.077804],[6.801134,50.07783],[6.801493,50.077612],[6.801555,50.076264],[6.802992,50.075392],[6.803003,50.075167],[6.803362,50.074949],[6.803372,50.074724],[6.803732,50.074506],[6.803752,50.074057],[6.803413,50.073825],[6.803064,50.073819],[6.802725,50.073588],[6.802376,50.073581],[6.802037,50.07335],[6.802058,50.0729],[6.803855,50.07181],[6.804204,50.071816],[6.804923,50.07138],[6.804933,50.071156],[6.805292,50.070938],[6.805364,50.069365],[6.806083,50.068929],[6.806432,50.068935],[6.80751,50.068281],[6.807592,50.066483],[6.807951,50.066265]]}},
{"type":"Feature","properties":{"STRM_VAL":1.0,"max_accum":21421.0,"color":"#8bb9e4","weight":1.73},"geometry":{"type":"LineString","coordinates":[[7.474353,50.104148],[7.474367,50.103699],[7.474025,50.103469],[7.474032,50.103245],[7.473348,50.102786],[7.473355,50.102561],[7.472328,50.101873],[7.472335,50.101648],[7.47165,50.101189],[7.471301,50.101185],[7.470274,50.100497],[7.470281,50.100272],[7.469939,50.100043],[7.469946,50.099818],[7.469604,50.099588],[7.469625,50.098914],[7.468256,50.097997],[7.467208,50.097983],[7.466866,50.097753],[7.466516,50.097749],[7.46616,50.097969],[7.464762,50.09795]]}},
{"type":"Feature","properties":{"STRM_VAL":1.0,"max_accum":5443862.0,"color":"#1a437b","weight":4.56},"geometry":{"type":"LineString","coordinates":[[7.240807,50.104217],[7.24079,50.104666],[7.240433,50.104886],[7.240424,50.10511],[7.240067,50.10533],[7.240034,50.106229],[7.240375,50.106459],[7.240359,50.106908],[7.2407,50.107138],[7.240683,50.107588],[7.241024,50.107818],[7.241016,50.108043],[7.241357,50.108273],[7.241,50.108492],[7.240975,50.109166],[7.240617,50.109386],[7.240609,50.10961],[7.240251,50.10983],[7.239902,50.109825],[7.238471,50.110702],[7.238122,50.110697],[7.237764,50.110917]]}},
{"type":"Feature","properties":{"STRM_VAL":1.0,"max_accum":614971.0,"color":"#4671a5","weight":3.44},"geometry":{"type":"LineString","coordinates":[[6.572849,50.093519],[6.57321,50.093301],[6.573221,50.093077],[6.575024,50.09199],[6.575035,50.091765],[6.575396,50.091548],[6.575407,50.091323],[6.576849,50.090454],[6.576861,50.090229],[6.577221,50.090012],[6.577232,50.089787],[6.577593,50.08957],[6.577616,50.089121],[6.577976,50.088903],[6.577999,50.088454],[6.578359,50.088237],[6.57837,50.088012],[6.578731,50.087795],[6.578742,50.08757],[6.580184,50.086701],[6.580196,50.086476],[6.580916,50.086041],[6.580928,50.085817],[6.58059,50.085585],[6.580601,50.08536],[6.580263,50.085128],[6.58032,50.084005],[6.58068,50.083787],[6.580343,50.083555],[6.580365,50.083106],[6.580027,50.082874],[6.58005,50.082425],[6.579712,50.082193],[6.579758,50.081294],[6.57942,50.081063],[6.57978,50.080845],[6.579848,50.079497],[6.580209,50.07928],[6.58022,50.079055],[6.58058,50.078838],[6.580592,50.078613],[6.580952,50.078396],[6.580975,50.077947],[6.581335,50.077729],[6.581684,50.077736],[6.582405,50.077302],[6.582754,50.077309],[6.583114,50.077092],[6.583463,50.077099],[6.584184,50.076664],[6.584533,50.076671],[6.585254,50.076237],[6.585952,50.076251],[6.586312,50.076034],[6.586662,50.076041],[6.587743,50.075389],[6.588092,50.075396],[6.589173,50.074744],[6.589184,50.074519],[6.592067,50.07278],[6.592089,50.072331],[6.59281,50.071896],[6.593159,50.071903],[6.59496,50.070816],[6.595658,50.070831],[6.596379,50.070396],[6.59639,50.070171],[6.598191,50.069084],[6.598529,50.069316],[6.600623,50.069359],[6.600984,50.069142],[6.601333,50.069149]]}},
{"type":"Feature","properties":{"STRM_VAL":1.0,"max_accum":630107.0,"color":"#4671a4","weight":3.46},"geometry":{"type":"LineString","coordinates":[[6.601333,50.069149],[6.601389,50.068026],[6.601051,50.067794],[6.601411,50.067576],[6.601073,50.067345],[6.601096,50.066895],[6.600758,50.066663],[6.600769,50.066439],[6.600431,50.066207],[6.600443,50.065982],[6.600105,50.06575],[6.600127,50.065301],[6.599778,50.065294],[6.599103,50.06483],[6.598754,50.064823],[6.598416,50.064591],[6.598067,50.064584],[6.597391,50.06412],[6.597403,50.063895],[6.597065,50.063664],[6.597076,50.063439],[6.596738,50.063207],[6.596794,50.062084],[6.596457,50.061852],[6.596524,50.060504],[6.596186,50.060272],[6.596198,50.060047],[6.59586,50.059816],[6.595894,50.059142],[6.596974,50.058489],[6.597323,50.058497],[6.599124,50.057409],[6.599473,50.057417],[6.599833,50.057199],[6.60088,50.057221],[6.60196,50.056569],[6.601971,50.056344],[6.602332,50.056126],[6.601994,50.055895],[6.602016,50.055445],[6.600665,50.054518],[6.600677,50.054293],[6.5973,50.051974],[6.597322,50.051525],[6.597682,50.051308],[6.597693,50.051083],[6.598414,50.050648],[6.598425,50.050424],[6.599505,50.049771],[6.599854,50.049778],[6.600214,50.049561],[6.600563,50.049568],[6.600923,50.049351],[6.602319,50.04938],[6.602679,50.049162],[6.60547,50.04922],[6.605808,50.049452],[6.606156,50.049459],[6.606494,50.049691],[6.607192,50.049705],[6.607552,50.049488],[6.60825,50.049502],[6.60897,50.049067],[6.608992,50.048618],[6.609352,50.0484],[6.609397,50.047502],[6.608384,50.046806],[6.607686,50.046792],[6.607348,50.04656],[6.605255,50.046517],[6.604895,50.046734],[6.603151,50.046698],[6.602475,50.046235],[6.602509,50.045561],[6.602171,50.045329],[6.602194,50.044879],[6.601856,50.044648],[6.601901,50.043749]]}},
{"type":"Feature","properties":{"STRM_VAL":1.0,"max_accum":197585.0,"color":"#5d8aba","weight":2.86},"geometry":{"type":"LineString","coordinates":[[6.814467,50.09967],[6.814128,50.099439],[6.81343,50.099426],[6.812752,50.098963]]}},
{"type":"Feature","properties":{"STRM_VAL":1.0,"max_accum":216553.0,"color":"#5c88b8","weight":2.91},"geometry":{"type":"LineString","coordinates":[[6.812752,50.098963],[6.813111,50.098745],[6.812772,50.098514],[6.812792,50.098064],[6.813152,50.097846],[6.814898,50.097879],[6.814909,50.097655],[6.815268,50.097436],[6.815289,50.096987],[6.814271,50.096293],[6.814631,50.096075],[6.814641,50.09585],[6.814302,50.095619],[6.814662,50.095401],[6.814692,50.094727],[6.815411,50.094291],[6.816767,50.095216],[6.817815,50.095236],[6.818175,50.095017],[6.818524,50.095024],[6.818884,50.094806],[6.818924,50.093907],[6.818585,50.093676],[6.818596,50.093451],[6.819674,50.092797],[6.819694,50.092347],[6.819016,50.091885],[6.818297,50.092321],[6.818287,50.092546],[6.816849,50.093418],[6.81651,50.093187],[6.81652,50.092962],[6.81688,50.092744],[6.816921,50.091846],[6.816582,50.091614],[6.816602,50.091165],[6.816263,50.090934],[6.816294,50.09026],[6.816653,50.090042],[6.816663,50.089817],[6.817742,50.089163],[6.817752,50.088938],[6.818111,50.08872],[6.818122,50.088495],[6.818481,50.088277],[6.818501,50.087828],[6.818861,50.087609],[6.818881,50.08716],[6.818542,50.086929],[6.817844,50.086916],[6.817166,50.086453],[6.817176,50.086228],[6.816837,50.085997],[6.816908,50.084424],[6.816569,50.084193],[6.81622,50.084187],[6.815881,50.083955],[6.815532,50.083949],[6.815173,50.084167],[6.814125,50.084147],[6.814146,50.083698],[6.814505,50.08348],[6.814166,50.083248],[6.814197,50.082574],[6.814556,50.082356],[6.814217,50.082125],[6.814238,50.081676],[6.814597,50.081458],[6.814607,50.081233],[6.814967,50.081015],[6.814977,50.08079],[6.815336,50.080572],[6.815346,50.080347],[6.815706,50.080129],[6.816753,50.080149],[6.817092,50.08038],[6.817441,50.080387],[6.81778,50.080618],[6.818129,50.080624],[6.818807,50.081087],[6.819157,50.081094],[6.819516,50.080875],[6.819557,50.079977],[6.819916,50.079759],[6.819947,50.079085],[6.820665,50.078648],[6.822411,50.078681],[6.82277,50.078463],[6.824167,50.078489],[6.824526,50.078271],[6.823848,50.077808],[6.823499,50.077802],[6.822821,50.077339],[6.822852,50.076665],[6.822513,50.076434],[6.822523,50.076209],[6.822184,50.075978],[6.822194,50.075754],[6.823272,50.075099],[6.824669,50.075125]]}},
{"type":"Feature","properties":{"STRM_VAL":1.0,"max_accum":101887.0,"color":"#6b98c7","weight":2.52},"geometry":{"type":"LineString","coordinates":[[6.953491,50.10243],[6.953519,50.101756],[6.953878,50.101537],[6.953917,50.100638],[6.953577,50.100407],[6.953596,50.099958],[6.952917,50.099496],[6.952567,50.09949],[6.951208,50.098567],[6.951218,50.098342],[6.951577,50.098123],[6.951237,50.097892],[6.951256,50.097443],[6.950916,50.097212],[6.950955,50.096313],[6.950275,50.095852],[6.950285,50.095627],[6.949945,50.095396],[6.949955,50.095171],[6.949275,50.09471],[6.949285,50.094485],[6.948945,50.094254],[6.948955,50.094029],[6.948615,50.093798],[6.948625,50.093574],[6.948276,50.093568],[6.947596,50.093106],[6.946898,50.093093],[6.946907,50.092869],[6.947266,50.09265],[6.947276,50.092426],[6.946577,50.092413]]}},
{"type":"Feature","properties":{"STRM_VAL":1.0,"max_accum":182169.0,"color":"#5f8cbc","weight":2.82},"geometry":{"type":"LineString","coordinates":[[6.946577,50.092413],[6.946596,50.091964],[6.945577,50.091271],[6.945228,50.091265],[6.945238,50.09104],[6.944558,50.090578],[6.944209,50.090572],[6.944199,50.090797],[6.94385,50.090791],[6.943511,50.09056],[6.943539,50.089886],[6.9432,50.089655],[6.94285,50.089649],[6.942511,50.089418],[6.94254,50.088744],[6.942899,50.088525],[6.942908,50.0883],[6.943626,50.087863],[6.943636,50.087639],[6.943994,50.08742],[6.944344,50.087426],[6.944703,50.087208],[6.945052,50.087214],[6.945411,50.086996],[6.94576,50.087002],[6.946119,50.086783],[6.946128,50.086559],[6.946487,50.08634],[6.946526,50.085441],[6.947243,50.085004],[6.947253,50.084779],[6.947612,50.084561],[6.947961,50.084567],[6.94832,50.084349],[6.949018,50.084361],[6.949377,50.084142],[6.949387,50.083918],[6.949745,50.083699],[6.949755,50.083474],[6.949076,50.083013],[6.949435,50.082794],[6.949463,50.08212],[6.95054,50.081464],[6.950559,50.081015],[6.950918,50.080796],[6.950927,50.080572],[6.951286,50.080353],[6.951296,50.080129],[6.953042,50.080159],[6.9534,50.079941],[6.953429,50.079267],[6.953788,50.079048],[6.954137,50.079054],[6.954496,50.078836],[6.954505,50.078611],[6.954166,50.07838],[6.954883,50.077943],[6.955232,50.077949],[6.955591,50.077731],[6.95594,50.077737],[6.956299,50.077518],[6.956997,50.077531],[6.957356,50.077312],[6.957366,50.077087],[6.957715,50.077093],[6.958432,50.076656],[6.958442,50.076432],[6.9588,50.076213],[6.95881,50.075988],[6.959508,50.076001],[6.959867,50.075782],[6.959877,50.075557],[6.960235,50.075339],[6.959556,50.074877],[6.959207,50.074871],[6.958528,50.074409],[6.958547,50.07396],[6.958207,50.073729],[6.958217,50.073504],[6.957537,50.073043],[6.957547,50.072818],[6.957906,50.072599],[6.957915,50.072375],[6.95935,50.0715],[6.959699,50.071507],[6.960039,50.071737],[6.961435,50.071762],[6.961775,50.071993],[6.962473,50.072005],[6.962813,50.072236],[6.963511,50.072248],[6.963851,50.072479],[6.9642,50.072485],[6.964558,50.072267],[6.964577,50.071817],[6.964238,50.071586],[6.964266,50.070912],[6.963927,50.070681],[6.963946,50.070232],[6.963267,50.06977],[6.963324,50.068422],[6.962984,50.068191],[6.962635,50.068185],[6.962295,50.067954],[6.961248,50.067936],[6.960909,50.067705],[6.960956,50.066581],[6.961315,50.066363],[6.961324,50.066138],[6.9624,50.065482],[6.962419,50.065033],[6.963495,50.064377],[6.963844,50.064383],[6.964203,50.064165],[6.964241,50.063266],[6.964599,50.063047],[6.964609,50.062823],[6.964967,50.062604],[6.964628,50.062373],[6.964279,50.062367],[6.963939,50.062136],[6.96359,50.06213],[6.962572,50.061438],[6.962581,50.061213],[6.964733,50.059902],[6.964393,50.059671],[6.964044,50.059665],[6.963365,50.059203],[6.963384,50.058753],[6.964101,50.058316],[6.964799,50.058329],[6.965139,50.058559],[6.965488,50.058566],[6.966167,50.059027],[6.966157,50.059252],[6.966836,50.059714],[6.966827,50.059938],[6.967525,50.05995],[6.967883,50.059732],[6.968233,50.059738],[6.968912,50.0602],[6.969629,50.059762],[6.969978,50.059769],[6.970336,50.05955],[6.970346,50.059325],[6.969667,50.058864],[6.969676,50.058639],[6.968997,50.058177],[6.968648,50.058171],[6.968308,50.05794],[6.968346,50.057041],[6.969063,50.056604],[6.969082,50.056155],[6.969441,50.055936],[6.96945,50.055712],[6.969809,50.055493],[6.969828,50.055044],[6.969488,50.054813],[6.969517,50.054139],[6.968819,50.054126],[6.968479,50.053896],[6.96813,50.053889],[6.967772,50.054108],[6.967074,50.054096],[6.966734,50.053865],[6.966385,50.053859],[6.965027,50.052936],[6.965386,50.052717],[6.965046,50.052486],[6.965084,50.051587],[6.965443,50.051369],[6.964764,50.050907],[6.964773,50.050682],[6.964434,50.050452],[6.964085,50.050445],[6.963406,50.049984],[6.963764,50.049765],[6.963774,50.04954],[6.963435,50.04931],[6.964151,50.048872],[6.965198,50.048891],[6.965208,50.048666],[6.965925,50.048229],[6.965934,50.048004],[6.965595,50.047773],[6.965604,50.047549],[6.964925,50.047087],[6.964577,50.047081],[6.964237,50.04685],[6.964285,50.045727],[6.964643,50.045508],[6.964304,50.045277],[6.963257,50.045259],[6.962239,50.044566],[6.963314,50.043911],[6.963323,50.043686],[6.963672,50.043692],[6.964389,50.043255],[6.964399,50.04303],[6.964757,50.042812],[6.964767,50.042587],[6.965125,50.042368],[6.965144,50.041919],[6.964805,50.041688],[6.964862,50.04034],[6.964183,50.039878],[6.964192,50.039653],[6.963853,50.039423]]}},
{"type":"Feature","properties":{"STRM_VAL":1.0,"max_accum":187738.0,"color":"#5f8bbb","weight":2.84},"geometry":{"type":"LineString","coordinates":[[6.963853,50.039423],[6.963872,50.038973],[6.963533,50.038742],[6.963542,50.038518],[6.963203,50.038287],[6.963212,50.038062],[6.963571,50.037843],[6.963231,50.037613],[6.963241,50.037388],[6.963599,50.037169],[6.963618,50.03672]]}},
{"type":"Feature","properties":{"STRM_VAL":1.0,"max_accum":26102.0,"color":"#87b5e0","weight":1.83},"geometry":{"type":"LineString","coordinates":[[7.585882,50.115904],[7.585526,50.116124],[7.58552,50.116349],[7.584471,50.116336],[7.584115,50.116557],[7.584108,50.116782],[7.58271,50.116765],[7.582354,50.116985],[7.582004,50.116981],[7.581648,50.117201],[7.580599,50.117189],[7.580243,50.117409],[7.579544,50.117401],[7.579187,50.117621],[7.578838,50.117617],[7.578482,50.117837],[7.577782,50.117829],[7.577426,50.118049],[7.576377,50.118036],[7.576035,50.117807],[7.574287,50.117786],[7.573944,50.117557],[7.572196,50.117535],[7.571853,50.117306],[7.571154,50.117298],[7.570811,50.117068],[7.570461,50.117064],[7.570105,50.117285],[7.569406,50.117276],[7.569063,50.117047],[7.567315,50.117025],[7.566972,50.116796],[7.56626,50.117237],[7.56624,50.117912],[7.565883,50.118132]]}},
{"type":"Feature","properties":{"STRM_VAL":1.0,"max_accum":78828.0,"color":"#709dcb","weight":2.39},"geometry":{"type":"LineString","coordinates":[[7.516641,50.115939],[7.516984,50.116169],[7.516977,50.116393],[7.517662,50.116852],[7.517655,50.117077],[7.517299,50.117297],[7.517264,50.118421],[7.516908,50.118641],[7.516887,50.119315],[7.515817,50.119976],[7.515755,50.121999],[7.515398,50.122219],[7.515391,50.122444],[7.515035,50.122665],[7.514685,50.12266],[7.514328,50.12288],[7.513979,50.122876],[7.512909,50.123537],[7.511511,50.123519],[7.511168,50.12329],[7.510818,50.123285],[7.510462,50.123505],[7.509763,50.123496],[7.50942,50.123267],[7.508022,50.123249],[7.506595,50.12413],[7.506588,50.124355],[7.505875,50.124796],[7.505861,50.125245],[7.505504,50.125465],[7.505497,50.12569],[7.505141,50.12591],[7.505134,50.126135],[7.504777,50.126355],[7.50477,50.12658],[7.504057,50.127021],[7.503357,50.127012],[7.503015,50.126783],[7.502658,50.127003],[7.501959,50.126994],[7.501246,50.127434],[7.501239,50.127659],[7.500882,50.127879],[7.500854,50.128778],[7.500497,50.128999],[7.500483,50.129448],[7.500126,50.129668],[7.500112,50.130118],[7.499399,50.130558],[7.499049,50.130554],[7.498693,50.130774],[7.496944,50.130752],[7.496588,50.130972],[7.496238,50.130967],[7.495881,50.131188],[7.495531,50.131183],[7.494818,50.131623],[7.494811,50.131848],[7.494454,50.132068],[7.494412,50.133417],[7.494755,50.133646],[7.49474,50.134096],[7.495083,50.134325],[7.495076,50.13455],[7.497475,50.136155],[7.497468,50.13638]]}},
{"type":"Feature","properties":{"STRM_VAL":1.0,"max_accum":586859.0,"color":"#4772a5","weight":3.42},"geometry":{"type":"LineString","coordinates":[[6.628324,50.102762],[6.627974,50.102754],[6.627298,50.102291],[6.626949,50.102284],[6.626611,50.102052],[6.626261,50.102045],[6.625923,50.101813],[6.624875,50.101792],[6.624515,50.102009],[6.623816,50.101995],[6.62314,50.101531],[6.623185,50.100632],[6.622508,50.100169],[6.620762,50.100133],[6.620402,50.100351],[6.619354,50.100329],[6.619016,50.100097],[6.618317,50.100083],[6.617979,50.099851],[6.61763,50.099844],[6.616954,50.09938],[6.615906,50.099359],[6.615568,50.099127],[6.61452,50.099105],[6.61283,50.097946],[6.61248,50.097939],[6.611804,50.097475],[6.611106,50.097461],[6.61043,50.096997],[6.61008,50.09699],[6.609066,50.096295],[6.606622,50.096244],[6.606261,50.096462],[6.605213,50.09644],[6.604875,50.096208],[6.604526,50.096201]]}},
{"type":"Feature","properties":{"STRM_VAL":1.0,"max_accum":614971.0,"color":"#4671a5","weight":3.44},"geometry":{"type":"LineString","coordinates":[[6.604526,50.096201],[6.604537,50.095976],[6.604898,50.095759],[6.604976,50.094186],[6.604638,50.093954],[6.604672,50.09328],[6.604334,50.093049],[6.604367,50.092375],[6.60403,50.092143],[6.604052,50.091693],[6.603714,50.091462],[6.603736,50.091012],[6.603398,50.09078],[6.603432,50.090107],[6.603094,50.089875],[6.603116,50.089425],[6.602778,50.089193],[6.602801,50.088744],[6.603161,50.088527],[6.603173,50.088302],[6.603533,50.088085],[6.603544,50.08786],[6.603904,50.087643],[6.603916,50.087418],[6.604276,50.0872],[6.604287,50.086976],[6.605008,50.086541],[6.60503,50.086092],[6.605751,50.085657],[6.605818,50.084309],[6.60548,50.084077],[6.605492,50.083852],[6.605154,50.08362],[6.605176,50.083171],[6.604838,50.082939],[6.604849,50.082715],[6.601808,50.080628],[6.601875,50.07928],[6.602236,50.079063],[6.60228,50.078164],[6.602641,50.077947],[6.602663,50.077497],[6.603023,50.07728],[6.603046,50.07683],[6.603406,50.076613],[6.603068,50.076381],[6.603102,50.075707],[6.602764,50.075475],[6.602786,50.075026],[6.602449,50.074794],[6.602482,50.07412],[6.602144,50.073888],[6.602312,50.070519],[6.601975,50.070287],[6.601986,50.070062],[6.601648,50.06983],[6.601659,50.069606],[6.601321,50.069374],[6.601333,50.069149]]}},
{"type":"Feature","properties":{"STRM_VAL":1.0,"max_accum":182169.0,"color":"#5f8cbc","weight":2.82},"geometry":{"type":"LineString","coordinates":[[6.876887,50.111173],[6.876917,50.110499],[6.877276,50.110281],[6.877296,50.109831],[6.876617,50.109369],[6.876627,50.109144],[6.876288,50.108913],[6.876298,50.108689],[6.877016,50.108252],[6.877026,50.108027],[6.877376,50.108034],[6.877735,50.107815],[6.878084,50.107822],[6.878444,50.107603],[6.878793,50.10761],[6.880589,50.106518],[6.880939,50.106525],[6.881657,50.106088],[6.882007,50.106094],[6.882725,50.105658],[6.88552,50.105709],[6.886957,50.104835],[6.887656,50.104848],[6.888015,50.10463],[6.888365,50.104636],[6.888724,50.104418],[6.889073,50.104424],[6.889432,50.104206],[6.889442,50.103981],[6.889801,50.103763],[6.890151,50.103769],[6.890161,50.103544],[6.890879,50.103108],[6.891927,50.103127],[6.892286,50.102908],[6.892636,50.102915],[6.893354,50.102478],[6.893364,50.102253],[6.893723,50.102035],[6.893384,50.101804],[6.893413,50.10113],[6.894491,50.100475],[6.894501,50.10025],[6.89486,50.100032],[6.895209,50.100038],[6.895568,50.09982],[6.895918,50.099826],[6.896277,50.099608],[6.896626,50.099614],[6.896985,50.099396],[6.897335,50.099402],[6.898053,50.098965],[6.898402,50.098972],[6.898432,50.098298],[6.898092,50.098067],[6.898102,50.097842],[6.897763,50.097611],[6.898122,50.097392],[6.898151,50.096718],[6.899229,50.096063],[6.898889,50.095832],[6.898948,50.094484],[6.900026,50.093829],[6.900375,50.093835],[6.901811,50.092962],[6.901821,50.092737],[6.90218,50.092519],[6.90219,50.092294],[6.902549,50.092076],[6.902559,50.091851],[6.902219,50.09162],[6.902229,50.091395],[6.90189,50.091164],[6.901958,50.089591],[6.90128,50.089129],[6.901329,50.088006],[6.902047,50.087569],[6.902057,50.087344],[6.902416,50.087126],[6.902765,50.087132],[6.903842,50.086477],[6.904191,50.086483],[6.905268,50.085828],[6.905327,50.08448],[6.904648,50.084018],[6.904678,50.083344],[6.905037,50.083126],[6.905046,50.082901],[6.904707,50.08267],[6.904717,50.082445],[6.904377,50.082214],[6.904387,50.081989],[6.904746,50.081771],[6.905095,50.081777],[6.905454,50.081559],[6.905804,50.081565],[6.906522,50.081128],[6.906531,50.080904],[6.905853,50.080442],[6.905503,50.080435],[6.904825,50.079973],[6.904854,50.079299],[6.905213,50.079081],[6.905233,50.078632],[6.905592,50.078413],[6.905631,50.077514],[6.906349,50.077078],[6.907396,50.077096],[6.907755,50.076878],[6.907765,50.076653],[6.907425,50.076422],[6.907076,50.076416],[6.906058,50.075723],[6.906417,50.075505],[6.906427,50.07528],[6.907145,50.074843],[6.907494,50.074849],[6.907853,50.074631],[6.9089,50.07465],[6.909259,50.074432],[6.909269,50.074207],[6.909628,50.073988],[6.909638,50.073764],[6.909997,50.073545],[6.911393,50.07357],[6.912829,50.072697],[6.912858,50.072023],[6.912519,50.071792],[6.912528,50.071567],[6.912189,50.071336],[6.912209,50.070887],[6.913285,50.070231],[6.913634,50.070238],[6.914352,50.069801],[6.913334,50.069108],[6.913693,50.068889],[6.91474,50.068908],[6.915458,50.068471],[6.915807,50.068478],[6.916166,50.068259],[6.916864,50.068272],[6.917223,50.068053],[6.917572,50.06806],[6.918289,50.067623],[6.918387,50.065376],[6.919104,50.064939],[6.919163,50.063591],[6.91988,50.063154],[6.920229,50.06316],[6.920588,50.062942],[6.920937,50.062948],[6.921296,50.062729],[6.921645,50.062736],[6.922363,50.062299],[6.92341,50.062318],[6.923749,50.062549],[6.924108,50.06233],[6.924118,50.062105],[6.923439,50.061643],[6.923458,50.061194],[6.923817,50.060976],[6.923827,50.060751],[6.924185,50.060532],[6.924535,50.060539],[6.924893,50.06032],[6.925242,50.060326],[6.925601,50.060108],[6.92595,50.060114],[6.926309,50.059896],[6.927007,50.059908],[6.927724,50.059471],[6.927046,50.059009],[6.926697,50.059003],[6.926726,50.058329],[6.927084,50.058111],[6.927433,50.058117],[6.927792,50.057898],[6.927802,50.057674],[6.927123,50.057212],[6.927143,50.056762],[6.926803,50.056531],[6.926813,50.056307],[6.927172,50.056088],[6.927511,50.056319],[6.928558,50.056338],[6.929275,50.055901],[6.929285,50.055676],[6.93072,50.054802],[6.932116,50.054827],[6.932474,50.054609],[6.932135,50.054378],[6.932494,50.054159],[6.932503,50.053935],[6.933221,50.053498],[6.93357,50.053504],[6.933928,50.053285],[6.934277,50.053292],[6.934636,50.053073],[6.934985,50.053079],[6.934995,50.052855],[6.935353,50.052636],[6.935363,50.052412],[6.935722,50.052193],[6.935741,50.051744],[6.935401,50.051513],[6.934703,50.0515],[6.934364,50.051269],[6.934374,50.051045],[6.934732,50.050826],[6.934742,50.050601],[6.934063,50.05014],[6.934073,50.049915],[6.933394,50.049453],[6.933414,50.049004],[6.935207,50.047911],[6.935556,50.047917],[6.935565,50.047693],[6.935924,50.047474],[6.93732,50.047499],[6.937659,50.04773],[6.938008,50.047736],[6.938367,50.047518],[6.938386,50.047068],[6.938047,50.046837],[6.938056,50.046613],[6.937717,50.046382],[6.937727,50.046157],[6.938085,50.045939],[6.938783,50.045951],[6.9395,50.045514],[6.93951,50.045289],[6.939859,50.045295],[6.940217,50.045077],[6.940227,50.044852],[6.939888,50.044621],[6.939907,50.044172],[6.940624,50.043735],[6.940634,50.04351],[6.940982,50.043516],[6.9417,50.043079],[6.94136,50.042848],[6.940662,50.042836],[6.940323,50.042605],[6.940352,50.041931],[6.94071,50.041713],[6.941059,50.041719],[6.941776,50.041282],[6.943172,50.041306],[6.944869,50.042461],[6.945915,50.042479],[6.946255,50.04271],[6.946613,50.042492],[6.948707,50.042529],[6.949065,50.04231],[6.949414,50.042316],[6.949753,50.042547],[6.950102,50.042554],[6.950442,50.042784],[6.9508,50.042566],[6.953243,50.042609],[6.953921,50.043071],[6.95427,50.043077],[6.95461,50.043308],[6.955685,50.042652],[6.955714,50.041978],[6.956789,50.041322],[6.956808,50.040873],[6.957167,50.040654],[6.958213,50.040673],[6.959289,50.040017],[6.959298,50.039792],[6.961043,50.039823],[6.961401,50.039604],[6.962099,50.039617],[6.962438,50.039847],[6.963136,50.03986],[6.963853,50.039423]]}},
{"type":"Feature","properties":{"STRM_VAL":1.0,"max_accum":56803.0,"color":"#77a5d2","weight":2.23},"geometry":{"type":"LineString","coordinates":[[7.103272,50.116442],[7.103971,50.116454],[7.104311,50.116684],[7.104661,50.11669],[7.105001,50.11692],[7.105351,50.116926],[7.106426,50.116269],[7.107125,50.11628]]}},
{"type":"Feature","properties":{"STRM_VAL":1.0,"max_accum":5395296.0,"color":"#1a437b","weight":4.55},"geometry":{"type":"LineString","coordinates":[[7.107125,50.11628],[7.108523,50.116303],[7.108881,50.116084],[7.109231,50.11609],[7.10924,50.115865],[7.109598,50.115646],[7.109607,50.115421],[7.109956,50.115427],[7.110673,50.114989],[7.110699,50.114315],[7.110018,50.113854],[7.110376,50.113635],[7.110385,50.11341],[7.110045,50.11318],[7.110403,50.112961],[7.111102,50.112972],[7.11146,50.112753],[7.112159,50.112764],[7.1125,50.112995],[7.113898,50.113018],[7.114256,50.112799],[7.114955,50.11281],[7.115313,50.112591],[7.115322,50.112366],[7.116021,50.112377],[7.116012,50.112602],[7.116353,50.112833],[7.116702,50.112838],[7.11706,50.112619],[7.118458,50.112642],[7.118799,50.112872],[7.119148,50.112878],[7.119489,50.113108],[7.119839,50.113114],[7.121201,50.114036],[7.12225,50.114052],[7.122931,50.114513],[7.123281,50.114519],[7.123621,50.114749],[7.125718,50.114783],[7.126076,50.114564],[7.126775,50.114575],[7.127492,50.114137],[7.128191,50.114148],[7.128531,50.114379],[7.131677,50.114429],[7.132018,50.11466],[7.132367,50.114665],[7.132725,50.114446],[7.13276,50.113547],[7.133118,50.113328],[7.134167,50.113345],[7.134848,50.113806],[7.135198,50.113811],[7.135879,50.114272],[7.136229,50.114278],[7.137592,50.115199],[7.13864,50.115216],[7.139357,50.114778],[7.139365,50.114553],[7.142589,50.112581],[7.142632,50.111457],[7.142991,50.111238],[7.143051,50.109665],[7.141688,50.108744],[7.14133,50.108963],[7.14099,50.108732],[7.140998,50.108508],[7.140658,50.108277],[7.140666,50.108053],[7.140326,50.107822],[7.140334,50.107598],[7.140692,50.107378],[7.140701,50.107154],[7.141059,50.106935],[7.141409,50.10694],[7.141426,50.106491],[7.141085,50.10626],[7.141138,50.104912],[7.140456,50.104451],[7.140465,50.104227],[7.140124,50.103996],[7.140133,50.103772],[7.139451,50.103311],[7.139469,50.102861],[7.139827,50.102642],[7.139844,50.102193],[7.140202,50.101974],[7.140211,50.101749],[7.13987,50.101519],[7.139521,50.101513],[7.13884,50.101052],[7.138857,50.100603]]}},
{"type":"Feature","properties":{"STRM_VAL":1.0,"max_accum":81388.0,"color":"#709dcb","weight":2.41},"geometry":{"type":"LineString","coordinates":[[6.751344,50.111282],[6.750624,50.111718],[6.750275,50.111711],[6.749195,50.112365],[6.749185,50.11259],[6.748825,50.112807],[6.748814,50.113032],[6.748454,50.11325],[6.748412,50.114149],[6.749768,50.115075],[6.750117,50.115081],[6.750456,50.115313],[6.750805,50.11532],[6.751144,50.115551],[6.751494,50.115558],[6.751833,50.115789],[6.751822,50.116014],[6.753516,50.117171],[6.753866,50.117178],[6.754544,50.117641],[6.754893,50.117647],[6.755232,50.117879],[6.755581,50.117886],[6.75592,50.118117],[6.757318,50.118144],[6.757678,50.117926],[6.759076,50.117953],[6.759415,50.118185],[6.760812,50.118212],[6.761172,50.117994],[6.761871,50.118007],[6.762231,50.117789],[6.76258,50.117796]]}},
{"type":"Feature","properties":{"STRM_VAL":1.0,"max_accum":99893.0,"color":"#6b98c7","weight":2.51},"geometry":{"type":"LineString","coordinates":[[6.76258,50.117796],[6.762612,50.117122],[6.762972,50.116904],[6.763003,50.11623],[6.763363,50.116012],[6.763373,50.115787],[6.763733,50.115569],[6.763744,50.115345],[6.764104,50.115127],[6.766899,50.115181],[6.767577,50.115643],[6.767937,50.115425],[6.769684,50.115459],[6.770044,50.115241],[6.770383,50.115472],[6.771822,50.114601],[6.772171,50.114607],[6.772531,50.114389],[6.772881,50.114396],[6.77324,50.114178],[6.77359,50.114185],[6.77395,50.113967],[6.774299,50.113973],[6.774659,50.113755],[6.775358,50.113769],[6.775368,50.113544],[6.775728,50.113326],[6.776077,50.113333],[6.776108,50.112659],[6.775431,50.112196],[6.775081,50.112189],[6.774742,50.111958],[6.774382,50.112176],[6.773684,50.112163],[6.773345,50.111931],[6.772646,50.111918],[6.771968,50.111455],[6.771989,50.111006],[6.77165,50.110774],[6.77201,50.110556],[6.771671,50.110325],[6.773829,50.109017],[6.774179,50.109024],[6.775258,50.10837],[6.775957,50.108383],[6.776317,50.108165],[6.776327,50.107941],[6.776687,50.107723],[6.776739,50.106599],[6.7764,50.106368],[6.776431,50.105694],[6.777151,50.105258],[6.780295,50.105318],[6.780654,50.1051],[6.781004,50.105107],[6.781363,50.104889],[6.781713,50.104895],[6.783152,50.104023],[6.783501,50.10403],[6.783861,50.103812],[6.783902,50.102913],[6.784262,50.102695],[6.784283,50.102246],[6.785002,50.10181],[6.785012,50.101585],[6.785372,50.101367],[6.785413,50.100469],[6.785074,50.100237],[6.785106,50.099563]]}},
{"type":"Feature","properties":{"STRM_VAL":1.0,"max_accum":97318.0,"color":"#6c99c7","weight":2.5},"geometry":{"type":"LineString","coordinates":[[7.469043,50.128138],[7.468329,50.128579],[7.468322,50.128803],[7.467965,50.129024],[7.467944,50.129698],[7.46616,50.130799],[7.466138,50.131473],[7.466481,50.131702],[7.466466,50.132152],[7.466809,50.132381],[7.466802,50.132606],[7.467144,50.132835],[7.467137,50.13306],[7.467479,50.13329],[7.467472,50.133514],[7.467815,50.133744],[7.467808,50.133968],[7.46815,50.134198],[7.468143,50.134423],[7.468485,50.134652],[7.468471,50.135102],[7.468114,50.135322],[7.467772,50.135092],[7.467422,50.135088]]}},
{"type":"Feature","properties":{"STRM_VAL":1.0,"max_accum":66486.0,"color":"#74a1cf","weight":2.31},"geometry":{"type":"LineString","coordinates":[[6.656012,50.115693],[6.656023,50.115468],[6.656384,50.11525],[6.656395,50.115026],[6.657476,50.114373],[6.657825,50.11438],[6.658186,50.114162],[6.658535,50.114169],[6.659976,50.113299],[6.660326,50.113306],[6.661046,50.112871],[6.661745,50.112885],[6.662105,50.112667],[6.662455,50.112674],[6.662815,50.112457],[6.663863,50.112478],[6.664223,50.11226],[6.666669,50.112309],[6.667029,50.112092],[6.668077,50.112113],[6.668437,50.111895],[6.668787,50.111902],[6.669147,50.111684],[6.669496,50.111691],[6.669857,50.111474],[6.670206,50.111481],[6.670566,50.111263],[6.670916,50.11127],[6.671636,50.110835],[6.671985,50.110842],[6.674147,50.109536],[6.674169,50.109087],[6.674529,50.108869],[6.674551,50.10842],[6.674911,50.108202],[6.674922,50.107977],[6.676002,50.107324],[6.6774,50.107352],[6.67776,50.107135],[6.678098,50.107366],[6.678797,50.10738],[6.679157,50.107163],[6.680205,50.107183],[6.680926,50.106748],[6.681275,50.106755],[6.683436,50.105449],[6.683785,50.105456],[6.684505,50.105021],[6.684855,50.105028],[6.685215,50.10481],[6.685564,50.104817],[6.685924,50.104599],[6.686274,50.104606],[6.686994,50.104171],[6.687005,50.103946],[6.687365,50.103728],[6.687376,50.103504],[6.687037,50.103272],[6.687048,50.103047],[6.686371,50.102584],[6.686382,50.102359],[6.686044,50.102128],[6.686404,50.10191],[6.686065,50.101678],[6.686098,50.101004],[6.685759,50.100773],[6.68577,50.100548],[6.685432,50.100317],[6.685082,50.10031],[6.684405,50.099846],[6.684438,50.099172],[6.684798,50.098955],[6.684809,50.09873],[6.685529,50.098295],[6.68554,50.09807],[6.6859,50.097852],[6.685954,50.096729],[6.686314,50.096511],[6.686357,50.095613],[6.685681,50.095149],[6.685331,50.095142],[6.684993,50.094911],[6.684644,50.094904],[6.683967,50.09444],[6.684054,50.092643],[6.683715,50.092412],[6.683726,50.092187],[6.683388,50.091955],[6.683038,50.091948],[6.682362,50.091485],[6.682373,50.09126],[6.682034,50.091029],[6.682056,50.090579],[6.682416,50.090362],[6.682438,50.089912],[6.683518,50.089259],[6.683561,50.088361],[6.682884,50.087897],[6.682535,50.08789],[6.682546,50.087666],[6.682208,50.087434],[6.681858,50.087427],[6.681182,50.086964],[6.681225,50.086065],[6.683025,50.084977],[6.683036,50.084752],[6.683396,50.084534],[6.683058,50.084303],[6.683069,50.084078],[6.682021,50.084057],[6.681683,50.083825],[6.680984,50.083812],[6.680308,50.083348],[6.680319,50.083124],[6.67998,50.082892],[6.679991,50.082667],[6.680351,50.08245],[6.680373,50.082],[6.681093,50.081565],[6.681104,50.08134],[6.681824,50.080905],[6.681835,50.08068],[6.682195,50.080462],[6.682544,50.080469],[6.682904,50.080252],[6.683253,50.080259],[6.683973,50.079823],[6.684322,50.07983],[6.684682,50.079613],[6.685031,50.07962],[6.685369,50.079851],[6.686766,50.079879],[6.687486,50.079444],[6.687496,50.079219],[6.687856,50.079001],[6.687867,50.078777],[6.688227,50.078559],[6.68826,50.077885],[6.688619,50.077667],[6.688652,50.076993],[6.689012,50.076775],[6.689023,50.076551],[6.689742,50.076115],[6.690092,50.076122],[6.69043,50.076354],[6.691477,50.076375],[6.691837,50.076157],[6.692186,50.076164],[6.693266,50.075511],[6.693615,50.075518],[6.693975,50.0753],[6.694324,50.075307],[6.694684,50.075089],[6.695382,50.075103],[6.696462,50.07445]]}},
{"type":"Feature","properties":{"STRM_VAL":1.0,"max_accum":96001.0,"color":"#6c99c8","weight":2.49},"geometry":{"type":"LineString","coordinates":[[6.696462,50.07445],[6.696123,50.074218],[6.697203,50.073565],[6.697214,50.07334],[6.696875,50.073109],[6.696897,50.07266],[6.697257,50.072442],[6.697278,50.071992],[6.69694,50.071761],[6.696591,50.071754],[6.696634,50.070855],[6.696296,50.070624],[6.696655,50.070406],[6.696317,50.070174],[6.696328,50.06995],[6.695651,50.069486],[6.695662,50.069262],[6.695324,50.06903],[6.695345,50.068581],[6.694669,50.068118],[6.694712,50.067219],[6.695072,50.067001],[6.695082,50.066777],[6.695802,50.066341],[6.695813,50.066116],[6.696532,50.065681],[6.696194,50.065449],[6.696205,50.065225],[6.696565,50.065007],[6.696575,50.064782],[6.697295,50.064347],[6.696957,50.064115],[6.696968,50.063891],[6.697327,50.063673],[6.697392,50.062325],[6.697752,50.062107],[6.697762,50.061882],[6.698122,50.061665],[6.698176,50.060541],[6.698536,50.060324],[6.698197,50.060092],[6.698208,50.059867],[6.698568,50.05965],[6.6986,50.058976],[6.698949,50.058983],[6.699669,50.058547],[6.700367,50.058561],[6.701446,50.057908],[6.701795,50.057915],[6.702154,50.057697],[6.702852,50.057711],[6.703212,50.057493],[6.703223,50.057268],[6.703583,50.05705],[6.703931,50.057057],[6.704291,50.05684],[6.704313,50.05639],[6.704672,50.056172],[6.704683,50.055948],[6.705043,50.05573],[6.705075,50.055056],[6.705435,50.054838],[6.706132,50.054852],[6.706852,50.054417],[6.706862,50.054192],[6.707222,50.053974],[6.707233,50.053749],[6.707593,50.053532],[6.707941,50.053539],[6.70902,50.052885],[6.709369,50.052892],[6.709729,50.052674],[6.70974,50.05245],[6.710099,50.052232],[6.71011,50.052007],[6.710829,50.051572],[6.71084,50.051347],[6.711559,50.050911],[6.711221,50.05068],[6.711581,50.050462],[6.711591,50.050237],[6.711951,50.05002],[6.7123,50.050026],[6.712659,50.049809],[6.71267,50.049584],[6.71303,50.049366],[6.71304,50.049142],[6.713389,50.049148],[6.713749,50.048931],[6.71376,50.048706],[6.714119,50.048488],[6.714468,50.048495],[6.714828,50.048277],[6.716572,50.048312],[6.716932,50.048094],[6.717281,50.048101],[6.718,50.047665],[6.718042,50.046766],[6.719481,50.045895],[6.719491,50.04567],[6.719851,50.045453],[6.719915,50.044105],[6.720993,50.043451],[6.721004,50.043226],[6.721363,50.043009],[6.721712,50.043016],[6.722072,50.042798],[6.722421,50.042805],[6.72278,50.042587],[6.723129,50.042594],[6.723488,50.042376],[6.723827,50.042607],[6.724546,50.042172],[6.724895,50.042178],[6.724905,50.041954],[6.725624,50.041518],[6.725973,50.041525],[6.726333,50.041307],[6.726681,50.041314],[6.7274,50.040878],[6.727749,50.040885],[6.728109,50.040667],[6.728457,50.040674],[6.728817,50.040456],[6.729166,50.040463],[6.729885,50.040027],[6.730234,50.040034],[6.730593,50.039816],[6.730942,50.039823],[6.73128,50.040055],[6.731978,50.040068],[6.732337,50.039851],[6.732686,50.039857],[6.734483,50.038768],[6.734494,50.038543],[6.735213,50.038108],[6.735223,50.037883],[6.734885,50.037651],[6.735604,50.037216],[6.736301,50.037229],[6.73664,50.037461],[6.737686,50.037481],[6.738405,50.037046],[6.738426,50.036596],[6.738786,50.036378],[6.738796,50.036154],[6.739494,50.036167],[6.739853,50.035949],[6.740551,50.035963],[6.741269,50.035527],[6.741967,50.035541],[6.742305,50.035772],[6.742654,50.035779],[6.743373,50.035343],[6.743722,50.03535],[6.744081,50.035132],[6.744092,50.034907],[6.74481,50.034472],[6.745857,50.034492],[6.746935,50.033838],[6.746597,50.033607],[6.746607,50.033382],[6.747685,50.032728],[6.747706,50.032279],[6.750221,50.030754],[6.750242,50.030304],[6.750601,50.030086],[6.75094,50.030318],[6.751299,50.0301],[6.75132,50.029651],[6.752039,50.029215],[6.7517,50.028983],[6.75206,50.028765]]}},
{"type":"Feature","properties":{"STRM_VAL":1.0,"max_accum":176652.0,"color":"#608cbc","weight":2.81},"geometry":{"type":"LineString","coordinates":[[6.973637,50.122122],[6.973656,50.121673],[6.972296,50.12075],[6.972305,50.120525],[6.971965,50.120294],[6.972013,50.11917],[6.971673,50.11894],[6.97172,50.117816],[6.972079,50.117598],[6.972089,50.117373],[6.972447,50.117154],[6.972457,50.11693],[6.973534,50.116274],[6.974582,50.116292],[6.975262,50.116754],[6.975612,50.11676],[6.975952,50.116991],[6.976301,50.116997],[6.976641,50.117227],[6.976991,50.117233],[6.977708,50.116796],[6.978058,50.116802],[6.978417,50.116584],[6.978766,50.11659],[6.979106,50.116821],[6.979456,50.116827],[6.979796,50.117057],[6.980495,50.11707]]}},
{"type":"Feature","properties":{"STRM_VAL":1.0,"max_accum":200918.0,"color":"#5d89ba","weight":2.87},"geometry":{"type":"LineString","coordinates":[[6.980495,50.11707],[6.981213,50.116632],[6.981562,50.116638],[6.981921,50.11642],[6.98227,50.116426],[6.982629,50.116207],[6.982639,50.115983],[6.981959,50.115521],[6.981968,50.115296],[6.981288,50.114835],[6.981298,50.11461],[6.980618,50.114148],[6.980268,50.114142],[6.979909,50.114361],[6.980249,50.114592],[6.98023,50.115041],[6.979871,50.11526],[6.979522,50.115254],[6.979182,50.115023],[6.979201,50.114574],[6.978861,50.114343],[6.97888,50.113893],[6.97786,50.113201],[6.977879,50.112752],[6.978238,50.112533],[6.978587,50.112539],[6.979664,50.111883],[6.97973,50.11031],[6.980089,50.110092],[6.980438,50.110098],[6.980797,50.109879],[6.981496,50.109891],[6.982214,50.109454],[6.982913,50.109466],[6.983271,50.109247],[6.983621,50.109253],[6.98398,50.109035],[6.984329,50.109041],[6.984688,50.108822],[6.984735,50.107699],[6.984395,50.107468],[6.984405,50.107243],[6.984065,50.107012],[6.983706,50.107231],[6.983366,50.107],[6.983385,50.106551],[6.983744,50.106332],[6.983762,50.105883],[6.983422,50.105652],[6.983432,50.105427],[6.982752,50.104966],[6.980656,50.104929],[6.980297,50.105148],[6.979948,50.105142],[6.979589,50.105361],[6.979239,50.105354],[6.97888,50.105573],[6.978871,50.105798],[6.978512,50.106016],[6.978503,50.106241],[6.978144,50.10646],[6.978134,50.106684],[6.977776,50.106903],[6.976727,50.106885],[6.976756,50.106211],[6.977115,50.105992],[6.977124,50.105767],[6.977483,50.105549],[6.977511,50.104875],[6.97787,50.104656],[6.977899,50.103982],[6.978616,50.103545],[6.978966,50.103551],[6.979324,50.103332],[6.979674,50.103338],[6.980033,50.10312],[6.980089,50.101771],[6.979749,50.101541],[6.979778,50.100866],[6.980495,50.100429],[6.980845,50.100435],[6.981204,50.100217],[6.981553,50.100223],[6.981893,50.100453],[6.982591,50.100466],[6.982931,50.100696],[6.983281,50.100702],[6.98364,50.100484],[6.983649,50.100259],[6.983309,50.100028],[6.983318,50.099804],[6.982639,50.099342],[6.979844,50.099293],[6.979504,50.099063],[6.979523,50.098613],[6.979183,50.098382],[6.979202,50.097933],[6.978862,50.097702],[6.978872,50.097478],[6.978532,50.097247],[6.978541,50.097022],[6.978201,50.096791],[6.978239,50.095892],[6.979316,50.095237],[6.978976,50.095006],[6.977928,50.094988],[6.977588,50.094757],[6.977616,50.094083],[6.977975,50.093864],[6.977984,50.093639],[6.978702,50.093202],[6.978711,50.092977],[6.979429,50.09254],[6.979089,50.092309],[6.979099,50.092085],[6.978759,50.091854],[6.978787,50.09118],[6.979146,50.090961],[6.979155,50.090736],[6.979514,50.090518],[6.979533,50.090068],[6.978513,50.089376],[6.978523,50.089151],[6.978882,50.088933],[6.979929,50.088951],[6.980288,50.088732],[6.980987,50.088744],[6.980996,50.08852],[6.980656,50.088289],[6.980666,50.088064],[6.980326,50.087833],[6.978929,50.087809],[6.978249,50.087347],[6.978259,50.087123],[6.978617,50.086904],[6.978627,50.086679],[6.978287,50.086449],[6.980439,50.085137],[6.980449,50.084912],[6.980798,50.084918],[6.981478,50.08538],[6.981468,50.085604],[6.982148,50.086066],[6.983195,50.086084],[6.983554,50.085866],[6.983611,50.084517],[6.983271,50.084287],[6.98329,50.083837],[6.98295,50.083606],[6.982978,50.082932],[6.982638,50.082702],[6.982997,50.082483],[6.984045,50.082501],[6.984385,50.082732],[6.985432,50.08275],[6.986112,50.083212],[6.986461,50.083218],[6.987141,50.083679],[6.988538,50.083703],[6.990237,50.084857],[6.993729,50.084918],[6.994069,50.085148],[6.994418,50.085154],[6.994758,50.085385],[6.995457,50.085397],[6.995796,50.085628],[6.996844,50.085646],[6.997203,50.085427],[6.99825,50.085445],[6.998609,50.085227],[6.998958,50.085233],[7.000034,50.084577],[7.000383,50.084583],[7.000723,50.084813],[7.000695,50.085488],[7.001375,50.085949],[7.002073,50.085961],[7.002432,50.085742],[7.003131,50.085754]]}},
{"type":"Feature","properties":{"STRM_VAL":1.0,"max_accum":106775.0,"color":"#6a97c6","weight":2.55},"geometry":{"type":"LineString","coordinates":[[7.447235,50.131896],[7.448947,50.133043],[7.448939,50.133268],[7.449624,50.133727],[7.449617,50.133952],[7.449959,50.134181],[7.449952,50.134406],[7.450294,50.134635],[7.45028,50.135085],[7.449566,50.135525],[7.449537,50.136424],[7.449879,50.136654],[7.449872,50.136878],[7.450899,50.137567],[7.451249,50.137571],[7.451592,50.137801],[7.451941,50.137806]]}},
{"type":"Feature","properties":{"STRM_VAL":1.0,"max_accum":5477597.0,"color":"#1a427b","weight":4.56},"geometry":{"type":"LineString","coordinates":[[7.192313,50.129331],[7.192279,50.13023],[7.19262,50.13046],[7.192578,50.131584],[7.192219,50.131803],[7.19216,50.133376],[7.191444,50.133815],[7.190745,50.133804],[7.190387,50.134023],[7.190378,50.134248],[7.19002,50.134467],[7.190012,50.134692],[7.189653,50.134911],[7.189636,50.135361],[7.189278,50.13558],[7.189261,50.13603],[7.188903,50.136249],[7.188852,50.137597],[7.189193,50.137828],[7.189168,50.138502],[7.189509,50.138732],[7.189484,50.139406],[7.189126,50.139625],[7.189092,50.140524],[7.184196,50.140448]]}},
{"type":"Feature","properties":{"STRM_VAL":1.0,"max_accum":64542.0,"color":"#74a2cf","weight":2.29},"geometry":{"type":"LineString","coordinates":[[7.511512,50.134762],[7.511155,50.134982],[7.509756,50.134964],[7.5094,50.135184],[7.5087,50.135175],[7.50763,50.135836],[7.507623,50.136061],[7.507266,50.136281],[7.507203,50.138304],[7.507546,50.138534],[7.507532,50.138983],[7.507175,50.139203]]}},
{"type":"Feature","properties":{"STRM_VAL":1.0,"max_accum":42054.0,"color":"#7dabd7","weight":2.07},"geometry":{"type":"LineString","coordinates":[[7.40308,50.134221],[7.402054,50.133532],[7.402076,50.132858],[7.40105,50.132169],[7.401057,50.131944],[7.400715,50.131715],[7.400365,50.13171],[7.399681,50.131251],[7.399331,50.131246],[7.398989,50.131016],[7.39864,50.131011],[7.398647,50.130787],[7.398305,50.130557],[7.397955,50.130552],[7.397613,50.130323],[7.397264,50.130318],[7.396921,50.130088],[7.396572,50.130083],[7.395888,50.129624],[7.395538,50.129619],[7.394512,50.128931],[7.393812,50.128921],[7.393098,50.129361],[7.392748,50.129356],[7.392391,50.129576],[7.388895,50.129527],[7.388538,50.129747],[7.388188,50.129742],[7.387474,50.130182],[7.387466,50.130407],[7.387109,50.130627],[7.387101,50.130852],[7.386387,50.131291],[7.385338,50.131277],[7.384981,50.131497],[7.383932,50.131482],[7.383575,50.131702],[7.383225,50.131697],[7.38251,50.132137],[7.382503,50.132362],[7.382146,50.132582],[7.381796,50.132577],[7.381439,50.132797],[7.381431,50.133021],[7.381074,50.133241],[7.378976,50.133212],[7.378619,50.133432],[7.37757,50.133417],[7.377212,50.133637],[7.376163,50.133622],[7.375806,50.133842],[7.375798,50.134067],[7.375084,50.134507],[7.374734,50.134502],[7.374711,50.135176],[7.375053,50.135406],[7.375008,50.136754],[7.37465,50.136974],[7.374635,50.137424],[7.374278,50.137644],[7.374247,50.138543],[7.37459,50.138772],[7.374574,50.139222],[7.374217,50.139442],[7.373867,50.139437],[7.37351,50.139657],[7.372111,50.139637],[7.371754,50.139857],[7.370705,50.139842],[7.370347,50.140062],[7.369998,50.140057],[7.368211,50.141156],[7.368203,50.141381],[7.367131,50.14204],[7.366781,50.142036],[7.366424,50.142255],[7.363276,50.142211],[7.362562,50.142651],[7.362554,50.142875],[7.362197,50.143095],[7.362189,50.14332],[7.361831,50.14354],[7.361824,50.143765],[7.361466,50.143984],[7.361359,50.147131],[7.361001,50.147351],[7.360986,50.1478],[7.360629,50.14802],[7.360621,50.148245],[7.359548,50.148904],[7.359541,50.149129],[7.359183,50.149349],[7.359176,50.149574],[7.358818,50.149793],[7.35881,50.150018],[7.358095,50.150458],[7.357746,50.150453],[7.35773,50.150902],[7.357373,50.151122],[7.357365,50.151347],[7.357008,50.151567],[7.356992,50.152016],[7.356635,50.152236],[7.356619,50.152686],[7.356262,50.152905],[7.356604,50.153135],[7.357304,50.153145],[7.357646,50.153375],[7.357615,50.154274],[7.358299,50.154733],[7.358276,50.155407],[7.359302,50.156096],[7.359295,50.156321],[7.359979,50.156781],[7.359971,50.157005],[7.360998,50.157694],[7.36099,50.157919],[7.361332,50.158149],[7.360975,50.158369],[7.360967,50.158593],[7.360609,50.158813],[7.360602,50.159038],[7.359172,50.159917],[7.358122,50.159902],[7.356692,50.160782],[7.356342,50.160777],[7.354196,50.162095],[7.354181,50.162545],[7.353823,50.162765],[7.353816,50.162989],[7.353458,50.163209],[7.353435,50.163884],[7.353077,50.164103],[7.352727,50.164098],[7.351297,50.164977],[7.350947,50.164973],[7.350589,50.165192],[7.350582,50.165417],[7.350224,50.165637],[7.349874,50.165632],[7.349159,50.166071],[7.348809,50.166066],[7.348801,50.166291],[7.347728,50.166951],[7.347721,50.167175]]}},
{"type":"Feature","properties":{"STRM_VAL":1.0,"max_accum":6168625.0,"color":"#174079","weight":4.62},"geometry":{"type":"LineString","coordinates":[[7.347721,50.167175],[7.347363,50.167395],[7.347355,50.16762],[7.347697,50.16785],[7.34734,50.168069],[7.34559,50.168044],[7.345232,50.168264],[7.344882,50.168259],[7.343094,50.169358],[7.343086,50.169583],[7.342371,50.170022],[7.342348,50.170696],[7.343032,50.171156],[7.343024,50.171381],[7.343366,50.17161],[7.343327,50.172734],[7.34297,50.172954],[7.342923,50.174302],[7.343265,50.174532],[7.34325,50.174982],[7.343934,50.175441],[7.343841,50.178138],[7.344183,50.178368],[7.34416,50.179042],[7.343444,50.179482],[7.343094,50.179477],[7.342736,50.179696],[7.342713,50.180371],[7.344082,50.18129],[7.344051,50.182189],[7.343693,50.182408],[7.34367,50.183083],[7.34332,50.183078],[7.343304,50.183527],[7.344354,50.183542],[7.344697,50.183772]]}},
{"type":"Feature","properties":{"STRM_VAL":1.0,"max_accum":19830.0,"color":"#8dbbe6","weight":1.69},"geometry":{"type":"LineString","coordinates":[[7.06838,50.131833],[7.068739,50.131614],[7.069088,50.13162],[7.069806,50.131182],[7.069815,50.130957],[7.069134,50.130496],[7.069152,50.130047],[7.06951,50.129828],[7.069564,50.128479],[7.069224,50.128249],[7.069242,50.127799],[7.069601,50.12758],[7.069628,50.126906],[7.069986,50.126687],[7.069995,50.126463],[7.071788,50.125368],[7.072138,50.125374],[7.072855,50.124936],[7.073205,50.124942],[7.073563,50.124723],[7.07636,50.124769],[7.0767,50.125],[7.079147,50.12504],[7.079828,50.125501],[7.080178,50.125507],[7.080859,50.125968]]}},
{"type":"Feature","properties":{"STRM_VAL":1.0,"max_accum":47282.0,"color":"#7ba8d5","weight":2.13},"geometry":{"type":"LineString","coordinates":[[7.080859,50.125968],[7.081208,50.125974],[7.081567,50.125755],[7.081576,50.12553],[7.081934,50.125311],[7.082284,50.125317],[7.082642,50.125098],[7.083691,50.125116],[7.084032,50.125346],[7.08508,50.125363],[7.085421,50.125594],[7.08577,50.1256],[7.086111,50.12583],[7.08681,50.125842],[7.087151,50.126072],[7.0875,50.126078],[7.087841,50.126308],[7.08854,50.12632],[7.088881,50.12655],[7.090628,50.126579],[7.090987,50.12636],[7.09623,50.126446],[7.096571,50.126677],[7.098668,50.126711],[7.099027,50.126492],[7.102173,50.126543]]}},
{"type":"Feature","properties":{"STRM_VAL":1.0,"max_accum":56803.0,"color":"#77a5d2","weight":2.23},"geometry":{"type":"LineString","coordinates":[[7.102173,50.126543],[7.103571,50.126566],[7.103929,50.126347],[7.103938,50.126123],[7.104297,50.125904],[7.104306,50.125679],[7.103965,50.125448],[7.103615,50.125443],[7.103633,50.124993],[7.102952,50.124532],[7.103023,50.122735],[7.103381,50.122516],[7.103399,50.122066],[7.102377,50.121375],[7.102386,50.12115],[7.103461,50.120493],[7.10347,50.120268],[7.104187,50.11983],[7.104536,50.119836],[7.104895,50.119617],[7.104913,50.119168],[7.105271,50.118949],[7.105298,50.118274],[7.106731,50.117398],[7.10639,50.117168],[7.106408,50.116718],[7.107125,50.11628]]}},
{"type":"Feature","properties":{"STRM_VAL":1.0,"max_accum":555527.0,"color":"#4874a7","weight":3.39},"geometry":{"type":"LineString","coordinates":[[6.612864,50.125382],[6.612514,50.125375],[6.612154,50.125593],[6.609009,50.125528],[6.608648,50.125745],[6.606901,50.125709],[6.60654,50.125927],[6.605492,50.125905],[6.605131,50.126123],[6.604083,50.126101],[6.603745,50.125869],[6.603046,50.125855],[6.602707,50.125623],[6.602347,50.12584],[6.601997,50.125833],[6.601637,50.126051],[6.601625,50.126275],[6.601276,50.126268],[6.600915,50.126485],[6.600566,50.126478],[6.600205,50.126696]]}},
{"type":"Feature","properties":{"STRM_VAL":1.0,"max_accum":565016.0,"color":"#4873a6","weight":3.4},"geometry":{"type":"LineString","coordinates":[[6.600205,50.126696],[6.599867,50.126464],[6.599878,50.126239],[6.598525,50.125312],[6.598537,50.125087],[6.598198,50.124855],[6.598232,50.124181],[6.598593,50.123964],[6.598627,50.12329],[6.598288,50.123058],[6.598345,50.121935],[6.598006,50.121703]]}},
{"type":"Feature","properties":{"STRM_VAL":1.0,"max_accum":586859.0,"color":"#4772a5","weight":3.42},"geometry":{"type":"LineString","coordinates":[[6.598006,50.121703],[6.598051,50.120804],[6.598412,50.120587],[6.598491,50.119014],[6.598153,50.118782],[6.598209,50.117659],[6.597871,50.117427],[6.597893,50.116978],[6.597217,50.116514],[6.597262,50.115615],[6.598344,50.114963],[6.598693,50.11497],[6.599414,50.114536],[6.599764,50.114543],[6.601567,50.113456],[6.601578,50.113231],[6.602299,50.112796],[6.60231,50.112572],[6.602671,50.112354],[6.602682,50.112129],[6.604845,50.110825],[6.605195,50.110832],[6.606276,50.11018],[6.606288,50.109955],[6.606648,50.109738],[6.606659,50.109513],[6.60702,50.109296],[6.607369,50.109303],[6.60738,50.109078],[6.607741,50.108861],[6.607954,50.104592],[6.607616,50.10436],[6.607638,50.103911],[6.6073,50.103679],[6.606951,50.103672],[6.606612,50.10344],[6.606263,50.103433],[6.605925,50.103201],[6.605576,50.103194],[6.604562,50.102498],[6.604212,50.102491],[6.602184,50.1011],[6.601835,50.101093],[6.601846,50.100868],[6.60117,50.100404],[6.601215,50.099506],[6.601575,50.099288],[6.601598,50.098839],[6.601958,50.098622],[6.601969,50.098397],[6.603051,50.097745],[6.603062,50.09752],[6.603783,50.097085],[6.603794,50.09686],[6.604155,50.096643],[6.604166,50.096418],[6.604526,50.096201]]}},
{"type":"Feature","properties":{"STRM_VAL":1.0,"max_accum":43277.0,"color":"#7daad7","weight":2.09},"geometry":{"type":"LineString","coordinates":[[7.577076,50.141655],[7.57672,50.141876],[7.574621,50.14185],[7.573935,50.141392],[7.573585,50.141387],[7.572899,50.140929],[7.572549,50.140925],[7.572206,50.140696],[7.571856,50.140691],[7.57117,50.140233],[7.570821,50.140229],[7.569791,50.139542],[7.569442,50.139537],[7.569099,50.139308],[7.568399,50.1393],[7.568043,50.13952],[7.567693,50.139516],[7.566664,50.138829],[7.566314,50.138824],[7.565958,50.139045],[7.565272,50.138587],[7.564922,50.138582],[7.563207,50.137437],[7.562851,50.137657],[7.561822,50.13697],[7.561828,50.136745],[7.561142,50.136287],[7.560793,50.136283],[7.56045,50.136053],[7.5601,50.136049],[7.559757,50.13582],[7.559407,50.135816],[7.559064,50.135587],[7.558715,50.135582],[7.558029,50.135124],[7.557679,50.13512],[7.556993,50.134661],[7.557,50.134437],[7.555971,50.133749],[7.555615,50.13397],[7.555272,50.133741],[7.554922,50.133736],[7.554579,50.133507],[7.554223,50.133728]]}},
{"type":"Feature","properties":{"STRM_VAL":1.0,"max_accum":565016.0,"color":"#4873a6","weight":3.4},"geometry":{"type":"LineString","coordinates":[[6.580614,50.126739],[6.582361,50.126775],[6.583443,50.126123],[6.583454,50.125898],[6.583815,50.125681],[6.583826,50.125456],[6.585269,50.124587],[6.586667,50.124616],[6.587389,50.124181],[6.587411,50.123732],[6.587772,50.123514],[6.587783,50.12329],[6.588865,50.122638],[6.589564,50.122652],[6.589925,50.122435],[6.592371,50.122485],[6.592732,50.122268],[6.59378,50.12229],[6.59414,50.122072],[6.594839,50.122087],[6.5952,50.121869],[6.596598,50.121898],[6.596958,50.121681],[6.598006,50.121703]]}},
{"type":"Feature","properties":{"STRM_VAL":1.0,"max_accum":73150.0,"color":"#729fcd","weight":2.35},"geometry":{"type":"LineString","coordinates":[[6.909412,50.13515],[6.908713,50.135138],[6.908033,50.134676],[6.907684,50.134669],[6.905645,50.133283],[6.905655,50.133059],[6.905315,50.132828],[6.904966,50.132821],[6.905005,50.131923],[6.904665,50.131692],[6.904695,50.131017],[6.904355,50.130786],[6.904375,50.130337],[6.904035,50.130106],[6.904094,50.128758],[6.903744,50.128752],[6.903774,50.128077],[6.904133,50.127859],[6.904143,50.127634],[6.903464,50.127172],[6.903473,50.126948],[6.903134,50.126717],[6.903493,50.126498],[6.903503,50.126274],[6.902823,50.125812],[6.902843,50.125362]]}},
{"type":"Feature","properties":{"STRM_VAL":1.0,"max_accum":101887.0,"color":"#6b98c7","weight":2.52},"geometry":{"type":"LineString","coordinates":[[6.902843,50.125362],[6.903202,50.125144],[6.903232,50.12447],[6.903591,50.124251],[6.903931,50.124482],[6.90428,50.124489],[6.90429,50.124264],[6.905368,50.123609],[6.905708,50.12384],[6.906426,50.123403],[6.905747,50.122941],[6.906106,50.122723],[6.906456,50.122729],[6.906815,50.122511],[6.907165,50.122517],[6.907524,50.122298],[6.907534,50.122074],[6.908612,50.121419],[6.908961,50.121425],[6.90932,50.121206],[6.90933,50.120982],[6.908651,50.12052],[6.90901,50.120301],[6.909359,50.120308],[6.909399,50.119409],[6.910117,50.118972],[6.910127,50.118747],[6.910486,50.118529],[6.910146,50.118298],[6.910506,50.11808],[6.910166,50.117849],[6.910525,50.11763],[6.910875,50.117636],[6.911952,50.116981],[6.912292,50.117212],[6.912642,50.117218],[6.91336,50.116782],[6.91337,50.116557],[6.913729,50.116339],[6.913739,50.116114],[6.914098,50.115895],[6.914438,50.116126],[6.914787,50.116133],[6.915146,50.115914],[6.915496,50.115921],[6.916175,50.116382],[6.917253,50.115727],[6.917602,50.115733],[6.917961,50.115515],[6.918311,50.115521],[6.91867,50.115303],[6.91869,50.114853],[6.919049,50.114635],[6.919078,50.113961],[6.918738,50.11373],[6.918748,50.113505],[6.919825,50.11285],[6.919835,50.112625],[6.920554,50.112188],[6.920563,50.111964],[6.922,50.11109],[6.922058,50.109742],[6.923136,50.109086],[6.923485,50.109093],[6.925999,50.107564],[6.926348,50.10757],[6.926707,50.107351],[6.927047,50.107582],[6.928095,50.107601],[6.928454,50.107383],[6.929153,50.107395],[6.929493,50.107626],[6.930191,50.107638],[6.93055,50.10742],[6.930599,50.106296],[6.931676,50.105641],[6.931695,50.105192],[6.931356,50.104961],[6.931375,50.104511],[6.932093,50.104074],[6.931414,50.103612],[6.931433,50.103163],[6.931792,50.102945],[6.931812,50.102495],[6.932171,50.102277],[6.93218,50.102052],[6.932539,50.101834],[6.932559,50.101384],[6.933636,50.100729],[6.935732,50.100766],[6.93645,50.100329],[6.937148,50.100341],[6.937507,50.100123],[6.937556,50.098999],[6.937216,50.098769],[6.937226,50.098544],[6.936886,50.098313],[6.936896,50.098088],[6.936556,50.097857],[6.936566,50.097633],[6.936226,50.097402],[6.936255,50.096728],[6.937332,50.096072],[6.93803,50.096084],[6.938389,50.095866],[6.938739,50.095872],[6.939098,50.095654],[6.939447,50.09566],[6.939806,50.095441],[6.940155,50.095448],[6.940165,50.095223],[6.940524,50.095004],[6.940533,50.09478],[6.940883,50.094786],[6.941601,50.094349],[6.94161,50.094124],[6.94127,50.093893],[6.941629,50.093675],[6.941639,50.09345],[6.941998,50.093232],[6.942338,50.093462],[6.944132,50.09237],[6.945529,50.092395],[6.945869,50.092626],[6.946228,50.092407],[6.946577,50.092413]]}},
{"type":"Feature","properties":{"STRM_VAL":1.0,"max_accum":25970.0,"color":"#87b5e0","weight":1.83},"geometry":{"type":"LineString","coordinates":[[6.741256,50.13245],[6.742273,50.133144],[6.742622,50.133151],[6.742961,50.133382],[6.743311,50.133389],[6.74365,50.133621],[6.744349,50.133634]]}},
{"type":"Feature","properties":{"STRM_VAL":1.0,"max_accum":70459.0,"color":"#73a0ce","weight":2.34},"geometry":{"type":"LineString","coordinates":[[6.744349,50.133634],[6.74437,50.133185],[6.74545,50.132531],[6.745461,50.132307],[6.745821,50.132089],[6.745842,50.131639],[6.746202,50.131421],[6.746213,50.131197],[6.746912,50.13121],[6.747272,50.130992],[6.747971,50.131006],[6.748331,50.130788],[6.74868,50.130795],[6.74904,50.130577],[6.74939,50.130584],[6.75011,50.130148],[6.751858,50.130182],[6.751868,50.129957],[6.753965,50.129998],[6.754304,50.130229],[6.754654,50.130236],[6.755014,50.130018],[6.756062,50.130038],[6.756422,50.12982],[6.756772,50.129827],[6.757132,50.129609],[6.757481,50.129616],[6.758921,50.128744],[6.759271,50.128751],[6.759631,50.128533],[6.75997,50.128765],[6.760669,50.128778],[6.761008,50.129009],[6.761357,50.129016],[6.761696,50.129248]]}},
{"type":"Feature","properties":{"STRM_VAL":1.0,"max_accum":81388.0,"color":"#709dcb","weight":2.41},"geometry":{"type":"LineString","coordinates":[[6.761696,50.129248],[6.762416,50.128812],[6.762427,50.128587],[6.762776,50.128594],[6.762787,50.128369],[6.762448,50.128138],[6.762808,50.12792],[6.761791,50.127226],[6.761441,50.127219],[6.761102,50.126987],[6.760054,50.126967],[6.759715,50.126736],[6.759016,50.126722],[6.75766,50.125797],[6.75802,50.125579],[6.757681,50.125347],[6.757702,50.124898],[6.758422,50.124462],[6.758432,50.124237],[6.758093,50.124006],[6.758104,50.123781],[6.758824,50.123345],[6.758485,50.123114],[6.758845,50.122896],[6.758866,50.122447],[6.759226,50.122229],[6.758887,50.121997],[6.759247,50.121779],[6.758908,50.121548],[6.759268,50.12133],[6.759617,50.121337],[6.759977,50.121119],[6.759988,50.120894],[6.760686,50.120908],[6.761046,50.12069],[6.761385,50.120921],[6.761745,50.120703],[6.762444,50.120717],[6.762804,50.120499],[6.762815,50.120274],[6.763534,50.119838],[6.763555,50.119389],[6.763216,50.119157],[6.763227,50.118933],[6.762888,50.118701],[6.762898,50.118477],[6.762559,50.118245],[6.76258,50.117796]]}},
{"type":"Feature","properties":{"STRM_VAL":1.0,"max_accum":19830.0,"color":"#8dbbe6","weight":1.69},"geometry":{"type":"LineString","coordinates":[[7.08594,50.13887],[7.086299,50.138651],[7.086308,50.138426],[7.085286,50.137734],[7.085304,50.137285],[7.084963,50.137055],[7.083565,50.137031],[7.083224,50.136801],[7.082874,50.136795],[7.082534,50.136565],[7.082184,50.136559],[7.081844,50.136328],[7.081853,50.136104],[7.081512,50.135873],[7.081521,50.135648],[7.08188,50.13543],[7.081888,50.135205],[7.082247,50.134986],[7.082256,50.134761],[7.082615,50.134542],[7.082624,50.134317],[7.082982,50.134099],[7.082991,50.133874],[7.08335,50.133655],[7.083699,50.133661],[7.084058,50.133442],[7.084067,50.133217],[7.084426,50.132998],[7.08447,50.131874],[7.083789,50.131413],[7.083798,50.131189],[7.084157,50.13097],[7.084175,50.13052],[7.083834,50.13029],[7.083485,50.130284],[7.083144,50.130054],[7.082794,50.130048],[7.082454,50.129817],[7.082104,50.129812],[7.081764,50.129581],[7.081414,50.129575],[7.081073,50.129345],[7.081091,50.128895],[7.080751,50.128665],[7.08076,50.12844],[7.080419,50.12821],[7.080778,50.127991],[7.080823,50.126867],[7.080482,50.126637],[7.0805,50.126187],[7.080859,50.125968]]}},
{"type":"Feature","properties":{"STRM_VAL":1.0,"max_accum":33408.0,"color":"#82b0dc","weight":1.95},"geometry":{"type":"LineString","coordinates":[[7.042208,50.138815],[7.042226,50.138366],[7.042585,50.138147],[7.042612,50.137473],[7.042971,50.137254],[7.04298,50.137029],[7.043339,50.13681],[7.043358,50.136361],[7.042677,50.1359],[7.042686,50.135675],[7.042005,50.135214],[7.042014,50.134989],[7.041674,50.134758],[7.041692,50.134309],[7.041352,50.134078],[7.04137,50.133629],[7.040349,50.132937],[7.039999,50.132931],[7.039659,50.1327],[7.039677,50.132251],[7.039337,50.13202],[7.039695,50.131802],[7.039705,50.131577],[7.039364,50.131346],[7.039419,50.129998],[7.039778,50.129779],[7.039796,50.12933],[7.039116,50.128868],[7.039134,50.128419],[7.039493,50.1282],[7.039511,50.127751],[7.039171,50.12752],[7.03918,50.127295],[7.03884,50.127065],[7.038895,50.125717],[7.038554,50.125486],[7.038564,50.125261],[7.038223,50.125031],[7.039299,50.124374],[7.039649,50.12438],[7.040008,50.124161],[7.040707,50.124173],[7.041065,50.123954],[7.041415,50.12396],[7.041774,50.123741],[7.041819,50.122618],[7.043254,50.121742],[7.043273,50.121293],[7.042932,50.121062],[7.041884,50.121045],[7.041203,50.120584],[7.04124,50.119685],[7.040559,50.119223],[7.040577,50.118774],[7.039897,50.118313],[7.039906,50.118088],[7.039566,50.117857],[7.039924,50.117639],[7.038903,50.116947],[7.038554,50.116941],[7.038214,50.11671],[7.037515,50.116698],[7.036834,50.116237],[7.036843,50.116012],[7.036163,50.115551],[7.036172,50.115327],[7.035832,50.115096],[7.035868,50.114197],[7.035188,50.113736],[7.034838,50.11373],[7.034158,50.113269],[7.034213,50.11192],[7.033873,50.11169],[7.033901,50.111016],[7.03356,50.110785],[7.033569,50.11056],[7.033229,50.11033],[7.033248,50.10988],[7.034324,50.109224],[7.034342,50.108774],[7.033662,50.108313],[7.033671,50.108088],[7.033331,50.107858],[7.033395,50.106285],[7.033754,50.106066],[7.033772,50.105616],[7.033092,50.105155],[7.033101,50.10493],[7.03174,50.104008],[7.031749,50.103783],[7.029708,50.102399],[7.029718,50.102175],[7.029377,50.101944],[7.029396,50.101495],[7.029754,50.101276],[7.029764,50.101051],[7.030122,50.100832],[7.030131,50.100608],[7.03049,50.100389],[7.030518,50.099715],[7.029837,50.099253],[7.029847,50.099029],[7.029507,50.098798],[7.029543,50.097899],[7.030619,50.097243],[7.030628,50.097018],[7.030987,50.096799],[7.031005,50.09635],[7.030665,50.096119],[7.030674,50.095895],[7.030334,50.095664],[7.030693,50.095445],[7.031042,50.095451],[7.031401,50.095232],[7.034195,50.09528],[7.034554,50.095061],[7.035252,50.095073],[7.035969,50.094635],[7.035629,50.094404],[7.034581,50.094387],[7.033901,50.093925],[7.032155,50.093896],[7.032173,50.093446],[7.031833,50.093216],[7.031842,50.092991],[7.031502,50.09276],[7.031548,50.091637],[7.031906,50.091418],[7.031953,50.090294],[7.033745,50.0892],[7.033763,50.088751],[7.034122,50.088532],[7.033442,50.088071],[7.033478,50.087172],[7.033837,50.086953],[7.033846,50.086729],[7.034921,50.086072],[7.036318,50.086096],[7.036677,50.085877],[7.037725,50.085895]]}},
{"type":"Feature","properties":{"STRM_VAL":1.0,"max_accum":11972.0,"color":"#97c6ef","weight":1.43},"geometry":{"type":"LineString","coordinates":[[6.69227,50.13261],[6.692619,50.132617],[6.692958,50.132849],[6.694706,50.132884],[6.695044,50.133115],[6.695743,50.133129],[6.696421,50.133592],[6.69677,50.133599],[6.697109,50.133831],[6.698507,50.133859],[6.699228,50.133423],[6.699577,50.13343],[6.699938,50.133212],[6.700986,50.133233]]}},
{"type":"Feature","properties":{"STRM_VAL":1.0,"max_accum":66486.0,"color":"#74a1cf","weight":2.31},"geometry":{"type":"LineString","coordinates":[[6.700986,50.133233],[6.701336,50.13324],[6.701696,50.133022],[6.702045,50.133029],[6.702406,50.132812],[6.702416,50.132587],[6.702777,50.132369],[6.702788,50.132144],[6.704589,50.131056],[6.70425,50.130824],[6.70461,50.130606],[6.704632,50.130157],[6.704992,50.129939],[6.705014,50.12949],[6.705374,50.129272],[6.705385,50.129048],[6.705745,50.12883],[6.705777,50.128156],[6.706137,50.127938],[6.706148,50.127713],[6.706508,50.127496],[6.706519,50.127271],[6.707239,50.126835],[6.707272,50.126161],[6.707632,50.125944],[6.707664,50.12527],[6.708024,50.125052],[6.707686,50.12482],[6.707696,50.124596],[6.707358,50.124364],[6.707594,50.119421],[6.707954,50.119204],[6.707986,50.11853],[6.707647,50.118298],[6.70768,50.117624],[6.707341,50.117393],[6.707362,50.116943],[6.708083,50.116508],[6.708432,50.116515],[6.709152,50.116079],[6.709185,50.115405],[6.711345,50.114098],[6.711695,50.114105],[6.712415,50.11367],[6.712764,50.113677],[6.713484,50.113241],[6.713506,50.112792],[6.713866,50.112574],[6.713188,50.112111],[6.713549,50.111893],[6.71321,50.111661],[6.713263,50.110538],[6.712925,50.110307],[6.712946,50.109857],[6.714386,50.108986],[6.715085,50.109],[6.715805,50.108564],[6.716154,50.108571],[6.716187,50.107897],[6.715848,50.107666],[6.715499,50.107659],[6.714821,50.107196],[6.714472,50.107189],[6.713456,50.106494],[6.713477,50.106045],[6.713139,50.105813],[6.71315,50.105589],[6.712134,50.104894],[6.712494,50.104676],[6.711816,50.104213],[6.711467,50.104206],[6.711478,50.103981],[6.711139,50.10375],[6.71115,50.103525],[6.710473,50.103062],[6.710484,50.102837],[6.709468,50.102143],[6.709478,50.101918],[6.70914,50.101687],[6.707743,50.101659],[6.707404,50.101427],[6.707055,50.10142],[6.706716,50.101189],[6.706759,50.10029],[6.707119,50.100072],[6.70713,50.099848],[6.70821,50.099194],[6.708242,50.09852],[6.708602,50.098303],[6.707925,50.09784],[6.707936,50.097615],[6.707597,50.097383],[6.707619,50.096934],[6.707979,50.096716],[6.707302,50.096253],[6.707323,50.095804],[6.706646,50.095341],[6.706657,50.095116],[6.706318,50.094884],[6.706329,50.09466],[6.706689,50.094442],[6.706753,50.093094],[6.706415,50.092862],[6.706066,50.092855],[6.705727,50.092624],[6.705749,50.092175],[6.70541,50.091943],[6.705061,50.091936],[6.704722,50.091705],[6.704733,50.09148],[6.703041,50.090322],[6.703051,50.090097],[6.702713,50.089866],[6.702015,50.089852],[6.701338,50.089389],[6.70137,50.088715],[6.701032,50.088483],[6.701053,50.088034],[6.700715,50.087802],[6.700768,50.086679],[6.70043,50.086447],[6.700451,50.085998],[6.700811,50.08578],[6.700473,50.085549],[6.700505,50.084875],[6.700167,50.084643],[6.700178,50.084418],[6.699162,50.083724],[6.699173,50.083499],[6.698835,50.083267],[6.698845,50.083043],[6.698169,50.08258],[6.69782,50.082573],[6.697481,50.082341],[6.697513,50.081667],[6.697175,50.081435],[6.696826,50.081428],[6.696488,50.081197],[6.696574,50.0794],[6.696235,50.079168],[6.696257,50.078719],[6.69558,50.078255],[6.69594,50.078038],[6.695602,50.077806],[6.695634,50.077132],[6.695296,50.0769],[6.695656,50.076683],[6.695317,50.076451],[6.695328,50.076226],[6.695688,50.076009],[6.69535,50.075777],[6.696069,50.075342],[6.69608,50.075117],[6.69644,50.074899],[6.696462,50.07445]]}},
{"type":"Feature","properties":{"STRM_VAL":1.0,"max_accum":89460.0,"color":"#6e9bc9","weight":2.46},"geometry":{"type":"LineString","coordinates":[[7.486579,50.148831],[7.486586,50.148606],[7.486244,50.148376],[7.486265,50.147702],[7.484894,50.146785],[7.484901,50.14656],[7.484559,50.146331],[7.484566,50.146106],[7.483195,50.145189],[7.483202,50.144964],[7.48286,50.144735],[7.482881,50.14406],[7.483238,50.14384],[7.483245,50.143615],[7.483602,50.143395],[7.483623,50.142721],[7.481567,50.141345],[7.481218,50.14134],[7.479504,50.140193],[7.479155,50.140189],[7.47847,50.13973],[7.47812,50.139726],[7.477435,50.139267],[7.477442,50.139042],[7.477099,50.138813],[7.477149,50.137239],[7.477506,50.137019],[7.477513,50.136794],[7.477171,50.136565],[7.477178,50.13634],[7.476835,50.136111],[7.476842,50.135886],[7.476493,50.135882]]}},
{"type":"Feature","properties":{"STRM_VAL":1.0,"max_accum":11972.0,"color":"#97c6ef","weight":1.43},"geometry":{"type":"LineString","coordinates":[[6.699383,50.137474],[6.699744,50.137256],[6.699765,50.136807],[6.700125,50.136589],[6.700169,50.135691],[6.700529,50.135473],[6.70055,50.135024],[6.700911,50.134806],[6.700932,50.134357],[6.701293,50.134139],[6.701314,50.133689],[6.700975,50.133458],[6.700986,50.133233]]}},
{"type":"Feature","properties":{"STRM_VAL":1.0,"max_accum":36964.0,"color":"#80aeda","weight":2.01},"geometry":{"type":"LineString","coordinates":[[6.99963,50.14461],[6.998912,50.145048],[6.998563,50.145042],[6.998204,50.14526],[6.997863,50.14503],[6.997164,50.145018],[6.996824,50.144787],[6.996124,50.144775],[6.995784,50.144544],[6.994735,50.144526],[6.994376,50.144745],[6.994026,50.144739]]}},
{"type":"Feature","properties":{"STRM_VAL":1.0,"max_accum":161544.0,"color":"#628ebe","weight":2.76},"geometry":{"type":"LineString","coordinates":[[6.994026,50.144739],[6.993686,50.144508],[6.993705,50.144058],[6.993365,50.143828],[6.99343,50.142255],[6.993789,50.142036],[6.993846,50.140688],[6.992485,50.139765],[6.991436,50.139747],[6.991096,50.139516],[6.991105,50.139291],[6.990425,50.13883],[6.990444,50.13838],[6.990103,50.138149],[6.990113,50.137925],[6.989773,50.137694],[6.989782,50.137469],[6.9905,50.137032]]}},
{"type":"Feature","properties":{"STRM_VAL":1.0,"max_accum":176652.0,"color":"#608cbc","weight":2.81},"geometry":{"type":"LineString","coordinates":[[6.9905,50.137032],[6.991549,50.13705],[6.991908,50.136831],[6.992607,50.136844],[6.992966,50.136625],[6.993306,50.136856],[6.993665,50.136637],[6.994015,50.136643],[6.994374,50.136424],[6.99443,50.135076],[6.994789,50.134857],[6.994799,50.134633],[6.995158,50.134414],[6.995205,50.13329],[6.993844,50.132367],[6.993145,50.132355],[6.992786,50.132574],[6.992087,50.132562],[6.990651,50.133437],[6.990641,50.133661],[6.989923,50.134099],[6.988903,50.133406],[6.988922,50.132957],[6.989281,50.132738],[6.989299,50.132289],[6.989658,50.13207],[6.989668,50.131845],[6.990027,50.131627],[6.990046,50.131177],[6.989706,50.130947],[6.989356,50.130941],[6.989016,50.13071],[6.987268,50.13068],[6.986928,50.130449],[6.986229,50.130437],[6.985889,50.130206],[6.985955,50.128633],[6.986314,50.128414],[6.986323,50.12819],[6.985303,50.127497],[6.984953,50.127491],[6.982799,50.128803],[6.982459,50.128572],[6.982525,50.126999],[6.982884,50.126781],[6.982913,50.126107],[6.982573,50.125876],[6.982582,50.125651],[6.981562,50.124959],[6.980513,50.12494],[6.980173,50.12471],[6.979824,50.124704],[6.979143,50.124242],[6.979191,50.123118],[6.97955,50.1229],[6.979559,50.122675],[6.980957,50.122699],[6.981316,50.122481],[6.982015,50.122493],[6.982374,50.122274],[6.982724,50.12228],[6.983442,50.121843],[6.983102,50.121612],[6.983111,50.121388],[6.982431,50.120926],[6.982081,50.12092],[6.981401,50.120458],[6.981052,50.120452],[6.980372,50.119991],[6.980391,50.119541],[6.982185,50.118448],[6.982195,50.118224],[6.981515,50.117762],[6.981165,50.117756],[6.980485,50.117294],[6.980495,50.11707]]}},
{"type":"Feature","properties":{"STRM_VAL":1.0,"max_accum":63403.0,"color":"#75a2d0","weight":2.28},"geometry":{"type":"LineString","coordinates":[[6.898802,50.145753],[6.897443,50.144828],[6.897462,50.144379],[6.897122,50.144148],[6.897152,50.143474],[6.897512,50.143256],[6.897521,50.143031],[6.897182,50.1428],[6.897191,50.142575],[6.896852,50.142344],[6.896862,50.142119],[6.895842,50.141426],[6.895493,50.14142],[6.894813,50.140958],[6.894114,50.140945],[6.893774,50.140714],[6.892725,50.140695],[6.892366,50.140914],[6.892026,50.140682],[6.892036,50.140458],[6.891696,50.140227],[6.891346,50.14022],[6.891007,50.139989],[6.891027,50.13954],[6.890007,50.138847],[6.890037,50.138173],[6.889697,50.137942],[6.889717,50.137492],[6.890077,50.137274],[6.889737,50.137043],[6.889747,50.136818],[6.890106,50.1366],[6.890126,50.136151],[6.890485,50.135932],[6.889806,50.13547],[6.889816,50.135245]]}},
{"type":"Feature","properties":{"STRM_VAL":1.0,"max_accum":73150.0,"color":"#729fcd","weight":2.35},"geometry":{"type":"LineString","coordinates":[[6.889816,50.135245],[6.889846,50.134571],[6.890205,50.134353],[6.890225,50.133904],[6.891663,50.13303],[6.891673,50.132806],[6.892022,50.132812],[6.892382,50.132594],[6.892401,50.132144],[6.892761,50.131926],[6.892771,50.131701],[6.89313,50.131483],[6.89347,50.131714],[6.894548,50.131059],[6.894558,50.130834],[6.893878,50.130372],[6.893888,50.130147],[6.894248,50.129929],[6.894597,50.129935],[6.894957,50.129717],[6.895306,50.129723],[6.896025,50.129287],[6.896724,50.129299],[6.897083,50.129081],[6.897423,50.129312],[6.902454,50.126255],[6.902464,50.12603],[6.902124,50.125799],[6.902843,50.125362]]}},
{"type":"Feature","properties":{"STRM_VAL":1.0,"max_accum":124905.0,"color":"#6794c3","weight":2.63},"geometry":{"type":"LineString","coordinates":[[7.437746,50.154705],[7.437397,50.1547],[7.437054,50.154471],[7.436704,50.154466],[7.436362,50.154236],[7.436012,50.154232],[7.435669,50.154002],[7.43532,50.153998]]}},
{"type":"Feature","properties":{"STRM_VAL":1.0,"max_accum":180693.0,"color":"#5f8cbc","weight":2.82},"geometry":{"type":"LineString","coordinates":[[6.794568,50.144719],[6.797447,50.142974],[6.797468,50.142525],[6.797129,50.142294],[6.79718,50.14117],[6.796841,50.140939],[6.796862,50.14049],[6.795844,50.139796],[6.795854,50.139571],[6.795515,50.13934],[6.795587,50.137767],[6.795238,50.13776],[6.79422,50.137066],[6.79423,50.136842],[6.793891,50.13661],[6.793901,50.136386],[6.793562,50.136154],[6.793604,50.135256],[6.793963,50.135037],[6.793974,50.134813],[6.794334,50.134595],[6.794344,50.13437],[6.794704,50.134152],[6.7975,50.134205],[6.79786,50.133987],[6.79821,50.133994],[6.79823,50.133544],[6.79859,50.133326],[6.798611,50.132877],[6.798272,50.132646],[6.797922,50.132639],[6.797583,50.132408],[6.797603,50.131958],[6.797264,50.131727],[6.797285,50.131278],[6.797645,50.13106],[6.797665,50.13061],[6.798385,50.130174],[6.798395,50.129949],[6.798056,50.129718],[6.797707,50.129712],[6.797028,50.129249],[6.797039,50.129024],[6.796699,50.128793],[6.797059,50.128575],[6.79708,50.128126],[6.79744,50.127907],[6.79745,50.127683],[6.799249,50.126593],[6.79928,50.125918],[6.79964,50.1257],[6.79965,50.125476],[6.80037,50.12504],[6.801069,50.125053],[6.801428,50.124835],[6.801778,50.124841],[6.802138,50.124623],[6.802487,50.12463],[6.803207,50.124194],[6.803227,50.123745],[6.804666,50.122872],[6.804697,50.122198],[6.805057,50.12198],[6.805067,50.121755],[6.805787,50.121319],[6.806486,50.121332],[6.806845,50.121114],[6.807544,50.121128],[6.807904,50.12091],[6.812097,50.120989],[6.812817,50.120552],[6.812827,50.120328],[6.812488,50.120097],[6.812848,50.119878],[6.812858,50.119654]]}},
{"type":"Feature","properties":{"STRM_VAL":1.0,"max_accum":197585.0,"color":"#5d8aba","weight":2.86},"geometry":{"type":"LineString","coordinates":[[6.812858,50.119654],[6.812519,50.119422],[6.812529,50.119198],[6.813608,50.118543],[6.813957,50.11855],[6.814317,50.118332],[6.814327,50.118107],[6.815047,50.117671],[6.815067,50.117222],[6.815427,50.117004],[6.815437,50.116779],[6.816136,50.116792],[6.816187,50.115669],[6.815169,50.114975],[6.81447,50.114962],[6.814111,50.11518],[6.812364,50.115147],[6.812025,50.114916],[6.811675,50.114909],[6.811336,50.114678],[6.810987,50.114671],[6.810647,50.11444],[6.810668,50.113991],[6.811028,50.113772],[6.811377,50.113779],[6.811737,50.113561],[6.814182,50.113607],[6.814522,50.113838],[6.815241,50.113402],[6.815251,50.113177],[6.814912,50.112946],[6.814563,50.11294],[6.814223,50.112708],[6.813175,50.112689],[6.812836,50.112457],[6.812487,50.112451],[6.811469,50.111757],[6.81149,50.111308],[6.812209,50.110871],[6.812558,50.110878],[6.812918,50.11066],[6.812928,50.110435],[6.813647,50.109999],[6.81263,50.109305],[6.810883,50.109272],[6.809866,50.108578],[6.810585,50.108142],[6.810934,50.108149],[6.811273,50.10838],[6.81302,50.108413],[6.81338,50.108195],[6.814079,50.108208],[6.816236,50.106899],[6.816257,50.10645],[6.815917,50.106219],[6.813123,50.106166],[6.812784,50.105935],[6.811736,50.105915],[6.811396,50.105684],[6.811047,50.105677],[6.810369,50.105215],[6.81002,50.105208],[6.809341,50.104746],[6.809701,50.104528],[6.809362,50.104296],[6.809382,50.103847],[6.809043,50.103616],[6.809054,50.103391],[6.809413,50.103173],[6.809434,50.102723],[6.810512,50.102069],[6.810523,50.101845],[6.810882,50.101626],[6.810913,50.100952],[6.811272,50.100734],[6.811971,50.100747],[6.812649,50.10121],[6.812999,50.101217],[6.813019,50.100767],[6.812002,50.100073],[6.811652,50.100067],[6.811313,50.099836],[6.811324,50.099611],[6.811683,50.099393],[6.812032,50.099399],[6.812752,50.098963]]}},
{"type":"Feature","properties":{"STRM_VAL":1.0,"max_accum":119516.0,"color":"#6895c4","weight":2.61},"geometry":{"type":"LineString","coordinates":[[6.945609,50.147715],[6.945949,50.147946],[6.947348,50.14797],[6.947707,50.147752],[6.949805,50.147789],[6.950164,50.14757],[6.951913,50.147601],[6.952253,50.147832],[6.958547,50.147943],[6.958907,50.147724],[6.959956,50.147743],[6.960674,50.147306],[6.963472,50.147355],[6.963831,50.147136],[6.964181,50.147142],[6.96454,50.146924],[6.965589,50.146942],[6.965929,50.147173],[6.966628,50.147185],[6.966968,50.147416],[6.969067,50.147453],[6.969407,50.147684],[6.969756,50.14769]]}},
{"type":"Feature","properties":{"STRM_VAL":1.0,"max_accum":161544.0,"color":"#628ebe","weight":2.76},"geometry":{"type":"LineString","coordinates":[[6.969756,50.14769],[6.969775,50.14724],[6.970475,50.147252],[6.970834,50.147034],[6.971184,50.14704],[6.972261,50.146384],[6.971921,50.146153],[6.971978,50.144805],[6.972337,50.144587],[6.972347,50.144362],[6.973424,50.143706],[6.973434,50.143481],[6.973793,50.143263],[6.973802,50.143038],[6.974162,50.142819],[6.974181,50.14237],[6.97454,50.142151],[6.974597,50.140803],[6.974956,50.140585],[6.974965,50.14036],[6.976043,50.139704],[6.97849,50.139747],[6.978849,50.139528],[6.979199,50.139534],[6.980635,50.13866],[6.980985,50.138666],[6.981344,50.138447],[6.981694,50.138453],[6.982412,50.138016],[6.982421,50.137791],[6.983498,50.137135],[6.985246,50.137166],[6.985606,50.136947],[6.986305,50.136959],[6.986664,50.136741],[6.98981,50.136795],[6.99015,50.137026],[6.9905,50.137032]]}},
{"type":"Feature","properties":{"STRM_VAL":1.0,"max_accum":48187.0,"color":"#7aa8d5","weight":2.14},"geometry":{"type":"LineString","coordinates":[[6.876954,50.149178],[6.878033,50.148523]]}},
{"type":"Feature","properties":{"STRM_VAL":1.0,"max_accum":63403.0,"color":"#75a2d0","weight":2.28},"geometry":{"type":"LineString","coordinates":[[6.878033,50.148523],[6.878043,50.148298],[6.878402,50.14808],[6.879451,50.148099],[6.879471,50.14765],[6.879821,50.147656],[6.880181,50.147438],[6.88021,50.146764],[6.879531,50.146302],[6.879541,50.146077],[6.88026,50.14564],[6.88027,50.145416],[6.880989,50.144979],[6.880649,50.144748],[6.881369,50.144311],[6.880689,50.143849],[6.880699,50.143624],[6.880359,50.143393],[6.881079,50.142957],[6.882127,50.142976],[6.882487,50.142758],[6.882147,50.142527],[6.882507,50.142308],[6.882167,50.142077],[6.882527,50.141859],[6.882876,50.141865],[6.883236,50.141647],[6.883246,50.141422],[6.883605,50.141204],[6.883615,50.140979],[6.883975,50.140761],[6.883985,50.140536],[6.884704,50.1401],[6.884724,50.13965],[6.885083,50.139432],[6.885423,50.139663],[6.886142,50.139226],[6.886152,50.139002],[6.886501,50.139008],[6.886861,50.13879],[6.886871,50.138565],[6.88792,50.138584],[6.888639,50.138147],[6.888658,50.137698],[6.889018,50.13748],[6.888338,50.137018],[6.888348,50.136793],[6.889427,50.136138],[6.889456,50.135464],[6.889816,50.135245]]}},
{"type":"Feature","properties":{"STRM_VAL":1.0,"max_accum":142974.0,"color":"#6491c0","weight":2.7},"geometry":{"type":"LineString","coordinates":[[7.408829,50.161283],[7.409179,50.161288],[7.409522,50.161517],[7.409477,50.162866],[7.409819,50.163095],[7.409812,50.16332],[7.410497,50.163779],[7.410489,50.164004],[7.410839,50.164009],[7.411524,50.164468],[7.411517,50.164693],[7.414256,50.166529],[7.414606,50.166534],[7.415634,50.167222],[7.415626,50.167447],[7.416311,50.167906],[7.416304,50.168131],[7.416646,50.16836],[7.416639,50.168585],[7.416281,50.168805],[7.416267,50.169255],[7.416609,50.169484],[7.416594,50.169934],[7.416937,50.170163],[7.416914,50.170837],[7.417257,50.171067],[7.41725,50.171292],[7.418962,50.172439],[7.419312,50.172444],[7.419997,50.172903],[7.420347,50.172908],[7.42069,50.173137],[7.42104,50.173142],[7.421382,50.173372],[7.421732,50.173376],[7.422417,50.173836],[7.422767,50.17384],[7.42448,50.174988],[7.42518,50.174997],[7.425523,50.175227],[7.426223,50.175236],[7.42658,50.175016]]}},
{"type":"Feature","properties":{"STRM_VAL":1.0,"max_accum":47282.0,"color":"#7ba8d5","weight":2.13},"geometry":{"type":"LineString","coordinates":[[7.091061,50.159642],[7.091079,50.159192],[7.091438,50.158973],[7.091447,50.158749],[7.091806,50.15853],[7.091815,50.158305],[7.092164,50.158311],[7.092882,50.157873],[7.092891,50.157648],[7.093608,50.15721],[7.093617,50.156985],[7.094335,50.156547],[7.095384,50.156565],[7.095743,50.156346],[7.096093,50.156351],[7.096451,50.156132],[7.096801,50.156138],[7.098236,50.155262],[7.098245,50.155037],[7.097895,50.155032],[7.096872,50.15434],[7.097231,50.154121],[7.096209,50.15343],[7.095509,50.153418],[7.095168,50.153188],[7.095177,50.152963],[7.093814,50.152041],[7.093464,50.152036],[7.093123,50.151805],[7.092774,50.1518],[7.092433,50.151569],[7.092083,50.151563],[7.091742,50.151333],[7.091751,50.151108],[7.09211,50.150889],[7.092119,50.150664],[7.092478,50.150445],[7.092137,50.150215],[7.092155,50.149766],[7.091814,50.149535],[7.091823,50.14931],[7.091482,50.14908],[7.091509,50.148406],[7.092226,50.147968],[7.092235,50.147743],[7.092594,50.147524],[7.092621,50.14685],[7.09228,50.146619],[7.09193,50.146614],[7.091249,50.146153],[7.091293,50.145029],[7.091652,50.14481],[7.091661,50.144585],[7.092011,50.144591],[7.092369,50.144372],[7.092396,50.143698],[7.092755,50.143479],[7.092764,50.143254],[7.093481,50.142816],[7.093831,50.142822],[7.094189,50.142603],[7.094889,50.142615],[7.095247,50.142396],[7.096296,50.142413],[7.096637,50.142643],[7.096987,50.142649],[7.097345,50.14243],[7.097363,50.141981],[7.097022,50.14175],[7.096673,50.141744],[7.094969,50.140592],[7.094987,50.140143],[7.095345,50.139924],[7.095372,50.13925],[7.095731,50.139031],[7.09574,50.138806],[7.096457,50.138368],[7.096806,50.138374],[7.097523,50.137936],[7.098572,50.137953],[7.098581,50.137728],[7.099657,50.137071],[7.100007,50.137077],[7.100724,50.136639],[7.100741,50.136189],[7.100401,50.135959],[7.10041,50.135734],[7.100759,50.13574],[7.101476,50.135302],[7.101485,50.135077],[7.101844,50.134858],[7.101853,50.134633],[7.102211,50.134414],[7.10222,50.13419],[7.104013,50.133095],[7.104362,50.1331],[7.104721,50.132881],[7.10473,50.132657],[7.105088,50.132438],[7.105106,50.131988],[7.105464,50.131769],[7.105473,50.131544],[7.105132,50.131314],[7.105195,50.129741],[7.102469,50.127898],[7.102478,50.127673],[7.102137,50.127442],[7.102146,50.127218],[7.101805,50.126987],[7.101814,50.126762],[7.102173,50.126543]]}},
{"type":"Feature","properties":{"STRM_VAL":1.0,"max_accum":60083.0,"color":"#76a3d1","weight":2.25},"geometry":{"type":"LineString","coordinates":[[7.537836,50.166352],[7.536408,50.167233],[7.536402,50.167458],[7.536045,50.167678],[7.535695,50.167674],[7.535338,50.167894],[7.534988,50.16789],[7.534631,50.16811],[7.532882,50.168088],[7.532525,50.168308],[7.531125,50.168291],[7.529698,50.169172],[7.529348,50.169168],[7.528634,50.169608],[7.528627,50.169833],[7.525058,50.172036],[7.524358,50.172027],[7.523288,50.172688],[7.523281,50.172913],[7.522567,50.173354],[7.52256,50.173579],[7.522203,50.173799],[7.519753,50.173768],[7.519396,50.173988],[7.518696,50.173979],[7.518339,50.174199],[7.517989,50.174195],[7.516562,50.175076],[7.516212,50.175072],[7.51407,50.176393],[7.51372,50.176389],[7.513006,50.17683],[7.512992,50.177279],[7.512635,50.177499],[7.512614,50.178174],[7.512257,50.178394],[7.512229,50.179293],[7.511515,50.179734],[7.511165,50.179729],[7.510822,50.1795],[7.510472,50.179495],[7.509786,50.179037],[7.508036,50.179014],[7.507693,50.178785],[7.506293,50.178767],[7.50595,50.178538],[7.5056,50.178533],[7.504886,50.178974],[7.504879,50.179199],[7.504522,50.179419],[7.504515,50.179644],[7.503801,50.180084],[7.503794,50.180309],[7.503079,50.18075],[7.503072,50.180974],[7.503415,50.181204],[7.503058,50.181424],[7.503002,50.183222],[7.502645,50.183442],[7.502603,50.184791],[7.502946,50.18502],[7.502904,50.186369],[7.502547,50.186589],[7.502533,50.187038],[7.502876,50.187268],[7.502869,50.187493],[7.503212,50.187722],[7.503205,50.187947],[7.503891,50.188405],[7.503534,50.188625],[7.503527,50.18885],[7.50387,50.189079],[7.50422,50.189084],[7.504199,50.189758],[7.504542,50.189988],[7.504528,50.190437],[7.504171,50.190657],[7.504164,50.190882],[7.503449,50.191323],[7.503442,50.191547],[7.503085,50.191768]]}},
{"type":"Feature","properties":{"STRM_VAL":1.0,"max_accum":77570.0,"color":"#719ecc","weight":2.38},"geometry":{"type":"LineString","coordinates":[[7.503085,50.191768],[7.502742,50.191538],[7.502756,50.191089],[7.50207,50.19063],[7.50102,50.190617],[7.500334,50.190158],[7.499983,50.190154],[7.49964,50.189924],[7.49929,50.18992],[7.498947,50.18969],[7.498954,50.189466],[7.498611,50.189236],[7.498618,50.189012],[7.497932,50.188553],[7.497582,50.188549],[7.497239,50.188319],[7.496539,50.18831],[7.496196,50.188081],[7.494446,50.188058],[7.494102,50.187829],[7.493752,50.187824],[7.493409,50.187595],[7.493059,50.187591],[7.492716,50.187361],[7.492723,50.187136],[7.491694,50.186449],[7.491702,50.186224],[7.491359,50.185994],[7.491008,50.18599],[7.490322,50.185531],[7.489972,50.185527],[7.488944,50.184839],[7.488958,50.184389],[7.488615,50.18416],[7.488622,50.183935],[7.488279,50.183706],[7.487929,50.183701],[7.487572,50.183921],[7.487222,50.183917],[7.48585,50.183],[7.4841,50.182977],[7.483742,50.183197],[7.483392,50.183192],[7.482321,50.183853],[7.481635,50.183394],[7.481285,50.18339],[7.480214,50.18405],[7.479871,50.183821],[7.47847,50.183803],[7.478113,50.184023],[7.477763,50.184018],[7.47742,50.183789],[7.47707,50.183784],[7.476727,50.183555],[7.476027,50.183546],[7.47567,50.183766],[7.47497,50.183757],[7.474613,50.183977],[7.474263,50.183972],[7.473548,50.184413],[7.473198,50.184408],[7.472841,50.184628],[7.472491,50.184624],[7.471419,50.185284],[7.471412,50.185509],[7.471055,50.185729],[7.470705,50.185724],[7.469276,50.186605],[7.469619,50.186834],[7.469611,50.187059],[7.469254,50.187279],[7.469247,50.187504],[7.468175,50.188164],[7.467825,50.18816],[7.467468,50.18838],[7.467118,50.188375],[7.466046,50.189036]]}},
{"type":"Feature","properties":{"STRM_VAL":1.0,"max_accum":6830918.0,"color":"#153e77","weight":4.67},"geometry":{"type":"LineString","coordinates":[[7.466046,50.189036],[7.466389,50.189265],[7.466382,50.18949],[7.466024,50.18971],[7.466017,50.189935],[7.466703,50.190394],[7.466346,50.190614],[7.466338,50.190839],[7.465981,50.191059],[7.465631,50.191054],[7.465288,50.190825],[7.464588,50.190815],[7.464231,50.191036],[7.464216,50.191485],[7.463859,50.191705],[7.46383,50.192604],[7.462758,50.193265],[7.462715,50.194613],[7.462357,50.194833],[7.462321,50.195957],[7.462664,50.196187],[7.462635,50.197086],[7.462278,50.197306],[7.462271,50.19753],[7.46087,50.197512],[7.460513,50.197732],[7.460163,50.197727],[7.459805,50.197948],[7.459798,50.198172],[7.459441,50.198392],[7.459433,50.198617],[7.459076,50.198837],[7.459069,50.199062],[7.458711,50.199282],[7.458361,50.199278],[7.456217,50.200598],[7.456195,50.201272],[7.456538,50.201502],[7.457588,50.201516],[7.457931,50.201745],[7.457873,50.203543],[7.458216,50.203773],[7.458209,50.203998],[7.457494,50.204438],[7.457487,50.204663],[7.45783,50.204892],[7.457115,50.205332],[7.457108,50.205557],[7.456035,50.206217],[7.455335,50.206208],[7.455328,50.206433],[7.45497,50.206653],[7.45462,50.206648],[7.453905,50.207088],[7.453869,50.208212],[7.453511,50.208432],[7.453161,50.208428],[7.453139,50.209102],[7.452424,50.209542],[7.452417,50.209767],[7.451717,50.209757],[7.451359,50.209978],[7.451009,50.209973],[7.450651,50.210193],[7.45063,50.210867],[7.450972,50.211097],[7.450965,50.211321],[7.451308,50.211551],[7.451301,50.211776],[7.451644,50.212005],[7.4516,50.213354],[7.451943,50.213583],[7.451586,50.213803],[7.451557,50.214702],[7.451199,50.214922],[7.451155,50.216271],[7.451498,50.2165],[7.451484,50.21695],[7.450769,50.21739],[7.450418,50.217385],[7.44863,50.218486],[7.448623,50.218711],[7.447908,50.219151],[7.447558,50.219146],[7.44755,50.219371],[7.447193,50.219591],[7.447178,50.22004],[7.446821,50.22026],[7.44647,50.220256],[7.446113,50.220476],[7.445762,50.220471],[7.445405,50.220691],[7.445054,50.220687],[7.444339,50.221127],[7.443989,50.221122],[7.443631,50.221342],[7.443281,50.221337],[7.442566,50.221777],[7.442551,50.222227],[7.442894,50.222456],[7.442887,50.222681],[7.443573,50.22314],[7.443565,50.223365],[7.443908,50.223594],[7.443901,50.223819],[7.443543,50.224039],[7.44423,50.224498],[7.4442,50.225397],[7.443843,50.225617],[7.443492,50.225612],[7.442777,50.226053],[7.44277,50.226277],[7.442412,50.226497],[7.442405,50.226722]]}},
{"type":"Feature","properties":{"STRM_VAL":1.0,"max_accum":539460.0,"color":"#4974a7","weight":3.38},"geometry":{"type":"LineString","coordinates":[[6.593385,50.151066],[6.593746,50.150849],[6.595844,50.150892],[6.596205,50.150675],[6.598652,50.150726],[6.599374,50.150291],[6.600073,50.150305],[6.600795,50.149871]]}},
{"type":"Feature","properties":{"STRM_VAL":1.0,"max_accum":555527.0,"color":"#4874a7","weight":3.39},"geometry":{"type":"LineString","coordinates":[[6.600795,50.149871],[6.600817,50.149421],[6.600479,50.149189],[6.600546,50.147841],[6.600907,50.147624],[6.60093,50.147175],[6.601291,50.146957],[6.601302,50.146733],[6.602023,50.146298],[6.602035,50.146073],[6.602396,50.145856],[6.602407,50.145631],[6.602768,50.145414],[6.60279,50.144964],[6.603151,50.144747],[6.603173,50.144298],[6.603534,50.14408],[6.60359,50.142957],[6.603951,50.14274],[6.604018,50.141392],[6.604379,50.141174],[6.604413,50.1405],[6.604774,50.140283],[6.604785,50.140058],[6.605146,50.139841],[6.605157,50.139616],[6.605518,50.139399],[6.605529,50.139174],[6.60589,50.138957],[6.605912,50.138507],[6.605574,50.138275],[6.605596,50.137826],[6.605258,50.137594],[6.605269,50.13737],[6.604931,50.137138],[6.604942,50.136913],[6.604604,50.136681],[6.604615,50.136457],[6.604277,50.136225],[6.604288,50.136],[6.60395,50.135768],[6.603972,50.135319],[6.603295,50.134855],[6.603307,50.134631],[6.602968,50.134399],[6.60298,50.134174],[6.602641,50.133942],[6.602653,50.133717],[6.602314,50.133486],[6.602337,50.133036],[6.601999,50.132804],[6.602021,50.132355],[6.601683,50.132123],[6.601705,50.131674],[6.601367,50.131442],[6.601389,50.130993],[6.601051,50.130761],[6.601074,50.130312],[6.600735,50.13008],[6.600747,50.129855],[6.600408,50.129623],[6.60042,50.129399],[6.600081,50.129167],[6.600205,50.126696]]}},
{"type":"Feature","properties":{"STRM_VAL":1.0,"max_accum":19063.0,"color":"#8dbce6","weight":1.67},"geometry":{"type":"LineString","coordinates":[[6.721696,50.15388],[6.722056,50.153663],[6.723105,50.153683],[6.723466,50.153465],[6.724515,50.153486],[6.724875,50.153268],[6.725225,50.153275],[6.725585,50.153057],[6.725935,50.153064],[6.726295,50.152846],[6.726306,50.152622],[6.727005,50.152635],[6.728446,50.151764],[6.728457,50.151539],[6.729538,50.150886],[6.729888,50.150893],[6.730608,50.150457],[6.730619,50.150232],[6.730979,50.150015],[6.731011,50.149341],[6.731371,50.149123],[6.731435,50.147775],[6.731795,50.147557],[6.731817,50.147107],[6.732177,50.14689],[6.732187,50.146665],[6.733268,50.146011],[6.733618,50.146018],[6.733628,50.145794],[6.734349,50.145358],[6.734699,50.145365],[6.735059,50.145147],[6.735408,50.145154],[6.735769,50.144936],[6.735779,50.144711],[6.7365,50.144275],[6.736849,50.144282],[6.73757,50.143847]]}},
{"type":"Feature","properties":{"STRM_VAL":1.0,"max_accum":25970.0,"color":"#87b5e0","weight":1.83},"geometry":{"type":"LineString","coordinates":[[6.73757,50.143847],[6.737601,50.143173],[6.737962,50.142955],[6.737972,50.14273],[6.738332,50.142512],[6.738343,50.142288],[6.738703,50.14207],[6.738364,50.141838],[6.738375,50.141614],[6.738735,50.141396],[6.738746,50.141171],[6.739445,50.141185],[6.739477,50.140511],[6.739837,50.140293],[6.739879,50.139394],[6.73954,50.139163],[6.739625,50.137365],[6.739286,50.137134],[6.740006,50.136698],[6.740017,50.136473],[6.740377,50.136255],[6.740727,50.136262],[6.741087,50.136044],[6.741436,50.136051],[6.741796,50.135833],[6.742495,50.135847],[6.744296,50.134758],[6.744349,50.133634]]}},
{"type":"Feature","properties":{"STRM_VAL":1.0,"max_accum":42054.0,"color":"#7dabd7","weight":2.07},"geometry":{"type":"LineString","coordinates":[[7.353296,50.167929],[7.352946,50.167924],[7.352262,50.167465],[7.351912,50.16746],[7.351196,50.167899],[7.350846,50.167894],[7.350504,50.167665],[7.348755,50.16764],[7.348413,50.16741],[7.348063,50.167405],[7.347721,50.167175]]}},
{"type":"Feature","properties":{"STRM_VAL":1.0,"max_accum":30948.0,"color":"#83b2dd","weight":1.91},"geometry":{"type":"LineString","coordinates":[[7.570569,50.172156],[7.569498,50.172817],[7.569485,50.173267],[7.569128,50.173487],[7.569115,50.173937],[7.568402,50.174378],[7.568395,50.174602],[7.568038,50.174823],[7.568018,50.175497],[7.567668,50.175493],[7.566598,50.176154],[7.566248,50.17615],[7.565534,50.176591],[7.564834,50.176582],[7.563764,50.177243],[7.563724,50.178592],[7.56301,50.179033],[7.56091,50.179007],[7.560553,50.179227],[7.560203,50.179223],[7.558776,50.180105],[7.558769,50.18033],[7.558412,50.18055],[7.558399,50.181],[7.558042,50.18122],[7.557692,50.181216],[7.557335,50.181436],[7.555235,50.18141],[7.554164,50.182071],[7.554151,50.182521],[7.553794,50.182741],[7.553787,50.182966],[7.55343,50.183186],[7.553424,50.183411],[7.553067,50.183632],[7.55306,50.183856],[7.55271,50.183852],[7.552353,50.184072],[7.552003,50.184068],[7.551289,50.184509],[7.549189,50.184483],[7.547761,50.185364],[7.546011,50.185342],[7.545654,50.185563],[7.54562,50.186687],[7.545963,50.186916],[7.545606,50.187136],[7.545593,50.187586],[7.545236,50.187806],[7.545215,50.18848],[7.544858,50.188701],[7.543458,50.188683],[7.542387,50.189344],[7.54238,50.189569],[7.542023,50.189789],[7.542003,50.190464],[7.541646,50.190684],[7.541632,50.191134],[7.540204,50.192015],[7.539504,50.192006],[7.539147,50.192227],[7.538097,50.192214],[7.537753,50.191984],[7.537403,50.19198],[7.537046,50.1922],[7.537039,50.192425],[7.536682,50.192645],[7.536676,50.19287],[7.535962,50.193311],[7.535955,50.193536],[7.535241,50.193976],[7.53419,50.193963],[7.533833,50.194184],[7.533826,50.194408],[7.533476,50.194404],[7.532762,50.194845],[7.531712,50.194831],[7.530682,50.194144],[7.529982,50.194135],[7.52784,50.195457],[7.527819,50.196131]]}},
{"type":"Feature","properties":{"STRM_VAL":1.0,"max_accum":60083.0,"color":"#76a3d1","weight":2.25},"geometry":{"type":"LineString","coordinates":[[7.527819,50.196131],[7.526748,50.196792],[7.525347,50.196774],[7.524661,50.196316],[7.524674,50.195866],[7.524331,50.195637],[7.523981,50.195633],[7.523295,50.195174],[7.522945,50.19517],[7.522601,50.194941],[7.520851,50.194918],[7.520507,50.194689],[7.520157,50.194685],[7.519814,50.194455],[7.519457,50.194676],[7.519107,50.194671],[7.518764,50.194442],[7.518414,50.194438],[7.518421,50.194213],[7.518077,50.193984],[7.518084,50.193759],[7.517055,50.193071],[7.517069,50.192622],[7.516726,50.192392],[7.516733,50.192168],[7.516046,50.191709],[7.515346,50.1917],[7.515003,50.191471],[7.514303,50.191462],[7.512587,50.190316],[7.511887,50.190307],[7.51153,50.190527],[7.511516,50.190977],[7.511159,50.191197],[7.511152,50.191422],[7.510795,50.191642],[7.510444,50.191637],[7.510087,50.191858],[7.509744,50.191628],[7.508344,50.19161],[7.507272,50.192271],[7.504822,50.19224],[7.504479,50.19201],[7.504128,50.192006],[7.503785,50.191777],[7.503085,50.191768]]}},
{"type":"Feature","properties":{"STRM_VAL":1.0,"max_accum":532252.0,"color":"#4974a7","weight":3.37},"geometry":{"type":"LineString","coordinates":[[6.64279,50.157028],[6.642834,50.156129],[6.642496,50.155897],[6.642146,50.15589],[6.641807,50.155658],[6.641852,50.15476],[6.641174,50.154296],[6.641197,50.153847],[6.640858,50.153615],[6.64088,50.153166],[6.640541,50.152934],[6.640564,50.152485],[6.640924,50.152267],[6.640957,50.151593],[6.639942,50.150898],[6.639964,50.150449],[6.639625,50.150217],[6.639658,50.149543],[6.638981,50.149079],[6.637932,50.149058],[6.637572,50.149276],[6.634775,50.149219],[6.634786,50.148994],[6.634436,50.148987],[6.634098,50.148755],[6.633748,50.148748],[6.63341,50.148516],[6.63306,50.148509],[6.632383,50.148045],[6.632033,50.148038],[6.631695,50.147807],[6.630996,50.147792],[6.630657,50.14756],[6.630308,50.147553],[6.629969,50.147322],[6.629619,50.147314],[6.629259,50.147532],[6.62892,50.1473],[6.628221,50.147286],[6.627139,50.147938],[6.626789,50.147931],[6.626428,50.148149],[6.62538,50.148127],[6.625019,50.148345],[6.624669,50.148338],[6.624331,50.148106],[6.622583,50.14807],[6.621567,50.147375],[6.621218,50.147367],[6.620879,50.147136],[6.62053,50.147128],[6.620169,50.147346],[6.619492,50.146882],[6.619131,50.1471],[6.618782,50.147093],[6.618443,50.146861],[6.615297,50.146796],[6.614215,50.147449],[6.613865,50.147441],[6.613504,50.147659],[6.613155,50.147652],[6.612794,50.147869],[6.612444,50.147862],[6.612083,50.148079],[6.610685,50.148051],[6.610347,50.147819],[6.608598,50.147783],[6.608238,50.148],[6.60649,50.147964],[6.606129,50.148182],[6.60543,50.148167],[6.604708,50.148602],[6.604358,50.148595],[6.604347,50.148819],[6.603265,50.149472],[6.602216,50.14945],[6.601133,50.150102]]}},
{"type":"Feature","properties":{"STRM_VAL":1.0,"max_accum":539460.0,"color":"#4974a7","weight":3.38},"geometry":{"type":"LineString","coordinates":[[6.601133,50.150102],[6.600795,50.149871]]}},
{"type":"Feature","properties":{"STRM_VAL":1.0,"max_accum":13853.0,"color":"#94c3ec","weight":1.5},"geometry":{"type":"LineString","coordinates":[[6.945859,50.166383],[6.946539,50.166845],[6.946889,50.166851],[6.947569,50.167313],[6.948269,50.167325],[6.948609,50.167556],[6.948959,50.167562],[6.949299,50.167793],[6.952098,50.167843],[6.952457,50.167624],[6.952807,50.16763],[6.953147,50.167861],[6.956646,50.167923],[6.957005,50.167704],[6.957705,50.167717]]}},
{"type":"Feature","properties":{"STRM_VAL":1.0,"max_accum":104360.0,"color":"#6b97c6","weight":2.54},"geometry":{"type":"LineString","coordinates":[[6.957705,50.167717],[6.958064,50.167498],[6.959114,50.167517],[6.959473,50.167298],[6.959823,50.167304],[6.960182,50.167086],[6.961582,50.16711],[6.9623,50.166673],[6.96265,50.166679],[6.963728,50.166023],[6.963738,50.165799],[6.963398,50.165568],[6.963426,50.164894],[6.963086,50.164663],[6.963096,50.164438],[6.963455,50.16422],[6.963465,50.163995],[6.963814,50.164001],[6.965611,50.162908],[6.965961,50.162914],[6.965999,50.162016],[6.966349,50.162022],[6.967067,50.161585],[6.967408,50.161815],[6.968107,50.161828],[6.968467,50.161609],[6.968816,50.161615],[6.969176,50.161397],[6.970225,50.161415],[6.970565,50.161646],[6.970915,50.161652],[6.971596,50.162114]]}},
{"type":"Feature","properties":{"STRM_VAL":1.0,"max_accum":119516.0,"color":"#6895c4","weight":2.61},"geometry":{"type":"LineString","coordinates":[[6.971596,50.162114],[6.971955,50.161895],[6.972305,50.161901],[6.972664,50.161682],[6.973004,50.161913],[6.973364,50.161695],[6.973373,50.16147],[6.973732,50.161251],[6.973809,50.159454],[6.973128,50.158992],[6.972778,50.158986],[6.972438,50.158755],[6.972447,50.15853],[6.972107,50.1583],[6.972136,50.157626],[6.972495,50.157407],[6.972504,50.157182],[6.971824,50.156721],[6.971833,50.156496],[6.971153,50.156034],[6.971182,50.15536],[6.9719,50.154923],[6.97191,50.154698],[6.972269,50.15448],[6.972619,50.154486],[6.972628,50.154261],[6.972288,50.15403],[6.972307,50.153581],[6.972666,50.153362],[6.973016,50.153368],[6.973063,50.152245],[6.972383,50.151783],[6.972742,50.151565],[6.972402,50.151334],[6.972411,50.151109],[6.972062,50.151103],[6.971381,50.150641],[6.971391,50.150417],[6.971051,50.150186],[6.97141,50.149967],[6.970729,50.149506],[6.970739,50.149281],[6.970399,50.14905],[6.970408,50.148825],[6.970068,50.148595],[6.970097,50.14792],[6.969756,50.14769]]}},
{"type":"Feature","properties":{"STRM_VAL":1.0,"max_accum":32252.0,"color":"#83b1dc","weight":1.94},"geometry":{"type":"LineString","coordinates":[[6.758723,50.162922],[6.759084,50.162704],[6.759094,50.162479],[6.759815,50.162043],[6.759825,50.161819],[6.760185,50.161601],[6.760535,50.161607],[6.762696,50.1603],[6.762707,50.160075],[6.763756,50.160095],[6.764116,50.159877]]}},
{"type":"Feature","properties":{"STRM_VAL":1.0,"max_accum":70459.0,"color":"#73a0ce","weight":2.34},"geometry":{"type":"LineString","coordinates":[[6.764116,50.159877],[6.764477,50.159659],[6.764498,50.15921],[6.763819,50.158747],[6.76383,50.158523],[6.76349,50.158291],[6.763501,50.158067],[6.762483,50.157372],[6.762494,50.157148],[6.762154,50.156916],[6.762207,50.155793],[6.761868,50.155561],[6.761878,50.155337],[6.761539,50.155105],[6.76157,50.154431],[6.761931,50.154213],[6.761952,50.153764],[6.762312,50.153546],[6.762322,50.153321],[6.761644,50.152859],[6.762004,50.152641],[6.761665,50.152409],[6.761686,50.15196],[6.761347,50.151728],[6.761707,50.151511],[6.761368,50.151279],[6.761018,50.151272],[6.760679,50.151041],[6.760329,50.151034],[6.759651,50.150571],[6.759661,50.150347],[6.759322,50.150115],[6.759343,50.149666],[6.759004,50.149435],[6.759046,50.148536],[6.758707,50.148304],[6.758717,50.14808],[6.759078,50.147862],[6.758399,50.147399],[6.75841,50.147174],[6.75877,50.146956],[6.758092,50.146494],[6.758102,50.146269],[6.758462,50.146051],[6.758494,50.145377],[6.758854,50.145159],[6.758875,50.14471],[6.759235,50.144492],[6.759246,50.144267],[6.758906,50.144036],[6.758917,50.143811],[6.7579,50.143117],[6.75791,50.142892],[6.756893,50.142198],[6.756903,50.141973],[6.756225,50.14151],[6.755876,50.141503],[6.755886,50.141279],[6.756246,50.141061],[6.755907,50.140829],[6.755949,50.139931],[6.75561,50.139699],[6.755621,50.139475],[6.755981,50.139257],[6.755991,50.139032],[6.756351,50.138814],[6.756372,50.138365],[6.758173,50.137275],[6.758194,50.136826],[6.758914,50.13639],[6.758956,50.135491],[6.759316,50.135273],[6.759358,50.134375],[6.759008,50.134368],[6.75833,50.133905],[6.758383,50.132782],[6.758743,50.132564],[6.758764,50.132114],[6.759124,50.131896],[6.759155,50.131222],[6.759515,50.131005],[6.759526,50.13078],[6.759886,50.130562],[6.759896,50.130337],[6.760256,50.130119],[6.760267,50.129895],[6.760987,50.129459],[6.761336,50.129466],[6.761696,50.129248]]}},
{"type":"Feature","properties":{"STRM_VAL":1.0,"max_accum":39461.0,"color":"#7eacd9","weight":2.04},"geometry":{"type":"LineString","coordinates":[[6.87061,50.165927],[6.87096,50.165934],[6.87168,50.165497],[6.87203,50.165503],[6.872389,50.165285],[6.872399,50.16506],[6.872759,50.164842],[6.872789,50.164168],[6.873149,50.16395],[6.873159,50.163725],[6.874598,50.162852],[6.874608,50.162627],[6.875327,50.162191],[6.876027,50.162204],[6.876746,50.161767],[6.877446,50.16178],[6.877806,50.161561],[6.877835,50.160887],[6.879234,50.160913],[6.879594,50.160695]]}},
{"type":"Feature","properties":{"STRM_VAL":1.0,"max_accum":48187.0,"color":"#7aa8d5","weight":2.14},"geometry":{"type":"LineString","coordinates":[[6.879594,50.160695],[6.879954,50.160476],[6.879984,50.159802],[6.879644,50.159571],[6.880004,50.159353],[6.880063,50.158005],[6.879723,50.157774],[6.880041,50.150584],[6.879362,50.150121],[6.879372,50.149897],[6.878692,50.149435],[6.878702,50.14921],[6.878023,50.148748],[6.878033,50.148523]]}},
{"type":"Feature","properties":{"STRM_VAL":1.0,"max_accum":77570.0,"color":"#719ecc","weight":2.38},"geometry":{"type":"LineString","coordinates":[[7.46362,50.177311],[7.46292,50.177302],[7.462563,50.177522],[7.462213,50.177517],[7.461499,50.177958],[7.461484,50.178407],[7.461127,50.178627],[7.461105,50.179301],[7.460748,50.179522],[7.460734,50.179971],[7.460376,50.180191],[7.460719,50.180421],[7.460712,50.180645],[7.460355,50.180866],[7.460698,50.181095],[7.46069,50.18132],[7.461376,50.181779],[7.461369,50.182003],[7.462054,50.182462],[7.46204,50.182912],[7.462383,50.183141],[7.462361,50.183815],[7.461289,50.184476],[7.460939,50.184471],[7.460925,50.184921],[7.461268,50.18515],[7.46126,50.185375],[7.462289,50.186063],[7.462639,50.186068],[7.464353,50.187215],[7.464339,50.187664],[7.465025,50.188123],[7.465017,50.188348],[7.466046,50.189036]]}},
{"type":"Feature","properties":{"STRM_VAL":1.0,"max_accum":5648227.0,"color":"#19427b","weight":4.58},"geometry":{"type":"LineString","coordinates":[[7.225285,50.174138],[7.22531,50.173464],[7.225668,50.173245],[7.225677,50.17302],[7.226035,50.172801],[7.226052,50.172351],[7.22641,50.172132],[7.226443,50.171233],[7.226801,50.171013],[7.226835,50.170114],[7.226493,50.169884],[7.226526,50.168985],[7.226885,50.168766],[7.228284,50.168787],[7.228642,50.168568],[7.243688,50.168797],[7.244046,50.168577],[7.245446,50.168598],[7.245804,50.168379]]}},
{"type":"Feature","properties":{"STRM_VAL":1.0,"max_accum":19063.0,"color":"#8dbce6","weight":1.67},"geometry":{"type":"LineString","coordinates":[[6.729439,50.16775],[6.729799,50.167532],[6.731198,50.167559],[6.731537,50.167791],[6.734685,50.167852],[6.735025,50.168084],[6.735374,50.16809],[6.736095,50.167655],[6.736795,50.167668],[6.737155,50.167451],[6.737505,50.167457],[6.737865,50.16724],[6.737887,50.16679],[6.738247,50.166572],[6.738268,50.166123],[6.738629,50.165905],[6.738639,50.16568],[6.7383,50.165449],[6.73866,50.165231],[6.738321,50.165],[6.738374,50.163876],[6.738035,50.163645],[6.738067,50.162971],[6.737728,50.162739],[6.737738,50.162515],[6.737399,50.162283],[6.737431,50.161609],[6.737092,50.161378],[6.736742,50.161371],[6.736403,50.161139],[6.736435,50.160465],[6.736096,50.160234],[6.736128,50.15956],[6.735789,50.159328],[6.735799,50.159104],[6.73616,50.158886],[6.73617,50.158661],[6.735831,50.15843],[6.735852,50.15798],[6.736213,50.157762],[6.736255,50.156864],[6.736615,50.156646],[6.736626,50.156421],[6.736986,50.156203],[6.737008,50.155754],[6.737368,50.155536],[6.73741,50.154638],[6.737771,50.15442],[6.73812,50.154427],[6.738481,50.154209],[6.738502,50.153759],[6.738862,50.153541],[6.738883,50.153092],[6.739244,50.152874],[6.738904,50.152643],[6.739265,50.152425],[6.738926,50.152193],[6.738936,50.151969],[6.738597,50.151737],[6.738957,50.151519],[6.738618,50.151288],[6.738629,50.151063],[6.737951,50.1506],[6.737601,50.150594],[6.737633,50.14992],[6.736955,50.149457],[6.737315,50.149239],[6.737326,50.149014],[6.736987,50.148783],[6.73704,50.147659],[6.736701,50.147428],[6.737421,50.146992],[6.737442,50.146543],[6.737803,50.146325],[6.737824,50.145875],[6.738184,50.145658],[6.738195,50.145433],[6.737856,50.145201],[6.737887,50.144527],[6.737548,50.144296],[6.73757,50.143847]]}},
{"type":"Feature","properties":{"STRM_VAL":1.0,"max_accum":30948.0,"color":"#83b2dd","weight":1.91},"geometry":{"type":"LineString","coordinates":[[7.57131,50.182508],[7.57096,50.182504],[7.570617,50.182275],[7.570267,50.182271],[7.569923,50.182041],[7.569567,50.182262],[7.569217,50.182258],[7.568873,50.182029],[7.566773,50.182003],[7.566416,50.182223],[7.565366,50.18221],[7.565009,50.182431],[7.564659,50.182426],[7.564302,50.182647],[7.564296,50.182871],[7.563939,50.183092],[7.563912,50.183991],[7.563555,50.184211],[7.563542,50.184661],[7.563185,50.184881],[7.563178,50.185106],[7.562821,50.185327],[7.562794,50.186226],[7.563138,50.186455],[7.563131,50.18668],[7.564161,50.187367],[7.564154,50.187592],[7.565527,50.188508],[7.565521,50.188733],[7.565864,50.188962],[7.565844,50.189636],[7.565487,50.189857],[7.56548,50.190082],[7.564767,50.190522],[7.564746,50.191197],[7.563676,50.191858],[7.563326,50.191854],[7.561541,50.192956],[7.560841,50.192947],[7.560484,50.193168],[7.560134,50.193163],[7.55942,50.193604],[7.55907,50.1936],[7.558356,50.194041],[7.55835,50.194266],[7.557993,50.194486],[7.557643,50.194482],[7.556215,50.195363],[7.555865,50.195359],[7.555508,50.195579],[7.555158,50.195575],[7.554801,50.195795],[7.554457,50.195566],[7.553407,50.195553],[7.553064,50.195324],[7.55235,50.195765],[7.552343,50.19599],[7.551272,50.196651],[7.550922,50.196647],[7.550208,50.197087],[7.550201,50.197312],[7.549844,50.197533],[7.549494,50.197528],[7.549487,50.197753],[7.548773,50.198194],[7.547723,50.198181],[7.547379,50.197951],[7.546329,50.197938],[7.545972,50.198159],[7.545272,50.19815],[7.544915,50.19837],[7.544908,50.198595],[7.542106,50.19856],[7.541749,50.19878],[7.541399,50.198776],[7.540328,50.199437],[7.539978,50.199433],[7.539621,50.199653],[7.539614,50.199878],[7.539257,50.200098],[7.53925,50.200323],[7.538893,50.200543],[7.538886,50.200768],[7.538529,50.200988],[7.538522,50.201213],[7.538165,50.201434],[7.538158,50.201658],[7.537801,50.201879],[7.537795,50.202103],[7.536744,50.20209],[7.536401,50.201861],[7.5357,50.201852],[7.535357,50.201623],[7.535364,50.201398],[7.534677,50.20094],[7.534691,50.20049],[7.534348,50.200261],[7.534355,50.200036],[7.534011,50.199807],[7.532961,50.199794],[7.531931,50.199106],[7.531231,50.199097],[7.530887,50.198868],[7.529837,50.198855],[7.529494,50.198626],[7.529507,50.198176],[7.529164,50.197947],[7.529171,50.197722],[7.528828,50.197493],[7.528862,50.196369],[7.528519,50.19614],[7.527819,50.196131]]}},
{"type":"Feature","properties":{"STRM_VAL":1.0,"max_accum":13853.0,"color":"#94c3ec","weight":1.5},"geometry":{"type":"LineString","coordinates":[[6.953267,50.17326],[6.953276,50.173036],[6.954355,50.17238],[6.954422,50.170807],[6.95586,50.169933],[6.95621,50.169939],[6.957288,50.169283],[6.957307,50.168834],[6.957666,50.168615],[6.957676,50.168391],[6.957336,50.16816],[6.957345,50.167935],[6.957705,50.167717]]}},
{"type":"Feature","properties":{"STRM_VAL":1.0,"max_accum":36964.0,"color":"#80aeda","weight":2.01},"geometry":{"type":"LineString","coordinates":[[7.038225,50.176301],[7.037175,50.176283],[7.036834,50.176052],[7.036475,50.176271],[7.036125,50.176265],[7.035784,50.176035],[7.035435,50.176029],[7.034413,50.175337],[7.034063,50.175331],[7.033722,50.1751],[7.032672,50.175082],[7.032332,50.174852],[7.029532,50.174804],[7.029173,50.175023],[7.028823,50.175017],[7.028464,50.175236],[7.027414,50.175218],[7.027074,50.174988],[7.024974,50.174952],[7.024634,50.174721],[7.023234,50.174697],[7.022894,50.174467],[7.022544,50.174461],[7.022185,50.174679],[7.021844,50.174449],[7.021494,50.174443],[7.021153,50.174212],[7.020794,50.174431],[7.020444,50.174425],[7.020085,50.174644],[7.019035,50.174626],[7.018695,50.174395],[7.018345,50.174389],[7.016642,50.173236],[7.016292,50.17323],[7.015611,50.172768],[7.013512,50.172732],[7.013153,50.172951],[7.010004,50.172897],[7.009322,50.172436],[7.008973,50.17243],[7.008632,50.172199],[7.008282,50.172193],[7.007601,50.171732],[7.00762,50.171282],[7.007979,50.171064],[7.007988,50.170839],[7.009425,50.169964],[7.009775,50.16997],[7.010853,50.169314],[7.011203,50.16932],[7.011562,50.169101],[7.011571,50.168876],[7.01123,50.168646],[7.01124,50.168421],[7.010899,50.16819],[7.010549,50.168184],[7.009528,50.167492],[7.009178,50.167486],[7.007816,50.166563],[7.007844,50.165889],[7.007504,50.165659],[7.007513,50.165434],[7.007163,50.165428],[7.006823,50.165197],[7.006473,50.165191],[7.006114,50.16541],[7.005414,50.165398],[7.005055,50.165617],[7.004355,50.165605],[7.004015,50.165374],[7.002965,50.165356],[7.002284,50.164894],[7.001235,50.164876],[7.000894,50.164646],[7.000545,50.164639],[7.000185,50.164858],[6.999845,50.164627],[6.999145,50.164615],[6.998124,50.163923],[6.998133,50.163698],[6.997793,50.163468],[6.997812,50.163018],[6.998171,50.1628],[6.99818,50.162575],[6.99854,50.162356],[6.998549,50.162132],[6.998908,50.161913],[6.999258,50.161919],[7.000335,50.161263],[7.000685,50.161269],[7.001044,50.16105],[7.001054,50.160825],[7.002131,50.160169],[7.00215,50.15972],[7.002509,50.159501],[7.002528,50.159052],[7.002887,50.158833],[7.002934,50.15771],[7.002593,50.157479],[7.002603,50.157254],[7.001903,50.157242],[7.001563,50.157011],[7.000164,50.156987],[6.999824,50.156757],[6.999474,50.156751],[6.998793,50.156289],[6.997744,50.156271],[6.996382,50.155348],[6.996033,50.155342],[6.995011,50.15465],[6.995058,50.153526],[6.994037,50.152834],[6.993688,50.152828],[6.992667,50.152136],[6.992686,50.151686],[6.992345,50.151456],[6.992355,50.151231],[6.992014,50.151],[6.992024,50.150775],[6.991003,50.150083],[6.991012,50.149858],[6.990672,50.149628],[6.9907,50.148954],[6.992496,50.14786],[6.992505,50.147636],[6.992864,50.147417],[6.992883,50.146967],[6.993242,50.146749],[6.993271,50.146075],[6.99363,50.145856],[6.993639,50.145631],[6.993998,50.145413],[6.994026,50.144739]]}},
{"type":"Feature","properties":{"STRM_VAL":1.0,"max_accum":12128.0,"color":"#97c6ef","weight":1.44},"geometry":{"type":"LineString","coordinates":[[6.577804,50.168508],[6.578481,50.168972],[6.578469,50.169196],[6.578808,50.169428],[6.578796,50.169653],[6.579812,50.170349]]}},
{"type":"Feature","properties":{"STRM_VAL":1.0,"max_accum":25399.0,"color":"#87b6e1","weight":1.81},"geometry":{"type":"LineString","coordinates":[[6.579812,50.170349],[6.58015,50.170581],[6.5805,50.170588],[6.581854,50.171516],[6.582203,50.171523],[6.583557,50.172451],[6.583907,50.172458],[6.584245,50.17269],[6.584234,50.172915],[6.585249,50.17361],[6.585599,50.173618],[6.585938,50.17385],[6.586637,50.173864],[6.587653,50.17456],[6.587641,50.174785],[6.58798,50.175016],[6.588329,50.175024],[6.588307,50.175473],[6.588645,50.175705],[6.588284,50.175922],[6.588262,50.176372],[6.5886,50.176603],[6.588239,50.176821],[6.588205,50.177495],[6.587844,50.177712],[6.587821,50.178161],[6.58746,50.178379],[6.587426,50.179053],[6.587065,50.17927]]}},
{"type":"Feature","properties":{"STRM_VAL":1.0,"max_accum":501748.0,"color":"#4a76a8","weight":3.34},"geometry":{"type":"LineString","coordinates":[[6.587065,50.17927],[6.587054,50.179495],[6.587392,50.179727],[6.587381,50.179951],[6.588396,50.180647],[6.588746,50.180654],[6.590439,50.181814],[6.5908,50.181597],[6.59185,50.181618],[6.592188,50.18185],[6.592538,50.181857],[6.592877,50.182089],[6.593226,50.182097],[6.593565,50.182329],[6.594265,50.182343],[6.594603,50.182575],[6.595653,50.182597],[6.595991,50.182829],[6.598091,50.182872],[6.598813,50.182437],[6.599163,50.182444],[6.599524,50.182227],[6.599535,50.182002],[6.599896,50.181785],[6.600946,50.181807],[6.601307,50.181589],[6.601657,50.181596],[6.601995,50.181828],[6.603395,50.181857],[6.603733,50.182089],[6.604455,50.181654],[6.604794,50.181886],[6.605144,50.181893],[6.605505,50.181676],[6.605855,50.181683],[6.607299,50.180813],[6.607649,50.180821],[6.609093,50.179951],[6.609793,50.179965],[6.610154,50.179748],[6.610854,50.179762],[6.611215,50.179545],[6.612264,50.179566],[6.612625,50.179349],[6.613675,50.17937],[6.614758,50.178718],[6.615457,50.178732],[6.615819,50.178515],[6.61583,50.17829],[6.616191,50.178073],[6.616202,50.177848],[6.616563,50.177631],[6.616574,50.177406],[6.617274,50.17742],[6.61944,50.176116],[6.619451,50.175891],[6.620173,50.175456],[6.620523,50.175463],[6.620884,50.175246],[6.621933,50.175267],[6.622294,50.17505],[6.623343,50.175071],[6.623704,50.174854],[6.625104,50.174882],[6.626186,50.17423],[6.626198,50.174005],[6.626897,50.174019],[6.627619,50.173584],[6.627958,50.173816],[6.628319,50.173599]]}},
{"type":"Feature","properties":{"STRM_VAL":1.0,"max_accum":532252.0,"color":"#4974a7","weight":3.37},"geometry":{"type":"LineString","coordinates":[[6.628319,50.173599],[6.628352,50.172925],[6.628013,50.172693],[6.628036,50.172244],[6.627697,50.172012],[6.62773,50.171338],[6.626376,50.170411],[6.625676,50.170396],[6.625338,50.170165],[6.624288,50.170143],[6.623566,50.170578],[6.623217,50.170571],[6.622856,50.170788],[6.621107,50.170753],[6.62043,50.170289],[6.620441,50.170064],[6.619764,50.169601],[6.619775,50.169376],[6.61842,50.168449],[6.618431,50.168224],[6.618093,50.167992],[6.617743,50.167985],[6.615712,50.166594],[6.615745,50.16592],[6.616106,50.165703],[6.615768,50.165471],[6.61579,50.165022],[6.616151,50.164804],[6.616162,50.164579],[6.615485,50.164116],[6.615496,50.163891],[6.615158,50.163659],[6.614808,50.163652],[6.614469,50.16342],[6.61412,50.163413],[6.613443,50.162949],[6.613476,50.162275],[6.613138,50.162044],[6.613182,50.161145],[6.612844,50.160913],[6.612878,50.160239],[6.612539,50.160007],[6.612617,50.158435],[6.612978,50.158217],[6.612989,50.157993],[6.614072,50.15734],[6.614083,50.157116],[6.615527,50.156246],[6.61556,50.155572],[6.615222,50.15534],[6.615255,50.154666],[6.61424,50.153971],[6.614251,50.153746],[6.612897,50.152819],[6.612548,50.152811],[6.612209,50.15258],[6.609762,50.152529],[6.609401,50.152747],[6.608702,50.152732],[6.608341,50.15295],[6.607292,50.152928],[6.606931,50.153146],[6.604833,50.153102],[6.604495,50.15287],[6.603795,50.152856],[6.60278,50.15216],[6.602791,50.151936],[6.602115,50.151472],[6.602126,50.151247],[6.601449,50.150784],[6.60146,50.150559],[6.601122,50.150327],[6.601133,50.150102]]}},
{"type":"Feature","properties":{"STRM_VAL":1.0,"max_accum":109041.0,"color":"#6a97c5","weight":2.56},"geometry":{"type":"LineString","coordinates":[[7.159539,50.18121],[7.158839,50.181199],[7.158497,50.180969],[7.157447,50.180952],[7.157106,50.180722],[7.156406,50.180711],[7.155382,50.18002],[7.155391,50.179795],[7.15505,50.179565],[7.155058,50.17934],[7.154717,50.17911],[7.154752,50.178211],[7.15511,50.177992],[7.155128,50.177542],[7.154445,50.177082],[7.154095,50.177076],[7.153412,50.176616],[7.153063,50.17661],[7.152721,50.17638],[7.152371,50.176374],[7.15203,50.176144],[7.15063,50.176122],[7.149948,50.175661],[7.149598,50.175655],[7.149615,50.175206],[7.149274,50.174976],[7.149317,50.173852],[7.149676,50.173633],[7.149685,50.173408],[7.149002,50.172947],[7.149046,50.171824],[7.149404,50.171605],[7.149439,50.170706],[7.149098,50.170475],[7.148748,50.17047],[7.148407,50.17024],[7.148415,50.170015],[7.147733,50.169554],[7.147742,50.16933],[7.147059,50.168869],[7.146709,50.168863],[7.145686,50.168172],[7.145695,50.167948],[7.145012,50.167487],[7.145021,50.167262],[7.14468,50.167032],[7.144706,50.166358],[7.145064,50.166139],[7.145082,50.165689],[7.145799,50.165251],[7.145458,50.165021],[7.145108,50.165015],[7.144426,50.164554],[7.144443,50.164105],[7.143761,50.163644],[7.143804,50.162521],[7.144163,50.162302],[7.144189,50.161627],[7.143848,50.161397],[7.143865,50.160948],[7.143524,50.160717],[7.14355,50.160043],[7.144267,50.159605],[7.144276,50.15938]]}},
{"type":"Feature","properties":{"STRM_VAL":1.0,"max_accum":5608178.0,"color":"#19427b","weight":4.57},"geometry":{"type":"LineString","coordinates":[[7.144276,50.15938],[7.144626,50.159386],[7.144984,50.159167],[7.145028,50.158043],[7.145386,50.157824],[7.145395,50.157599],[7.145745,50.157605],[7.146103,50.157385],[7.146453,50.157391],[7.146812,50.157172],[7.147161,50.157178],[7.147878,50.156739],[7.148228,50.156745],[7.148587,50.156526],[7.148936,50.156531],[7.149295,50.156312],[7.149994,50.156323],[7.152145,50.155008],[7.152154,50.154784],[7.151472,50.154323],[7.151122,50.154317],[7.150781,50.154087],[7.150807,50.153413],[7.150466,50.153183],[7.150824,50.152963],[7.150841,50.152514],[7.1512,50.152295],[7.151208,50.15207],[7.151925,50.151632],[7.152625,50.151643],[7.152983,50.151424],[7.153333,50.151429],[7.153691,50.15121],[7.154741,50.151227],[7.155082,50.151457],[7.15718,50.15149],[7.157189,50.151266],[7.157547,50.151047],[7.157556,50.150822],[7.160065,50.149288],[7.160414,50.149293],[7.161131,50.148855],[7.161481,50.14886],[7.161839,50.148641],[7.161848,50.148416],[7.163639,50.14732],[7.165038,50.147342],[7.165379,50.147573],[7.166096,50.147134],[7.166446,50.14714],[7.166804,50.146921],[7.167853,50.146937],[7.167767,50.149184],[7.168109,50.149415],[7.168057,50.150763],[7.168398,50.150993]]}},
{"type":"Feature","properties":{"STRM_VAL":1.0,"max_accum":12128.0,"color":"#97c6ef","weight":1.44},"geometry":{"type":"LineString","coordinates":[[6.56116,50.172207],[6.561837,50.172671],[6.562536,50.172686],[6.562875,50.172918],[6.563224,50.172925],[6.563563,50.173157],[6.564262,50.173172],[6.564624,50.172955],[6.565323,50.172969],[6.565661,50.173201],[6.566023,50.172984],[6.567072,50.173006],[6.567433,50.172789],[6.568483,50.172811],[6.568494,50.172586],[6.568855,50.172369],[6.568867,50.172144],[6.569228,50.171927],[6.569239,50.171702],[6.5696,50.171485],[6.569612,50.17126],[6.570334,50.170826],[6.571383,50.170847],[6.571744,50.17063],[6.572094,50.170637],[6.572455,50.17042],[6.572805,50.170427],[6.573166,50.17021],[6.573516,50.170217],[6.573877,50.17],[6.574577,50.170015],[6.574938,50.169797],[6.578435,50.16987],[6.578774,50.170102],[6.579124,50.17011],[6.579462,50.170342],[6.579812,50.170349]]}},
{"type":"Feature","properties":{"STRM_VAL":1.0,"max_accum":5633187.0,"color":"#19427b","weight":4.58},"geometry":{"type":"LineString","coordinates":[[7.177993,50.183975],[7.176969,50.183284],[7.176986,50.182834],[7.177703,50.182396],[7.178053,50.182401],[7.178412,50.182182],[7.179112,50.182193],[7.180187,50.181535],[7.179846,50.181305],[7.179854,50.181081],[7.179513,50.18085],[7.179556,50.179727],[7.180273,50.179288],[7.180315,50.178165],[7.180674,50.177945],[7.180682,50.177721],[7.181758,50.177063],[7.182458,50.177074],[7.182816,50.176855],[7.183866,50.176871],[7.184224,50.176652],[7.184574,50.176657],[7.184933,50.176438],[7.185633,50.176449],[7.185991,50.17623],[7.186341,50.176235],[7.1867,50.176016],[7.190549,50.176076],[7.190907,50.175857],[7.191257,50.175862],[7.191616,50.175643],[7.192666,50.175659],[7.193741,50.175001],[7.193766,50.174327],[7.194125,50.174108],[7.194133,50.173883],[7.194491,50.173664],[7.194508,50.173214],[7.194167,50.172984],[7.194175,50.172759],[7.193834,50.172529],[7.193902,50.170731],[7.19426,50.170512],[7.194269,50.170287],[7.194627,50.170068],[7.194644,50.169618],[7.194994,50.169624],[7.195352,50.169405],[7.195702,50.16941],[7.19606,50.169191],[7.19816,50.169223],[7.198168,50.168999],[7.199243,50.168341],[7.201692,50.168379],[7.202767,50.167721],[7.202776,50.167496],[7.203492,50.167057],[7.203501,50.166833],[7.204934,50.165955],[7.204942,50.165731],[7.205301,50.165511],[7.20775,50.165549]]}},
{"type":"Feature","properties":{"STRM_VAL":1.0,"max_accum":163295.0,"color":"#618ebe","weight":2.77},"geometry":{"type":"LineString","coordinates":[[7.40295,50.190659],[7.402942,50.190884],[7.403627,50.191343],[7.40362,50.191567],[7.40397,50.191572],[7.404998,50.192261],[7.404975,50.192935],[7.405318,50.193165],[7.405668,50.19317],[7.406353,50.193629],[7.406703,50.193634],[7.407046,50.193863],[7.407746,50.193873],[7.408432,50.194332],[7.408782,50.194337],[7.409467,50.194796],[7.409817,50.1948],[7.411188,50.195719]]}},
{"type":"Feature","properties":{"STRM_VAL":1.0,"max_accum":20609.0,"color":"#8cbae5","weight":1.71},"geometry":{"type":"LineString","coordinates":[[6.667912,50.180248],[6.667551,50.180465],[6.667398,50.18361],[6.667037,50.183828],[6.666938,50.18585],[6.666578,50.186068],[6.666567,50.186292]]}},
{"type":"Feature","properties":{"STRM_VAL":1.0,"max_accum":460145.0,"color":"#4c78aa","weight":3.3},"geometry":{"type":"LineString","coordinates":[[6.666567,50.186292],[6.666206,50.18651],[6.665156,50.186489],[6.664817,50.186257],[6.664467,50.18625],[6.664128,50.186018],[6.663429,50.186004],[6.662751,50.185541],[6.661351,50.185513],[6.66099,50.18573],[6.660979,50.185955],[6.660618,50.186173],[6.658519,50.18613],[6.657841,50.185667],[6.655392,50.185617],[6.654714,50.185154],[6.653665,50.185133],[6.653326,50.184901],[6.652626,50.184887],[6.651904,50.185322],[6.651204,50.185308],[6.650865,50.185076],[6.650516,50.185069],[6.650155,50.185287],[6.649455,50.185272],[6.648733,50.185708],[6.648383,50.185701],[6.647661,50.186136],[6.647311,50.186129],[6.645868,50.186999],[6.645518,50.186992],[6.645157,50.187209],[6.644807,50.187202],[6.644446,50.18742],[6.644096,50.187413],[6.643735,50.18763],[6.643385,50.187623]]}},
{"type":"Feature","properties":{"STRM_VAL":1.0,"max_accum":501748.0,"color":"#4a76a8","weight":3.34},"geometry":{"type":"LineString","coordinates":[[6.643385,50.187623],[6.643046,50.187391],[6.642346,50.187377],[6.641625,50.187812],[6.639875,50.187777],[6.638859,50.187081],[6.638903,50.186183],[6.638225,50.185719],[6.638236,50.185495],[6.637886,50.185487],[6.637548,50.185256],[6.637198,50.185249],[6.636859,50.185017],[6.636509,50.18501],[6.63617,50.184778],[6.636181,50.184553],[6.635843,50.184321],[6.635865,50.183872],[6.634171,50.182713],[6.633821,50.182706],[6.633144,50.182243],[6.632794,50.182235],[6.632455,50.182004],[6.632105,50.181997],[6.631089,50.181301],[6.6311,50.181077],[6.630084,50.180381],[6.630095,50.180156],[6.629756,50.179925],[6.62979,50.179251],[6.629451,50.179019],[6.629462,50.178794],[6.629123,50.178562],[6.629134,50.178338],[6.628118,50.177642],[6.627768,50.177635],[6.626752,50.17694],[6.626797,50.176041],[6.627519,50.175606],[6.62753,50.175382],[6.627891,50.175164],[6.627935,50.174266],[6.628296,50.174048],[6.628319,50.173599]]}},
{"type":"Feature","properties":{"STRM_VAL":1.0,"max_accum":25399.0,"color":"#87b6e1","weight":1.81},"geometry":{"type":"LineString","coordinates":[[6.570247,50.18634],[6.57097,50.185906],[6.570981,50.185681],[6.571342,50.185464],[6.571354,50.185239],[6.571715,50.185022],[6.57176,50.184123],[6.572122,50.183906],[6.572133,50.183681],[6.572494,50.183464],[6.572529,50.18279],[6.57289,50.182573],[6.57324,50.18258],[6.573601,50.182363],[6.574301,50.182377],[6.575023,50.181943],[6.575373,50.18195],[6.575734,50.181733],[6.576434,50.181747],[6.576795,50.18153],[6.577145,50.181537],[6.577506,50.18132],[6.577856,50.181327],[6.578939,50.180675],[6.578951,50.180451],[6.579312,50.180233],[6.579662,50.18024],[6.580384,50.179806],[6.581084,50.17982],[6.581445,50.179603],[6.582495,50.179625],[6.582856,50.179407],[6.583555,50.179422],[6.584639,50.17877],[6.585688,50.178792],[6.586027,50.179024],[6.586377,50.179031],[6.586715,50.179263],[6.587065,50.17927]]}},
{"type":"Feature","properties":{"STRM_VAL":1.0,"max_accum":80747.0,"color":"#709dcb","weight":2.41},"geometry":{"type":"LineString","coordinates":[[7.124608,50.196842],[7.122508,50.196808],[7.121825,50.196347],[7.121475,50.196341],[7.120793,50.19588],[7.120442,50.195875],[7.119078,50.194953],[7.118377,50.194942],[7.118036,50.194711],[7.117686,50.194706],[7.117345,50.194475],[7.116645,50.194464],[7.116304,50.194234],[7.115253,50.194217],[7.113547,50.193065],[7.113565,50.192615],[7.113224,50.192385],[7.113233,50.19216],[7.11255,50.191699],[7.1122,50.191694],[7.111859,50.191463],[7.111509,50.191457],[7.111168,50.191227],[7.110818,50.191221],[7.110136,50.19076],[7.109786,50.190755],[7.109103,50.190294],[7.109112,50.190069],[7.108089,50.189378],[7.107389,50.189367],[7.106365,50.188675],[7.106015,50.18867],[7.105333,50.188209],[7.105342,50.187984]]}},
{"type":"Feature","properties":{"STRM_VAL":1.0,"max_accum":109041.0,"color":"#6a97c5","weight":2.56},"geometry":{"type":"LineString","coordinates":[[7.105342,50.187984],[7.105701,50.187765],[7.105727,50.187091],[7.106804,50.186434],[7.106822,50.185984],[7.107181,50.185765],[7.10719,50.185541],[7.108266,50.184884],[7.108275,50.184659],[7.108993,50.184221],[7.109002,50.183996],[7.110078,50.183339],[7.110123,50.182215],[7.110482,50.181996],[7.110499,50.181547],[7.110858,50.181328],[7.110876,50.180878],[7.111235,50.180659],[7.114384,50.180711],[7.115067,50.181171],[7.117516,50.181211],[7.117875,50.180992],[7.117884,50.180767],[7.117543,50.180537],[7.117578,50.179638],[7.118296,50.1792],[7.118304,50.178975],[7.117963,50.178745],[7.117972,50.17852],[7.119766,50.177425],[7.120816,50.177442],[7.121533,50.177004],[7.121883,50.177009],[7.122242,50.17679],[7.122251,50.176566],[7.122968,50.176127],[7.124368,50.17615],[7.124727,50.175931],[7.125077,50.175937],[7.126153,50.175279],[7.126503,50.175285],[7.126861,50.175066],[7.127211,50.175072],[7.128288,50.174414],[7.128296,50.17419],[7.128655,50.173971],[7.128664,50.173746],[7.129022,50.173527],[7.12904,50.173077],[7.129399,50.172858],[7.129407,50.172633],[7.129766,50.172414],[7.129775,50.17219],[7.130134,50.171971],[7.130142,50.171746],[7.130501,50.171527],[7.130527,50.170853],[7.131603,50.170195],[7.131953,50.170201],[7.131962,50.169976],[7.133755,50.168881],[7.134455,50.168892],[7.134814,50.168673],[7.135513,50.168684],[7.135872,50.168465],[7.136572,50.168476],[7.137289,50.168038],[7.137315,50.167364],[7.137674,50.167145],[7.137709,50.166246],[7.137368,50.166015],[7.137385,50.165566],[7.138819,50.16469],[7.138828,50.164465],[7.139187,50.164246],[7.139204,50.163796],[7.138863,50.163566],[7.137813,50.163549],[7.137455,50.163768],[7.137446,50.163993],[7.137088,50.164212],[7.136738,50.164206],[7.136755,50.163757],[7.136414,50.163527],[7.136432,50.163077],[7.137507,50.16242],[7.137857,50.162425],[7.138216,50.162206],[7.138566,50.162212],[7.139641,50.161555],[7.139676,50.160656],[7.138653,50.159965],[7.13867,50.159515],[7.140769,50.159549],[7.14111,50.159779],[7.14146,50.159785],[7.141801,50.160015],[7.14216,50.159796],[7.142168,50.159571],[7.142527,50.159352],[7.144276,50.15938]]}},
{"type":"Feature","properties":{"STRM_VAL":1.0,"max_accum":32252.0,"color":"#83b1dc","weight":1.94},"geometry":{"type":"LineString","coordinates":[[6.73938,50.194479],[6.73973,50.194486],[6.740409,50.194949],[6.740759,50.194956],[6.741098,50.195187],[6.741448,50.195194],[6.741788,50.195425],[6.742138,50.195432],[6.742477,50.195664],[6.745277,50.195718],[6.745998,50.195282],[6.746348,50.195289],[6.747069,50.194853],[6.747419,50.19486],[6.74743,50.194635],[6.74779,50.194418],[6.747451,50.194186],[6.747812,50.193968],[6.747843,50.193294],[6.748204,50.193076],[6.748257,50.191953],[6.748617,50.191735],[6.748628,50.19151],[6.748988,50.191293],[6.748999,50.191068],[6.749359,50.19085],[6.74937,50.190625],[6.74973,50.190407],[6.749752,50.189958],[6.750112,50.18974],[6.750123,50.189515],[6.750483,50.189298],[6.750494,50.189073],[6.750854,50.188855],[6.750865,50.18863],[6.751586,50.188195],[6.751596,50.18797],[6.751957,50.187752],[6.751967,50.187527],[6.752328,50.187309],[6.752349,50.18686],[6.75343,50.186206],[6.753441,50.185982],[6.754162,50.185546],[6.754512,50.185553],[6.755233,50.185117],[6.755932,50.18513],[6.756653,50.184695],[6.757003,50.184701],[6.757364,50.184483],[6.757406,50.183585],[6.757766,50.183367],[6.757798,50.182693],[6.757458,50.182461],[6.757469,50.182237],[6.757829,50.182019],[6.75785,50.181569],[6.758211,50.181352],[6.758221,50.181127],[6.760023,50.180037],[6.760723,50.180051],[6.761083,50.179833],[6.761783,50.179846],[6.762504,50.17941],[6.762514,50.179186],[6.763235,50.17875],[6.763246,50.178525],[6.764327,50.177871],[6.764666,50.178103],[6.765747,50.177449],[6.766447,50.177463],[6.767888,50.176591],[6.768938,50.176611],[6.769298,50.176393],[6.769309,50.176168],[6.770358,50.176188],[6.771079,50.175753],[6.770061,50.175058],[6.770081,50.174609],[6.770442,50.174391],[6.770473,50.173717],[6.770134,50.173486],[6.770854,50.17305],[6.770886,50.172376],[6.770546,50.172144],[6.770567,50.171695],[6.770228,50.171464],[6.770588,50.171246],[6.770249,50.171014],[6.769899,50.171008],[6.76956,50.170776],[6.76921,50.170769],[6.768531,50.170307],[6.767832,50.170293],[6.766814,50.169599],[6.767174,50.169381],[6.767184,50.169156],[6.766506,50.168694],[6.766537,50.16802],[6.766198,50.167788],[6.766208,50.167563],[6.765869,50.167332],[6.7659,50.166658],[6.766261,50.16644],[6.766271,50.166215],[6.765253,50.165521],[6.765264,50.165296],[6.764924,50.165065],[6.764956,50.164391],[6.764617,50.16416],[6.764648,50.163486],[6.76397,50.163023],[6.764001,50.162349],[6.764361,50.162131],[6.764456,50.160109],[6.764116,50.159877]]}},
{"type":"Feature","properties":{"STRM_VAL":1.0,"max_accum":20609.0,"color":"#8cbae5","weight":1.71},"geometry":{"type":"LineString","coordinates":[[6.688285,50.193473],[6.687946,50.193241],[6.686896,50.19322],[6.686218,50.192757],[6.685518,50.192743],[6.685179,50.192512],[6.684829,50.192505],[6.68449,50.192273],[6.68414,50.192266],[6.683801,50.192034],[6.682751,50.192013],[6.681669,50.192666],[6.680969,50.192652],[6.68063,50.192421],[6.68028,50.192414],[6.679941,50.192182],[6.679591,50.192175],[6.679252,50.191944],[6.679273,50.191494],[6.678934,50.191263],[6.678945,50.191038],[6.677928,50.190343],[6.677939,50.190118],[6.6776,50.189887],[6.677611,50.189662],[6.677272,50.18943],[6.676922,50.189423],[6.676244,50.18896],[6.675894,50.188953],[6.675555,50.188721],[6.675205,50.188714],[6.674866,50.188483],[6.674516,50.188476],[6.674177,50.188244],[6.673477,50.18823],[6.673138,50.187998],[6.672788,50.187991],[6.672449,50.18776],[6.67175,50.187746],[6.671411,50.187514],[6.670361,50.187493],[6.670022,50.187261],[6.669322,50.187247],[6.668644,50.186784],[6.668283,50.187001],[6.667944,50.18677],[6.667955,50.186545],[6.667616,50.186313],[6.666567,50.186292]]}},
{"type":"Feature","properties":{"STRM_VAL":1.0,"max_accum":59019.0,"color":"#76a4d1","weight":2.24},"geometry":{"type":"LineString","coordinates":[[6.948671,50.198814],[6.949021,50.198821],[6.94938,50.198602],[6.951831,50.198645],[6.952171,50.198876],[6.953222,50.198895],[6.953562,50.199126],[6.953912,50.199132],[6.954252,50.199363],[6.954603,50.199369]]}},
{"type":"Feature","properties":{"STRM_VAL":1.0,"max_accum":85352.0,"color":"#6f9cca","weight":2.43},"geometry":{"type":"LineString","coordinates":[[6.954603,50.199369],[6.954962,50.19915],[6.956362,50.199175],[6.956401,50.198276],[6.95712,50.197839],[6.95713,50.197614],[6.95748,50.19762],[6.957839,50.197402],[6.957859,50.196952],[6.958218,50.196734],[6.958228,50.196509],[6.958587,50.196291],[6.958597,50.196066],[6.958957,50.195847],[6.959297,50.196078],[6.959657,50.19586],[6.959685,50.195186],[6.959345,50.194955],[6.960064,50.194518],[6.960074,50.194293],[6.960433,50.194074],[6.960443,50.19385],[6.960103,50.193619],[6.960131,50.192945],[6.960491,50.192726],[6.9605,50.192501],[6.96086,50.192283],[6.960889,50.191609],[6.960548,50.191378],[6.960567,50.190929],[6.960927,50.19071],[6.960937,50.190485],[6.961296,50.190267],[6.961315,50.189817],[6.962034,50.18938],[6.962054,50.188931],[6.962773,50.188494],[6.962801,50.18782],[6.963161,50.187601],[6.963511,50.187607],[6.96387,50.187389],[6.96389,50.186939],[6.963549,50.186708],[6.963199,50.186702],[6.962859,50.186471],[6.963218,50.186253],[6.962537,50.185791],[6.962897,50.185573],[6.962557,50.185342],[6.962576,50.184892],[6.962235,50.184662],[6.962254,50.184212],[6.962614,50.183994],[6.962624,50.183769],[6.964062,50.182895],[6.964071,50.18267],[6.964431,50.182451],[6.96375,50.18199],[6.963759,50.181765],[6.964119,50.181546],[6.964148,50.180872],[6.964507,50.180654],[6.964526,50.180204],[6.965245,50.179767],[6.965595,50.179773],[6.965954,50.179555],[6.966304,50.179561],[6.967023,50.179124],[6.967373,50.17913],[6.968092,50.178693],[6.968111,50.178243],[6.96883,50.177806],[6.96849,50.177575],[6.969209,50.177138],[6.969558,50.177144],[6.969918,50.176926]]}},
{"type":"Feature","properties":{"STRM_VAL":1.0,"max_accum":104360.0,"color":"#6b97c6","weight":2.54},"geometry":{"type":"LineString","coordinates":[[6.969918,50.176926],[6.971356,50.176051],[6.971705,50.176057],[6.972424,50.17562],[6.972434,50.175396],[6.972793,50.175177],[6.972812,50.174727],[6.973172,50.174509],[6.973191,50.174059],[6.971829,50.173136],[6.971848,50.172687],[6.971508,50.172456],[6.971527,50.172007],[6.971187,50.171776],[6.971225,50.170877],[6.970884,50.170646],[6.970903,50.170197],[6.970563,50.169966],[6.970573,50.169741],[6.970932,50.169523],[6.970941,50.169298],[6.971291,50.169304],[6.97201,50.168867],[6.972019,50.168642],[6.972379,50.168424],[6.972398,50.167974],[6.971037,50.167051],[6.970337,50.167039],[6.969997,50.166808],[6.969647,50.166802],[6.969306,50.166571],[6.968957,50.166565],[6.968616,50.166334],[6.968626,50.166109],[6.968286,50.165878],[6.968295,50.165654],[6.968654,50.165435],[6.968674,50.164986],[6.969033,50.164767],[6.969383,50.164773],[6.969392,50.164549],[6.968712,50.164087],[6.969071,50.163868],[6.969421,50.163874],[6.969761,50.164105],[6.970111,50.164111],[6.97013,50.163662],[6.97048,50.163668],[6.970489,50.163443],[6.971208,50.163006],[6.971217,50.162782],[6.971577,50.162563],[6.971596,50.162114]]}},
{"type":"Feature","properties":{"STRM_VAL":1.0,"max_accum":85315.0,"color":"#6f9cca","weight":2.43},"geometry":{"type":"LineString","coordinates":[[6.86489,50.200003],[6.86455,50.199772],[6.8642,50.199765],[6.86384,50.199983],[6.86248,50.199059],[6.86213,50.199052],[6.86145,50.19859],[6.8604,50.198571],[6.86006,50.19834],[6.85971,50.198333],[6.85937,50.198102],[6.85867,50.198089],[6.85833,50.197858],[6.85763,50.197845],[6.85729,50.197614],[6.85694,50.197608],[6.85626,50.197145],[6.8559,50.197363],[6.85485,50.197344],[6.85451,50.197113],[6.85381,50.1971],[6.85313,50.196638],[6.85278,50.196631],[6.85244,50.1964],[6.85174,50.196387],[6.8514,50.196156],[6.85,50.19613],[6.84966,50.195899],[6.84406,50.195795],[6.84372,50.195564],[6.84267,50.195544],[6.84233,50.195313],[6.84198,50.195307],[6.84096,50.194613],[6.84026,50.1946],[6.839921,50.194369],[6.839571,50.194362],[6.839231,50.194131],[6.839241,50.193906],[6.838901,50.193675],[6.838911,50.193451]]}},
{"type":"Feature","properties":{"STRM_VAL":1.0,"max_accum":126813.0,"color":"#6793c2","weight":2.64},"geometry":{"type":"LineString","coordinates":[[6.838911,50.193451],[6.838931,50.193001],[6.838592,50.19277],[6.837892,50.192757],[6.837552,50.192526],[6.836852,50.192513],[6.836872,50.192063],[6.835853,50.19137],[6.835503,50.191363],[6.835163,50.191132],[6.835204,50.190233],[6.834864,50.190002],[6.834884,50.189553],[6.834544,50.189322],[6.834554,50.189097],[6.834204,50.18909],[6.833525,50.188628],[6.833175,50.188621],[6.831476,50.187465],[6.831507,50.186791],[6.831167,50.18656],[6.831177,50.186335],[6.830837,50.186104],[6.830858,50.185655],[6.831218,50.185437],[6.831228,50.185212],[6.831588,50.184994],[6.831618,50.18432],[6.831979,50.184102],[6.831999,50.183652],[6.831659,50.183421],[6.83168,50.182972],[6.83204,50.182753],[6.832091,50.18163],[6.832811,50.181194],[6.832471,50.180963],[6.832481,50.180738],[6.831462,50.180044],[6.831492,50.17937],[6.831153,50.179139],[6.831173,50.17869]]}},
{"type":"Feature","properties":{"STRM_VAL":1.0,"max_accum":180693.0,"color":"#5f8cbc","weight":2.82},"geometry":{"type":"LineString","coordinates":[[6.831173,50.17869],[6.831183,50.178465],[6.830504,50.178002],[6.830864,50.177784],[6.830524,50.177553],[6.830534,50.177328],[6.830195,50.177097],[6.830215,50.176648],[6.829875,50.176417],[6.828476,50.17639],[6.828136,50.176159],[6.827087,50.17614],[6.826747,50.175908],[6.825697,50.175889],[6.825358,50.175657],[6.825378,50.175208],[6.825039,50.174977],[6.82511,50.173404],[6.824091,50.17271],[6.823741,50.172704],[6.823381,50.172922],[6.823042,50.172691],[6.823052,50.172466],[6.822702,50.172459],[6.822362,50.172228],[6.822012,50.172222],[6.821673,50.17199],[6.821323,50.171984],[6.820644,50.171521],[6.819944,50.171508],[6.819605,50.171277],[6.819615,50.171052],[6.818936,50.17059],[6.818946,50.170365],[6.818267,50.169903],[6.818287,50.169453],[6.818647,50.169235],[6.818657,50.16901],[6.820098,50.168138],[6.820108,50.167913],[6.820468,50.167695],[6.820519,50.166572],[6.820179,50.166341],[6.8202,50.165891],[6.819181,50.165197],[6.818831,50.165191],[6.818492,50.16496],[6.817093,50.164933],[6.816753,50.164702],[6.816763,50.164477],[6.816414,50.164471],[6.815055,50.163546],[6.815086,50.162872],[6.815806,50.162435],[6.817205,50.162462],[6.817545,50.162693],[6.818594,50.162713],[6.819314,50.162277],[6.819334,50.161827],[6.820774,50.160955],[6.820815,50.160056],[6.821175,50.159838],[6.821277,50.157591],[6.821637,50.157373],[6.820958,50.15691],[6.821318,50.156692],[6.821349,50.156018],[6.82067,50.155556],[6.82032,50.155549],[6.820361,50.15465],[6.819682,50.154188],[6.819703,50.153739],[6.819363,50.153507],[6.819384,50.153058],[6.819743,50.15284],[6.819065,50.152377],[6.818715,50.152371],[6.818375,50.15214],[6.818386,50.151915],[6.818046,50.151684],[6.818097,50.15056],[6.817758,50.150329],[6.817408,50.150322],[6.817429,50.149873],[6.817089,50.149642],[6.81711,50.149192],[6.81747,50.148974],[6.81748,50.14875],[6.81714,50.148518],[6.817151,50.148294],[6.816811,50.148062],[6.815413,50.148036],[6.815443,50.147362],[6.815104,50.147131],[6.814744,50.147349],[6.814394,50.147342],[6.814055,50.147111],[6.814065,50.146886],[6.812029,50.145499],[6.811679,50.145492],[6.810661,50.144798],[6.810682,50.144349],[6.810342,50.144118],[6.810363,50.143668],[6.810023,50.143437],[6.810054,50.142763],[6.809715,50.142532],[6.809725,50.142307],[6.809386,50.142076],[6.809396,50.141851],[6.809756,50.141633],[6.810105,50.14164],[6.810465,50.141422],[6.809447,50.140728],[6.809468,50.140278],[6.809828,50.14006],[6.8099,50.138487],[6.810259,50.138269],[6.81028,50.13782],[6.809941,50.137589],[6.809591,50.137582],[6.809252,50.137351],[6.808203,50.137331],[6.807864,50.1371],[6.807884,50.13665],[6.807545,50.136419],[6.807905,50.136201],[6.807925,50.135752],[6.808645,50.135316],[6.809344,50.135329],[6.809704,50.135111],[6.810403,50.135124],[6.811123,50.134688],[6.811472,50.134694],[6.812911,50.133822],[6.812983,50.132249],[6.811965,50.131555],[6.811976,50.131331],[6.811636,50.131099],[6.811646,50.130875],[6.811307,50.130643],[6.811667,50.130425],[6.811698,50.129751],[6.811358,50.12952],[6.811718,50.129302],[6.811728,50.129077],[6.812088,50.128859],[6.812129,50.12796],[6.811111,50.127267],[6.811471,50.127048],[6.811132,50.126817],[6.810782,50.126811],[6.810443,50.126579],[6.810464,50.12613],[6.811183,50.125694],[6.811533,50.1257],[6.811892,50.125482],[6.812591,50.125495],[6.812951,50.125277],[6.813301,50.125284],[6.81366,50.125066],[6.81401,50.125072],[6.81437,50.124854],[6.814421,50.123731],[6.814082,50.1235],[6.814102,50.12305],[6.813763,50.122819],[6.813773,50.122594],[6.813434,50.122363],[6.813465,50.121689],[6.813824,50.121471],[6.813834,50.121246],[6.814194,50.121028],[6.814204,50.120803],[6.814924,50.120367],[6.814934,50.120143],[6.814256,50.11968],[6.812858,50.119654]]}},
{"type":"Feature","properties":{"STRM_VAL":1.0,"max_accum":73143.0,"color":"#729fcd","weight":2.35},"geometry":{"type":"LineString","coordinates":[[6.829332,50.203841],[6.830053,50.203405],[6.830403,50.203411],[6.831844,50.202539],[6.832544,50.202552]]}},
{"type":"Feature","properties":{"STRM_VAL":1.0,"max_accum":85315.0,"color":"#6f9cca","weight":2.43},"geometry":{"type":"LineString","coordinates":[[6.832544,50.202552],[6.832636,50.20053],[6.832296,50.200298],[6.831596,50.200285],[6.831256,50.200054],[6.830906,50.200048],[6.830957,50.198924],[6.831317,50.198706],[6.833067,50.198739],[6.833077,50.198514],[6.833798,50.198078],[6.833808,50.197853],[6.834168,50.197635],[6.834178,50.19741],[6.834538,50.197192],[6.834589,50.196069],[6.83531,50.195632],[6.83533,50.195183],[6.83569,50.194965],[6.835721,50.194291],[6.836801,50.193636],[6.838551,50.193669],[6.838911,50.193451]]}},
{"type":"Feature","properties":{"STRM_VAL":1.0,"max_accum":427292.0,"color":"#4e79ab","weight":3.26},"geometry":{"type":"LineString","coordinates":[[6.607022,50.200372],[6.608105,50.19972],[6.608455,50.199727],[6.609178,50.199292],[6.609189,50.199067],[6.609911,50.198633],[6.609923,50.198408],[6.610284,50.19819],[6.610295,50.197966],[6.611017,50.197531],[6.611367,50.197538],[6.611729,50.197321],[6.612079,50.197328],[6.61244,50.19711],[6.61349,50.197132],[6.613851,50.196915],[6.614551,50.196929],[6.614912,50.196711],[6.615262,50.196719],[6.615623,50.196501],[6.616323,50.196516],[6.616684,50.196298],[6.617384,50.196312],[6.617745,50.196095],[6.618445,50.196109],[6.618806,50.195892],[6.619156,50.195899],[6.619878,50.195464],[6.620228,50.195471],[6.62059,50.195254],[6.620645,50.194131],[6.621368,50.193696],[6.621379,50.193471],[6.623128,50.193507],[6.62349,50.193289],[6.624539,50.193311],[6.626233,50.19447],[6.626222,50.194694],[6.62961,50.197012],[6.63031,50.197027],[6.630649,50.197259],[6.634499,50.197337],[6.635177,50.197801],[6.635166,50.198025],[6.635843,50.198489],[6.635821,50.198938],[6.636171,50.198945]]}},
{"type":"Feature","properties":{"STRM_VAL":1.0,"max_accum":460145.0,"color":"#4c78aa","weight":3.3},"geometry":{"type":"LineString","coordinates":[[6.636171,50.198945],[6.63651,50.199177],[6.63721,50.199191],[6.637549,50.199423],[6.639649,50.199466],[6.64001,50.199248],[6.640021,50.199024],[6.640743,50.198588],[6.640754,50.198364],[6.641115,50.198146],[6.641204,50.196349],[6.640865,50.196117],[6.640876,50.195893],[6.640537,50.195661],[6.640187,50.195654],[6.639848,50.195422],[6.639498,50.195415],[6.636787,50.193561],[6.636798,50.193336],[6.63646,50.193104],[6.636504,50.192206],[6.636865,50.191988],[6.636876,50.191763],[6.637237,50.191546],[6.637248,50.191321],[6.637609,50.191104],[6.637959,50.191111],[6.63832,50.190893],[6.63937,50.190915],[6.639731,50.190697],[6.640081,50.190704],[6.640442,50.190487],[6.640792,50.190494],[6.641153,50.190276],[6.641164,50.190052],[6.642247,50.189399],[6.642258,50.189174],[6.64298,50.188739],[6.642991,50.188515],[6.643352,50.188297],[6.643385,50.187623]]}},
{"type":"Feature","properties":{"STRM_VAL":1.0,"max_accum":6857124.0,"color":"#153e77","weight":4.68},"geometry":{"type":"LineString","coordinates":[[7.509345,50.215683],[7.509002,50.215454],[7.509009,50.215229],[7.507636,50.214312],[7.507643,50.214087],[7.5073,50.213858],[7.507307,50.213633],[7.506964,50.213404],[7.506613,50.213399],[7.50627,50.21317],[7.505219,50.213157],[7.504876,50.212927],[7.504526,50.212923],[7.503496,50.212235],[7.503139,50.212455],[7.502788,50.212451],[7.502431,50.212671],[7.501731,50.212662],[7.501387,50.212433],[7.501037,50.212428],[7.50068,50.212648],[7.50033,50.212644],[7.499986,50.212415],[7.499629,50.212635],[7.498929,50.212626],[7.498571,50.212846],[7.498221,50.212841],[7.497878,50.212612],[7.496126,50.212589],[7.494697,50.21347],[7.493296,50.213452],[7.492939,50.213672],[7.492588,50.213668],[7.492231,50.213888],[7.492224,50.214113],[7.491867,50.214333],[7.491859,50.214558],[7.491502,50.214778],[7.490451,50.214764],[7.490094,50.214985],[7.489043,50.214971],[7.488328,50.215411],[7.487978,50.215407],[7.487263,50.215847],[7.486913,50.215843],[7.48657,50.215613],[7.485869,50.215604],[7.485183,50.215146],[7.484482,50.215136],[7.483796,50.214678],[7.483096,50.214669],[7.482752,50.214439],[7.481702,50.214426],[7.481344,50.214646],[7.481337,50.21487],[7.480622,50.215311],[7.477119,50.215265],[7.476762,50.215485],[7.476412,50.215481],[7.475697,50.215921],[7.47569,50.216146],[7.475332,50.216366],[7.475325,50.216591],[7.474975,50.216586],[7.47426,50.217026],[7.47391,50.217022],[7.473552,50.217242],[7.473202,50.217237],[7.472844,50.217457],[7.472494,50.217453],[7.472137,50.217673],[7.471436,50.217664],[7.471093,50.217434],[7.470392,50.217425],[7.46932,50.218086],[7.468969,50.218081],[7.468254,50.218521],[7.467904,50.218517],[7.467547,50.218737],[7.467204,50.218507],[7.466503,50.218498],[7.46616,50.218269],[7.46581,50.218264],[7.465466,50.218035],[7.464416,50.218021],[7.464058,50.218241],[7.463708,50.218236],[7.46335,50.218457],[7.463,50.218452],[7.462285,50.218892],[7.461234,50.218878],[7.460519,50.219318],[7.460504,50.219768],[7.460147,50.219988],[7.460132,50.220438],[7.459775,50.220658],[7.459746,50.221557],[7.459388,50.221777],[7.459381,50.222002],[7.459024,50.222222],[7.459016,50.222447],[7.458659,50.222667],[7.458637,50.223341],[7.458279,50.223561],[7.458272,50.223786],[7.457199,50.224446],[7.457192,50.224671],[7.456842,50.224666],[7.455769,50.225327],[7.455762,50.225551],[7.455404,50.225771],[7.455054,50.225767],[7.454696,50.225987],[7.454346,50.225982],[7.453988,50.226202],[7.453638,50.226198],[7.451492,50.227518],[7.451477,50.227968],[7.45112,50.228188],[7.451113,50.228413],[7.450755,50.228633],[7.450748,50.228857],[7.45039,50.229078],[7.450375,50.229527],[7.450018,50.229747],[7.449667,50.229742],[7.448981,50.229284],[7.44758,50.229265],[7.446864,50.229705],[7.44685,50.230155]]}},
{"type":"Feature","properties":{"STRM_VAL":1.0,"max_accum":85352.0,"color":"#6f9cca","weight":2.43},"geometry":{"type":"LineString","coordinates":[[6.978225,50.212375],[6.977544,50.211913],[6.977592,50.21079],[6.978671,50.210134],[6.979371,50.210146],[6.97938,50.209922],[6.97974,50.209703],[6.979399,50.209472],[6.979759,50.209254],[6.979816,50.207905],[6.980175,50.207687],[6.980185,50.207462],[6.980545,50.207243],[6.981245,50.207256],[6.981964,50.206818],[6.981992,50.206144],[6.982352,50.205926],[6.982371,50.205476],[6.98169,50.205015],[6.981709,50.204565],[6.982068,50.204347],[6.982078,50.204122],[6.982797,50.203685],[6.982456,50.203454],[6.983175,50.203017],[6.982835,50.202786],[6.982844,50.202561],[6.983204,50.202342],[6.982863,50.202112],[6.982873,50.201887],[6.983232,50.201668],[6.982892,50.201438],[6.98293,50.200539],[6.983289,50.20032],[6.983327,50.199421],[6.983687,50.199203],[6.984037,50.199209],[6.984396,50.19899],[6.984406,50.198765],[6.984765,50.198547],[6.984775,50.198322],[6.985134,50.198103],[6.985144,50.197879],[6.985503,50.19766],[6.985853,50.197666],[6.987291,50.196792],[6.987348,50.195443],[6.988426,50.194788],[6.988086,50.194557],[6.988095,50.194332],[6.989174,50.193676],[6.989183,50.193451],[6.989543,50.193233],[6.989561,50.192783],[6.989921,50.192565],[6.98958,50.192334],[6.98994,50.192115],[6.989949,50.191891],[6.990309,50.191672],[6.990318,50.191447],[6.990678,50.191229],[6.990696,50.190779],[6.988312,50.189164],[6.988322,50.188939],[6.987981,50.188708],[6.987991,50.188484],[6.98871,50.188046],[6.988719,50.187822],[6.989079,50.187603],[6.988738,50.187372],[6.988757,50.186923],[6.988416,50.186692],[6.987716,50.18668],[6.987376,50.186449],[6.986326,50.186431],[6.985304,50.185739],[6.985323,50.185289],[6.984302,50.184597],[6.983602,50.184585],[6.983242,50.184803],[6.982892,50.184797],[6.981871,50.184105],[6.98188,50.18388],[6.98154,50.183649],[6.981549,50.183425],[6.981209,50.183194],[6.979809,50.18317],[6.979469,50.182939],[6.979109,50.183157],[6.978769,50.182927],[6.978419,50.182921],[6.976717,50.181767],[6.976367,50.18176],[6.976026,50.18153],[6.975676,50.181524],[6.974655,50.180831],[6.974305,50.180825],[6.973965,50.180594],[6.973974,50.18037],[6.973293,50.179908],[6.973303,50.179683],[6.971601,50.178529],[6.971251,50.178523],[6.97023,50.177831],[6.970258,50.177156],[6.969918,50.176926]]}},
{"type":"Feature","properties":{"STRM_VAL":1.0,"max_accum":65128.0,"color":"#74a2cf","weight":2.3},"geometry":{"type":"LineString","coordinates":[[6.852074,50.212359],[6.849623,50.212314],[6.848943,50.211851],[6.848593,50.211845],[6.847233,50.21092],[6.846883,50.210914],[6.846543,50.210683],[6.846192,50.210676],[6.845852,50.210445],[6.845502,50.210438],[6.845162,50.210207],[6.844812,50.210201],[6.843452,50.209276],[6.843102,50.20927],[6.842082,50.208576],[6.841382,50.208563]]}},
{"type":"Feature","properties":{"STRM_VAL":1.0,"max_accum":73143.0,"color":"#729fcd","weight":2.35},"geometry":{"type":"LineString","coordinates":[[6.841382,50.208563],[6.841392,50.208338],[6.840032,50.207414],[6.838982,50.207394],[6.838302,50.206932],[6.837952,50.206925],[6.837612,50.206694],[6.837622,50.206469],[6.836922,50.206456],[6.836562,50.206674],[6.836212,50.206668],[6.835872,50.206437],[6.835882,50.206212],[6.835202,50.205749],[6.834502,50.205736],[6.833142,50.204812],[6.833153,50.204587],[6.832813,50.204356],[6.832823,50.204131],[6.832483,50.2039],[6.832493,50.203675],[6.832853,50.203457],[6.832513,50.203226],[6.832544,50.202552]]}},
{"type":"Feature","properties":{"STRM_VAL":1.0,"max_accum":39461.0,"color":"#7eacd9","weight":2.04},"geometry":{"type":"LineString","coordinates":[[6.898283,50.213429],[6.898303,50.21298],[6.898663,50.212762],[6.898682,50.212312],[6.897662,50.211619],[6.897311,50.211613],[6.896291,50.21092],[6.89631,50.21047],[6.89597,50.210239],[6.89598,50.210015],[6.89564,50.209784],[6.895669,50.20911],[6.895329,50.208879],[6.895408,50.207081],[6.895768,50.206863],[6.895788,50.206413],[6.896868,50.205758],[6.896528,50.205527],[6.897248,50.20509],[6.897258,50.204866],[6.898338,50.204211],[6.898387,50.203087],[6.898047,50.202856],[6.898116,50.201283],[6.897776,50.201052],[6.897795,50.200603],[6.898155,50.200385],[6.898185,50.199711],[6.898905,50.199274],[6.898915,50.199049],[6.899274,50.198831],[6.899284,50.198606],[6.900364,50.197951],[6.900714,50.197957],[6.901074,50.197739],[6.901084,50.197514],[6.901804,50.197078],[6.901813,50.196853],[6.902173,50.196634],[6.902183,50.19641],[6.902543,50.196191],[6.902893,50.196198],[6.903253,50.195979],[6.903603,50.195986],[6.905042,50.195112],[6.905052,50.194887],[6.905412,50.194669],[6.905451,50.19377],[6.905811,50.193552],[6.905841,50.192878],[6.90692,50.192223],[6.90693,50.191998],[6.90729,50.19178],[6.9073,50.191555],[6.90766,50.191337],[6.907777,50.18864],[6.908857,50.187985],[6.908867,50.18776],[6.907506,50.186836],[6.907156,50.18683],[6.907166,50.186605],[6.906486,50.186143],[6.906136,50.186137],[6.905455,50.185675],[6.905106,50.185669],[6.904085,50.184976],[6.903735,50.184969],[6.903055,50.184507],[6.903065,50.184283],[6.902045,50.18359],[6.902074,50.182916],[6.901724,50.182909],[6.901384,50.182678],[6.901433,50.181555],[6.901093,50.181324],[6.900743,50.181317],[6.900063,50.180855],[6.900423,50.180637],[6.900433,50.180412],[6.900093,50.180181],[6.900113,50.179732],[6.899772,50.179501],[6.899782,50.179276],[6.899102,50.178814],[6.899112,50.178589],[6.897072,50.177203],[6.897082,50.176979],[6.896742,50.176748],[6.896771,50.176073],[6.896431,50.175842],[6.896589,50.172247],[6.89285,50.169706],[6.89249,50.169924],[6.890041,50.16988],[6.888002,50.168494],[6.888011,50.168269],[6.887332,50.167807],[6.887691,50.167588],[6.887701,50.167364],[6.885662,50.165977],[6.885672,50.165753],[6.883293,50.164135],[6.882933,50.164354],[6.882923,50.164578],[6.882573,50.164572],[6.880874,50.163416],[6.880174,50.163404],[6.879495,50.162942],[6.879505,50.162717],[6.879864,50.162499],[6.879185,50.162036],[6.879195,50.161812],[6.879554,50.161593],[6.879594,50.160695]]}},
{"type":"Feature","properties":{"STRM_VAL":1.0,"max_accum":267416.0,"color":"#5783b4","weight":3.02},"geometry":{"type":"LineString","coordinates":[[6.715731,50.212906],[6.71571,50.213355],[6.715349,50.213573],[6.715338,50.213797],[6.714977,50.214015],[6.714967,50.21424],[6.714606,50.214458],[6.714563,50.215356],[6.714202,50.215574],[6.71418,50.216023],[6.71382,50.216241],[6.713777,50.21714],[6.713416,50.217358],[6.713383,50.218032],[6.713723,50.218263],[6.713669,50.219387],[6.714009,50.219618],[6.713998,50.219843],[6.712915,50.220496],[6.707313,50.220386],[6.706952,50.220603],[6.705551,50.220576],[6.70519,50.220793],[6.70484,50.220786],[6.704479,50.221004],[6.703779,50.22099],[6.703418,50.221208],[6.703067,50.221201],[6.702728,50.22097],[6.702028,50.220956],[6.701667,50.221173],[6.700266,50.221146],[6.699544,50.221581],[6.697443,50.22154],[6.697082,50.221757],[6.695682,50.22173],[6.695342,50.221498],[6.693942,50.22147],[6.693602,50.221238],[6.693252,50.221232],[6.692891,50.221449],[6.692541,50.221442],[6.69218,50.22166],[6.69183,50.221653],[6.690747,50.222306],[6.690736,50.222531],[6.689292,50.223402],[6.689281,50.223626],[6.688198,50.224279],[6.687848,50.224272],[6.687486,50.22449],[6.687465,50.224939],[6.687804,50.225171],[6.687793,50.225396],[6.687432,50.225613],[6.687421,50.225838],[6.687761,50.22607],[6.687739,50.226519],[6.687378,50.226737],[6.687356,50.227186],[6.686634,50.227621],[6.686973,50.227853],[6.686941,50.228527],[6.68658,50.228745],[6.686569,50.228969]]}},
{"type":"Feature","properties":{"STRM_VAL":1.0,"max_accum":278956.0,"color":"#5682b4","weight":3.04},"geometry":{"type":"LineString","coordinates":[[6.686569,50.228969],[6.686218,50.228962],[6.685857,50.22918],[6.685157,50.229166],[6.684796,50.229384],[6.684446,50.229377],[6.684084,50.229594],[6.683734,50.229587],[6.683373,50.229805],[6.682322,50.229784],[6.681983,50.229552],[6.681283,50.229538],[6.680943,50.229307],[6.680593,50.2293],[6.678897,50.228142],[6.678929,50.227468],[6.67859,50.227236],[6.678645,50.226113],[6.678305,50.225881],[6.678316,50.225656],[6.677977,50.225425],[6.677988,50.2252],[6.676292,50.224042],[6.675591,50.224028],[6.675252,50.223796],[6.667898,50.223649],[6.667537,50.223866],[6.665086,50.223817],[6.664747,50.223585],[6.664397,50.223578],[6.664057,50.223347],[6.662657,50.223318],[6.662296,50.223536],[6.661245,50.223515],[6.660906,50.223283],[6.658455,50.223234],[6.658094,50.223451],[6.657754,50.22322],[6.657404,50.223213],[6.657065,50.222981]]}},
{"type":"Feature","properties":{"STRM_VAL":1.0,"max_accum":397436.0,"color":"#4f7bad","weight":3.22},"geometry":{"type":"LineString","coordinates":[[6.657065,50.222981],[6.656726,50.222749],[6.656026,50.222735],[6.655686,50.222503],[6.652185,50.222432],[6.651507,50.221969],[6.651156,50.221962],[6.650478,50.221498],[6.645576,50.221399],[6.644492,50.222052],[6.644142,50.222045],[6.642697,50.222915],[6.641997,50.222901],[6.641658,50.222669],[6.640958,50.222655],[6.640596,50.222872],[6.640585,50.223097],[6.640235,50.22309],[6.639557,50.222626],[6.639568,50.222402],[6.63889,50.221938],[6.638912,50.221489],[6.638573,50.221257],[6.638651,50.219684],[6.639012,50.219467],[6.639056,50.218568],[6.639418,50.218351],[6.639429,50.218126]]}},
{"type":"Feature","properties":{"STRM_VAL":1.0,"max_accum":414086.0,"color":"#4e7aac","weight":3.24},"geometry":{"type":"LineString","coordinates":[[6.639429,50.218126],[6.63979,50.217909],[6.639801,50.217684],[6.641607,50.216596],[6.641673,50.215248],[6.641334,50.215017]]}},
{"type":"Feature","properties":{"STRM_VAL":1.0,"max_accum":427292.0,"color":"#4e79ab","weight":3.26},"geometry":{"type":"LineString","coordinates":[[6.641334,50.215017],[6.641345,50.214792],[6.63965,50.213633],[6.640373,50.213198],[6.639356,50.212503],[6.639006,50.212496],[6.638667,50.212264],[6.638317,50.212257],[6.637978,50.212025],[6.636577,50.211996],[6.636238,50.211765],[6.635888,50.211758],[6.635899,50.211533],[6.63556,50.211301],[6.635199,50.211519],[6.63486,50.211287],[6.634499,50.211504],[6.63416,50.211273],[6.634171,50.211048],[6.633832,50.210816],[6.633482,50.210809],[6.633143,50.210577],[6.633188,50.209679],[6.633549,50.209461],[6.63356,50.209236],[6.635366,50.208149],[6.635716,50.208156],[6.636077,50.207938],[6.636427,50.207946],[6.637149,50.207511],[6.637161,50.207286],[6.637522,50.207068],[6.637622,50.205046],[6.637283,50.204815],[6.637305,50.204365],[6.636966,50.204134],[6.636977,50.203909],[6.636299,50.203445],[6.635949,50.203438],[6.63561,50.203207],[6.63526,50.203199],[6.634921,50.202968],[6.634221,50.202953],[6.633882,50.202722],[6.633893,50.202497],[6.632877,50.201802],[6.632888,50.201577],[6.632549,50.201345],[6.632593,50.200447],[6.632955,50.200229],[6.632966,50.200004],[6.633688,50.199569],[6.634038,50.199576],[6.63476,50.199141],[6.63581,50.199163],[6.636171,50.198945]]}},
{"type":"Feature","properties":{"STRM_VAL":1.0,"max_accum":5726839.0,"color":"#19417a","weight":4.58},"geometry":{"type":"LineString","coordinates":[[7.148719,50.225561],[7.149078,50.225342],[7.149086,50.225117],[7.148745,50.224887],[7.148394,50.224882],[7.147711,50.224421],[7.147729,50.223971],[7.147387,50.223741],[7.147746,50.223522],[7.147763,50.223073],[7.148122,50.222853],[7.148149,50.222179],[7.149225,50.221522],[7.149926,50.221533],[7.150268,50.221763],[7.150968,50.221774],[7.15131,50.222005],[7.15236,50.222021],[7.152719,50.221802],[7.15342,50.221813],[7.154497,50.221156],[7.154505,50.220931],[7.155582,50.220274],[7.155591,50.220049],[7.156291,50.22006],[7.1563,50.219835],[7.156659,50.219616],[7.157009,50.219622],[7.157727,50.219183],[7.159128,50.219206],[7.159487,50.218986],[7.161238,50.219014],[7.16158,50.219244],[7.163681,50.219278],[7.16404,50.219059],[7.164741,50.21907],[7.1651,50.21885],[7.16615,50.218867],[7.166509,50.218648],[7.166859,50.218653],[7.167218,50.218434],[7.167569,50.21844],[7.169363,50.217344],[7.16938,50.216894],[7.170098,50.216456],[7.170106,50.216231],[7.170457,50.216237],[7.170815,50.216017],[7.171516,50.216028],[7.171875,50.215809],[7.173276,50.215831],[7.173634,50.215612],[7.173985,50.215617],[7.174343,50.215398],[7.175044,50.215409],[7.175403,50.21519],[7.175744,50.21542],[7.176462,50.214982],[7.176812,50.214987],[7.177171,50.214768],[7.177179,50.214543],[7.177897,50.214105],[7.178247,50.21411],[7.178965,50.213672],[7.17899,50.212998],[7.179349,50.212778],[7.179358,50.212554],[7.180434,50.211896],[7.182885,50.211934],[7.183244,50.211715],[7.185696,50.211753],[7.186772,50.211096],[7.187122,50.211101],[7.187481,50.210882],[7.189582,50.210915],[7.190265,50.211375],[7.191316,50.211391],[7.192751,50.210514],[7.193451,50.210525],[7.19381,50.210306],[7.195911,50.210339],[7.196628,50.2099],[7.196637,50.209675],[7.197354,50.209237],[7.198054,50.209247],[7.198413,50.209028],[7.198763,50.209034],[7.200556,50.207937],[7.200906,50.207943],[7.201624,50.207504],[7.203375,50.207531],[7.203716,50.207761],[7.204066,50.207767],[7.204408,50.207997],[7.204758,50.208002],[7.2051,50.208232],[7.2058,50.208243],[7.207235,50.207366],[7.207585,50.207371],[7.207944,50.207152],[7.212146,50.207217],[7.212487,50.207447],[7.212838,50.207452],[7.213179,50.207682],[7.21493,50.207709],[7.216365,50.206832],[7.216715,50.206837],[7.217073,50.206618],[7.218124,50.206634],[7.218482,50.206415],[7.218491,50.20619],[7.218149,50.20596],[7.217449,50.205949],[7.217107,50.205719],[7.216406,50.205708],[7.216065,50.205478],[7.216098,50.204579],[7.216448,50.204584],[7.216807,50.204365],[7.216815,50.20414],[7.218249,50.203263],[7.218258,50.203038],[7.218616,50.202819],[7.218625,50.202594],[7.218983,50.202375],[7.218991,50.20215],[7.21935,50.201931],[7.218325,50.20124],[7.220117,50.200143],[7.220467,50.200149],[7.220826,50.199929],[7.221526,50.19994],[7.221884,50.199721],[7.223285,50.199742],[7.22436,50.199084],[7.22506,50.199095],[7.225419,50.198875],[7.225769,50.198881],[7.226111,50.199111],[7.226811,50.199121],[7.227836,50.199812],[7.228187,50.199817],[7.228528,50.200047],[7.229229,50.200058],[7.229587,50.199838],[7.229937,50.199844],[7.230654,50.199405],[7.234155,50.199458],[7.234514,50.199239],[7.234522,50.199014],[7.23488,50.198795],[7.234889,50.19857],[7.235247,50.198351],[7.235597,50.198356],[7.235956,50.198136],[7.237706,50.198163],[7.23839,50.198623],[7.23874,50.198628],[7.239082,50.198858],[7.240132,50.198874],[7.24049,50.198655],[7.240841,50.19866],[7.241182,50.19889],[7.241533,50.198896],[7.241891,50.198676],[7.240865,50.197986],[7.24089,50.197312],[7.243691,50.197354],[7.243699,50.197129],[7.244058,50.19691],[7.243716,50.19668],[7.243732,50.196231],[7.244091,50.196011],[7.244441,50.196016],[7.244783,50.196246],[7.245133,50.196252],[7.245474,50.196482],[7.245833,50.196262],[7.246533,50.196273],[7.246875,50.196503],[7.247225,50.196508],[7.248251,50.197198],[7.248601,50.197203],[7.248943,50.197433],[7.249293,50.197439],[7.249651,50.197219],[7.250351,50.19723],[7.250693,50.19746],[7.252094,50.197481],[7.252435,50.197711],[7.253136,50.197721],[7.253478,50.197951],[7.253828,50.197957],[7.25417,50.198187],[7.25487,50.198197],[7.255945,50.197539],[7.255953,50.197314],[7.255611,50.197084],[7.255619,50.196859],[7.255277,50.196629],[7.255294,50.19618],[7.255644,50.196185],[7.256002,50.195966],[7.256344,50.196196],[7.256694,50.196201],[7.257378,50.196661],[7.257736,50.196441],[7.257761,50.195767],[7.258119,50.195548],[7.258469,50.195553],[7.258811,50.195783],[7.260211,50.195804],[7.260553,50.196034],[7.260903,50.196039],[7.261245,50.196269],[7.261946,50.19628],[7.262288,50.19651],[7.262638,50.196515],[7.263322,50.196975],[7.26368,50.196755],[7.26403,50.196761],[7.264388,50.196541],[7.265088,50.196551],[7.265447,50.196332],[7.266497,50.196348],[7.266855,50.196128],[7.268606,50.196154],[7.269632,50.196844],[7.269624,50.197069],[7.270674,50.197084],[7.271032,50.196865],[7.271081,50.195517],[7.272155,50.194858],[7.272506,50.194863],[7.273222,50.194424],[7.276373,50.194471],[7.276731,50.194251],[7.276755,50.193577],[7.276405,50.193572],[7.276063,50.193342],[7.275013,50.193326],[7.275021,50.193102],[7.275737,50.192663],[7.277488,50.192689],[7.27783,50.192918],[7.27818,50.192924],[7.278538,50.192704],[7.278888,50.192709],[7.278928,50.191586],[7.279287,50.191366],[7.279295,50.191141],[7.279653,50.190922],[7.280353,50.190932],[7.280711,50.190713],[7.280727,50.190263],[7.282828,50.190294],[7.283186,50.190075],[7.283886,50.190085],[7.28391,50.189411],[7.283568,50.189181],[7.283592,50.188506],[7.285025,50.187628],[7.285057,50.186729],[7.285773,50.18629],[7.285781,50.186065],[7.285439,50.185835],[7.285089,50.18583],[7.284405,50.18537],[7.284413,50.185146],[7.284771,50.184926],[7.284779,50.184701],[7.285495,50.184262],[7.284811,50.183802],[7.284111,50.183792],[7.283427,50.183332],[7.283077,50.183327],[7.282719,50.183547],[7.282369,50.183541],[7.282011,50.183761],[7.281311,50.183751],[7.280627,50.183291],[7.280635,50.183066],[7.278926,50.181916],[7.278934,50.181692],[7.278592,50.181462],[7.278608,50.181012],[7.278266,50.180782],[7.277566,50.180772],[7.277224,50.180542],[7.277257,50.179643],[7.276915,50.179413],[7.276923,50.179188],[7.276581,50.178958],[7.276621,50.177835],[7.276279,50.177605],[7.276304,50.176931],[7.275962,50.176701],[7.27597,50.176476],[7.275286,50.176016],[7.275294,50.175791],[7.274952,50.175561],[7.274961,50.175337],[7.274619,50.175107],[7.274627,50.174882],[7.274285,50.174652],[7.274309,50.173978],[7.273967,50.173748],[7.273976,50.173523],[7.273634,50.173293],[7.273284,50.173288],[7.2726,50.172828],[7.272958,50.172608],[7.273015,50.171035],[7.273373,50.170816],[7.273381,50.170591],[7.273739,50.170371],[7.273771,50.169472],[7.27343,50.169243],[7.27347,50.168119],[7.273828,50.167899],[7.274178,50.167904],[7.274894,50.167465]]}},
{"type":"Feature","properties":{"STRM_VAL":1.0,"max_accum":44204.0,"color":"#7caad6","weight":2.1},"geometry":{"type":"LineString","coordinates":[[7.05018,50.226647],[7.051259,50.225991],[7.051304,50.224867],[7.051664,50.224649],[7.051673,50.224424],[7.051332,50.224193],[7.05135,50.223744],[7.050668,50.223283],[7.050695,50.222609],[7.050354,50.222378],[7.050364,50.222153],[7.050723,50.221934],[7.050741,50.221485],[7.052179,50.22061],[7.052188,50.220385],[7.052547,50.220166],[7.052593,50.219042],[7.053312,50.218605],[7.053321,50.21838],[7.055477,50.217067],[7.055486,50.216842],[7.055846,50.216623],[7.055891,50.2155],[7.05555,50.215269],[7.055569,50.21482],[7.055928,50.214601],[7.055946,50.214152],[7.054923,50.21346],[7.054573,50.213454],[7.054582,50.213229],[7.054241,50.212999],[7.054259,50.212549],[7.055337,50.211893],[7.055687,50.211899],[7.056406,50.211461],[7.056415,50.211236],[7.056774,50.211017],[7.056784,50.210793],[7.057861,50.210136],[7.057871,50.209911],[7.05823,50.209692],[7.058239,50.209468],[7.057898,50.209237],[7.057916,50.208788],[7.058275,50.208569],[7.058285,50.208344],[7.058644,50.208125],[7.058662,50.207676],[7.059021,50.207457],[7.05903,50.207232],[7.05939,50.207013],[7.059408,50.206564],[7.059767,50.206345],[7.059785,50.205896],[7.059444,50.205665],[7.059508,50.204092],[7.060227,50.203654],[7.060577,50.20366],[7.060936,50.203441],[7.061636,50.203453],[7.061995,50.203234],[7.062346,50.20324],[7.062705,50.203021],[7.063055,50.203027],[7.063773,50.202589],[7.064473,50.202601],[7.064833,50.202382]]}},
{"type":"Feature","properties":{"STRM_VAL":1.0,"max_accum":80747.0,"color":"#709dcb","weight":2.41},"geometry":{"type":"LineString","coordinates":[[7.064833,50.202382],[7.066538,50.203535],[7.066888,50.203541],[7.06757,50.204002],[7.06792,50.204008],[7.068602,50.204469],[7.068952,50.204474],[7.069293,50.204705],[7.069644,50.204711],[7.069985,50.204941],[7.070685,50.204953],[7.071026,50.205183],[7.071376,50.205189],[7.071717,50.20542],[7.074518,50.205466],[7.074877,50.205247],[7.074886,50.205023],[7.075605,50.204585],[7.076305,50.204596],[7.076664,50.204378],[7.077014,50.204383],[7.077373,50.204164],[7.077715,50.204395],[7.078415,50.204407],[7.078756,50.204637],[7.078729,50.205311],[7.07907,50.205542],[7.079061,50.205766],[7.079402,50.205997],[7.079752,50.206003],[7.081189,50.205127],[7.082239,50.205144],[7.082598,50.204925],[7.083649,50.204943],[7.084726,50.204286],[7.084735,50.204061],[7.085094,50.203842],[7.085444,50.203848],[7.085803,50.203629],[7.086154,50.203635],[7.087231,50.202978],[7.08724,50.202753],[7.087599,50.202534],[7.087671,50.200737],[7.08803,50.200518],[7.088039,50.200293],[7.088398,50.200074],[7.088748,50.20008],[7.089107,50.199861],[7.089448,50.200091],[7.091899,50.200132],[7.092617,50.199694],[7.092626,50.199469],[7.092985,50.19925],[7.092994,50.199025],[7.093353,50.198806],[7.093362,50.198581],[7.093721,50.198362],[7.09373,50.198138],[7.094089,50.197919],[7.094098,50.197694],[7.093757,50.197464],[7.093407,50.197458],[7.092724,50.196997],[7.093084,50.196778],[7.093784,50.196789],[7.094125,50.19702],[7.094475,50.197026],[7.094834,50.196807],[7.094843,50.196582],[7.095202,50.196363],[7.095229,50.195689],[7.095588,50.19547],[7.095597,50.195245],[7.095947,50.195251],[7.096665,50.194813],[7.097015,50.194819],[7.098451,50.193943],[7.100201,50.193971],[7.10056,50.193752],[7.100901,50.193983],[7.101951,50.194],[7.102292,50.19423],[7.102651,50.194011],[7.103351,50.194023],[7.104069,50.193585],[7.103728,50.193354],[7.103378,50.193349],[7.103037,50.193118],[7.102687,50.193113],[7.102346,50.192882],[7.101996,50.192876],[7.102005,50.192652],[7.101664,50.192421],[7.101744,50.190399],[7.102103,50.19018],[7.102112,50.189955],[7.102471,50.189736],[7.102479,50.189511],[7.102829,50.189517],[7.105342,50.187984]]}},
{"type":"Feature","properties":{"STRM_VAL":1.0,"max_accum":44204.0,"color":"#7caad6","weight":2.1},"geometry":{"type":"LineString","coordinates":[[7.006746,50.22591],[7.006064,50.225449],[7.006424,50.22523],[7.006433,50.225005],[7.006092,50.224775],[7.006452,50.224556],[7.006111,50.224325],[7.006121,50.224101],[7.004416,50.222947],[7.004463,50.221823],[7.005542,50.221167],[7.00557,50.220493],[7.006649,50.219837],[7.006658,50.219612],[7.007377,50.219175],[7.007387,50.21895],[7.008106,50.218513],[7.008456,50.218519],[7.008465,50.218294],[7.008825,50.218076],[7.008862,50.217177],[7.009222,50.216958],[7.009241,50.216509],[7.0096,50.21629],[7.008919,50.215828],[7.008928,50.215604],[7.009287,50.215385],[7.009306,50.214936],[7.008625,50.214474],[7.008634,50.21425],[7.008293,50.214019],[7.008653,50.2138],[7.008312,50.213569],[7.008359,50.212446],[7.008718,50.212227],[7.008727,50.212002],[7.009446,50.211565],[7.009465,50.211116],[7.009124,50.210885],[7.009152,50.210211],[7.009871,50.209773],[7.009881,50.209549],[7.01024,50.20933],[7.01025,50.209105],[7.010609,50.208887],[7.010618,50.208662],[7.010278,50.208431],[7.010306,50.207757],[7.011025,50.20732],[7.011062,50.206421],[7.011421,50.206202],[7.011431,50.205977],[7.01215,50.20554],[7.01285,50.205552],[7.012859,50.205327],[7.013578,50.20489],[7.013588,50.204665],[7.013947,50.204446],[7.014297,50.204452],[7.014657,50.204234],[7.014666,50.204009],[7.016104,50.203134],[7.016454,50.20314],[7.016813,50.202921],[7.017513,50.202933],[7.017873,50.202714],[7.019273,50.202738],[7.019633,50.20252],[7.021383,50.202549],[7.021742,50.202331],[7.022443,50.202343],[7.022802,50.202124],[7.024903,50.20216],[7.025981,50.201503],[7.02599,50.201279],[7.026709,50.200841],[7.027059,50.200847],[7.027418,50.200628],[7.028118,50.20064],[7.028478,50.200421],[7.028828,50.200427],[7.029187,50.200209],[7.029537,50.200215],[7.029878,50.200445],[7.030597,50.200008],[7.030937,50.200238],[7.031288,50.200244],[7.033444,50.198932],[7.033794,50.198937],[7.034153,50.198719],[7.034171,50.198269],[7.034521,50.198275],[7.03524,50.197838],[7.03559,50.197844],[7.036309,50.197406],[7.03665,50.197637],[7.037,50.197643],[7.03734,50.197873],[7.039091,50.197903],[7.039809,50.197465],[7.039468,50.197234],[7.039478,50.19701],[7.039837,50.196791],[7.040537,50.196803],[7.040896,50.196584],[7.041596,50.196596],[7.041956,50.196377],[7.042306,50.196383],[7.043024,50.195945],[7.043724,50.195957],[7.044084,50.195738],[7.045134,50.195756],[7.045493,50.195537],[7.047243,50.195567],[7.047584,50.195797],[7.047934,50.195803],[7.048275,50.196034],[7.048625,50.196039],[7.048966,50.19627],[7.049316,50.196276],[7.049657,50.196507],[7.050007,50.196512],[7.050348,50.196743],[7.053149,50.19679],[7.053489,50.197021],[7.05419,50.197032],[7.055212,50.197724],[7.055562,50.19773],[7.056244,50.198191],[7.056944,50.198203],[7.057285,50.198433],[7.057986,50.198445],[7.057976,50.19867],[7.058317,50.1989],[7.058668,50.198906],[7.058658,50.199131],[7.05934,50.199592],[7.059331,50.199817],[7.060354,50.200508],[7.060704,50.200514],[7.061386,50.200975],[7.061736,50.200981],[7.062077,50.201212],[7.062427,50.201218],[7.063109,50.201679],[7.06381,50.20169],[7.064833,50.202382]]}},
{"type":"Feature","properties":{"STRM_VAL":1.0,"max_accum":83122.0,"color":"#6f9cca","weight":2.42},"geometry":{"type":"LineString","coordinates":[[6.552544,50.217452],[6.554237,50.218612],[6.554226,50.218837],[6.554565,50.219069],[6.555265,50.219083],[6.555942,50.219547],[6.556292,50.219555],[6.557308,50.220251],[6.557658,50.220258],[6.559351,50.221418],[6.559702,50.221425],[6.561056,50.222353],[6.562107,50.222376],[6.563123,50.223071],[6.563473,50.223079],[6.564489,50.223775],[6.564851,50.223557],[6.565551,50.223572],[6.566228,50.224036],[6.566578,50.224043],[6.566917,50.224275],[6.567267,50.224283],[6.567945,50.224747],[6.568645,50.224761],[6.57,50.225689],[6.570362,50.225472],[6.5707,50.225704],[6.570689,50.225929],[6.571366,50.226392],[6.571717,50.2264],[6.572078,50.226182],[6.573094,50.226878],[6.573083,50.227103],[6.573761,50.227567],[6.573399,50.227784],[6.573376,50.228234],[6.573715,50.228465],[6.573703,50.22869],[6.574042,50.228922],[6.574019,50.229371],[6.574358,50.229603],[6.574335,50.230053],[6.574674,50.230285],[6.574663,50.230509],[6.575002,50.230741],[6.57464,50.230958],[6.574979,50.23119],[6.574945,50.231864],[6.575283,50.232096],[6.575261,50.232546],[6.575599,50.232778],[6.575554,50.233676],[6.575192,50.233893],[6.575181,50.234118],[6.57552,50.23435],[6.575508,50.234575],[6.575847,50.234807],[6.576197,50.234814],[6.577214,50.23551],[6.577146,50.236858],[6.577484,50.23709],[6.577473,50.237314],[6.577812,50.237546],[6.577789,50.237995],[6.578128,50.238227],[6.578105,50.238677],[6.578444,50.238909],[6.578433,50.239133],[6.57911,50.239597],[6.579461,50.239604],[6.580138,50.240068],[6.580127,50.240293],[6.580805,50.240757],[6.581505,50.240771],[6.582522,50.241467],[6.583223,50.241482],[6.583901,50.241946],[6.583889,50.24217],[6.584228,50.242402],[6.584217,50.242627],[6.584556,50.242859],[6.584906,50.242866],[6.585245,50.243098],[6.585946,50.243113],[6.586284,50.243344],[6.586646,50.243127],[6.586996,50.243134],[6.587335,50.243366],[6.588036,50.243381],[6.588375,50.243613]]}},
{"type":"Feature","properties":{"STRM_VAL":1.0,"max_accum":99914.0,"color":"#6b98c7","weight":2.51},"geometry":{"type":"LineString","coordinates":[[6.588375,50.243613],[6.588725,50.24362],[6.589087,50.243403],[6.589787,50.243417],[6.589799,50.243193],[6.59016,50.242975],[6.590511,50.242982],[6.591234,50.242548],[6.591584,50.242555],[6.591946,50.242338],[6.592296,50.242345],[6.593381,50.241693],[6.594082,50.241707],[6.594421,50.241939],[6.594782,50.241722],[6.595132,50.241729],[6.595856,50.241294],[6.596206,50.241301],[6.596929,50.240867],[6.597279,50.240874],[6.598002,50.240439],[6.598341,50.240671],[6.599065,50.240236],[6.601166,50.24028],[6.602522,50.241207],[6.602873,50.241214],[6.603551,50.241678],[6.603901,50.241685],[6.60424,50.241917],[6.607743,50.241989],[6.608082,50.242221],[6.608782,50.242236],[6.609144,50.242018],[6.609494,50.242025],[6.609856,50.241808],[6.610206,50.241815],[6.610568,50.241598],[6.611969,50.241627],[6.61233,50.241409],[6.612342,50.241185],[6.613426,50.240532],[6.613449,50.240083]]}},
{"type":"Feature","properties":{"STRM_VAL":1.0,"max_accum":397436.0,"color":"#4f7bad","weight":3.22},"geometry":{"type":"LineString","coordinates":[[6.613449,50.240083],[6.613482,50.239409],[6.613143,50.239177],[6.613154,50.238952],[6.613877,50.238518],[6.613889,50.238293],[6.614612,50.237858],[6.614623,50.237633],[6.614984,50.237416],[6.614995,50.237191],[6.615718,50.236756],[6.616069,50.236764],[6.61643,50.236546],[6.616441,50.236321],[6.617164,50.235887],[6.617187,50.235437],[6.61791,50.235002],[6.617921,50.234778],[6.618271,50.234785],[6.618293,50.234336],[6.617954,50.234104],[6.61801,50.23298],[6.618372,50.232763],[6.618383,50.232538],[6.619106,50.232103],[6.619806,50.232118],[6.620168,50.2319],[6.620518,50.231907],[6.620879,50.23169],[6.62228,50.231719],[6.622642,50.231501],[6.622697,50.230378],[6.623059,50.23016],[6.62307,50.229936],[6.623431,50.229718],[6.623454,50.229269],[6.624176,50.228834],[6.624515,50.229066],[6.624877,50.228848],[6.624888,50.228624],[6.624549,50.228392],[6.62491,50.228174],[6.625261,50.228182],[6.625272,50.227957],[6.626356,50.227305],[6.627056,50.227319],[6.627417,50.227101],[6.627429,50.226877],[6.628479,50.226898],[6.628841,50.226681],[6.629541,50.226695],[6.62988,50.226927],[6.630241,50.226709],[6.630252,50.226485],[6.630603,50.226492],[6.630964,50.226274],[6.631314,50.226281],[6.631675,50.226064],[6.631709,50.22539],[6.63207,50.225172],[6.63277,50.225187],[6.632782,50.224962],[6.633143,50.224744],[6.633154,50.22452],[6.634599,50.22365],[6.63461,50.223425],[6.634271,50.223193],[6.634282,50.222969],[6.633943,50.222737],[6.633966,50.222288],[6.634327,50.22207],[6.634338,50.221845],[6.634699,50.221628],[6.634733,50.220954],[6.635094,50.220736],[6.635127,50.220062],[6.635488,50.219845],[6.635499,50.21962],[6.636222,50.219185],[6.635883,50.218953],[6.636244,50.218736],[6.636944,50.21875],[6.637667,50.218315],[6.637678,50.218091],[6.638039,50.217873],[6.638378,50.218105],[6.638728,50.218112],[6.63909,50.217894],[6.639429,50.218126]]}},
{"type":"Feature","properties":{"STRM_VAL":1.0,"max_accum":414086.0,"color":"#4e7aac","weight":3.24},"geometry":{"type":"LineString","coordinates":[[6.587894,50.218416],[6.590695,50.218475],[6.591033,50.218706],[6.593484,50.218757],[6.593846,50.21854],[6.594896,50.218562],[6.595257,50.218344],[6.595608,50.218351],[6.595969,50.218134],[6.596669,50.218149],[6.597031,50.217931],[6.598081,50.217953],[6.59842,50.218185],[6.59912,50.218199],[6.599459,50.218431],[6.600159,50.218446],[6.600498,50.218678],[6.601198,50.218692],[6.601876,50.219156],[6.602226,50.219163],[6.602565,50.219395],[6.602915,50.219402],[6.603254,50.219634],[6.603954,50.219648],[6.604293,50.21988],[6.605343,50.219902],[6.605682,50.220134],[6.606032,50.220141],[6.606371,50.220373],[6.607072,50.220387],[6.60741,50.220619],[6.607761,50.220626],[6.608099,50.220858],[6.60845,50.220865],[6.608788,50.221097],[6.609139,50.221105],[6.609478,50.221336],[6.609828,50.221344],[6.610505,50.221807],[6.611556,50.221829],[6.611895,50.222061],[6.612256,50.221843],[6.614707,50.221894],[6.615069,50.221676],[6.615769,50.221691],[6.61613,50.221473],[6.616469,50.221705],[6.61787,50.221734],[6.618231,50.221516],[6.618931,50.221531],[6.619293,50.221313],[6.619643,50.22132],[6.620004,50.221103],[6.621405,50.221132],[6.621766,50.220914],[6.622466,50.220928],[6.624273,50.219841],[6.624284,50.219616],[6.624645,50.219399],[6.624668,50.21895],[6.62539,50.218515],[6.625457,50.217167],[6.62618,50.216732],[6.626191,50.216507],[6.627275,50.215855],[6.627286,50.21563],[6.628731,50.21476],[6.629081,50.214767],[6.629442,50.21455],[6.630142,50.214564],[6.630504,50.214346],[6.630854,50.214353],[6.631215,50.214136],[6.632615,50.214164],[6.632954,50.214396],[6.632943,50.214621],[6.635744,50.214678],[6.636105,50.21446],[6.636444,50.214692],[6.637144,50.214706],[6.637483,50.214938],[6.637833,50.214945],[6.638172,50.215177],[6.640623,50.215227],[6.640984,50.215009],[6.641334,50.215017]]}},
{"type":"Feature","properties":{"STRM_VAL":1.0,"max_accum":34283.0,"color":"#81afdb","weight":1.97},"geometry":{"type":"LineString","coordinates":[[7.107593,50.228496],[7.107952,50.228277],[7.108652,50.228289],[7.109012,50.22807],[7.109712,50.228081],[7.110071,50.227862],[7.111823,50.227891],[7.112182,50.227672],[7.112523,50.227902],[7.112874,50.227908],[7.113233,50.227689],[7.114284,50.227706],[7.114643,50.227487],[7.115694,50.227504],[7.116053,50.227285],[7.118155,50.227319],[7.118496,50.227549],[7.119197,50.227561],[7.119538,50.227791],[7.119889,50.227797],[7.12023,50.228027],[7.120931,50.228038],[7.121272,50.228269],[7.121623,50.228274],[7.122306,50.228735],[7.122297,50.22896],[7.122638,50.22919],[7.122629,50.229415],[7.122971,50.229645],[7.124022,50.229662],[7.124381,50.229443],[7.125406,50.230134],[7.125756,50.23014],[7.12678,50.230831],[7.127131,50.230837],[7.128497,50.231758],[7.128444,50.233107],[7.128085,50.233326],[7.128058,50.234],[7.129083,50.234691],[7.129057,50.235365],[7.128698,50.235584],[7.129039,50.235815],[7.12868,50.236034],[7.12861,50.237831],[7.128951,50.238062],[7.128592,50.238281],[7.128934,50.238511],[7.128925,50.238736],[7.130291,50.239657],[7.130282,50.239882],[7.130624,50.240113],[7.130615,50.240337],[7.130957,50.240568],[7.130939,50.241017],[7.132306,50.241938],[7.132288,50.242388],[7.13263,50.242618],[7.132621,50.242843],[7.132262,50.243062],[7.132253,50.243287],[7.131535,50.243725],[7.131526,50.24395],[7.131167,50.244169],[7.13114,50.244843],[7.130781,50.245062],[7.130772,50.245287],[7.131114,50.245517],[7.131061,50.246865],[7.131403,50.247096],[7.131394,50.247321],[7.131736,50.247551],[7.131727,50.247776],[7.132068,50.248006],[7.13206,50.248231],[7.133085,50.248922],[7.133076,50.249146],[7.133418,50.249377],[7.133374,50.2505],[7.133715,50.250731],[7.133672,50.251854],[7.134013,50.252085],[7.134004,50.252309],[7.134346,50.25254],[7.134329,50.252989],[7.133251,50.253647],[7.133242,50.253871],[7.132883,50.25409],[7.132865,50.25454],[7.132506,50.254759],[7.132488,50.255208],[7.13177,50.255647],[7.132111,50.255877],[7.132103,50.256102],[7.131384,50.25654],[7.131033,50.256534],[7.131025,50.256759],[7.130665,50.256978],[7.130315,50.256972],[7.129237,50.25763],[7.128886,50.257624],[7.128527,50.257843],[7.128176,50.257837],[7.125661,50.259371],[7.12531,50.259365],[7.124951,50.259584],[7.124933,50.260034],[7.125617,50.260494],[7.125599,50.260944],[7.12524,50.261163],[7.125213,50.261837],[7.124495,50.262275],[7.124144,50.26227],[7.123785,50.262489],[7.123776,50.262713],[7.122698,50.263371],[7.122689,50.263595],[7.12197,50.264033],[7.121944,50.264707],[7.121225,50.265146],[7.121216,50.26537],[7.120856,50.265589],[7.120848,50.265814],[7.120488,50.266033],[7.120462,50.266707],[7.120102,50.266926],[7.12004,50.268499],[7.119681,50.268718],[7.119645,50.269617],[7.119987,50.269848],[7.119969,50.270297],[7.120311,50.270528],[7.120293,50.270977],[7.120635,50.271207],[7.120618,50.271657],[7.120959,50.271887],[7.12095,50.272112],[7.121634,50.272573],[7.121625,50.272797],[7.122309,50.273258],[7.1223,50.273483],[7.122642,50.273713]]}},
{"type":"Feature","properties":{"STRM_VAL":1.0,"max_accum":218648.0,"color":"#5b88b8","weight":2.91},"geometry":{"type":"LineString","coordinates":[[7.122642,50.273713],[7.122984,50.273944],[7.122975,50.274168],[7.123317,50.274399],[7.123667,50.274404],[7.124351,50.274865],[7.124333,50.275315],[7.124675,50.275545],[7.124666,50.27577],[7.125008,50.276],[7.124999,50.276225],[7.125341,50.276455],[7.125288,50.277804],[7.12563,50.278034],[7.12527,50.278253],[7.125612,50.278483],[7.125542,50.280281],[7.126225,50.280742],[7.126216,50.280967],[7.127242,50.281658],[7.127233,50.281882],[7.128259,50.282574],[7.129662,50.282596],[7.130004,50.282826],[7.131056,50.282843],[7.131398,50.283074],[7.131389,50.283299],[7.132415,50.28399],[7.132765,50.283995],[7.133107,50.284226],[7.13416,50.284242],[7.134501,50.284473],[7.134493,50.284698],[7.134835,50.284928],[7.135185,50.284934],[7.135527,50.285164],[7.13551,50.285613],[7.135852,50.285844],[7.136202,50.285849],[7.136194,50.286074],[7.136536,50.286304],[7.136176,50.286523],[7.136518,50.286754],[7.136509,50.286979],[7.136851,50.287209],[7.136834,50.287658],[7.137518,50.288119],[7.137509,50.288344],[7.137851,50.288574],[7.137842,50.288799],[7.13921,50.28972],[7.139201,50.289945],[7.139552,50.28995],[7.139894,50.290181],[7.140245,50.290186],[7.140587,50.290417],[7.140938,50.290422],[7.142306,50.291344],[7.142288,50.291793],[7.142972,50.292254],[7.142955,50.292703],[7.142236,50.293141],[7.142227,50.293366],[7.141867,50.293585],[7.141516,50.29358],[7.141157,50.293799],[7.141122,50.294698],[7.14249,50.295619],[7.143192,50.29563],[7.144218,50.296321],[7.14492,50.296332],[7.145262,50.296563],[7.145612,50.296568],[7.145954,50.296799],[7.146305,50.296804]]}},
{"type":"Feature","properties":{"STRM_VAL":1.0,"max_accum":233008.0,"color":"#5a86b7","weight":2.95},"geometry":{"type":"LineString","coordinates":[[7.146305,50.296804],[7.148463,50.295489],[7.150918,50.295529],[7.151278,50.295309],[7.151979,50.295321],[7.152321,50.295551],[7.153023,50.295562],[7.153707,50.296023],[7.153699,50.296247],[7.154049,50.296253],[7.154392,50.296483],[7.154313,50.298506],[7.154655,50.298736],[7.154638,50.299185],[7.156007,50.300107],[7.156357,50.300112],[7.1567,50.300342],[7.157401,50.300354],[7.157761,50.300134],[7.158462,50.300146],[7.159541,50.299488],[7.15955,50.299263],[7.159909,50.299044],[7.159918,50.298819],[7.160269,50.298825],[7.160628,50.298606],[7.163786,50.298656],[7.16447,50.299116],[7.164821,50.299122],[7.166532,50.300273],[7.167234,50.300284],[7.167576,50.300514],[7.167935,50.300295],[7.169339,50.300317],[7.169698,50.300098],[7.17004,50.300328],[7.170391,50.300334]]}},
{"type":"Feature","properties":{"STRM_VAL":1.0,"max_accum":271313.0,"color":"#5783b4","weight":3.03},"geometry":{"type":"LineString","coordinates":[[7.170391,50.300334],[7.170742,50.300339],[7.17182,50.299682],[7.171864,50.298558],[7.171521,50.298328],[7.17153,50.298103],[7.170846,50.297643],[7.170863,50.297193],[7.170178,50.296733],[7.170196,50.296283],[7.169853,50.296053],[7.169862,50.295828],[7.16952,50.295598],[7.169528,50.295373],[7.169186,50.295143],[7.168835,50.295138],[7.168151,50.294677],[7.16816,50.294452],[7.167475,50.293992],[7.167125,50.293986],[7.167142,50.293537],[7.1668,50.293307],[7.167519,50.292868],[7.16822,50.292879],[7.16858,50.29266],[7.168588,50.292435],[7.168948,50.292216],[7.168956,50.291992],[7.169316,50.291772],[7.169324,50.291548],[7.170043,50.291109],[7.170745,50.29112],[7.171104,50.290901],[7.171455,50.290907],[7.172174,50.290468],[7.172524,50.290474],[7.173243,50.290035],[7.176751,50.29009],[7.17747,50.289652],[7.178171,50.289663],[7.178531,50.289444],[7.179232,50.289455],[7.179591,50.289235],[7.179942,50.289241],[7.180302,50.289022],[7.180319,50.288572],[7.179617,50.288561],[7.178933,50.288101],[7.178941,50.287876],[7.178257,50.287416],[7.177906,50.28741],[7.177222,50.28695],[7.176871,50.286944],[7.176187,50.286484],[7.176204,50.286034],[7.178001,50.284938],[7.178685,50.285399],[7.179737,50.285415],[7.180096,50.285196],[7.180447,50.285201],[7.182603,50.283886],[7.182646,50.282762],[7.183005,50.282543],[7.183014,50.282318],[7.183364,50.282324],[7.183724,50.282105],[7.184074,50.28211],[7.184793,50.281671],[7.185494,50.281682],[7.186213,50.281244],[7.186273,50.279671],[7.18593,50.279441],[7.185948,50.278991],[7.186666,50.278553],[7.186675,50.278328],[7.187034,50.278109],[7.188437,50.278131],[7.188779,50.278361],[7.189129,50.278366],[7.189472,50.278596],[7.189831,50.278377],[7.190181,50.278383],[7.190541,50.278163],[7.190891,50.278169],[7.191251,50.27795],[7.191259,50.277725],[7.191618,50.277506],[7.191678,50.275932],[7.192396,50.275494],[7.192413,50.275044],[7.193132,50.274606],[7.193482,50.274611],[7.193841,50.274392],[7.194192,50.274398],[7.194534,50.274628],[7.194893,50.274408],[7.195244,50.274414],[7.195603,50.274195],[7.195954,50.2742],[7.195979,50.273526],[7.194953,50.272835],[7.194602,50.27283],[7.19426,50.2726],[7.193559,50.272589],[7.193217,50.272359],[7.193234,50.271909],[7.193593,50.27169],[7.193644,50.270341],[7.193302,50.270111],[7.192951,50.270106],[7.192609,50.269876],[7.192626,50.269426],[7.192985,50.269207],[7.194037,50.269223],[7.194396,50.269004],[7.194747,50.269009],[7.195465,50.268571],[7.196517,50.268587],[7.196876,50.268368],[7.197218,50.268598],[7.197569,50.268604],[7.197928,50.268384],[7.199681,50.268411],[7.20004,50.268192],[7.200391,50.268198],[7.20075,50.267978],[7.2011,50.267984],[7.201459,50.267764],[7.20181,50.26777],[7.202169,50.267551],[7.20252,50.267556],[7.202879,50.267337],[7.204281,50.267358],[7.20464,50.267139],[7.205342,50.26715],[7.20606,50.266711],[7.206077,50.266262],[7.206436,50.266042],[7.206444,50.265818],[7.206803,50.265598],[7.207145,50.265829],[7.207863,50.26539],[7.207179,50.26493],[7.206127,50.264913],[7.205785,50.264683],[7.205434,50.264678],[7.204408,50.263987],[7.206203,50.262891],[7.206212,50.262666],[7.206571,50.262447],[7.206588,50.261997],[7.206947,50.261778],[7.208699,50.261805],[7.209058,50.261586],[7.209067,50.261361],[7.210144,50.260703],[7.210494,50.260708],[7.211863,50.261629],[7.212564,50.26164],[7.212906,50.26187],[7.213265,50.26165],[7.213616,50.261656]]}},
{"type":"Feature","properties":{"STRM_VAL":1.0,"max_accum":327241.0,"color":"#537fb1","weight":3.12},"geometry":{"type":"LineString","coordinates":[[7.213616,50.261656],[7.213649,50.260757],[7.214008,50.260538],[7.214359,50.260543],[7.215728,50.261463],[7.216429,50.261474],[7.216788,50.261255],[7.217138,50.26126],[7.218215,50.260602],[7.219617,50.260624],[7.21996,50.260854],[7.220661,50.260864],[7.22102,50.260645],[7.221721,50.260656],[7.222439,50.260217],[7.225243,50.26026],[7.225928,50.26072],[7.225919,50.260945],[7.227973,50.262325],[7.227964,50.26255],[7.228991,50.26324],[7.229692,50.263251],[7.230035,50.263481],[7.230385,50.263486],[7.231103,50.263048],[7.231111,50.262823],[7.23147,50.262604],[7.231479,50.262379],[7.232196,50.26194],[7.232205,50.261715],[7.232922,50.261276],[7.233273,50.261282],[7.233281,50.261057],[7.233632,50.261062],[7.233991,50.260843],[7.234341,50.260848],[7.234684,50.261078],[7.235034,50.261084],[7.235393,50.260864],[7.236094,50.260875],[7.237889,50.259778],[7.238231,50.260008],[7.239984,50.260034],[7.240342,50.259815],[7.240693,50.25982],[7.241035,50.26005],[7.241386,50.260056],[7.241728,50.260286],[7.242079,50.260291],[7.243106,50.260981],[7.243464,50.260762],[7.243815,50.260767],[7.244157,50.260997],[7.24556,50.261018],[7.245902,50.261248],[7.245894,50.261473],[7.247647,50.261499],[7.248005,50.26128],[7.249057,50.261296],[7.249742,50.261756],[7.249734,50.261981],[7.250418,50.262441],[7.250769,50.262446],[7.251111,50.262676],[7.251812,50.262686],[7.252171,50.262467],[7.252179,50.262242],[7.251837,50.262012],[7.251862,50.261338],[7.251519,50.261108],[7.251561,50.259984],[7.251919,50.259765],[7.25262,50.259775],[7.252979,50.259556],[7.25333,50.259561],[7.253689,50.259342],[7.255792,50.259373],[7.256134,50.259603],[7.256835,50.259614],[7.257178,50.259844],[7.25823,50.25986],[7.258588,50.25964],[7.258246,50.25941],[7.258605,50.259191],[7.261059,50.259227],[7.261401,50.259457],[7.261752,50.259463],[7.262094,50.259693],[7.262795,50.259703],[7.263154,50.259484],[7.263187,50.258585],[7.261817,50.257665],[7.261825,50.25744],[7.261483,50.25721],[7.261132,50.257205],[7.260774,50.257424],[7.260431,50.257194],[7.260448,50.256745],[7.261165,50.256306],[7.261181,50.255856],[7.26154,50.255637],[7.261556,50.255187],[7.261915,50.254968],[7.26194,50.254294],[7.263016,50.253635],[7.263032,50.253186],[7.263391,50.252966],[7.263399,50.252742],[7.263758,50.252522],[7.264108,50.252527],[7.264826,50.252088],[7.266929,50.25212],[7.267287,50.2519],[7.267638,50.251905],[7.267996,50.251686],[7.268697,50.251696],[7.26904,50.251926],[7.26939,50.251931],[7.269733,50.252161],[7.270091,50.251942],[7.270434,50.252172],[7.270784,50.252177],[7.271143,50.251958],[7.271151,50.251733],[7.27151,50.251513],[7.271526,50.251064],[7.272243,50.250625],[7.272928,50.251085],[7.273979,50.2511],[7.274338,50.250881],[7.274346,50.250656],[7.273661,50.250196],[7.272259,50.250175],[7.271917,50.249945],[7.271567,50.24994],[7.270882,50.24948],[7.270898,50.249031],[7.271249,50.249036],[7.271607,50.248816],[7.271958,50.248822],[7.272675,50.248383],[7.273025,50.248388],[7.274818,50.24729],[7.274827,50.247065],[7.275177,50.247071],[7.275536,50.246851],[7.275544,50.246626],[7.276261,50.246187],[7.276611,50.246192],[7.27697,50.245973],[7.276978,50.245748],[7.277337,50.245529],[7.277687,50.245534],[7.278046,50.245314],[7.278396,50.245319],[7.278755,50.2451],[7.279105,50.245105],[7.279464,50.244886],[7.279472,50.244661],[7.280189,50.244222],[7.280874,50.244682],[7.280857,50.245131],[7.2812,50.245361],[7.281901,50.245371],[7.282618,50.244932],[7.282626,50.244707],[7.282984,50.244488],[7.284386,50.244509],[7.284729,50.244739],[7.28578,50.244754],[7.286123,50.244984],[7.288225,50.245015],[7.288274,50.243667],[7.288632,50.243447],[7.288983,50.243452],[7.289341,50.243233],[7.289692,50.243238],[7.29005,50.243018],[7.290751,50.243028],[7.291109,50.242809],[7.291117,50.242584],[7.290775,50.242354],[7.289724,50.242339],[7.289007,50.242778],[7.287254,50.242752],[7.286912,50.242522],[7.28692,50.242297],[7.286578,50.242068],[7.286227,50.242062],[7.285885,50.241832],[7.286243,50.241613],[7.285901,50.241383],[7.28626,50.241163],[7.285917,50.240933],[7.285925,50.240709],[7.286284,50.240489],[7.286292,50.240264],[7.286642,50.24027],[7.286985,50.240499],[7.287343,50.24028],[7.288044,50.24029],[7.288402,50.240071],[7.288745,50.240301],[7.289103,50.240081],[7.289111,50.239856],[7.28947,50.239637],[7.289478,50.239412],[7.289836,50.239192],[7.290179,50.239422],[7.290537,50.239203],[7.29264,50.239234],[7.293357,50.238794],[7.293365,50.23857],[7.291653,50.23742],[7.291669,50.236971],[7.291326,50.236741],[7.29135,50.236067],[7.291701,50.236072],[7.292043,50.236302],[7.294846,50.236343],[7.295205,50.236123],[7.295555,50.236128],[7.296272,50.235689],[7.296622,50.235694],[7.297339,50.235255],[7.297355,50.234806],[7.297013,50.234576],[7.297021,50.234351],[7.296336,50.233891],[7.296376,50.232767],[7.296735,50.232548],[7.297786,50.232563],[7.298128,50.232793],[7.29812,50.233018],[7.298462,50.233248],[7.298454,50.233473],[7.298797,50.233702],[7.299498,50.233713],[7.299856,50.233493],[7.299872,50.233044],[7.30023,50.232824],[7.30027,50.2317],[7.299586,50.23124],[7.299235,50.231235],[7.298208,50.230546],[7.298566,50.230326],[7.298917,50.230331],[7.299275,50.230112],[7.299976,50.230122],[7.300318,50.230352],[7.301369,50.230367],[7.301712,50.230597],[7.302412,50.230607],[7.302755,50.230837],[7.303105,50.230842],[7.303448,50.231072],[7.303806,50.230852],[7.304156,50.230858],[7.30418,50.230183],[7.303838,50.229953],[7.303846,50.229729],[7.301107,50.22789],[7.301823,50.227451],[7.302524,50.227461],[7.302867,50.227691],[7.304618,50.227716],[7.304977,50.227497],[7.304985,50.227272],[7.305343,50.227052],[7.305351,50.226828],[7.305008,50.226598],[7.305048,50.225474],[7.305407,50.225254],[7.30543,50.22458],[7.305789,50.22436],[7.305797,50.224136],[7.306155,50.223916],[7.306187,50.223017],[7.306545,50.222797],[7.306561,50.222348],[7.307277,50.221909],[7.307285,50.221684],[7.308336,50.221699],[7.309021,50.222159],[7.310072,50.222174],[7.31043,50.221955],[7.310446,50.221505],[7.310804,50.221285],[7.310812,50.221061],[7.31117,50.220841],[7.311186,50.220392],[7.311545,50.220172],[7.312245,50.220182],[7.313957,50.221331],[7.313925,50.22223],[7.314952,50.22292],[7.316354,50.22294],[7.316362,50.222715],[7.317078,50.222276],[7.317094,50.221826],[7.317452,50.221607]]}},
{"type":"Feature","properties":{"STRM_VAL":1.0,"max_accum":6525377.0,"color":"#163f78","weight":4.65},"geometry":{"type":"LineString","coordinates":[[7.317452,50.221607],[7.31746,50.221382],[7.317118,50.221152],[7.317133,50.220703],[7.316791,50.220473],[7.31504,50.220448],[7.314697,50.220218],[7.314729,50.219319],[7.317594,50.217561],[7.317618,50.216887],[7.318334,50.216448],[7.318685,50.216453],[7.319043,50.216233],[7.319743,50.216243],[7.320086,50.216473],[7.320436,50.216478],[7.320778,50.216708],[7.321129,50.216713],[7.321471,50.216943],[7.322171,50.216953],[7.32253,50.216733],[7.322577,50.215385],[7.322235,50.215155],[7.321534,50.215145],[7.321176,50.215365],[7.320125,50.215349],[7.319783,50.21512],[7.319806,50.214445],[7.320157,50.21445],[7.320515,50.214231],[7.321215,50.214241],[7.321223,50.214016],[7.322624,50.214036],[7.322982,50.213817],[7.323683,50.213827],[7.324025,50.214057],[7.324726,50.214067],[7.325068,50.214296],[7.325769,50.214307],[7.326127,50.214087],[7.32619,50.212289],[7.326548,50.212069],[7.326556,50.211844],[7.326914,50.211625],[7.327614,50.211635],[7.327956,50.211865],[7.328307,50.21187],[7.328991,50.212329],[7.329708,50.21189],[7.330058,50.211895],[7.330066,50.21167],[7.329381,50.211211],[7.329389,50.210986],[7.330105,50.210546],[7.330455,50.210551],[7.330813,50.210332],[7.331864,50.210347],[7.332206,50.210577],[7.332556,50.210582],[7.332899,50.210811],[7.33465,50.210836],[7.335008,50.210617],[7.335039,50.209718],[7.334012,50.209028],[7.333662,50.209023],[7.332977,50.208564],[7.332985,50.208339],[7.333701,50.2079],[7.334051,50.207905],[7.334767,50.207465],[7.334775,50.20724],[7.334433,50.207011],[7.334082,50.207006],[7.33374,50.206776],[7.331639,50.206746],[7.331297,50.206516],[7.331312,50.206066],[7.33097,50.205837],[7.331328,50.205617],[7.331678,50.205622],[7.332394,50.205183],[7.333079,50.205642],[7.333429,50.205647],[7.334456,50.206336],[7.334806,50.206341],[7.335164,50.206122],[7.335515,50.206127],[7.335873,50.205907],[7.335888,50.205458],[7.335203,50.204998],[7.335211,50.204773],[7.334869,50.204543],[7.335585,50.204104],[7.336986,50.204124],[7.33767,50.204584],[7.337631,50.205707],[7.337273,50.205927],[7.337258,50.206377],[7.337942,50.206836],[7.340394,50.206871],[7.340752,50.206651],[7.341452,50.206661],[7.34181,50.206442],[7.34216,50.206447],[7.342503,50.206676],[7.342495,50.206901],[7.342837,50.207131],[7.343195,50.206911],[7.343546,50.206916],[7.346051,50.205378],[7.346059,50.205153],[7.346775,50.204714],[7.348176,50.204733],[7.348518,50.204963],[7.348868,50.204968],[7.349896,50.205657],[7.350246,50.205662],[7.350588,50.205892],[7.350946,50.205672],[7.350954,50.205448],[7.35167,50.205008],[7.351685,50.204558],[7.351343,50.204329],[7.351351,50.204104],[7.350666,50.203645],[7.350315,50.20364],[7.349973,50.20341],[7.349273,50.2034],[7.34893,50.20317],[7.348572,50.20339],[7.348222,50.203385],[7.347864,50.203605],[7.347164,50.203595],[7.346822,50.203365],[7.346829,50.20314],[7.347903,50.202481],[7.349654,50.202506],[7.350012,50.202286],[7.350362,50.202291],[7.351794,50.201412],[7.351801,50.201187],[7.352159,50.200967],[7.352509,50.200972],[7.352852,50.201202],[7.352494,50.201422],[7.352486,50.201647],[7.352829,50.201876],[7.352821,50.202101],[7.353506,50.202561],[7.354206,50.20257],[7.354564,50.202351],[7.354906,50.20258],[7.355622,50.202141],[7.35563,50.201916],[7.355287,50.201686],[7.355303,50.201237],[7.354618,50.200777],[7.354633,50.200328],[7.354991,50.200108],[7.354999,50.199883],[7.355357,50.199664],[7.355707,50.199669],[7.356065,50.199449],[7.356073,50.199224],[7.356431,50.199004],[7.356446,50.198555],[7.356804,50.198335],[7.356873,50.196312],[7.356531,50.196082],[7.356539,50.195858],[7.355854,50.195398],[7.355862,50.195174],[7.356935,50.194514],[7.357985,50.194529],[7.358701,50.194089],[7.359051,50.194094],[7.359409,50.193875],[7.359759,50.193879],[7.360475,50.19344],[7.360482,50.193215],[7.36084,50.192995],[7.360855,50.192546],[7.361213,50.192326],[7.361236,50.191652],[7.361594,50.191432],[7.362294,50.191442],[7.362652,50.191222],[7.363002,50.191227],[7.36336,50.191007],[7.36406,50.191017],[7.364745,50.191476],[7.364714,50.192375],[7.365399,50.192835],[7.365749,50.19284],[7.366465,50.1924],[7.366472,50.192175],[7.36683,50.191955],[7.366853,50.191281],[7.367211,50.191061],[7.367218,50.190837],[7.367576,50.190617],[7.367584,50.190392],[7.368657,50.189732],[7.369007,50.189737]]}},
{"type":"Feature","properties":{"STRM_VAL":1.0,"max_accum":49752.0,"color":"#7aa7d4","weight":2.16},"geometry":{"type":"LineString","coordinates":[[6.929048,50.231297],[6.930128,50.230642],[6.930167,50.229743],[6.930527,50.229524],[6.930556,50.22885],[6.930215,50.228619],[6.930225,50.228395],[6.930585,50.228176],[6.930605,50.227727],[6.930965,50.227508],[6.931315,50.227515],[6.933115,50.226422],[6.933154,50.225524],[6.933514,50.225305],[6.933864,50.225311],[6.934584,50.224874],[6.934924,50.225105],[6.935275,50.225112],[6.935634,50.224893],[6.937035,50.224918],[6.940635,50.222733],[6.940644,50.222508],[6.941004,50.22229],[6.941033,50.221616],[6.941393,50.221397],[6.941403,50.221173],[6.941062,50.220942],[6.941422,50.220723],[6.941442,50.220274],[6.942161,50.219837],[6.941821,50.219606],[6.94183,50.219381],[6.94219,50.219163],[6.9422,50.218938],[6.94256,50.21872],[6.94291,50.218726],[6.94327,50.218507],[6.942929,50.218276],[6.943649,50.217839],[6.943659,50.217615],[6.944019,50.217396],[6.944369,50.217402],[6.945808,50.216528],[6.946158,50.216535],[6.948677,50.215005],[6.948687,50.21478],[6.951205,50.213251],[6.951215,50.213026],[6.951575,50.212807],[6.951925,50.212814],[6.952285,50.212595],[6.952314,50.211921],[6.952673,50.211703],[6.952923,50.20586],[6.953283,50.205642],[6.953322,50.204743],[6.953681,50.204524]]}},
{"type":"Feature","properties":{"STRM_VAL":1.0,"max_accum":59019.0,"color":"#76a4d1","weight":2.24},"geometry":{"type":"LineString","coordinates":[[6.953681,50.204524],[6.954401,50.204087],[6.95441,50.203863],[6.95513,50.203426],[6.955139,50.203201],[6.955499,50.202982],[6.955614,50.200286],[6.954593,50.199593],[6.954603,50.199369]]}},
{"type":"Feature","properties":{"STRM_VAL":1.0,"max_accum":327241.0,"color":"#537fb1","weight":3.12},"geometry":{"type":"LineString","coordinates":[[7.332285,50.23846],[7.332643,50.238241],[7.332667,50.237566],[7.333025,50.237347],[7.333088,50.235549],[7.333446,50.235329],[7.333454,50.235104],[7.333111,50.234874],[7.333119,50.23465],[7.332092,50.23396],[7.332099,50.233736],[7.331757,50.233506],[7.331765,50.233281],[7.331422,50.233051],[7.33143,50.232827],[7.331087,50.232597],[7.331095,50.232372],[7.33041,50.231912],[7.330426,50.231463],[7.330083,50.231233],[7.330091,50.231008],[7.329749,50.230779],[7.329398,50.230774],[7.324261,50.227327],[7.323911,50.227322],[7.323568,50.227092],[7.323592,50.226418],[7.323249,50.226188],[7.323257,50.225963],[7.32223,50.225274],[7.32188,50.225269],[7.320852,50.224579],[7.320502,50.224574],[7.32016,50.224344],[7.320168,50.22412],[7.319825,50.22389],[7.319849,50.223215],[7.319164,50.222756],[7.318814,50.222751],[7.318129,50.222291],[7.318137,50.222066],[7.317794,50.221837],[7.317802,50.221612],[7.317452,50.221607]]}},
{"type":"Feature","properties":{"STRM_VAL":1.0,"max_accum":6875825.0,"color":"#153e77","weight":4.68},"geometry":{"type":"LineString","coordinates":[[7.480516,50.240718],[7.480165,50.240714],[7.479822,50.240484],[7.47842,50.240466],[7.478077,50.240237],[7.475573,50.241778],[7.475223,50.241773],[7.473792,50.242654],[7.473785,50.242879],[7.47307,50.243319],[7.473063,50.243544],[7.470201,50.245305],[7.467748,50.245273],[7.467404,50.245043],[7.467047,50.245263],[7.466696,50.245259],[7.466353,50.245029],[7.462848,50.244983],[7.462505,50.244754],[7.461103,50.244735],[7.46076,50.244506],[7.457255,50.244459],[7.456897,50.244679],[7.456196,50.24467],[7.455838,50.24489],[7.454787,50.244876],[7.454429,50.245096],[7.454407,50.24577],[7.45475,50.246],[7.454721,50.246899],[7.454363,50.247119],[7.454356,50.247344],[7.454699,50.247573],[7.45505,50.247578],[7.455393,50.247807],[7.455035,50.248027],[7.454992,50.249376],[7.454634,50.249596],[7.454283,50.249591],[7.453926,50.249811],[7.453575,50.249807],[7.453217,50.250027],[7.452867,50.250022],[7.451436,50.250903],[7.451085,50.250898],[7.450742,50.250668],[7.448288,50.250636],[7.447945,50.250406],[7.446893,50.250392],[7.446207,50.249933],[7.445506,50.249924]]}},
{"type":"Feature","properties":{"STRM_VAL":1.0,"max_accum":21165.0,"color":"#8bbae4","weight":1.72},"geometry":{"type":"LineString","coordinates":[[6.514676,50.224518],[6.515353,50.224983],[6.517454,50.225028],[6.517816,50.22481],[6.518866,50.224833],[6.519228,50.224616],[6.519578,50.224623],[6.520302,50.224189],[6.520313,50.223964],[6.520675,50.223747],[6.520687,50.223523],[6.521048,50.223305],[6.52106,50.223081],[6.52141,50.223088],[6.522496,50.222437],[6.522834,50.222669],[6.523196,50.222452],[6.524596,50.222482],[6.525612,50.223178],[6.526662,50.2232],[6.527001,50.223432],[6.530502,50.223507],[6.530841,50.223739],[6.531191,50.223746],[6.531552,50.223529],[6.531903,50.223537],[6.532241,50.223769],[6.532591,50.223776],[6.533268,50.22424],[6.533619,50.224248],[6.533957,50.22448],[6.535008,50.224502],[6.535346,50.224734],[6.536747,50.224764],[6.537085,50.224996],[6.538486,50.225026],[6.538824,50.225258],[6.539875,50.22528],[6.540213,50.225512],[6.541264,50.225534],[6.541626,50.225317],[6.543026,50.225347],[6.543388,50.225129],[6.543738,50.225137],[6.544415,50.225601],[6.545116,50.225616],[6.545454,50.225848],[6.546155,50.225862],[6.546493,50.226095],[6.546843,50.226102],[6.547205,50.225885],[6.547544,50.226117],[6.547894,50.226124],[6.548232,50.226356],[6.549283,50.226378],[6.550638,50.227306],[6.550626,50.227531],[6.551303,50.227995],[6.551292,50.22822],[6.552308,50.228916],[6.552296,50.22914],[6.553651,50.230068],[6.55364,50.230293],[6.554317,50.230757],[6.554667,50.230765]]}},
{"type":"Feature","properties":{"STRM_VAL":1.0,"max_accum":66390.0,"color":"#74a1cf","weight":2.31},"geometry":{"type":"LineString","coordinates":[[6.554667,50.230765],[6.555345,50.231229],[6.555695,50.231236],[6.55705,50.232164],[6.557038,50.232389],[6.557377,50.232621],[6.557365,50.232845],[6.55872,50.233773],[6.558709,50.233998],[6.560064,50.234926],[6.560426,50.234709],[6.561781,50.235637],[6.562131,50.235644],[6.56247,50.235876],[6.562458,50.236101],[6.562808,50.236108],[6.563147,50.23634],[6.564198,50.236362],[6.564537,50.236594],[6.564887,50.236601],[6.56692,50.237993],[6.566908,50.238218],[6.567925,50.238914],[6.569676,50.23895],[6.570015,50.239182],[6.571416,50.239212],[6.571755,50.239444],[6.572105,50.239451],[6.572444,50.239683],[6.572794,50.23969],[6.573133,50.239922],[6.573483,50.239929],[6.574161,50.240393],[6.57415,50.240618],[6.574827,50.241082],[6.575189,50.240865],[6.575867,50.241328],[6.576567,50.241343],[6.576906,50.241575],[6.577257,50.241582],[6.578273,50.242278],[6.578624,50.242286],[6.579301,50.242749],[6.579663,50.242532],[6.580013,50.242539],[6.58103,50.243235],[6.581731,50.24325],[6.58207,50.243482],[6.582431,50.243264],[6.583109,50.243728],[6.58416,50.24375],[6.584499,50.243982],[6.584861,50.243765],[6.585911,50.243786],[6.58625,50.244018],[6.586951,50.244033],[6.58729,50.244265]]}},
{"type":"Feature","properties":{"STRM_VAL":1.0,"max_accum":83122.0,"color":"#6f9cca","weight":2.42},"geometry":{"type":"LineString","coordinates":[[6.58729,50.244265],[6.588375,50.243613]]}},
{"type":"Feature","properties":{"STRM_VAL":1.0,"max_accum":6731340.0,"color":"#153e77","weight":4.67},"geometry":{"type":"LineString","coordinates":[[7.387212,50.241934],[7.389315,50.241963],[7.389673,50.241743],[7.390373,50.241753],[7.392164,50.240654],[7.393215,50.240668],[7.393558,50.240898],[7.395661,50.240927],[7.396019,50.240707],[7.398822,50.240745],[7.400194,50.241664],[7.400186,50.241889],[7.400872,50.242348],[7.400865,50.242572],[7.402579,50.24372],[7.402572,50.243945],[7.402915,50.244175],[7.403265,50.244179],[7.403608,50.244409],[7.403959,50.244414],[7.404988,50.245103],[7.405338,50.245107],[7.405696,50.244887],[7.405719,50.244213],[7.405376,50.243984],[7.405383,50.243759],[7.404697,50.2433],[7.404705,50.243075],[7.404362,50.242845],[7.404369,50.242621],[7.404026,50.242391],[7.404049,50.241717],[7.403363,50.241258],[7.403371,50.241033],[7.403028,50.240803],[7.403035,50.240579],[7.401984,50.240564],[7.401641,50.240335],[7.401999,50.240115],[7.401656,50.239885],[7.401663,50.23966],[7.402021,50.23944],[7.402051,50.238541],[7.402767,50.238101],[7.403118,50.238106],[7.403834,50.237666],[7.403841,50.237442],[7.403498,50.237212],[7.403506,50.236987],[7.403163,50.236758],[7.403178,50.236308],[7.402492,50.235849],[7.402522,50.23495],[7.402172,50.234945],[7.401829,50.234716],[7.401859,50.233817],[7.402575,50.233377],[7.403626,50.233391],[7.403969,50.233621],[7.404669,50.23363],[7.405355,50.23409],[7.405706,50.234094],[7.406064,50.233874],[7.406071,50.23365],[7.406429,50.23343],[7.406436,50.233205],[7.406794,50.232985],[7.406817,50.232311],[7.407175,50.232091],[7.40719,50.231641],[7.407548,50.231421],[7.407898,50.231426],[7.408256,50.231206],[7.408263,50.230981],[7.407235,50.230293],[7.407242,50.230068],[7.406899,50.229838],[7.406914,50.229389],[7.40763,50.228949],[7.40798,50.228954],[7.408338,50.228734],[7.411491,50.228777],[7.411849,50.228557],[7.411506,50.228328],[7.412938,50.227448],[7.412945,50.227223],[7.413661,50.226783],[7.413683,50.226109],[7.415435,50.226133],[7.41615,50.225693],[7.417552,50.225712],[7.41791,50.225492]]}},
{"type":"Feature","properties":{"STRM_VAL":1.0,"max_accum":278956.0,"color":"#5682b4","weight":3.04},"geometry":{"type":"LineString","coordinates":[[6.64938,50.229572],[6.649391,50.229347],[6.649752,50.22913],[6.649764,50.228905],[6.650125,50.228687],[6.650158,50.228013],[6.65088,50.227578],[6.650891,50.227354],[6.651253,50.227136],[6.651275,50.226687],[6.651636,50.226469],[6.651669,50.225795],[6.65203,50.225578],[6.652108,50.224005],[6.652469,50.223787],[6.652819,50.223795],[6.65318,50.223577],[6.654931,50.223612],[6.65527,50.223844],[6.656321,50.223865],[6.656682,50.223648],[6.656693,50.223423],[6.657054,50.223205],[6.657065,50.222981]]}},
{"type":"Feature","properties":{"STRM_VAL":1.0,"max_accum":126813.0,"color":"#6793c2","weight":2.64},"geometry":{"type":"LineString","coordinates":[[6.797851,50.233156],[6.797872,50.232707],[6.797532,50.232476],[6.797553,50.232026],[6.797213,50.231795],[6.797223,50.23157],[6.796883,50.231339],[6.796894,50.231114],[6.796554,50.230883],[6.796585,50.230209],[6.795225,50.229284],[6.795298,50.227711],[6.794958,50.22748],[6.794968,50.227255],[6.793269,50.226098],[6.792919,50.226092],[6.791899,50.225398],[6.791941,50.224499],[6.791601,50.224268],[6.791962,50.22405],[6.791982,50.2236],[6.791642,50.223369],[6.791674,50.222695],[6.791334,50.222464],[6.791355,50.222014],[6.790675,50.221552],[6.790696,50.221102],[6.790356,50.220871],[6.790387,50.220197],[6.790748,50.219979],[6.790768,50.219529],[6.790429,50.219298],[6.79046,50.218624],[6.78978,50.218161],[6.789905,50.215465],[6.790265,50.215247],[6.790296,50.214573],[6.791378,50.213919],[6.791728,50.213926],[6.792089,50.213708],[6.792439,50.213715],[6.792799,50.213497],[6.793149,50.213503],[6.79316,50.213278],[6.794241,50.212624],[6.794252,50.2124],[6.794612,50.212182],[6.794633,50.211732],[6.794993,50.211514],[6.795014,50.211065],[6.795374,50.210847],[6.795385,50.210622],[6.795045,50.210391],[6.795766,50.209955],[6.795776,50.20973],[6.796497,50.209294],[6.796508,50.209069],[6.797589,50.208415],[6.797599,50.208191],[6.79796,50.207973],[6.798001,50.207074],[6.799082,50.20642],[6.798403,50.205957],[6.798424,50.205508],[6.798784,50.20529],[6.798444,50.205058],[6.798475,50.204384],[6.798136,50.204153],[6.798156,50.203704],[6.798517,50.203486],[6.798527,50.203261],[6.798187,50.20303],[6.798208,50.20258],[6.798568,50.202362],[6.798589,50.201913],[6.79931,50.201477],[6.79933,50.201028],[6.799691,50.20081],[6.80003,50.201041],[6.800391,50.200823],[6.800401,50.200598],[6.802203,50.199508],[6.802224,50.199058],[6.804025,50.197968],[6.804036,50.197744],[6.804396,50.197525],[6.804746,50.197532],[6.805467,50.197096],[6.805498,50.196422],[6.805858,50.196204],[6.806208,50.19621],[6.806928,50.195774],[6.806949,50.195325],[6.80839,50.194453],[6.8084,50.194228],[6.80875,50.194235],[6.809111,50.194017],[6.809131,50.193567],[6.809852,50.193131],[6.809862,50.192906],[6.810583,50.19247],[6.810933,50.192477],[6.811293,50.192259],[6.811303,50.192034],[6.812384,50.19138],[6.812734,50.191386],[6.813815,50.190732],[6.813835,50.190283],[6.814195,50.190065],[6.814206,50.18984],[6.815286,50.189186],[6.815327,50.188287],[6.816408,50.187633],[6.816418,50.187408],[6.816768,50.187415],[6.817488,50.186978],[6.817499,50.186754],[6.818199,50.186767],[6.818559,50.186549],[6.8186,50.18565],[6.81896,50.185432],[6.81898,50.184983],[6.820061,50.184328],[6.820411,50.184335],[6.821131,50.183899],[6.821481,50.183905],[6.821841,50.183687],[6.821851,50.183462],[6.822211,50.183244],[6.822222,50.18302],[6.822942,50.182583],[6.822952,50.182359],[6.823302,50.182365],[6.824022,50.181929],[6.824033,50.181704],[6.825473,50.180832],[6.825823,50.180838],[6.826183,50.18062],[6.826193,50.180395],[6.826893,50.180409],[6.828333,50.179536],[6.830083,50.179569],[6.830422,50.1798],[6.830783,50.179582],[6.830813,50.178908],[6.831173,50.17869]]}},
{"type":"Feature","properties":{"STRM_VAL":1.0,"max_accum":243761.0,"color":"#5985b6","weight":2.97},"geometry":{"type":"LineString","coordinates":[[6.736364,50.236022],[6.736003,50.23624],[6.735653,50.236233],[6.735631,50.236682],[6.73527,50.2369],[6.73492,50.236893],[6.734559,50.237111],[6.733858,50.237098],[6.733498,50.237315],[6.733487,50.23754],[6.732786,50.237526],[6.732064,50.237962],[6.731714,50.237955],[6.731353,50.238173],[6.731003,50.238166],[6.72992,50.23882],[6.72957,50.238813],[6.729209,50.239031],[6.728158,50.23901],[6.727436,50.239446],[6.727085,50.239439],[6.726746,50.239207],[6.722542,50.239125],[6.722203,50.238893],[6.720801,50.238866],[6.72044,50.239084],[6.71974,50.23907],[6.719379,50.239288],[6.717978,50.23926],[6.717638,50.239029],[6.716237,50.239001],[6.714793,50.239872],[6.714092,50.239858],[6.713753,50.239627],[6.712702,50.239606],[6.712341,50.239824],[6.71199,50.239817],[6.711629,50.240035],[6.710228,50.240007],[6.709506,50.240443],[6.709156,50.240436],[6.708137,50.239741],[6.707787,50.239734],[6.707108,50.239271],[6.706757,50.239264],[6.706418,50.239033],[6.705717,50.239019],[6.705378,50.238787],[6.705027,50.23878],[6.704666,50.238998],[6.704316,50.238991],[6.703977,50.238759],[6.703626,50.238753],[6.703265,50.23897],[6.701864,50.238943],[6.701503,50.23916],[6.701153,50.239153],[6.700813,50.238922],[6.699762,50.238901],[6.699423,50.238669],[6.699062,50.238887],[6.698361,50.238873],[6.698022,50.238642],[6.697321,50.238628],[6.696982,50.238396],[6.696631,50.238389],[6.696292,50.238158],[6.695591,50.238144],[6.694573,50.237449],[6.694223,50.237442],[6.693544,50.236979],[6.692493,50.236958],[6.692153,50.236726],[6.691803,50.236719],[6.691442,50.236937],[6.691431,50.237162],[6.691081,50.237155]]}},
{"type":"Feature","properties":{"STRM_VAL":1.0,"max_accum":267416.0,"color":"#5783b4","weight":3.02},"geometry":{"type":"LineString","coordinates":[[6.691081,50.237155],[6.690742,50.236923],[6.690391,50.236916],[6.689712,50.236453],[6.689723,50.236228],[6.689384,50.235996],[6.689406,50.235547],[6.687369,50.234157],[6.687391,50.233708],[6.686712,50.233245],[6.686767,50.232121],[6.687128,50.231904],[6.687139,50.231679],[6.6875,50.231461],[6.686821,50.230998],[6.687904,50.230345],[6.687915,50.23012],[6.688276,50.229903],[6.688287,50.229678],[6.687269,50.228983],[6.686569,50.228969]]}},
{"type":"Feature","properties":{"STRM_VAL":1.0,"max_accum":54683.0,"color":"#78a5d2","weight":2.21},"geometry":{"type":"LineString","coordinates":[[6.825669,50.238178],[6.827111,50.237305],[6.828162,50.237325],[6.828523,50.237107],[6.828873,50.237113],[6.829234,50.236895],[6.829584,50.236902],[6.829944,50.236684],[6.830295,50.23669],[6.830655,50.236472],[6.831005,50.236479],[6.832087,50.235824],[6.832437,50.235831],[6.833519,50.235176],[6.833529,50.234952],[6.83461,50.234297],[6.834961,50.234304],[6.835321,50.234086],[6.835341,50.233636],[6.836423,50.232982],[6.836433,50.232757],[6.837154,50.232321],[6.837164,50.232096],[6.838606,50.231223],[6.838266,50.230992],[6.838987,50.230556],[6.839017,50.229882],[6.839378,50.229664],[6.839408,50.22899],[6.840129,50.228553],[6.840139,50.228329],[6.840499,50.22811],[6.840509,50.227886],[6.84087,50.227668],[6.84089,50.227218],[6.841251,50.227],[6.841261,50.226775],[6.841621,50.226557],[6.841971,50.226564],[6.842332,50.226345],[6.842682,50.226352],[6.843403,50.225916],[6.843753,50.225922],[6.844113,50.225704],[6.844464,50.22571],[6.844824,50.225492],[6.845174,50.225499],[6.845534,50.225281],[6.845885,50.225287],[6.846605,50.224851],[6.846956,50.224857],[6.847316,50.224639]]}},
{"type":"Feature","properties":{"STRM_VAL":1.0,"max_accum":65128.0,"color":"#74a2cf","weight":2.3},"geometry":{"type":"LineString","coordinates":[[6.847316,50.224639],[6.847346,50.223965],[6.847707,50.223747],[6.846686,50.223053],[6.846696,50.222829],[6.846356,50.222597],[6.845306,50.222578],[6.844966,50.222347],[6.844265,50.222334],[6.843925,50.222103],[6.843575,50.222096],[6.843235,50.221865],[6.843245,50.22164],[6.842905,50.221409],[6.842935,50.220735],[6.842595,50.220504],[6.842605,50.220279],[6.842265,50.220048],[6.842276,50.219823],[6.841936,50.219592],[6.841976,50.218693],[6.842697,50.218257],[6.842737,50.217358],[6.842397,50.217127],[6.842418,50.216678],[6.842078,50.216446],[6.842108,50.215772],[6.841768,50.215541],[6.841788,50.215092],[6.841448,50.214861],[6.841468,50.214411],[6.841128,50.21418],[6.841159,50.213506],[6.840819,50.213275],[6.84091,50.211253],[6.84057,50.211021],[6.84059,50.210572],[6.840951,50.210354],[6.841301,50.21036],[6.842021,50.209924],[6.842032,50.209699],[6.841692,50.209468],[6.841722,50.208794],[6.841382,50.208563]]}},
{"type":"Feature","properties":{"STRM_VAL":1.0,"max_accum":21165.0,"color":"#8bbae4","weight":1.72},"geometry":{"type":"LineString","coordinates":[[6.545424,50.233268],[6.545785,50.233051],[6.545797,50.232826],[6.546159,50.232609],[6.54617,50.232384],[6.546532,50.232167],[6.546555,50.231718],[6.546917,50.231501],[6.547267,50.231508],[6.547629,50.231291],[6.547979,50.231298],[6.549064,50.230646],[6.552216,50.230713],[6.552555,50.230945],[6.552905,50.230952],[6.553266,50.230735],[6.553967,50.23075],[6.554306,50.230982],[6.554667,50.230765]]}},
{"type":"Feature","properties":{"STRM_VAL":1.0,"max_accum":37004.0,"color":"#80aeda","weight":2.01},"geometry":{"type":"LineString","coordinates":[[6.87993,50.24008],[6.87959,50.239849],[6.87963,50.23895],[6.879289,50.238719],[6.878939,50.238713],[6.878598,50.238482],[6.877197,50.238456],[6.876477,50.238893],[6.875426,50.238874],[6.875085,50.238643],[6.874735,50.238636],[6.874394,50.238405],[6.873344,50.238386],[6.873003,50.238155],[6.872303,50.238142],[6.871962,50.237911],[6.871262,50.237898],[6.870921,50.237667],[6.86987,50.237648],[6.86953,50.237416],[6.86917,50.237635],[6.867768,50.237609],[6.867428,50.237378],[6.866707,50.237814],[6.863905,50.237763],[6.862884,50.23707],[6.862183,50.237057],[6.861843,50.236825],[6.861493,50.236819],[6.861152,50.236588],[6.860802,50.236581],[6.860812,50.236357],[6.859791,50.235663]]}},
{"type":"Feature","properties":{"STRM_VAL":1.0,"max_accum":54683.0,"color":"#78a5d2","weight":2.21},"geometry":{"type":"LineString","coordinates":[[6.859791,50.235663],[6.859842,50.23454],[6.859502,50.234309],[6.859151,50.234302],[6.859161,50.234078],[6.859522,50.233859],[6.859552,50.233185],[6.858531,50.232492],[6.858541,50.232267],[6.857861,50.231805],[6.857871,50.23158],[6.85651,50.230656],[6.85616,50.230649],[6.85582,50.230418],[6.855469,50.230412],[6.855129,50.23018],[6.854779,50.230174],[6.854099,50.229712],[6.853748,50.229705],[6.852047,50.228549],[6.852058,50.228325],[6.850697,50.2274],[6.850707,50.227175],[6.849687,50.226482],[6.849326,50.2267],[6.848976,50.226694],[6.848996,50.226244],[6.848656,50.226013],[6.848666,50.225788],[6.847646,50.225095],[6.847656,50.22487],[6.847316,50.224639]]}},
{"type":"Feature","properties":{"STRM_VAL":1.0,"max_accum":6113936.0,"color":"#174079","weight":4.62},"geometry":{"type":"LineString","coordinates":[[7.169961,50.247485],[7.17032,50.247266],[7.170671,50.247271],[7.17103,50.247052],[7.171731,50.247063],[7.174244,50.245528],[7.175296,50.245545],[7.175655,50.245326],[7.176005,50.245331],[7.176347,50.245561],[7.176697,50.245567],[7.177056,50.245348],[7.183014,50.245441],[7.183373,50.245222],[7.184775,50.245244],[7.185134,50.245024],[7.187236,50.245057],[7.187595,50.244838],[7.188647,50.244854],[7.189006,50.244635],[7.189356,50.244641],[7.189715,50.244421],[7.189724,50.244197],[7.192595,50.242442],[7.192604,50.242218],[7.192962,50.241998],[7.192971,50.241774],[7.194048,50.241116],[7.194056,50.240891],[7.194415,50.240672],[7.194424,50.240447],[7.194783,50.240228],[7.195133,50.240233],[7.195492,50.240014],[7.204953,50.24016],[7.205312,50.239941],[7.206363,50.239957],[7.207798,50.23908],[7.208149,50.239085],[7.209225,50.238427],[7.209576,50.238433],[7.212087,50.236898],[7.212788,50.236908],[7.213147,50.236689],[7.213172,50.236015],[7.213531,50.235795],[7.213539,50.235571],[7.214257,50.235132],[7.216009,50.235159],[7.216351,50.235389],[7.217052,50.2354],[7.217394,50.23563],[7.217744,50.235635],[7.218086,50.235865],[7.218436,50.235871],[7.218778,50.236101],[7.221231,50.236138],[7.22159,50.235919],[7.22229,50.23593],[7.222649,50.23571],[7.224051,50.235732],[7.22441,50.235512],[7.22511,50.235523],[7.225469,50.235304],[7.22652,50.23532],[7.227955,50.234442],[7.228305,50.234448],[7.229381,50.233789],[7.229732,50.233795],[7.230449,50.233356],[7.2308,50.233361],[7.231158,50.233142],[7.231859,50.233153],[7.23437,50.231617],[7.23472,50.231622],[7.235079,50.231403],[7.235429,50.231408],[7.235788,50.231189],[7.235796,50.230964],[7.236513,50.230525],[7.237214,50.230536],[7.239007,50.229439],[7.238665,50.229209],[7.238673,50.228984],[7.237989,50.228524],[7.238006,50.228074],[7.237664,50.227844],[7.238022,50.227625],[7.238031,50.2274],[7.23632,50.22625],[7.23597,50.226244],[7.235978,50.22602],[7.234268,50.224869],[7.234285,50.22442],[7.233601,50.22396],[7.233609,50.223735],[7.238163,50.223804],[7.23888,50.223365],[7.239231,50.223371],[7.239589,50.223151],[7.24064,50.223167],[7.241716,50.222509],[7.241724,50.222284],[7.242441,50.221845],[7.242449,50.221621],[7.242808,50.221401],[7.243158,50.221406],[7.2435,50.221636],[7.246302,50.221679],[7.246645,50.221909],[7.247345,50.221919],[7.247687,50.222149],[7.248037,50.222155],[7.249064,50.222845],[7.250115,50.222861],[7.250457,50.223091],[7.251157,50.223101],[7.251499,50.223331],[7.2522,50.223342],[7.253275,50.222683],[7.253626,50.222689],[7.253984,50.222469],[7.255385,50.22249],[7.255727,50.22272],[7.256778,50.222736],[7.258147,50.223656],[7.258847,50.223666],[7.259189,50.223896],[7.26024,50.223912],[7.262391,50.222595],[7.263442,50.222611],[7.263784,50.222841],[7.264485,50.222851],[7.26556,50.222193],[7.265568,50.221968],[7.265927,50.221749],[7.265935,50.221524],[7.266293,50.221304],[7.266301,50.22108],[7.26666,50.22086],[7.26701,50.220865],[7.267369,50.220646],[7.268069,50.220656],[7.268428,50.220437],[7.269478,50.220452],[7.269821,50.220682],[7.272973,50.220729],[7.273332,50.22051],[7.275083,50.220536],[7.276109,50.221225],[7.27716,50.221241],[7.277503,50.221471],[7.282407,50.221544],[7.283123,50.221104],[7.283156,50.220206],[7.282813,50.219976],[7.282821,50.219751],[7.283538,50.219312],[7.284239,50.219322],[7.284597,50.219103],[7.284947,50.219108],[7.285306,50.218888],[7.285314,50.218663],[7.285672,50.218444],[7.286022,50.218449],[7.286381,50.218229],[7.286389,50.218005],[7.286046,50.217775],[7.286071,50.217101],[7.286787,50.216661],[7.287137,50.216667],[7.287854,50.216227],[7.288196,50.216457],[7.289271,50.215799],[7.289621,50.215804],[7.289638,50.215354],[7.289295,50.215124],[7.288945,50.215119],[7.288603,50.214889],[7.286852,50.214863],[7.286509,50.214634],[7.286517,50.214409],[7.286175,50.214179],[7.286183,50.213954],[7.285841,50.213724],[7.285865,50.21305],[7.286224,50.21283],[7.286574,50.212836],[7.287649,50.212177],[7.287665,50.211727],[7.286296,50.210808],[7.286304,50.210583],[7.285962,50.210353],[7.285612,50.210348],[7.28527,50.210118],[7.285286,50.209669],[7.285644,50.209449],[7.285652,50.209224],[7.28531,50.208994],[7.28535,50.207871],[7.285008,50.207641],[7.285016,50.207416],[7.284674,50.207186],[7.284324,50.207181],[7.283966,50.2074],[7.283615,50.207395],[7.282931,50.206935],[7.282947,50.206486],[7.282605,50.206256],[7.282621,50.205807],[7.281595,50.205117],[7.281603,50.204892],[7.282678,50.204233],[7.284779,50.204264],[7.285137,50.204045],[7.285145,50.20382],[7.284803,50.20359],[7.284453,50.203585],[7.283426,50.202895],[7.283451,50.202221],[7.284167,50.201782],[7.284175,50.201557],[7.284533,50.201338],[7.284557,50.200663],[7.284215,50.200433],[7.284223,50.200209],[7.28494,50.199769],[7.28669,50.199795],[7.287049,50.199576],[7.287057,50.199351],[7.287773,50.198912],[7.287781,50.198687],[7.287431,50.198682],[7.287089,50.198452],[7.287129,50.197328],[7.288204,50.19667],[7.288228,50.195995],[7.288586,50.195776],[7.288936,50.195781],[7.289294,50.195561],[7.289994,50.195572],[7.290711,50.195132],[7.290719,50.194908],[7.291435,50.194469],[7.292135,50.194479],[7.292493,50.194259],[7.292501,50.194035],[7.292859,50.193815],[7.292517,50.193585],[7.292525,50.19336],[7.292183,50.19313],[7.291833,50.193125],[7.291857,50.192451],[7.291515,50.192221],[7.291523,50.191996],[7.291181,50.191766],[7.290131,50.191751],[7.290155,50.191077],[7.290871,50.190638],[7.290903,50.189739],[7.290561,50.189509],[7.289861,50.189498],[7.289519,50.189269],[7.289527,50.189044],[7.289885,50.188824],[7.290935,50.18884],[7.291277,50.18907],[7.291993,50.18863],[7.292001,50.188406],[7.292359,50.188186],[7.29306,50.188196],[7.293402,50.188426],[7.294102,50.188436],[7.29446,50.188217],[7.294468,50.187992],[7.295542,50.187333],[7.295566,50.186659],[7.296282,50.18622],[7.296632,50.186225],[7.297348,50.185786],[7.297356,50.185561],[7.297714,50.185341],[7.298764,50.185357],[7.299122,50.185137],[7.299822,50.185147],[7.300538,50.184708],[7.301238,50.184718],[7.301596,50.184499],[7.301946,50.184504],[7.301954,50.184279],[7.303028,50.18362],[7.305828,50.183661]]}},
{"type":"Feature","properties":{"STRM_VAL":1.0,"max_accum":18121.0,"color":"#8ebde7","weight":1.64},"geometry":{"type":"LineString","coordinates":[[6.926215,50.248112],[6.926565,50.248118],[6.927646,50.247463],[6.927665,50.247013],[6.928025,50.246795],[6.928045,50.246345],[6.929845,50.245253],[6.930196,50.245259],[6.930537,50.24549],[6.930897,50.245272],[6.931237,50.245503],[6.931588,50.245509],[6.931948,50.245291],[6.932298,50.245297],[6.933379,50.244641],[6.934079,50.244654],[6.934439,50.244435],[6.935491,50.244454],[6.936211,50.244017],[6.936561,50.244023],[6.937281,50.243586]]}},
{"type":"Feature","properties":{"STRM_VAL":1.0,"max_accum":49752.0,"color":"#7aa7d4","weight":2.16},"geometry":{"type":"LineString","coordinates":[[6.937281,50.243586],[6.938002,50.243149],[6.938021,50.2427],[6.938381,50.242482],[6.93841,50.241808],[6.93876,50.241814],[6.93878,50.241364],[6.9395,50.240927],[6.93951,50.240703],[6.93987,50.240484],[6.940921,50.240503],[6.941281,50.240284],[6.941982,50.240297],[6.942322,50.240528],[6.942682,50.240309],[6.942692,50.240084],[6.943412,50.239647],[6.943762,50.239654],[6.944122,50.239435],[6.944473,50.239441],[6.944833,50.239223],[6.945183,50.239229],[6.946263,50.238574],[6.945922,50.238343],[6.945932,50.238118],[6.946292,50.237899],[6.946311,50.23745],[6.947751,50.236576],[6.947411,50.236345],[6.947771,50.236127],[6.94779,50.235677],[6.94815,50.235459],[6.948851,50.235471],[6.949571,50.235034],[6.94959,50.234585],[6.95031,50.234148],[6.951711,50.234172],[6.952071,50.233954],[6.952421,50.23396],[6.953141,50.233523],[6.953491,50.233529],[6.953851,50.233311],[6.954202,50.233317],[6.956001,50.232224],[6.956011,50.231999],[6.956731,50.231562],[6.958482,50.231593],[6.958492,50.231368],[6.958852,50.23115],[6.958861,50.230925],[6.959221,50.230707],[6.959317,50.22846],[6.960037,50.228023],[6.959696,50.227792],[6.959725,50.227118],[6.959384,50.226887],[6.959394,50.226662],[6.958713,50.2262],[6.958362,50.226194],[6.958022,50.225963],[6.958031,50.225739],[6.95735,50.225277],[6.957369,50.224828],[6.957028,50.224597],[6.956678,50.224591],[6.955316,50.223667],[6.955364,50.222544],[6.955724,50.222325],[6.955743,50.221876],[6.956822,50.22122],[6.956841,50.220771],[6.957192,50.220777],[6.957911,50.22034],[6.958612,50.220352],[6.959331,50.219915],[6.959485,50.21632],[6.958804,50.215858],[6.958453,50.215852],[6.958113,50.215621],[6.957412,50.215609],[6.956731,50.215147],[6.956381,50.215141],[6.955359,50.214448],[6.955009,50.214442],[6.954669,50.214211],[6.954318,50.214205],[6.954328,50.21398],[6.953988,50.213749],[6.954016,50.213075],[6.953676,50.212845],[6.954036,50.212626],[6.954074,50.211727],[6.953734,50.211496],[6.953753,50.211047],[6.953412,50.210816],[6.953681,50.204524]]}},
{"type":"Feature","properties":{"STRM_VAL":1.0,"max_accum":22550.0,"color":"#8ab8e3","weight":1.75},"geometry":{"type":"LineString","coordinates":[[7.497438,50.260051],[7.497088,50.260047],[7.49673,50.260267],[7.496029,50.260258],[7.495685,50.260028],[7.49253,50.259988],[7.492172,50.260208],[7.491471,50.260199],[7.491113,50.260419],[7.491071,50.261767],[7.490713,50.261988],[7.491056,50.262217],[7.491021,50.263341],[7.490305,50.263781],[7.489955,50.263777],[7.489948,50.264001],[7.48959,50.264222],[7.489239,50.264217],[7.488881,50.264437],[7.488531,50.264433],[7.487458,50.265093],[7.487107,50.265089],[7.48496,50.26641],[7.48461,50.266405],[7.484252,50.266625],[7.483901,50.266621],[7.48247,50.267502],[7.481769,50.267492],[7.481425,50.267263],[7.480373,50.267249],[7.48003,50.26702],[7.479679,50.267015],[7.478963,50.267456],[7.478613,50.267451],[7.478255,50.267671],[7.477904,50.267667],[7.477561,50.267437],[7.477203,50.267658],[7.4758,50.267639],[7.474727,50.2683],[7.474719,50.268524],[7.474362,50.268745],[7.47434,50.269419],[7.474684,50.269648],[7.474676,50.269873],[7.47502,50.270102],[7.474962,50.2719],[7.475649,50.272359],[7.475635,50.272809],[7.475979,50.273038],[7.475964,50.273488],[7.476308,50.273717],[7.476265,50.275066],[7.476608,50.275295],[7.476601,50.27552],[7.476243,50.27574],[7.476215,50.276639],[7.475857,50.276859],[7.475506,50.276854],[7.474074,50.277735],[7.474067,50.27796],[7.473709,50.27818],[7.473702,50.278405],[7.473344,50.278625],[7.473337,50.27885],[7.472621,50.27929],[7.472614,50.279515],[7.471898,50.279955],[7.47184,50.281753],[7.472184,50.281982],[7.472177,50.282207],[7.47252,50.282437],[7.472506,50.282886],[7.473537,50.283574],[7.473529,50.283799],[7.474217,50.284258],[7.474209,50.284482],[7.474553,50.284712],[7.474904,50.284716],[7.475247,50.284946],[7.47524,50.285171],[7.475584,50.2854],[7.475577,50.285625],[7.47592,50.285854],[7.476271,50.285859],[7.476264,50.286083],[7.476951,50.286542],[7.477302,50.286547],[7.477989,50.287005],[7.47834,50.28701],[7.478684,50.287239],[7.479034,50.287244],[7.479378,50.287473],[7.479349,50.288372],[7.478991,50.288593],[7.478934,50.290391]]}},
{"type":"Feature","properties":{"STRM_VAL":1.0,"max_accum":7059822.0,"color":"#143d76","weight":4.69},"geometry":{"type":"LineString","coordinates":[[7.478934,50.290391],[7.478576,50.290611],[7.477524,50.290597],[7.477166,50.290817],[7.477158,50.291042],[7.475726,50.291923],[7.475719,50.292147],[7.476063,50.292377],[7.476414,50.292381],[7.476399,50.292831],[7.476041,50.293051],[7.47569,50.293046],[7.475003,50.292588],[7.473951,50.292574],[7.473607,50.292344],[7.473256,50.29234],[7.472912,50.292111],[7.472562,50.292106],[7.472218,50.291877],[7.471867,50.291872],[7.47118,50.291413],[7.469777,50.291395],[7.469418,50.291615],[7.469411,50.29184],[7.469755,50.292069],[7.469726,50.292968],[7.469368,50.293188],[7.469024,50.292959],[7.468323,50.29295],[7.467965,50.29317],[7.467957,50.293394],[7.466883,50.294055],[7.46548,50.294036],[7.465122,50.294256],[7.464771,50.294252],[7.464413,50.294472],[7.463711,50.294463],[7.463353,50.294683],[7.463002,50.294678],[7.462644,50.294898],[7.462637,50.295123]]}},
{"type":"Feature","properties":{"STRM_VAL":1.0,"max_accum":21995.0,"color":"#8ab9e4","weight":1.74},"geometry":{"type":"LineString","coordinates":[[7.341076,50.257924],[7.341418,50.258154],[7.34141,50.258378],[7.341753,50.258608],[7.341745,50.258833],[7.342088,50.259063],[7.342073,50.259512],[7.342415,50.259742],[7.3424,50.260191],[7.342743,50.260421],[7.342735,50.260646],[7.343078,50.260876],[7.34307,50.2611],[7.343755,50.26156],[7.343748,50.261785],[7.344449,50.261795],[7.345477,50.262484],[7.346178,50.262494],[7.346521,50.262724],[7.346513,50.262948],[7.346856,50.263178],[7.346841,50.263628],[7.346482,50.263847],[7.346474,50.264072],[7.345758,50.264512],[7.345407,50.264507],[7.34469,50.264946],[7.344682,50.265171],[7.343607,50.26583],[7.343592,50.26628],[7.343934,50.266509],[7.343927,50.266734],[7.344269,50.266964],[7.344262,50.267189],[7.343903,50.267408],[7.343888,50.267858],[7.343171,50.268297],[7.343155,50.268747],[7.343498,50.268977],[7.343849,50.268982],[7.344192,50.269211],[7.344184,50.269436],[7.344869,50.269896],[7.34522,50.269901],[7.345563,50.27013],[7.345914,50.270135],[7.346257,50.270365],[7.346607,50.27037],[7.34695,50.2706],[7.347301,50.270605],[7.347986,50.271064],[7.348337,50.271069],[7.34868,50.271299],[7.349031,50.271304],[7.349374,50.271534],[7.350426,50.271549],[7.350769,50.271778],[7.351119,50.271783],[7.351462,50.272013],[7.351813,50.272018],[7.352156,50.272248],[7.352506,50.272253],[7.352849,50.272482],[7.353901,50.272497],[7.354244,50.272727],[7.354595,50.272732],[7.354938,50.272962],[7.355639,50.272972],[7.355982,50.273201],[7.356684,50.273211],[7.357026,50.273441],[7.358079,50.273456],[7.35945,50.274375],[7.359801,50.27438],[7.360144,50.274609],[7.360136,50.274834],[7.360487,50.274839],[7.361173,50.275298],[7.361165,50.275523],[7.361851,50.275982],[7.361844,50.276207],[7.362872,50.276896],[7.363223,50.276901],[7.363909,50.277361],[7.363902,50.277585],[7.365617,50.278734],[7.366669,50.278749],[7.367012,50.278978]]}},
{"type":"Feature","properties":{"STRM_VAL":1.0,"max_accum":86475.0,"color":"#6e9cca","weight":2.44},"geometry":{"type":"LineString","coordinates":[[7.367012,50.278978],[7.367355,50.279208],[7.367347,50.279433],[7.368033,50.279892],[7.368384,50.279897],[7.36907,50.280356],[7.372227,50.280401],[7.37257,50.28063],[7.372562,50.280855],[7.373591,50.281544],[7.373545,50.282892],[7.374575,50.283581]]}},
{"type":"Feature","properties":{"STRM_VAL":1.0,"max_accum":99686.0,"color":"#6b98c7","weight":2.51},"geometry":{"type":"LineString","coordinates":[[7.374575,50.283581],[7.375604,50.28427],[7.375955,50.284275],[7.376641,50.284735],[7.377693,50.284749],[7.378037,50.284979],[7.378387,50.284984],[7.37873,50.285213],[7.379081,50.285218],[7.37944,50.284999],[7.37979,50.285003],[7.380134,50.285233],[7.380484,50.285238],[7.380827,50.285468],[7.38082,50.285692],[7.381163,50.285922],[7.381514,50.285927],[7.381857,50.286156],[7.382909,50.286171],[7.383252,50.286401],[7.383611,50.286181],[7.383962,50.286186],[7.385395,50.285306],[7.38541,50.284857],[7.385769,50.284637],[7.385776,50.284412],[7.386493,50.283972],[7.386844,50.283977],[7.387187,50.284207],[7.387889,50.284217],[7.388247,50.283997],[7.38859,50.284226],[7.388948,50.284006],[7.388956,50.283782],[7.389314,50.283562],[7.390016,50.283572],[7.390374,50.283352],[7.390725,50.283356],[7.391083,50.283137]]}},
{"type":"Feature","properties":{"STRM_VAL":1.0,"max_accum":131084.0,"color":"#6693c2","weight":2.65},"geometry":{"type":"LineString","coordinates":[[7.391083,50.283137],[7.392113,50.283825],[7.392471,50.283605],[7.392814,50.283835],[7.393516,50.283845],[7.394202,50.284304],[7.394561,50.284084],[7.395262,50.284094],[7.395606,50.284323],[7.395956,50.284328],[7.3963,50.284558],[7.39665,50.284563],[7.397337,50.285022],[7.397688,50.285027],[7.398046,50.284807],[7.398397,50.284812],[7.398755,50.284592],[7.400471,50.28574],[7.400822,50.285744],[7.401508,50.286204],[7.402561,50.286218],[7.402919,50.285998],[7.40327,50.286003],[7.403613,50.286232],[7.403964,50.286237],[7.404322,50.286017],[7.405024,50.286027],[7.405367,50.286257],[7.406069,50.286266],[7.406412,50.286496],[7.406763,50.286501],[7.407121,50.286281],[7.407823,50.28629],[7.408181,50.28607],[7.408532,50.286075],[7.40889,50.285855],[7.409592,50.285865],[7.40995,50.285645],[7.411002,50.285659],[7.41136,50.285439],[7.412764,50.285458],[7.413107,50.285688],[7.413458,50.285693],[7.414144,50.286152],[7.414846,50.286161],[7.416562,50.287309],[7.416913,50.287314],[7.417257,50.287543],[7.417607,50.287548],[7.418294,50.288007],[7.420048,50.288031],[7.420391,50.288261],[7.42075,50.288041],[7.422153,50.28806],[7.422511,50.28784],[7.422862,50.287844],[7.423578,50.287404],[7.423929,50.287409],[7.424287,50.287189],[7.424295,50.286964],[7.424646,50.286969],[7.425004,50.286749],[7.425705,50.286759],[7.427079,50.287677],[7.427072,50.287901],[7.427415,50.288131],[7.427773,50.287911],[7.427795,50.287237],[7.427452,50.287007],[7.428168,50.286567],[7.428519,50.286572],[7.428863,50.286801],[7.429915,50.286816],[7.430258,50.287045],[7.430975,50.286605],[7.430982,50.28638],[7.43134,50.28616],[7.432042,50.28617],[7.4324,50.28595],[7.433102,50.285959],[7.433445,50.286189],[7.433803,50.285969],[7.434147,50.286198],[7.434497,50.286203],[7.434483,50.286652],[7.43517,50.287111],[7.436222,50.287126],[7.436909,50.287584],[7.436901,50.287809],[7.437245,50.288039],[7.437238,50.288263],[7.437581,50.288493],[7.437932,50.288498],[7.439006,50.287838],[7.439708,50.287847],[7.440395,50.288306],[7.440373,50.28898],[7.440724,50.288985],[7.441067,50.289214],[7.441769,50.289224],[7.442799,50.289912],[7.44315,50.289917],[7.443493,50.290146],[7.443486,50.290371],[7.443128,50.290591],[7.443121,50.290816],[7.443808,50.291275],[7.4438,50.2915],[7.444502,50.291509],[7.444845,50.291738],[7.445196,50.291743],[7.44554,50.291972],[7.445891,50.291977],[7.446249,50.291757]]}},
{"type":"Feature","properties":{"STRM_VAL":1.0,"max_accum":7035765.0,"color":"#143d76","weight":4.69},"geometry":{"type":"LineString","coordinates":[[7.446249,50.291757],[7.4466,50.291762],[7.446958,50.291542],[7.447659,50.291551],[7.448003,50.291781],[7.450459,50.291813],[7.450802,50.292043],[7.451153,50.292047],[7.452586,50.291167],[7.453989,50.291186],[7.454347,50.290966],[7.455049,50.290975],[7.455407,50.290755],[7.455758,50.29076],[7.456116,50.290539],[7.457168,50.290553],[7.457161,50.290778],[7.457848,50.291237],[7.458901,50.291251],[7.459588,50.29171],[7.459946,50.29149],[7.459953,50.291265],[7.460304,50.29127],[7.460648,50.291499],[7.46064,50.291724],[7.460984,50.291953],[7.460977,50.292178],[7.46132,50.292407]]}},
{"type":"Feature","properties":{"STRM_VAL":1.0,"max_accum":23228.0,"color":"#89b8e3","weight":1.77},"geometry":{"type":"LineString","coordinates":[[6.743083,50.249645],[6.742382,50.249632],[6.741703,50.249169],[6.741002,50.249155],[6.740641,50.249373],[6.740301,50.249141],[6.73925,50.249121],[6.738889,50.249339],[6.738539,50.249332],[6.738178,50.24955],[6.737126,50.249529],[6.736787,50.249298],[6.736436,50.249291],[6.736075,50.249509],[6.735374,50.249495],[6.735013,50.249713],[6.732561,50.249665],[6.732221,50.249434],[6.73082,50.249406],[6.730459,50.249624],[6.729758,50.24961],[6.729036,50.250046],[6.728696,50.249815],[6.727613,50.250468],[6.727591,50.250917],[6.72723,50.251135],[6.727209,50.251584],[6.726848,50.251802],[6.726816,50.252476],[6.726094,50.252912],[6.726072,50.253361],[6.725711,50.253579],[6.72569,50.254028],[6.725329,50.254246],[6.725318,50.254471],[6.723873,50.255342],[6.723172,50.255328],[6.72245,50.255764],[6.720348,50.255723],[6.720008,50.255491],[6.718256,50.255457],[6.717916,50.255225],[6.717215,50.255211],[6.715517,50.254054],[6.715528,50.253829],[6.715188,50.253597],[6.715199,50.253373],[6.714859,50.253141],[6.71487,50.252916],[6.713851,50.252222],[6.713862,50.251997],[6.712843,50.251302],[6.712493,50.251296],[6.712153,50.251064],[6.711803,50.251057],[6.710784,50.250362],[6.710083,50.250349],[6.709064,50.249654],[6.708714,50.249647],[6.708374,50.249415],[6.708024,50.249408],[6.707663,50.249626],[6.706612,50.249605],[6.706272,50.249374],[6.705571,50.24936],[6.705232,50.249128],[6.705242,50.248904],[6.704563,50.248441],[6.704213,50.248434],[6.703534,50.247971],[6.702833,50.247957],[6.702154,50.247494],[6.701453,50.24748],[6.701114,50.247248],[6.700753,50.247466],[6.6983,50.247417],[6.697939,50.247635],[6.696888,50.247614]]}},
{"type":"Feature","properties":{"STRM_VAL":1.0,"max_accum":227688.0,"color":"#5b87b7","weight":2.94},"geometry":{"type":"LineString","coordinates":[[6.696888,50.247614],[6.695837,50.247593],[6.695848,50.247369],[6.695497,50.247362],[6.694818,50.246898],[6.694117,50.246885],[6.693778,50.246653],[6.693789,50.246428],[6.692091,50.24527],[6.691741,50.245263],[6.691763,50.244814]]}},
{"type":"Feature","properties":{"STRM_VAL":1.0,"max_accum":243761.0,"color":"#5985b6","weight":2.97},"geometry":{"type":"LineString","coordinates":[[6.691763,50.244814],[6.692124,50.244596],[6.692146,50.244147],[6.692507,50.243929],[6.692167,50.243698],[6.692178,50.243473],[6.69116,50.242778],[6.691182,50.242329],[6.691543,50.242111],[6.691597,50.240988],[6.691258,50.240756],[6.691312,50.239633],[6.691673,50.239415],[6.691727,50.238292],[6.691388,50.23806],[6.69142,50.237386],[6.691081,50.237155]]}},
{"type":"Feature","properties":{"STRM_VAL":1.0,"max_accum":41570.0,"color":"#7dabd8","weight":2.07},"geometry":{"type":"LineString","coordinates":[[6.980624,50.255142],[6.980634,50.254917],[6.981714,50.254261],[6.982064,50.254267],[6.982424,50.254048],[6.982775,50.254055],[6.983134,50.253836],[6.983835,50.253848],[6.984555,50.253411],[6.985256,50.253423],[6.985616,50.253204],[6.985967,50.25321],[6.986327,50.252992],[6.986336,50.252767],[6.986696,50.252549],[6.986705,50.252324],[6.987065,50.252105],[6.987075,50.25188],[6.988155,50.251225],[6.988505,50.251231],[6.988865,50.251012],[6.989916,50.25103],[6.990276,50.250812],[6.995533,50.250902],[6.995893,50.250684],[6.996243,50.25069],[6.996584,50.250921],[6.996556,50.251595],[6.996906,50.251601],[6.997248,50.251831],[7.000402,50.251886],[7.000761,50.251667],[7.001462,50.251679],[7.001822,50.25146],[7.005327,50.251521],[7.005668,50.251751],[7.006719,50.251769],[7.00706,50.252],[7.008462,50.252024],[7.008803,50.252255],[7.009154,50.252261],[7.009495,50.252492],[7.012649,50.252546],[7.01299,50.252776],[7.013691,50.252788],[7.014373,50.25325],[7.014724,50.253256],[7.015065,50.253486],[7.015766,50.253498],[7.016448,50.25396],[7.016799,50.253966],[7.01714,50.254196],[7.018542,50.25422],[7.019224,50.254682],[7.019574,50.254688],[7.019916,50.254918],[7.020266,50.254924],[7.020948,50.255386],[7.021299,50.255392],[7.02164,50.255622],[7.021612,50.256296],[7.021953,50.256527],[7.021935,50.256977],[7.022276,50.257207],[7.022267,50.257432],[7.022608,50.257663],[7.022599,50.257887],[7.02294,50.258118],[7.02293,50.258343],[7.023954,50.259035],[7.023945,50.259259],[7.024286,50.25949],[7.025338,50.259508],[7.026777,50.258633],[7.026786,50.258408],[7.027146,50.258189],[7.027847,50.258201],[7.028566,50.257764]]}},
{"type":"Feature","properties":{"STRM_VAL":1.0,"max_accum":82048.0,"color":"#6f9dcb","weight":2.41},"geometry":{"type":"LineString","coordinates":[[7.028566,50.257764],[7.028585,50.257314],[7.030024,50.256439],[7.030365,50.25667],[7.031066,50.256682],[7.031426,50.256463],[7.033179,50.256493],[7.03352,50.256723],[7.038076,50.256801],[7.038436,50.256582],[7.038787,50.256588],[7.039469,50.257049],[7.03982,50.257055],[7.040179,50.256836],[7.040521,50.257067],[7.041572,50.257084],[7.041932,50.256866],[7.042282,50.256871],[7.042642,50.256653],[7.042651,50.256428],[7.043011,50.256209],[7.043712,50.256221],[7.044053,50.256452],[7.044413,50.256233],[7.045114,50.256245],[7.045455,50.256475],[7.045806,50.256481],[7.046147,50.256712],[7.046138,50.256936],[7.04682,50.257398],[7.046802,50.257847],[7.046442,50.258066],[7.047466,50.258758],[7.047448,50.259207],[7.047789,50.259438],[7.04814,50.259444],[7.048131,50.259668],[7.048472,50.259899],[7.048463,50.260124],[7.049865,50.260147],[7.050548,50.260608],[7.050907,50.260389],[7.051249,50.26062],[7.051239,50.260845],[7.051581,50.261075],[7.051931,50.261081],[7.051922,50.261306],[7.052605,50.261767],[7.052956,50.261773],[7.052946,50.261998],[7.053288,50.262228],[7.053279,50.262453],[7.052919,50.262672],[7.052901,50.263121],[7.052541,50.26334],[7.052532,50.263565],[7.052172,50.263784],[7.052163,50.264008],[7.052504,50.264239],[7.052495,50.264464],[7.052135,50.264682],[7.052053,50.266705],[7.052394,50.266935],[7.052376,50.267385],[7.052016,50.267604],[7.052357,50.267834],[7.051998,50.268053],[7.051979,50.268503],[7.052321,50.268733],[7.052302,50.269183],[7.051943,50.269401],[7.051888,50.27075],[7.052229,50.27098],[7.05222,50.271205],[7.05186,50.271424],[7.051842,50.271873],[7.052525,50.272334],[7.052516,50.272559],[7.052857,50.27279],[7.052497,50.273009],[7.052839,50.273239],[7.053189,50.273245],[7.053872,50.273706],[7.053863,50.273931],[7.054546,50.274392],[7.054537,50.274617],[7.054878,50.274847],[7.054869,50.275072],[7.055211,50.275303],[7.055201,50.275527],[7.055543,50.275758],[7.055534,50.275983],[7.055875,50.276213],[7.055866,50.276438],[7.056208,50.276669],[7.056558,50.276674],[7.0569,50.276905],[7.056891,50.27713],[7.057592,50.277141],[7.057933,50.277372],[7.058284,50.277378],[7.058967,50.277839],[7.059668,50.277851],[7.06001,50.278081],[7.061413,50.278105],[7.061754,50.278335],[7.063157,50.278359],[7.063498,50.278589],[7.06455,50.278607],[7.064892,50.278837],[7.066295,50.278861],[7.068002,50.280013],[7.068353,50.280019]]}},
{"type":"Feature","properties":{"STRM_VAL":1.0,"max_accum":89334.0,"color":"#6e9bc9","weight":2.46},"geometry":{"type":"LineString","coordinates":[[7.068353,50.280019],[7.068704,50.280025],[7.069064,50.279806],[7.069747,50.280267],[7.070097,50.280273],[7.070439,50.280504]]}},
{"type":"Feature","properties":{"STRM_VAL":1.0,"max_accum":100796.0,"color":"#6b98c7","weight":2.52},"geometry":{"type":"LineString","coordinates":[[7.070439,50.280504],[7.07079,50.280509],[7.071149,50.28029],[7.071491,50.280521],[7.071473,50.28097],[7.074206,50.282815],[7.074197,50.283039],[7.077704,50.283097],[7.078045,50.283328]]}},
{"type":"Feature","properties":{"STRM_VAL":1.0,"max_accum":125033.0,"color":"#6794c3","weight":2.63},"geometry":{"type":"LineString","coordinates":[[7.078045,50.283328],[7.078729,50.283789],[7.078711,50.284238],[7.079736,50.28493],[7.080086,50.284936],[7.080428,50.285166],[7.080779,50.285172],[7.08112,50.285403],[7.081471,50.285408],[7.082496,50.2861],[7.082487,50.286325],[7.083171,50.286786],[7.083521,50.286791],[7.083863,50.287022],[7.084223,50.286803],[7.084573,50.286809],[7.08594,50.287731]]}},
{"type":"Feature","properties":{"STRM_VAL":1.0,"max_accum":146642.0,"color":"#6490c0","weight":2.71},"geometry":{"type":"LineString","coordinates":[[7.08594,50.287731],[7.086291,50.287736],[7.086633,50.287967],[7.086615,50.288416],[7.086966,50.288422],[7.087307,50.288653],[7.087658,50.288658],[7.088018,50.288439],[7.088359,50.28867],[7.090464,50.288705],[7.090824,50.288486],[7.090833,50.288261],[7.091192,50.288042],[7.091876,50.288503],[7.092236,50.288284],[7.095392,50.288336],[7.096418,50.289027],[7.096409,50.289252],[7.097092,50.289713],[7.097056,50.290612],[7.09774,50.291072],[7.098091,50.291078],[7.098433,50.291309],[7.098792,50.29109],[7.099134,50.29132],[7.099494,50.291101],[7.099503,50.290876],[7.099863,50.290657],[7.099898,50.289759],[7.100258,50.28954],[7.100276,50.28909],[7.101715,50.288214],[7.102065,50.28822],[7.102425,50.288001],[7.102776,50.288007],[7.103118,50.288237],[7.103819,50.288249],[7.104161,50.288479],[7.105915,50.288508],[7.106274,50.288289],[7.107327,50.288306],[7.108046,50.287868],[7.108388,50.288098],[7.108379,50.288323],[7.109063,50.288784],[7.109413,50.288789],[7.109755,50.28902],[7.110106,50.289026],[7.110448,50.289256],[7.110439,50.289481],[7.111464,50.290172],[7.111456,50.290397],[7.112823,50.291318],[7.112814,50.291543],[7.113156,50.291774],[7.113507,50.291779],[7.114191,50.29224],[7.116295,50.292274],[7.116655,50.292055],[7.117006,50.292061],[7.117365,50.291842],[7.117716,50.291847],[7.118076,50.291628],[7.118093,50.291179],[7.118453,50.29096],[7.118804,50.290966],[7.119163,50.290747],[7.120216,50.290764],[7.120558,50.290994],[7.120908,50.291],[7.121268,50.290781],[7.12197,50.290792],[7.122329,50.290573],[7.123732,50.290596],[7.124074,50.290826],[7.124776,50.290837],[7.125118,50.291068]]}},
{"type":"Feature","properties":{"STRM_VAL":1.0,"max_accum":174453.0,"color":"#608cbc","weight":2.8},"geometry":{"type":"LineString","coordinates":[[7.125118,50.291068],[7.12546,50.291298],[7.125819,50.291079],[7.12617,50.291085],[7.126512,50.291315],[7.126494,50.291764],[7.126845,50.29177],[7.127871,50.292461],[7.128222,50.292467],[7.128564,50.292697],[7.128914,50.292703],[7.129598,50.293164],[7.129239,50.293383],[7.129581,50.293613],[7.129932,50.293619],[7.130274,50.293849],[7.130256,50.294299],[7.130598,50.294529],[7.130949,50.294535],[7.131308,50.294315],[7.13165,50.294546],[7.132001,50.294551],[7.132343,50.294782],[7.133396,50.294799],[7.134115,50.294361],[7.134466,50.294366],[7.135185,50.293928],[7.135527,50.294158],[7.135877,50.294164],[7.135869,50.294389],[7.136211,50.294619],[7.13657,50.2944],[7.136921,50.294406],[7.137263,50.294636],[7.138666,50.294658],[7.139008,50.294889],[7.139359,50.294894],[7.139701,50.295125],[7.140052,50.29513],[7.140394,50.295361],[7.140034,50.29558],[7.140026,50.295804],[7.139666,50.296024],[7.14035,50.296484],[7.140341,50.296709],[7.140692,50.296715],[7.141376,50.297175],[7.141727,50.297181],[7.141718,50.297406],[7.14242,50.297417],[7.142762,50.297647],[7.143464,50.297658],[7.143806,50.297889],[7.144508,50.2979],[7.144867,50.297681],[7.145218,50.297686],[7.145577,50.297467]]}},
{"type":"Feature","properties":{"STRM_VAL":1.0,"max_accum":218648.0,"color":"#5b88b8","weight":2.91},"geometry":{"type":"LineString","coordinates":[[7.145577,50.297467],[7.145937,50.297248],[7.145946,50.297023],[7.146305,50.296804]]}},
{"type":"Feature","properties":{"STRM_VAL":1.0,"max_accum":21995.0,"color":"#8ab9e4","weight":1.74},"geometry":{"type":"LineString","coordinates":[[7.357421,50.261979],[7.358107,50.262438],[7.358457,50.262443],[7.358419,50.263567],[7.358761,50.263797],[7.358723,50.26492],[7.358006,50.26536],[7.357656,50.265355],[7.357297,50.265575],[7.356596,50.265565],[7.356519,50.267812],[7.357204,50.268272],[7.357197,50.268496],[7.35754,50.268726],[7.357532,50.268951],[7.358218,50.26941],[7.358202,50.26986],[7.358545,50.27009],[7.358537,50.270314],[7.360938,50.271922],[7.361639,50.271932],[7.361632,50.272157],[7.361975,50.272387],[7.362325,50.272391],[7.362668,50.272621],[7.36337,50.272631],[7.363713,50.272861],[7.364765,50.272876],[7.365108,50.273105],[7.365466,50.272885],[7.366152,50.273345],[7.366503,50.27335],[7.367189,50.273809],[7.36683,50.274029],[7.366823,50.274254],[7.367166,50.274483],[7.366807,50.274703],[7.367493,50.275162],[7.367486,50.275387],[7.367829,50.275617],[7.368179,50.275622],[7.368865,50.276081],[7.368858,50.276306],[7.369201,50.276536],[7.368842,50.276755],[7.368827,50.277205],[7.367393,50.278084],[7.367378,50.278534],[7.36702,50.278754],[7.367012,50.278978]]}},
{"type":"Feature","properties":{"STRM_VAL":1.0,"max_accum":100796.0,"color":"#6b98c7","weight":2.52},"geometry":{"type":"LineString","coordinates":[[7.080775,50.259088],[7.080748,50.259762],[7.080388,50.259981],[7.080038,50.259975],[7.07788,50.261289],[7.077871,50.261513],[7.077152,50.261951],[7.076802,50.261945],[7.076442,50.262164],[7.076424,50.262614],[7.076064,50.262833],[7.07601,50.264181],[7.074931,50.264838],[7.074581,50.264832],[7.073502,50.265488],[7.073483,50.265938],[7.073124,50.266157],[7.073097,50.266831],[7.072377,50.267269],[7.072368,50.267493],[7.072009,50.267712],[7.07199,50.268162],[7.072332,50.268392],[7.072314,50.268842],[7.072655,50.269072],[7.072637,50.269522],[7.072979,50.269752],[7.072961,50.270202],[7.073302,50.270432],[7.073239,50.272005],[7.072879,50.272224],[7.07287,50.272449],[7.07251,50.272668],[7.072474,50.273567],[7.072815,50.273797],[7.072806,50.274022],[7.076905,50.276788],[7.076896,50.277013],[7.077579,50.277474],[7.07722,50.277693],[7.077561,50.277923],[7.077552,50.278148],[7.078577,50.278839],[7.078559,50.279289],[7.078199,50.279508],[7.07819,50.279733],[7.07783,50.279951],[7.077812,50.280401],[7.078154,50.280631],[7.078045,50.283328]]}},
{"type":"Feature","properties":{"STRM_VAL":1.0,"max_accum":6897118.0,"color":"#153d77","weight":4.68},"geometry":{"type":"LineString","coordinates":[[7.431699,50.264579],[7.431706,50.264354],[7.431363,50.264125],[7.4314,50.263001],[7.432474,50.262341],[7.435629,50.262383],[7.435644,50.261934],[7.435301,50.261704],[7.435323,50.26103],[7.435681,50.26081],[7.436031,50.260815],[7.436389,50.260595],[7.436404,50.260145],[7.43712,50.259705],[7.437463,50.259935],[7.438515,50.259949],[7.439202,50.260408],[7.439552,50.260412],[7.440239,50.260871],[7.440597,50.260651],[7.440947,50.260656],[7.441305,50.260436],[7.442708,50.260455],[7.456441,50.269632],[7.456792,50.269637]]}},
{"type":"Feature","properties":{"STRM_VAL":1.0,"max_accum":89334.0,"color":"#6e9bc9","weight":2.46},"geometry":{"type":"LineString","coordinates":[[7.062079,50.261701],[7.062033,50.262824],[7.062716,50.263285],[7.062707,50.26351],[7.063048,50.263741],[7.063039,50.263965],[7.063381,50.264196],[7.063335,50.265319],[7.063677,50.26555],[7.063667,50.265775],[7.064009,50.266005],[7.064,50.26623],[7.064341,50.266461],[7.064323,50.26691],[7.064664,50.267141],[7.064655,50.267365],[7.065338,50.267826],[7.065329,50.268051],[7.065671,50.268282],[7.065634,50.26918],[7.065976,50.269411],[7.065616,50.26963],[7.065607,50.269855],[7.06629,50.270316],[7.066281,50.27054],[7.066622,50.270771],[7.066613,50.270996],[7.067979,50.271918],[7.06833,50.271924],[7.068321,50.272148],[7.068662,50.272379],[7.068626,50.273278],[7.068967,50.273508],[7.068931,50.274407],[7.069273,50.274638],[7.069254,50.275087],[7.069596,50.275318],[7.069578,50.275767],[7.069919,50.275998],[7.06991,50.276222],[7.070252,50.276453],[7.070179,50.278251],[7.069819,50.278469],[7.069765,50.279818],[7.070448,50.280279],[7.070439,50.280504]]}},
{"type":"Feature","properties":{"STRM_VAL":1.0,"max_accum":16967.0,"color":"#90bee9","weight":1.61},"geometry":{"type":"LineString","coordinates":[[7.309191,50.266908],[7.309175,50.267358],[7.310545,50.268277],[7.311597,50.268293],[7.311956,50.268073],[7.312641,50.268533],[7.313343,50.268543],[7.314028,50.269002],[7.314729,50.269013],[7.314721,50.269237],[7.315773,50.269253],[7.316116,50.269482],[7.316467,50.269488],[7.316809,50.269717],[7.31716,50.269722],[7.318188,50.270412],[7.318539,50.270417],[7.318882,50.270647],[7.319583,50.270657],[7.319926,50.270887],[7.320276,50.270892],[7.320619,50.271122],[7.32132,50.271132],[7.321663,50.271362],[7.322014,50.271367],[7.322357,50.271596],[7.322707,50.271602],[7.32305,50.271831],[7.323401,50.271836],[7.323743,50.272066],[7.324094,50.272071],[7.32478,50.272531],[7.32513,50.272536],[7.326502,50.273455],[7.326852,50.27346],[7.327195,50.27369],[7.328598,50.27371],[7.329283,50.27417],[7.329634,50.274175],[7.330663,50.274864],[7.331013,50.274869],[7.331356,50.275099]]}},
{"type":"Feature","properties":{"STRM_VAL":1.0,"max_accum":30969.0,"color":"#83b2dd","weight":1.92},"geometry":{"type":"LineString","coordinates":[[7.331356,50.275099],[7.331715,50.274879],[7.332057,50.275109],[7.334162,50.275139],[7.334504,50.275369],[7.334863,50.275149],[7.335564,50.275159],[7.335923,50.27494],[7.338728,50.27498],[7.339071,50.275209],[7.339422,50.275214],[7.339414,50.275439],[7.339757,50.275669],[7.34116,50.275689],[7.341846,50.276148],[7.344301,50.276183],[7.344643,50.276413],[7.346046,50.276433],[7.346389,50.276663],[7.346748,50.276443],[7.347434,50.276903],[7.347426,50.277127],[7.347776,50.277132],[7.348462,50.277592],[7.348813,50.277597],[7.348766,50.278945],[7.349109,50.279175],[7.349086,50.279849],[7.348727,50.280069],[7.348385,50.279839],[7.347668,50.280279],[7.346615,50.280264],[7.345898,50.280703],[7.346241,50.280933]]}},
{"type":"Feature","properties":{"STRM_VAL":1.0,"max_accum":60207.0,"color":"#76a3d1","weight":2.26},"geometry":{"type":"LineString","coordinates":[[7.346241,50.280933],[7.346927,50.281393],[7.346919,50.281617],[7.347262,50.281847],[7.347254,50.282072],[7.347956,50.282082],[7.348299,50.282312],[7.34865,50.282317],[7.349008,50.282097],[7.349351,50.282326],[7.350754,50.282346],[7.351097,50.282576],[7.351799,50.282586],[7.352142,50.282816],[7.352492,50.282821],[7.353178,50.28328],[7.354231,50.283295],[7.354574,50.283525],[7.354924,50.28353],[7.355267,50.283759],[7.355626,50.28354],[7.357029,50.28356],[7.357715,50.284019],[7.358074,50.283799],[7.358417,50.284029],[7.358775,50.283809],[7.359477,50.283819],[7.35982,50.284049],[7.36017,50.284054],[7.360155,50.284503],[7.360841,50.284963],[7.361192,50.284967],[7.361878,50.285427],[7.36749,50.285506],[7.368207,50.285066],[7.368558,50.285071],[7.369275,50.284631],[7.369626,50.284636],[7.369984,50.284417],[7.370335,50.284421],[7.370693,50.284202],[7.370701,50.283977],[7.371403,50.283987]]}},
{"type":"Feature","properties":{"STRM_VAL":1.0,"max_accum":86475.0,"color":"#6e9cca","weight":2.44},"geometry":{"type":"LineString","coordinates":[[7.371403,50.283987],[7.371753,50.283992],[7.37247,50.283552],[7.374575,50.283581]]}},
{"type":"Feature","properties":{"STRM_VAL":1.0,"max_accum":18121.0,"color":"#8ebde7","weight":1.64},"geometry":{"type":"LineString","coordinates":[[6.94037,50.261406],[6.939689,50.260944],[6.939338,50.260938],[6.937975,50.260014],[6.938014,50.259115],[6.937673,50.258884],[6.937731,50.257536],[6.938091,50.257318],[6.938188,50.255071],[6.938548,50.254852],[6.938568,50.254403],[6.938227,50.254172],[6.938587,50.253954],[6.938675,50.251931],[6.938334,50.2517],[6.938363,50.251026],[6.938723,50.250808],[6.938762,50.249909],[6.939122,50.249691],[6.939132,50.249466],[6.939492,50.249247],[6.939511,50.248798],[6.93917,50.248567],[6.93919,50.248118],[6.93955,50.247899],[6.93956,50.247674],[6.939219,50.247444],[6.939579,50.247225],[6.939608,50.246551],[6.939968,50.246333],[6.939978,50.246108],[6.939637,50.245877],[6.939657,50.245428],[6.938975,50.244966],[6.938625,50.244959],[6.938284,50.244729],[6.938294,50.244504],[6.937612,50.244042],[6.937622,50.243817],[6.937281,50.243586]]}},
{"type":"Feature","properties":{"STRM_VAL":1.0,"max_accum":23228.0,"color":"#89b8e3","weight":1.77},"geometry":{"type":"LineString","coordinates":[[6.692228,50.256966],[6.69295,50.256531],[6.692961,50.256306],[6.693311,50.256313],[6.693673,50.256096],[6.694023,50.256102],[6.694384,50.255885],[6.694395,50.25566],[6.695118,50.255225],[6.695819,50.255239],[6.697264,50.254368],[6.697274,50.254143],[6.697625,50.25415],[6.697986,50.253932],[6.697997,50.253708],[6.698358,50.25349],[6.698369,50.253265],[6.698029,50.253034],[6.698127,50.251012],[6.697787,50.25078],[6.697798,50.250556],[6.697459,50.250324],[6.69748,50.249875],[6.697141,50.249643],[6.697151,50.249418],[6.696812,50.249187],[6.696888,50.247614]]}},
{"type":"Feature","properties":{"STRM_VAL":1.0,"max_accum":15714.0,"color":"#91c0ea","weight":1.57},"geometry":{"type":"LineString","coordinates":[[6.539422,50.254505],[6.539772,50.254512],[6.540111,50.254744],[6.540099,50.254969],[6.540438,50.255201],[6.540788,50.255208],[6.541127,50.25544],[6.541828,50.255455],[6.542167,50.255687],[6.542517,50.255695],[6.542856,50.255927],[6.543557,50.255941],[6.543896,50.256173],[6.544246,50.256181],[6.544585,50.256413],[6.544935,50.25642],[6.545274,50.256652],[6.545624,50.25666],[6.545963,50.256892],[6.547014,50.256914],[6.547353,50.257146],[6.548054,50.257161],[6.548393,50.257393],[6.549094,50.257408],[6.549432,50.25764],[6.551885,50.257691],[6.552224,50.257923],[6.554326,50.257968],[6.555682,50.258896],[6.556032,50.258903],[6.55671,50.259367],[6.557061,50.259375],[6.557049,50.259599],[6.557388,50.259831],[6.557738,50.259839],[6.558077,50.260071],[6.558066,50.260295],[6.558405,50.260527],[6.558755,50.260535],[6.559094,50.260767],[6.559795,50.260781],[6.560473,50.261245]]}},
{"type":"Feature","properties":{"STRM_VAL":1.0,"max_accum":36671.0,"color":"#80aeda","weight":2.0},"geometry":{"type":"LineString","coordinates":[[6.560473,50.261245],[6.560823,50.261253],[6.561162,50.261485],[6.561513,50.261492],[6.561852,50.261724],[6.562202,50.261731],[6.562541,50.261963],[6.563242,50.261978],[6.563966,50.261543],[6.564316,50.261551],[6.56504,50.261116],[6.565379,50.261348],[6.565741,50.261131],[6.566091,50.261138],[6.566453,50.260921],[6.566803,50.260928],[6.568251,50.260059],[6.568601,50.260066],[6.568963,50.259849],[6.569664,50.259864],[6.569675,50.259639],[6.570037,50.259422],[6.570049,50.259197],[6.57041,50.25898],[6.571111,50.258995],[6.571473,50.258777],[6.571824,50.258785],[6.571858,50.258111],[6.572581,50.257676],[6.572639,50.256553],[6.574809,50.255249],[6.57447,50.255017],[6.574482,50.254792],[6.575205,50.254358]]}},
{"type":"Feature","properties":{"STRM_VAL":1.0,"max_accum":66390.0,"color":"#74a1cf","weight":2.31},"geometry":{"type":"LineString","coordinates":[[6.575205,50.254358],[6.575228,50.253908],[6.57455,50.253444],[6.57385,50.25343],[6.573861,50.253205],[6.572505,50.252277],[6.572517,50.252053],[6.571161,50.251125],[6.571172,50.2509],[6.570494,50.250436],[6.570563,50.249088],[6.569207,50.248161],[6.568857,50.248153],[6.568869,50.247929],[6.56853,50.247697],[6.569615,50.247045],[6.570316,50.247059],[6.570677,50.246842],[6.571378,50.246857],[6.57174,50.246639],[6.573141,50.246669],[6.574226,50.246017],[6.574576,50.246024],[6.574938,50.245807],[6.578441,50.24588],[6.579458,50.246576],[6.57982,50.246358],[6.581571,50.246395],[6.581933,50.246177],[6.582283,50.246185],[6.583007,50.24575],[6.584408,50.245779],[6.58477,50.245562],[6.58547,50.245576],[6.585832,50.245359],[6.586182,50.245366],[6.587629,50.244497],[6.58729,50.244265]]}},
{"type":"Feature","properties":{"STRM_VAL":1.0,"max_accum":99914.0,"color":"#6b98c7","weight":2.51},"geometry":{"type":"LineString","coordinates":[[6.60492,50.256323],[6.604976,50.2552],[6.605338,50.254983],[6.605349,50.254758],[6.605711,50.254541],[6.605722,50.254316],[6.605383,50.254084],[6.605033,50.254077],[6.605044,50.253852],[6.605406,50.253635],[6.605485,50.252062],[6.605146,50.25183],[6.605168,50.251381],[6.604829,50.251149],[6.604897,50.249801],[6.605258,50.249584],[6.605281,50.249135],[6.606365,50.248482],[6.606388,50.248033],[6.60675,50.247816],[6.606761,50.247591],[6.607484,50.247156],[6.607495,50.246932],[6.607857,50.246714],[6.607902,50.245816],[6.608263,50.245598],[6.608275,50.245374],[6.608998,50.244939],[6.609348,50.244946],[6.609359,50.244721],[6.610082,50.244286],[6.610094,50.244062],[6.610444,50.244069],[6.610806,50.243851],[6.611156,50.243859],[6.612602,50.242989],[6.612658,50.241866],[6.613743,50.241213],[6.613788,50.240315],[6.613449,50.240083]]}},
{"type":"Feature","properties":{"STRM_VAL":1.0,"max_accum":34283.0,"color":"#81afdb","weight":1.97},"geometry":{"type":"LineString","coordinates":[[7.108209,50.266059],[7.10855,50.266289],[7.109252,50.266301],[7.11096,50.267453],[7.110951,50.267677],[7.111293,50.267908],[7.111284,50.268133],[7.111626,50.268363],[7.111617,50.268588],[7.111959,50.268818],[7.11195,50.269043],[7.114,50.270425],[7.114351,50.270431],[7.115034,50.270892],[7.115385,50.270897],[7.11641,50.271589],[7.116401,50.271813],[7.11811,50.272965],[7.118101,50.27319],[7.119153,50.273207],[7.119495,50.273438],[7.119845,50.273443],[7.120187,50.273674],[7.120538,50.273679],[7.12088,50.27391],[7.121239,50.273691],[7.121581,50.273921],[7.12194,50.273702],[7.122642,50.273713]]}},
{"type":"Feature","properties":{"STRM_VAL":1.0,"max_accum":19828.0,"color":"#8dbbe6","weight":1.69},"geometry":{"type":"LineString","coordinates":[[6.851253,50.261816],[6.851273,50.261366],[6.851974,50.261379],[6.852695,50.260943],[6.853046,50.260949],[6.853406,50.260731],[6.853757,50.260737],[6.854838,50.260083],[6.855189,50.260089],[6.856631,50.259216],[6.856641,50.258992],[6.857342,50.259005],[6.857703,50.258786],[6.858053,50.258793],[6.858774,50.258356],[6.859475,50.258369],[6.859836,50.258151],[6.860186,50.258158],[6.860547,50.257939],[6.860557,50.257715],[6.860918,50.257496],[6.860928,50.257272],[6.861288,50.257054],[6.861989,50.257066],[6.86235,50.256848],[6.8627,50.256855],[6.863061,50.256636],[6.863761,50.256649],[6.864122,50.256431],[6.864472,50.256438],[6.865193,50.256001],[6.865203,50.255776],[6.865564,50.255558]]}},
{"type":"Feature","properties":{"STRM_VAL":1.0,"max_accum":37004.0,"color":"#80aeda","weight":2.01},"geometry":{"type":"LineString","coordinates":[[6.865564,50.255558],[6.865224,50.255327],[6.865234,50.255102],[6.863872,50.254178],[6.863882,50.253953],[6.863542,50.253722],[6.863191,50.253716],[6.86217,50.253022],[6.862531,50.252804],[6.86219,50.252573],[6.8622,50.252348],[6.862561,50.25213],[6.862581,50.25168],[6.862241,50.251449],[6.862601,50.251231],[6.862261,50.251],[6.862621,50.250782],[6.862631,50.250557],[6.862291,50.250326],[6.862311,50.249877],[6.862671,50.249658],[6.862722,50.248535],[6.862371,50.248528],[6.862381,50.248304],[6.86068,50.247148],[6.8607,50.246699],[6.860019,50.246236],[6.86038,50.246018],[6.86039,50.245794],[6.860049,50.245562],[6.86041,50.245344],[6.860069,50.245113],[6.8601,50.244439],[6.859759,50.244208],[6.86012,50.24399],[6.86014,50.24354],[6.8605,50.243322],[6.86051,50.243097],[6.860871,50.242879],[6.860921,50.241756],[6.860241,50.241293],[6.860271,50.240619],[6.85959,50.240157],[6.85924,50.240151],[6.8589,50.239919],[6.858199,50.239907],[6.857859,50.239675],[6.857508,50.239669],[6.857538,50.238995],[6.857198,50.238764],[6.857208,50.238539],[6.857569,50.238321],[6.857228,50.23809],[6.857269,50.237191],[6.85799,50.236754],[6.858,50.23653],[6.85835,50.236536],[6.859791,50.235663]]}},
{"type":"Feature","properties":{"STRM_VAL":1.0,"max_accum":271313.0,"color":"#5783b4","weight":3.03},"geometry":{"type":"LineString","coordinates":[[7.222471,50.268762],[7.221787,50.268302],[7.221436,50.268297],[7.22041,50.267606],[7.220059,50.267601],[7.220067,50.267376],[7.218014,50.265996],[7.217663,50.26599],[7.216637,50.2653],[7.216286,50.265295],[7.214917,50.264374],[7.214926,50.264149],[7.214584,50.263919],[7.214592,50.263695],[7.21425,50.263464],[7.214258,50.26324],[7.213916,50.26301],[7.213933,50.26256],[7.213591,50.26233],[7.213616,50.261656]]}},
{"type":"Feature","properties":{"STRM_VAL":1.0,"max_accum":19828.0,"color":"#8dbbe6","weight":1.69},"geometry":{"type":"LineString","coordinates":[[6.885042,50.267158],[6.885052,50.266933],[6.884712,50.266702],[6.884722,50.266477],[6.884381,50.266246],[6.884391,50.266022],[6.883369,50.265328],[6.883429,50.26398],[6.88379,50.263762],[6.883869,50.261964],[6.883519,50.261958],[6.883178,50.261727],[6.882127,50.261708],[6.881786,50.261477],[6.880384,50.261451],[6.879703,50.260989],[6.879002,50.260976],[6.878662,50.260745],[6.877961,50.260732],[6.87762,50.260501],[6.87727,50.260495],[6.876589,50.260033],[6.876238,50.260026],[6.875898,50.259795],[6.875547,50.259789],[6.874866,50.259327],[6.873815,50.259307],[6.872793,50.258614],[6.872443,50.258608],[6.872102,50.258377],[6.87035,50.258344],[6.87001,50.258113],[6.869659,50.258107],[6.868638,50.257414],[6.868648,50.257189],[6.867627,50.256495],[6.866575,50.256476],[6.865554,50.255783],[6.865564,50.255558]]}},
{"type":"Feature","properties":{"STRM_VAL":1.0,"max_accum":16967.0,"color":"#90bee9","weight":1.61},"geometry":{"type":"LineString","coordinates":[[7.308856,50.276348],[7.309215,50.276128],[7.31167,50.276164],[7.312387,50.275724],[7.313088,50.275735],[7.313774,50.276194],[7.315177,50.276215],[7.315519,50.276444],[7.316922,50.276465],[7.317265,50.276695],[7.317966,50.276705],[7.318652,50.277164],[7.319353,50.277175],[7.319712,50.276955],[7.321115,50.276975],[7.322143,50.277665],[7.322135,50.277889],[7.325292,50.277935],[7.32565,50.277715],[7.326001,50.27772],[7.32636,50.2775],[7.32671,50.277506],[7.327069,50.277286],[7.32742,50.277291],[7.328137,50.276851],[7.328488,50.276857],[7.329922,50.275978],[7.32993,50.275753],[7.331005,50.275094],[7.331356,50.275099]]}},
{"type":"Feature","properties":{"STRM_VAL":1.0,"max_accum":29610.0,"color":"#84b3de","weight":1.89},"geometry":{"type":"LineString","coordinates":[[7.526981,50.280217],[7.527325,50.280446],[7.527304,50.28112],[7.526946,50.28134],[7.526932,50.28179],[7.527276,50.282019],[7.527269,50.282244],[7.527613,50.282473],[7.527606,50.282698],[7.52795,50.282927],[7.527943,50.283152],[7.527585,50.283372],[7.527571,50.283822],[7.527214,50.284042],[7.526863,50.284038],[7.526856,50.284262],[7.526498,50.284483],[7.526491,50.284707],[7.526134,50.284928],[7.526127,50.285152],[7.525411,50.285593],[7.525383,50.286492],[7.526759,50.287409],[7.526752,50.287634],[7.52744,50.288092],[7.527426,50.288542],[7.52777,50.288771],[7.527749,50.289445],[7.527033,50.289886],[7.526332,50.289877],[7.525616,50.290318],[7.525609,50.290542],[7.525251,50.290763],[7.52521,50.292111],[7.524852,50.292332],[7.52415,50.292323],[7.523792,50.292543],[7.523442,50.292539],[7.523084,50.292759],[7.523077,50.292984],[7.522024,50.29297],[7.521666,50.293191],[7.521659,50.293415],[7.520586,50.294076],[7.520558,50.294975],[7.520902,50.295205],[7.520867,50.296328],[7.519794,50.296989],[7.51839,50.296971],[7.517674,50.297412],[7.517604,50.29966],[7.516531,50.30032],[7.516524,50.300545],[7.515092,50.301426],[7.515436,50.301656],[7.515429,50.30188],[7.516805,50.302797]]}},
{"type":"Feature","properties":{"STRM_VAL":1.0,"max_accum":7135188.0,"color":"#143d76","weight":4.7},"geometry":{"type":"LineString","coordinates":[[7.516805,50.302797],[7.516798,50.303022],[7.517142,50.303251],[7.517114,50.30415],[7.516756,50.304371],[7.5171,50.3046],[7.517065,50.305724],[7.516707,50.305944],[7.516693,50.306394],[7.515261,50.307275],[7.514208,50.307261],[7.51385,50.307481],[7.513836,50.307931],[7.514538,50.30794],[7.514882,50.308169],[7.515233,50.308174],[7.515577,50.308403]]}},
{"type":"Feature","properties":{"STRM_VAL":1.0,"max_accum":41570.0,"color":"#7dabd8","weight":2.07},"geometry":{"type":"LineString","coordinates":[[6.978717,50.275346],[6.979077,50.275128],[6.980479,50.275152],[6.980839,50.274934],[6.98119,50.27494],[6.98155,50.274721],[6.981901,50.274727],[6.982261,50.274508],[6.982962,50.274521],[6.983322,50.274302],[6.985777,50.274345],[6.986137,50.274126],[6.986478,50.274357],[6.986838,50.274138],[6.989292,50.274181],[6.989633,50.274411],[6.991387,50.274442],[6.991747,50.274223],[6.992097,50.274229],[6.992817,50.273792],[6.99422,50.273816],[6.99566,50.272941],[6.998465,50.27299],[6.998806,50.273221],[6.999157,50.273227],[6.999839,50.273688],[7.00054,50.2737],[7.001223,50.274162],[7.003677,50.274204],[7.004037,50.273985],[7.004738,50.273997],[7.005098,50.273778],[7.006851,50.273809],[7.007193,50.274039],[7.007543,50.274045],[7.007885,50.274276],[7.008586,50.274288],[7.008927,50.274519],[7.009628,50.274531],[7.00997,50.274761],[7.012424,50.274803],[7.012765,50.275034],[7.013116,50.27504],[7.013476,50.274821],[7.01593,50.274863],[7.01629,50.274645],[7.016641,50.274651],[7.017001,50.274432],[7.017702,50.274444],[7.018062,50.274225],[7.018081,50.273776],[7.018441,50.273557],[7.01845,50.273332],[7.018801,50.273338],[7.018903,50.270867],[7.019263,50.270648],[7.019614,50.270654],[7.019974,50.270435],[7.020324,50.270441],[7.021044,50.270004],[7.021053,50.269779],[7.021413,50.26956],[7.021432,50.269111],[7.022152,50.268673],[7.02181,50.268443],[7.02182,50.268218],[7.02218,50.267999],[7.02253,50.268005],[7.022872,50.268236],[7.023591,50.267798],[7.024643,50.267816],[7.025723,50.26716],[7.025751,50.266486],[7.02611,50.266267],[7.025769,50.266036],[7.025788,50.265587],[7.026507,50.265149],[7.026517,50.264925],[7.026877,50.264706],[7.026895,50.264257],[7.027615,50.263819],[7.027698,50.261797],[7.028058,50.261578],[7.028077,50.261129],[7.027735,50.260898],[7.027745,50.260673],[7.028464,50.260236],[7.028474,50.260011],[7.028833,50.259792],[7.028852,50.259343],[7.029572,50.258905],[7.029581,50.258681],[7.02923,50.258675],[7.028889,50.258444],[7.028898,50.258219],[7.028557,50.257989],[7.028566,50.257764]]}},
{"type":"Feature","properties":{"STRM_VAL":1.0,"max_accum":99686.0,"color":"#6b98c7","weight":2.51},"geometry":{"type":"LineString","coordinates":[[7.390069,50.281998],[7.389711,50.282218],[7.389703,50.282443],[7.390046,50.282672],[7.390039,50.282897],[7.39074,50.282907],[7.391083,50.283137]]}},
{"type":"Feature","properties":{"STRM_VAL":1.0,"max_accum":15714.0,"color":"#91c0ea","weight":1.57},"geometry":{"type":"LineString","coordinates":[[6.543283,50.268079],[6.546087,50.268138],[6.546449,50.267921],[6.54715,50.267936],[6.547512,50.267719],[6.547862,50.267726],[6.548224,50.267509],[6.548925,50.267524],[6.549649,50.267089],[6.549999,50.267097],[6.550361,50.266879],[6.550712,50.266887],[6.551074,50.266669],[6.551085,50.266445],[6.551447,50.266228],[6.551505,50.265104],[6.551867,50.264887],[6.551925,50.263764],[6.551586,50.263532],[6.551948,50.263315],[6.551959,50.26309],[6.552683,50.262656],[6.552695,50.262431],[6.553045,50.262438],[6.554131,50.261787],[6.554481,50.261794],[6.554843,50.261577],[6.555194,50.261584],[6.555555,50.261367],[6.556256,50.261381],[6.557704,50.260512],[6.558054,50.26052],[6.558393,50.260752],[6.558744,50.260759],[6.559083,50.260991],[6.559784,50.261006],[6.560122,50.261238],[6.560473,50.261245]]}},
{"type":"Feature","properties":{"STRM_VAL":1.0,"max_accum":16710.0,"color":"#90bfe9","weight":1.6},"geometry":{"type":"LineString","coordinates":[[7.535584,50.285722],[7.535234,50.285717],[7.53489,50.285488],[7.533136,50.285466],[7.532778,50.285686],[7.532427,50.285682],[7.53207,50.285902],[7.532021,50.287476],[7.531663,50.287696],[7.53165,50.288145],[7.530934,50.288586],[7.530583,50.288582],[7.529868,50.289022],[7.529854,50.289472],[7.530198,50.289701],[7.530191,50.289926],[7.530535,50.290155],[7.530521,50.290605],[7.529805,50.291045],[7.529771,50.292169],[7.529413,50.292389],[7.529406,50.292614],[7.529048,50.292834],[7.529021,50.293734],[7.529708,50.294192],[7.529701,50.294417],[7.530045,50.294646],[7.530038,50.294871],[7.530726,50.295329],[7.530713,50.295779],[7.529997,50.296219],[7.529646,50.296215],[7.529632,50.296664],[7.529274,50.296885],[7.529267,50.297109],[7.52891,50.29733],[7.528559,50.297325],[7.528531,50.298224],[7.528173,50.298445],[7.52712,50.298431]]}},
{"type":"Feature","properties":{"STRM_VAL":1.0,"max_accum":29610.0,"color":"#84b3de","weight":1.89},"geometry":{"type":"LineString","coordinates":[[7.52712,50.298431],[7.525717,50.298414],[7.525359,50.298634],[7.525008,50.298629],[7.52465,50.29885],[7.523247,50.298832],[7.522889,50.299052],[7.521836,50.299039],[7.521822,50.299488],[7.521106,50.299929],[7.520756,50.299925],[7.52004,50.300365],[7.519689,50.300361],[7.519675,50.30081],[7.519317,50.301031],[7.51931,50.301255],[7.518959,50.301251],[7.518601,50.301471],[7.51825,50.301467],[7.516819,50.302348],[7.516805,50.302797]]}},
{"type":"Feature","properties":{"STRM_VAL":1.0,"max_accum":22550.0,"color":"#8ab8e3","weight":1.75},"geometry":{"type":"LineString","coordinates":[[7.48275,50.29179],[7.482063,50.291331],[7.48207,50.291106],[7.481039,50.290418],[7.480688,50.290414],[7.480345,50.290184],[7.479292,50.29017],[7.478934,50.290391]]}},
{"type":"Feature","properties":{"STRM_VAL":1.0,"max_accum":30969.0,"color":"#83b2dd","weight":1.92},"geometry":{"type":"LineString","coordinates":[[7.321716,50.289801],[7.32312,50.289821],[7.323478,50.289601],[7.32418,50.289611],[7.324539,50.289392],[7.324889,50.289397],[7.325232,50.289627],[7.325583,50.289632],[7.325942,50.289412],[7.326643,50.289422],[7.327002,50.289202],[7.327704,50.289212],[7.328062,50.288993],[7.328413,50.288998],[7.328772,50.288778],[7.329123,50.288783],[7.32984,50.288344],[7.329848,50.288119],[7.331282,50.28724],[7.331633,50.287245],[7.331992,50.287025],[7.333395,50.287046],[7.334112,50.286606],[7.33412,50.286381],[7.335196,50.285722],[7.335547,50.285727],[7.335905,50.285508],[7.336256,50.285513],[7.336615,50.285293],[7.337667,50.285308],[7.33801,50.285538],[7.338711,50.285548],[7.33907,50.285328],[7.340122,50.285343],[7.340839,50.284904],[7.34119,50.284909],[7.341549,50.284689],[7.3419,50.284694],[7.342258,50.284474],[7.342282,50.2838],[7.341939,50.28357],[7.341946,50.283345],[7.341245,50.283335],[7.340902,50.283106],[7.34091,50.282881],[7.340567,50.282651],[7.340575,50.282426],[7.340933,50.282207],[7.341284,50.282212],[7.341643,50.281992],[7.342695,50.282007],[7.343053,50.281787],[7.343404,50.281792],[7.344838,50.280913],[7.346241,50.280933]]}},
{"type":"Feature","properties":{"STRM_VAL":1.0,"max_accum":169842.0,"color":"#618dbd","weight":2.79},"geometry":{"type":"LineString","coordinates":[[6.638193,50.278593],[6.638554,50.278375],[6.638577,50.277926],[6.637898,50.277462],[6.637931,50.276788],[6.638293,50.276571],[6.638632,50.276803],[6.638994,50.276585],[6.639344,50.276592],[6.640068,50.276157],[6.64009,50.275708],[6.640452,50.27549]]}},
{"type":"Feature","properties":{"STRM_VAL":1.0,"max_accum":189649.0,"color":"#5e8bbb","weight":2.84},"geometry":{"type":"LineString","coordinates":[[6.640452,50.27549],[6.640485,50.274816],[6.640146,50.274585],[6.640168,50.274135],[6.640529,50.273918],[6.64088,50.273925],[6.641242,50.273707],[6.641275,50.273033],[6.641637,50.272816],[6.641297,50.272584],[6.643467,50.271279],[6.643806,50.271511],[6.644891,50.270858],[6.645242,50.270865],[6.645603,50.270648],[6.645954,50.270655],[6.646315,50.270437],[6.646666,50.270444],[6.647027,50.270227],[6.647378,50.270234],[6.647739,50.270016],[6.648791,50.270038],[6.649153,50.26982],[6.651606,50.26987],[6.651968,50.269652],[6.65199,50.269203],[6.652351,50.268985],[6.652373,50.268536],[6.652735,50.268318],[6.652757,50.267869],[6.652078,50.267406],[6.651728,50.267398],[6.651388,50.267167],[6.651038,50.26716],[6.650698,50.266928],[6.650732,50.266254],[6.650392,50.266022],[6.650425,50.265348],[6.650787,50.265131],[6.651137,50.265138],[6.652222,50.264485],[6.652901,50.264949],[6.653262,50.264731],[6.655015,50.264766],[6.655037,50.264317],[6.655398,50.264099],[6.655738,50.264331],[6.656088,50.264338],[6.65645,50.264121]]}},
{"type":"Feature","properties":{"STRM_VAL":1.0,"max_accum":227688.0,"color":"#5b87b7","weight":2.94},"geometry":{"type":"LineString","coordinates":[[6.65645,50.264121],[6.656811,50.263903],[6.656472,50.263671],[6.656833,50.263454],[6.656855,50.263004],[6.656516,50.262773],[6.656527,50.262548],[6.656187,50.262316],[6.656198,50.262092],[6.65656,50.261874],[6.656571,50.261649],[6.656932,50.261432],[6.656943,50.261207],[6.657666,50.260772],[6.657721,50.259649],[6.658083,50.259431],[6.658105,50.258982],[6.658466,50.258764],[6.658477,50.25854],[6.660285,50.257452],[6.660296,50.257227],[6.66138,50.256574],[6.661719,50.256806],[6.66207,50.256813],[6.662793,50.256378],[6.662804,50.256153],[6.663154,50.25616],[6.663515,50.255943],[6.663866,50.25595],[6.664589,50.255514],[6.666341,50.25555],[6.666702,50.255332],[6.666713,50.255107],[6.667074,50.25489],[6.667107,50.254216],[6.666428,50.253752],[6.66645,50.253303],[6.666111,50.253071],[6.666133,50.252622],[6.666856,50.252187],[6.667907,50.252208],[6.668246,50.25244],[6.667885,50.252657],[6.667874,50.252882],[6.668213,50.253114],[6.668564,50.253121],[6.668903,50.253352],[6.669264,50.253135],[6.670316,50.253156],[6.670677,50.252938],[6.670688,50.252714],[6.670348,50.252482],[6.67071,50.252264],[6.67106,50.252271],[6.671783,50.251836],[6.672133,50.251843],[6.672495,50.251625],[6.672506,50.251401],[6.672867,50.251183],[6.672889,50.250734],[6.672549,50.250502],[6.672659,50.248256],[6.674104,50.247385],[6.674454,50.247392],[6.674816,50.247174],[6.675867,50.247195],[6.676228,50.246978],[6.676578,50.246985],[6.67694,50.246767],[6.67729,50.246774],[6.677651,50.246556],[6.678002,50.246563],[6.678724,50.246128],[6.679074,50.246135],[6.679436,50.245917],[6.679786,50.245924],[6.680147,50.245707],[6.680498,50.245714],[6.680859,50.245496],[6.681209,50.245503],[6.68157,50.245285],[6.681921,50.245292],[6.682282,50.245075],[6.683333,50.245096],[6.683672,50.245327],[6.684023,50.245334],[6.684384,50.245117],[6.684723,50.245348],[6.685085,50.245131],[6.685435,50.245138],[6.685796,50.24492],[6.686147,50.244927],[6.686825,50.24539],[6.687176,50.245397],[6.687515,50.245629],[6.688917,50.245657],[6.689256,50.245888],[6.689606,50.245895],[6.689946,50.246127],[6.69103,50.245474],[6.69104,50.245249],[6.691763,50.244814]]}},
{"type":"Feature","properties":{"STRM_VAL":1.0,"max_accum":25928.0,"color":"#87b5e1","weight":1.82},"geometry":{"type":"LineString","coordinates":[[7.008678,50.288906],[7.009038,50.288687],[7.009739,50.288699],[7.010099,50.28848],[7.010801,50.288492],[7.012241,50.287618],[7.012592,50.287624],[7.013672,50.286968],[7.014023,50.286974],[7.014743,50.286536],[7.015094,50.286542],[7.015454,50.286323],[7.016155,50.286335],[7.016515,50.286117],[7.016866,50.286123],[7.017226,50.285904],[7.017927,50.285916],[7.018287,50.285697],[7.018989,50.285709],[7.01933,50.28594],[7.020032,50.285952],[7.020373,50.286182],[7.021425,50.2862],[7.021785,50.285982],[7.022127,50.286212],[7.022828,50.286224],[7.023188,50.286006],[7.023539,50.286011],[7.024619,50.285355],[7.024628,50.285131],[7.024988,50.284912],[7.025339,50.284918],[7.025699,50.284699],[7.027102,50.284723],[7.027443,50.284953],[7.027803,50.284735],[7.028144,50.284965],[7.028495,50.284971],[7.029178,50.285433],[7.029879,50.285445],[7.030221,50.285675],[7.032325,50.285711],[7.032685,50.285492],[7.034439,50.285522],[7.034799,50.285303],[7.035149,50.285309],[7.035509,50.28509],[7.03586,50.285096],[7.03622,50.284877],[7.036921,50.284889],[7.037281,50.28467],[7.037291,50.284446],[7.038693,50.284469],[7.039053,50.284251],[7.039755,50.284262],[7.040096,50.284493],[7.040456,50.284274],[7.040798,50.284505],[7.041499,50.284517],[7.04184,50.284747],[7.043594,50.284777],[7.043954,50.284558],[7.045707,50.284587],[7.046067,50.284369],[7.046418,50.284375],[7.046778,50.284156],[7.04783,50.284173],[7.04819,50.283955],[7.048541,50.283961],[7.04926,50.283523],[7.049962,50.283535],[7.050322,50.283316],[7.050672,50.283322],[7.051032,50.283103],[7.053487,50.283144],[7.053847,50.282925],[7.057003,50.282978],[7.057363,50.282759],[7.057705,50.28299],[7.058065,50.282771],[7.059117,50.282788],[7.059477,50.28257],[7.059827,50.282575],[7.060187,50.282357],[7.060538,50.282362],[7.060898,50.282144],[7.061239,50.282374],[7.06159,50.28238],[7.06195,50.282161],[7.063002,50.282179],[7.063362,50.28196],[7.063371,50.281735],[7.064773,50.281758]]}},
{"type":"Feature","properties":{"STRM_VAL":1.0,"max_accum":82048.0,"color":"#6f9dcb","weight":2.41},"geometry":{"type":"LineString","coordinates":[[7.064773,50.281758],[7.064783,50.281534],[7.065133,50.28154],[7.065493,50.281321],[7.066194,50.281332],[7.068353,50.280019]]}},
{"type":"Feature","properties":{"STRM_VAL":1.0,"max_accum":16710.0,"color":"#90bfe9","weight":1.6},"geometry":{"type":"LineString","coordinates":[[7.545057,50.297308],[7.544356,50.297299],[7.543282,50.297961],[7.542932,50.297956],[7.542574,50.298177],[7.542223,50.298172],[7.541507,50.298613],[7.541156,50.298608],[7.540083,50.29927],[7.537978,50.299243],[7.537262,50.299684],[7.536918,50.299455],[7.536567,50.29945],[7.535852,50.299891],[7.535501,50.299886],[7.534427,50.300547],[7.534771,50.300777],[7.534413,50.300997],[7.534062,50.300993],[7.533718,50.300763],[7.533368,50.300759],[7.533024,50.30053],[7.532322,50.300521],[7.531978,50.300292],[7.531627,50.300287],[7.531283,50.300058],[7.530932,50.300054],[7.529556,50.299137],[7.528152,50.299119],[7.527808,50.29889],[7.527457,50.298885],[7.527464,50.298661],[7.52712,50.298431]]}},
{"type":"Feature","properties":{"STRM_VAL":1.0,"max_accum":17782.0,"color":"#8fbde8","weight":1.63},"geometry":{"type":"LineString","coordinates":[[7.289831,50.298105],[7.290182,50.298111],[7.290524,50.29834],[7.290875,50.298346],[7.291218,50.298575],[7.292972,50.298601],[7.293315,50.298831],[7.294017,50.298841],[7.294702,50.299301],[7.295404,50.299312],[7.295747,50.299541],[7.296449,50.299552],[7.296792,50.299782],[7.297493,50.299792],[7.297836,50.300022],[7.298538,50.300032],[7.298881,50.300262],[7.300986,50.300293],[7.301345,50.300073],[7.301353,50.299848],[7.30243,50.299189],[7.303131,50.2992],[7.303849,50.29876],[7.3042,50.298766],[7.305994,50.297667],[7.306337,50.297897],[7.307389,50.297913],[7.307732,50.298143],[7.308091,50.297923],[7.309144,50.297938],[7.309487,50.298168],[7.310539,50.298183],[7.311225,50.298643],[7.311584,50.298423],[7.312987,50.298444],[7.313346,50.298224],[7.314399,50.298239],[7.314757,50.29802],[7.314773,50.29757],[7.315132,50.297351],[7.315475,50.29758],[7.316193,50.297141],[7.317596,50.297161],[7.317955,50.296942],[7.318306,50.296947],[7.318314,50.296722],[7.318672,50.296502],[7.319015,50.296732],[7.319717,50.296742],[7.32006,50.296972],[7.320411,50.296977],[7.320403,50.297202],[7.321105,50.297212],[7.321448,50.297442],[7.321798,50.297447],[7.322516,50.297008]]}},
{"type":"Feature","properties":{"STRM_VAL":1.0,"max_accum":60207.0,"color":"#76a3d1","weight":2.26},"geometry":{"type":"LineString","coordinates":[[7.322516,50.297008],[7.322875,50.296788],[7.323218,50.297018],[7.323568,50.297023],[7.323927,50.296803],[7.324278,50.296808],[7.324637,50.296589],[7.324988,50.296594],[7.325346,50.296374],[7.326048,50.296384],[7.326407,50.296164],[7.327459,50.29618],[7.327818,50.29596],[7.32852,50.29597],[7.328863,50.2962],[7.328855,50.296424],[7.329557,50.296435],[7.329915,50.296215],[7.331319,50.296235],[7.332036,50.295796],[7.332044,50.295571],[7.332403,50.295351],[7.332458,50.293778],[7.332816,50.293558],[7.332879,50.29176],[7.335748,50.290002],[7.336099,50.290008],[7.336442,50.290237],[7.337144,50.290247],[7.337487,50.290477],[7.337838,50.290482],[7.338524,50.290942],[7.339927,50.290962],[7.340285,50.290742],[7.34034,50.289169],[7.338968,50.28825],[7.338976,50.288025],[7.338633,50.287795],[7.33935,50.287356],[7.339701,50.287361],[7.34006,50.287141],[7.340761,50.287151],[7.341104,50.287381],[7.341455,50.287386],[7.341798,50.287616],[7.342149,50.287621],[7.342492,50.28785],[7.343193,50.28786],[7.343536,50.28809],[7.344238,50.2881],[7.344955,50.287661],[7.344963,50.287436],[7.34568,50.286996],[7.348486,50.287036],[7.349172,50.287496],[7.349523,50.287501],[7.349866,50.28773],[7.350217,50.287735],[7.350934,50.287296],[7.351285,50.287301],[7.351643,50.287081],[7.351986,50.287311],[7.352688,50.287321],[7.353031,50.28755],[7.353382,50.287555],[7.353725,50.287785],[7.354777,50.2878],[7.355463,50.288259],[7.355814,50.288264],[7.3565,50.288724],[7.362113,50.288803],[7.362456,50.289033],[7.363158,50.289043],[7.363516,50.288823],[7.36527,50.288847],[7.365613,50.289077],[7.366666,50.289092],[7.367009,50.289322],[7.36771,50.289331],[7.368069,50.289112],[7.368077,50.288887],[7.369869,50.287788],[7.37022,50.287793],[7.370578,50.287573],[7.370586,50.287348],[7.370944,50.287128],[7.370601,50.286899],[7.370609,50.286674],[7.369923,50.286215],[7.37064,50.285775],[7.369953,50.285316],[7.369969,50.284866],[7.371403,50.283987]]}},
{"type":"Feature","properties":{"STRM_VAL":1.0,"max_accum":36671.0,"color":"#80aeda","weight":2.0},"geometry":{"type":"LineString","coordinates":[[6.546869,50.287045],[6.550375,50.287119],[6.550737,50.286901],[6.551088,50.286909],[6.55145,50.286692],[6.5518,50.286699],[6.552163,50.286482],[6.552513,50.286489],[6.554324,50.285403],[6.554335,50.285178],[6.553996,50.284946],[6.554031,50.284272],[6.554393,50.284055],[6.554404,50.28383],[6.554767,50.283613],[6.554778,50.283388],[6.55514,50.283171],[6.555152,50.282947],[6.555514,50.282729],[6.555525,50.282505],[6.556249,50.28207],[6.55591,50.281838],[6.555922,50.281613],[6.556284,50.281396],[6.556307,50.280947],[6.556669,50.28073],[6.55702,50.280737],[6.557382,50.28052],[6.557732,50.280527],[6.558094,50.28031],[6.558445,50.280317],[6.560255,50.279231],[6.560606,50.279238],[6.560968,50.279021],[6.561318,50.279028],[6.56168,50.278811],[6.562381,50.278826],[6.56272,50.279058],[6.563071,50.279065],[6.563433,50.278848],[6.564134,50.278863],[6.564496,50.278645],[6.564847,50.278653],[6.565186,50.278885],[6.565536,50.278892],[6.565875,50.279124],[6.566237,50.278907],[6.567289,50.278929],[6.567651,50.278711],[6.569053,50.278741],[6.569777,50.278306],[6.570128,50.278313],[6.57049,50.278096],[6.57084,50.278103],[6.571202,50.277886],[6.572254,50.277908],[6.57334,50.277256],[6.573351,50.277032],[6.574075,50.276597],[6.574087,50.276372],[6.574788,50.276387],[6.575874,50.275735],[6.575931,50.274612],[6.576655,50.274177],[6.576689,50.273503],[6.577051,50.273286],[6.577096,50.272387],[6.578182,50.271735],[6.578193,50.271511],[6.579279,50.270859],[6.579336,50.269735],[6.581146,50.268649],[6.580806,50.268417],[6.580818,50.268192],[6.581168,50.268199],[6.582978,50.267113],[6.582989,50.266888],[6.583351,50.266671],[6.583374,50.266221],[6.582356,50.265526],[6.582006,50.265518],[6.581667,50.265286],[6.581678,50.265062],[6.581339,50.26483],[6.581362,50.264381],[6.581724,50.264163],[6.581735,50.263939],[6.580718,50.263243],[6.58108,50.263025],[6.581102,50.262576],[6.580424,50.262112],[6.580786,50.261895],[6.580798,50.26167],[6.580119,50.261206],[6.580131,50.260982],[6.580493,50.260764],[6.580504,50.26054],[6.580165,50.260308],[6.580176,50.260083],[6.579837,50.259851],[6.579849,50.259627],[6.580211,50.259409],[6.580279,50.258061],[6.57994,50.25783],[6.579951,50.257605],[6.579612,50.257373],[6.579624,50.257148],[6.578268,50.256221],[6.577917,50.256213],[6.577239,50.255749],[6.577251,50.255525],[6.5769,50.255517],[6.575205,50.254358]]}},
{"type":"Feature","properties":{"STRM_VAL":1.0,"max_accum":25928.0,"color":"#87b5e1","weight":1.82},"geometry":{"type":"LineString","coordinates":[[7.032517,50.298082],[7.033597,50.297425],[7.033643,50.296302],[7.035083,50.295427],[7.036136,50.295444],[7.036496,50.295226],[7.037197,50.295238],[7.037557,50.295019],[7.038259,50.295031],[7.038619,50.294812],[7.039671,50.29483],[7.040031,50.294611],[7.040733,50.294623],[7.041093,50.294404],[7.041444,50.29441],[7.041804,50.294191],[7.042505,50.294203],[7.044305,50.293109],[7.044656,50.293115],[7.045016,50.292896],[7.045718,50.292908],[7.046078,50.292689],[7.04713,50.292707],[7.04749,50.292488],[7.047841,50.292494],[7.04856,50.292056],[7.048911,50.292062],[7.049991,50.291405],[7.05,50.291181],[7.05072,50.290743],[7.051071,50.290749],[7.052511,50.289874],[7.052861,50.289879],[7.053221,50.289661],[7.053923,50.289672],[7.053932,50.289448],[7.054283,50.289454],[7.054643,50.289235],[7.054993,50.289241],[7.055353,50.289022],[7.056055,50.289033],[7.057494,50.288158],[7.057503,50.287933],[7.058223,50.287496],[7.058232,50.287271],[7.058592,50.287052],[7.058601,50.286827],[7.060401,50.285733],[7.061102,50.285745],[7.062542,50.284869],[7.062551,50.284645],[7.06291,50.284426],[7.062929,50.283976],[7.063289,50.283758],[7.063307,50.283308],[7.064386,50.282651],[7.064414,50.281977],[7.064773,50.281758]]}},
{"type":"Feature","properties":{"STRM_VAL":1.0,"max_accum":158894.0,"color":"#628ebe","weight":2.75},"geometry":{"type":"LineString","coordinates":[[6.563503,50.291218],[6.563854,50.291225],[6.564216,50.291008],[6.564566,50.291015],[6.565653,50.290363],[6.566003,50.29037],[6.567452,50.289501],[6.567463,50.289277],[6.568187,50.288842],[6.568199,50.288617],[6.56786,50.288385],[6.567871,50.288161],[6.568233,50.287944],[6.568245,50.287719],[6.568607,50.287502],[6.56863,50.287052],[6.569354,50.286618],[6.569704,50.286625],[6.570429,50.28619],[6.570779,50.286198],[6.571503,50.285763],[6.571854,50.28577],[6.572216,50.285553],[6.572566,50.28556],[6.574377,50.284474],[6.575078,50.284489],[6.57544,50.284271],[6.578245,50.28433],[6.578607,50.284112],[6.58036,50.284149],[6.581084,50.283714],[6.581423,50.283946],[6.582475,50.283968],[6.582836,50.283751],[6.583176,50.283983],[6.583526,50.28399],[6.58425,50.283555],[6.584601,50.283563],[6.58494,50.283794],[6.588095,50.28386],[6.588457,50.283643],[6.591613,50.283708],[6.591952,50.28394],[6.594406,50.283991],[6.594745,50.284223],[6.596148,50.284252],[6.59651,50.284034],[6.59686,50.284042],[6.5972,50.284274],[6.597177,50.284723],[6.597516,50.284955],[6.597878,50.284737],[6.598217,50.284969],[6.598568,50.284976],[6.598907,50.285208],[6.599258,50.285216],[6.600276,50.285911],[6.600253,50.286361],[6.600593,50.286592],[6.60057,50.287042],[6.600909,50.287274],[6.600887,50.287723],[6.601226,50.287955],[6.601215,50.288179],[6.601554,50.288411],[6.601543,50.288636],[6.6029,50.289563],[6.602878,50.290013],[6.603556,50.290476],[6.603907,50.290484],[6.604246,50.290716],[6.604235,50.29094],[6.605253,50.291636],[6.605954,50.29165],[6.606316,50.291433],[6.607368,50.291455],[6.60773,50.291237],[6.60807,50.291469],[6.608771,50.291483],[6.60911,50.291715],[6.610558,50.290846],[6.610592,50.290172],[6.610954,50.289954],[6.610987,50.28928],[6.611711,50.288845],[6.611722,50.288621],[6.612084,50.288403],[6.612096,50.288179],[6.612457,50.287961],[6.612808,50.287968],[6.61317,50.287751],[6.613871,50.287765],[6.614233,50.287548],[6.615986,50.287584],[6.616326,50.287816],[6.616676,50.287823],[6.6174,50.287388],[6.617751,50.287395],[6.618112,50.287178],[6.618463,50.287185],[6.619187,50.28675],[6.619537,50.286757],[6.619899,50.28654],[6.622003,50.286583],[6.622682,50.287047],[6.623044,50.286829],[6.624095,50.286851],[6.624435,50.287082],[6.625487,50.287104],[6.625826,50.287336],[6.626528,50.28735],[6.626867,50.287582],[6.627218,50.287589],[6.627897,50.288053],[6.628598,50.288067],[6.628937,50.288299],[6.629288,50.288306],[6.629967,50.288769],[6.630317,50.288777],[6.630329,50.288552],[6.631052,50.288117],[6.631403,50.288124],[6.632082,50.288588]]}},
{"type":"Feature","properties":{"STRM_VAL":1.0,"max_accum":169842.0,"color":"#618dbd","weight":2.79},"geometry":{"type":"LineString","coordinates":[[6.632082,50.288588],[6.632783,50.288602],[6.633123,50.288834],[6.633473,50.288841],[6.634152,50.289305],[6.634854,50.289319],[6.635215,50.289101],[6.635566,50.289108],[6.635928,50.288891],[6.635939,50.288666],[6.636301,50.288449],[6.636651,50.288456],[6.636674,50.288007],[6.636334,50.287775],[6.635983,50.287768],[6.635644,50.287536],[6.635655,50.287311],[6.636379,50.286876],[6.63639,50.286652],[6.637113,50.286217],[6.637124,50.285992],[6.638933,50.284904],[6.638944,50.28468],[6.639306,50.284462],[6.640708,50.284491],[6.64107,50.284273],[6.641081,50.284048],[6.641432,50.284056],[6.641771,50.284287],[6.642133,50.28407],[6.642189,50.282947],[6.641849,50.282715],[6.641882,50.282041],[6.641543,50.281809],[6.641905,50.281591],[6.641916,50.281367],[6.642277,50.281149],[6.6423,50.2807],[6.64196,50.280468],[6.641971,50.280244],[6.641632,50.280012],[6.641665,50.279338],[6.642027,50.27912],[6.642093,50.277772],[6.641414,50.277309],[6.641776,50.277091],[6.641787,50.276867],[6.641448,50.276635],[6.641809,50.276417],[6.64147,50.276186],[6.641481,50.275961],[6.641142,50.275729],[6.640791,50.275722],[6.640452,50.27549]]}},
{"type":"Feature","properties":{"STRM_VAL":1.0,"max_accum":7070170.0,"color":"#143d76","weight":4.69},"geometry":{"type":"LineString","coordinates":[[7.455863,50.309199],[7.456214,50.309204],[7.45693,50.308764],[7.457281,50.308768],[7.457998,50.308328],[7.461507,50.308374]]}},
{"type":"Feature","properties":{"STRM_VAL":1.0,"max_accum":189649.0,"color":"#5e8bbb","weight":2.84},"geometry":{"type":"LineString","coordinates":[[6.672406,50.296599],[6.672417,50.296374],[6.671398,50.295679],[6.67142,50.295229],[6.67108,50.294998],[6.671091,50.294773],[6.670751,50.294541],[6.670762,50.294317],[6.671124,50.294099],[6.671168,50.293201],[6.67153,50.292983],[6.67119,50.292751],[6.671201,50.292527],[6.670861,50.292295],[6.67051,50.292288],[6.670171,50.292056],[6.670182,50.291832],[6.669163,50.291137],[6.669174,50.290912],[6.668834,50.29068],[6.668889,50.289557],[6.669251,50.289339],[6.669272,50.28889],[6.668933,50.288658],[6.668582,50.288651],[6.667563,50.287956],[6.667596,50.287282],[6.667256,50.287051],[6.667267,50.286826],[6.665164,50.286784],[6.664145,50.286089],[6.663443,50.286074],[6.663082,50.286292],[6.662731,50.286285],[6.662052,50.285822],[6.662074,50.285372],[6.661734,50.285141],[6.661767,50.284467],[6.661428,50.284235],[6.661439,50.28401],[6.66042,50.283315],[6.660431,50.28309],[6.657714,50.281237],[6.657759,50.280338],[6.658482,50.279903],[6.658515,50.279229],[6.658175,50.278997],[6.657825,50.27899],[6.657485,50.278758],[6.657135,50.278751],[6.656795,50.27852],[6.656806,50.278295],[6.657891,50.277642],[6.657924,50.276968],[6.657584,50.276737],[6.657629,50.275838],[6.657289,50.275606],[6.657311,50.275157],[6.657673,50.274939],[6.657695,50.27449],[6.657016,50.274027],[6.657082,50.272679],[6.656063,50.271984],[6.656097,50.27131],[6.655757,50.271078],[6.655768,50.270853],[6.655429,50.270621],[6.65544,50.270397],[6.6551,50.270165],[6.65475,50.270158],[6.65441,50.269926],[6.654772,50.269709],[6.654783,50.269484],[6.655506,50.269049],[6.655539,50.268375],[6.655901,50.268157],[6.655912,50.267933],[6.656635,50.267498],[6.656295,50.267266],[6.656317,50.266817],[6.657402,50.266164],[6.657424,50.265714],[6.657785,50.265497],[6.657446,50.265265],[6.657095,50.265258],[6.656756,50.265026],[6.656778,50.264577],[6.656439,50.264345],[6.65645,50.264121]]}},
{"type":"Feature","properties":{"STRM_VAL":1.0,"max_accum":17782.0,"color":"#8fbde8","weight":1.63},"geometry":{"type":"LineString","coordinates":[[7.333327,50.309081],[7.333678,50.309086],[7.334037,50.308866],[7.334388,50.308871],[7.334731,50.309101],[7.335433,50.309111],[7.335791,50.308891],[7.335831,50.307767],[7.335487,50.307538],[7.335495,50.307313],[7.333437,50.305934],[7.333796,50.305715],[7.332766,50.305025],[7.332822,50.303452],[7.332478,50.303222],[7.332486,50.302997],[7.333204,50.302558],[7.333555,50.302563],[7.333563,50.302338],[7.33322,50.302109],[7.333235,50.301659],[7.332549,50.301199],[7.330444,50.301169],[7.330101,50.300939],[7.32975,50.300934],[7.329407,50.300705],[7.329056,50.3007],[7.328713,50.30047],[7.328362,50.300465],[7.327333,50.299775],[7.326982,50.29977],[7.326639,50.299541],[7.325938,50.29953],[7.325595,50.299301],[7.324893,50.299291],[7.323521,50.298371],[7.32317,50.298366],[7.322484,50.297907],[7.322516,50.297008]]}},
{"type":"Feature","properties":{"STRM_VAL":1.0,"max_accum":131084.0,"color":"#6693c2","weight":2.65},"geometry":{"type":"LineString","coordinates":[[7.410163,50.310832],[7.408759,50.310812],[7.408072,50.310353],[7.40737,50.310344],[7.407378,50.310119],[7.407736,50.309899],[7.407766,50.309],[7.407423,50.30877],[7.407431,50.308546],[7.407087,50.308316],[7.403578,50.308268],[7.403234,50.308038],[7.402181,50.308024],[7.401494,50.307565],[7.401144,50.30756],[7.400457,50.307101],[7.400487,50.306202],[7.402996,50.304662],[7.403004,50.304437],[7.403362,50.304218],[7.40337,50.303993],[7.403728,50.303773],[7.403736,50.303548],[7.405169,50.302668],[7.405222,50.301095],[7.40558,50.300875],[7.405588,50.30065],[7.406663,50.299991],[7.406671,50.299766],[7.407387,50.299326],[7.4123,50.299393],[7.412643,50.299623],[7.413345,50.299632],[7.413688,50.299862],[7.414741,50.299876],[7.415084,50.300106],[7.416488,50.300125],[7.416831,50.300354],[7.417182,50.300359],[7.417526,50.300589],[7.417877,50.300593],[7.41822,50.300823],[7.418571,50.300828],[7.418914,50.301057],[7.419265,50.301062],[7.419609,50.301292],[7.41996,50.301296],[7.420647,50.301755],[7.420998,50.30176],[7.421341,50.30199],[7.422043,50.301999],[7.42273,50.302458],[7.423432,50.302468],[7.42379,50.302248],[7.424843,50.302262],[7.425201,50.302042],[7.425888,50.302501],[7.426941,50.302515],[7.427657,50.302075],[7.427665,50.301851],[7.428023,50.301631],[7.42803,50.301406],[7.428389,50.301186],[7.428411,50.300511],[7.428769,50.300291],[7.428777,50.300067],[7.429135,50.299847],[7.42915,50.299397],[7.430583,50.298517],[7.432337,50.298541],[7.432681,50.29877],[7.433032,50.298775],[7.433375,50.299005],[7.433726,50.299009],[7.434413,50.299468],[7.435115,50.299478],[7.435473,50.299258],[7.435824,50.299262],[7.436182,50.299042],[7.436533,50.299047],[7.436891,50.298827],[7.437593,50.298836],[7.437937,50.299066],[7.439691,50.299089],[7.440035,50.299319],[7.441438,50.299338],[7.442871,50.298458],[7.443573,50.298467],[7.443931,50.298247],[7.443938,50.298022],[7.444297,50.297802],[7.444648,50.297807],[7.445006,50.297587],[7.44505,50.296238],[7.444706,50.296009],[7.444714,50.295784],[7.445072,50.295564],[7.445086,50.295114],[7.446877,50.294014],[7.446534,50.293785],[7.446541,50.29356],[7.446198,50.29333],[7.446205,50.293106],[7.446563,50.292886],[7.446219,50.292656],[7.446249,50.291757]]}},
{"type":"Feature","properties":{"STRM_VAL":1.0,"max_accum":22708.0,"color":"#8ab8e3","weight":1.76},"geometry":{"type":"LineString","coordinates":[[6.520177,50.30087],[6.521194,50.301567],[6.521182,50.301791],[6.523894,50.303648],[6.523883,50.303873],[6.524222,50.304105],[6.524573,50.304112],[6.525251,50.304576],[6.525227,50.305026],[6.525566,50.305258],[6.525531,50.305932],[6.525871,50.306164],[6.525801,50.307512],[6.52614,50.307744],[6.526116,50.308193],[6.526455,50.308425],[6.526444,50.30865],[6.528139,50.30981],[6.52849,50.309818],[6.529168,50.310282],[6.530571,50.310312],[6.530911,50.310544],[6.531612,50.310559],[6.531951,50.310791],[6.534056,50.310835],[6.534395,50.311067],[6.535097,50.311082],[6.535436,50.311314],[6.535787,50.311322],[6.536465,50.311786],[6.536816,50.311793],[6.537155,50.312025],[6.537506,50.312033],[6.537845,50.312265],[6.538196,50.312272],[6.541248,50.314361],[6.541599,50.314368],[6.541588,50.314593],[6.541938,50.3146],[6.542617,50.315064],[6.542968,50.315072],[6.544325,50.316],[6.544313,50.316225],[6.544992,50.316689],[6.54498,50.316913],[6.545319,50.317145],[6.545308,50.31737],[6.546325,50.318066],[6.546314,50.318291],[6.547332,50.318987],[6.547297,50.319661],[6.547636,50.319893],[6.547613,50.320342],[6.548292,50.320806],[6.548257,50.32148],[6.547895,50.321697],[6.547871,50.322147],[6.547509,50.322364],[6.547848,50.322596],[6.547825,50.323045],[6.547463,50.323262],[6.54744,50.323712],[6.547077,50.323929],[6.547417,50.324161],[6.547054,50.324378],[6.547393,50.32461],[6.547359,50.325284],[6.546996,50.325501],[6.546985,50.325726],[6.546622,50.325943],[6.54592,50.325928],[6.545195,50.326363],[6.545184,50.326587],[6.544096,50.327239],[6.544085,50.327464],[6.544424,50.327696],[6.544413,50.32792],[6.544752,50.328152],[6.54474,50.328377]]}},
{"type":"Feature","properties":{"STRM_VAL":1.0,"max_accum":53167.0,"color":"#78a6d3","weight":2.19},"geometry":{"type":"LineString","coordinates":[[6.54474,50.328377],[6.544729,50.328602],[6.544366,50.328819],[6.544355,50.329044],[6.543992,50.329261],[6.543981,50.329485],[6.543256,50.32992],[6.542905,50.329912],[6.54218,50.330347],[6.542168,50.330571],[6.541806,50.330789],[6.541782,50.331238],[6.54142,50.331455],[6.541397,50.331904],[6.541736,50.332136],[6.541373,50.332354],[6.541713,50.332586],[6.541678,50.33326],[6.541315,50.333477],[6.541655,50.333709],[6.541632,50.334158],[6.541269,50.334375],[6.541246,50.334825],[6.540883,50.335042],[6.540848,50.335716],[6.540123,50.33615],[6.539772,50.336143],[6.538685,50.336794],[6.538661,50.337244],[6.538299,50.337461],[6.538229,50.338809],[6.537866,50.339026],[6.537843,50.339475],[6.537481,50.339692],[6.537469,50.339917],[6.537106,50.340134],[6.537095,50.340359],[6.53637,50.340793],[6.536288,50.342365],[6.534838,50.343234],[6.534826,50.343459],[6.534475,50.343451],[6.534112,50.343669],[6.534101,50.343893],[6.533738,50.34411],[6.533703,50.344784],[6.53334,50.345001],[6.533305,50.345675],[6.532943,50.345892],[6.532931,50.346117],[6.531843,50.346769],[6.531492,50.346761],[6.531457,50.347435],[6.530732,50.347869],[6.530381,50.347862],[6.530018,50.348079],[6.530357,50.348311],[6.530299,50.349434],[6.530978,50.349899],[6.531329,50.349906],[6.531306,50.350355],[6.531645,50.350587],[6.531996,50.350595],[6.532675,50.351059],[6.532312,50.351276],[6.532652,50.351508],[6.53264,50.351733],[6.532277,50.35195],[6.532617,50.352182],[6.532605,50.352407],[6.532956,50.352414],[6.533296,50.352646],[6.533647,50.352654],[6.533986,50.352886],[6.534337,50.352893],[6.535355,50.353589],[6.535707,50.353597],[6.536069,50.35338],[6.536771,50.353395],[6.537497,50.35296],[6.537509,50.352736],[6.537871,50.352518],[6.538222,50.352526],[6.538585,50.352309],[6.539287,50.352324],[6.539966,50.352788],[6.540317,50.352795],[6.540657,50.353027],[6.541019,50.35281],[6.541698,50.353274],[6.542752,50.353296],[6.543114,50.353079],[6.54487,50.353116],[6.545209,50.353348],[6.545912,50.353363],[6.546274,50.353146],[6.546625,50.353153],[6.547351,50.352719],[6.547702,50.352726],[6.54879,50.352075],[6.549492,50.352089],[6.549855,50.351872],[6.551259,50.351902],[6.551598,50.352134],[6.552652,50.352156],[6.553014,50.351939],[6.552675,50.351707],[6.5534,50.351272],[6.553751,50.35128],[6.554114,50.351062],[6.55622,50.351107],[6.556583,50.350889],[6.55904,50.350941],[6.55938,50.351173],[6.560105,50.350739],[6.562212,50.350783],[6.562574,50.350565],[6.563276,50.35058],[6.563639,50.350363],[6.56399,50.35037],[6.56433,50.350602],[6.565032,50.350617],[6.565371,50.350849],[6.565723,50.350856],[6.566085,50.350639],[6.566787,50.350654],[6.56715,50.350436],[6.567501,50.350444],[6.568589,50.349792],[6.5686,50.349567],[6.568963,50.34935],[6.569314,50.349357],[6.569676,50.34914],[6.570378,50.349155],[6.571466,50.348503],[6.571817,50.34851],[6.57218,50.348293]]}},
{"type":"Feature","properties":{"STRM_VAL":1.0,"max_accum":90068.0,"color":"#6e9bc9","weight":2.46},"geometry":{"type":"LineString","coordinates":[[6.57218,50.348293],[6.572905,50.347858],[6.573256,50.347866],[6.577243,50.345475],[6.577594,50.345482],[6.578682,50.34483],[6.578693,50.344606],[6.580505,50.343519],[6.580856,50.343527],[6.581196,50.343758],[6.581898,50.343773],[6.581921,50.343324],[6.583008,50.342672],[6.58302,50.342447],[6.583744,50.342012],[6.583756,50.341788],[6.584481,50.341353],[6.584492,50.341129],[6.585579,50.340476],[6.58593,50.340484],[6.587017,50.339832],[6.587029,50.339607],[6.587391,50.33939],[6.587437,50.338491],[6.587799,50.338274],[6.588852,50.338296],[6.589192,50.338528],[6.589917,50.338093],[6.590268,50.3381],[6.590607,50.338332],[6.590958,50.338339],[6.591298,50.338571],[6.591649,50.338579],[6.592011,50.338361],[6.592023,50.338137],[6.592385,50.337919],[6.592408,50.33747],[6.59277,50.337253],[6.592781,50.337028],[6.593506,50.336593],[6.593857,50.3366],[6.594582,50.336166],[6.594921,50.336398],[6.595623,50.336412],[6.596303,50.336876],[6.596665,50.336658],[6.597016,50.336666],[6.597378,50.336448],[6.597729,50.336456],[6.598091,50.336238],[6.599495,50.336267],[6.599507,50.336043],[6.599869,50.335825],[6.59988,50.335601],[6.600243,50.335383],[6.600254,50.335159],[6.600616,50.334941],[6.600628,50.334716],[6.60099,50.334499],[6.601001,50.334274],[6.601363,50.334057],[6.601386,50.333608],[6.601046,50.333376],[6.601092,50.332477],[6.600752,50.332245],[6.600797,50.331347],[6.60116,50.331129],[6.601171,50.330905],[6.601533,50.330687],[6.601545,50.330463],[6.601907,50.330245],[6.601941,50.329571],[6.603752,50.328484],[6.604103,50.328492],[6.604827,50.328057],[6.605529,50.328071],[6.607702,50.326767],[6.608053,50.326774],[6.608415,50.326557],[6.609117,50.326571],[6.60948,50.326354],[6.609536,50.32523],[6.609898,50.325013],[6.610249,50.32502],[6.610611,50.324803],[6.610656,50.323904],[6.611018,50.323687],[6.611041,50.323238],[6.611765,50.322803],[6.611776,50.322578],[6.612501,50.322143],[6.612512,50.321919],[6.613236,50.321484],[6.613248,50.321259],[6.61361,50.321042],[6.613621,50.320817],[6.613983,50.320599],[6.614017,50.319926],[6.614741,50.319491],[6.614752,50.319266],[6.615103,50.319273],[6.615465,50.319056],[6.615477,50.318831],[6.615827,50.318838],[6.616189,50.318621],[6.61654,50.318628],[6.618351,50.317541],[6.618702,50.317548],[6.619064,50.317331],[6.620467,50.317359],[6.621553,50.316707],[6.621565,50.316482],[6.621225,50.31625],[6.621236,50.316026],[6.620557,50.315562],[6.620568,50.315338],[6.620228,50.315106],[6.62024,50.314881]]}},
{"type":"Feature","properties":{"STRM_VAL":1.0,"max_accum":101333.0,"color":"#6b98c7","weight":2.52},"geometry":{"type":"LineString","coordinates":[[6.62024,50.314881],[6.620602,50.314664],[6.620613,50.314439],[6.620975,50.314221],[6.621326,50.314229],[6.621688,50.314011],[6.62274,50.314033],[6.623826,50.31338],[6.623487,50.313148],[6.623509,50.312699],[6.624233,50.312264],[6.624312,50.310692],[6.624674,50.310474],[6.624741,50.309126]]}},
{"type":"Feature","properties":{"STRM_VAL":1.0,"max_accum":132373.0,"color":"#6692c2","weight":2.66},"geometry":{"type":"LineString","coordinates":[[6.624741,50.309126],[6.625103,50.308909],[6.625804,50.308923],[6.62689,50.308271],[6.627592,50.308285],[6.627648,50.307162],[6.628372,50.306727],[6.628711,50.306959],[6.629062,50.306966],[6.629786,50.306531],[6.630137,50.306538],[6.630499,50.306321],[6.630159,50.306089],[6.63017,50.305864],[6.630894,50.305429],[6.631946,50.305451],[6.632308,50.305233],[6.632659,50.30524],[6.633021,50.305023],[6.633066,50.304124],[6.633789,50.303689],[6.634842,50.303711],[6.635204,50.303493],[6.635905,50.303507]]}},
{"type":"Feature","properties":{"STRM_VAL":1.0,"max_accum":158894.0,"color":"#628ebe","weight":2.75},"geometry":{"type":"LineString","coordinates":[[6.635905,50.303507],[6.636005,50.301485],[6.636367,50.301268],[6.63639,50.300819],[6.63605,50.300587],[6.636061,50.300362],[6.635382,50.299899],[6.636106,50.299464],[6.636161,50.29834],[6.635822,50.298109],[6.635855,50.297435],[6.636579,50.297],[6.636601,50.29655],[6.636963,50.296333],[6.636996,50.295659],[6.636657,50.295427],[6.636668,50.295202],[6.636328,50.294971],[6.635978,50.294964],[6.6361,50.292492],[6.636462,50.292275],[6.636495,50.291601],[6.636156,50.291369],[6.635794,50.291587],[6.635455,50.291355],[6.635466,50.29113],[6.634063,50.291102],[6.633724,50.29087],[6.633022,50.290856],[6.632683,50.290624],[6.632332,50.290617],[6.631993,50.290385],[6.631642,50.290378],[6.630963,50.289914],[6.630974,50.28969],[6.631336,50.289472],[6.631347,50.289247],[6.632071,50.288812],[6.632082,50.288588]]}},
{"type":"Feature","properties":{"STRM_VAL":1.0,"max_accum":125033.0,"color":"#6794c3","weight":2.63},"geometry":{"type":"LineString","coordinates":[[7.037889,50.312564],[7.03859,50.312576],[7.038932,50.312806],[7.043143,50.312877],[7.043503,50.312658],[7.043854,50.312664],[7.044214,50.312445],[7.044565,50.312451],[7.044925,50.312233],[7.045276,50.312238],[7.045636,50.31202],[7.045987,50.312026],[7.046347,50.311807],[7.046698,50.311813],[7.047058,50.311594],[7.048111,50.311612],[7.048471,50.311393],[7.050577,50.311428],[7.050937,50.311209],[7.051638,50.311221],[7.055599,50.308814],[7.055608,50.308589],[7.056329,50.308151],[7.056679,50.308157],[7.057039,50.307938],[7.05739,50.307944],[7.05775,50.307725],[7.058803,50.307743],[7.059163,50.307524],[7.059514,50.30753],[7.060594,50.306874],[7.061296,50.306885],[7.061656,50.306666],[7.064814,50.306719],[7.065155,50.30695],[7.067261,50.306985],[7.069061,50.30589],[7.06907,50.305665],[7.06943,50.305447],[7.06978,50.305452],[7.07014,50.305234],[7.071193,50.305251],[7.072633,50.304375],[7.072642,50.304151],[7.074801,50.302837],[7.074811,50.302613],[7.07517,50.302394],[7.075521,50.3024],[7.075549,50.301725],[7.075908,50.301506],[7.075954,50.300383],[7.076314,50.300164],[7.076323,50.299939],[7.077762,50.299064],[7.07778,50.298614],[7.0785,50.298176],[7.078509,50.297952],[7.078869,50.297733],[7.078878,50.297508],[7.079238,50.297289],[7.079274,50.29639],[7.079634,50.296171],[7.079643,50.295947],[7.079301,50.295716],[7.080021,50.295278],[7.080048,50.294604],[7.080408,50.294385],[7.080759,50.294391],[7.081478,50.293953],[7.081829,50.293959],[7.082549,50.293521],[7.082585,50.292622],[7.082945,50.292403],[7.082954,50.292179],[7.083314,50.29196],[7.083341,50.291286],[7.082999,50.291055],[7.08308,50.289033],[7.08416,50.288376],[7.08451,50.288382],[7.08487,50.288163],[7.084879,50.287938],[7.08523,50.287944],[7.08559,50.287725],[7.08594,50.287731]]}},
{"type":"Feature","properties":{"STRM_VAL":1.0,"max_accum":25081.0,"color":"#88b6e1","weight":1.81},"geometry":{"type":"LineString","coordinates":[[7.118241,50.314117],[7.118592,50.314123],[7.118952,50.313904],[7.120356,50.313927],[7.120716,50.313708],[7.122821,50.313742],[7.123181,50.313523],[7.123532,50.313528],[7.124252,50.31309],[7.125304,50.313107],[7.125664,50.312888],[7.126015,50.312894],[7.127454,50.312017],[7.128156,50.312029],[7.128516,50.31181],[7.129568,50.311827],[7.129928,50.311608],[7.13063,50.311619],[7.131349,50.311181],[7.132051,50.311192],[7.132411,50.310973],[7.133113,50.310984],[7.133473,50.310765],[7.133824,50.310771],[7.134183,50.310552],[7.134534,50.310557],[7.134894,50.310338],[7.134911,50.309889],[7.134569,50.309658],[7.134596,50.308984],[7.136034,50.308108],[7.136736,50.308119],[7.137096,50.3079],[7.1385,50.307923],[7.139219,50.307484],[7.139236,50.307035],[7.138894,50.306805],[7.138912,50.306355],[7.139272,50.306136],[7.13928,50.305911],[7.13964,50.305692],[7.139657,50.305243],[7.139315,50.305012],[7.139324,50.304788],[7.138298,50.304097],[7.138315,50.303647],[7.137973,50.303417],[7.138,50.302743],[7.138359,50.302524],[7.138368,50.302299],[7.138728,50.30208],[7.139079,50.302085],[7.139438,50.301866],[7.14014,50.301878],[7.140499,50.301658],[7.14085,50.301664],[7.14121,50.301445],[7.141912,50.301456],[7.142271,50.301237],[7.142622,50.301243],[7.143341,50.300804],[7.143692,50.30081],[7.144411,50.300372],[7.144762,50.300377],[7.145122,50.300158],[7.146525,50.300181],[7.146867,50.300411],[7.147227,50.300192]]}},
{"type":"Feature","properties":{"STRM_VAL":1.0,"max_accum":174453.0,"color":"#608cbc","weight":2.8},"geometry":{"type":"LineString","coordinates":[[7.147227,50.300192],[7.147236,50.299967],[7.147595,50.299748],[7.147253,50.299518],[7.14727,50.299068],[7.146928,50.298838],[7.146937,50.298613],[7.146595,50.298383],[7.146604,50.298158],[7.14592,50.297698],[7.145569,50.297692],[7.145577,50.297467]]}},
{"type":"Feature","properties":{"STRM_VAL":1.0,"max_accum":101333.0,"color":"#6b98c7","weight":2.52},"geometry":{"type":"LineString","coordinates":[[6.595049,50.306042],[6.5954,50.306049],[6.595739,50.306281],[6.597142,50.30631],[6.597504,50.306093],[6.599609,50.306136],[6.599971,50.305919],[6.602426,50.30597],[6.602766,50.306201],[6.603116,50.306209],[6.603795,50.306672],[6.604497,50.306687],[6.604836,50.306919],[6.605538,50.306933],[6.605877,50.307165],[6.606579,50.30718],[6.606918,50.307411],[6.607269,50.307419],[6.607609,50.307651],[6.607959,50.307658],[6.608638,50.308121],[6.608989,50.308129],[6.609329,50.308361],[6.60968,50.308368],[6.610019,50.3086],[6.610721,50.308614],[6.61106,50.308846],[6.611762,50.30886],[6.612101,50.309092],[6.612463,50.308875],[6.612814,50.308882],[6.613154,50.309114],[6.614206,50.309135],[6.614545,50.309367],[6.614908,50.30915],[6.615247,50.309382],[6.615598,50.309389],[6.616277,50.309853],[6.616639,50.309635],[6.618393,50.309671],[6.618755,50.309454],[6.619106,50.309461],[6.619468,50.309243],[6.619819,50.309251],[6.620181,50.309033],[6.620531,50.30904],[6.621255,50.308605],[6.621606,50.308613],[6.621968,50.308395],[6.62302,50.308417],[6.623382,50.308199],[6.624741,50.309126]]}},
{"type":"Feature","properties":{"STRM_VAL":1.0,"max_accum":233008.0,"color":"#5a86b7","weight":2.95},"geometry":{"type":"LineString","coordinates":[[7.166833,50.319841],[7.16649,50.31961],[7.166499,50.319386],[7.16513,50.318465],[7.165138,50.31824],[7.164796,50.31801],[7.164813,50.31756],[7.165173,50.317341],[7.165182,50.317116],[7.165541,50.316897],[7.16555,50.316672],[7.165909,50.316453],[7.165927,50.316004],[7.165242,50.315543],[7.165259,50.315094],[7.16389,50.314173],[7.163916,50.313499],[7.163574,50.313268],[7.163591,50.312819],[7.16503,50.311942],[7.165381,50.311948],[7.1661,50.311509],[7.166451,50.311515],[7.167529,50.310857],[7.168582,50.310874],[7.168942,50.310655],[7.169293,50.31066],[7.169652,50.310441],[7.169661,50.310216],[7.17002,50.309997],[7.170029,50.309772],[7.170389,50.309553],[7.170414,50.308879],[7.168361,50.307498],[7.16801,50.307492],[7.166983,50.306801],[7.167061,50.304779],[7.166376,50.304318],[7.166394,50.303869],[7.167472,50.303211],[7.167823,50.303217],[7.168165,50.303447],[7.168516,50.303452],[7.169201,50.303913],[7.169552,50.303919],[7.169894,50.304149],[7.169885,50.304373],[7.170938,50.30439],[7.17128,50.30462],[7.171982,50.304631],[7.172341,50.304412],[7.172692,50.304418],[7.172701,50.304193],[7.17306,50.303974],[7.173086,50.3033],[7.172744,50.303069],[7.172752,50.302845],[7.17241,50.302614],[7.172059,50.302609],[7.171717,50.302379],[7.171726,50.302154],[7.170699,50.301463],[7.170716,50.301014],[7.170374,50.300783],[7.170391,50.300334]]}},
{"type":"Feature","properties":{"STRM_VAL":1.0,"max_accum":146642.0,"color":"#6490c0","weight":2.71},"geometry":{"type":"LineString","coordinates":[[7.081878,50.31892],[7.082238,50.318701],[7.082589,50.318706],[7.082949,50.318488],[7.0833,50.318493],[7.08402,50.318055],[7.084371,50.318061],[7.085451,50.317404],[7.085802,50.31741],[7.086162,50.317191],[7.086513,50.317197],[7.086873,50.316978],[7.087575,50.31699],[7.087935,50.316771],[7.088637,50.316782],[7.088997,50.316563],[7.090049,50.316581],[7.090769,50.316143],[7.09112,50.316149],[7.0922,50.315492],[7.092218,50.315042],[7.093298,50.314385],[7.093307,50.314161],[7.094747,50.313285],[7.094756,50.31306],[7.095116,50.312841],[7.095125,50.312616],[7.095844,50.312178],[7.09588,50.31128],[7.09624,50.311061],[7.096249,50.310836],[7.098048,50.309741],[7.098057,50.309516],[7.098408,50.309522],[7.098768,50.309303],[7.098777,50.309078],[7.099137,50.308859],[7.099146,50.308635],[7.099506,50.308416],[7.099857,50.308422],[7.101656,50.307327],[7.101665,50.307102],[7.101323,50.306871],[7.101332,50.306647],[7.10099,50.306416],[7.101035,50.305293],[7.101395,50.305074],[7.101421,50.3044],[7.101781,50.304181],[7.10179,50.303956],[7.10215,50.303737],[7.103203,50.303754],[7.103544,50.303984],[7.103895,50.30399],[7.104255,50.303771],[7.104957,50.303783],[7.105299,50.304013],[7.105659,50.303794],[7.108115,50.303834],[7.111352,50.301863],[7.111361,50.301638],[7.112081,50.3012],[7.11209,50.300976],[7.112809,50.300538],[7.112827,50.300088],[7.113187,50.299869],[7.113205,50.29942],[7.113564,50.299201],[7.113582,50.298751],[7.115381,50.297656],[7.115389,50.297431],[7.116109,50.296993],[7.116135,50.296319],[7.117574,50.295443],[7.117925,50.295449],[7.117934,50.295224],[7.119013,50.294567],[7.119031,50.294117],[7.12011,50.29346],[7.121162,50.293477],[7.121522,50.293258],[7.121872,50.293264],[7.122592,50.292826],[7.122942,50.292831],[7.123662,50.292393],[7.12367,50.292169],[7.12403,50.29195],[7.124048,50.2915],[7.124407,50.291281],[7.124758,50.291287],[7.125118,50.291068]]}},
{"type":"Feature","properties":{"STRM_VAL":1.0,"max_accum":7079071.0,"color":"#143d76","weight":4.69},"geometry":{"type":"LineString","coordinates":[[7.447622,50.325054],[7.447973,50.325059],[7.44869,50.324618],[7.449392,50.324628],[7.449736,50.324857],[7.45114,50.324876],[7.451498,50.324656],[7.451528,50.323757],[7.451886,50.323537],[7.451893,50.323312],[7.452252,50.323092],[7.452266,50.322642],[7.451235,50.321954],[7.451242,50.321729],[7.450898,50.3215],[7.450906,50.321275],[7.450562,50.321046],[7.450591,50.320147],[7.450248,50.319917],[7.450255,50.319693],[7.450613,50.319472],[7.45065,50.318349],[7.451366,50.317909],[7.451381,50.317459],[7.454248,50.315698],[7.45495,50.315708],[7.455308,50.315488],[7.455659,50.315492],[7.456375,50.315052],[7.457077,50.315061],[7.457436,50.314841],[7.457787,50.314846],[7.458145,50.314626],[7.458496,50.31463],[7.458854,50.31441],[7.458883,50.313511],[7.459958,50.312851],[7.460309,50.312856],[7.461026,50.312415],[7.461033,50.312191],[7.462788,50.312214],[7.463132,50.312443],[7.46349,50.312223]]}},
{"type":"Feature","properties":{"STRM_VAL":1.0,"max_accum":7092846.0,"color":"#143d76","weight":4.69},"geometry":{"type":"LineString","coordinates":[[7.476346,50.327458],[7.476411,50.325435],[7.477127,50.324994],[7.477829,50.325004],[7.478188,50.324784],[7.47889,50.324793],[7.478897,50.324568],[7.479255,50.324348],[7.479277,50.323673],[7.478933,50.323444],[7.47894,50.323219],[7.477564,50.322302],[7.477572,50.322077],[7.477228,50.321848],[7.477249,50.321174],[7.477951,50.321183],[7.47831,50.320963],[7.478661,50.320967]]}},
{"type":"Feature","properties":{"STRM_VAL":1.0,"max_accum":90068.0,"color":"#6e9bc9","weight":2.46},"geometry":{"type":"LineString","coordinates":[[6.594946,50.315035],[6.596033,50.314383],[6.597085,50.314405],[6.597447,50.314187],[6.602359,50.314289],[6.603038,50.314752],[6.603739,50.314767],[6.605098,50.315694],[6.605799,50.315709],[6.606139,50.315941],[6.607542,50.31597],[6.607882,50.316201],[6.609285,50.31623],[6.609625,50.316462],[6.611379,50.316498],[6.612398,50.317194],[6.612748,50.317201],[6.613428,50.317665],[6.613416,50.317889],[6.613756,50.318121],[6.614107,50.318128],[6.614831,50.317694],[6.614842,50.317469],[6.615204,50.317251],[6.615216,50.317027],[6.616664,50.316157],[6.616686,50.315708],[6.617411,50.315273],[6.617761,50.31528],[6.618101,50.315512],[6.618452,50.315519],[6.618814,50.315302],[6.619165,50.315309],[6.619889,50.314874],[6.62024,50.314881]]}},
{"type":"Feature","properties":{"STRM_VAL":1.0,"max_accum":25081.0,"color":"#88b6e1","weight":1.81},"geometry":{"type":"LineString","coordinates":[[7.121895,50.328343],[7.122614,50.327905],[7.122965,50.32791],[7.123685,50.327472],[7.123756,50.325674],[7.124116,50.325455],[7.124125,50.325231],[7.126284,50.323916],[7.126293,50.323692],[7.127732,50.322815],[7.128083,50.322821],[7.128443,50.322602],[7.128452,50.322377],[7.128812,50.322158],[7.12882,50.321933],[7.12918,50.321714],[7.129189,50.32149],[7.129549,50.32127],[7.129558,50.321046],[7.130997,50.320169],[7.131699,50.320181],[7.132419,50.319743],[7.13277,50.319748],[7.134209,50.318872],[7.13456,50.318878],[7.134919,50.318658],[7.13527,50.318664],[7.13599,50.318226],[7.136692,50.318237],[7.138491,50.317142],[7.138517,50.316468],[7.138175,50.316237],[7.138192,50.315788],[7.138552,50.315569],[7.138561,50.315344],[7.13928,50.314906],[7.139631,50.314911],[7.139991,50.314692],[7.141044,50.314709],[7.141404,50.31449],[7.141754,50.314496],[7.143193,50.313619],[7.143211,50.31317],[7.14393,50.312731],[7.143939,50.312507],[7.145378,50.31163],[7.145386,50.311406],[7.146106,50.310967],[7.146158,50.309619],[7.145816,50.309389],[7.145833,50.308939],[7.145491,50.308709],[7.145535,50.307585],[7.146254,50.307147],[7.146605,50.307153],[7.147324,50.306714],[7.147675,50.30672],[7.148035,50.306501],[7.148386,50.306506],[7.149105,50.306068],[7.149456,50.306074],[7.149816,50.305855],[7.150166,50.30586],[7.150526,50.305641],[7.150543,50.305192],[7.150201,50.304961],[7.1495,50.30495],[7.149157,50.30472],[7.149175,50.30427],[7.148833,50.30404],[7.14885,50.303591],[7.148508,50.30336],[7.148517,50.303136],[7.147832,50.302675],[7.147841,50.30245],[7.147499,50.30222],[7.147508,50.301995],[7.147166,50.301765],[7.147174,50.30154],[7.146832,50.30131],[7.14685,50.30086],[7.147209,50.300641],[7.147227,50.300192]]}},
{"type":"Feature","properties":{"STRM_VAL":1.0,"max_accum":24546.0,"color":"#88b7e2","weight":1.8},"geometry":{"type":"LineString","coordinates":[[6.671648,50.326491],[6.671308,50.32626],[6.671319,50.326035],[6.670979,50.325803],[6.671001,50.325354],[6.670661,50.325122],[6.670716,50.323999],[6.668337,50.322377],[6.667975,50.322595],[6.667964,50.32282],[6.667602,50.323037],[6.667251,50.32303],[6.666911,50.322799],[6.666549,50.323016],[6.666198,50.323009],[6.665859,50.322777],[6.665508,50.32277],[6.665146,50.322988],[6.664466,50.322525],[6.664115,50.322517],[6.663753,50.322735],[6.661374,50.321113],[6.661023,50.321106],[6.660683,50.320874],[6.660332,50.320867],[6.659653,50.320404],[6.658951,50.32039],[6.658611,50.320158],[6.658249,50.320376],[6.657898,50.320368],[6.657558,50.320137],[6.656857,50.320123],[6.656517,50.319891],[6.655113,50.319863],[6.654774,50.319631],[6.654423,50.319624],[6.654083,50.319392],[6.653721,50.31961]]}},
{"type":"Feature","properties":{"STRM_VAL":1.0,"max_accum":132373.0,"color":"#6692c2","weight":2.66},"geometry":{"type":"LineString","coordinates":[[6.653721,50.31961],[6.653381,50.319378],[6.653392,50.319153],[6.653052,50.318921],[6.653119,50.317574],[6.652779,50.317342],[6.652428,50.317335],[6.651749,50.316871],[6.651398,50.316864],[6.651058,50.316632],[6.650707,50.316625],[6.650367,50.316394],[6.649666,50.316379],[6.648986,50.315916],[6.648635,50.315909],[6.64218,50.311505],[6.641479,50.311491],[6.641117,50.311709],[6.640415,50.311694],[6.640076,50.311463],[6.640438,50.311245],[6.640788,50.311252],[6.64115,50.311035],[6.641161,50.31081],[6.641885,50.310375],[6.641896,50.31015],[6.642258,50.309933],[6.641579,50.309469],[6.641601,50.30902],[6.640582,50.308325],[6.639179,50.308296],[6.638839,50.308064],[6.638489,50.308057],[6.637809,50.307594],[6.637458,50.307587],[6.637119,50.307355],[6.63713,50.30713],[6.63679,50.306898],[6.636801,50.306674],[6.636462,50.306442],[6.636517,50.305319],[6.636879,50.305101],[6.636913,50.304427],[6.635894,50.303732],[6.635905,50.303507]]}},
{"type":"Feature","properties":{"STRM_VAL":1.0,"max_accum":22708.0,"color":"#8ab8e3","weight":1.76},"geometry":{"type":"LineString","coordinates":[[6.523545,50.32388],[6.525241,50.32504],[6.525604,50.324823],[6.525943,50.325055],[6.526645,50.32507],[6.526984,50.325302],[6.527335,50.32531],[6.527698,50.325092],[6.529452,50.32513],[6.529814,50.324912],[6.530165,50.32492],[6.530528,50.324703],[6.532633,50.324748],[6.532972,50.32498],[6.534025,50.325002],[6.534364,50.325234],[6.534715,50.325241],[6.535054,50.325474],[6.535043,50.325698],[6.535394,50.325706],[6.535733,50.325938],[6.536084,50.325945],[6.536423,50.326177],[6.536774,50.326185],[6.537113,50.326417],[6.537464,50.326424],[6.538821,50.327352],[6.539874,50.327375],[6.540213,50.327607],[6.540564,50.327614],[6.540904,50.327846],[6.543711,50.327906],[6.543699,50.32813],[6.544039,50.328362],[6.54474,50.328377]]}},
{"type":"Feature","properties":{"STRM_VAL":1.0,"max_accum":24546.0,"color":"#88b7e2","weight":1.8},"geometry":{"type":"LineString","coordinates":[[6.658059,50.331391],[6.657039,50.330695],[6.656688,50.330688],[6.656348,50.330457],[6.655646,50.330442],[6.655306,50.330211],[6.654956,50.330204],[6.654616,50.329972],[6.654265,50.329965],[6.653925,50.329733],[6.653574,50.329726],[6.653234,50.329494],[6.652883,50.329487],[6.652543,50.329255],[6.652192,50.329248],[6.651512,50.328785],[6.651524,50.32856],[6.651184,50.328328],[6.651546,50.328111],[6.65159,50.327212],[6.651952,50.326995],[6.651963,50.32677],[6.652325,50.326552],[6.652336,50.326328],[6.652698,50.32611],[6.652842,50.32319],[6.653204,50.322972],[6.653226,50.322523],[6.653588,50.322305],[6.653621,50.321631],[6.653983,50.321414],[6.653643,50.321182],[6.653721,50.31961]]}},
{"type":"Feature","properties":{"STRM_VAL":1.0,"max_accum":7164560.0,"color":"#143d76","weight":4.7},"geometry":{"type":"LineString","coordinates":[[7.533691,50.347307],[7.533684,50.347532],[7.535406,50.348678],[7.535757,50.348683],[7.536101,50.348912],[7.53646,50.348691],[7.536466,50.348467],[7.536825,50.348246],[7.536866,50.346898],[7.536522,50.346669],[7.536549,50.345769],[7.537266,50.345329],[7.53728,50.344879],[7.537638,50.344659],[7.537672,50.343535],[7.53803,50.343315],[7.538382,50.343319],[7.540888,50.341777],[7.54124,50.341781],[7.541598,50.341561],[7.541949,50.341565],[7.542293,50.341794],[7.542996,50.341803],[7.54334,50.342032],[7.543691,50.342037],[7.544724,50.342724],[7.545076,50.342729],[7.54542,50.342958],[7.545413,50.343182],[7.546102,50.343641],[7.547507,50.343658],[7.547514,50.343434],[7.547872,50.343213],[7.547892,50.342539],[7.54825,50.342319],[7.548601,50.342323],[7.548629,50.341424],[7.548987,50.341203],[7.549338,50.341208],[7.550054,50.340767],[7.552121,50.342142],[7.553174,50.342155],[7.553519,50.342384],[7.553348,50.348003]]}},
{"type":"Feature","properties":{"STRM_VAL":1.0,"max_accum":53167.0,"color":"#78a6d3","weight":2.19},"geometry":{"type":"LineString","coordinates":[[6.582729,50.362005],[6.582049,50.361541],[6.582061,50.361317],[6.581721,50.361085],[6.581733,50.36086],[6.581381,50.360853],[6.581042,50.360621],[6.580691,50.360614],[6.580351,50.360382],[6.580362,50.360157],[6.579343,50.359461],[6.578992,50.359454],[6.578652,50.359222],[6.578301,50.359215],[6.576942,50.358287],[6.576954,50.358062],[6.576603,50.358055],[6.575923,50.357591],[6.575572,50.357584],[6.575232,50.357352],[6.575255,50.356902],[6.574904,50.356895],[6.572866,50.355503],[6.5729,50.354829],[6.573263,50.354612],[6.572923,50.35438],[6.572981,50.353257],[6.572641,50.353025],[6.573004,50.352808],[6.573027,50.352358],[6.572687,50.352126],[6.572698,50.351902],[6.573061,50.351684],[6.573153,50.349887],[6.572473,50.349423],[6.572485,50.349199],[6.572145,50.348967],[6.572508,50.348749],[6.572168,50.348517],[6.57218,50.348293]]}}
]
}
