{
"type": "FeatureCollection",
"name": "watershed",
"crs": { "type": "name", "properties": { "name": "urn:ogc:def:crs:OGC:1.3:CRS84" } },
"xy_coordinate_resolution": 1e-06,
"features": [
{"type":"Feature","properties":{"watershed":1},"geometry":{"type":"MultiPolygon","coordinates":[[[[6.823384,50.261409],[6.823394,50.261184],[6.823744,50.261191],[6.823734,50.261416],[6.823384,50.261409]]],[[[6.532235,50.070961],[6.532246,50.070736],[6.532595,50.070743],[6.532584,50.070968],[6.532235,50.070961]]],[[[7.059328,49.701381],[7.059337,49.701156],[7.059684,49.701162],[7.059675,49.701386],[7.059328,49.701381]]],[[[6.582382,50.379201],[6.582394,50.378976],[6.582042,50.378969],[6.582099,50.377846],[6.581748,50.377838],[6.581771,50.377389],[6.580366,50.37736],[6.580377,50.377135],[6.578972,50.377106],[6.578984,50.376881],[6.577227,50.376845],[6.577239,50.37662],[6.576887,50.376613],[6.576922,50.375939],[6.57657,50.375932],[6.576582,50.375707],[6.576231,50.3757],[6.576242,50.375475],[6.575891,50.375468],[6.575914,50.375018],[6.575562,50.375011],[6.575585,50.374562],[6.575234,50.374555],[6.575257,50.374105],[6.574906,50.374098],[6.574917,50.373873],[6.574566,50.373866],[6.574577,50.373641],[6.574226,50.373634],[6.574249,50.373185],[6.5746,50.373192],[6.574646,50.372293],[6.574295,50.372286],[6.574341,50.371388],[6.57399,50.37138],[6.574001,50.371156],[6.57365,50.371148],[6.573673,50.370699],[6.573321,50.370692],[6.573344,50.370242],[6.572993,50.370235],[6.573005,50.37001],[6.572653,50.370003],[6.572665,50.369779],[6.572314,50.369771],[6.572325,50.369547],[6.571974,50.369539],[6.571985,50.369315],[6.571634,50.369307],[6.571646,50.369083],[6.571294,50.369075],[6.571306,50.368851],[6.570955,50.368843],[6.570966,50.368619],[6.569561,50.368589],[6.569573,50.368365],[6.569222,50.368357],[6.569233,50.368133],[6.568882,50.368125],[6.568893,50.367901],[6.568542,50.367893],[6.568554,50.367669],[6.568202,50.367661],[6.568214,50.367437],[6.567511,50.367422],[6.567523,50.367197],[6.567172,50.36719],[6.567183,50.366965],[6.566832,50.366958],[6.566844,50.366733],[6.566492,50.366726],[6.566504,50.366501],[6.565801,50.366487],[6.565813,50.366262],[6.565462,50.366255],[6.565473,50.36603],[6.564068,50.366001],[6.564057,50.366225],[6.563003,50.366203],[6.562992,50.366428],[6.562641,50.366421],[6.562629,50.366645],[6.559468,50.366579],[6.559457,50.366803],[6.558403,50.366781],[6.558415,50.366557],[6.558064,50.366549],[6.558075,50.366325],[6.557373,50.36631],[6.557384,50.366085],[6.557033,50.366078],[6.557045,50.365853],[6.556342,50.365839],[6.556354,50.365614],[6.553896,50.365562],[6.553838,50.366685],[6.553487,50.366678],[6.553463,50.367127],[6.553112,50.36712],[6.553101,50.367344],[6.552749,50.367337],[6.552738,50.367562],[6.552036,50.367547],[6.552047,50.367322],[6.551345,50.367308],[6.551356,50.367083],[6.550654,50.367068],[6.550665,50.366843],[6.549963,50.366829],[6.549975,50.366604],[6.54857,50.366574],[6.548581,50.36635],[6.54823,50.366342],[6.548242,50.366118],[6.547188,50.366095],[6.5472,50.365871],[6.546497,50.365856],[6.546509,50.365631],[6.544753,50.365594],[6.544765,50.36537],[6.544062,50.365355],[6.544074,50.36513],[6.540913,50.365063],[6.540925,50.364839],[6.539871,50.364816],[6.539883,50.364592],[6.537776,50.364547],[6.537788,50.364323],[6.537085,50.364308],[6.537097,50.364083],[6.536395,50.364068],[6.536383,50.364293],[6.536032,50.364285],[6.53602,50.36451],[6.535669,50.364503],[6.535657,50.364727],[6.535306,50.36472],[6.535271,50.365394],[6.53492,50.365386],[6.534897,50.365835],[6.534546,50.365828],[6.534522,50.366277],[6.534171,50.36627],[6.534159,50.366494],[6.534511,50.366502],[6.534499,50.366727],[6.53485,50.366734],[6.534838,50.366959],[6.533434,50.366929],[6.533422,50.367153],[6.533071,50.367146],[6.533048,50.367595],[6.532345,50.36758],[6.532322,50.36803],[6.531971,50.368022],[6.531959,50.368247],[6.529501,50.368195],[6.529489,50.368419],[6.529138,50.368412],[6.529149,50.368187],[6.528798,50.36818],[6.52881,50.367955],[6.528459,50.367948],[6.52847,50.367723],[6.528119,50.367715],[6.528131,50.367491],[6.52778,50.367483],[6.527803,50.367034],[6.527452,50.367027],[6.527463,50.366802],[6.527112,50.366795],[6.527124,50.36657],[6.526773,50.366562],[6.526784,50.366338],[6.526433,50.36633],[6.526445,50.366106],[6.526094,50.366098],[6.526105,50.365874],[6.525754,50.365866],[6.525778,50.365417],[6.525075,50.365402],[6.525087,50.365177],[6.524736,50.36517],[6.524747,50.364945],[6.524396,50.364938],[6.524408,50.364713],[6.524057,50.364706],[6.524069,50.364481],[6.523717,50.364473],[6.523729,50.364249],[6.523027,50.364234],[6.523038,50.364009],[6.522687,50.364002],[6.522699,50.363777],[6.522348,50.36377],[6.522359,50.363545],[6.521657,50.36353],[6.521669,50.363305],[6.521318,50.363298],[6.521329,50.363073],[6.520276,50.363051],[6.520288,50.362826],[6.519234,50.362804],[6.519246,50.362579],[6.517841,50.362549],[6.517853,50.362325],[6.516448,50.362295],[6.51646,50.36207],[6.516811,50.362077],[6.516823,50.361853],[6.517174,50.36186],[6.517198,50.361411],[6.517549,50.361419],[6.51756,50.361194],[6.517912,50.361201],[6.517923,50.360977],[6.517572,50.360969],[6.517584,50.360745],[6.517233,50.360737],[6.517244,50.360513],[6.516542,50.360498],[6.516554,50.360273],[6.516203,50.360265],[6.516238,50.359591],[6.515536,50.359576],[6.515547,50.359352],[6.515899,50.359359],[6.515934,50.358685],[6.515583,50.358678],[6.515618,50.358004],[6.515969,50.358012],[6.516063,50.356215],[6.516414,50.356222],[6.516449,50.355548],[6.516098,50.355541],[6.516086,50.355765],[6.515735,50.355758],[6.515759,50.355309],[6.515056,50.355294],[6.515127,50.353946],[6.514776,50.353938],[6.514799,50.353489],[6.514448,50.353482],[6.514507,50.352358],[6.514858,50.352366],[6.514916,50.351243],[6.515268,50.35125],[6.515291,50.350801],[6.515642,50.350809],[6.515666,50.350359],[6.515314,50.350352],[6.51535,50.349678],[6.514648,50.349663],[6.514636,50.349888],[6.513934,50.349873],[6.513922,50.350097],[6.51322,50.350082],[6.513232,50.349858],[6.512529,50.349842],[6.512541,50.349618],[6.512892,50.349625],[6.512904,50.349401],[6.513255,50.349408],[6.513267,50.349184],[6.513618,50.349191],[6.51363,50.348967],[6.513981,50.348974],[6.514016,50.3483],[6.514367,50.348308],[6.514379,50.348083],[6.51473,50.348091],[6.514765,50.347417],[6.514414,50.347409],[6.514426,50.347185],[6.514074,50.347177],[6.514086,50.346952],[6.513735,50.346945],[6.513747,50.34672],[6.513045,50.346705],[6.513057,50.346481],[6.51411,50.346503],[6.514121,50.346279],[6.514472,50.346286],[6.514519,50.345388],[6.51487,50.345395],[6.514882,50.34517],[6.515233,50.345178],[6.515245,50.344953],[6.515596,50.344961],[6.515608,50.344736],[6.51631,50.344751],[6.516321,50.344527],[6.516672,50.344534],[6.516684,50.344309],[6.517035,50.344317],[6.517059,50.343868],[6.51741,50.343875],[6.517433,50.343426],[6.517784,50.343433],[6.517796,50.343209],[6.518147,50.343216],[6.518194,50.342318],[6.517843,50.34231],[6.517854,50.342086],[6.517503,50.342078],[6.517585,50.340506],[6.517234,50.340498],[6.517246,50.340274],[6.516544,50.340259],[6.516556,50.340034],[6.516205,50.340027],[6.516228,50.339577],[6.515877,50.33957],[6.515889,50.339345],[6.515538,50.339338],[6.51555,50.339113],[6.515199,50.339105],[6.515246,50.338207],[6.514895,50.338199],[6.51493,50.337526],[6.514579,50.337518],[6.514602,50.337069],[6.514953,50.337076],[6.514977,50.336627],[6.515328,50.336635],[6.515339,50.33641],[6.51569,50.336417],[6.515702,50.336193],[6.516053,50.3362],[6.516065,50.335976],[6.516416,50.335983],[6.516428,50.335759],[6.516778,50.335766],[6.516767,50.335991],[6.517118,50.335998],[6.517129,50.335774],[6.51748,50.335781],[6.517527,50.334883],[6.517878,50.33489],[6.517913,50.334216],[6.518264,50.334224],[6.518276,50.333999],[6.518978,50.334014],[6.51899,50.333789],[6.519341,50.333797],[6.519352,50.333572],[6.519001,50.333565],[6.519025,50.333116],[6.518323,50.333101],[6.518381,50.331977],[6.51803,50.33197],[6.518042,50.331745],[6.517691,50.331738],[6.517703,50.331513],[6.517001,50.331498],[6.517024,50.331049],[6.516674,50.331041],[6.516685,50.330817],[6.515983,50.330802],[6.515995,50.330577],[6.515644,50.33057],[6.515656,50.330345],[6.515305,50.330338],[6.515317,50.330113],[6.514966,50.330105],[6.514978,50.329881],[6.514627,50.329873],[6.514638,50.329649],[6.513937,50.329634],[6.513948,50.329409],[6.513597,50.329402],[6.513609,50.329177],[6.513258,50.329169],[6.51327,50.328945],[6.512568,50.32893],[6.51258,50.328705],[6.512229,50.328698],[6.512241,50.328473],[6.51189,50.328465],[6.511902,50.328241],[6.511551,50.328233],[6.511562,50.328009],[6.510861,50.327994],[6.510884,50.327544],[6.510533,50.327537],[6.510545,50.327312],[6.510194,50.327305],[6.510206,50.32708],[6.509855,50.327073],[6.509867,50.326848],[6.509516,50.32684],[6.509527,50.326616],[6.509177,50.326608],[6.5092,50.326159],[6.508849,50.326152],[6.508861,50.325927],[6.507808,50.325904],[6.50782,50.32568],[6.506767,50.325657],[6.506791,50.325208],[6.50644,50.3252],[6.506452,50.324976],[6.506101,50.324968],[6.506124,50.324519],[6.50437,50.324481],[6.504382,50.324257],[6.504031,50.324249],[6.504043,50.324025],[6.503692,50.324017],[6.503704,50.323792],[6.503002,50.323777],[6.503014,50.323553],[6.502663,50.323545],[6.502675,50.32332],[6.502324,50.323313],[6.502336,50.323088],[6.501985,50.323081],[6.502008,50.322632],[6.501657,50.322624],[6.501669,50.322399],[6.501318,50.322392],[6.501342,50.321943],[6.500991,50.321935],[6.501015,50.321486],[6.500664,50.321478],[6.500676,50.321254],[6.500325,50.321246],[6.500336,50.321021],[6.498582,50.320984],[6.49857,50.321208],[6.496465,50.321163],[6.496548,50.319591],[6.496197,50.319583],[6.496221,50.319134],[6.49587,50.319126],[6.495917,50.318228],[6.495566,50.31822],[6.49559,50.317771],[6.495239,50.317763],[6.495251,50.317539],[6.4949,50.317531],[6.494924,50.317082],[6.494573,50.317074],[6.494585,50.31685],[6.493883,50.316835],[6.493895,50.31661],[6.493544,50.316602],[6.493556,50.316378],[6.493205,50.31637],[6.493217,50.316146],[6.492866,50.316138],[6.492878,50.315913],[6.491826,50.315891],[6.491837,50.315666],[6.491487,50.315659],[6.491498,50.315434],[6.491148,50.315426],[6.491159,50.315202],[6.490458,50.315187],[6.49047,50.314962],[6.490119,50.314954],[6.490131,50.31473],[6.48978,50.314722],[6.489815,50.314048],[6.489465,50.314041],[6.4895,50.313367],[6.489149,50.313359],[6.489173,50.31291],[6.488822,50.312902],[6.488846,50.312453],[6.488495,50.312446],[6.488507,50.312221],[6.488156,50.312213],[6.488168,50.311989],[6.487817,50.311981],[6.487829,50.311757],[6.487478,50.311749],[6.48749,50.311524],[6.486789,50.311509],[6.486812,50.31106],[6.486462,50.311052],[6.486473,50.310828],[6.485772,50.310813],[6.485784,50.310588],[6.485082,50.310573],[6.485094,50.310348],[6.48299,50.310303],[6.483001,50.310078],[6.481248,50.31004],[6.481259,50.309815],[6.480558,50.3098],[6.480594,50.309126],[6.480944,50.309134],[6.480956,50.308909],[6.481307,50.308917],[6.481319,50.308692],[6.48167,50.3087],[6.481681,50.308475],[6.482032,50.308483],[6.482044,50.308258],[6.482395,50.308266],[6.482407,50.308041],[6.482757,50.308049],[6.482769,50.307824],[6.48312,50.307832],[6.483144,50.307382],[6.483495,50.30739],[6.483506,50.307165],[6.483857,50.307173],[6.483893,50.306499],[6.484243,50.306507],[6.484267,50.306058],[6.486372,50.306103],[6.48636,50.306328],[6.48671,50.306335],[6.486699,50.30656],[6.487751,50.306583],[6.487739,50.306807],[6.48809,50.306815],[6.488101,50.30659],[6.488452,50.306598],[6.488464,50.306373],[6.488815,50.306381],[6.48885,50.305707],[6.489201,50.305714],[6.489213,50.30549],[6.489564,50.305497],[6.489587,50.305048],[6.489938,50.305056],[6.489973,50.304382],[6.490324,50.304389],[6.490372,50.303491],[6.490722,50.303499],[6.490758,50.302825],[6.491108,50.302832],[6.49112,50.302608],[6.492523,50.302638],[6.492511,50.302863],[6.493563,50.302885],[6.493575,50.302661],[6.493926,50.302668],[6.493938,50.302444],[6.494288,50.302451],[6.4943,50.302226],[6.495352,50.302249],[6.495364,50.302025],[6.496066,50.30204],[6.496077,50.301815],[6.496779,50.30183],[6.496791,50.301606],[6.497141,50.301613],[6.497153,50.301388],[6.497504,50.301396],[6.497516,50.301171],[6.497866,50.301179],[6.497878,50.300954],[6.498579,50.300969],[6.498603,50.30052],[6.498954,50.300528],[6.498965,50.300303],[6.499316,50.300311],[6.499328,50.300086],[6.50038,50.300109],[6.500392,50.299884],[6.501093,50.299899],[6.501105,50.299674],[6.501806,50.29969],[6.501818,50.299465],[6.502169,50.299472],[6.502181,50.299248],[6.502531,50.299255],[6.502543,50.299031],[6.502894,50.299038],[6.502882,50.299263],[6.504285,50.299293],[6.504296,50.299068],[6.505348,50.299091],[6.50536,50.298866],[6.506412,50.298889],[6.506424,50.298664],[6.507476,50.298687],[6.507488,50.298462],[6.508189,50.298477],[6.508201,50.298253],[6.508902,50.298268],[6.508914,50.298043],[6.509265,50.298051],[6.509276,50.297826],[6.509627,50.297834],[6.509639,50.297609],[6.51034,50.297624],[6.510352,50.297399],[6.510703,50.297407],[6.510714,50.297182],[6.511065,50.29719],[6.511077,50.296965],[6.511778,50.29698],[6.51179,50.296755],[6.51214,50.296763],[6.512152,50.296538],[6.512503,50.296546],[6.512526,50.296097],[6.512877,50.296104],[6.512889,50.29588],[6.513239,50.295887],[6.513263,50.295438],[6.513613,50.295445],[6.513625,50.295221],[6.513976,50.295228],[6.513999,50.294779],[6.51435,50.294786],[6.514385,50.294113],[6.514736,50.29412],[6.514747,50.293895],[6.515098,50.293903],[6.515121,50.293454],[6.515472,50.293461],[6.515484,50.293236],[6.515834,50.293244],[6.515881,50.292345],[6.516232,50.292353],[6.516244,50.292128],[6.515893,50.292121],[6.515916,50.291672],[6.515566,50.291664],[6.515648,50.290092],[6.515297,50.290084],[6.515309,50.28986],[6.514958,50.289852],[6.514982,50.289403],[6.514631,50.289395],[6.514654,50.288946],[6.514304,50.288939],[6.514315,50.288714],[6.513965,50.288706],[6.513977,50.288482],[6.513626,50.288474],[6.513649,50.288025],[6.512948,50.28801],[6.51296,50.287785],[6.512609,50.287778],[6.512621,50.287553],[6.51227,50.287546],[6.512282,50.287321],[6.511931,50.287314],[6.511943,50.287089],[6.511242,50.287074],[6.511254,50.286849],[6.510903,50.286842],[6.510915,50.286617],[6.510564,50.28661],[6.510576,50.286385],[6.510225,50.286378],[6.510237,50.286153],[6.509887,50.286145],[6.509922,50.285472],[6.510272,50.285479],[6.510284,50.285254],[6.510635,50.285262],[6.510646,50.285037],[6.510997,50.285045],[6.511009,50.28482],[6.511359,50.284828],[6.511371,50.284603],[6.511722,50.284611],[6.511733,50.284386],[6.512434,50.284401],[6.512446,50.284176],[6.512797,50.284184],[6.512808,50.283959],[6.513159,50.283967],[6.513171,50.283742],[6.513521,50.28375],[6.513533,50.283525],[6.513884,50.283532],[6.51393,50.282634],[6.514281,50.282641],[6.514304,50.282192],[6.514655,50.2822],[6.514725,50.280852],[6.514375,50.280844],[6.514398,50.280395],[6.514047,50.280388],[6.514071,50.279938],[6.51372,50.279931],[6.513732,50.279706],[6.513031,50.279691],[6.513054,50.279242],[6.512704,50.279235],[6.512716,50.27901],[6.513066,50.279017],[6.513089,50.278568],[6.51344,50.278576],[6.513463,50.278126],[6.514164,50.278141],[6.514153,50.278366],[6.515905,50.278404],[6.515917,50.278179],[6.516268,50.278186],[6.516279,50.277962],[6.51663,50.277969],[6.516653,50.27752],[6.517004,50.277527],[6.517051,50.276629],[6.517401,50.276636],[6.517413,50.276412],[6.517763,50.276419],[6.517775,50.276195],[6.518126,50.276202],[6.518137,50.275978],[6.518488,50.275985],[6.518499,50.27576],[6.51885,50.275768],[6.518862,50.275543],[6.518161,50.275528],[6.518172,50.275304],[6.517471,50.275289],[6.517483,50.275064],[6.517132,50.275057],[6.517144,50.274832],[6.516794,50.274824],[6.516805,50.2746],[6.516455,50.274592],[6.516478,50.274143],[6.516128,50.274136],[6.516163,50.273462],[6.515812,50.273454],[6.515824,50.27323],[6.515473,50.273222],[6.515485,50.272997],[6.515135,50.27299],[6.515146,50.272765],[6.514796,50.272758],[6.514808,50.272533],[6.514457,50.272526],[6.514469,50.272301],[6.514118,50.272294],[6.51413,50.272069],[6.513779,50.272061],[6.513815,50.271388],[6.513464,50.27138],[6.513476,50.271155],[6.513125,50.271148],[6.513137,50.270923],[6.512436,50.270908],[6.512448,50.270684],[6.511747,50.270669],[6.511759,50.270444],[6.511408,50.270436],[6.51142,50.270212],[6.511069,50.270204],[6.511081,50.26998],[6.510731,50.269972],[6.510742,50.269748],[6.511093,50.269755],[6.51114,50.268857],[6.51149,50.268864],[6.511525,50.26819],[6.511175,50.268183],[6.511222,50.267284],[6.511572,50.267292],[6.511631,50.266169],[6.511981,50.266176],[6.512028,50.265278],[6.511677,50.26527],[6.511724,50.264371],[6.511374,50.264364],[6.511386,50.264139],[6.511035,50.264132],[6.511059,50.263683],[6.510708,50.263675],[6.51072,50.26345],[6.510369,50.263443],[6.510405,50.262769],[6.510054,50.262762],[6.510113,50.261638],[6.510814,50.261653],[6.510849,50.26098],[6.511199,50.260987],[6.511223,50.260538],[6.511573,50.260545],[6.511596,50.260096],[6.511947,50.260104],[6.511959,50.259879],[6.512309,50.259886],[6.512321,50.259662],[6.512671,50.259669],[6.512694,50.25922],[6.512344,50.259213],[6.512426,50.25764],[6.512076,50.257633],[6.512099,50.257183],[6.511749,50.257176],[6.51176,50.256951],[6.51106,50.256936],[6.511071,50.256712],[6.510721,50.256704],[6.510733,50.256479],[6.510382,50.256472],[6.510394,50.256247],[6.510044,50.25624],[6.510055,50.256015],[6.509705,50.256008],[6.509728,50.255558],[6.509378,50.255551],[6.50939,50.255326],[6.509039,50.255319],[6.509051,50.255094],[6.508701,50.255087],[6.508712,50.254862],[6.508362,50.254854],[6.508374,50.25463],[6.508023,50.254622],[6.508035,50.254398],[6.507685,50.25439],[6.507697,50.254166],[6.507346,50.254158],[6.50737,50.253709],[6.507019,50.253701],[6.507043,50.253252],[6.506692,50.253244],[6.506704,50.25302],[6.506354,50.253012],[6.506365,50.252788],[6.505665,50.252773],[6.505712,50.251874],[6.506062,50.251882],[6.506074,50.251657],[6.506424,50.251665],[6.506436,50.25144],[6.506786,50.251447],[6.506798,50.251223],[6.507148,50.25123],[6.50716,50.251006],[6.50751,50.251013],[6.507522,50.250789],[6.507872,50.250796],[6.507896,50.250347],[6.508246,50.250354],[6.508258,50.25013],[6.508608,50.250137],[6.508643,50.249463],[6.508994,50.249471],[6.509017,50.249022],[6.509367,50.249029],[6.509379,50.248805],[6.509729,50.248812],[6.509753,50.248363],[6.510103,50.24837],[6.510138,50.247696],[6.510489,50.247704],[6.510524,50.24703],[6.510874,50.247038],[6.510921,50.246139],[6.511271,50.246147],[6.511341,50.244799],[6.510991,50.244791],[6.511003,50.244567],[6.510653,50.244559],[6.510688,50.243885],[6.510337,50.243878],[6.510349,50.243653],[6.508598,50.243616],[6.508586,50.24384],[6.506134,50.243788],[6.506122,50.244012],[6.504371,50.243975],[6.504383,50.24375],[6.504032,50.243742],[6.504044,50.243518],[6.503694,50.24351],[6.503706,50.243286],[6.502304,50.243255],[6.502316,50.243031],[6.501616,50.243016],[6.501627,50.242791],[6.501978,50.242799],[6.501989,50.242574],[6.50234,50.242582],[6.502351,50.242357],[6.502702,50.242364],[6.502854,50.239444],[6.502504,50.239437],[6.502563,50.238314],[6.502213,50.238306],[6.502224,50.238081],[6.501874,50.238074],[6.501886,50.237849],[6.501536,50.237842],[6.501547,50.237617],[6.501197,50.23761],[6.501209,50.237385],[6.500859,50.237377],[6.50087,50.237153],[6.50052,50.237145],[6.500532,50.236921],[6.500182,50.236913],[6.500229,50.236015],[6.499879,50.236007],[6.49989,50.235782],[6.49954,50.235775],[6.499552,50.23555],[6.499202,50.235543],[6.499213,50.235318],[6.498863,50.235311],[6.498875,50.235086],[6.498525,50.235078],[6.498536,50.234854],[6.498186,50.234846],[6.498198,50.234622],[6.497848,50.234614],[6.49786,50.234389],[6.494007,50.234306],[6.494019,50.234082],[6.492968,50.234059],[6.492957,50.234284],[6.491206,50.234246],[6.491194,50.234471],[6.490844,50.234463],[6.490832,50.234688],[6.490482,50.23468],[6.49047,50.234905],[6.49012,50.234897],[6.490108,50.235122],[6.489758,50.235114],[6.489746,50.235339],[6.489396,50.235331],[6.489384,50.235556],[6.487983,50.235526],[6.487971,50.23575],[6.48692,50.235727],[6.486897,50.236177],[6.486196,50.236162],[6.486185,50.236386],[6.485834,50.236379],[6.485823,50.236603],[6.485472,50.236596],[6.485461,50.23682],[6.48511,50.236813],[6.485098,50.237037],[6.484748,50.23703],[6.484736,50.237254],[6.484386,50.237247],[6.484374,50.237471],[6.484024,50.237464],[6.484012,50.237688],[6.483662,50.237681],[6.48365,50.237905],[6.4833,50.237898],[6.483288,50.238122],[6.482938,50.238115],[6.482926,50.238339],[6.482576,50.238332],[6.482588,50.238107],[6.482237,50.2381],[6.482249,50.237875],[6.481899,50.237867],[6.481911,50.237643],[6.48121,50.237628],[6.481222,50.237403],[6.480522,50.237388],[6.480534,50.237163],[6.475631,50.237057],[6.475642,50.236832],[6.470389,50.236718],[6.470472,50.235145],[6.471523,50.235168],[6.471535,50.234944],[6.471885,50.234951],[6.471897,50.234727],[6.474348,50.23478],[6.47436,50.234555],[6.475061,50.234571],[6.475073,50.234346],[6.476473,50.234376],[6.476485,50.234152],[6.476835,50.234159],[6.476859,50.23371],[6.477209,50.233718],[6.477221,50.233493],[6.477571,50.233501],[6.477583,50.233276],[6.477934,50.233284],[6.477945,50.233059],[6.478296,50.233067],[6.478307,50.232842],[6.478658,50.23285],[6.478669,50.232625],[6.47902,50.232633],[6.479031,50.232408],[6.479382,50.232416],[6.479394,50.232191],[6.479744,50.232199],[6.479767,50.231749],[6.480118,50.231757],[6.480129,50.231532],[6.48048,50.23154],[6.480491,50.231315],[6.481192,50.231331],[6.481204,50.231106],[6.481554,50.231114],[6.481566,50.230889],[6.481916,50.230896],[6.481928,50.230672],[6.482278,50.230679],[6.48229,50.230455],[6.48264,50.230462],[6.482652,50.230238],[6.483002,50.230245],[6.483014,50.230021],[6.483364,50.230028],[6.483388,50.229579],[6.483738,50.229587],[6.48375,50.229362],[6.48445,50.229377],[6.484438,50.229602],[6.485138,50.229617],[6.485127,50.229842],[6.487228,50.229887],[6.487239,50.229663],[6.48829,50.229685],[6.488302,50.229461],[6.490403,50.229506],[6.490415,50.229281],[6.490765,50.229289],[6.490777,50.229064],[6.491477,50.229079],[6.491465,50.229304],[6.491815,50.229312],[6.491839,50.228862],[6.49359,50.2289],[6.493601,50.228676],[6.493952,50.228683],[6.493963,50.228459],[6.494314,50.228466],[6.494443,50.225995],[6.494093,50.225988],[6.494105,50.225763],[6.494455,50.225771],[6.49449,50.225097],[6.49484,50.225104],[6.494864,50.224655],[6.495214,50.224663],[6.495226,50.224438],[6.495576,50.224445],[6.495588,50.224221],[6.495938,50.224228],[6.49595,50.224004],[6.495599,50.223996],[6.495611,50.223772],[6.495261,50.223764],[6.49532,50.222641],[6.49567,50.222648],[6.495741,50.221301],[6.496091,50.221308],[6.49615,50.220185],[6.4965,50.220193],[6.496511,50.219968],[6.496862,50.219976],[6.496873,50.219751],[6.497223,50.219758],[6.497235,50.219534],[6.497585,50.219541],[6.497621,50.218867],[6.497971,50.218875],[6.498041,50.217527],[6.498391,50.217535],[6.498415,50.217086],[6.498765,50.217093],[6.498777,50.216868],[6.499127,50.216876],[6.499138,50.216651],[6.499489,50.216659],[6.4995,50.216434],[6.49985,50.216442],[6.499862,50.216217],[6.500212,50.216225],[6.500224,50.216],[6.501274,50.216023],[6.501262,50.216247],[6.503713,50.2163],[6.503725,50.216075],[6.504775,50.216098],[6.504763,50.216323],[6.506163,50.216353],[6.506152,50.216577],[6.507202,50.2166],[6.50719,50.216824],[6.50754,50.216832],[6.507552,50.216607],[6.508252,50.216622],[6.508241,50.216847],[6.508941,50.216862],[6.508929,50.217087],[6.509979,50.217109],[6.509991,50.216885],[6.511391,50.216915],[6.51138,50.217139],[6.51278,50.217169],[6.512803,50.21672],[6.513153,50.216727],[6.513177,50.216278],[6.512827,50.216271],[6.51285,50.215821],[6.5125,50.215814],[6.512547,50.214915],[6.512897,50.214923],[6.513002,50.212901],[6.513352,50.212909],[6.513387,50.212235],[6.513037,50.212227],[6.513049,50.212003],[6.512699,50.211995],[6.51271,50.211771],[6.51306,50.211778],[6.513119,50.210655],[6.513469,50.210662],[6.51348,50.210438],[6.513831,50.210445],[6.513924,50.208648],[6.514624,50.208663],[6.514659,50.207989],[6.515009,50.207997],[6.515021,50.207772],[6.515721,50.207787],[6.515732,50.207563],[6.515382,50.207555],[6.515394,50.20733],[6.514694,50.207315],[6.514706,50.207091],[6.514356,50.207083],[6.514367,50.206859],[6.513317,50.206836],[6.513341,50.206387],[6.512991,50.206379],[6.513037,50.205481],[6.513387,50.205488],[6.513399,50.205264],[6.513749,50.205271],[6.513761,50.205047],[6.514111,50.205054],[6.514122,50.20483],[6.514472,50.204837],[6.514531,50.203714],[6.515231,50.203729],[6.515219,50.203953],[6.516269,50.203976],[6.516257,50.204201],[6.516607,50.204208],[6.516596,50.204433],[6.517296,50.204448],[6.517284,50.204672],[6.517984,50.204687],[6.517972,50.204912],[6.518322,50.204919],[6.518311,50.205144],[6.519711,50.205174],[6.519699,50.205399],[6.520049,50.205406],[6.520037,50.205631],[6.520387,50.205638],[6.520364,50.206087],[6.522464,50.206132],[6.522453,50.206357],[6.523153,50.206372],[6.523164,50.206147],[6.524564,50.206177],[6.524553,50.206402],[6.526303,50.206439],[6.526291,50.206664],[6.526991,50.206678],[6.526979,50.206903],[6.52768,50.206918],[6.527668,50.207143],[6.528018,50.20715],[6.528006,50.207375],[6.528356,50.207382],[6.528345,50.207607],[6.528695,50.207614],[6.528683,50.207839],[6.529033,50.207846],[6.529022,50.208071],[6.529372,50.208078],[6.52936,50.208303],[6.53006,50.208318],[6.530048,50.208543],[6.530398,50.20855],[6.53041,50.208325],[6.53076,50.208333],[6.530772,50.208108],[6.531122,50.208116],[6.531133,50.207891],[6.531483,50.207898],[6.531495,50.207674],[6.531845,50.207681],[6.531868,50.207232],[6.532218,50.207239],[6.532241,50.20679],[6.532591,50.206798],[6.532603,50.206573],[6.533303,50.206588],[6.533315,50.206363],[6.536815,50.206437],[6.536826,50.206213],[6.537526,50.206228],[6.537549,50.205778],[6.537199,50.205771],[6.537234,50.205097],[6.536884,50.20509],[6.536907,50.20464],[6.537257,50.204648],[6.537292,50.203974],[6.537992,50.203989],[6.538015,50.20354],[6.538365,50.203547],[6.538377,50.203322],[6.538027,50.203315],[6.538061,50.202641],[6.537711,50.202634],[6.537723,50.202409],[6.537373,50.202401],[6.537396,50.201952],[6.537046,50.201945],[6.537092,50.201046],[6.537792,50.201061],[6.537781,50.201286],[6.538481,50.201301],[6.538469,50.201525],[6.539519,50.201547],[6.539531,50.201323],[6.539881,50.20133],[6.539892,50.201106],[6.540942,50.201128],[6.540954,50.200903],[6.541304,50.200911],[6.541315,50.200686],[6.542015,50.200701],[6.542027,50.200476],[6.550076,50.200646],[6.550087,50.200422],[6.551487,50.200451],[6.551499,50.200227],[6.551849,50.200234],[6.55186,50.200009],[6.55221,50.200017],[6.552222,50.199792],[6.552572,50.199799],[6.552641,50.198452],[6.552991,50.198459],[6.553014,50.19801],[6.553364,50.198017],[6.553398,50.197343],[6.553048,50.197336],[6.553071,50.196886],[6.552721,50.196879],[6.552733,50.196654],[6.552383,50.196647],[6.552394,50.196422],[6.552044,50.196415],[6.552067,50.195966],[6.551717,50.195958],[6.55174,50.195509],[6.55139,50.195502],[6.551402,50.195277],[6.551052,50.19527],[6.551063,50.195045],[6.550713,50.195038],[6.550725,50.194813],[6.550375,50.194806],[6.550398,50.194356],[6.550048,50.194349],[6.55006,50.194124],[6.54971,50.194117],[6.549733,50.193668],[6.549383,50.19366],[6.549429,50.192762],[6.548729,50.192747],[6.54874,50.192522],[6.548041,50.192508],[6.548052,50.192283],[6.547002,50.192261],[6.547014,50.192036],[6.546314,50.192021],[6.546326,50.191797],[6.545976,50.191789],[6.545987,50.191565],[6.545637,50.191557],[6.545649,50.191333],[6.545299,50.191325],[6.54531,50.191101],[6.54496,50.191093],[6.544972,50.190869],[6.544622,50.190861],[6.544634,50.190637],[6.544284,50.190629],[6.544295,50.190405],[6.543945,50.190397],[6.543957,50.190172],[6.543607,50.190165],[6.54363,50.189716],[6.54328,50.189708],[6.543338,50.188585],[6.542988,50.188578],[6.543034,50.187679],[6.542684,50.187672],[6.542696,50.187447],[6.541996,50.187432],[6.542008,50.187208],[6.541658,50.1872],[6.541669,50.186976],[6.541319,50.186968],[6.541331,50.186744],[6.540981,50.186736],[6.540993,50.186512],[6.540643,50.186504],[6.540654,50.18628],[6.540304,50.186272],[6.540316,50.186048],[6.539966,50.18604],[6.539978,50.185815],[6.539628,50.185808],[6.539639,50.185583],[6.539289,50.185576],[6.539301,50.185351],[6.538951,50.185344],[6.538963,50.185119],[6.538613,50.185112],[6.538624,50.184887],[6.537925,50.184872],[6.537936,50.184648],[6.537236,50.184633],[6.537248,50.184408],[6.535849,50.184379],[6.53586,50.184154],[6.534111,50.184117],[6.534122,50.183892],[6.533423,50.183877],[6.533434,50.183653],[6.532385,50.18363],[6.532443,50.182507],[6.532793,50.182515],[6.532804,50.18229],[6.533154,50.182297],[6.533166,50.182073],[6.533515,50.18208],[6.533527,50.181856],[6.533877,50.181863],[6.533888,50.181638],[6.534238,50.181646],[6.53425,50.181421],[6.536349,50.181466],[6.53636,50.181241],[6.53671,50.181249],[6.536722,50.181024],[6.537072,50.181031],[6.537083,50.180807],[6.537433,50.180814],[6.537444,50.18059],[6.537794,50.180597],[6.537806,50.180372],[6.538505,50.180387],[6.538517,50.180163],[6.539916,50.180192],[6.539928,50.179968],[6.542726,50.180027],[6.542738,50.179802],[6.543088,50.17981],[6.543249,50.176665],[6.542899,50.176657],[6.542957,50.175534],[6.543307,50.175541],[6.543364,50.174418],[6.543015,50.174411],[6.543049,50.173737],[6.542699,50.17373],[6.542711,50.173505],[6.542361,50.173498],[6.542373,50.173273],[6.542023,50.173265],[6.542034,50.173041],[6.541335,50.173026],[6.541346,50.172801],[6.540997,50.172794],[6.541008,50.172569],[6.540309,50.172555],[6.54032,50.17233],[6.53997,50.172322],[6.539982,50.172098],[6.539632,50.17209],[6.539644,50.171866],[6.538944,50.171851],[6.538956,50.171626],[6.538606,50.171619],[6.538618,50.171394],[6.537918,50.171379],[6.53793,50.171155],[6.53758,50.171147],[6.537591,50.170923],[6.536892,50.170908],[6.536903,50.170683],[6.536554,50.170676],[6.536565,50.170451],[6.536216,50.170444],[6.536227,50.170219],[6.535877,50.170212],[6.535889,50.169987],[6.535189,50.169972],[6.535213,50.169523],[6.534863,50.169516],[6.534874,50.169291],[6.534525,50.169283],[6.534548,50.168834],[6.534198,50.168827],[6.53421,50.168602],[6.53386,50.168595],[6.533871,50.16837],[6.533522,50.168363],[6.533533,50.168138],[6.533183,50.168131],[6.533195,50.167906],[6.531796,50.167876],[6.531808,50.167652],[6.531108,50.167637],[6.531131,50.167187],[6.530782,50.16718],[6.530793,50.166955],[6.530444,50.166948],[6.530467,50.166499],[6.530117,50.166491],[6.530129,50.166267],[6.529779,50.166259],[6.52979,50.166034],[6.53014,50.166042],[6.530152,50.165817],[6.530501,50.165825],[6.530525,50.165375],[6.530874,50.165383],[6.530886,50.165158],[6.531236,50.165166],[6.53127,50.164492],[6.53162,50.164499],[6.531632,50.164275],[6.531981,50.164282],[6.532004,50.163833],[6.532354,50.16384],[6.532366,50.163616],[6.532715,50.163623],[6.532727,50.163398],[6.533776,50.163421],[6.533788,50.163196],[6.534137,50.163203],[6.534149,50.162979],[6.534499,50.162986],[6.53451,50.162762],[6.53486,50.162769],[6.534871,50.162544],[6.535221,50.162552],[6.535244,50.162103],[6.535594,50.16211],[6.535629,50.161436],[6.535978,50.161443],[6.536001,50.160994],[6.536351,50.161002],[6.536363,50.160777],[6.536712,50.160784],[6.536724,50.16056],[6.537074,50.160567],[6.537108,50.159893],[6.537458,50.159901],[6.537481,50.159451],[6.537831,50.159459],[6.537854,50.15901],[6.538203,50.159017],[6.538226,50.158568],[6.538576,50.158575],[6.538588,50.15835],[6.538937,50.158358],[6.53896,50.157909],[6.53931,50.157916],[6.539322,50.157691],[6.539671,50.157699],[6.539683,50.157474],[6.540032,50.157482],[6.540056,50.157032],[6.541804,50.157069],[6.541815,50.156845],[6.542165,50.156852],[6.542153,50.157077],[6.543902,50.157114],[6.543913,50.156889],[6.544613,50.156904],[6.544624,50.156679],[6.544974,50.156687],[6.544985,50.156462],[6.545335,50.156469],[6.545369,50.155795],[6.545719,50.155803],[6.545754,50.155129],[6.546103,50.155136],[6.546115,50.154912],[6.546464,50.154919],[6.546476,50.154694],[6.546826,50.154702],[6.54686,50.154028],[6.54721,50.154035],[6.547244,50.153361],[6.547594,50.153369],[6.547605,50.153144],[6.547955,50.153152],[6.547966,50.152927],[6.548316,50.152934],[6.548351,50.15226],[6.5487,50.152268],[6.548712,50.152043],[6.549411,50.152058],[6.549422,50.151833],[6.549772,50.151841],[6.549783,50.151616],[6.55293,50.151682],[6.553045,50.149436],[6.552695,50.149429],[6.552718,50.148979],[6.552368,50.148972],[6.552403,50.148298],[6.552053,50.148291],[6.552065,50.148066],[6.551366,50.148051],[6.5514,50.147377],[6.55105,50.14737],[6.551062,50.147145],[6.551411,50.147153],[6.551457,50.146254],[6.551108,50.146247],[6.551154,50.145348],[6.551503,50.145356],[6.551526,50.144906],[6.551876,50.144914],[6.551899,50.144464],[6.552248,50.144472],[6.55226,50.144247],[6.552609,50.144254],[6.552621,50.14403],[6.55332,50.144045],[6.553331,50.14382],[6.553681,50.143827],[6.553692,50.143603],[6.554741,50.143625],[6.554753,50.1434],[6.555452,50.143415],[6.55544,50.143639],[6.55579,50.143647],[6.555778,50.143871],[6.556128,50.143879],[6.556139,50.143654],[6.556489,50.143662],[6.5565,50.143437],[6.55685,50.143444],[6.556861,50.14322],[6.55826,50.143249],[6.558271,50.143024],[6.55897,50.143039],[6.558982,50.142814],[6.559331,50.142822],[6.559343,50.142597],[6.559692,50.142605],[6.559704,50.14238],[6.560053,50.142387],[6.560065,50.142163],[6.561113,50.142185],[6.561125,50.14196],[6.561474,50.141967],[6.561463,50.142192],[6.562162,50.142207],[6.562196,50.141533],[6.561847,50.141525],[6.561927,50.139953],[6.562276,50.13996],[6.562299,50.139511],[6.561949,50.139504],[6.562007,50.13838],[6.561657,50.138373],[6.56168,50.137924],[6.56133,50.137916],[6.561353,50.137467],[6.561004,50.13746],[6.561027,50.137011],[6.560677,50.137003],[6.5607,50.136554],[6.56035,50.136547],[6.560373,50.136097],[6.560024,50.13609],[6.560035,50.135865],[6.559686,50.135858],[6.559697,50.135633],[6.559348,50.135626],[6.559359,50.135401],[6.55866,50.135387],[6.558671,50.135162],[6.557972,50.135147],[6.558053,50.133575],[6.558402,50.133582],[6.558574,50.130213],[6.558224,50.130205],[6.55827,50.129307],[6.55792,50.129299],[6.557943,50.12885],[6.558293,50.128857],[6.558304,50.128633],[6.558654,50.12864],[6.558665,50.128415],[6.559014,50.128423],[6.559037,50.127973],[6.559387,50.127981],[6.55941,50.127531],[6.559759,50.127539],[6.559782,50.12709],[6.560131,50.127097],[6.560143,50.126872],[6.560492,50.12688],[6.560515,50.12643],[6.560865,50.126438],[6.560922,50.125314],[6.560572,50.125307],[6.560641,50.123959],[6.560291,50.123952],[6.560314,50.123503],[6.559965,50.123495],[6.559988,50.123046],[6.559638,50.123039],[6.559661,50.122589],[6.559312,50.122582],[6.559369,50.121459],[6.559019,50.121451],[6.559031,50.121227],[6.558681,50.121219],[6.558716,50.120546],[6.558366,50.120538],[6.558378,50.120314],[6.558028,50.120306],[6.55804,50.120082],[6.55769,50.120074],[6.557702,50.11985],[6.557003,50.119835],[6.557026,50.119386],[6.557375,50.119393],[6.557398,50.118944],[6.557049,50.118936],[6.557095,50.118038],[6.556396,50.118023],[6.556407,50.117798],[6.556058,50.117791],[6.556104,50.116892],[6.555754,50.116885],[6.555766,50.11666],[6.555416,50.116653],[6.555439,50.116204],[6.55509,50.116196],[6.555101,50.115972],[6.554403,50.115957],[6.554414,50.115732],[6.554065,50.115725],[6.554076,50.1155],[6.553727,50.115493],[6.553738,50.115268],[6.55269,50.115246],[6.552702,50.115022],[6.552352,50.115014],[6.552375,50.114565],[6.552026,50.114558],[6.552037,50.114333],[6.551688,50.114326],[6.5517,50.114101],[6.55135,50.114094],[6.551385,50.11342],[6.551035,50.113412],[6.551047,50.113188],[6.550697,50.11318],[6.550709,50.112956],[6.550359,50.112948],[6.550451,50.111151],[6.550801,50.111159],[6.550823,50.110709],[6.551173,50.110717],[6.551184,50.110492],[6.550835,50.110485],[6.550846,50.11026],[6.549798,50.110238],[6.54981,50.110013],[6.549111,50.109998],[6.549123,50.109774],[6.548424,50.109759],[6.548436,50.109534],[6.547737,50.10952],[6.547748,50.109295],[6.547399,50.109288],[6.547411,50.109063],[6.547061,50.109056],[6.547073,50.108831],[6.546724,50.108824],[6.546735,50.108599],[6.546386,50.108592],[6.546397,50.108367],[6.546048,50.10836],[6.546059,50.108135],[6.545361,50.10812],[6.545372,50.107895],[6.545023,50.107888],[6.545034,50.107663],[6.544685,50.107656],[6.544708,50.107207],[6.544359,50.107199],[6.54437,50.106975],[6.544021,50.106967],[6.544044,50.106518],[6.543345,50.106503],[6.543449,50.104482],[6.5431,50.104474],[6.543157,50.103351],[6.542808,50.103344],[6.542831,50.102894],[6.542482,50.102887],[6.542516,50.102213],[6.542167,50.102206],[6.542178,50.101981],[6.54148,50.101966],[6.541549,50.100618],[6.541898,50.100626],[6.542002,50.098604],[6.542351,50.098611],[6.542374,50.098162],[6.542025,50.098155],[6.542036,50.09793],[6.541687,50.097923],[6.54171,50.097473],[6.541361,50.097466],[6.541372,50.097241],[6.541023,50.097234],[6.541034,50.097009],[6.540336,50.096994],[6.540348,50.09677],[6.5393,50.096748],[6.539311,50.096523],[6.538264,50.096501],[6.538275,50.096276],[6.537228,50.096254],[6.537239,50.096029],[6.536192,50.096007],[6.536249,50.094884],[6.5359,50.094876],[6.535912,50.094652],[6.535562,50.094644],[6.535608,50.093746],[6.535958,50.093753],[6.535969,50.093529],[6.535271,50.093514],[6.535282,50.093289],[6.534933,50.093282],[6.534945,50.093057],[6.534246,50.093042],[6.534258,50.092818],[6.533559,50.092803],[6.533583,50.092353],[6.533233,50.092346],[6.533245,50.092121],[6.532896,50.092114],[6.532919,50.091665],[6.53222,50.09165],[6.532244,50.0912],[6.531894,50.091193],[6.531917,50.090744],[6.531568,50.090736],[6.53158,50.090512],[6.530532,50.090489],[6.530544,50.090265],[6.530195,50.090257],[6.530229,50.089583],[6.52988,50.089576],[6.52995,50.088228],[6.5296,50.088221],[6.529612,50.087996],[6.529961,50.088004],[6.530053,50.086206],[6.529704,50.086199],[6.529716,50.085974],[6.529367,50.085967],[6.529401,50.085293],[6.529052,50.085286],[6.529087,50.084612],[6.529436,50.084619],[6.529505,50.083271],[6.529855,50.083279],[6.529889,50.082605],[6.530238,50.082612],[6.530273,50.081938],[6.529924,50.081931],[6.529947,50.081482],[6.529598,50.081474],[6.529609,50.08125],[6.52926,50.081242],[6.529272,50.081017],[6.528923,50.08101],[6.528957,50.080336],[6.528608,50.080329],[6.528643,50.079655],[6.528992,50.079662],[6.529004,50.079438],[6.529353,50.079445],[6.529376,50.078996],[6.529725,50.079003],[6.52976,50.078329],[6.530109,50.078337],[6.530143,50.077663],[6.530492,50.07767],[6.530504,50.077446],[6.530853,50.077453],[6.530864,50.077228],[6.531214,50.077236],[6.531237,50.076786],[6.531586,50.076794],[6.531597,50.076569],[6.531946,50.076577],[6.532004,50.075453],[6.531306,50.075439],[6.531317,50.075214],[6.530968,50.075207],[6.53098,50.074982],[6.530631,50.074974],[6.530642,50.07475],[6.530293,50.074742],[6.530305,50.074518],[6.529956,50.07451],[6.529967,50.074286],[6.529269,50.074271],[6.529304,50.073597],[6.529653,50.073604],[6.529665,50.07338],[6.530014,50.073387],[6.530025,50.073163],[6.530374,50.07317],[6.530386,50.072945],[6.530735,50.072953],[6.530746,50.072728],[6.531095,50.072736],[6.531118,50.072286],[6.531467,50.072294],[6.531479,50.072069],[6.531828,50.072076],[6.531863,50.071403],[6.532212,50.07141],[6.532223,50.071185],[6.532572,50.071193],[6.532584,50.070968],[6.532933,50.070976],[6.532944,50.070751],[6.533642,50.070766],[6.533631,50.07099],[6.535376,50.071027],[6.535387,50.070803],[6.535737,50.07081],[6.535748,50.070586],[6.536795,50.070608],[6.536807,50.070383],[6.537156,50.070391],[6.537167,50.070166],[6.537865,50.070181],[6.537877,50.069956],[6.538226,50.069964],[6.538249,50.069514],[6.538598,50.069522],[6.538586,50.069746],[6.539284,50.069761],[6.539296,50.069536],[6.539645,50.069544],[6.539668,50.069095],[6.540017,50.069102],[6.540132,50.066856],[6.540481,50.066863],[6.540492,50.066638],[6.540841,50.066646],[6.540853,50.066421],[6.541202,50.066428],[6.541236,50.065755],[6.541585,50.065762],[6.541608,50.065313],[6.541957,50.06532],[6.54198,50.064871],[6.542329,50.064878],[6.542352,50.064429],[6.542003,50.064421],[6.542015,50.064197],[6.541317,50.064182],[6.541328,50.063957],[6.54063,50.063943],[6.540642,50.063718],[6.539944,50.063703],[6.539955,50.063479],[6.539257,50.063464],[6.539246,50.063688],[6.538897,50.063681],[6.538908,50.063456],[6.538559,50.063449],[6.538582,50.063],[6.538233,50.062992],[6.538245,50.062768],[6.537896,50.06276],[6.537919,50.062311],[6.53757,50.062304],[6.537581,50.062079],[6.537233,50.062071],[6.537302,50.060724],[6.537651,50.060731],[6.537662,50.060506],[6.538011,50.060514],[6.538103,50.058717],[6.537754,50.058709],[6.537789,50.058035],[6.53744,50.058028],[6.537474,50.057354],[6.537125,50.057347],[6.537137,50.057122],[6.536788,50.057115],[6.536799,50.05689],[6.53645,50.056882],[6.536462,50.056658],[6.536113,50.05665],[6.536148,50.055977],[6.535101,50.055954],[6.535112,50.05573],[6.534763,50.055722],[6.534775,50.055498],[6.534426,50.05549],[6.534437,50.055266],[6.534089,50.055258],[6.5341,50.055033],[6.533751,50.055026],[6.533763,50.054801],[6.533414,50.054794],[6.533425,50.054569],[6.533076,50.054562],[6.533088,50.054337],[6.532739,50.05433],[6.532751,50.054105],[6.532053,50.05409],[6.532064,50.053866],[6.531715,50.053858],[6.531727,50.053634],[6.531378,50.053626],[6.53139,50.053402],[6.531041,50.053394],[6.531064,50.052945],[6.530715,50.052937],[6.530772,50.051814],[6.530424,50.051807],[6.53047,50.050908],[6.530819,50.050916],[6.530842,50.050466],[6.530493,50.050459],[6.530562,50.049111],[6.530213,50.049104],[6.530248,50.04843],[6.530945,50.048445],[6.530957,50.04822],[6.531306,50.048227],[6.531329,50.047778],[6.531678,50.047786],[6.531689,50.047561],[6.530992,50.047546],[6.531003,50.047321],[6.530654,50.047314],[6.530666,50.047089],[6.530317,50.047082],[6.53034,50.046633],[6.529991,50.046625],[6.530095,50.044604],[6.529746,50.044596],[6.529758,50.044371],[6.529409,50.044364],[6.529432,50.043915],[6.529083,50.043907],[6.529141,50.042784],[6.528443,50.042769],[6.528489,50.041871],[6.52814,50.041863],[6.528164,50.041414],[6.527815,50.041407],[6.527884,50.040059],[6.527535,50.040051],[6.527604,50.038703],[6.527256,50.038696],[6.527337,50.037124],[6.526988,50.037116],[6.527011,50.036667],[6.526662,50.036659],[6.526708,50.035761],[6.526359,50.035753],[6.526394,50.035079],[6.52465,50.035042],[6.524662,50.034818],[6.522569,50.034773],[6.522592,50.034324],[6.522244,50.034316],[6.522255,50.034092],[6.521906,50.034084],[6.521953,50.033186],[6.521604,50.033178],[6.521627,50.032729],[6.521278,50.032721],[6.52129,50.032497],[6.521639,50.032504],[6.521685,50.031606],[6.522034,50.031613],[6.522057,50.031164],[6.521708,50.031156],[6.521731,50.030707],[6.52208,50.030714],[6.522115,50.030041],[6.521766,50.030033],[6.521801,50.029359],[6.522149,50.029367],[6.522265,50.02712],[6.522614,50.027128],[6.522625,50.026903],[6.522974,50.026911],[6.522986,50.026686],[6.523334,50.026693],[6.523346,50.026469],[6.523694,50.026476],[6.523752,50.025353],[6.524101,50.02536],[6.524124,50.024911],[6.524473,50.024919],[6.524496,50.024469],[6.524845,50.024477],[6.524891,50.023578],[6.525239,50.023586],[6.525251,50.023361],[6.526297,50.023383],[6.526309,50.023159],[6.526657,50.023166],[6.526669,50.022941],[6.527017,50.022949],[6.527029,50.022724],[6.528424,50.022754],[6.528447,50.022305],[6.528795,50.022312],[6.528807,50.022087],[6.529156,50.022095],[6.529167,50.02187],[6.529516,50.021878],[6.529539,50.021428],[6.529888,50.021436],[6.529911,50.020987],[6.530259,50.020994],[6.530282,50.020545],[6.530631,50.020552],[6.530642,50.020327],[6.530991,50.020335],[6.531014,50.019886],[6.531363,50.019893],[6.531374,50.019668],[6.531723,50.019676],[6.531746,50.019226],[6.532095,50.019234],[6.532118,50.018785],[6.532466,50.018792],[6.532489,50.018343],[6.532838,50.01835],[6.532884,50.017452],[6.533233,50.017459],[6.533279,50.01656],[6.533627,50.016568],[6.533639,50.016343],[6.53329,50.016336],[6.533313,50.015887],[6.533662,50.015894],[6.533673,50.015669],[6.534022,50.015677],[6.534034,50.015452],[6.534382,50.015459],[6.534394,50.015235],[6.534742,50.015242],[6.534765,50.014793],[6.535114,50.0148],[6.535137,50.014351],[6.535486,50.014359],[6.535509,50.013909],[6.53516,50.013902],[6.535183,50.013453],[6.534834,50.013445],[6.534903,50.012097],[6.534555,50.01209],[6.534566,50.011865],[6.534218,50.011858],[6.534275,50.010735],[6.533229,50.010712],[6.533252,50.010263],[6.532904,50.010256],[6.532938,50.009582],[6.53259,50.009574],[6.532613,50.009125],[6.532961,50.009132],[6.533053,50.007335],[6.532705,50.007328],[6.532716,50.007103],[6.532368,50.007096],[6.532425,50.005973],[6.532774,50.00598],[6.532785,50.005755],[6.533134,50.005763],[6.533145,50.005538],[6.533842,50.005553],[6.533854,50.005328],[6.534203,50.005336],[6.534214,50.005111],[6.534563,50.005119],[6.534586,50.004669],[6.534237,50.004662],[6.53434,50.00264],[6.533643,50.002625],[6.533689,50.001727],[6.533341,50.001719],[6.533364,50.00127],[6.533712,50.001277],[6.533793,49.999705],[6.533444,49.999697],[6.533467,49.999248],[6.533119,49.999241],[6.533153,49.998567],[6.533502,49.998574],[6.533513,49.99835],[6.533862,49.998357],[6.533873,49.998132],[6.534222,49.99814],[6.534245,49.99769],[6.533896,49.997683],[6.533908,49.997458],[6.533559,49.997451],[6.533582,49.997002],[6.533931,49.997009],[6.534011,49.995437],[6.53436,49.995444],[6.534383,49.994995],[6.534034,49.994987],[6.534057,49.994538],[6.533709,49.994531],[6.533755,49.993632],[6.533406,49.993625],[6.533418,49.9934],[6.533069,49.993393],[6.533092,49.992943],[6.532744,49.992936],[6.532755,49.992711],[6.532407,49.992704],[6.532419,49.992479],[6.53207,49.992472],[6.532082,49.992247],[6.531733,49.99224],[6.531745,49.992015],[6.531396,49.992008],[6.531408,49.991783],[6.531059,49.991776],[6.531163,49.989754],[6.531511,49.989761],[6.531534,49.989312],[6.531883,49.989319],[6.531906,49.98887],[6.532254,49.988878],[6.532266,49.988653],[6.532614,49.98866],[6.532626,49.988436],[6.532974,49.988443],[6.532985,49.988218],[6.533334,49.988226],[6.533345,49.988001],[6.533694,49.988009],[6.533705,49.987784],[6.534054,49.987791],[6.534065,49.987567],[6.534414,49.987574],[6.534425,49.987349],[6.534774,49.987357],[6.534785,49.987132],[6.535133,49.98714],[6.535145,49.986915],[6.535493,49.986922],[6.535562,49.985575],[6.535911,49.985582],[6.53598,49.984234],[6.536328,49.984242],[6.536351,49.983792],[6.536699,49.9838],[6.536734,49.983126],[6.536385,49.983118],[6.536397,49.982894],[6.536048,49.982886],[6.536071,49.982437],[6.535723,49.98243],[6.535735,49.982205],[6.535386,49.982198],[6.535398,49.981973],[6.535049,49.981965],[6.535061,49.981741],[6.534712,49.981733],[6.534724,49.981509],[6.534375,49.981501],[6.534387,49.981277],[6.534039,49.981269],[6.53405,49.981045],[6.533702,49.981037],[6.533713,49.980813],[6.533365,49.980805],[6.533376,49.980581],[6.533028,49.980573],[6.533039,49.980348],[6.531994,49.980326],[6.532017,49.979877],[6.532366,49.979884],[6.532377,49.97966],[6.532029,49.979652],[6.53204,49.979428],[6.531692,49.97942],[6.531715,49.978971],[6.53067,49.978949],[6.530681,49.978724],[6.531378,49.978739],[6.53139,49.978514],[6.531041,49.978507],[6.531064,49.978058],[6.530716,49.97805],[6.530739,49.977601],[6.530391,49.977593],[6.530402,49.977369],[6.530054,49.977361],[6.530065,49.977137],[6.529717,49.977129],[6.52974,49.97668],[6.529392,49.976673],[6.529415,49.976223],[6.529066,49.976216],[6.529078,49.975991],[6.528729,49.975984],[6.528741,49.975759],[6.528393,49.975752],[6.528404,49.975527],[6.528056,49.97552],[6.528067,49.975295],[6.527371,49.97528],[6.527382,49.975056],[6.526337,49.975033],[6.52636,49.974584],[6.524967,49.974554],[6.524978,49.97433],[6.52463,49.974322],[6.524653,49.973873],[6.525001,49.97388],[6.525013,49.973656],[6.525361,49.973663],[6.525407,49.972765],[6.525756,49.972772],[6.52579,49.972098],[6.525442,49.972091],[6.525465,49.971641],[6.525117,49.971634],[6.525174,49.970511],[6.525523,49.970518],[6.525546,49.970069],[6.525197,49.970061],[6.525209,49.969837],[6.524861,49.969829],[6.524884,49.96938],[6.524535,49.969373],[6.524558,49.968923],[6.52421,49.968916],[6.524233,49.968467],[6.523885,49.968459],[6.523897,49.968235],[6.523548,49.968227],[6.52356,49.968002],[6.524256,49.968017],[6.524279,49.967568],[6.525672,49.967598],[6.525684,49.967373],[6.526381,49.967388],[6.526438,49.966265],[6.52609,49.966257],[6.526113,49.965808],[6.526809,49.965823],[6.526821,49.965598],[6.527517,49.965613],[6.527529,49.965388],[6.527877,49.965396],[6.527843,49.96607],[6.528888,49.966092],[6.528899,49.965867],[6.529247,49.965875],[6.529236,49.9661],[6.529584,49.966107],[6.529561,49.966556],[6.529213,49.966549],[6.529201,49.966773],[6.530246,49.966796],[6.530258,49.966571],[6.531302,49.966593],[6.531325,49.966144],[6.53237,49.966166],[6.532405,49.965492],[6.533449,49.965515],[6.533461,49.96529],[6.533809,49.965297],[6.533821,49.965073],[6.535214,49.965102],[6.535225,49.964878],[6.535573,49.964885],[6.535585,49.96466],[6.535933,49.964668],[6.535945,49.964443],[6.536293,49.964451],[6.536304,49.964226],[6.536653,49.964233],[6.536664,49.964009],[6.537012,49.964016],[6.537035,49.963567],[6.537384,49.963574],[6.537395,49.96335],[6.538092,49.963364],[6.538103,49.96314],[6.539496,49.963169],[6.539519,49.96272],[6.539867,49.962727],[6.539879,49.962503],[6.540227,49.96251],[6.540238,49.962285],[6.540587,49.962293],[6.540598,49.962068],[6.541294,49.962083],[6.541363,49.960735],[6.541711,49.960743],[6.541746,49.960069],[6.542094,49.960076],[6.542117,49.959627],[6.542465,49.959634],[6.542476,49.959409],[6.542825,49.959417],[6.542848,49.958968],[6.542151,49.958953],[6.542163,49.958728],[6.541118,49.958706],[6.541141,49.958257],[6.540793,49.958249],[6.540816,49.9578],[6.540467,49.957793],[6.540479,49.957568],[6.540131,49.957561],[6.540142,49.957336],[6.539794,49.957329],[6.539805,49.957104],[6.539457,49.957096],[6.539526,49.955749],[6.539178,49.955741],[6.539189,49.955517],[6.538841,49.955509],[6.538852,49.955285],[6.538504,49.955277],[6.53855,49.954379],[6.538202,49.954371],[6.538213,49.954147],[6.538561,49.954154],[6.538596,49.95348],[6.538248,49.953473],[6.538259,49.953248],[6.538607,49.953255],[6.538619,49.953031],[6.538271,49.953023],[6.538282,49.952799],[6.537934,49.952791],[6.53798,49.951893],[6.538328,49.9519],[6.538339,49.951675],[6.539036,49.95169],[6.539047,49.951466],[6.539743,49.95148],[6.539755,49.951256],[6.540451,49.95127],[6.540463,49.951046],[6.540811,49.951053],[6.540822,49.950829],[6.54117,49.950836],[6.541193,49.950387],[6.541541,49.950394],[6.541553,49.950169],[6.541901,49.950177],[6.541912,49.949952],[6.542261,49.94996],[6.542283,49.94951],[6.542632,49.949518],[6.542643,49.949293],[6.542991,49.9493],[6.543003,49.949076],[6.543351,49.949083],[6.543362,49.948858],[6.54371,49.948866],[6.543722,49.948641],[6.544418,49.948656],[6.54443,49.948431],[6.544778,49.948439],[6.544789,49.948214],[6.545137,49.948221],[6.545149,49.947997],[6.545497,49.948004],[6.545508,49.947779],[6.54516,49.947772],[6.545172,49.947547],[6.544475,49.947533],[6.544464,49.947757],[6.543768,49.947743],[6.54379,49.947293],[6.543442,49.947286],[6.543454,49.947061],[6.543802,49.947069],[6.543813,49.946844],[6.544161,49.946851],[6.544207,49.945953],[6.543163,49.945931],[6.543197,49.945257],[6.543545,49.945264],[6.543557,49.945039],[6.54286,49.945025],[6.542883,49.944575],[6.542535,49.944568],[6.542592,49.943445],[6.542244,49.943437],[6.542256,49.943213],[6.542604,49.94322],[6.542638,49.942546],[6.542986,49.942554],[6.542998,49.942329],[6.543346,49.942336],[6.543426,49.940764],[6.543774,49.940771],[6.543808,49.940097],[6.543112,49.940082],[6.543123,49.939858],[6.542079,49.939836],[6.54209,49.939611],[6.541742,49.939604],[6.541754,49.939379],[6.541406,49.939372],[6.541417,49.939147],[6.540721,49.939132],[6.540733,49.938908],[6.540036,49.938893],[6.540048,49.938668],[6.539352,49.938653],[6.539363,49.938429],[6.539015,49.938421],[6.539026,49.938197],[6.538678,49.938189],[6.538701,49.93774],[6.538005,49.937725],[6.538028,49.937276],[6.538376,49.937283],[6.538388,49.937059],[6.538736,49.937066],[6.538747,49.936841],[6.539095,49.936849],[6.539107,49.936624],[6.539455,49.936632],[6.539466,49.936407],[6.54051,49.936429],[6.540522,49.936204],[6.542262,49.936241],[6.542273,49.936017],[6.541925,49.936009],[6.541937,49.935785],[6.541589,49.935777],[6.541612,49.935328],[6.54196,49.935335],[6.541971,49.935111],[6.542319,49.935118],[6.542331,49.934893],[6.542679,49.934901],[6.54269,49.934676],[6.545822,49.934743],[6.545811,49.934967],[6.546159,49.934975],[6.546171,49.93475],[6.546867,49.934765],[6.546878,49.93454],[6.547226,49.934547],[6.547249,49.934098],[6.547597,49.934105],[6.547608,49.933881],[6.547956,49.933888],[6.547968,49.933663],[6.548316,49.933671],[6.548327,49.933446],[6.548675,49.933454],[6.548687,49.933229],[6.549383,49.933244],[6.549394,49.933019],[6.549046,49.933012],[6.549092,49.932113],[6.548744,49.932106],[6.548755,49.931881],[6.548407,49.931874],[6.548418,49.931649],[6.547722,49.931634],[6.547734,49.93141],[6.547386,49.931402],[6.547397,49.931178],[6.546701,49.931163],[6.546713,49.930938],[6.546365,49.930931],[6.546376,49.930706],[6.54568,49.930692],[6.545691,49.930467],[6.544995,49.930452],[6.545007,49.930227],[6.544311,49.930213],[6.544322,49.929988],[6.543974,49.929981],[6.543986,49.929756],[6.54329,49.929741],[6.543301,49.929517],[6.542605,49.929502],[6.542616,49.929277],[6.542268,49.92927],[6.54228,49.929045],[6.541932,49.929038],[6.541943,49.928813],[6.541247,49.928798],[6.541259,49.928574],[6.540563,49.928559],[6.540574,49.928334],[6.539878,49.92832],[6.53989,49.928095],[6.539194,49.92808],[6.539205,49.927856],[6.538509,49.927841],[6.538566,49.926718],[6.538218,49.92671],[6.53823,49.926486],[6.537882,49.926478],[6.537905,49.926029],[6.537209,49.926014],[6.53722,49.925789],[6.536872,49.925782],[6.536941,49.924434],[6.537289,49.924442],[6.537312,49.923992],[6.536964,49.923985],[6.53701,49.923086],[6.536662,49.923079],[6.536685,49.92263],[6.537033,49.922637],[6.537124,49.92084],[6.537472,49.920847],[6.537495,49.920398],[6.537843,49.920405],[6.537866,49.919956],[6.538214,49.919963],[6.538225,49.919739],[6.538573,49.919746],[6.538585,49.919521],[6.538932,49.919529],[6.538955,49.91908],[6.538607,49.919072],[6.538619,49.918848],[6.538271,49.91884],[6.538282,49.918615],[6.537934,49.918608],[6.537969,49.917934],[6.537621,49.917927],[6.537644,49.917477],[6.537992,49.917485],[6.538037,49.916586],[6.538385,49.916594],[6.538431,49.915695],[6.538779,49.915702],[6.538825,49.914804],[6.539173,49.914811],[6.539218,49.913913],[6.538871,49.913905],[6.538893,49.913456],[6.538546,49.913449],[6.538614,49.912101],[6.538266,49.912093],[6.538278,49.911869],[6.53793,49.911861],[6.537941,49.911637],[6.537593,49.911629],[6.537605,49.911405],[6.536909,49.91139],[6.536921,49.911165],[6.535877,49.911143],[6.5359,49.910694],[6.535204,49.910679],[6.535216,49.910454],[6.534172,49.910432],[6.534184,49.910207],[6.533488,49.910193],[6.533511,49.909743],[6.533859,49.909751],[6.533881,49.909301],[6.534229,49.909309],[6.534241,49.909084],[6.534589,49.909092],[6.534612,49.908642],[6.534959,49.90865],[6.534971,49.908425],[6.535319,49.908432],[6.53533,49.908208],[6.535678,49.908215],[6.535689,49.907991],[6.536037,49.907998],[6.53614,49.905976],[6.535793,49.905969],[6.535827,49.905295],[6.535479,49.905287],[6.535559,49.903715],[6.535211,49.903707],[6.535234,49.903258],[6.534887,49.903251],[6.534909,49.902801],[6.534562,49.902794],[6.534573,49.902569],[6.534225,49.902562],[6.534237,49.902337],[6.534585,49.902345],[6.534596,49.90212],[6.534248,49.902113],[6.53426,49.901888],[6.534955,49.901903],[6.534967,49.901678],[6.535662,49.901693],[6.535674,49.901468],[6.536717,49.901491],[6.536729,49.901266],[6.537076,49.901273],[6.537088,49.901049],[6.538131,49.901071],[6.538143,49.900846],[6.539882,49.900883],[6.539893,49.900658],[6.540241,49.900666],[6.540252,49.900441],[6.5406,49.900449],[6.540612,49.900224],[6.540959,49.900231],[6.540982,49.899782],[6.54133,49.899789],[6.541341,49.899565],[6.54308,49.899602],[6.543069,49.899826],[6.543765,49.899841],[6.543787,49.899392],[6.544135,49.899399],[6.544181,49.898501],[6.544529,49.898508],[6.54454,49.898283],[6.545583,49.898305],[6.545595,49.898081],[6.54629,49.898095],[6.546302,49.897871],[6.546649,49.897878],[6.546661,49.897653],[6.547009,49.897661],[6.54702,49.897436],[6.547368,49.897444],[6.547391,49.896994],[6.547738,49.897002],[6.54775,49.896777],[6.548098,49.896784],[6.548109,49.89656],[6.548457,49.896567],[6.548491,49.895893],[6.548839,49.8959],[6.548861,49.895451],[6.549209,49.895458],[6.549221,49.895234],[6.549568,49.895241],[6.54958,49.895017],[6.550275,49.895031],[6.550287,49.894807],[6.550634,49.894814],[6.550657,49.894365],[6.550309,49.894357],[6.550321,49.894133],[6.549973,49.894125],[6.549984,49.893901],[6.549289,49.893886],[6.5493,49.893661],[6.548952,49.893654],[6.548964,49.893429],[6.548616,49.893422],[6.548707,49.891625],[6.548359,49.891617],[6.548371,49.891393],[6.548023,49.891385],[6.548046,49.890936],[6.547698,49.890929],[6.547721,49.890479],[6.547373,49.890472],[6.547385,49.890247],[6.547037,49.89024],[6.547048,49.890015],[6.546353,49.890001],[6.546364,49.889776],[6.546017,49.889769],[6.546028,49.889544],[6.54568,49.889537],[6.545703,49.889087],[6.545355,49.88908],[6.545367,49.888855],[6.545019,49.888848],[6.545065,49.887949],[6.544021,49.887927],[6.544033,49.887703],[6.543685,49.887695],[6.543697,49.887471],[6.543349,49.887463],[6.543394,49.886565],[6.543047,49.886557],[6.54307,49.886108],[6.543417,49.886115],[6.543452,49.885441],[6.543104,49.885434],[6.543149,49.884535],[6.542802,49.884528],[6.542813,49.884303],[6.542118,49.884289],[6.542129,49.884064],[6.541782,49.884057],[6.541804,49.883607],[6.541109,49.883593],[6.54112,49.883368],[6.540425,49.883353],[6.540437,49.883129],[6.540089,49.883121],[6.5401,49.882897],[6.539753,49.882889],[6.539775,49.88244],[6.53908,49.882425],[6.539092,49.8822],[6.538744,49.882193],[6.538755,49.881968],[6.538408,49.881961],[6.538419,49.881736],[6.538071,49.881729],[6.538083,49.881504],[6.537735,49.881497],[6.537747,49.881272],[6.537399,49.881265],[6.537422,49.880816],[6.537074,49.880808],[6.537086,49.880584],[6.536738,49.880576],[6.536749,49.880352],[6.536402,49.880344],[6.536413,49.880119],[6.537108,49.880134],[6.53712,49.87991],[6.537815,49.879924],[6.537827,49.8797],[6.538522,49.879715],[6.538533,49.87949],[6.539576,49.879512],[6.539611,49.878838],[6.539958,49.878845],[6.53997,49.878621],[6.539622,49.878613],[6.539645,49.878164],[6.539297,49.878157],[6.539343,49.877258],[6.538995,49.877251],[6.539007,49.877026],[6.539354,49.877034],[6.539366,49.876809],[6.539018,49.876801],[6.539041,49.876352],[6.539389,49.87636],[6.539423,49.875686],[6.539075,49.875678],[6.539098,49.875229],[6.538403,49.875214],[6.538414,49.87499],[6.537719,49.874975],[6.537776,49.873852],[6.537429,49.873844],[6.537463,49.87317],[6.537115,49.873163],[6.537138,49.872713],[6.536791,49.872706],[6.536882,49.870909],[6.53723,49.870916],[6.537252,49.870467],[6.536905,49.87046],[6.536916,49.870235],[6.536569,49.870228],[6.536592,49.869778],[6.535896,49.869764],[6.535977,49.868191],[6.535629,49.868184],[6.535663,49.86751],[6.535316,49.867502],[6.535339,49.867053],[6.534991,49.867046],[6.535014,49.866596],[6.534666,49.866589],[6.534689,49.86614],[6.534342,49.866132],[6.534376,49.865458],[6.533681,49.865443],[6.533692,49.865219],[6.534387,49.865234],[6.534399,49.865009],[6.534746,49.865016],[6.534758,49.864792],[6.535105,49.864799],[6.535117,49.864574],[6.535464,49.864582],[6.535476,49.864357],[6.535823,49.864365],[6.535835,49.86414],[6.536182,49.864147],[6.536205,49.863698],[6.536553,49.863705],[6.536587,49.863031],[6.536935,49.863039],[6.536946,49.862814],[6.537293,49.862822],[6.537305,49.862597],[6.537652,49.862604],[6.537664,49.86238],[6.537316,49.862372],[6.537328,49.862148],[6.53698,49.86214],[6.537003,49.861691],[6.536656,49.861684],[6.536678,49.861234],[6.536331,49.861227],[6.536342,49.861002],[6.535995,49.860995],[6.536006,49.86077],[6.535659,49.860763],[6.53567,49.860538],[6.534975,49.860523],[6.534998,49.860074],[6.534651,49.860067],[6.534662,49.859842],[6.534314,49.859835],[6.534326,49.85961],[6.533978,49.859603],[6.534001,49.859153],[6.533654,49.859146],[6.533665,49.858921],[6.53297,49.858906],[6.532982,49.858682],[6.532287,49.858667],[6.532298,49.858442],[6.531951,49.858435],[6.531962,49.85821],[6.531267,49.858195],[6.53129,49.857746],[6.530943,49.857739],[6.530954,49.857514],[6.530607,49.857507],[6.530652,49.856608],[6.531,49.856616],[6.531011,49.856391],[6.530664,49.856383],[6.530675,49.856159],[6.531023,49.856166],[6.531069,49.855268],[6.531416,49.855275],[6.531427,49.85505],[6.531775,49.855058],[6.531786,49.854833],[6.532134,49.854841],[6.532145,49.854616],[6.533188,49.854638],[6.533199,49.854413],[6.533547,49.854421],[6.533558,49.854196],[6.533906,49.854204],[6.533917,49.853979],[6.534264,49.853986],[6.534276,49.853762],[6.534623,49.853769],[6.534646,49.85332],[6.534994,49.853327],[6.535005,49.853103],[6.5357,49.853117],[6.53578,49.851545],[6.536475,49.85156],[6.536486,49.851335],[6.536834,49.851342],[6.536845,49.851118],[6.537193,49.851125],[6.537204,49.8509],[6.537551,49.850908],[6.537574,49.850458],[6.537922,49.850466],[6.537956,49.849792],[6.538303,49.849799],[6.538361,49.848676],[6.538708,49.848683],[6.538719,49.848459],[6.539067,49.848466],[6.53909,49.848017],[6.539437,49.848024],[6.539483,49.847126],[6.53983,49.847133],[6.539841,49.846908],[6.540189,49.846916],[6.540223,49.846242],[6.540571,49.846249],[6.540616,49.845351],[6.540964,49.845358],[6.540998,49.844684],[6.541345,49.844691],[6.541368,49.844242],[6.541021,49.844235],[6.541043,49.843785],[6.540696,49.843778],[6.540707,49.843553],[6.54036,49.843546],[6.540371,49.843321],[6.540024,49.843314],[6.54007,49.842415],[6.540417,49.842423],[6.540406,49.842647],[6.5411,49.842662],[6.541089,49.842887],[6.541784,49.842902],[6.541772,49.843126],[6.542814,49.843148],[6.542826,49.842924],[6.544563,49.84296],[6.544574,49.842736],[6.546311,49.842773],[6.5463,49.842997],[6.550121,49.843078],[6.550132,49.842854],[6.55048,49.842861],[6.550502,49.842412],[6.55085,49.842419],[6.550861,49.842194],[6.551209,49.842202],[6.55122,49.841977],[6.551567,49.841984],[6.55159,49.841535],[6.551937,49.841542],[6.551949,49.841318],[6.552296,49.841325],[6.552307,49.8411],[6.552655,49.841108],[6.552677,49.840658],[6.553025,49.840666],[6.553059,49.839992],[6.553406,49.839999],[6.553418,49.839774],[6.553765,49.839782],[6.553776,49.839557],[6.554124,49.839564],[6.554146,49.839115],[6.554494,49.839122],[6.554539,49.838224],[6.554886,49.838231],[6.554909,49.837782],[6.555256,49.837789],[6.555279,49.83734],[6.555626,49.837347],[6.555638,49.837123],[6.555985,49.83713],[6.556042,49.836007],[6.555694,49.835999],[6.555717,49.83555],[6.556064,49.835557],[6.556098,49.834883],[6.556446,49.834891],[6.556457,49.834666],[6.556804,49.834673],[6.556838,49.833999],[6.557186,49.834007],[6.557197,49.833782],[6.55685,49.833775],[6.556906,49.832652],[6.556559,49.832644],[6.556593,49.83197],[6.55694,49.831978],[6.556963,49.831528],[6.55731,49.831536],[6.557322,49.831311],[6.557669,49.831318],[6.557692,49.830869],[6.558039,49.830876],[6.558061,49.830427],[6.558409,49.830434],[6.558431,49.829985],[6.558779,49.829992],[6.558801,49.829543],[6.559149,49.82955],[6.55916,49.829326],[6.559507,49.829333],[6.559519,49.829108],[6.559866,49.829116],[6.559877,49.828891],[6.560224,49.828898],[6.560236,49.828674],[6.56093,49.828688],[6.560919,49.828913],[6.561614,49.828928],[6.561602,49.829152],[6.562644,49.829174],[6.562633,49.829399],[6.56298,49.829406],[6.562958,49.829855],[6.563652,49.82987],[6.563697,49.828971],[6.564045,49.828979],[6.564056,49.828754],[6.564403,49.828761],[6.564414,49.828537],[6.564762,49.828544],[6.564773,49.828319],[6.56512,49.828327],[6.565132,49.828102],[6.565479,49.828109],[6.56549,49.827885],[6.565837,49.827892],[6.565849,49.827667],[6.566196,49.827675],[6.566207,49.82745],[6.566555,49.827457],[6.566566,49.827233],[6.566913,49.82724],[6.566924,49.827015],[6.567272,49.827022],[6.567283,49.826798],[6.56763,49.826805],[6.567641,49.82658],[6.567989,49.826588],[6.568011,49.826138],[6.568359,49.826146],[6.568381,49.825696],[6.568728,49.825704],[6.56874,49.825479],[6.568392,49.825472],[6.568415,49.825022],[6.568762,49.82503],[6.568785,49.82458],[6.568437,49.824573],[6.56846,49.824124],[6.568113,49.824117],[6.56818,49.822769],[6.567833,49.822761],[6.567844,49.822537],[6.569581,49.822573],[6.569592,49.822348],[6.570634,49.82237],[6.570622,49.822595],[6.571317,49.82261],[6.571328,49.822385],[6.572023,49.822399],[6.572034,49.822175],[6.571687,49.822167],[6.57172,49.821494],[6.571373,49.821486],[6.571396,49.821037],[6.570701,49.821022],[6.570757,49.819899],[6.57041,49.819892],[6.570421,49.819667],[6.570074,49.81966],[6.570085,49.819435],[6.569738,49.819428],[6.569761,49.818979],[6.569413,49.818971],[6.569425,49.818747],[6.569078,49.818739],[6.569089,49.818515],[6.568742,49.818507],[6.568753,49.818283],[6.568406,49.818275],[6.568417,49.818051],[6.56807,49.818044],[6.568081,49.817819],[6.567734,49.817812],[6.567745,49.817587],[6.567051,49.817572],[6.567073,49.817123],[6.566726,49.817116],[6.566737,49.816891],[6.567084,49.816898],[6.567107,49.816449],[6.56676,49.816442],[6.566771,49.816217],[6.565729,49.816195],[6.565775,49.815297],[6.565427,49.815289],[6.565484,49.814166],[6.565137,49.814159],[6.565148,49.813934],[6.564801,49.813927],[6.564812,49.813702],[6.564465,49.813695],[6.564476,49.81347],[6.564129,49.813463],[6.56414,49.813238],[6.563793,49.813231],[6.563804,49.813006],[6.563457,49.812999],[6.563468,49.812774],[6.563121,49.812767],[6.563132,49.812542],[6.562438,49.812528],[6.562449,49.812303],[6.562102,49.812296],[6.562114,49.812071],[6.561419,49.812057],[6.56143,49.811832],[6.561083,49.811825],[6.561095,49.8116],[6.5604,49.811585],[6.560412,49.811361],[6.560064,49.811353],[6.560076,49.811129],[6.559729,49.811121],[6.559751,49.810672],[6.559404,49.810665],[6.559415,49.81044],[6.559068,49.810433],[6.559079,49.810208],[6.558732,49.810201],[6.558744,49.809976],[6.558396,49.809969],[6.558419,49.80952],[6.558072,49.809512],[6.558083,49.809288],[6.557736,49.80928],[6.557759,49.808831],[6.557412,49.808824],[6.557423,49.808599],[6.557076,49.808592],[6.557098,49.808142],[6.556751,49.808135],[6.556774,49.807686],[6.556427,49.807678],[6.556449,49.807229],[6.557144,49.807244],[6.557155,49.807019],[6.557849,49.807034],[6.557838,49.807258],[6.559574,49.807295],[6.559562,49.80752],[6.560951,49.807549],[6.560939,49.807773],[6.561287,49.807781],[6.561275,49.808005],[6.563011,49.808042],[6.563022,49.807817],[6.563369,49.807825],[6.563381,49.8076],[6.566852,49.807673],[6.566863,49.807448],[6.567558,49.807463],[6.567546,49.807688],[6.568241,49.807702],[6.568229,49.807927],[6.568924,49.807941],[6.568912,49.808166],[6.569607,49.808181],[6.569595,49.808405],[6.569943,49.808412],[6.569931,49.808637],[6.570278,49.808644],[6.570267,49.808869],[6.570614,49.808876],[6.570603,49.809101],[6.571297,49.809116],[6.571286,49.80934],[6.571633,49.809348],[6.571622,49.809572],[6.571969,49.809579],[6.571958,49.809804],[6.572652,49.809819],[6.57263,49.810268],[6.572977,49.810275],[6.572966,49.8105],[6.57366,49.810514],[6.573649,49.810739],[6.573996,49.810746],[6.573985,49.810971],[6.575026,49.810993],[6.575049,49.810544],[6.575396,49.810551],[6.575407,49.810326],[6.576101,49.810341],[6.576079,49.81079],[6.576426,49.810797],[6.576415,49.811022],[6.578151,49.811058],[6.578128,49.811508],[6.578823,49.811522],[6.578834,49.811297],[6.578487,49.81129],[6.578509,49.810841],[6.578162,49.810834],[6.578173,49.810609],[6.577826,49.810602],[6.577848,49.810152],[6.577501,49.810145],[6.577512,49.80992],[6.577165,49.809913],[6.577177,49.809688],[6.576829,49.809681],[6.576841,49.809457],[6.576493,49.809449],[6.576505,49.809225],[6.576157,49.809217],[6.576169,49.808993],[6.575822,49.808985],[6.575833,49.808761],[6.575486,49.808754],[6.575497,49.808529],[6.57515,49.808522],[6.575161,49.808297],[6.574814,49.80829],[6.574825,49.808065],[6.574478,49.808058],[6.5745,49.807608],[6.574153,49.807601],[6.574164,49.807377],[6.573817,49.807369],[6.573896,49.805797],[6.574243,49.805804],[6.574254,49.805579],[6.574601,49.805587],[6.574635,49.804913],[6.574982,49.80492],[6.575005,49.804471],[6.574658,49.804463],[6.57468,49.804014],[6.574333,49.804007],[6.574344,49.803782],[6.573997,49.803775],[6.574008,49.80355],[6.573314,49.803536],[6.573325,49.803311],[6.572978,49.803304],[6.572989,49.803079],[6.572642,49.803072],[6.572654,49.802847],[6.572306,49.80284],[6.572318,49.802615],[6.571971,49.802608],[6.571982,49.802383],[6.571635,49.802376],[6.571668,49.801702],[6.571321,49.801695],[6.571355,49.801021],[6.571008,49.801013],[6.571031,49.800564],[6.570683,49.800557],[6.570695,49.800332],[6.570348,49.800325],[6.57037,49.799876],[6.570023,49.799868],[6.570046,49.799419],[6.569698,49.799412],[6.569788,49.797614],[6.569441,49.797607],[6.569453,49.797382],[6.569106,49.797375],[6.569128,49.796926],[6.568781,49.796919],[6.568792,49.796694],[6.568445,49.796687],[6.568456,49.796462],[6.568804,49.796469],[6.56886,49.795346],[6.568513,49.795339],[6.568535,49.794889],[6.567841,49.794875],[6.567864,49.794425],[6.567517,49.794418],[6.567539,49.793969],[6.566845,49.793954],[6.566856,49.79373],[6.566509,49.793722],[6.566532,49.793273],[6.566185,49.793266],[6.566196,49.793041],[6.565502,49.793027],[6.565513,49.792802],[6.565166,49.792795],[6.565177,49.79257],[6.56483,49.792563],[6.564842,49.792338],[6.564495,49.792331],[6.564529,49.791657],[6.564876,49.791664],[6.564887,49.791439],[6.565234,49.791447],[6.565245,49.791222],[6.565592,49.791229],[6.565603,49.791005],[6.56595,49.791012],[6.565962,49.790787],[6.566309,49.790795],[6.56632,49.79057],[6.566667,49.790577],[6.566712,49.789679],[6.567059,49.789686],[6.567093,49.789012],[6.56744,49.789019],[6.567451,49.788795],[6.567798,49.788802],[6.567809,49.788577],[6.568156,49.788584],[6.568168,49.78836],[6.568515,49.788367],[6.568526,49.788142],[6.568873,49.78815],[6.568907,49.787476],[6.569254,49.787483],[6.569299,49.786584],[6.568952,49.786577],[6.568985,49.785903],[6.568638,49.785896],[6.568672,49.785222],[6.568325,49.785215],[6.568348,49.784765],[6.568001,49.784758],[6.568012,49.784533],[6.567665,49.784526],[6.56771,49.783627],[6.568057,49.783635],[6.568136,49.782062],[6.568483,49.782069],[6.568505,49.78162],[6.568852,49.781627],[6.568863,49.781403],[6.56921,49.78141],[6.569244,49.780736],[6.569591,49.780743],[6.569613,49.780294],[6.56996,49.780301],[6.569972,49.780077],[6.569625,49.780069],[6.569658,49.779395],[6.569311,49.779388],[6.569356,49.778489],[6.56901,49.778482],[6.569032,49.778033],[6.569379,49.77804],[6.56939,49.777815],[6.569043,49.777808],[6.569066,49.777359],[6.569413,49.777366],[6.569424,49.777141],[6.569771,49.777149],[6.569782,49.776924],[6.570129,49.776931],[6.57014,49.776707],[6.570487,49.776714],[6.570498,49.776489],[6.571192,49.776504],[6.571203,49.776279],[6.57155,49.776287],[6.571562,49.776062],[6.571909,49.776069],[6.57192,49.775844],[6.572961,49.775866],[6.572949,49.776091],[6.574337,49.77612],[6.574348,49.775895],[6.577123,49.775953],[6.577135,49.775729],[6.577828,49.775743],[6.57784,49.775519],[6.57888,49.77554],[6.578869,49.775765],[6.579216,49.775772],[6.579205,49.775997],[6.580246,49.776019],[6.580212,49.776693],[6.580559,49.7767],[6.580548,49.776925],[6.581589,49.776946],[6.581611,49.776497],[6.581958,49.776504],[6.581969,49.77628],[6.58301,49.776301],[6.583032,49.775852],[6.583379,49.775859],[6.58339,49.775635],[6.584084,49.775649],[6.584095,49.775424],[6.583748,49.775417],[6.58376,49.775193],[6.583413,49.775185],[6.583457,49.774287],[6.584845,49.774316],[6.584834,49.77454],[6.585181,49.774547],[6.585192,49.774323],[6.585539,49.77433],[6.58555,49.774105],[6.586244,49.77412],[6.586255,49.773895],[6.586602,49.773902],[6.586613,49.773678],[6.58696,49.773685],[6.586949,49.77391],[6.587296,49.773917],[6.587307,49.773692],[6.587654,49.773699],[6.587665,49.773475],[6.588359,49.773489],[6.58837,49.773265],[6.588717,49.773272],[6.588728,49.773047],[6.589422,49.773062],[6.589455,49.772388],[6.589802,49.772395],[6.589813,49.77217],[6.59016,49.772177],[6.590182,49.771728],[6.590529,49.771735],[6.590551,49.771286],[6.590898,49.771293],[6.590943,49.770395],[6.590596,49.770387],[6.590607,49.770163],[6.59026,49.770155],[6.590271,49.769931],[6.589925,49.769924],[6.589947,49.769474],[6.5896,49.769467],[6.589622,49.769018],[6.589275,49.76901],[6.589298,49.768561],[6.588604,49.768547],[6.588615,49.768322],[6.588268,49.768315],[6.588291,49.767866],[6.587597,49.767851],[6.587608,49.767626],[6.587261,49.767619],[6.587283,49.76717],[6.586937,49.767163],[6.586948,49.766938],[6.586601,49.766931],[6.586612,49.766706],[6.586265,49.766699],[6.586276,49.766474],[6.58593,49.766467],[6.585941,49.766242],[6.585594,49.766235],[6.585605,49.76601],[6.585258,49.766003],[6.585269,49.765779],[6.584923,49.765771],[6.584934,49.765547],[6.584587,49.765539],[6.584598,49.765315],[6.583904,49.7653],[6.583916,49.765076],[6.583569,49.765068],[6.58358,49.764844],[6.582886,49.764829],[6.582897,49.764605],[6.582551,49.764597],[6.582562,49.764373],[6.582215,49.764365],[6.582226,49.764141],[6.582573,49.764148],[6.582595,49.763699],[6.582248,49.763691],[6.58226,49.763467],[6.581913,49.76346],[6.581924,49.763235],[6.581577,49.763228],[6.581588,49.763003],[6.581241,49.762996],[6.581253,49.762771],[6.580906,49.762764],[6.580917,49.762539],[6.58057,49.762532],[6.580581,49.762307],[6.580235,49.7623],[6.580246,49.762075],[6.579899,49.762068],[6.57991,49.761843],[6.579563,49.761836],[6.579575,49.761612],[6.579228,49.761604],[6.579239,49.76138],[6.578892,49.761372],[6.578903,49.761148],[6.578556,49.76114],[6.578568,49.760916],[6.578221,49.760909],[6.578232,49.760684],[6.577885,49.760677],[6.577896,49.760452],[6.577203,49.760437],[6.577214,49.760213],[6.576867,49.760206],[6.576878,49.759981],[6.576532,49.759974],[6.576554,49.759524],[6.576207,49.759517],[6.576218,49.759292],[6.575872,49.759285],[6.575883,49.75906],[6.575536,49.759053],[6.575547,49.758829],[6.575201,49.758821],[6.575223,49.758372],[6.574876,49.758365],[6.574887,49.75814],[6.574541,49.758133],[6.574552,49.757908],[6.574205,49.757901],[6.574216,49.757676],[6.573869,49.757669],[6.573881,49.757444],[6.573534,49.757437],[6.573545,49.757212],[6.573198,49.757205],[6.573254,49.756082],[6.573601,49.756089],[6.573657,49.754966],[6.574004,49.754973],[6.574015,49.754748],[6.573668,49.754741],[6.57368,49.754516],[6.573333,49.754509],[6.573355,49.75406],[6.573009,49.754053],[6.573031,49.753603],[6.572684,49.753596],[6.572695,49.753371],[6.572349,49.753364],[6.57236,49.753139],[6.572013,49.753132],[6.572024,49.752907],[6.571678,49.7529],[6.5717,49.752451],[6.571353,49.752444],[6.571376,49.751994],[6.571029,49.751987],[6.571063,49.751313],[6.570716,49.751306],[6.570738,49.750856],[6.570392,49.750849],[6.570448,49.749726],[6.570795,49.749733],[6.570828,49.749059],[6.570482,49.749052],[6.570493,49.748827],[6.570146,49.74882],[6.570157,49.748595],[6.569811,49.748588],[6.569822,49.748363],[6.569128,49.748349],[6.56914,49.748124],[6.567059,49.74808],[6.567048,49.748305],[6.566008,49.748283],[6.566019,49.748059],[6.565326,49.748044],[6.565337,49.747819],[6.56499,49.747812],[6.565002,49.747587],[6.564655,49.74758],[6.564666,49.747356],[6.563626,49.747334],[6.563637,49.747109],[6.562944,49.747094],[6.562955,49.74687],[6.562262,49.746855],[6.562273,49.74663],[6.561926,49.746623],[6.561938,49.746399],[6.561591,49.746391],[6.561602,49.746167],[6.561255,49.746159],[6.561267,49.745935],[6.560227,49.745913],[6.560238,49.745688],[6.559891,49.745681],[6.559902,49.745456],[6.559209,49.745441],[6.55922,49.745217],[6.558874,49.745209],[6.558885,49.744985],[6.558538,49.744978],[6.558561,49.744528],[6.558214,49.744521],[6.558225,49.744296],[6.557879,49.744289],[6.557901,49.74384],[6.557555,49.743832],[6.557611,49.742709],[6.557264,49.742702],[6.557321,49.741578],[6.557667,49.741586],[6.55769,49.741136],[6.558037,49.741144],[6.558048,49.740919],[6.558395,49.740926],[6.558406,49.740702],[6.558753,49.740709],[6.558764,49.740484],[6.559111,49.740492],[6.559201,49.738694],[6.559547,49.738702],[6.559559,49.738477],[6.559905,49.738484],[6.559917,49.73826],[6.560263,49.738267],[6.560286,49.737818],[6.560632,49.737825],[6.560655,49.737376],[6.561002,49.737383],[6.561013,49.737158],[6.561359,49.737166],[6.561461,49.735144],[6.561807,49.735151],[6.561819,49.734926],[6.561472,49.734919],[6.561483,49.734694],[6.561137,49.734687],[6.561159,49.734238],[6.560813,49.73423],[6.560846,49.733557],[6.5605,49.733549],[6.560511,49.733325],[6.560165,49.733317],[6.560176,49.733093],[6.559829,49.733085],[6.55984,49.732861],[6.559494,49.732853],[6.559505,49.732629],[6.559159,49.732621],[6.55917,49.732397],[6.558823,49.732389],[6.558846,49.73194],[6.558499,49.731933],[6.55851,49.731708],[6.558164,49.731701],[6.558175,49.731476],[6.557829,49.731469],[6.55784,49.731244],[6.557493,49.731237],[6.557561,49.729889],[6.557214,49.729882],[6.557226,49.729657],[6.556879,49.72965],[6.55689,49.729425],[6.556544,49.729418],[6.556555,49.729193],[6.556208,49.729186],[6.556254,49.728287],[6.555907,49.72828],[6.555986,49.726707],[6.555639,49.7267],[6.555651,49.726475],[6.555304,49.726468],[6.555315,49.726243],[6.554969,49.726236],[6.55498,49.726011],[6.554634,49.726004],[6.554645,49.725779],[6.554298,49.725772],[6.55431,49.725547],[6.553963,49.72554],[6.553974,49.725315],[6.553281,49.725301],[6.553293,49.725076],[6.552946,49.725069],[6.552957,49.724844],[6.552611,49.724837],[6.552622,49.724612],[6.552276,49.724605],[6.552287,49.72438],[6.55194,49.724373],[6.551952,49.724148],[6.551605,49.724141],[6.551616,49.723916],[6.55023,49.723887],[6.550242,49.723662],[6.549895,49.723655],[6.549906,49.72343],[6.549213,49.723415],[6.549225,49.723191],[6.548532,49.723176],[6.548543,49.722951],[6.548196,49.722944],[6.548208,49.722719],[6.547515,49.722705],[6.547526,49.72248],[6.547179,49.722473],[6.547191,49.722248],[6.546844,49.722241],[6.546856,49.722016],[6.546163,49.722001],[6.546174,49.721777],[6.545827,49.721769],[6.545839,49.721545],[6.544799,49.721523],[6.544822,49.721073],[6.544475,49.721066],[6.544487,49.720841],[6.543794,49.720827],[6.543805,49.720602],[6.543458,49.720595],[6.54347,49.72037],[6.543123,49.720363],[6.543135,49.720138],[6.542788,49.720131],[6.542811,49.719681],[6.542464,49.719674],[6.542476,49.719449],[6.542129,49.719442],[6.54214,49.719217],[6.541794,49.71921],[6.541805,49.718985],[6.541459,49.718978],[6.54147,49.718753],[6.541124,49.718746],[6.541146,49.718297],[6.5408,49.718289],[6.540811,49.718065],[6.537346,49.717991],[6.537358,49.717766],[6.537011,49.717759],[6.537023,49.717534],[6.535983,49.717512],[6.535994,49.717288],[6.535301,49.717273],[6.535313,49.717048],[6.53462,49.717033],[6.534609,49.717258],[6.533916,49.717243],[6.533904,49.717468],[6.533211,49.717453],[6.5332,49.717678],[6.532507,49.717663],[6.532495,49.717888],[6.532149,49.71788],[6.532138,49.718105],[6.531098,49.718083],[6.53111,49.717858],[6.530763,49.717851],[6.530774,49.717626],[6.530428,49.717619],[6.530439,49.717394],[6.530093,49.717387],[6.530104,49.717162],[6.529758,49.717155],[6.529769,49.71693],[6.529423,49.716923],[6.529445,49.716473],[6.529099,49.716466],[6.529213,49.714219],[6.528867,49.714212],[6.528901,49.713538],[6.529247,49.713545],[6.52927,49.713096],[6.527191,49.713052],[6.527203,49.712827],[6.52651,49.712812],[6.526521,49.712588],[6.525828,49.712573],[6.525851,49.712123],[6.525505,49.712116],[6.525516,49.711891],[6.52517,49.711884],[6.525227,49.710761],[6.52488,49.710753],[6.524892,49.710529],[6.523853,49.710506],[6.523864,49.710282],[6.523171,49.710267],[6.523183,49.710042],[6.52249,49.710028],[6.522501,49.709803],[6.521808,49.709788],[6.521831,49.709339],[6.521485,49.709331],[6.521496,49.709107],[6.52115,49.709099],[6.521161,49.708875],[6.520815,49.708867],[6.520826,49.708643],[6.52048,49.708635],[6.520491,49.70841],[6.520145,49.708403],[6.520156,49.708178],[6.519463,49.708164],[6.519475,49.707939],[6.518782,49.707924],[6.518793,49.707699],[6.517754,49.707677],[6.517766,49.707452],[6.517419,49.707445],[6.517431,49.70722],[6.517084,49.707213],[6.517096,49.706988],[6.516403,49.706973],[6.516414,49.706749],[6.516068,49.706741],[6.516091,49.706292],[6.515745,49.706285],[6.515767,49.705835],[6.515421,49.705828],[6.515433,49.705603],[6.515086,49.705596],[6.515098,49.705371],[6.514751,49.705364],[6.514774,49.704914],[6.514428,49.704907],[6.514439,49.704682],[6.514093,49.704675],[6.514104,49.70445],[6.513412,49.704435],[6.513423,49.704211],[6.51273,49.704196],[6.512742,49.703971],[6.51101,49.703934],[6.511021,49.703709],[6.509982,49.703687],[6.509994,49.703462],[6.508954,49.70344],[6.508966,49.703215],[6.50862,49.703208],[6.508643,49.702759],[6.508296,49.702751],[6.508308,49.702526],[6.507961,49.702519],[6.507973,49.702294],[6.507626,49.702287],[6.507638,49.702062],[6.507292,49.702055],[6.507303,49.70183],[6.506957,49.701823],[6.506968,49.701598],[6.506622,49.701591],[6.506633,49.701366],[6.506287,49.701358],[6.50631,49.700909],[6.505964,49.700902],[6.505998,49.700228],[6.505652,49.70022],[6.505675,49.699771],[6.505328,49.699763],[6.50534,49.699539],[6.504994,49.699531],[6.505017,49.699082],[6.50467,49.699075],[6.504682,49.69885],[6.505028,49.698857],[6.505063,49.698183],[6.504716,49.698176],[6.504728,49.697951],[6.504382,49.697944],[6.504405,49.697495],[6.504058,49.697487],[6.504081,49.697038],[6.503735,49.69703],[6.503769,49.696356],[6.503423,49.696349],[6.503458,49.695675],[6.503804,49.695682],[6.503839,49.695008],[6.503492,49.695001],[6.503504,49.694776],[6.503157,49.694769],[6.503215,49.693646],[6.502869,49.693638],[6.502892,49.693189],[6.502545,49.693181],[6.502568,49.692732],[6.502222,49.692725],[6.502234,49.6925],[6.501887,49.692493],[6.50191,49.692043],[6.501564,49.692036],[6.501599,49.691362],[6.501252,49.691354],[6.501287,49.69068],[6.500941,49.690673],[6.500975,49.689999],[6.501322,49.690006],[6.501368,49.689108],[6.501021,49.6891],[6.501033,49.688876],[6.500687,49.688868],[6.500698,49.688644],[6.500352,49.688636],[6.500375,49.688187],[6.500029,49.688179],[6.500063,49.687505],[6.499717,49.687498],[6.499752,49.686824],[6.499405,49.686816],[6.499417,49.686592],[6.499071,49.686584],[6.499117,49.685686],[6.49877,49.685678],[6.498805,49.685004],[6.498459,49.684997],[6.498482,49.684548],[6.498136,49.68454],[6.498159,49.684091],[6.497812,49.684083],[6.497824,49.683859],[6.497478,49.683851],[6.497512,49.683177],[6.497166,49.68317],[6.497178,49.682945],[6.496831,49.682938],[6.496855,49.682488],[6.496508,49.682481],[6.49652,49.682256],[6.496174,49.682249],[6.496185,49.682024],[6.495839,49.682016],[6.495862,49.681567],[6.495516,49.68156],[6.49555,49.680886],[6.495204,49.680878],[6.495274,49.67953],[6.494927,49.679523],[6.49495,49.679074],[6.494604,49.679066],[6.494627,49.678617],[6.494281,49.678609],[6.494316,49.677935],[6.49397,49.677928],[6.494108,49.675232],[6.494454,49.67524],[6.494477,49.67479],[6.494824,49.674798],[6.494835,49.674573],[6.495181,49.674581],[6.495228,49.673682],[6.495574,49.673689],[6.495585,49.673465],[6.495931,49.673472],[6.495943,49.673248],[6.496289,49.673255],[6.496301,49.673031],[6.496647,49.673038],[6.49667,49.672589],[6.496324,49.672581],[6.496347,49.672132],[6.496001,49.672124],[6.496012,49.6719],[6.495666,49.671892],[6.495689,49.671443],[6.495343,49.671436],[6.495354,49.671211],[6.495008,49.671203],[6.49502,49.670979],[6.494674,49.670971],[6.494685,49.670747],[6.494339,49.670739],[6.494351,49.670514],[6.494005,49.670507],[6.494016,49.670282],[6.49367,49.670275],[6.493682,49.67005],[6.493335,49.670043],[6.493347,49.669818],[6.493001,49.669811],[6.493012,49.669586],[6.49232,49.669571],[6.492332,49.669346],[6.491986,49.669339],[6.491997,49.669114],[6.491305,49.669099],[6.491316,49.668874],[6.49097,49.668867],[6.490982,49.668642],[6.490636,49.668635],[6.490647,49.66841],[6.490301,49.668403],[6.490313,49.668178],[6.489967,49.66817],[6.489978,49.667946],[6.489632,49.667938],[6.489644,49.667714],[6.489297,49.667706],[6.489309,49.667481],[6.488963,49.667474],[6.488974,49.667249],[6.488628,49.667242],[6.48864,49.667017],[6.488294,49.66701],[6.488329,49.666336],[6.487982,49.666328],[6.487994,49.666104],[6.487648,49.666096],[6.487659,49.665871],[6.487313,49.665864],[6.487336,49.665415],[6.48699,49.665407],[6.487002,49.665182],[6.486656,49.665175],[6.486679,49.664726],[6.485987,49.664711],[6.48601,49.664261],[6.485664,49.664254],[6.485687,49.663804],[6.485341,49.663797],[6.485353,49.663572],[6.485006,49.663565],[6.485018,49.66334],[6.484672,49.663333],[6.484707,49.662659],[6.484361,49.662651],[6.484372,49.662426],[6.484026,49.662419],[6.484049,49.66197],[6.483703,49.661962],[6.483726,49.661513],[6.48338,49.661505],[6.483404,49.661056],[6.483058,49.661048],[6.483069,49.660824],[6.482723,49.660816],[6.482746,49.660367],[6.4824,49.66036],[6.482412,49.660135],[6.482066,49.660127],[6.482077,49.659903],[6.481731,49.659895],[6.481743,49.659671],[6.481397,49.659663],[6.481408,49.659438],[6.481062,49.659431],[6.481086,49.658981],[6.480739,49.658974],[6.480751,49.658749],[6.480405,49.658742],[6.480417,49.658517],[6.480071,49.65851],[6.480082,49.658285],[6.47939,49.65827],[6.479402,49.658045],[6.47871,49.65803],[6.478733,49.657581],[6.478387,49.657573],[6.47841,49.657124],[6.477718,49.657109],[6.47773,49.656884],[6.477383,49.656877],[6.477407,49.656427],[6.477061,49.65642],[6.477072,49.656195],[6.476726,49.656188],[6.47675,49.655738],[6.476403,49.655731],[6.476415,49.655506],[6.476069,49.655499],[6.476081,49.655274],[6.475389,49.655259],[6.4754,49.655034],[6.475054,49.655027],[6.475066,49.654802],[6.47472,49.654795],[6.474743,49.654345],[6.474051,49.65433],[6.474074,49.653881],[6.47442,49.653888],[6.474432,49.653664],[6.474086,49.653656],[6.474133,49.652758],[6.473787,49.65275],[6.473798,49.652525],[6.473452,49.652518],[6.473475,49.652069],[6.473129,49.652061],[6.473164,49.651387],[6.472818,49.65138],[6.47283,49.651155],[6.472484,49.651147],[6.472496,49.650923],[6.472842,49.65093],[6.472853,49.650706],[6.473199,49.650713],[6.473222,49.650264],[6.473568,49.650271],[6.47358,49.650047],[6.473926,49.650054],[6.473949,49.649605],[6.474295,49.649613],[6.474307,49.649388],[6.474653,49.649395],[6.474665,49.649171],[6.475011,49.649178],[6.475034,49.648729],[6.47538,49.648737],[6.475391,49.648512],[6.475045,49.648504],[6.475057,49.64828],[6.475403,49.648287],[6.475426,49.647838],[6.47508,49.647831],[6.475092,49.647606],[6.474746,49.647598],[6.474769,49.647149],[6.474423,49.647141],[6.474435,49.646917],[6.474089,49.646909],[6.474101,49.646685],[6.473755,49.646677],[6.473778,49.646228],[6.473086,49.646213],[6.473109,49.645763],[6.472763,49.645756],[6.472775,49.645531],[6.472429,49.645524],[6.472441,49.645299],[6.472095,49.645291],[6.472106,49.645067],[6.471414,49.645052],[6.471438,49.644602],[6.471092,49.644595],[6.471103,49.64437],[6.470757,49.644363],[6.470769,49.644138],[6.470423,49.64413],[6.470435,49.643906],[6.470089,49.643898],[6.4701,49.643674],[6.469754,49.643666],[6.469766,49.643441],[6.46942,49.643434],[6.469432,49.643209],[6.469086,49.643202],[6.469109,49.642752],[6.468763,49.642745],[6.468787,49.642295],[6.468441,49.642288],[6.468464,49.641839],[6.468118,49.641831],[6.46813,49.641606],[6.467784,49.641599],[6.467795,49.641374],[6.467449,49.641367],[6.467461,49.641142],[6.467115,49.641134],[6.467127,49.64091],[6.466781,49.640902],[6.466793,49.640677],[6.466447,49.64067],[6.466458,49.640445],[6.466112,49.640438],[6.466124,49.640213],[6.465778,49.640205],[6.46579,49.639981],[6.465444,49.639973],[6.465456,49.639749],[6.46511,49.639741],[6.465133,49.639292],[6.464787,49.639284],[6.464799,49.639059],[6.464107,49.639044],[6.46413,49.638595],[6.463784,49.638587],[6.463796,49.638363],[6.463104,49.638348],[6.463116,49.638123],[6.462424,49.638108],[6.462447,49.637659],[6.462102,49.637651],[6.462113,49.637426],[6.461421,49.637411],[6.461445,49.636962],[6.461099,49.636954],[6.461111,49.63673],[6.460765,49.636722],[6.460776,49.636497],[6.460431,49.63649],[6.460442,49.636265],[6.460096,49.636258],[6.46012,49.635808],[6.459774,49.635801],[6.459786,49.635576],[6.45944,49.635568],[6.459451,49.635344],[6.459105,49.635336],[6.459129,49.634887],[6.458783,49.634879],[6.458795,49.634655],[6.458449,49.634647],[6.45846,49.634422],[6.458115,49.634415],[6.458138,49.633966],[6.457792,49.633958],[6.457816,49.633509],[6.45747,49.633501],[6.457516,49.632602],[6.457171,49.632595],[6.457217,49.631696],[6.456526,49.631681],[6.456549,49.631232],[6.456895,49.631239],[6.45693,49.630565],[6.456584,49.630558],[6.456643,49.629435],[6.456989,49.629442],[6.457,49.629218],[6.457692,49.629233],[6.457704,49.629008],[6.458049,49.629016],[6.458061,49.628791],[6.458407,49.628799],[6.458419,49.628574],[6.458765,49.628582],[6.458741,49.629031],[6.459087,49.629039],[6.459075,49.629263],[6.459421,49.629271],[6.459409,49.629495],[6.460101,49.629511],[6.460089,49.629735],[6.460435,49.629743],[6.460424,49.629968],[6.461115,49.629983],[6.461104,49.630207],[6.464216,49.630276],[6.464228,49.630051],[6.46492,49.630066],[6.464931,49.629841],[6.465277,49.629849],[6.465289,49.629624],[6.469093,49.629708],[6.469105,49.629483],[6.469451,49.629491],[6.469462,49.629266],[6.471537,49.629311],[6.471584,49.628413],[6.47193,49.62842],[6.471941,49.628196],[6.471595,49.628188],[6.471689,49.626391],[6.471343,49.626383],[6.471366,49.625934],[6.47102,49.625926],[6.471043,49.625477],[6.470698,49.62547],[6.470721,49.62502],[6.470375,49.625013],[6.470445,49.623665],[6.470099,49.623657],[6.470111,49.623433],[6.469765,49.623425],[6.469788,49.622976],[6.469442,49.622968],[6.469466,49.622519],[6.46912,49.622511],[6.469132,49.622287],[6.468786,49.622279],[6.468797,49.622055],[6.468452,49.622047],[6.468475,49.621598],[6.468129,49.62159],[6.468152,49.621141],[6.467807,49.621133],[6.467818,49.620909],[6.467472,49.620901],[6.467507,49.620227],[6.467162,49.62022],[6.467173,49.619995],[6.466482,49.61998],[6.466505,49.61953],[6.466159,49.619523],[6.466171,49.619298],[6.465825,49.619291],[6.465837,49.619066],[6.465491,49.619058],[6.465514,49.618609],[6.465169,49.618602],[6.465192,49.618152],[6.464846,49.618145],[6.464858,49.61792],[6.464512,49.617913],[6.464535,49.617463],[6.46419,49.617456],[6.464201,49.617231],[6.463856,49.617223],[6.463879,49.616774],[6.463533,49.616767],[6.463545,49.616542],[6.463199,49.616534],[6.463234,49.61586],[6.462888,49.615853],[6.462912,49.615404],[6.462566,49.615396],[6.462589,49.614947],[6.461898,49.614931],[6.461921,49.614482],[6.461575,49.614475],[6.461622,49.613576],[6.461276,49.613568],[6.461311,49.612894],[6.461657,49.612902],[6.461669,49.612677],[6.462014,49.612685],[6.462026,49.61246],[6.462718,49.612476],[6.462729,49.612251],[6.463421,49.612266],[6.463409,49.612491],[6.4641,49.612506],[6.464112,49.612281],[6.464804,49.612296],[6.464815,49.612072],[6.465507,49.612087],[6.465518,49.611862],[6.465864,49.61187],[6.465887,49.61142],[6.466233,49.611428],[6.466245,49.611203],[6.46659,49.611211],[6.466602,49.610986],[6.466948,49.610994],[6.466959,49.610769],[6.467305,49.610777],[6.467317,49.610552],[6.467663,49.61056],[6.467674,49.610335],[6.46802,49.610343],[6.468032,49.610118],[6.469414,49.610148],[6.469426,49.609924],[6.469772,49.609931],[6.469783,49.609707],[6.470129,49.609714],[6.470141,49.609489],[6.470486,49.609497],[6.470498,49.609272],[6.470844,49.60928],[6.470855,49.609055],[6.471201,49.609063],[6.471213,49.608838],[6.471558,49.608846],[6.471582,49.608396],[6.471236,49.608389],[6.471248,49.608164],[6.470902,49.608157],[6.470925,49.607707],[6.470579,49.6077],[6.470591,49.607475],[6.470245,49.607468],[6.470292,49.606569],[6.469946,49.606561],[6.469969,49.606112],[6.469624,49.606105],[6.469635,49.60588],[6.46929,49.605872],[6.469301,49.605648],[6.468956,49.60564],[6.468967,49.605416],[6.468622,49.605408],[6.468633,49.605183],[6.467942,49.605168],[6.467977,49.604494],[6.467631,49.604487],[6.467643,49.604262],[6.467297,49.604255],[6.467309,49.60403],[6.466963,49.604022],[6.467021,49.602899],[6.467367,49.602907],[6.467379,49.602682],[6.466342,49.602659],[6.466353,49.602435],[6.465662,49.602419],[6.465674,49.602195],[6.465328,49.602187],[6.46534,49.601963],[6.464994,49.601955],[6.465017,49.601506],[6.464672,49.601498],[6.464695,49.601049],[6.464349,49.601041],[6.464419,49.599693],[6.464765,49.599701],[6.464777,49.599476],[6.465122,49.599484],[6.465146,49.599035],[6.4648,49.599027],[6.464823,49.598578],[6.464478,49.59857],[6.464501,49.598121],[6.464155,49.598113],[6.464167,49.597889],[6.463821,49.597881],[6.463856,49.597207],[6.463511,49.5972],[6.463522,49.596975],[6.463177,49.596967],[6.463235,49.595844],[6.463581,49.595852],[6.463604,49.595402],[6.464641,49.595425],[6.464652,49.595201],[6.464998,49.595208],[6.46501,49.594983],[6.465355,49.594991],[6.465367,49.594766],[6.465021,49.594759],[6.465045,49.594309],[6.464699,49.594302],[6.464722,49.593853],[6.464377,49.593845],[6.464435,49.592722],[6.464781,49.592729],[6.464804,49.59228],[6.46515,49.592288],[6.465173,49.591838],[6.46621,49.591861],[6.466221,49.591636],[6.466912,49.591652],[6.466924,49.591427],[6.46727,49.591434],[6.467281,49.59121],[6.467627,49.591217],[6.467638,49.590993],[6.46833,49.591008],[6.468341,49.590783],[6.468687,49.590791],[6.468698,49.590566],[6.469044,49.590574],[6.469056,49.590349],[6.469401,49.590357],[6.469413,49.590132],[6.469758,49.59014],[6.46977,49.589915],[6.470116,49.589922],[6.470174,49.588799],[6.469828,49.588792],[6.469875,49.587893],[6.469529,49.587886],[6.469657,49.585414],[6.470003,49.585422],[6.470026,49.584973],[6.46968,49.584965],[6.469727,49.584066],[6.469381,49.584059],[6.469404,49.58361],[6.470096,49.583625],[6.470107,49.5834],[6.470798,49.583415],[6.47081,49.583191],[6.471155,49.583198],[6.471167,49.582973],[6.472549,49.583004],[6.472561,49.582779],[6.472906,49.582787],[6.472918,49.582562],[6.473609,49.582577],[6.47362,49.582352],[6.473966,49.58236],[6.473977,49.582135],[6.475014,49.582158],[6.475026,49.581933],[6.476408,49.581963],[6.476419,49.581739],[6.476765,49.581746],[6.476776,49.581522],[6.477813,49.581544],[6.477824,49.58132],[6.47817,49.581327],[6.478182,49.581103],[6.479218,49.581125],[6.47923,49.5809],[6.479575,49.580908],[6.479679,49.578886],[6.48037,49.578901],[6.480382,49.578677],[6.480727,49.578684],[6.480739,49.578459],[6.48143,49.578474],[6.481441,49.57825],[6.481096,49.578242],[6.481108,49.578018],[6.480762,49.57801],[6.480774,49.577785],[6.480428,49.577778],[6.48044,49.577553],[6.480094,49.577546],[6.480117,49.577096],[6.479426,49.577081],[6.479438,49.576857],[6.479093,49.576849],[6.479116,49.5764],[6.47877,49.576392],[6.478782,49.576168],[6.478436,49.57616],[6.47846,49.575711],[6.478114,49.575703],[6.47816,49.574805],[6.478506,49.574812],[6.478517,49.574588],[6.478863,49.574595],[6.478886,49.574146],[6.479232,49.574153],[6.479255,49.573704],[6.4796,49.573712],[6.479693,49.571914],[6.480038,49.571922],[6.480061,49.571473],[6.480407,49.57148],[6.480418,49.571256],[6.480764,49.571263],[6.480775,49.571038],[6.481121,49.571046],[6.481132,49.570821],[6.481478,49.570829],[6.481512,49.570155],[6.481167,49.570147],[6.481225,49.569024],[6.480879,49.569017],[6.480914,49.568343],[6.48126,49.56835],[6.481271,49.568125],[6.481617,49.568133],[6.481628,49.567908],[6.481973,49.567916],[6.481985,49.567691],[6.48233,49.567699],[6.482342,49.567474],[6.482687,49.567482],[6.482734,49.566583],[6.482388,49.566575],[6.4824,49.566351],[6.482054,49.566343],[6.482066,49.566119],[6.481721,49.566111],[6.481744,49.565662],[6.481398,49.565654],[6.481421,49.565205],[6.481076,49.565198],[6.481099,49.564748],[6.480754,49.564741],[6.480812,49.563617],[6.480466,49.56361],[6.480478,49.563385],[6.480132,49.563378],[6.480156,49.562928],[6.479465,49.562913],[6.479476,49.562689],[6.479131,49.562681],[6.479143,49.562457],[6.478797,49.562449],[6.478809,49.562224],[6.477773,49.562202],[6.477784,49.561977],[6.477439,49.56197],[6.47745,49.561745],[6.477105,49.561737],[6.477117,49.561513],[6.476081,49.56149],[6.476104,49.561041],[6.475758,49.561033],[6.475793,49.560359],[6.475448,49.560352],[6.475459,49.560127],[6.475114,49.56012],[6.475137,49.55967],[6.474792,49.559663],[6.474815,49.559214],[6.47447,49.559206],[6.474516,49.558307],[6.474171,49.5583],[6.474217,49.557401],[6.473872,49.557394],[6.473895,49.556944],[6.47355,49.556937],[6.473561,49.556712],[6.472871,49.556697],[6.472882,49.556472],[6.472537,49.556465],[6.472548,49.55624],[6.472203,49.556233],[6.472226,49.555783],[6.471881,49.555776],[6.471893,49.555551],[6.471547,49.555544],[6.471559,49.555319],[6.471904,49.555327],[6.471927,49.554877],[6.471582,49.55487],[6.471628,49.553971],[6.471283,49.553964],[6.471295,49.553739],[6.470949,49.553731],[6.470973,49.553282],[6.470627,49.553275],[6.470662,49.552601],[6.470317,49.552593],[6.470329,49.552368],[6.469638,49.552353],[6.46965,49.552129],[6.469304,49.552121],[6.469316,49.551896],[6.468625,49.551881],[6.468637,49.551657],[6.468292,49.551649],[6.468315,49.5512],[6.46797,49.551192],[6.468004,49.550518],[6.467659,49.550511],[6.467729,49.549163],[6.467384,49.549155],[6.467407,49.548706],[6.467062,49.548698],[6.467073,49.548474],[6.466383,49.548459],[6.466394,49.548234],[6.466049,49.548226],[6.466061,49.548002],[6.465715,49.547994],[6.465727,49.54777],[6.465382,49.547762],[6.465405,49.547313],[6.46506,49.547305],[6.465071,49.54708],[6.464381,49.547065],[6.464404,49.546616],[6.464059,49.546608],[6.46407,49.546384],[6.463725,49.546376],[6.463737,49.546152],[6.464082,49.546159],[6.464094,49.545935],[6.464439,49.545942],[6.464451,49.545717],[6.464796,49.545725],[6.464807,49.5455],[6.465153,49.545508],[6.465164,49.545283],[6.46551,49.545291],[6.465521,49.545066],[6.465866,49.545074],[6.465901,49.5444],[6.466247,49.544407],[6.46627,49.543958],[6.466615,49.543966],[6.466603,49.54419],[6.466949,49.544198],[6.46696,49.543973],[6.467651,49.543988],[6.467639,49.544213],[6.46902,49.544243],[6.469032,49.544019],[6.470067,49.544041],[6.470079,49.543817],[6.471115,49.543839],[6.471126,49.543615],[6.471817,49.54363],[6.471828,49.543405],[6.472519,49.54342],[6.472531,49.543195],[6.473221,49.543211],[6.473233,49.542986],[6.473578,49.542993],[6.473589,49.542769],[6.47428,49.542784],[6.474291,49.542559],[6.474637,49.542567],[6.474648,49.542342],[6.475339,49.542357],[6.47535,49.542133],[6.475696,49.54214],[6.475707,49.541915],[6.476398,49.54193],[6.476409,49.541706],[6.476754,49.541713],[6.476766,49.541489],[6.477111,49.541496],[6.477123,49.541272],[6.477813,49.541287],[6.477825,49.541062],[6.47817,49.54107],[6.478182,49.540845],[6.478527,49.540852],[6.478538,49.540628],[6.478884,49.540635],[6.478895,49.540411],[6.47924,49.540418],[6.479252,49.540194],[6.479597,49.540201],[6.479609,49.539976],[6.479954,49.539984],[6.479966,49.539759],[6.480311,49.539767],[6.480322,49.539542],[6.480667,49.53955],[6.480679,49.539325],[6.481024,49.539333],[6.481047,49.538883],[6.481393,49.538891],[6.481404,49.538666],[6.481749,49.538674],[6.481772,49.538224],[6.482118,49.538232],[6.482141,49.537783],[6.482486,49.53779],[6.482521,49.537116],[6.482866,49.537124],[6.482889,49.536674],[6.483234,49.536682],[6.483269,49.536008],[6.483614,49.536015],[6.483637,49.535566],[6.483982,49.535574],[6.484005,49.535124],[6.48435,49.535132],[6.484362,49.534907],[6.484707,49.534915],[6.48473,49.534465],[6.485075,49.534473],[6.485087,49.534248],[6.485432,49.534256],[6.485455,49.533806],[6.4858,49.533814],[6.485812,49.533589],[6.486157,49.533597],[6.486169,49.533372],[6.486514,49.53338],[6.486525,49.533155],[6.48687,49.533162],[6.486882,49.532938],[6.487227,49.532945],[6.487239,49.532721],[6.487929,49.532736],[6.48794,49.532511],[6.488631,49.532526],[6.488642,49.532301],[6.489333,49.532316],[6.489344,49.532092],[6.490034,49.532107],[6.490046,49.531882],[6.490736,49.531897],[6.490748,49.531672],[6.491438,49.531687],[6.49145,49.531463],[6.491795,49.53147],[6.491806,49.531245],[6.492497,49.53126],[6.492508,49.531036],[6.493198,49.531051],[6.493187,49.531275],[6.493532,49.531283],[6.493521,49.531508],[6.493866,49.531515],[6.493854,49.53174],[6.494199,49.531747],[6.494188,49.531972],[6.494878,49.531987],[6.494867,49.532211],[6.495212,49.532219],[6.4952,49.532444],[6.495546,49.532451],[6.495534,49.532676],[6.498295,49.532735],[6.498284,49.53296],[6.498974,49.532975],[6.498963,49.5332],[6.499308,49.533207],[6.499297,49.533432],[6.499642,49.533439],[6.49963,49.533664],[6.500321,49.533679],[6.500309,49.533904],[6.500654,49.533911],[6.500643,49.534136],[6.500988,49.534143],[6.500977,49.534368],[6.501667,49.534383],[6.501644,49.534832],[6.501989,49.534839],[6.501978,49.535064],[6.502668,49.535079],[6.502657,49.535304],[6.504037,49.535333],[6.504026,49.535558],[6.505062,49.53558],[6.50505,49.535805],[6.506431,49.535835],[6.506442,49.53561],[6.506788,49.535618],[6.506799,49.535393],[6.507144,49.5354],[6.507156,49.535176],[6.507846,49.535191],[6.507835,49.535415],[6.511977,49.535505],[6.511965,49.535729],[6.513346,49.535759],[6.51338,49.535085],[6.514761,49.535115],[6.514773,49.53489],[6.517189,49.534942],[6.517177,49.535167],[6.518213,49.535189],[6.518202,49.535413],[6.518892,49.535428],[6.518881,49.535653],[6.523713,49.535756],[6.523725,49.535532],[6.52407,49.535539],[6.524081,49.535315],[6.524427,49.535322],[6.524438,49.535097],[6.524783,49.535105],[6.524794,49.53488],[6.525485,49.534895],[6.525496,49.53467],[6.526187,49.534685],[6.526198,49.53446],[6.526543,49.534468],[6.526554,49.534243],[6.5269,49.53425],[6.526911,49.534026],[6.527256,49.534033],[6.527267,49.533808],[6.527958,49.533823],[6.527969,49.533598],[6.528314,49.533606],[6.528326,49.533381],[6.528671,49.533389],[6.528682,49.533164],[6.529373,49.533179],[6.529361,49.533403],[6.529706,49.533411],[6.529695,49.533635],[6.53004,49.533643],[6.530029,49.533867],[6.530374,49.533875],[6.530363,49.534099],[6.530708,49.534107],[6.530697,49.534331],[6.531042,49.534339],[6.531031,49.534564],[6.531376,49.534571],[6.531364,49.534796],[6.53171,49.534803],[6.531698,49.535028],[6.532043,49.535035],[6.532032,49.53526],[6.532377,49.535267],[6.532366,49.535492],[6.532711,49.535499],[6.5327,49.535724],[6.533045,49.535731],[6.533034,49.535956],[6.533379,49.535963],[6.533368,49.536188],[6.533713,49.536195],[6.533702,49.53642],[6.534047,49.536427],[6.534035,49.536652],[6.534381,49.536659],[6.534369,49.536884],[6.534715,49.536891],[6.534703,49.537116],[6.535048,49.537123],[6.535037,49.537348],[6.535382,49.537355],[6.535371,49.53758],[6.535716,49.537587],[6.535705,49.537812],[6.53605,49.537819],[6.536039,49.538044],[6.536729,49.538059],[6.536718,49.538283],[6.537063,49.538291],[6.537052,49.538515],[6.537397,49.538523],[6.537386,49.538747],[6.537731,49.538755],[6.53772,49.538979],[6.538065,49.538987],[6.538054,49.539211],[6.538399,49.539219],[6.538388,49.539443],[6.538733,49.539451],[6.538744,49.539226],[6.539435,49.539241],[6.539446,49.539016],[6.539791,49.539023],[6.539802,49.538799],[6.540493,49.538813],[6.540504,49.538589],[6.541195,49.538603],[6.541206,49.538379],[6.541896,49.538393],[6.541908,49.538169],[6.542943,49.538191],[6.542921,49.53864],[6.543266,49.538647],[6.543255,49.538872],[6.5436,49.538879],[6.543589,49.539104],[6.544279,49.539119],[6.544256,49.539568],[6.543911,49.539561],[6.543877,49.540235],[6.544223,49.540242],[6.544178,49.541141],[6.544523,49.541148],[6.544489,49.541822],[6.544834,49.541829],[6.544823,49.542054],[6.545168,49.542061],[6.545146,49.542511],[6.545491,49.542518],[6.545457,49.543192],[6.545803,49.543199],[6.545791,49.543424],[6.546137,49.543431],[6.546114,49.543881],[6.546459,49.543888],[6.546425,49.544562],[6.546771,49.544569],[6.546759,49.544794],[6.547795,49.544816],[6.547784,49.545041],[6.54882,49.545063],[6.548809,49.545287],[6.549154,49.545294],[6.549143,49.545519],[6.549488,49.545526],[6.549477,49.545751],[6.550858,49.54578],[6.550869,49.545556],[6.55156,49.54557],[6.551548,49.545795],[6.551894,49.545802],[6.551882,49.546027],[6.552228,49.546034],[6.552216,49.546259],[6.552907,49.546274],[6.552896,49.546498],[6.553586,49.546513],[6.553575,49.546738],[6.554956,49.546767],[6.554945,49.546991],[6.556326,49.547021],[6.556315,49.547245],[6.557351,49.547267],[6.55734,49.547492],[6.55803,49.547506],[6.558019,49.547731],[6.558709,49.547746],[6.558698,49.54797],[6.559044,49.547978],[6.559032,49.548202],[6.559723,49.548217],[6.559712,49.548441],[6.560402,49.548456],[6.56038,49.548905],[6.560725,49.548913],[6.560714,49.549137],[6.561059,49.549145],[6.561037,49.549594],[6.561382,49.549601],[6.561371,49.549826],[6.561716,49.549833],[6.561705,49.550058],[6.562051,49.550065],[6.562039,49.55029],[6.562385,49.550297],[6.562373,49.550522],[6.562719,49.550529],[6.562696,49.550978],[6.563042,49.550986],[6.563031,49.55121],[6.563721,49.551225],[6.56371,49.551449],[6.564055,49.551457],[6.564044,49.551681],[6.564389,49.551689],[6.564378,49.551913],[6.565414,49.551935],[6.565403,49.55216],[6.565748,49.552167],[6.565737,49.552392],[6.566773,49.552414],[6.566762,49.552638],[6.567453,49.552653],[6.567441,49.552877],[6.568477,49.552899],[6.568466,49.553124],[6.569157,49.553138],[6.569146,49.553363],[6.569491,49.55337],[6.56948,49.553595],[6.570171,49.553609],[6.57016,49.553834],[6.57085,49.553849],[6.570839,49.554073],[6.57153,49.554088],[6.571519,49.554313],[6.572555,49.554334],[6.572543,49.554559],[6.573579,49.554581],[6.573568,49.554805],[6.57495,49.554834],[6.574916,49.555508],[6.575262,49.555516],[6.575251,49.55574],[6.575596,49.555747],[6.575585,49.555972],[6.57593,49.555979],[6.575919,49.556204],[6.576264,49.556211],[6.576253,49.556436],[6.577289,49.556458],[6.577278,49.556682],[6.577624,49.55669],[6.577612,49.556914],[6.577958,49.556921],[6.577936,49.557371],[6.578972,49.557392],[6.57896,49.557617],[6.579997,49.557639],[6.579974,49.558088],[6.58032,49.558095],[6.580298,49.558545],[6.581679,49.558574],[6.581668,49.558798],[6.582359,49.558813],[6.582348,49.559037],[6.583729,49.559066],[6.583718,49.559291],[6.584063,49.559298],[6.584052,49.559523],[6.585088,49.559544],[6.585077,49.559769],[6.585768,49.559784],[6.585757,49.560008],[6.586448,49.560023],[6.586437,49.560247],[6.587127,49.560262],[6.587116,49.560486],[6.588153,49.560508],[6.588141,49.560733],[6.589868,49.560769],[6.589857,49.560993],[6.590203,49.561001],[6.590214,49.560776],[6.590905,49.56079],[6.590916,49.560566],[6.591606,49.56058],[6.591617,49.560355],[6.592308,49.56037],[6.592319,49.560145],[6.59301,49.560159],[6.592999,49.560384],[6.594035,49.560406],[6.594024,49.56063],[6.594715,49.560645],[6.594704,49.560869],[6.595049,49.560876],[6.595038,49.561101],[6.595729,49.561116],[6.595718,49.56134],[6.598481,49.561398],[6.598492,49.561173],[6.598838,49.56118],[6.598827,49.561405],[6.599863,49.561426],[6.599852,49.561651],[6.600197,49.561658],[6.600186,49.561883],[6.600532,49.56189],[6.60052,49.562115],[6.602938,49.562165],[6.602927,49.562389],[6.603273,49.562397],[6.603262,49.562621],[6.603953,49.562636],[6.603942,49.56286],[6.604287,49.562867],[6.604276,49.563092],[6.605312,49.563114],[6.605301,49.563338],[6.605992,49.563352],[6.605981,49.563577],[6.606326,49.563584],[6.606315,49.563809],[6.606661,49.563816],[6.606617,49.564715],[6.606962,49.564722],[6.606863,49.566744],[6.607209,49.566751],[6.607198,49.566976],[6.606852,49.566969],[6.606841,49.567193],[6.607187,49.5672],[6.607176,49.567425],[6.607521,49.567432],[6.607499,49.567882],[6.607845,49.567889],[6.607823,49.568338],[6.608168,49.568345],[6.608157,49.56857],[6.608848,49.568584],[6.608837,49.568809],[6.609183,49.568816],[6.609194,49.568591],[6.61023,49.568613],[6.610219,49.568837],[6.611255,49.568859],[6.611244,49.569084],[6.611935,49.569098],[6.611924,49.569322],[6.61227,49.56933],[6.612259,49.569554],[6.612604,49.569561],[6.612582,49.570011],[6.612928,49.570018],[6.612917,49.570243],[6.613262,49.57025],[6.613251,49.570474],[6.613597,49.570482],[6.613586,49.570706],[6.614277,49.57072],[6.614299,49.570271],[6.614644,49.570278],[6.614655,49.570054],[6.615001,49.570061],[6.615023,49.569611],[6.615368,49.569618],[6.615379,49.569394],[6.615724,49.569401],[6.615746,49.568952],[6.616437,49.568966],[6.616459,49.568516],[6.616805,49.568524],[6.616837,49.56785],[6.617183,49.567857],[6.617216,49.567183],[6.617561,49.56719],[6.617605,49.566291],[6.61795,49.566298],[6.617983,49.565624],[6.618328,49.565631],[6.618372,49.564733],[6.618718,49.56474],[6.618761,49.563841],[6.618416,49.563834],[6.618427,49.563609],[6.618081,49.563602],[6.618092,49.563377],[6.618438,49.563385],[6.618471,49.56271],[6.618125,49.562703],[6.618235,49.560457],[6.61858,49.560464],[6.618591,49.560239],[6.618936,49.560246],[6.618947,49.560022],[6.619638,49.560036],[6.619649,49.559811],[6.620685,49.559832],[6.620696,49.559608],[6.621732,49.559629],[6.621743,49.559404],[6.622089,49.559411],[6.62211,49.558962],[6.622801,49.558976],[6.622823,49.558527],[6.623168,49.558534],[6.623179,49.558309],[6.623525,49.558316],[6.623546,49.557867],[6.623892,49.557874],[6.623925,49.5572],[6.62427,49.557207],[6.624292,49.556758],[6.624637,49.556765],[6.62467,49.556091],[6.625015,49.556098],[6.625048,49.555424],[6.625393,49.555431],[6.625404,49.555206],[6.625749,49.555214],[6.625782,49.55454],[6.626128,49.554547],[6.626149,49.554097],[6.626495,49.554104],[6.626527,49.55343],[6.626873,49.553437],[6.626884,49.553213],[6.627229,49.55322],[6.62724,49.552995],[6.627585,49.553002],[6.627596,49.552778],[6.627941,49.552785],[6.627952,49.55256],[6.628298,49.552567],[6.628309,49.552342],[6.628654,49.552349],[6.628665,49.552125],[6.62901,49.552132],[6.629021,49.551907],[6.629712,49.551921],[6.629723,49.551697],[6.630068,49.551704],[6.630079,49.551479],[6.631115,49.5515],[6.631126,49.551276],[6.631471,49.551283],[6.631493,49.550833],[6.631838,49.55084],[6.63186,49.550391],[6.632205,49.550398],[6.632216,49.550173],[6.632561,49.550181],[6.632572,49.549956],[6.632917,49.549963],[6.632939,49.549514],[6.633284,49.549521],[6.633295,49.549296],[6.633641,49.549303],[6.633673,49.548629],[6.633328,49.548622],[6.633404,49.547049],[6.633059,49.547042],[6.63307,49.546817],[6.633415,49.546825],[6.633426,49.5466],[6.633771,49.546607],[6.633793,49.546158],[6.634138,49.546165],[6.634149,49.54594],[6.634494,49.545947],[6.634505,49.545722],[6.63485,49.545729],[6.634861,49.545505],[6.635206,49.545512],[6.635217,49.545287],[6.639706,49.545379],[6.639695,49.545603],[6.641767,49.545646],[6.641756,49.54587],[6.642102,49.545877],[6.642091,49.546102],[6.642781,49.546116],[6.64277,49.546341],[6.643116,49.546348],[6.643105,49.546573],[6.643796,49.546587],[6.643785,49.546811],[6.64413,49.546818],[6.644119,49.547043],[6.643774,49.547036],[6.643698,49.548609],[6.644044,49.548616],[6.644033,49.54884],[6.644378,49.548848],[6.644367,49.549072],[6.644713,49.549079],[6.644702,49.549304],[6.645392,49.549318],[6.645382,49.549543],[6.646418,49.549564],[6.646407,49.549788],[6.646752,49.549795],[6.646741,49.55002],[6.647087,49.550027],[6.647076,49.550252],[6.647421,49.550259],[6.64741,49.550484],[6.647756,49.550491],[6.647745,49.550715],[6.64809,49.550722],[6.648079,49.550947],[6.648425,49.550954],[6.648414,49.551179],[6.648759,49.551186],[6.648749,49.55141],[6.649094,49.551417],[6.649083,49.551642],[6.649428,49.551649],[6.649418,49.551874],[6.649763,49.551881],[6.649752,49.552105],[6.650098,49.552112],[6.650087,49.552337],[6.650432,49.552344],[6.650421,49.552569],[6.650767,49.552576],[6.650756,49.552801],[6.652137,49.552829],[6.652148,49.552604],[6.652493,49.552611],[6.652504,49.552386],[6.65285,49.552393],[6.65286,49.552169],[6.653206,49.552176],[6.653227,49.551726],[6.653573,49.551733],[6.653605,49.551059],[6.65395,49.551066],[6.653972,49.550617],[6.654317,49.550624],[6.654328,49.550399],[6.654673,49.550406],[6.654695,49.549957],[6.65504,49.549964],[6.655062,49.549514],[6.655407,49.549521],[6.655418,49.549297],[6.655763,49.549304],[6.655784,49.548854],[6.65613,49.548861],[6.656173,49.547963],[6.656518,49.54797],[6.65654,49.54752],[6.656885,49.547527],[6.656896,49.547303],[6.657241,49.54731],[6.657263,49.54686],[6.657608,49.546867],[6.65764,49.546193],[6.657985,49.5462],[6.658018,49.545526],[6.658363,49.545533],[6.658374,49.545308],[6.658719,49.545315],[6.65873,49.545091],[6.659075,49.545098],[6.659086,49.544873],[6.659431,49.54488],[6.659442,49.544655],[6.660478,49.544676],[6.660467,49.544901],[6.660812,49.544908],[6.660801,49.545133],[6.661147,49.54514],[6.661136,49.545364],[6.661481,49.545371],[6.661471,49.545596],[6.661816,49.545603],[6.661805,49.545828],[6.66215,49.545835],[6.66214,49.546059],[6.662485,49.546066],[6.662474,49.546291],[6.66282,49.546298],[6.662809,49.546523],[6.66419,49.546551],[6.664179,49.546775],[6.664525,49.546782],[6.664514,49.547007],[6.664859,49.547014],[6.664849,49.547239],[6.666575,49.547273],[6.666564,49.547498],[6.667255,49.547512],[6.667244,49.547737],[6.667935,49.547751],[6.667924,49.547975],[6.66896,49.547996],[6.66895,49.548221],[6.669295,49.548228],[6.669284,49.548452],[6.66963,49.548459],[6.669619,49.548684],[6.678252,49.548858],[6.678263,49.548633],[6.678608,49.54864],[6.678619,49.548415],[6.680691,49.548457],[6.680701,49.548232],[6.682773,49.548274],[6.682752,49.548723],[6.683097,49.54873],[6.683087,49.548955],[6.683432,49.548962],[6.683421,49.549186],[6.683767,49.549193],[6.683756,49.549418],[6.684792,49.549439],[6.684781,49.549663],[6.685472,49.549677],[6.685461,49.549902],[6.687188,49.549936],[6.687178,49.550161],[6.687868,49.550175],[6.687858,49.5504],[6.691656,49.550475],[6.691646,49.5507],[6.691991,49.550707],[6.69198,49.550932],[6.693707,49.550966],[6.693697,49.551191],[6.694387,49.551205],[6.694377,49.551429],[6.695067,49.551443],[6.695057,49.551668],[6.695748,49.551682],[6.695737,49.551906],[6.696428,49.55192],[6.696417,49.552145],[6.697453,49.552165],[6.697443,49.55239],[6.698824,49.552417],[6.698814,49.552642],[6.699504,49.552656],[6.699483,49.553105],[6.699828,49.553112],[6.699818,49.553337],[6.700163,49.553344],[6.700153,49.553568],[6.700498,49.553575],[6.700488,49.5538],[6.700833,49.553807],[6.700822,49.554031],[6.701513,49.554045],[6.701503,49.55427],[6.701848,49.554277],[6.701837,49.554501],[6.702183,49.554508],[6.702172,49.554733],[6.702518,49.55474],[6.702507,49.554965],[6.702852,49.554971],[6.702842,49.555196],[6.703187,49.555203],[6.703177,49.555428],[6.703867,49.555441],[6.703857,49.555666],[6.704202,49.555673],[6.704192,49.555898],[6.704537,49.555904],[6.704527,49.556129],[6.704872,49.556136],[6.704861,49.556361],[6.705552,49.556374],[6.705542,49.556599],[6.705887,49.556606],[6.705877,49.556831],[6.706567,49.556844],[6.706557,49.557069],[6.706902,49.557076],[6.706892,49.557301],[6.707582,49.557314],[6.707572,49.557539],[6.707917,49.557546],[6.707907,49.55777],[6.708943,49.557791],[6.708933,49.558016],[6.709623,49.558029],[6.709613,49.558254],[6.710304,49.558268],[6.710293,49.558492],[6.710984,49.558506],[6.710973,49.558731],[6.712355,49.558758],[6.712345,49.558983],[6.717526,49.559085],[6.717515,49.55931],[6.717861,49.559317],[6.71785,49.559541],[6.718541,49.559555],[6.71853,49.55978],[6.719221,49.559793],[6.719211,49.560018],[6.719556,49.560025],[6.719546,49.560249],[6.720237,49.560263],[6.720226,49.560488],[6.720917,49.560501],[6.720906,49.560726],[6.721597,49.56074],[6.721587,49.560964],[6.721932,49.560971],[6.721922,49.561196],[6.722267,49.561203],[6.722257,49.561427],[6.722948,49.561441],[6.722895,49.562564],[6.723241,49.562571],[6.72323,49.562796],[6.723576,49.562803],[6.723544,49.563477],[6.72389,49.563484],[6.723879,49.563708],[6.724225,49.563715],[6.724214,49.56394],[6.72456,49.563947],[6.724549,49.564171],[6.724895,49.564178],[6.724884,49.564403],[6.72523,49.56441],[6.725219,49.564634],[6.725565,49.564641],[6.725554,49.564866],[6.7259,49.564872],[6.725889,49.565097],[6.726235,49.565104],[6.726224,49.565329],[6.72657,49.565335],[6.726549,49.565785],[6.726895,49.565792],[6.726884,49.566016],[6.72723,49.566023],[6.727219,49.566248],[6.72791,49.566261],[6.7279,49.566486],[6.728245,49.566493],[6.728235,49.566718],[6.72858,49.566724],[6.72857,49.566949],[6.729261,49.566963],[6.72925,49.567187],[6.729596,49.567194],[6.729585,49.567419],[6.729931,49.567426],[6.72992,49.56765],[6.730266,49.567657],[6.730255,49.567882],[6.730601,49.567888],[6.73059,49.568113],[6.730936,49.56812],[6.730925,49.568345],[6.731271,49.568351],[6.73126,49.568576],[6.731606,49.568583],[6.731596,49.568808],[6.731941,49.568814],[6.731931,49.569039],[6.732276,49.569046],[6.732266,49.56927],[6.732611,49.569277],[6.732601,49.569502],[6.732946,49.569509],[6.732936,49.569733],[6.733281,49.56974],[6.733271,49.569965],[6.733616,49.569972],[6.733606,49.570196],[6.733951,49.570203],[6.733941,49.570428],[6.734632,49.570441],[6.734622,49.570666],[6.734967,49.570673],[6.734957,49.570897],[6.735302,49.570904],[6.735292,49.571129],[6.735637,49.571136],[6.735627,49.57136],[6.735972,49.571367],[6.735962,49.571592],[6.736999,49.571612],[6.736988,49.571837],[6.737334,49.571844],[6.737323,49.572068],[6.737669,49.572075],[6.737658,49.5723],[6.738004,49.572306],[6.737994,49.572531],[6.738339,49.572538],[6.738329,49.572763],[6.738674,49.572769],[6.738664,49.572994],[6.739355,49.573008],[6.739344,49.573232],[6.73969,49.573239],[6.73968,49.573464],[6.740025,49.57347],[6.740015,49.573695],[6.74036,49.573702],[6.74035,49.573927],[6.740695,49.573933],[6.740685,49.574158],[6.74103,49.574165],[6.74102,49.574389],[6.741711,49.574403],[6.741701,49.574628],[6.742046,49.574634],[6.742036,49.574859],[6.742727,49.574873],[6.742717,49.575097],[6.743062,49.575104],[6.743052,49.575329],[6.743743,49.575342],[6.743732,49.575567],[6.744078,49.575574],[6.744068,49.575798],[6.744413,49.575805],[6.744403,49.57603],[6.744748,49.576036],[6.744738,49.576261],[6.745084,49.576268],[6.745073,49.576493],[6.745419,49.576499],[6.745408,49.576724],[6.746099,49.576738],[6.746089,49.576962],[6.746435,49.576969],[6.746424,49.577194],[6.747115,49.577207],[6.747105,49.577432],[6.747451,49.577439],[6.74744,49.577663],[6.748131,49.577677],[6.748121,49.577901],[6.748467,49.577908],[6.748456,49.578133],[6.749147,49.578146],[6.749137,49.578371],[6.749482,49.578378],[6.749472,49.578602],[6.750163,49.578616],[6.750153,49.57884],[6.750844,49.578854],[6.750834,49.579079],[6.751179,49.579085],[6.751169,49.57931],[6.751514,49.579317],[6.751504,49.579541],[6.75185,49.579548],[6.751881,49.578874],[6.752226,49.578881],[6.752237,49.578656],[6.752582,49.578663],[6.752592,49.578438],[6.752938,49.578445],[6.752959,49.577995],[6.753304,49.578002],[6.753325,49.577553],[6.75367,49.577559],[6.753691,49.57711],[6.754382,49.577123],[6.754392,49.576899],[6.755084,49.576912],[6.755073,49.577137],[6.755419,49.577144],[6.755429,49.576919],[6.75923,49.576993],[6.75922,49.577217],[6.759565,49.577224],[6.759555,49.577449],[6.759901,49.577455],[6.75989,49.57768],[6.760581,49.577693],[6.760571,49.577918],[6.760917,49.577925],[6.760906,49.57815],[6.762289,49.578176],[6.762278,49.578401],[6.762969,49.578414],[6.762959,49.578639],[6.763305,49.578646],[6.763294,49.57887],[6.76364,49.578877],[6.76363,49.579102],[6.763975,49.579108],[6.763965,49.579333],[6.764311,49.57934],[6.7643,49.579565],[6.764646,49.579571],[6.764636,49.579796],[6.764981,49.579803],[6.764971,49.580027],[6.765316,49.580034],[6.765306,49.580259],[6.766343,49.580279],[6.766333,49.580503],[6.767024,49.580517],[6.767014,49.580741],[6.770815,49.580815],[6.770805,49.581039],[6.77115,49.581046],[6.77114,49.581271],[6.772177,49.581291],[6.772166,49.581515],[6.773203,49.581535],[6.773193,49.58176],[6.77423,49.58178],[6.77422,49.582005],[6.774911,49.582018],[6.7749,49.582243],[6.775592,49.582256],[6.775602,49.582031],[6.777675,49.582071],[6.777665,49.582296],[6.780775,49.582356],[6.780786,49.582131],[6.781131,49.582138],[6.781141,49.581913],[6.782178,49.581933],[6.782188,49.581708],[6.788063,49.58182],[6.788073,49.581596],[6.788419,49.581602],[6.788429,49.581378],[6.788775,49.581384],[6.788785,49.58116],[6.789131,49.581166],[6.789141,49.580942],[6.789486,49.580948],[6.789496,49.580723],[6.789842,49.58073],[6.789852,49.580505],[6.790198,49.580512],[6.790208,49.580287],[6.790899,49.5803],[6.790889,49.580525],[6.79158,49.580538],[6.79157,49.580763],[6.792261,49.580776],[6.792251,49.581001],[6.792597,49.581007],[6.792586,49.581232],[6.793278,49.581245],[6.793257,49.581695],[6.793603,49.581701],[6.793593,49.581926],[6.793938,49.581933],[6.793928,49.582157],[6.794274,49.582164],[6.794254,49.582613],[6.794599,49.58262],[6.794589,49.582845],[6.794935,49.582851],[6.794914,49.583301],[6.79526,49.583307],[6.79525,49.583532],[6.795595,49.583539],[6.795575,49.583988],[6.795921,49.583995],[6.795911,49.584219],[6.796256,49.584226],[6.796246,49.58445],[6.796592,49.584457],[6.796571,49.584906],[6.796917,49.584913],[6.796907,49.585138],[6.797253,49.585144],[6.797232,49.585594],[6.797578,49.5856],[6.797568,49.585825],[6.797913,49.585832],[6.797893,49.586281],[6.798239,49.586288],[6.798219,49.586737],[6.798564,49.586744],[6.798554,49.586968],[6.7989,49.586975],[6.79889,49.5872],[6.799235,49.587206],[6.799225,49.587431],[6.799916,49.587444],[6.799906,49.587669],[6.801289,49.587695],[6.801279,49.58792],[6.801624,49.587926],[6.801614,49.588151],[6.802305,49.588164],[6.802295,49.588389],[6.803332,49.588408],[6.803322,49.588633],[6.804013,49.588646],[6.804003,49.588871],[6.80504,49.588891],[6.80503,49.589115],[6.805721,49.589128],[6.805711,49.589353],[6.806403,49.589366],[6.806393,49.589591],[6.807084,49.589604],[6.807074,49.589829],[6.807765,49.589842],[6.807755,49.590067],[6.808446,49.59008],[6.808436,49.590304],[6.809128,49.590317],[6.809117,49.590542],[6.809809,49.590555],[6.809799,49.59078],[6.81049,49.590793],[6.81048,49.591018],[6.811517,49.591037],[6.811507,49.591262],[6.812198,49.591275],[6.812188,49.5915],[6.812534,49.591506],[6.812524,49.591731],[6.813215,49.591744],[6.813205,49.591969],[6.813551,49.591975],[6.813541,49.5922],[6.813886,49.592207],[6.813876,49.592431],[6.814222,49.592438],[6.814212,49.592663],[6.814558,49.592669],[6.814527,49.593343],[6.815219,49.593356],[6.815199,49.593806],[6.815544,49.593812],[6.815524,49.594262],[6.81587,49.594268],[6.81584,49.594942],[6.816186,49.594949],[6.816165,49.595398],[6.816511,49.595405],[6.816501,49.595629],[6.816847,49.595636],[6.816837,49.595861],[6.817182,49.595867],[6.817162,49.596317],[6.817508,49.596323],[6.817498,49.596548],[6.818189,49.596561],[6.818179,49.596786],[6.819562,49.596812],[6.819552,49.597036],[6.821626,49.597075],[6.821616,49.5973],[6.823345,49.597333],[6.823335,49.597557],[6.824026,49.59757],[6.824016,49.597795],[6.824708,49.597808],[6.824698,49.598033],[6.825043,49.598039],[6.825033,49.598264],[6.826071,49.598283],[6.826061,49.598508],[6.826752,49.598521],[6.826742,49.598746],[6.827088,49.598752],[6.827078,49.598977],[6.827423,49.598984],[6.827413,49.599208],[6.827759,49.599215],[6.827749,49.599439],[6.828095,49.599446],[6.828085,49.599671],[6.828431,49.599677],[6.828421,49.599902],[6.828766,49.599908],[6.828756,49.600133],[6.829102,49.60014],[6.829092,49.600364],[6.829438,49.600371],[6.829428,49.600595],[6.829774,49.600602],[6.829754,49.601051],[6.830445,49.601064],[6.830435,49.601289],[6.830781,49.601295],[6.830771,49.60152],[6.831117,49.601527],[6.831107,49.601751],[6.831452,49.601758],[6.831442,49.601983],[6.83248,49.602002],[6.83247,49.602227],[6.833161,49.60224],[6.833151,49.602464],[6.833843,49.602477],[6.833833,49.602702],[6.834179,49.602708],[6.834169,49.602933],[6.83486,49.602946],[6.83485,49.603171],[6.835887,49.60319],[6.835877,49.603415],[6.836569,49.603428],[6.836559,49.603653],[6.83725,49.603665],[6.837241,49.60389],[6.837586,49.603897],[6.837576,49.604121],[6.837922,49.604128],[6.837912,49.604353],[6.838258,49.604359],[6.838248,49.604584],[6.838594,49.60459],[6.838584,49.604815],[6.83893,49.604821],[6.83892,49.605046],[6.839265,49.605052],[6.839255,49.605277],[6.839601,49.605284],[6.839591,49.605508],[6.840629,49.605528],[6.840619,49.605752],[6.840964,49.605759],[6.840954,49.605984],[6.8413,49.60599],[6.84129,49.606215],[6.842328,49.606234],[6.842298,49.606908],[6.842644,49.606915],[6.842634,49.607139],[6.842979,49.607146],[6.84297,49.607371],[6.843661,49.607383],[6.843651,49.607608],[6.843997,49.607615],[6.843987,49.607839],[6.844679,49.607852],[6.844659,49.608302],[6.84535,49.608314],[6.84534,49.608539],[6.845686,49.608546],[6.845676,49.60877],[6.846022,49.608777],[6.846012,49.609001],[6.846358,49.609008],[6.846348,49.609233],[6.846694,49.609239],[6.846654,49.610138],[6.847,49.610144],[6.846961,49.611043],[6.847306,49.61105],[6.847296,49.611274],[6.847642,49.611281],[6.847632,49.611505],[6.847978,49.611512],[6.847968,49.611737],[6.848314,49.611743],[6.848215,49.61399],[6.848561,49.613996],[6.848551,49.614221],[6.848897,49.614228],[6.848857,49.615126],[6.848511,49.61512],[6.848502,49.615345],[6.848156,49.615338],[6.848146,49.615563],[6.8478,49.615557],[6.84779,49.615781],[6.847444,49.615775],[6.847424,49.616224],[6.847079,49.616218],[6.847059,49.616667],[6.846713,49.616661],[6.846693,49.61711],[6.846347,49.617104],[6.846209,49.62025],[6.846554,49.620256],[6.846535,49.620706],[6.84688,49.620712],[6.846781,49.622959],[6.846436,49.622953],[6.846426,49.623177],[6.84608,49.623171],[6.84607,49.623396],[6.845724,49.623389],[6.845714,49.623614],[6.845368,49.623607],[6.845338,49.624282],[6.844992,49.624275],[6.844963,49.624949],[6.844617,49.624943],[6.844607,49.625167],[6.844261,49.625161],[6.844192,49.626734],[6.843846,49.626728],[6.843826,49.627177],[6.84348,49.627171],[6.843361,49.629867],[6.843015,49.629861],[6.842985,49.630535],[6.843331,49.630541],[6.843311,49.630991],[6.843657,49.630997],[6.843588,49.63257],[6.843934,49.632576],[6.843914,49.633026],[6.843568,49.633019],[6.843538,49.633693],[6.843192,49.633687],[6.843093,49.635934],[6.843439,49.635941],[6.843409,49.636615],[6.843755,49.636621],[6.843745,49.636846],[6.844437,49.636859],[6.844427,49.637083],[6.845119,49.637096],[6.845109,49.637321],[6.845801,49.637334],[6.845791,49.637559],[6.846137,49.637565],[6.846127,49.63779],[6.847165,49.637809],[6.847155,49.638034],[6.847501,49.63804],[6.847491,49.638265],[6.847837,49.638271],[6.847828,49.638496],[6.848174,49.638502],[6.848164,49.638727],[6.84851,49.638734],[6.8485,49.638958],[6.848846,49.638965],[6.848836,49.639189],[6.84849,49.639183],[6.84844,49.640307],[6.848094,49.6403],[6.848084,49.640525],[6.847738,49.640518],[6.847728,49.640743],[6.847382,49.640737],[6.847343,49.641635],[6.846997,49.641629],[6.846987,49.641854],[6.846295,49.641841],[6.846285,49.642066],[6.845593,49.642053],[6.845563,49.642727],[6.845909,49.642733],[6.845899,49.642958],[6.846245,49.642964],[6.846206,49.643863],[6.846552,49.64387],[6.846532,49.644319],[6.846878,49.644325],[6.846868,49.64455],[6.847214,49.644557],[6.847204,49.644781],[6.84755,49.644788],[6.84754,49.645012],[6.847886,49.645019],[6.847866,49.645468],[6.848212,49.645475],[6.848203,49.645699],[6.848549,49.645706],[6.848539,49.645931],[6.849231,49.645943],[6.849221,49.646168],[6.849567,49.646175],[6.849557,49.646399],[6.850595,49.646419],[6.850585,49.646643],[6.850931,49.64665],[6.850921,49.646874],[6.851268,49.646881],[6.851169,49.649128],[6.850822,49.649122],[6.850773,49.650245],[6.850427,49.650239],[6.850407,49.650688],[6.850061,49.650682],[6.850031,49.651356],[6.849685,49.651349],[6.849675,49.651574],[6.849329,49.651568],[6.849319,49.651792],[6.849665,49.651799],[6.849656,49.652023],[6.850002,49.65203],[6.849992,49.652255],[6.850338,49.652261],[6.850318,49.65271],[6.850664,49.652717],[6.850644,49.653166],[6.85099,49.653173],[6.850961,49.653847],[6.851307,49.653853],[6.851297,49.654078],[6.851643,49.654084],[6.851633,49.654309],[6.851979,49.654315],[6.851969,49.65454],[6.851623,49.654534],[6.851613,49.654758],[6.851267,49.654752],[6.851247,49.655201],[6.850901,49.655195],[6.850882,49.655644],[6.850535,49.655638],[6.850466,49.657211],[6.851158,49.657224],[6.851148,49.657449],[6.850802,49.657442],[6.850773,49.658116],[6.851119,49.658123],[6.851099,49.658572],[6.851445,49.658578],[6.851415,49.659253],[6.851762,49.659259],[6.851682,49.661057],[6.85099,49.661044],[6.85098,49.661269],[6.849596,49.661243],[6.849586,49.661468],[6.847509,49.661429],[6.847499,49.661654],[6.847153,49.661647],[6.847143,49.661872],[6.846796,49.661865],[6.846777,49.662315],[6.84643,49.662308],[6.846411,49.662758],[6.846064,49.662751],[6.846054,49.662976],[6.845708,49.66297],[6.845698,49.663194],[6.845352,49.663188],[6.845342,49.663413],[6.844996,49.663406],[6.844986,49.663631],[6.84464,49.663624],[6.84463,49.663849],[6.844284,49.663843],[6.844274,49.664067],[6.843928,49.664061],[6.843918,49.664286],[6.843572,49.664279],[6.843562,49.664504],[6.843216,49.664497],[6.843206,49.664722],[6.842859,49.664716],[6.842849,49.66494],[6.842503,49.664934],[6.842493,49.665159],[6.842147,49.665152],[6.842137,49.665377],[6.841791,49.66537],[6.841781,49.665595],[6.841435,49.665589],[6.841425,49.665813],[6.841079,49.665807],[6.841069,49.666032],[6.840723,49.666025],[6.840713,49.66625],[6.840366,49.666243],[6.840356,49.666468],[6.84001,49.666462],[6.84,49.666686],[6.839654,49.66668],[6.839644,49.666905],[6.839298,49.666898],[6.839288,49.667123],[6.838942,49.667116],[6.838932,49.667341],[6.838586,49.667335],[6.838576,49.667559],[6.83823,49.667553],[6.83822,49.667778],[6.837873,49.667771],[6.837863,49.667996],[6.837517,49.667989],[6.837507,49.668214],[6.837161,49.668208],[6.837151,49.668432],[6.836805,49.668426],[6.836795,49.668651],[6.836449,49.668644],[6.836429,49.669093],[6.836082,49.669087],[6.836072,49.669312],[6.835726,49.669305],[6.835716,49.66953],[6.83537,49.669523],[6.83535,49.669973],[6.835004,49.669966],[6.834944,49.671315],[6.834598,49.671308],[6.834428,49.675128],[6.834774,49.675135],[6.834764,49.675359],[6.835803,49.675379],[6.835793,49.675603],[6.836486,49.675616],[6.836476,49.675841],[6.837168,49.675854],[6.837158,49.676079],[6.837505,49.676085],[6.837495,49.67631],[6.837841,49.676316],[6.837831,49.676541],[6.838177,49.676548],[6.838167,49.676772],[6.838513,49.676779],[6.838504,49.677003],[6.83885,49.67701],[6.83884,49.677235],[6.839186,49.677241],[6.839176,49.677466],[6.839522,49.677472],[6.839512,49.677697],[6.839859,49.677703],[6.839849,49.677928],[6.840195,49.677935],[6.840185,49.678159],[6.840531,49.678166],[6.840521,49.67839],[6.840868,49.678397],[6.840858,49.678622],[6.841204,49.678628],[6.841194,49.678853],[6.84154,49.678859],[6.84153,49.679084],[6.841877,49.67909],[6.841857,49.67954],[6.842203,49.679546],[6.842193,49.679771],[6.842539,49.679777],[6.84253,49.680002],[6.842876,49.680009],[6.842866,49.680233],[6.843212,49.68024],[6.843202,49.680464],[6.843549,49.680471],[6.843539,49.680696],[6.843885,49.680702],[6.843865,49.681151],[6.844211,49.681158],[6.844191,49.681607],[6.844538,49.681614],[6.844508,49.682288],[6.845201,49.682301],[6.845191,49.682525],[6.845883,49.682538],[6.845873,49.682763],[6.84622,49.682769],[6.84621,49.682994],[6.846556,49.683001],[6.846536,49.68345],[6.846882,49.683456],[6.846873,49.683681],[6.847219,49.683688],[6.847209,49.683912],[6.847555,49.683919],[6.847535,49.684368],[6.847882,49.684375],[6.847862,49.684824],[6.848208,49.68483],[6.848198,49.685055],[6.848545,49.685062],[6.848535,49.685286],[6.848881,49.685293],[6.848861,49.685742],[6.849208,49.685749],[6.849198,49.685973],[6.849544,49.68598],[6.849534,49.686204],[6.84988,49.686211],[6.849603,49.692503],[6.849949,49.692509],[6.84989,49.693857],[6.850236,49.693864],[6.850226,49.694088],[6.850572,49.694095],[6.850553,49.694544],[6.850899,49.694551],[6.850889,49.694775],[6.851235,49.694782],[6.851226,49.695007],[6.851572,49.695013],[6.851562,49.695238],[6.851908,49.695244],[6.851899,49.695469],[6.852245,49.695475],[6.852235,49.6957],[6.852928,49.695713],[6.852918,49.695937],[6.853264,49.695944],[6.853254,49.696169],[6.853601,49.696175],[6.853591,49.6964],[6.854284,49.696413],[6.854294,49.696188],[6.854987,49.696201],[6.854996,49.695976],[6.855689,49.695989],[6.85566,49.696663],[6.856006,49.696669],[6.855986,49.697119],[6.856333,49.697125],[6.856323,49.69735],[6.856669,49.697356],[6.856659,49.697581],[6.857006,49.697587],[6.856996,49.697812],[6.857342,49.697819],[6.857332,49.698043],[6.857679,49.69805],[6.857669,49.698274],[6.858015,49.698281],[6.858005,49.698505],[6.858352,49.698512],[6.858342,49.698737],[6.858688,49.698743],[6.858679,49.698968],[6.859025,49.698974],[6.859015,49.699199],[6.859362,49.699205],[6.859352,49.69943],[6.860045,49.699443],[6.860035,49.699667],[6.860381,49.699674],[6.860371,49.699899],[6.860718,49.699905],[6.860708,49.70013],[6.861054,49.700136],[6.861035,49.700585],[6.861381,49.700592],[6.861371,49.700817],[6.861718,49.700823],[6.861708,49.701048],[6.862054,49.701054],[6.862034,49.701503],[6.862727,49.701516],[6.862688,49.702415],[6.863034,49.702422],[6.862965,49.703994],[6.862619,49.703988],[6.862579,49.704887],[6.862926,49.704893],[6.862936,49.704669],[6.864322,49.704694],[6.864312,49.704919],[6.866044,49.704951],[6.866034,49.705176],[6.867074,49.705195],[6.867064,49.705419],[6.869143,49.705458],[6.869153,49.705233],[6.869499,49.705239],[6.869509,49.705015],[6.869855,49.705021],[6.869865,49.704796],[6.870212,49.704803],[6.870222,49.704578],[6.870568,49.704584],[6.870607,49.703685],[6.870954,49.703692],[6.870964,49.703467],[6.87131,49.703474],[6.87132,49.703249],[6.871666,49.703255],[6.871676,49.70303],[6.872023,49.703037],[6.872032,49.702812],[6.872379,49.702819],[6.872389,49.702594],[6.872735,49.7026],[6.872745,49.702375],[6.873091,49.702382],[6.873101,49.702157],[6.873448,49.702163],[6.873458,49.701939],[6.873804,49.701945],[6.873814,49.70172],[6.87416,49.701727],[6.87417,49.701502],[6.874517,49.701508],[6.874526,49.701284],[6.874873,49.70129],[6.874883,49.701065],[6.875229,49.701072],[6.875239,49.700847],[6.875585,49.700853],[6.875595,49.700629],[6.875942,49.700635],[6.875961,49.700186],[6.876308,49.700192],[6.876317,49.699967],[6.876664,49.699974],[6.876674,49.699749],[6.87702,49.699755],[6.87703,49.699531],[6.877376,49.699537],[6.877386,49.699312],[6.877733,49.699319],[6.877742,49.699094],[6.878089,49.6991],[6.878099,49.698875],[6.878445,49.698882],[6.878455,49.698657],[6.878801,49.698663],[6.878811,49.698439],[6.879504,49.698451],[6.879514,49.698227],[6.87986,49.698233],[6.87987,49.698008],[6.880216,49.698015],[6.880226,49.69779],[6.880573,49.697796],[6.880582,49.697572],[6.880929,49.697578],[6.880939,49.697353],[6.881285,49.69736],[6.881295,49.697135],[6.881641,49.697141],[6.881651,49.696917],[6.881997,49.696923],[6.882007,49.696698],[6.882354,49.696705],[6.882373,49.696255],[6.882719,49.696261],[6.882729,49.696037],[6.883076,49.696043],[6.883095,49.695594],[6.883442,49.6956],[6.883451,49.695375],[6.883798,49.695382],[6.883808,49.695157],[6.884154,49.695163],[6.884164,49.694939],[6.88451,49.694945],[6.88453,49.694495],[6.884876,49.694502],[6.884896,49.694052],[6.885588,49.694065],[6.885608,49.693616],[6.885954,49.693622],[6.885964,49.693397],[6.88631,49.693404],[6.886349,49.692505],[6.886696,49.692511],[6.886706,49.692286],[6.887052,49.692293],[6.887062,49.692068],[6.887754,49.692081],[6.887813,49.690732],[6.888159,49.690739],[6.888179,49.690289],[6.888525,49.690295],[6.888535,49.690071],[6.889228,49.690083],[6.889218,49.690308],[6.889564,49.690314],[6.889555,49.690539],[6.890247,49.690552],[6.890238,49.690776],[6.89093,49.690789],[6.890921,49.691014],[6.891267,49.69102],[6.891257,49.691245],[6.89195,49.691257],[6.89194,49.691482],[6.892287,49.691488],[6.892277,49.691713],[6.89297,49.691726],[6.89296,49.691951],[6.893306,49.691957],[6.893297,49.692182],[6.893643,49.692188],[6.893604,49.693087],[6.893951,49.693093],[6.893941,49.693318],[6.894634,49.69333],[6.894624,49.693555],[6.89497,49.693561],[6.89498,49.693337],[6.895327,49.693343],[6.895336,49.693118],[6.895683,49.693124],[6.895692,49.6929],[6.896732,49.692919],[6.896712,49.693368],[6.897405,49.693381],[6.897395,49.693605],[6.897742,49.693612],[6.897751,49.693387],[6.898791,49.693406],[6.898781,49.693631],[6.89982,49.693649],[6.89981,49.693874],[6.90085,49.693893],[6.90084,49.694118],[6.901186,49.694124],[6.901206,49.693675],[6.901552,49.693681],[6.901581,49.693007],[6.901928,49.693013],[6.901947,49.692564],[6.902293,49.69257],[6.902303,49.692345],[6.902649,49.692351],[6.902669,49.691902],[6.903015,49.691908],[6.903034,49.691459],[6.903727,49.691471],[6.903737,49.691247],[6.905122,49.691272],[6.905113,49.691496],[6.906498,49.691521],[6.906489,49.691746],[6.906835,49.691752],[6.906825,49.691977],[6.907172,49.691983],[6.907182,49.691759],[6.907528,49.691765],[6.907538,49.69154],[6.907884,49.691547],[6.907894,49.691322],[6.90824,49.691328],[6.90825,49.691103],[6.908596,49.69111],[6.908606,49.690885],[6.909298,49.690897],[6.909308,49.690673],[6.909654,49.690679],[6.909664,49.690454],[6.910703,49.690473],[6.910713,49.690248],[6.911059,49.690255],[6.911069,49.69003],[6.911415,49.690036],[6.911435,49.689587],[6.911781,49.689593],[6.911791,49.689368],[6.913176,49.689393],[6.913166,49.689618],[6.913859,49.68963],[6.91385,49.689855],[6.914542,49.689868],[6.914552,49.689643],[6.915591,49.689662],[6.915582,49.689886],[6.916274,49.689899],[6.916265,49.690123],[6.916611,49.69013],[6.916621,49.689905],[6.917313,49.689917],[6.917304,49.690142],[6.91765,49.690148],[6.917641,49.690373],[6.918333,49.690386],[6.918324,49.69061],[6.91867,49.690617],[6.918661,49.690841],[6.919353,49.690854],[6.919344,49.691078],[6.91969,49.691085],[6.919681,49.691309],[6.920027,49.691316],[6.920017,49.69154],[6.920364,49.691546],[6.920373,49.691322],[6.92072,49.691328],[6.920729,49.691103],[6.921076,49.691109],[6.921085,49.690885],[6.921778,49.690897],[6.921788,49.690673],[6.92248,49.690685],[6.92249,49.69046],[6.923529,49.690479],[6.923539,49.690254],[6.923885,49.69026],[6.923895,49.690036],[6.924587,49.690048],[6.924597,49.689823],[6.92529,49.689836],[6.925299,49.689611],[6.925646,49.689617],[6.925636,49.689842],[6.926329,49.689854],[6.926339,49.68963],[6.926685,49.689636],[6.926694,49.689411],[6.927041,49.689417],[6.92705,49.689193],[6.92809,49.689211],[6.928099,49.688987],[6.928445,49.688993],[6.928455,49.688768],[6.929148,49.68878],[6.929157,49.688556],[6.930196,49.688574],[6.930206,49.68835],[6.930552,49.688356],[6.930562,49.688131],[6.930908,49.688137],[6.930918,49.687913],[6.931264,49.687919],[6.931274,49.687694],[6.930927,49.687688],[6.930946,49.687238],[6.931293,49.687245],[6.931302,49.68702],[6.930956,49.687014],[6.930994,49.686115],[6.930648,49.686109],[6.930657,49.685884],[6.930311,49.685878],[6.930321,49.685653],[6.930667,49.685659],[6.930686,49.68521],[6.931032,49.685216],[6.931042,49.684991],[6.931388,49.684997],[6.931455,49.683424],[6.931109,49.683418],[6.931118,49.683193],[6.931465,49.6832],[6.931493,49.682525],[6.931839,49.682532],[6.931859,49.682082],[6.932205,49.682088],[6.932214,49.681864],[6.932561,49.68187],[6.93257,49.681645],[6.932917,49.681651],[6.932926,49.681427],[6.933272,49.681433],[6.933282,49.681208],[6.933628,49.681214],[6.933638,49.68099],[6.933984,49.680996],[6.933994,49.680771],[6.934686,49.680783],[6.934705,49.680334],[6.935052,49.68034],[6.935061,49.680115],[6.935408,49.680122],[6.935417,49.679897],[6.937841,49.67994],[6.937851,49.679715],[6.938543,49.679728],[6.938553,49.679503],[6.938899,49.679509],[6.938918,49.67906],[6.939264,49.679066],[6.939274,49.678841],[6.939967,49.678854],[6.939976,49.678629],[6.942747,49.678678],[6.942756,49.678453],[6.943102,49.678459],[6.943112,49.678235],[6.943458,49.678241],[6.943468,49.678016],[6.943814,49.678022],[6.943823,49.677798],[6.94417,49.677804],[6.944179,49.677579],[6.944525,49.677585],[6.944544,49.677136],[6.944891,49.677142],[6.9449,49.676917],[6.945247,49.676923],[6.945237,49.677148],[6.94593,49.67716],[6.94592,49.677385],[6.946266,49.677391],[6.946257,49.677616],[6.94695,49.677628],[6.94694,49.677853],[6.947979,49.677871],[6.94797,49.678096],[6.949355,49.678121],[6.949345,49.678345],[6.950038,49.678358],[6.95,49.679257],[6.950346,49.679263],[6.950337,49.679487],[6.95103,49.6795],[6.951039,49.679275],[6.951385,49.679281],[6.951367,49.67973],[6.952405,49.679749],[6.952396,49.679974],[6.953089,49.679986],[6.953079,49.680211],[6.954118,49.680229],[6.954109,49.680454],[6.954801,49.680466],[6.954792,49.680691],[6.955485,49.680703],[6.955466,49.681152],[6.956158,49.681165],[6.956149,49.681389],[6.956842,49.681401],[6.956832,49.681626],[6.957525,49.681638],[6.957515,49.681863],[6.957862,49.681869],[6.957852,49.682094],[6.958199,49.6821],[6.958189,49.682325],[6.958536,49.682331],[6.958526,49.682556],[6.958873,49.682562],[6.958863,49.682786],[6.95921,49.682793],[6.959191,49.683242],[6.959537,49.683248],[6.959528,49.683473],[6.959874,49.683479],[6.959855,49.683928],[6.960202,49.683934],[6.960192,49.684159],[6.960538,49.684165],[6.960529,49.68439],[6.960875,49.684396],[6.960866,49.684621],[6.961212,49.684627],[6.961203,49.684852],[6.961549,49.684858],[6.96154,49.685082],[6.961886,49.685089],[6.961877,49.685313],[6.962223,49.685319],[6.962214,49.685544],[6.963599,49.685568],[6.963609,49.685344],[6.964301,49.685356],[6.964292,49.685581],[6.96637,49.685617],[6.966361,49.685842],[6.966707,49.685848],[6.966698,49.686073],[6.967737,49.686091],[6.967727,49.686316],[6.968767,49.686334],[6.968757,49.686559],[6.969104,49.686565],[6.969094,49.686789],[6.969787,49.686802],[6.969778,49.687026],[6.970124,49.687032],[6.970115,49.687257],[6.970807,49.687269],[6.970798,49.687494],[6.972184,49.687518],[6.972174,49.687743],[6.975984,49.68781],[6.975994,49.687585],[6.977726,49.687615],[6.977716,49.68784],[6.978063,49.687846],[6.978053,49.688071],[6.9784,49.688077],[6.978381,49.688526],[6.978727,49.688532],[6.978718,49.688757],[6.979411,49.688769],[6.979402,49.688994],[6.981133,49.689024],[6.981124,49.689249],[6.982163,49.689267],[6.982154,49.689492],[6.9825,49.689498],[6.982491,49.689722],[6.983184,49.689734],[6.983175,49.689959],[6.983521,49.689965],[6.983493,49.690639],[6.98384,49.690645],[6.98383,49.69087],[6.984177,49.690876],[6.984167,49.691101],[6.984514,49.691107],[6.984504,49.691332],[6.984851,49.691338],[6.984832,49.691787],[6.985179,49.691793],[6.985151,49.692467],[6.985497,49.692473],[6.985479,49.692923],[6.985825,49.692929],[6.985686,49.6963],[6.986032,49.696306],[6.985995,49.697205],[6.986688,49.697217],[6.986679,49.697441],[6.987025,49.697447],[6.987016,49.697672],[6.987362,49.697678],[6.987353,49.697903],[6.988739,49.697927],[6.988729,49.698152],[6.989422,49.698164],[6.989413,49.698388],[6.989759,49.698394],[6.98975,49.698619],[6.990097,49.698625],[6.990087,49.69885],[6.990434,49.698856],[6.990425,49.699081],[6.990771,49.699087],[6.990762,49.699311],[6.991108,49.699317],[6.991099,49.699542],[6.991445,49.699548],[6.991436,49.699773],[6.991783,49.699779],[6.991773,49.700004],[6.99212,49.70001],[6.992111,49.700234],[6.992457,49.70024],[6.992448,49.700465],[6.992794,49.700471],[6.992785,49.700696],[6.993131,49.700702],[6.993122,49.700927],[6.993469,49.700933],[6.993459,49.701157],[6.993806,49.701163],[6.993797,49.701388],[6.994143,49.701394],[6.994134,49.701619],[6.99448,49.701625],[6.994471,49.701849],[6.994818,49.701855],[6.994808,49.70208],[6.995155,49.702086],[6.995146,49.702311],[6.995492,49.702317],[6.995483,49.702542],[6.995829,49.702548],[6.99582,49.702772],[6.996167,49.702778],[6.996157,49.703003],[6.996504,49.703009],[6.996495,49.703234],[6.996841,49.70324],[6.996832,49.703464],[6.997178,49.70347],[6.997169,49.703695],[6.997516,49.703701],[6.997506,49.703926],[6.997853,49.703932],[6.997844,49.704157],[6.99819,49.704163],[6.998181,49.704387],[6.998527,49.704393],[6.998518,49.704618],[6.998865,49.704624],[6.998855,49.704849],[6.999202,49.704855],[6.999193,49.70508],[6.999539,49.705085],[6.99953,49.70531],[6.999876,49.705316],[6.999867,49.705541],[7.000214,49.705547],[7.000204,49.705772],[7.000551,49.705778],[7.000542,49.706002],[7.000888,49.706008],[7.000879,49.706233],[7.001226,49.706239],[7.001216,49.706464],[7.001563,49.70647],[7.001544,49.706919],[7.001891,49.706925],[7.001873,49.707375],[7.002219,49.707381],[7.00221,49.707605],[7.002556,49.707611],[7.002547,49.707836],[7.002894,49.707842],[7.002884,49.708067],[7.003231,49.708073],[7.003222,49.708297],[7.003568,49.708303],[7.003559,49.708528],[7.003906,49.708534],[7.003896,49.708759],[7.004589,49.708771],[7.00458,49.708996],[7.004927,49.709001],[7.004918,49.709226],[7.005264,49.709232],[7.005255,49.709457],[7.005948,49.709469],[7.005939,49.709694],[7.006632,49.709706],[7.006623,49.70993],[7.007316,49.709942],[7.007307,49.710167],[7.008346,49.710185],[7.008337,49.71041],[7.008684,49.710415],[7.008693,49.710191],[7.009039,49.710197],[7.009048,49.709972],[7.009395,49.709978],[7.009404,49.709753],[7.009751,49.709759],[7.009769,49.70931],[7.010116,49.709316],[7.010125,49.709091],[7.010471,49.709097],[7.010481,49.708872],[7.010827,49.708878],[7.010845,49.708429],[7.011192,49.708435],[7.01121,49.707985],[7.011557,49.707991],[7.011566,49.707766],[7.011913,49.707772],[7.011931,49.707323],[7.012277,49.707329],[7.012296,49.706879],[7.012642,49.706885],[7.012651,49.706661],[7.012998,49.706667],[7.013016,49.706217],[7.013363,49.706223],[7.013372,49.705998],[7.013719,49.706004],[7.013737,49.705555],[7.014083,49.705561],[7.014093,49.705336],[7.014439,49.705342],[7.014448,49.705117],[7.014795,49.705123],[7.014804,49.704898],[7.01515,49.704904],[7.01516,49.70468],[7.015506,49.704686],[7.015515,49.704461],[7.015862,49.704467],[7.015871,49.704242],[7.016217,49.704248],[7.016227,49.704023],[7.016573,49.704029],[7.016582,49.703805],[7.016929,49.70381],[7.016938,49.703586],[7.018324,49.703609],[7.018333,49.703385],[7.01868,49.703391],[7.018689,49.703166],[7.019035,49.703172],[7.019044,49.702947],[7.019391,49.702953],[7.0194,49.702728],[7.020093,49.70274],[7.020102,49.702515],[7.020449,49.702521],[7.020458,49.702297],[7.021844,49.70232],[7.021853,49.702096],[7.022199,49.702102],[7.022218,49.701652],[7.022911,49.701664],[7.022929,49.701214],[7.023275,49.70122],[7.023284,49.700996],[7.023631,49.701002],[7.02364,49.700777],[7.023986,49.700783],[7.024005,49.700333],[7.024698,49.700345],[7.024707,49.70012],[7.025053,49.700126],[7.025062,49.699902],[7.025409,49.699907],[7.025418,49.699683],[7.025764,49.699689],[7.025774,49.699464],[7.02612,49.69947],[7.026129,49.699245],[7.027169,49.699263],[7.027178,49.699038],[7.028217,49.699056],[7.028226,49.698831],[7.028573,49.698837],[7.028582,49.698612],[7.028928,49.698618],[7.028937,49.698393],[7.029284,49.698399],[7.029293,49.698175],[7.029639,49.69818],[7.029648,49.697956],[7.030341,49.697968],[7.03035,49.697743],[7.030697,49.697749],[7.030706,49.697524],[7.031052,49.69753],[7.031061,49.697305],[7.031408,49.697311],[7.031417,49.697086],[7.031763,49.697092],[7.031773,49.696867],[7.032812,49.696885],[7.032821,49.69666],[7.033167,49.696666],[7.033177,49.696442],[7.033523,49.696447],[7.033532,49.696223],[7.033878,49.696229],[7.033888,49.696004],[7.034234,49.69601],[7.034243,49.695785],[7.03459,49.695791],[7.034599,49.695566],[7.034945,49.695572],[7.034954,49.695347],[7.035301,49.695353],[7.03531,49.695128],[7.035656,49.695134],[7.035665,49.69491],[7.036012,49.694915],[7.036021,49.694691],[7.036367,49.694697],[7.036376,49.694472],[7.036723,49.694478],[7.036732,49.694253],[7.037078,49.694259],[7.037087,49.694034],[7.037434,49.69404],[7.037443,49.693815],[7.037789,49.693821],[7.037798,49.693596],[7.038145,49.693602],[7.038154,49.693378],[7.0385,49.693383],[7.038509,49.693159],[7.038855,49.693165],[7.038865,49.69294],[7.039211,49.692946],[7.03922,49.692721],[7.039566,49.692727],[7.039575,49.692502],[7.039922,49.692508],[7.039931,49.692283],[7.040277,49.692289],[7.040286,49.692064],[7.040633,49.69207],[7.040642,49.691846],[7.040988,49.691851],[7.040997,49.691627],[7.041344,49.691633],[7.041353,49.691408],[7.041699,49.691414],[7.041708,49.691189],[7.042055,49.691195],[7.042064,49.69097],[7.04241,49.690976],[7.042419,49.690751],[7.042766,49.690757],[7.042775,49.690532],[7.043121,49.690538],[7.04313,49.690313],[7.043476,49.690319],[7.043467,49.690544],[7.043814,49.69055],[7.043805,49.690775],[7.044151,49.69078],[7.044142,49.691005],[7.044489,49.691011],[7.044471,49.69146],[7.044817,49.691466],[7.044808,49.691691],[7.045154,49.691697],[7.045136,49.692146],[7.045483,49.692152],[7.045456,49.692826],[7.045802,49.692832],[7.045793,49.693057],[7.04614,49.693063],[7.046122,49.693512],[7.046468,49.693518],[7.046459,49.693743],[7.046805,49.693749],[7.046796,49.693973],[7.047143,49.693979],[7.047125,49.694429],[7.047818,49.69444],[7.0478,49.69489],[7.048146,49.694896],[7.048137,49.695121],[7.048484,49.695126],[7.048475,49.695351],[7.048821,49.695357],[7.048812,49.695582],[7.049505,49.695593],[7.049487,49.696043],[7.049833,49.696049],[7.049824,49.696273],[7.050171,49.696279],[7.050153,49.696729],[7.050499,49.696735],[7.05049,49.696959],[7.050837,49.696965],[7.050828,49.69719],[7.051174,49.697196],[7.051147,49.69787],[7.051494,49.697876],[7.051485,49.6981],[7.051831,49.698106],[7.051813,49.698556],[7.05216,49.698562],[7.052151,49.698786],[7.052497,49.698792],[7.052488,49.699017],[7.052835,49.699023],[7.052826,49.699247],[7.053172,49.699253],[7.053163,49.699478],[7.05351,49.699484],[7.053492,49.699933],[7.054185,49.699945],[7.054176,49.70017],[7.054522,49.700175],[7.054513,49.7004],[7.05486,49.700406],[7.054851,49.700631],[7.055197,49.700637],[7.055188,49.700861],[7.055535,49.700867],[7.055526,49.701092],[7.056219,49.701103],[7.05621,49.701328],[7.056556,49.701334],[7.056547,49.701559],[7.058973,49.701599],[7.058982,49.701375],[7.059328,49.701381],[7.05931,49.70183],[7.058964,49.701824],[7.058928,49.702723],[7.059274,49.702729],[7.059257,49.703178],[7.059603,49.703184],[7.059594,49.703409],[7.059941,49.703415],[7.059932,49.703639],[7.060278,49.703645],[7.060269,49.70387],[7.060616,49.703876],[7.060607,49.704101],[7.060953,49.704106],[7.060944,49.704331],[7.061291,49.704337],[7.061282,49.704562],[7.061628,49.704567],[7.061619,49.704792],[7.061966,49.704798],[7.061957,49.705023],[7.062304,49.705028],[7.062295,49.705253],[7.062641,49.705259],[7.062632,49.705484],[7.062979,49.70549],[7.062961,49.705939],[7.063307,49.705945],[7.063298,49.70617],[7.063645,49.706175],[7.063636,49.7064],[7.063983,49.706406],[7.063974,49.706631],[7.06432,49.706636],[7.064311,49.706861],[7.064658,49.706867],[7.064649,49.707092],[7.064995,49.707097],[7.064986,49.707322],[7.06568,49.707334],[7.065671,49.707559],[7.066364,49.70757],[7.066355,49.707795],[7.067394,49.707812],[7.067377,49.708262],[7.068416,49.708279],[7.068407,49.708504],[7.068754,49.70851],[7.068745,49.708734],[7.069091,49.70874],[7.069083,49.708965],[7.069429,49.708971],[7.06942,49.709195],[7.069767,49.709201],[7.069758,49.709426],[7.070104,49.709432],[7.070087,49.709881],[7.070433,49.709887],[7.070415,49.710336],[7.070762,49.710342],[7.070753,49.710567],[7.071099,49.710573],[7.071091,49.710797],[7.071437,49.710803],[7.071428,49.711028],[7.071775,49.711034],[7.071757,49.711483],[7.072104,49.711489],[7.072077,49.712163],[7.072423,49.712169],[7.072406,49.712618],[7.072752,49.712624],[7.072734,49.713073],[7.073081,49.713079],[7.073054,49.713753],[7.073401,49.713759],[7.073383,49.714209],[7.07373,49.714214],[7.073712,49.714664],[7.074059,49.71467],[7.07405,49.714894],[7.074396,49.7149],[7.074378,49.71535],[7.074725,49.715355],[7.074698,49.71603],[7.075045,49.716035],[7.075036,49.71626],[7.075383,49.716266],[7.075374,49.716491],[7.07572,49.716496],[7.075694,49.717171],[7.07604,49.717176],[7.076014,49.717851],[7.07636,49.717856],[7.076351,49.718081],[7.076698,49.718087],[7.076689,49.718312],[7.077036,49.718317],[7.077009,49.718992],[7.077356,49.718997],[7.077311,49.720121],[7.076965,49.720115],[7.076929,49.721014],[7.076583,49.721008],[7.076503,49.723031],[7.076156,49.723025],[7.076147,49.72325],[7.075801,49.723244],[7.075783,49.723694],[7.076476,49.723705],[7.076467,49.72393],[7.076814,49.723936],[7.076805,49.72416],[7.077498,49.724172],[7.077489,49.724397],[7.078183,49.724408],[7.078174,49.724633],[7.078521,49.724639],[7.078512,49.724863],[7.078858,49.724869],[7.078849,49.725094],[7.079196,49.7251],[7.079187,49.725324],[7.079534,49.72533],[7.079525,49.725555],[7.079872,49.725561],[7.079863,49.725785],[7.080903,49.725803],[7.080885,49.726252],[7.081232,49.726258],[7.081223,49.726483],[7.081916,49.726494],[7.081907,49.726719],[7.082947,49.726736],[7.082939,49.726961],[7.083979,49.726978],[7.08397,49.727203],[7.084663,49.727214],[7.084654,49.727439],[7.085348,49.72745],[7.085339,49.727675],[7.086379,49.727692],[7.08637,49.727917],[7.086717,49.727923],[7.086708,49.728147],[7.087055,49.728153],[7.087046,49.728378],[7.087392,49.728384],[7.087384,49.728608],[7.08773,49.728614],[7.087721,49.728839],[7.088068,49.728845],[7.088059,49.729069],[7.088406,49.729075],[7.088397,49.7293],[7.088744,49.729306],[7.088735,49.72953],[7.089428,49.729542],[7.08942,49.729766],[7.089766,49.729772],[7.089758,49.729997],[7.090451,49.730008],[7.090442,49.730233],[7.090789,49.730239],[7.09078,49.730464],[7.091127,49.730469],[7.091118,49.730694],[7.091811,49.730705],[7.091803,49.73093],[7.092843,49.730947],[7.092834,49.731172],[7.093874,49.731189],[7.093865,49.731414],[7.094212,49.73142],[7.094203,49.731644],[7.09455,49.73165],[7.094541,49.731875],[7.095234,49.731886],[7.095226,49.732111],[7.095919,49.732122],[7.09591,49.732347],[7.09695,49.732364],[7.096942,49.732589],[7.097635,49.7326],[7.097626,49.732825],[7.097973,49.732831],[7.097955,49.73328],[7.098649,49.733292],[7.098658,49.733067],[7.101778,49.733118],[7.101769,49.733343],[7.102116,49.733348],[7.102107,49.733573],[7.102454,49.733579],[7.102445,49.733804],[7.102792,49.733809],[7.102783,49.734034],[7.10313,49.73404],[7.103121,49.734264],[7.103468,49.73427],[7.103459,49.734495],[7.103806,49.734501],[7.103797,49.734725],[7.104144,49.734731],[7.1041,49.735855],[7.104447,49.73586],[7.104394,49.737209],[7.104741,49.737214],[7.104706,49.738113],[7.104359,49.738108],[7.104342,49.738557],[7.104689,49.738563],[7.104645,49.739687],[7.104992,49.739692],[7.104764,49.745535],[7.105458,49.745547],[7.105449,49.745772],[7.107183,49.7458],[7.107174,49.746025],[7.108562,49.746047],[7.108553,49.746272],[7.109593,49.746289],[7.109584,49.746514],[7.110278,49.746525],[7.110269,49.74675],[7.110616,49.746755],[7.110608,49.74698],[7.111301,49.746992],[7.111292,49.747216],[7.111639,49.747222],[7.111631,49.747447],[7.111977,49.747452],[7.11196,49.747902],[7.112654,49.747913],[7.112645,49.748138],[7.112992,49.748143],[7.112983,49.748368],[7.113677,49.74838],[7.113668,49.748604],[7.115055,49.748627],[7.115047,49.748852],[7.116781,49.74888],[7.116772,49.749105],[7.118506,49.749133],[7.118498,49.749357],[7.119538,49.749374],[7.119529,49.749599],[7.12057,49.749616],[7.120561,49.749841],[7.121255,49.749852],[7.121246,49.750077],[7.12194,49.750088],[7.121931,49.750313],[7.122972,49.75033],[7.122963,49.750554],[7.124004,49.750571],[7.123995,49.750796],[7.124342,49.750802],[7.124307,49.7517],[7.124654,49.751706],[7.124628,49.75238],[7.124975,49.752386],[7.124966,49.752611],[7.125313,49.752616],[7.125305,49.752841],[7.125651,49.752847],[7.125643,49.753071],[7.12599,49.753077],[7.125981,49.753302],[7.126328,49.753307],[7.126311,49.753757],[7.126657,49.753762],[7.126649,49.753987],[7.126996,49.753993],[7.126978,49.754442],[7.127325,49.754448],[7.127317,49.754673],[7.127663,49.754678],[7.127655,49.754903],[7.128002,49.754909],[7.127993,49.755133],[7.128687,49.755145],[7.128678,49.755369],[7.129025,49.755375],[7.129016,49.7556],[7.129363,49.755605],[7.129355,49.75583],[7.129702,49.755836],[7.129684,49.756285],[7.130031,49.756291],[7.130023,49.756515],[7.130716,49.756527],[7.130708,49.756751],[7.131402,49.756763],[7.131393,49.756987],[7.13174,49.756993],[7.131731,49.757218],[7.132425,49.757229],[7.132416,49.757454],[7.13311,49.757465],[7.133102,49.757689],[7.133795,49.757701],[7.133778,49.75815],[7.133431,49.758145],[7.133423,49.758369],[7.133076,49.758364],[7.133015,49.759937],[7.132668,49.759931],[7.132616,49.76128],[7.13227,49.761274],[7.132218,49.762623],[7.131871,49.762617],[7.131828,49.763741],[7.131134,49.76373],[7.131125,49.763954],[7.130778,49.763949],[7.130752,49.764623],[7.130405,49.764617],[7.130379,49.765291],[7.130726,49.765297],[7.130718,49.765522],[7.130371,49.765516],[7.130353,49.765966],[7.130006,49.76596],[7.129989,49.76641],[7.129642,49.766404],[7.129633,49.766629],[7.129286,49.766623],[7.129278,49.766848],[7.128931,49.766842],[7.128922,49.767067],[7.128575,49.767061],[7.128567,49.767286],[7.12822,49.767281],[7.128211,49.767505],[7.127864,49.7675],[7.127838,49.768174],[7.127491,49.768168],[7.127482,49.768393],[7.127135,49.768387],[7.127101,49.769286],[7.126754,49.769281],[7.126658,49.771753],[7.127005,49.771759],[7.126997,49.771983],[7.127344,49.771989],[7.127335,49.772214],[7.127682,49.772219],[7.127665,49.772669],[7.128012,49.772674],[7.127899,49.775596],[7.128246,49.775602],[7.128186,49.777175],[7.128533,49.77718],[7.128524,49.777405],[7.128871,49.777411],[7.128854,49.77786],[7.129201,49.777866],[7.129192,49.77809],[7.129539,49.778096],[7.129531,49.778321],[7.129878,49.778326],[7.12986,49.778776],[7.130207,49.778782],[7.130199,49.779006],[7.130546,49.779012],[7.130537,49.779237],[7.130884,49.779242],[7.130876,49.779467],[7.131223,49.779473],[7.131214,49.779697],[7.131561,49.779703],[7.131552,49.779928],[7.131899,49.779933],[7.131891,49.780158],[7.132238,49.780164],[7.132229,49.780388],[7.132576,49.780394],[7.132568,49.780619],[7.132915,49.780624],[7.132906,49.780849],[7.133253,49.780855],[7.133244,49.781079],[7.133592,49.781085],[7.133583,49.78131],[7.135318,49.781338],[7.13531,49.781562],[7.136004,49.781573],[7.135995,49.781798],[7.136689,49.781809],[7.136681,49.782034],[7.137028,49.78204],[7.137019,49.782264],[7.137366,49.78227],[7.137358,49.782495],[7.137705,49.7825],[7.137696,49.782725],[7.138043,49.782731],[7.138035,49.782955],[7.138729,49.782967],[7.13872,49.783191],[7.139414,49.783202],[7.139406,49.783427],[7.1401,49.783438],[7.140091,49.783663],[7.140438,49.783669],[7.14043,49.783893],[7.141124,49.783905],[7.141115,49.784129],[7.14181,49.78414],[7.141801,49.784365],[7.142842,49.784382],[7.142834,49.784607],[7.143528,49.784618],[7.143519,49.784842],[7.143866,49.784848],[7.143858,49.785073],[7.144205,49.785078],[7.144196,49.785303],[7.144544,49.785309],[7.144535,49.785533],[7.145229,49.785545],[7.145212,49.785994],[7.145559,49.786],[7.145551,49.786224],[7.145898,49.78623],[7.145863,49.787129],[7.14621,49.787134],[7.146202,49.787359],[7.146549,49.787365],[7.146532,49.787814],[7.146879,49.78782],[7.14687,49.788044],[7.147218,49.78805],[7.147209,49.788275],[7.147556,49.78828],[7.147522,49.789179],[7.147869,49.789185],[7.14786,49.78941],[7.148555,49.789421],[7.148546,49.789645],[7.14924,49.789656],[7.149232,49.789881],[7.149579,49.789887],[7.14957,49.790112],[7.150265,49.790123],[7.150256,49.790347],[7.15095,49.790358],[7.150942,49.790583],[7.151289,49.790589],[7.15128,49.790813],[7.151975,49.790825],[7.151966,49.791049],[7.152313,49.791055],[7.152305,49.79128],[7.152652,49.791285],[7.152643,49.79151],[7.15299,49.791515],[7.152982,49.79174],[7.153329,49.791746],[7.153321,49.79197],[7.154015,49.791981],[7.154006,49.792206],[7.154353,49.792212],[7.154345,49.792436],[7.155039,49.792448],[7.155031,49.792672],[7.155378,49.792678],[7.155369,49.792903],[7.155717,49.792908],[7.155708,49.793133],[7.156055,49.793138],[7.156047,49.793363],[7.156394,49.793369],[7.156385,49.793593],[7.156732,49.793599],[7.156724,49.793824],[7.157071,49.793829],[7.157054,49.794279],[7.157401,49.794284],[7.157384,49.794734],[7.157731,49.794739],[7.157723,49.794964],[7.15807,49.794969],[7.158061,49.795194],[7.158409,49.7952],[7.1584,49.795424],[7.158747,49.79543],[7.158739,49.795655],[7.159086,49.79566],[7.159069,49.79611],[7.159416,49.796115],[7.159408,49.79634],[7.159755,49.796345],[7.159746,49.79657],[7.160093,49.796576],[7.160085,49.7968],[7.160432,49.796806],[7.160424,49.797031],[7.160771,49.797036],[7.160754,49.797486],[7.161101,49.797491],[7.161092,49.797716],[7.16144,49.797721],[7.161431,49.797946],[7.161778,49.797952],[7.161761,49.798401],[7.162456,49.798412],[7.162447,49.798637],[7.162794,49.798643],[7.162786,49.798867],[7.163133,49.798873],[7.163125,49.799097],[7.163472,49.799103],[7.163463,49.799328],[7.164158,49.799339],[7.164149,49.799563],[7.164844,49.799574],[7.164835,49.799799],[7.165182,49.799805],[7.165174,49.800029],[7.165521,49.800035],[7.165513,49.80026],[7.16586,49.800265],[7.165851,49.80049],[7.166199,49.800495],[7.16619,49.80072],[7.166537,49.800726],[7.166529,49.80095],[7.167223,49.800961],[7.167215,49.801186],[7.167562,49.801192],[7.167545,49.801641],[7.168239,49.801652],[7.168231,49.801877],[7.168925,49.801888],[7.168917,49.802113],[7.169264,49.802118],[7.169256,49.802343],[7.170297,49.802359],[7.170289,49.802584],[7.171678,49.802606],[7.171669,49.802831],[7.172364,49.802842],[7.172355,49.803066],[7.172703,49.803072],[7.172694,49.803297],[7.173389,49.803308],[7.17338,49.803532],[7.173728,49.803538],[7.173711,49.803987],[7.174405,49.803998],[7.17438,49.804672],[7.174727,49.804678],[7.174719,49.804903],[7.175066,49.804908],[7.175057,49.805133],[7.175405,49.805138],[7.175396,49.805363],[7.175743,49.805369],[7.175735,49.805593],[7.176082,49.805599],[7.176074,49.805824],[7.176768,49.805834],[7.17676,49.806059],[7.177107,49.806065],[7.177099,49.806289],[7.177446,49.806295],[7.177437,49.80652],[7.178132,49.806531],[7.178124,49.806755],[7.178471,49.806761],[7.178462,49.806986],[7.17881,49.806991],[7.178801,49.807216],[7.179149,49.807221],[7.17914,49.807446],[7.179487,49.807451],[7.179479,49.807676],[7.180173,49.807687],[7.180165,49.807912],[7.18086,49.807923],[7.180851,49.808147],[7.181198,49.808153],[7.18119,49.808378],[7.181537,49.808383],[7.181529,49.808608],[7.181876,49.808613],[7.181868,49.808838],[7.182215,49.808843],[7.182207,49.809068],[7.182901,49.809079],[7.182893,49.809304],[7.18324,49.809309],[7.183232,49.809534],[7.183579,49.809539],[7.183571,49.809764],[7.183918,49.80977],[7.183909,49.809994],[7.184257,49.81],[7.184248,49.810225],[7.184596,49.81023],[7.184587,49.810455],[7.184934,49.81046],[7.184926,49.810685],[7.185273,49.81069],[7.185265,49.810915],[7.186307,49.810931],[7.186298,49.811156],[7.186646,49.811162],[7.186637,49.811386],[7.187332,49.811397],[7.187324,49.811622],[7.188018,49.811633],[7.18801,49.811858],[7.188357,49.811863],[7.188349,49.812088],[7.189043,49.812099],[7.189035,49.812323],[7.189382,49.812329],[7.189374,49.812554],[7.189721,49.812559],[7.189713,49.812784],[7.19006,49.812789],[7.190052,49.813014],[7.190399,49.813019],[7.190391,49.813244],[7.190738,49.81325],[7.19073,49.813474],[7.191077,49.81348],[7.19106,49.813929],[7.191407,49.813935],[7.191399,49.814159],[7.191746,49.814165],[7.19173,49.814614],[7.192077,49.81462],[7.192069,49.814844],[7.192416,49.81485],[7.192408,49.815075],[7.192755,49.81508],[7.192747,49.815305],[7.193094,49.81531],[7.193085,49.815535],[7.19378,49.815546],[7.193772,49.815771],[7.194119,49.815776],[7.194111,49.816001],[7.194458,49.816006],[7.19445,49.816231],[7.194797,49.816236],[7.194789,49.816461],[7.195136,49.816466],[7.195128,49.816691],[7.195475,49.816697],[7.195467,49.816921],[7.196161,49.816932],[7.196153,49.817157],[7.1965,49.817162],[7.196492,49.817387],[7.196839,49.817392],[7.196831,49.817617],[7.197178,49.817623],[7.19717,49.817847],[7.197517,49.817853],[7.197509,49.818077],[7.197856,49.818083],[7.197848,49.818308],[7.198195,49.818313],[7.198187,49.818538],[7.198534,49.818543],[7.198526,49.818768],[7.198873,49.818773],[7.198865,49.818998],[7.19956,49.819009],[7.199543,49.819458],[7.19989,49.819464],[7.199882,49.819689],[7.200229,49.819694],[7.200213,49.820143],[7.20056,49.820149],[7.200552,49.820374],[7.200899,49.820379],[7.200882,49.820828],[7.20123,49.820834],[7.201222,49.821059],[7.201569,49.821064],[7.201561,49.821289],[7.201908,49.821294],[7.2019,49.821519],[7.202247,49.821524],[7.202239,49.821749],[7.202586,49.821754],[7.202578,49.821979],[7.202925,49.821985],[7.202917,49.822209],[7.203264,49.822215],[7.203256,49.822439],[7.203603,49.822445],[7.203595,49.82267],[7.203942,49.822675],[7.203934,49.8229],[7.204281,49.822905],[7.204273,49.82313],[7.20462,49.823135],[7.204604,49.823585],[7.204951,49.82359],[7.204943,49.823815],[7.20529,49.82382],[7.205282,49.824045],[7.205629,49.82405],[7.205621,49.824275],[7.205968,49.82428],[7.20596,49.824505],[7.206307,49.824511],[7.206299,49.824735],[7.206647,49.824741],[7.206638,49.824965],[7.206986,49.824971],[7.206977,49.825196],[7.207325,49.825201],[7.207308,49.82565],[7.207656,49.825656],[7.207647,49.825881],[7.207995,49.825886],[7.207986,49.826111],[7.208334,49.826116],[7.208325,49.826341],[7.20902,49.826352],[7.209004,49.826801],[7.209351,49.826806],[7.209343,49.827031],[7.20969,49.827037],[7.209665,49.827711],[7.210013,49.827716],[7.210004,49.827941],[7.210352,49.827946],[7.210344,49.828171],[7.210691,49.828176],[7.210683,49.828401],[7.21103,49.828406],[7.211022,49.828631],[7.211369,49.828637],[7.211361,49.828861],[7.211708,49.828867],[7.2117,49.829091],[7.212048,49.829097],[7.212039,49.829322],[7.212387,49.829327],[7.212378,49.829552],[7.212726,49.829557],[7.212718,49.829782],[7.213065,49.829787],[7.213057,49.830012],[7.213404,49.830017],[7.213396,49.830242],[7.214091,49.830253],[7.214083,49.830477],[7.214777,49.830488],[7.214769,49.830713],[7.215811,49.830729],[7.215803,49.830954],[7.216151,49.830959],[7.216142,49.831184],[7.217185,49.8312],[7.217176,49.831425],[7.217871,49.831435],[7.217863,49.83166],[7.2196,49.831687],[7.219592,49.831912],[7.220635,49.831928],[7.220626,49.832152],[7.221321,49.832163],[7.221313,49.832388],[7.222008,49.832398],[7.222,49.832623],[7.222695,49.832634],[7.222686,49.832859],[7.223381,49.832869],[7.223373,49.833094],[7.22372,49.833099],[7.223712,49.833324],[7.224407,49.833335],[7.224399,49.833559],[7.224746,49.833565],[7.224738,49.833789],[7.225433,49.8338],[7.225425,49.834025],[7.225772,49.83403],[7.225764,49.834255],[7.226459,49.834266],[7.226451,49.83449],[7.226798,49.834496],[7.22679,49.83472],[7.227138,49.834726],[7.227129,49.83495],[7.227477,49.834956],[7.227469,49.835181],[7.227816,49.835186],[7.227808,49.835411],[7.228155,49.835416],[7.228147,49.835641],[7.228495,49.835646],[7.228478,49.836095],[7.228826,49.836101],[7.228752,49.838124],[7.228404,49.838118],[7.228355,49.839467],[7.228008,49.839461],[7.227999,49.839686],[7.227652,49.839681],[7.227644,49.839906],[7.227296,49.8399],[7.227288,49.840125],[7.22694,49.84012],[7.226932,49.840344],[7.226585,49.840339],[7.226576,49.840564],[7.226229,49.840559],[7.226188,49.841682],[7.22584,49.841677],[7.225816,49.842351],[7.225468,49.842346],[7.225452,49.842795],[7.225104,49.84279],[7.225096,49.843015],[7.224748,49.84301],[7.22474,49.843234],[7.223697,49.843218],[7.223706,49.842994],[7.222315,49.842972],[7.222307,49.843197],[7.220917,49.843176],[7.220909,49.8434],[7.220561,49.843395],[7.220553,49.84362],[7.220205,49.843614],[7.220197,49.843839],[7.21985,49.843834],[7.219841,49.844059],[7.219494,49.844053],[7.219486,49.844278],[7.219138,49.844273],[7.21913,49.844497],[7.218782,49.844492],[7.218774,49.844717],[7.218426,49.844712],[7.218418,49.844936],[7.217723,49.844926],[7.217715,49.84515],[7.217367,49.845145],[7.217359,49.84537],[7.216664,49.845359],[7.216656,49.845584],[7.216308,49.845578],[7.216292,49.846028],[7.215944,49.846023],[7.215936,49.846247],[7.215588,49.846242],[7.21558,49.846467],[7.215232,49.846461],[7.215224,49.846686],[7.214876,49.846681],[7.214868,49.846906],[7.214521,49.8469],[7.214512,49.847125],[7.214165,49.84712],[7.214157,49.847344],[7.213809,49.847339],[7.213801,49.847564],[7.213453,49.847558],[7.213445,49.847783],[7.213097,49.847778],[7.213089,49.848002],[7.212741,49.847997],[7.212733,49.848222],[7.212386,49.848216],[7.212377,49.848441],[7.21203,49.848436],[7.212021,49.848661],[7.211674,49.848655],[7.211665,49.84888],[7.211318,49.848875],[7.21131,49.849099],[7.210962,49.849094],[7.210954,49.849319],[7.210606,49.849313],[7.210598,49.849538],[7.21025,49.849533],[7.210234,49.849982],[7.209539,49.849972],[7.20953,49.850196],[7.209183,49.850191],[7.209174,49.850416],[7.208827,49.85041],[7.208818,49.850635],[7.208471,49.85063],[7.208463,49.850854],[7.208115,49.850849],[7.208107,49.851074],[7.207759,49.851068],[7.207751,49.851293],[7.207403,49.851288],[7.207395,49.851513],[7.207047,49.851507],[7.207039,49.851732],[7.206344,49.851721],[7.206335,49.851946],[7.205988,49.851941],[7.205979,49.852165],[7.205284,49.852154],[7.205276,49.852379],[7.204928,49.852374],[7.20492,49.852599],[7.203877,49.852582],[7.203869,49.852807],[7.202478,49.852786],[7.20247,49.85301],[7.202123,49.853005],[7.202114,49.85323],[7.201767,49.853224],[7.201758,49.853449],[7.201411,49.853444],[7.201402,49.853668],[7.200707,49.853658],[7.200699,49.853882],[7.200351,49.853877],[7.200343,49.854102],[7.199995,49.854096],[7.199978,49.854546],[7.199631,49.85454],[7.199622,49.854765],[7.19858,49.854749],[7.198571,49.854974],[7.197528,49.854958],[7.197537,49.854733],[7.197189,49.854727],[7.197198,49.854503],[7.19685,49.854497],[7.196842,49.854722],[7.195103,49.854695],[7.195095,49.85492],[7.194747,49.854914],[7.194714,49.855813],[7.194366,49.855808],[7.19435,49.856257],[7.194002,49.856252],[7.193943,49.857825],[7.193596,49.85782],[7.193579,49.858269],[7.193231,49.858264],[7.193214,49.858713],[7.192867,49.858708],[7.19285,49.859157],[7.192502,49.859152],[7.192486,49.859601],[7.192138,49.859596],[7.192113,49.86027],[7.191765,49.860265],[7.191748,49.860714],[7.191401,49.860709],[7.191376,49.861383],[7.191028,49.861378],[7.190994,49.862277],[7.190647,49.862271],[7.190638,49.862496],[7.190291,49.86249],[7.190282,49.862715],[7.189935,49.86271],[7.189926,49.862935],[7.189231,49.862924],[7.189222,49.863148],[7.188875,49.863143],[7.188849,49.863817],[7.188502,49.863812],[7.188485,49.864261],[7.188137,49.864256],[7.18812,49.864705],[7.187773,49.8647],[7.187764,49.864925],[7.187417,49.864919],[7.187408,49.865144],[7.187061,49.865139],[7.187052,49.865363],[7.186705,49.865358],[7.186696,49.865583],[7.186348,49.865577],[7.18634,49.865802],[7.185992,49.865796],[7.185967,49.866471],[7.185619,49.866465],[7.185602,49.866915],[7.18595,49.86692],[7.185942,49.867145],[7.186289,49.86715],[7.186281,49.867375],[7.186629,49.867381],[7.18662,49.867605],[7.186968,49.867611],[7.18696,49.867835],[7.187307,49.867841],[7.187299,49.868066],[7.187994,49.868077],[7.187986,49.868301],[7.188681,49.868312],[7.188673,49.868537],[7.189021,49.868542],[7.189012,49.868767],[7.18936,49.868772],[7.189352,49.868997],[7.190047,49.869008],[7.190039,49.869233],[7.191429,49.869255],[7.191421,49.869479],[7.191769,49.869485],[7.19176,49.869709],[7.192804,49.869726],[7.192795,49.86995],[7.193143,49.869956],[7.193135,49.870181],[7.193482,49.870186],[7.193474,49.870411],[7.193822,49.870416],[7.193805,49.870866],[7.194153,49.870871],[7.194144,49.871096],[7.194492,49.871101],[7.194475,49.871551],[7.194823,49.871556],[7.194806,49.872006],[7.195154,49.872011],[7.195145,49.872236],[7.195493,49.872241],[7.195485,49.872466],[7.195833,49.872471],[7.195824,49.872696],[7.196172,49.872702],[7.196164,49.872926],[7.196511,49.872932],[7.196503,49.873156],[7.196851,49.873162],[7.196842,49.873387],[7.19719,49.873392],[7.197182,49.873617],[7.197529,49.873622],[7.197521,49.873847],[7.197869,49.873852],[7.19786,49.874077],[7.198556,49.874088],[7.198548,49.874313],[7.198895,49.874318],[7.198887,49.874543],[7.199235,49.874548],[7.199226,49.874773],[7.199922,49.874784],[7.199914,49.875008],[7.200261,49.875014],[7.200253,49.875239],[7.20234,49.875271],[7.202331,49.875496],[7.203375,49.875512],[7.203366,49.875737],[7.203714,49.875742],[7.203706,49.875967],[7.204401,49.875978],[7.204393,49.876202],[7.205088,49.876213],[7.20508,49.876438],[7.205776,49.876449],[7.205767,49.876673],[7.206115,49.876679],[7.206107,49.876903],[7.206454,49.876909],[7.206446,49.877134],[7.207142,49.877144],[7.207133,49.877369],[7.207481,49.877375],[7.207473,49.877599],[7.20956,49.877632],[7.209551,49.877856],[7.210247,49.877867],[7.210238,49.878092],[7.210586,49.878097],[7.210578,49.878322],[7.211274,49.878333],[7.211265,49.878557],[7.211613,49.878563],[7.211605,49.878787],[7.213691,49.87882],[7.213683,49.879044],[7.214031,49.87905],[7.214014,49.879499],[7.214362,49.879505],[7.214354,49.879729],[7.214702,49.879735],[7.214693,49.879959],[7.215041,49.879965],[7.215016,49.880639],[7.215364,49.880644],[7.215348,49.881094],[7.215695,49.881099],[7.215687,49.881324],[7.216035,49.881329],[7.216027,49.881554],[7.216374,49.881559],[7.216366,49.881784],[7.216714,49.88179],[7.216697,49.882239],[7.217393,49.88225],[7.217368,49.882924],[7.217716,49.882929],[7.217708,49.883154],[7.218056,49.883159],[7.218047,49.883384],[7.218395,49.88339],[7.218379,49.883839],[7.219074,49.88385],[7.219066,49.884074],[7.219414,49.88408],[7.219397,49.884529],[7.219745,49.884535],[7.219737,49.884759],[7.220085,49.884765],[7.22006,49.885439],[7.219712,49.885434],[7.219679,49.886333],[7.218983,49.886322],[7.218975,49.886547],[7.218627,49.886541],[7.218619,49.886766],[7.218271,49.886761],[7.218246,49.887435],[7.217898,49.88743],[7.21789,49.887654],[7.217542,49.887649],[7.217534,49.887874],[7.217186,49.887868],[7.217161,49.888543],[7.216813,49.888537],[7.216805,49.888762],[7.216457,49.888757],[7.216441,49.889206],[7.215745,49.889195],[7.215737,49.88942],[7.215389,49.889415],[7.21538,49.88964],[7.215728,49.889645],[7.21572,49.88987],[7.216068,49.889875],[7.216043,49.890549],[7.216391,49.890555],[7.216366,49.891229],[7.216714,49.891234],[7.216615,49.893931],[7.216962,49.893937],[7.216929,49.894836],[7.216581,49.89483],[7.216548,49.895729],[7.2162,49.895724],[7.216184,49.896173],[7.216532,49.896179],[7.216523,49.896403],[7.216871,49.896409],[7.216863,49.896634],[7.217211,49.896639],[7.217194,49.897088],[7.217542,49.897094],[7.217526,49.897543],[7.217874,49.897549],[7.217807,49.899347],[7.218155,49.899352],[7.218114,49.900476],[7.218462,49.900481],[7.218387,49.902504],[7.218735,49.902509],[7.218719,49.902959],[7.218371,49.902953],[7.218363,49.903178],[7.218711,49.903183],[7.218694,49.903633],[7.218346,49.903627],[7.218338,49.903852],[7.21799,49.903847],[7.217965,49.904521],[7.217617,49.904516],[7.217609,49.90474],[7.217957,49.904746],[7.21794,49.905195],[7.218984,49.905211],[7.218976,49.905436],[7.219672,49.905447],[7.219663,49.905672],[7.220011,49.905677],[7.220003,49.905902],[7.220699,49.905912],[7.220691,49.906137],[7.221039,49.906142],[7.221031,49.906367],[7.221379,49.906372],[7.22137,49.906597],[7.221718,49.906603],[7.22171,49.906827],[7.222058,49.906833],[7.22205,49.907057],[7.222746,49.907068],[7.222737,49.907293],[7.223433,49.907303],[7.223425,49.907528],[7.224121,49.907539],[7.224113,49.907764],[7.224461,49.907769],[7.224453,49.907994],[7.225845,49.908015],[7.225836,49.90824],[7.227577,49.908266],[7.227568,49.908491],[7.227916,49.908496],[7.227908,49.908721],[7.228604,49.908732],[7.228596,49.908957],[7.22964,49.908973],[7.229623,49.909422],[7.229971,49.909427],[7.229963,49.909652],[7.231007,49.909668],[7.230999,49.909893],[7.231695,49.909903],[7.231687,49.910128],[7.232035,49.910133],[7.232027,49.910358],[7.232375,49.910363],[7.232366,49.910588],[7.232714,49.910594],[7.232706,49.910818],[7.234098,49.910839],[7.23409,49.911064],[7.235134,49.91108],[7.235126,49.911305],[7.235474,49.91131],[7.235466,49.911535],[7.236162,49.911546],[7.236154,49.91177],[7.23685,49.911781],[7.236825,49.912455],[7.237173,49.91246],[7.237165,49.912685],[7.237513,49.91269],[7.237505,49.912915],[7.237853,49.91292],[7.237845,49.913145],[7.238193,49.913151],[7.238185,49.913375],[7.239229,49.913391],[7.239221,49.913616],[7.239569,49.913621],[7.23956,49.913846],[7.240605,49.913862],[7.240596,49.914087],[7.240944,49.914092],[7.240936,49.914317],[7.241284,49.914322],[7.241276,49.914547],[7.241624,49.914552],[7.241616,49.914777],[7.242312,49.914787],[7.242304,49.915012],[7.242652,49.915017],[7.242644,49.915242],[7.242992,49.915247],[7.242984,49.915472],[7.243332,49.915477],[7.243275,49.91705],[7.243623,49.917056],[7.243606,49.917505],[7.243258,49.9175],[7.243234,49.918174],[7.242538,49.918164],[7.242521,49.918613],[7.242173,49.918608],[7.242165,49.918833],[7.241817,49.918827],[7.241801,49.919277],[7.241104,49.919266],[7.241096,49.919491],[7.240748,49.919486],[7.24074,49.91971],[7.240392,49.919705],[7.240294,49.922402],[7.240642,49.922407],[7.240625,49.922857],[7.241322,49.922868],[7.241305,49.923317],[7.241653,49.923322],[7.241645,49.923547],[7.241993,49.923552],[7.241977,49.924002],[7.242325,49.924007],[7.242309,49.924457],[7.242657,49.924462],[7.242641,49.924911],[7.242989,49.924917],[7.242981,49.925141],[7.243329,49.925147],[7.24332,49.925371],[7.243669,49.925377],[7.24366,49.925601],[7.244357,49.925612],[7.244349,49.925837],[7.245045,49.925847],[7.245037,49.926072],[7.245385,49.926077],[7.245377,49.926302],[7.245725,49.926307],[7.245717,49.926532],[7.246065,49.926537],[7.246057,49.926762],[7.246405,49.926767],[7.246397,49.926992],[7.246745,49.926997],[7.246737,49.927222],[7.247085,49.927227],[7.247077,49.927452],[7.247773,49.927463],[7.247765,49.927687],[7.248113,49.927693],[7.248097,49.928142],[7.248445,49.928147],[7.24842,49.928822],[7.248768,49.928827],[7.248744,49.929501],[7.24944,49.929512],[7.249432,49.929736],[7.250128,49.929747],[7.25012,49.929972],[7.250469,49.929977],[7.25046,49.930202],[7.250809,49.930207],[7.250792,49.930656],[7.25114,49.930662],[7.251124,49.931111],[7.251472,49.931116],[7.251456,49.931566],[7.252152,49.931576],[7.252136,49.932026],[7.252484,49.932031],[7.252476,49.932256],[7.252824,49.932261],[7.252816,49.932486],[7.253164,49.932491],[7.253156,49.932716],[7.253853,49.932726],[7.253845,49.932951],[7.253148,49.932941],[7.25314,49.933165],[7.252444,49.933155],[7.252436,49.93338],[7.251739,49.933369],[7.251707,49.934268],[7.252055,49.934273],[7.252047,49.934498],[7.252395,49.934503],[7.252379,49.934953],[7.252727,49.934958],[7.252702,49.935632],[7.253051,49.935638],[7.253043,49.935862],[7.253391,49.935868],[7.253375,49.936317],[7.253723,49.936322],[7.25369,49.937221],[7.254387,49.937232],[7.25437,49.937681],[7.254719,49.937687],[7.254711,49.937911],[7.255059,49.937917],[7.255043,49.938366],[7.255391,49.938371],[7.255375,49.938821],[7.255723,49.938826],[7.255715,49.939051],[7.256063,49.939056],[7.256055,49.939281],[7.255707,49.939276],[7.255682,49.93995],[7.25603,49.939955],[7.256006,49.940629],[7.256354,49.940635],[7.256338,49.941084],[7.256686,49.941089],[7.256678,49.941314],[7.257026,49.941319],[7.257018,49.941544],[7.257367,49.941549],[7.25735,49.941999],[7.257699,49.942004],[7.257682,49.942454],[7.258031,49.942459],[7.258023,49.942683],[7.258371,49.942689],[7.258363,49.942913],[7.258711,49.942919],[7.258703,49.943143],[7.259399,49.943154],[7.259391,49.943379],[7.25974,49.943384],[7.259731,49.943609],[7.26008,49.943614],[7.260064,49.944063],[7.260412,49.944069],[7.260404,49.944293],[7.260752,49.944299],[7.260736,49.944748],[7.261084,49.944753],[7.261076,49.944978],[7.261424,49.944983],[7.261416,49.945208],[7.261764,49.945213],[7.261756,49.945438],[7.262105,49.945443],[7.262064,49.946567],[7.262412,49.946572],[7.262396,49.947022],[7.262745,49.947027],[7.262728,49.947476],[7.263077,49.947482],[7.263069,49.947706],[7.263417,49.947712],[7.263401,49.948161],[7.263749,49.948166],[7.263741,49.948391],[7.264089,49.948396],[7.264073,49.948846],[7.264421,49.948851],[7.264413,49.949076],[7.264762,49.949081],[7.264746,49.94953],[7.265094,49.949536],[7.265086,49.94976],[7.265434,49.949766],[7.265418,49.950215],[7.265766,49.95022],[7.265758,49.950445],[7.266106,49.95045],[7.26609,49.9509],[7.266439,49.950905],[7.266431,49.95113],[7.267127,49.95114],[7.267135,49.950915],[7.268529,49.950936],[7.268521,49.951161],[7.268869,49.951166],[7.268845,49.95184],[7.269193,49.951846],[7.269185,49.95207],[7.269533,49.952076],[7.269517,49.952525],[7.269865,49.95253],[7.269849,49.95298],[7.270198,49.952985],[7.27019,49.95321],[7.270538,49.953215],[7.27053,49.95344],[7.270878,49.953445],[7.27087,49.95367],[7.271219,49.953675],[7.271211,49.9539],[7.271559,49.953905],[7.271535,49.954579],[7.271883,49.954584],[7.271867,49.955034],[7.272215,49.955039],[7.272207,49.955264],[7.272556,49.955269],[7.272548,49.955494],[7.272896,49.955499],[7.272888,49.955723],[7.273585,49.955734],[7.273569,49.956183],[7.273917,49.956189],[7.273909,49.956413],[7.274954,49.956429],[7.274946,49.956654],[7.275294,49.956659],[7.275286,49.956884],[7.275983,49.956894],[7.275975,49.957119],[7.276323,49.957124],[7.276307,49.957573],[7.276656,49.957578],[7.276648,49.957803],[7.277344,49.957814],[7.277328,49.958263],[7.278025,49.958273],[7.278009,49.958723],[7.278357,49.958728],[7.278349,49.958953],[7.279046,49.958963],[7.27903,49.959413],[7.281469,49.959449],[7.281477,49.959224],[7.282174,49.959234],[7.282182,49.95901],[7.282878,49.95902],[7.282846,49.959919],[7.283892,49.959935],[7.283876,49.960384],[7.284224,49.960389],[7.284216,49.960614],[7.284564,49.960619],[7.284572,49.960394],[7.284921,49.960399],[7.284913,49.960624],[7.285261,49.960629],[7.285253,49.960854],[7.285602,49.960859],[7.285586,49.961309],[7.285934,49.961314],[7.285926,49.961539],[7.286623,49.961549],[7.286607,49.961998],[7.286955,49.962004],[7.286939,49.962453],[7.286591,49.962448],[7.286583,49.962673],[7.286235,49.962668],[7.286211,49.963342],[7.286559,49.963347],[7.286551,49.963572],[7.286899,49.963577],[7.286891,49.963802],[7.287588,49.963812],[7.28758,49.964037],[7.287232,49.964032],[7.287192,49.965155],[7.286844,49.96515],[7.286836,49.965375],[7.286487,49.96537],[7.286455,49.966269],[7.286804,49.966274],[7.286772,49.967173],[7.28712,49.967178],[7.287112,49.967403],[7.287461,49.967408],[7.287453,49.967633],[7.288498,49.967648],[7.28849,49.967873],[7.288839,49.967878],[7.288831,49.968103],[7.289179,49.968108],[7.289171,49.968333],[7.289868,49.968343],[7.28986,49.968568],[7.290557,49.968578],[7.290549,49.968803],[7.290897,49.968808],[7.290889,49.969033],[7.291238,49.969038],[7.29123,49.969263],[7.291578,49.969268],[7.29157,49.969492],[7.291919,49.969498],[7.291911,49.969722],[7.292259,49.969727],[7.292243,49.970177],[7.292592,49.970182],[7.292584,49.970407],[7.292932,49.970412],[7.292924,49.970637],[7.296061,49.970683],[7.296053,49.970908],[7.296401,49.970913],[7.296393,49.971137],[7.297439,49.971153],[7.297431,49.971378],[7.297779,49.971383],[7.297787,49.971158],[7.298136,49.971163],[7.298128,49.971388],[7.298825,49.971398],[7.298833,49.971173],[7.29953,49.971183],[7.299522,49.971408],[7.300219,49.971418],[7.300211,49.971643],[7.302301,49.971674],[7.302294,49.971899],[7.302991,49.971909],[7.302983,49.972134],[7.30368,49.972144],[7.303672,49.972368],[7.304369,49.972379],[7.304361,49.972603],[7.304709,49.972609],[7.304701,49.972833],[7.30505,49.972838],[7.305042,49.973063],[7.305739,49.973073],[7.305731,49.973298],[7.30608,49.973303],[7.306072,49.973528],[7.30642,49.973533],[7.306412,49.973758],[7.306761,49.973763],[7.306745,49.974212],[7.307093,49.974217],[7.307086,49.974442],[7.307434,49.974447],[7.307403,49.975346],[7.307751,49.975351],[7.307743,49.975576],[7.308092,49.975581],[7.308076,49.976031],[7.308773,49.976041],[7.308765,49.976266],[7.309114,49.976271],[7.30909,49.976945],[7.309438,49.97695],[7.309375,49.978748],[7.310072,49.978758],[7.310065,49.978983],[7.310762,49.978993],[7.310754,49.979218],[7.311102,49.979223],[7.311094,49.979448],[7.311443,49.979453],[7.311435,49.979678],[7.312132,49.979688],[7.312124,49.979912],[7.312473,49.979918],[7.312465,49.980142],[7.312814,49.980147],[7.312798,49.980597],[7.313495,49.980607],[7.313487,49.980832],[7.314184,49.980842],[7.314176,49.981067],[7.314873,49.981077],[7.314865,49.981302],[7.315214,49.981307],[7.315206,49.981531],[7.315903,49.981541],[7.315895,49.981766],[7.316244,49.981771],[7.316236,49.981996],[7.316585,49.982001],[7.316577,49.982226],[7.316925,49.982231],[7.316918,49.982456],[7.317615,49.982466],[7.317599,49.982915],[7.317948,49.98292],[7.31794,49.983145],[7.318288,49.98315],[7.31828,49.983375],[7.318629,49.98338],[7.318621,49.983605],[7.319318,49.983615],[7.31931,49.98384],[7.319659,49.983845],[7.319651,49.984069],[7.32,49.984074],[7.319984,49.984524],[7.320333,49.984529],[7.320317,49.984979],[7.320666,49.984984],[7.32065,49.985433],[7.320301,49.985428],[7.320286,49.985878],[7.320634,49.985883],[7.320626,49.986107],[7.320975,49.986112],[7.320967,49.986337],[7.322013,49.986352],[7.322005,49.986577],[7.322702,49.986587],[7.322695,49.986812],[7.323043,49.986817],[7.323035,49.987042],[7.323384,49.987047],[7.323376,49.987271],[7.324073,49.987282],[7.324058,49.987731],[7.324406,49.987736],[7.324398,49.987961],[7.326141,49.987986],[7.326149,49.987761],[7.326498,49.987766],[7.32649,49.987991],[7.327884,49.988011],[7.327877,49.988236],[7.328574,49.988246],[7.328566,49.988471],[7.330658,49.988501],[7.33065,49.988726],[7.330998,49.988731],[7.330991,49.988955],[7.331339,49.98896],[7.331332,49.989185],[7.33168,49.98919],[7.331672,49.989415],[7.33237,49.989425],[7.332338,49.990324],[7.33199,49.990319],[7.33192,49.992342],[7.331571,49.992337],[7.331517,49.99391],[7.332214,49.99392],[7.332206,49.994145],[7.333252,49.99416],[7.333244,49.994385],[7.333593,49.99439],[7.33357,49.995064],[7.333918,49.995069],[7.333911,49.995294],[7.333562,49.995289],[7.333531,49.996188],[7.333182,49.996183],[7.333167,49.996632],[7.332818,49.996627],[7.332787,49.997526],[7.333136,49.997531],[7.333128,49.997756],[7.333477,49.997761],[7.333438,49.998885],[7.333089,49.99888],[7.333081,49.999104],[7.33343,49.999109],[7.333422,49.999334],[7.33412,49.999344],[7.334112,49.999569],[7.33446,49.999574],[7.334422,50.000698],[7.33477,50.000703],[7.334763,50.000928],[7.335111,50.000933],[7.335103,50.001157],[7.335452,50.001162],[7.335429,50.001837],[7.33508,50.001832],[7.33501,50.003854],[7.335359,50.003859],[7.335351,50.004084],[7.336049,50.004094],[7.336018,50.004993],[7.335669,50.004988],[7.33563,50.006112],[7.335979,50.006117],[7.335963,50.006566],[7.336312,50.006571],[7.336289,50.007246],[7.33594,50.007241],[7.335932,50.007465],[7.335235,50.007455],[7.335227,50.00768],[7.334878,50.007675],[7.334863,50.008125],[7.334514,50.00812],[7.334498,50.008569],[7.33415,50.008564],[7.334126,50.009239],[7.333778,50.009234],[7.333754,50.009908],[7.332708,50.009893],[7.3327,50.010118],[7.332352,50.010112],[7.33232,50.011012],[7.331972,50.011006],[7.331956,50.011456],[7.331607,50.011451],[7.3316,50.011676],[7.331251,50.011671],[7.331243,50.011895],[7.330894,50.01189],[7.330886,50.012115],[7.330538,50.01211],[7.33053,50.012335],[7.330181,50.01233],[7.330173,50.012555],[7.329824,50.01255],[7.329817,50.012774],[7.329468,50.012769],[7.32946,50.012994],[7.329111,50.012989],[7.329104,50.013214],[7.328755,50.013209],[7.328747,50.013434],[7.328398,50.013429],[7.32839,50.013653],[7.328042,50.013648],[7.328034,50.013873],[7.327685,50.013868],[7.327677,50.014093],[7.327328,50.014088],[7.327321,50.014313],[7.326972,50.014308],[7.326964,50.014532],[7.326615,50.014527],[7.326607,50.014752],[7.326259,50.014747],[7.326243,50.015196],[7.325894,50.015191],[7.325886,50.015416],[7.325538,50.015411],[7.32553,50.015636],[7.326576,50.015651],[7.326568,50.015876],[7.326917,50.015881],[7.326909,50.016106],[7.327607,50.016116],[7.327599,50.01634],[7.327948,50.016345],[7.32794,50.01657],[7.328638,50.01658],[7.328607,50.017479],[7.328955,50.017484],[7.328948,50.017709],[7.329296,50.017714],[7.329289,50.017939],[7.329637,50.017944],[7.329622,50.018393],[7.329971,50.018398],[7.329963,50.018623],[7.330312,50.018628],[7.330296,50.019078],[7.330645,50.019083],[7.330637,50.019307],[7.331335,50.019317],[7.331288,50.020666],[7.331637,50.020671],[7.331567,50.022694],[7.332265,50.022704],[7.332272,50.022479],[7.332621,50.022484],[7.332629,50.022259],[7.332978,50.022264],[7.332986,50.02204],[7.334381,50.02206],[7.334389,50.021835],[7.335086,50.021845],[7.335079,50.02207],[7.335776,50.02208],[7.335784,50.021855],[7.336133,50.02186],[7.336125,50.022085],[7.336823,50.022095],[7.336815,50.022319],[7.339606,50.022359],[7.339598,50.022584],[7.341342,50.022609],[7.341335,50.022834],[7.343079,50.022859],[7.343071,50.023084],[7.343769,50.023093],[7.343761,50.023318],[7.344459,50.023328],[7.344451,50.023553],[7.345149,50.023563],[7.345141,50.023788],[7.346188,50.023803],[7.34618,50.024027],[7.346878,50.024037],[7.346886,50.023813],[7.347234,50.023817],[7.347242,50.023593],[7.347591,50.023598],[7.347599,50.023373],[7.348296,50.023383],[7.348289,50.023608],[7.350731,50.023642],[7.350723,50.023867],[7.352119,50.023887],[7.352126,50.023662],[7.352824,50.023672],[7.352832,50.023447],[7.35318,50.023452],[7.353188,50.023228],[7.353537,50.023232],[7.353545,50.023008],[7.353894,50.023013],[7.353886,50.023237],[7.355281,50.023257],[7.355274,50.023482],[7.355971,50.023492],[7.355964,50.023717],[7.360848,50.023786],[7.36084,50.024011],[7.361189,50.024015],[7.361204,50.023566],[7.361553,50.023571],[7.361561,50.023346],[7.36191,50.023351],[7.361925,50.022901],[7.362274,50.022906],[7.362281,50.022682],[7.36263,50.022687],[7.362646,50.022237],[7.362994,50.022242],[7.363002,50.022017],[7.3637,50.022027],[7.363715,50.021578],[7.364762,50.021592],[7.364769,50.021368],[7.365467,50.021377],[7.365475,50.021153],[7.366172,50.021162],[7.36618,50.020938],[7.366529,50.020943],[7.366536,50.020718],[7.367234,50.020728],[7.367226,50.020952],[7.370017,50.020992],[7.370025,50.020767],[7.370722,50.020777],[7.37073,50.020552],[7.372125,50.020572],[7.372133,50.020347],[7.373877,50.020371],[7.373885,50.020146],[7.374234,50.020151],[7.374241,50.019927],[7.37459,50.019931],[7.374598,50.019707],[7.374947,50.019712],[7.374954,50.019487],[7.375303,50.019492],[7.375311,50.019267],[7.375659,50.019272],[7.375667,50.019047],[7.376016,50.019052],[7.376023,50.018827],[7.376721,50.018837],[7.376729,50.018612],[7.377077,50.018617],[7.377085,50.018392],[7.377434,50.018397],[7.377441,50.018172],[7.37779,50.018177],[7.377798,50.017953],[7.378147,50.017957],[7.378154,50.017733],[7.378503,50.017738],[7.378511,50.017513],[7.379208,50.017523],[7.379216,50.017298],[7.379565,50.017303],[7.379572,50.017078],[7.38027,50.017088],[7.380277,50.016863],[7.380626,50.016868],[7.380634,50.016643],[7.380983,50.016648],[7.38099,50.016423],[7.381339,50.016428],[7.381354,50.015978],[7.382052,50.015988],[7.382044,50.016213],[7.382742,50.016223],[7.382734,50.016447],[7.383083,50.016452],[7.383075,50.016677],[7.383773,50.016687],[7.383766,50.016912],[7.384463,50.016921],[7.384456,50.017146],[7.385153,50.017156],[7.385146,50.017381],[7.385495,50.017385],[7.385487,50.01761],[7.386185,50.01762],[7.386177,50.017845],[7.386875,50.017854],[7.386867,50.018079],[7.387565,50.018089],[7.387557,50.018314],[7.388604,50.018328],[7.388596,50.018553],[7.388945,50.018558],[7.388938,50.018782],[7.389635,50.018792],[7.389628,50.019017],[7.390326,50.019027],[7.39031,50.019476],[7.390659,50.019481],[7.390652,50.019706],[7.39135,50.019715],[7.391342,50.01994],[7.391691,50.019945],[7.391668,50.020619],[7.392366,50.020629],[7.392359,50.020854],[7.392707,50.020858],[7.3927,50.021083],[7.393049,50.021088],[7.393041,50.021313],[7.393739,50.021323],[7.393731,50.021547],[7.39408,50.021552],[7.394073,50.021777],[7.394422,50.021782],[7.394407,50.022231],[7.394756,50.022236],[7.394748,50.022461],[7.395097,50.022466],[7.395082,50.022915],[7.394733,50.02291],[7.394726,50.023135],[7.395074,50.02314],[7.395067,50.023365],[7.395416,50.02337],[7.395401,50.023819],[7.39575,50.023824],[7.395742,50.024049],[7.396091,50.024053],[7.396084,50.024278],[7.396432,50.024283],[7.396373,50.026081],[7.396721,50.026086],[7.396714,50.026311],[7.397063,50.026316],[7.397055,50.02654],[7.397404,50.026545],[7.397337,50.028568],[7.396988,50.028563],[7.396966,50.029237],[7.397314,50.029242],[7.397307,50.029467],[7.397656,50.029472],[7.397648,50.029697],[7.397997,50.029701],[7.39799,50.029926],[7.398339,50.029931],[7.398331,50.030156],[7.39868,50.030161],[7.398673,50.030385],[7.399022,50.03039],[7.399014,50.030615],[7.399363,50.03062],[7.399356,50.030844],[7.399705,50.030849],[7.399697,50.031074],[7.400046,50.031079],[7.400039,50.031304],[7.400387,50.031308],[7.40038,50.031533],[7.400729,50.031538],[7.400721,50.031763],[7.40107,50.031768],[7.401063,50.031992],[7.401412,50.031997],[7.401404,50.032222],[7.401753,50.032227],[7.401746,50.032451],[7.402095,50.032456],[7.402087,50.032681],[7.402785,50.032691],[7.402778,50.032915],[7.403127,50.03292],[7.403119,50.033145],[7.403468,50.03315],[7.403461,50.033375],[7.40381,50.033379],[7.403802,50.033604],[7.4045,50.033614],[7.404493,50.033838],[7.404842,50.033843],[7.404834,50.034068],[7.405183,50.034073],[7.405176,50.034298],[7.405874,50.034307],[7.405866,50.034532],[7.406564,50.034542],[7.406557,50.034766],[7.406906,50.034771],[7.406898,50.034996],[7.407247,50.035001],[7.40724,50.035225],[7.407938,50.035235],[7.40793,50.03546],[7.408279,50.035465],[7.408264,50.035914],[7.408613,50.035919],[7.408606,50.036144],[7.408955,50.036148],[7.40894,50.036598],[7.409638,50.036608],[7.40963,50.036832],[7.409979,50.036837],[7.409972,50.037062],[7.41067,50.037071],[7.410662,50.037296],[7.411011,50.037301],[7.411004,50.037526],[7.411353,50.03753],[7.411331,50.038205],[7.41168,50.03821],[7.411665,50.038659],[7.412014,50.038664],[7.412006,50.038889],[7.412355,50.038893],[7.412333,50.039568],[7.413031,50.039577],[7.413024,50.039802],[7.41442,50.039821],[7.414412,50.040046],[7.41511,50.040055],[7.415095,50.040505],[7.414746,50.0405],[7.414724,50.041174],[7.414375,50.04117],[7.41436,50.041619],[7.414709,50.041624],[7.414702,50.041849],[7.415051,50.041853],[7.415036,50.042303],[7.415385,50.042308],[7.415378,50.042533],[7.415727,50.042537],[7.415712,50.042987],[7.416061,50.042992],[7.416046,50.043441],[7.415697,50.043436],[7.415675,50.044111],[7.416373,50.04412],[7.416336,50.045244],[7.417732,50.045263],[7.417725,50.045488],[7.418074,50.045493],[7.418066,50.045717],[7.418415,50.045722],[7.418393,50.046396],[7.418044,50.046392],[7.418037,50.046616],[7.418735,50.046626],[7.418713,50.0473],[7.419062,50.047305],[7.419047,50.047754],[7.419396,50.047759],[7.419381,50.048209],[7.420429,50.048223],[7.420421,50.048448],[7.421468,50.048462],[7.421417,50.050035],[7.421766,50.05004],[7.421744,50.050714],[7.422093,50.050719],[7.422071,50.051393],[7.42242,50.051398],[7.422405,50.051848],[7.422754,50.051852],[7.422739,50.052302],[7.423088,50.052307],[7.423081,50.052531],[7.42343,50.052536],[7.423423,50.052761],[7.424121,50.05277],[7.424113,50.052995],[7.424463,50.053],[7.424455,50.053225],[7.425153,50.053234],[7.425146,50.053459],[7.425495,50.053464],[7.425473,50.054138],[7.426171,50.054147],[7.426164,50.054372],[7.426513,50.054377],[7.42652,50.054152],[7.426869,50.054157],[7.426862,50.054382],[7.428258,50.054401],[7.428251,50.054625],[7.4286,50.05463],[7.428593,50.054855],[7.428942,50.05486],[7.428935,50.055084],[7.429284,50.055089],[7.429276,50.055314],[7.430324,50.055328],[7.430316,50.055553],[7.430666,50.055558],[7.430651,50.056007],[7.431,50.056012],[7.430993,50.056237],[7.431691,50.056246],[7.431676,50.056696],[7.432025,50.0567],[7.432018,50.056925],[7.432367,50.05693],[7.43236,50.057154],[7.432709,50.057159],[7.432702,50.057384],[7.433051,50.057389],[7.433043,50.057613],[7.433392,50.057618],[7.433385,50.057843],[7.435131,50.057866],[7.435123,50.058091],[7.435822,50.058101],[7.435814,50.058325],[7.437211,50.058344],[7.437204,50.058569],[7.438251,50.058583],[7.438258,50.058358],[7.438957,50.058368],[7.438949,50.058592],[7.439298,50.058597],[7.439306,50.058372],[7.440702,50.058391],[7.440709,50.058166],[7.441059,50.058171],[7.441051,50.058396],[7.4414,50.058401],[7.441393,50.058625],[7.441742,50.05863],[7.44175,50.058405],[7.443844,50.058433],[7.443837,50.058658],[7.444535,50.058668],[7.444543,50.058443],[7.448383,50.058494],[7.44839,50.058269],[7.449089,50.058279],[7.449096,50.058054],[7.453634,50.058115],[7.453642,50.05789],[7.45434,50.057899],[7.454333,50.058124],[7.454682,50.058128],[7.454689,50.057904],[7.460275,50.057978],[7.460268,50.058203],[7.460966,50.058212],[7.460959,50.058437],[7.462705,50.05846],[7.462698,50.058685],[7.463396,50.058694],[7.463381,50.059143],[7.463731,50.059148],[7.463723,50.059373],[7.464073,50.059377],[7.464065,50.059602],[7.464414,50.059607],[7.464407,50.059832],[7.464756,50.059836],[7.464749,50.060061],[7.465098,50.060066],[7.465084,50.060515],[7.465433,50.06052],[7.465412,50.061194],[7.465761,50.061199],[7.465747,50.061648],[7.466096,50.061653],[7.466089,50.061878],[7.466787,50.061887],[7.466772,50.062336],[7.467122,50.062341],[7.467114,50.062566],[7.467464,50.06257],[7.467471,50.062346],[7.46782,50.06235],[7.467813,50.062575],[7.46886,50.062589],[7.468867,50.062364],[7.469217,50.062369],[7.469209,50.062593],[7.471304,50.062621],[7.471297,50.062846],[7.471996,50.062855],[7.471989,50.06308],[7.472687,50.063089],[7.47268,50.063314],[7.473029,50.063318],[7.473022,50.063543],[7.474418,50.063561],[7.474411,50.063786],[7.47511,50.063795],[7.475103,50.06402],[7.475801,50.064029],[7.475794,50.064254],[7.477889,50.064282],[7.477882,50.064506],[7.478231,50.064511],[7.478224,50.064736],[7.478573,50.06474],[7.478566,50.064965],[7.479264,50.064974],[7.479257,50.065199],[7.480305,50.065213],[7.480298,50.065437],[7.480996,50.065447],[7.480989,50.065671],[7.482735,50.065694],[7.482742,50.065469],[7.48344,50.065479],[7.483447,50.065254],[7.485193,50.065277],[7.4852,50.065052],[7.488692,50.065097],[7.488685,50.065322],[7.489383,50.065331],[7.489376,50.065556],[7.492519,50.065597],[7.492512,50.065822],[7.493909,50.06584],[7.493902,50.066065],[7.494251,50.066069],[7.494244,50.066294],[7.495292,50.066307],[7.495285,50.066532],[7.495634,50.066537],[7.495627,50.066762],[7.496325,50.066771],[7.496318,50.066995],[7.496667,50.067],[7.49666,50.067225],[7.497009,50.067229],[7.497002,50.067454],[7.49805,50.067467],[7.498043,50.067692],[7.498392,50.067697],[7.498385,50.067922],[7.498734,50.067926],[7.498727,50.068151],[7.499077,50.068155],[7.49907,50.06838],[7.499419,50.068385],[7.499426,50.06816],[7.500124,50.068169],[7.500131,50.067944],[7.501528,50.067962],[7.501542,50.067513],[7.50224,50.067522],[7.502247,50.067297],[7.502597,50.067301],[7.50259,50.067526],[7.504336,50.067549],[7.504343,50.067324],[7.50539,50.067337],[7.505383,50.067562],[7.506431,50.067576],[7.506438,50.067351],[7.506787,50.067355],[7.506794,50.067131],[7.507492,50.06714],[7.507499,50.066915],[7.507849,50.066919],[7.507856,50.066695],[7.508205,50.066699],[7.508212,50.066474],[7.508561,50.066479],[7.508568,50.066254],[7.509266,50.066263],[7.509259,50.066488],[7.509609,50.066492],[7.509602,50.066717],[7.509951,50.066721],[7.509944,50.066946],[7.510642,50.066955],[7.510635,50.06718],[7.510985,50.067184],[7.510978,50.067409],[7.511327,50.067414],[7.51132,50.067638],[7.511669,50.067643],[7.511662,50.067868],[7.512011,50.067872],[7.512004,50.068097],[7.512354,50.068101],[7.512333,50.068776],[7.512682,50.06878],[7.512675,50.069005],[7.513373,50.069014],[7.513366,50.069239],[7.514065,50.069248],[7.514037,50.070147],[7.514386,50.070151],[7.514379,50.070376],[7.51403,50.070372],[7.514016,50.070821],[7.514365,50.070826],[7.514345,50.0715],[7.514694,50.071504],[7.514673,50.072179],[7.515022,50.072183],[7.514988,50.073307],[7.515337,50.073311],[7.515316,50.073986],[7.515665,50.07399],[7.515651,50.07444],[7.516001,50.074444],[7.515994,50.074669],[7.516343,50.074673],[7.516336,50.074898],[7.516685,50.074903],[7.516678,50.075127],[7.517028,50.075132],[7.517014,50.075582],[7.517363,50.075586],[7.517356,50.075811],[7.517705,50.075815],[7.517698,50.07604],[7.518048,50.076044],[7.518034,50.076494],[7.518383,50.076498],[7.518376,50.076723],[7.518725,50.076728],[7.518712,50.077177],[7.51941,50.077186],[7.519396,50.077636],[7.519746,50.07764],[7.519739,50.077865],[7.520437,50.077874],[7.52043,50.078099],[7.52078,50.078103],[7.520773,50.078328],[7.521122,50.078332],[7.521115,50.078557],[7.521464,50.078561],[7.521444,50.079236],[7.521793,50.07924],[7.521786,50.079465],[7.522135,50.079469],[7.522128,50.079694],[7.522478,50.079699],[7.522471,50.079923],[7.52282,50.079928],[7.522813,50.080153],[7.523162,50.080157],[7.523149,50.080607],[7.523498,50.080611],[7.523477,50.081285],[7.523826,50.08129],[7.52382,50.081515],[7.524169,50.081519],[7.524141,50.082418],[7.524491,50.082423],[7.52447,50.083097],[7.524819,50.083101],[7.524805,50.083551],[7.525155,50.083555],[7.52512,50.084679],[7.52547,50.084684],[7.525442,50.085583],[7.525093,50.085578],[7.525086,50.085803],[7.524736,50.085799],[7.524723,50.086248],[7.525072,50.086253],[7.525065,50.086477],[7.525414,50.086482],[7.525387,50.087381],[7.525736,50.087385],[7.525667,50.089633],[7.525318,50.089629],[7.52529,50.090528],[7.524591,50.090519],[7.524564,50.091418],[7.524214,50.091414],[7.524201,50.091863],[7.523851,50.091859],[7.523844,50.092083],[7.523495,50.092079],[7.523467,50.092978],[7.523118,50.092974],[7.523104,50.093423],[7.522755,50.093419],[7.522748,50.093644],[7.522398,50.093639],[7.522392,50.093864],[7.522042,50.093859],[7.522035,50.094084],[7.521686,50.09408],[7.521665,50.094754],[7.521316,50.09475],[7.521281,50.095873],[7.520932,50.095869],[7.520911,50.096543],[7.52126,50.096548],[7.521253,50.096773],[7.521603,50.096777],[7.521589,50.097227],[7.521938,50.097231],[7.521931,50.097456],[7.522281,50.09746],[7.522274,50.097685],[7.522623,50.097689],[7.522617,50.097914],[7.523315,50.097923],[7.523308,50.098148],[7.523658,50.098152],[7.523651,50.098377],[7.524,50.098382],[7.524007,50.098157],[7.524706,50.098166],[7.524713,50.097941],[7.525063,50.097945],[7.525056,50.09817],[7.525405,50.098175],[7.525391,50.098624],[7.525741,50.098629],[7.525734,50.098853],[7.526083,50.098858],[7.526076,50.099082],[7.526426,50.099087],[7.526412,50.099536],[7.527111,50.099545],[7.527104,50.09977],[7.527453,50.099775],[7.527447,50.099999],[7.527796,50.100004],[7.527789,50.100229],[7.528139,50.100233],[7.528132,50.100458],[7.528481,50.100462],[7.528467,50.100912],[7.528817,50.100916],[7.52881,50.101141],[7.530208,50.101159],[7.530201,50.101383],[7.5309,50.101392],[7.530913,50.100943],[7.531263,50.100947],[7.53127,50.100722],[7.531619,50.100727],[7.531626,50.100502],[7.531976,50.100506],[7.531982,50.100282],[7.532332,50.100286],[7.532339,50.100061],[7.532688,50.100066],[7.532695,50.099841],[7.533045,50.099845],[7.533051,50.099621],[7.533401,50.099625],[7.533408,50.0994],[7.533757,50.099405],[7.533764,50.09918],[7.534113,50.099184],[7.53412,50.098959],[7.534819,50.098968],[7.534826,50.098744],[7.535175,50.098748],[7.535182,50.098523],[7.535532,50.098528],[7.535539,50.098303],[7.537286,50.098325],[7.537293,50.0981],[7.537642,50.098104],[7.537649,50.09788],[7.537998,50.097884],[7.538005,50.097659],[7.539053,50.097673],[7.53906,50.097448],[7.53941,50.097452],[7.539417,50.097227],[7.540115,50.097236],[7.540122,50.097011],[7.540472,50.097016],[7.540478,50.096791],[7.541177,50.0968],[7.541184,50.096575],[7.541883,50.096584],[7.54189,50.096359],[7.542589,50.096368],[7.542595,50.096143],[7.542945,50.096147],[7.542952,50.095923],[7.543651,50.095931],[7.543657,50.095707],[7.544007,50.095711],[7.544014,50.095486],[7.544363,50.095491],[7.54437,50.095266],[7.544719,50.09527],[7.544726,50.095045],[7.545425,50.095054],[7.545432,50.094829],[7.545781,50.094834],[7.545788,50.094609],[7.546137,50.094613],[7.546151,50.094164],[7.5465,50.094168],[7.546507,50.093943],[7.546857,50.093948],[7.546863,50.093723],[7.547213,50.093727],[7.54722,50.093503],[7.547918,50.093511],[7.547925,50.093287],[7.548275,50.093291],[7.548281,50.093066],[7.548631,50.093071],[7.548638,50.092846],[7.548987,50.09285],[7.548994,50.092625],[7.549343,50.09263],[7.54935,50.092405],[7.551097,50.092427],[7.551104,50.092202],[7.553549,50.092233],[7.553543,50.092457],[7.553892,50.092462],[7.553885,50.092686],[7.554584,50.092695],[7.554577,50.09292],[7.554927,50.092924],[7.55492,50.093149],[7.557366,50.093179],[7.557359,50.093404],[7.558058,50.093413],[7.558051,50.093638],[7.5584,50.093642],[7.558394,50.093867],[7.561888,50.09391],[7.561894,50.093685],[7.566437,50.093742],[7.566443,50.093517],[7.567492,50.09353],[7.567485,50.093755],[7.569232,50.093776],[7.569225,50.094001],[7.569575,50.094005],[7.569581,50.09378],[7.57028,50.093789],[7.570274,50.094014],[7.572719,50.094044],[7.572726,50.093819],[7.573425,50.093828],[7.573418,50.094052],[7.574816,50.09407],[7.574822,50.093845],[7.575871,50.093858],[7.575877,50.093633],[7.576227,50.093637],[7.576233,50.093412],[7.576583,50.093417],[7.57659,50.093192],[7.576939,50.093196],[7.576946,50.092971],[7.577644,50.09298],[7.577651,50.092755],[7.57835,50.092764],[7.578356,50.092539],[7.578706,50.092543],[7.578713,50.092319],[7.579062,50.092323],[7.579069,50.092098],[7.579418,50.092102],[7.579425,50.091877],[7.579774,50.091882],[7.579781,50.091657],[7.58013,50.091661],[7.580137,50.091436],[7.580486,50.091441],[7.580493,50.091216],[7.580842,50.09122],[7.580849,50.090995],[7.581198,50.091],[7.581205,50.090775],[7.581554,50.090779],[7.581561,50.090554],[7.58191,50.090559],[7.581917,50.090334],[7.582266,50.090338],[7.582273,50.090113],[7.582622,50.090118],[7.582629,50.089893],[7.582978,50.089897],[7.582998,50.089223],[7.583347,50.089227],[7.583407,50.087204],[7.583756,50.087208],[7.583763,50.086984],[7.585859,50.087009],[7.585853,50.087234],[7.586202,50.087238],[7.586195,50.087463],[7.587593,50.08748],[7.587586,50.087705],[7.588634,50.087718],[7.588628,50.087942],[7.589676,50.087955],[7.589669,50.08818],[7.590019,50.088184],[7.590012,50.088409],[7.590361,50.088413],[7.590355,50.088638],[7.590704,50.088642],[7.590691,50.089092],[7.59104,50.089096],[7.591027,50.089545],[7.591377,50.08955],[7.59137,50.089774],[7.591719,50.089779],[7.591706,50.090228],[7.591357,50.090224],[7.59133,50.091123],[7.59168,50.091127],[7.59166,50.091802],[7.592009,50.091806],[7.591996,50.092256],[7.592346,50.09226],[7.592339,50.092485],[7.592688,50.092489],[7.592675,50.092938],[7.593025,50.092943],[7.593012,50.093392],[7.593361,50.093396],[7.593354,50.093621],[7.593704,50.093625],[7.593691,50.094075],[7.594389,50.094083],[7.594383,50.094308],[7.595082,50.094317],[7.595075,50.094541],[7.595425,50.094546],[7.595418,50.09477],[7.596117,50.094779],[7.59611,50.095004],[7.59646,50.095008],[7.596447,50.095457],[7.596796,50.095462],[7.596789,50.095686],[7.597139,50.095691],[7.597132,50.095915],[7.597482,50.09592],[7.597475,50.096144],[7.597825,50.096149],[7.597818,50.096373],[7.598866,50.096386],[7.59886,50.096611],[7.600257,50.096628],[7.600251,50.096853],[7.601299,50.096865],[7.601293,50.09709],[7.604438,50.097128],[7.604411,50.098027],[7.60511,50.098035],[7.605097,50.098485],[7.605447,50.098489],[7.60544,50.098714],[7.60579,50.098718],[7.605777,50.099168],[7.606126,50.099172],[7.60612,50.099397],[7.606469,50.099401],[7.606462,50.099626],[7.606812,50.09963],[7.606805,50.099855],[7.607155,50.099859],[7.607148,50.100084],[7.607498,50.100088],[7.607485,50.100537],[7.607834,50.100541],[7.607828,50.100766],[7.608527,50.100775],[7.60852,50.100999],[7.609219,50.101008],[7.609213,50.101233],[7.609562,50.101237],[7.609555,50.101462],[7.609905,50.101466],[7.609898,50.101691],[7.60885,50.101678],[7.608844,50.101903],[7.608494,50.101899],[7.608488,50.102123],[7.608138,50.102119],[7.608132,50.102344],[7.607782,50.10234],[7.607776,50.102565],[7.607426,50.10256],[7.607413,50.10301],[7.607064,50.103006],[7.607057,50.10323],[7.606708,50.103226],[7.606695,50.103676],[7.606345,50.103672],[7.606332,50.104121],[7.606681,50.104125],[7.606675,50.10435],[7.606325,50.104346],[7.606319,50.104571],[7.606668,50.104575],[7.606649,50.105249],[7.606299,50.105245],[7.606293,50.10547],[7.605943,50.105466],[7.605937,50.10569],[7.605587,50.105686],[7.605581,50.105911],[7.605231,50.105907],[7.605225,50.106132],[7.604875,50.106127],[7.604869,50.106352],[7.60417,50.106344],[7.604019,50.111514],[7.60367,50.11151],[7.603618,50.113308],[7.603268,50.113304],[7.603235,50.114427],[7.602886,50.114423],[7.602847,50.115772],[7.602497,50.115768],[7.602464,50.116892],[7.602115,50.116887],[7.602095,50.117562],[7.602445,50.117566],[7.602418,50.118465],[7.602069,50.118461],[7.602062,50.118686],[7.601713,50.118681],[7.601719,50.118457],[7.60137,50.118452],[7.601357,50.118902],[7.601706,50.118906],[7.601693,50.119356],[7.602043,50.11936],[7.602036,50.119585],[7.602386,50.119589],[7.602379,50.119814],[7.602729,50.119818],[7.602722,50.120043],[7.602373,50.120039],[7.602366,50.120263],[7.602016,50.120259],[7.60201,50.120484],[7.60166,50.12048],[7.601647,50.120929],[7.601298,50.120925],[7.601278,50.121599],[7.601628,50.121604],[7.601614,50.122053],[7.601964,50.122057],[7.601958,50.122282],[7.602307,50.122286],[7.602301,50.122511],[7.603349,50.122524],[7.603336,50.122973],[7.604036,50.122982],[7.604029,50.123207],[7.604728,50.123215],[7.604715,50.123664],[7.604366,50.12366],[7.604359,50.123885],[7.604009,50.123881],[7.60399,50.124555],[7.60364,50.124551],[7.603588,50.126349],[7.603238,50.126345],[7.603219,50.127019],[7.602869,50.127015],[7.602856,50.127465],[7.602506,50.127461],[7.602487,50.128135],[7.602137,50.128131],[7.60213,50.128355],[7.601781,50.128351],[7.601774,50.128576],[7.600725,50.128563],[7.600719,50.128788],[7.600019,50.12878],[7.600013,50.129004],[7.598614,50.128988],[7.598607,50.129212],[7.597908,50.129204],[7.597888,50.129878],[7.597539,50.129874],[7.597532,50.130099],[7.597183,50.130095],[7.597176,50.130319],[7.596826,50.130315],[7.59682,50.13054],[7.59647,50.130536],[7.596463,50.13076],[7.596114,50.130756],[7.596107,50.130981],[7.595757,50.130977],[7.595751,50.131202],[7.594702,50.131189],[7.594695,50.131414],[7.594346,50.131409],[7.594339,50.131634],[7.593989,50.13163],[7.59395,50.132979],[7.5936,50.132974],[7.593594,50.133199],[7.592894,50.133191],[7.592914,50.132516],[7.590466,50.132487],[7.590459,50.132711],[7.59011,50.132707],[7.590097,50.133157],[7.589747,50.133153],[7.589714,50.134276],[7.590064,50.134281],[7.590057,50.134505],[7.590756,50.134514],[7.59075,50.134739],[7.591099,50.134743],[7.591093,50.134968],[7.591443,50.134972],[7.591423,50.135646],[7.591772,50.135651],[7.591766,50.135875],[7.592465,50.135884],[7.592439,50.136783],[7.592789,50.136787],[7.592762,50.137686],[7.593112,50.137691],[7.593086,50.13859],[7.593435,50.138594],[7.593416,50.139268],[7.593765,50.139272],[7.593746,50.139947],[7.594095,50.139951],[7.594076,50.140625],[7.594425,50.14063],[7.594406,50.141304],[7.594755,50.141308],[7.594735,50.141983],[7.595085,50.141987],[7.595066,50.142661],[7.595415,50.142665],[7.595402,50.143115],[7.595752,50.143119],[7.595739,50.143569],[7.596438,50.143577],[7.596432,50.143802],[7.596781,50.143806],[7.596775,50.144031],[7.597125,50.144035],[7.597118,50.14426],[7.596419,50.144251],[7.596425,50.144027],[7.595726,50.144018],[7.595719,50.144243],[7.595369,50.144239],[7.595336,50.145363],[7.594986,50.145358],[7.59498,50.145583],[7.59463,50.145579],[7.594604,50.146478],[7.593904,50.14647],[7.593911,50.146245],[7.593211,50.146236],[7.593205,50.146461],[7.593554,50.146465],[7.593548,50.14669],[7.593898,50.146694],[7.593878,50.147369],[7.594228,50.147373],[7.594214,50.147822],[7.594564,50.147827],[7.594544,50.148501],[7.593845,50.148493],[7.593818,50.149392],[7.593469,50.149387],[7.593449,50.150062],[7.593099,50.150058],[7.593092,50.150282],[7.592743,50.150278],[7.592736,50.150503],[7.592386,50.150499],[7.592366,50.151173],[7.592716,50.151177],[7.59271,50.151402],[7.593409,50.15141],[7.59339,50.152085],[7.593739,50.152089],[7.593726,50.152539],[7.594076,50.152543],[7.594063,50.152992],[7.594413,50.152997],[7.594386,50.153896],[7.594736,50.1539],[7.59473,50.154125],[7.595079,50.154129],[7.595053,50.155028],[7.595403,50.155032],[7.595396,50.155257],[7.598545,50.155295],[7.598552,50.15507],[7.598901,50.155075],[7.598908,50.15485],[7.599258,50.154854],[7.599251,50.155079],[7.599601,50.155083],[7.599588,50.155533],[7.599938,50.155537],[7.599879,50.15756],[7.600229,50.157564],[7.600216,50.158014],[7.600565,50.158018],[7.600539,50.158917],[7.600889,50.158921],[7.600876,50.159371],[7.601226,50.159375],[7.601206,50.160049],[7.600856,50.160045],[7.600778,50.162742],[7.600428,50.162738],[7.600414,50.163188],[7.600065,50.163183],[7.600051,50.163633],[7.600401,50.163637],[7.600382,50.164312],[7.600032,50.164307],[7.600019,50.164757],[7.599669,50.164753],[7.599636,50.165877],[7.599986,50.165881],[7.599979,50.166106],[7.600329,50.16611],[7.600323,50.166335],[7.600673,50.166339],[7.600666,50.166564],[7.601016,50.166568],[7.600996,50.167242],[7.601346,50.167246],[7.60134,50.167471],[7.60169,50.167475],[7.601676,50.167925],[7.602026,50.167929],[7.60202,50.168154],[7.60237,50.168158],[7.602357,50.168608],[7.602707,50.168612],[7.602694,50.169061],[7.603043,50.169066],[7.603037,50.16929],[7.603387,50.169295],[7.60338,50.169519],[7.60373,50.169524],[7.603717,50.169973],[7.604067,50.169977],[7.604061,50.170202],[7.603711,50.170198],[7.603704,50.170423],[7.603354,50.170418],[7.603315,50.171767],[7.603665,50.171771],[7.603652,50.172221],[7.604002,50.172225],[7.603995,50.17245],[7.604345,50.172454],[7.604339,50.172679],[7.604689,50.172683],[7.604675,50.173133],[7.605025,50.173137],[7.605019,50.173362],[7.605369,50.173366],[7.605356,50.173815],[7.605706,50.17382],[7.605686,50.174494],[7.606036,50.174498],[7.606023,50.174948],[7.606373,50.174952],[7.606367,50.175177],[7.606717,50.175181],[7.60671,50.175406],[7.60706,50.17541],[7.607053,50.175635],[7.607403,50.175639],[7.607397,50.175864],[7.607747,50.175868],[7.607734,50.176317],[7.608084,50.176322],[7.608051,50.177445],[7.607701,50.177441],[7.607688,50.177891],[7.607338,50.177887],[7.607325,50.178336],[7.606625,50.178328],[7.606612,50.178777],[7.606262,50.178773],[7.606255,50.178998],[7.605555,50.178989],[7.605549,50.179214],[7.605199,50.17921],[7.605186,50.17966],[7.604836,50.179655],[7.604822,50.180105],[7.604472,50.180101],[7.604466,50.180326],[7.604116,50.180321],[7.604109,50.180546],[7.603409,50.180538],[7.603403,50.180762],[7.603053,50.180758],[7.603046,50.180983],[7.602696,50.180979],[7.602683,50.181428],[7.602333,50.181424],[7.602326,50.181649],[7.601976,50.181645],[7.60197,50.18187],[7.60162,50.181865],[7.601613,50.18209],[7.601263,50.182086],[7.601256,50.182311],[7.600906,50.182306],[7.6009,50.182531],[7.60055,50.182527],[7.600543,50.182752],[7.600193,50.182748],[7.600187,50.182972],[7.599836,50.182968],[7.59981,50.183867],[7.59946,50.183863],[7.599447,50.184313],[7.599097,50.184308],[7.599084,50.184758],[7.598384,50.184749],[7.598377,50.184974],[7.598027,50.18497],[7.59802,50.185195],[7.59662,50.185178],[7.596613,50.185403],[7.593113,50.18536],[7.593086,50.186259],[7.592736,50.186255],[7.592723,50.186705],[7.592373,50.1867],[7.592353,50.187375],[7.592003,50.187371],[7.591977,50.18827],[7.591626,50.188265],[7.59162,50.18849],[7.59127,50.188486],[7.591263,50.188711],[7.590913,50.188706],[7.590906,50.188931],[7.590556,50.188927],[7.59055,50.189152],[7.5902,50.189147],[7.590193,50.189372],[7.589843,50.189368],[7.589836,50.189593],[7.589486,50.189589],[7.589479,50.189813],[7.589129,50.189809],[7.589136,50.189584],[7.588786,50.18958],[7.588779,50.189805],[7.588429,50.189801],[7.588423,50.190025],[7.587372,50.190013],[7.587359,50.190462],[7.587009,50.190458],[7.586996,50.190907],[7.586645,50.190903],[7.586639,50.191128],[7.586289,50.191124],[7.586275,50.191573],[7.585925,50.191569],[7.585912,50.192019],[7.585562,50.192014],[7.585542,50.192689],[7.585192,50.192684],[7.585179,50.193134],[7.584828,50.19313],[7.584808,50.193804],[7.584458,50.1938],[7.584445,50.194249],[7.584095,50.194245],[7.584075,50.194919],[7.583725,50.194915],[7.583712,50.195365],[7.583361,50.19536],[7.583348,50.19581],[7.582998,50.195806],[7.582991,50.19603],[7.582641,50.196026],[7.582634,50.196251],[7.582284,50.196247],[7.582271,50.196696],[7.581921,50.196692],[7.581914,50.196917],[7.581564,50.196912],[7.581557,50.197137],[7.581207,50.197133],[7.5812,50.197358],[7.58085,50.197353],[7.580844,50.197578],[7.580143,50.19757],[7.580137,50.197794],[7.577335,50.19776],[7.577329,50.197985],[7.574877,50.197955],[7.574871,50.19818],[7.574521,50.198175],[7.574501,50.19885],[7.57415,50.198845],[7.57413,50.19952],[7.57448,50.199524],[7.574474,50.199749],[7.574124,50.199744],[7.57411,50.200194],[7.57446,50.200198],[7.574434,50.201097],[7.574083,50.201093],[7.574077,50.201318],[7.573727,50.201313],[7.573706,50.201988],[7.573356,50.201983],[7.573343,50.202433],[7.572993,50.202429],[7.572986,50.202654],[7.572636,50.202649],[7.572629,50.202874],[7.572279,50.20287],[7.572272,50.203094],[7.571922,50.20309],[7.571915,50.203315],[7.571565,50.203311],[7.571545,50.203985],[7.571195,50.203981],[7.571201,50.203756],[7.56875,50.203726],[7.568743,50.20395],[7.566992,50.203929],[7.566999,50.203704],[7.565948,50.203691],[7.565955,50.203466],[7.561752,50.203414],[7.561746,50.203639],[7.560345,50.203622],[7.560338,50.203847],[7.560688,50.203851],[7.560655,50.204975],[7.560304,50.20497],[7.560291,50.20542],[7.559941,50.205416],[7.559934,50.20564],[7.559584,50.205636],[7.559577,50.205861],[7.559227,50.205857],[7.559213,50.206306],[7.558513,50.206297],[7.558519,50.206073],[7.558169,50.206068],[7.558135,50.207192],[7.558486,50.207196],[7.558479,50.207421],[7.558829,50.207426],[7.558788,50.208774],[7.558088,50.208766],[7.558081,50.20899],[7.557731,50.208986],[7.557711,50.20966],[7.55736,50.209656],[7.557354,50.209881],[7.557003,50.209876],[7.55699,50.210326],[7.556639,50.210322],[7.556633,50.210546],[7.555932,50.210538],[7.555885,50.212111],[7.555534,50.212107],[7.555528,50.212331],[7.555177,50.212327],[7.555171,50.212552],[7.55447,50.212543],[7.554456,50.212993],[7.552705,50.212971],[7.552712,50.212746],[7.552011,50.212737],[7.551991,50.213412],[7.551641,50.213407],[7.551627,50.213857],[7.551277,50.213852],[7.55127,50.214077],[7.55092,50.214073],[7.550913,50.214298],[7.549512,50.21428],[7.549525,50.213831],[7.548474,50.213817],[7.548468,50.214042],[7.547767,50.214034],[7.54776,50.214258],[7.546009,50.214236],[7.546002,50.214461],[7.545301,50.214452],[7.545295,50.214677],[7.544944,50.214673],[7.544931,50.215122],[7.54458,50.215118],[7.544574,50.215343],[7.545274,50.215351],[7.545267,50.215576],[7.544917,50.215572],[7.54491,50.215797],[7.54456,50.215792],[7.544539,50.216467],[7.543839,50.216458],[7.543832,50.216683],[7.543131,50.216674],[7.543124,50.216898],[7.542774,50.216894],[7.542767,50.217119],[7.542067,50.21711],[7.54206,50.217335],[7.541359,50.217326],[7.541352,50.217551],[7.540652,50.217542],[7.540645,50.217767],[7.539944,50.217758],[7.539937,50.217983],[7.539587,50.217978],[7.53958,50.218203],[7.53923,50.218199],[7.539223,50.218424],[7.538522,50.218415],[7.538516,50.218639],[7.537815,50.218631],[7.537808,50.218855],[7.537108,50.218847],[7.537101,50.219071],[7.53675,50.219067],[7.536743,50.219292],[7.536043,50.219283],[7.536036,50.219508],[7.535335,50.219499],[7.535328,50.219724],[7.534978,50.219719],[7.534971,50.219944],[7.534271,50.219935],[7.534264,50.22016],[7.533913,50.220155],[7.533906,50.22038],[7.533206,50.220371],[7.533199,50.220596],[7.532849,50.220592],[7.532842,50.220817],[7.532491,50.220812],[7.532484,50.221037],[7.531784,50.221028],[7.531777,50.221253],[7.531427,50.221248],[7.53142,50.221473],[7.531069,50.221469],[7.531062,50.221693],[7.530362,50.221685],[7.530355,50.221909],[7.530005,50.221905],[7.529998,50.22213],[7.529647,50.222125],[7.52964,50.22235],[7.52929,50.222346],[7.529283,50.22257],[7.528933,50.222566],[7.528926,50.222791],[7.528576,50.222786],[7.528569,50.223011],[7.528218,50.223007],[7.528197,50.223681],[7.528548,50.223685],[7.528541,50.22391],[7.52749,50.223897],[7.527476,50.224346],[7.526425,50.224333],[7.526432,50.224108],[7.526082,50.224104],[7.526075,50.224329],[7.525724,50.224324],[7.525717,50.224549],[7.525367,50.224544],[7.52536,50.224769],[7.52501,50.224765],[7.524996,50.225214],[7.524295,50.225205],[7.524288,50.22543],[7.523938,50.225426],[7.523924,50.225875],[7.523574,50.225871],[7.523567,50.226096],[7.522866,50.226087],[7.522852,50.226536],[7.522502,50.226532],[7.522495,50.226756],[7.522144,50.226752],[7.522137,50.226977],[7.521787,50.226972],[7.52178,50.227197],[7.52143,50.227193],[7.521423,50.227417],[7.521072,50.227413],[7.521058,50.227862],[7.520708,50.227858],[7.520701,50.228083],[7.520351,50.228078],[7.520344,50.228303],[7.519993,50.228299],[7.519986,50.228523],[7.519636,50.228519],[7.519622,50.228968],[7.519272,50.228964],[7.519265,50.229189],[7.518914,50.229184],[7.5189,50.229634],[7.51855,50.229629],[7.518543,50.229854],[7.517142,50.229836],[7.517135,50.230061],[7.516784,50.230057],[7.516763,50.230731],[7.516413,50.230726],[7.516399,50.231176],[7.516049,50.231171],[7.516035,50.231621],[7.515684,50.231617],[7.51567,50.232066],[7.51532,50.232062],[7.515285,50.233185],[7.515635,50.23319],[7.515621,50.233639],[7.517724,50.233666],[7.517731,50.233441],[7.518432,50.23345],[7.518418,50.2339],[7.518768,50.233904],[7.518761,50.234129],[7.519112,50.234134],[7.519105,50.234358],[7.519455,50.234363],[7.519434,50.235037],[7.519785,50.235042],[7.519778,50.235266],[7.519427,50.235262],[7.51942,50.235487],[7.51907,50.235482],[7.519063,50.235707],[7.518712,50.235703],[7.518678,50.236826],[7.518327,50.236822],[7.51832,50.237047],[7.51797,50.237042],[7.517956,50.237492],[7.517605,50.237487],[7.517598,50.237712],[7.517248,50.237708],[7.517213,50.238831],[7.516863,50.238827],[7.516835,50.239726],[7.516484,50.239722],[7.516456,50.240621],[7.517157,50.24063],[7.51715,50.240854],[7.517501,50.240859],[7.517494,50.241084],[7.518195,50.241092],[7.518188,50.241317],[7.518538,50.241322],[7.518531,50.241546],[7.518882,50.241551],[7.518875,50.241776],[7.519225,50.24178],[7.519218,50.242005],[7.519569,50.242009],[7.519562,50.242234],[7.519211,50.24223],[7.519204,50.242454],[7.518854,50.24245],[7.51884,50.2429],[7.51849,50.242895],[7.518476,50.243345],[7.518125,50.24334],[7.518062,50.245363],[7.517712,50.245359],[7.517698,50.245808],[7.516997,50.245799],[7.51699,50.246024],[7.517691,50.246033],[7.51767,50.246707],[7.518021,50.246712],[7.518007,50.247161],[7.518708,50.24717],[7.518687,50.247844],[7.519037,50.247849],[7.519023,50.248298],[7.519374,50.248303],[7.51936,50.248752],[7.519009,50.248748],[7.519002,50.248973],[7.519353,50.248977],[7.519346,50.249202],[7.519696,50.249206],[7.51969,50.249431],[7.52004,50.249436],[7.520019,50.25011],[7.52037,50.250114],[7.520342,50.251013],[7.520692,50.251018],[7.520678,50.251467],[7.521029,50.251472],[7.521022,50.251697],[7.521373,50.251701],[7.521359,50.252151],[7.521709,50.252155],[7.521695,50.252605],[7.522046,50.252609],[7.522032,50.253059],[7.522383,50.253063],[7.522376,50.253288],[7.522726,50.253292],[7.522712,50.253742],[7.523063,50.253746],[7.523049,50.254196],[7.5234,50.2542],[7.523386,50.25465],[7.523736,50.254654],[7.523729,50.254879],[7.52408,50.254884],[7.524073,50.255108],[7.524423,50.255113],[7.52441,50.255562],[7.524059,50.255558],[7.524038,50.256232],[7.523688,50.256228],[7.523667,50.256902],[7.524017,50.256906],[7.52401,50.257131],[7.52366,50.257127],[7.523646,50.257576],[7.523295,50.257572],[7.523281,50.258021],[7.522931,50.258017],[7.522924,50.258242],[7.523976,50.258255],[7.523969,50.25848],[7.524319,50.258484],[7.524312,50.258709],[7.524663,50.258714],[7.524656,50.258938],[7.525357,50.258947],[7.52535,50.259172],[7.525701,50.259176],[7.525694,50.259401],[7.526395,50.25941],[7.526388,50.259635],[7.526739,50.259639],[7.526725,50.260089],[7.527426,50.260098],[7.527412,50.260547],[7.527763,50.260552],[7.527749,50.261001],[7.5281,50.261006],[7.528093,50.26123],[7.528443,50.261235],[7.528437,50.26146],[7.528787,50.261464],[7.52878,50.261689],[7.529481,50.261698],[7.529475,50.261922],[7.529825,50.261927],[7.529818,50.262152],[7.53052,50.262161],[7.530513,50.262385],[7.531214,50.262394],[7.531207,50.262619],[7.531908,50.262628],[7.531901,50.262853],[7.532252,50.262857],[7.532245,50.263082],[7.532946,50.263091],[7.532939,50.263315],[7.53329,50.26332],[7.533283,50.263545],[7.533634,50.263549],[7.533627,50.263774],[7.533978,50.263778],[7.533971,50.264003],[7.534672,50.264012],[7.534665,50.264237],[7.535016,50.264241],[7.535009,50.264466],[7.535359,50.26447],[7.535353,50.264695],[7.536054,50.264704],[7.536047,50.264929],[7.536398,50.264933],[7.536391,50.265158],[7.537092,50.265167],[7.537085,50.265391],[7.53954,50.265422],[7.539533,50.265647],[7.539883,50.265651],[7.539877,50.265876],[7.540227,50.265881],[7.54022,50.266105],[7.540571,50.26611],[7.540564,50.266334],[7.540915,50.266339],[7.540901,50.266788],[7.541252,50.266793],[7.541231,50.267467],[7.541582,50.267472],[7.541561,50.268146],[7.542263,50.268155],[7.542256,50.268379],[7.542606,50.268384],[7.5426,50.268609],[7.54295,50.268613],[7.542943,50.268838],[7.543294,50.268842],[7.543287,50.269067],[7.545041,50.269089],[7.545034,50.269314],[7.545384,50.269318],[7.545378,50.269543],[7.546079,50.269552],[7.546072,50.269776],[7.546423,50.269781],[7.546416,50.270006],[7.546767,50.27001],[7.54676,50.270235],[7.547111,50.270239],[7.547104,50.270464],[7.547454,50.270468],[7.547441,50.270918],[7.547791,50.270922],[7.547785,50.271147],[7.548135,50.271151],[7.548128,50.271376],[7.548479,50.27138],[7.548431,50.272954],[7.548782,50.272958],[7.548775,50.273183],[7.549126,50.273187],[7.549119,50.273412],[7.54947,50.273416],[7.549463,50.273641],[7.549814,50.273646],[7.549807,50.27387],[7.550158,50.273875],[7.550144,50.274324],[7.550495,50.274329],[7.550481,50.274778],[7.550832,50.274783],[7.550825,50.275007],[7.551176,50.275012],[7.551162,50.275461],[7.551513,50.275466],[7.551506,50.27569],[7.551857,50.275695],[7.55185,50.27592],[7.5522,50.275924],[7.552194,50.276149],[7.552544,50.276153],[7.552538,50.276378],[7.553239,50.276387],[7.553225,50.276836],[7.553576,50.27684],[7.553563,50.27729],[7.553913,50.277294],[7.5539,50.277744],[7.55425,50.277748],[7.554237,50.278198],[7.554588,50.278202],[7.554574,50.278652],[7.554925,50.278656],[7.554918,50.278881],[7.555269,50.278885],[7.555262,50.27911],[7.555963,50.279119],[7.555957,50.279343],[7.558412,50.279374],[7.558405,50.279599],[7.559457,50.279612],[7.559451,50.279837],[7.559801,50.279841],[7.559795,50.280066],[7.560145,50.28007],[7.560139,50.280295],[7.560489,50.280299],[7.560483,50.280524],[7.560833,50.280528],[7.560827,50.280753],[7.561177,50.280757],[7.561171,50.280982],[7.561521,50.280986],[7.561515,50.281211],[7.561865,50.281216],[7.561852,50.281665],[7.562203,50.281669],[7.562148,50.283468],[7.561798,50.283463],[7.561791,50.283688],[7.56144,50.283684],[7.561433,50.283908],[7.561082,50.283904],[7.561076,50.284129],[7.561426,50.284133],[7.56142,50.284358],[7.56177,50.284362],[7.561764,50.284587],[7.562115,50.284591],[7.562108,50.284816],[7.562459,50.284821],[7.562452,50.285045],[7.562803,50.28505],[7.562796,50.285274],[7.563147,50.285279],[7.56314,50.285504],[7.563841,50.285512],[7.563835,50.285737],[7.564536,50.285746],[7.56453,50.28597],[7.56488,50.285975],[7.564874,50.286199],[7.56768,50.286234],[7.567687,50.286009],[7.568739,50.286022],[7.568733,50.286247],[7.569083,50.286251],[7.569077,50.286476],[7.569427,50.28648],[7.569421,50.286705],[7.570122,50.286714],[7.570095,50.287613],[7.570446,50.287617],[7.570419,50.288516],[7.57077,50.288521],[7.570763,50.288745],[7.571114,50.28875],[7.571107,50.288975],[7.571458,50.288979],[7.571445,50.289428],[7.571796,50.289433],[7.571789,50.289657],[7.57214,50.289662],[7.572133,50.289887],[7.572484,50.289891],[7.572477,50.290116],[7.572828,50.29012],[7.572821,50.290345],[7.573172,50.290349],[7.573165,50.290574],[7.573867,50.290582],[7.573847,50.291257],[7.574198,50.291261],[7.574191,50.291486],[7.574542,50.29149],[7.574535,50.291715],[7.574184,50.291711],[7.574178,50.291935],[7.573827,50.291931],[7.57382,50.292156],[7.573469,50.292151],[7.573456,50.292601],[7.573105,50.292597],[7.573098,50.292821],[7.572747,50.292817],[7.572741,50.293042],[7.57239,50.293038],[7.572363,50.293937],[7.572012,50.293932],[7.571998,50.294382],[7.5727,50.294391],[7.572694,50.294615],[7.573044,50.29462],[7.573031,50.295069],[7.573382,50.295073],[7.573375,50.295298],[7.573726,50.295303],[7.573706,50.295977],[7.574057,50.295981],[7.573996,50.298004],[7.574347,50.298008],[7.57434,50.298233],[7.574691,50.298237],[7.574685,50.298462],[7.575386,50.298471],[7.57538,50.298696],[7.575731,50.2987],[7.575704,50.299599],[7.575353,50.299595],[7.575346,50.299819],[7.574995,50.299815],[7.574988,50.30004],[7.572532,50.30001],[7.572525,50.300235],[7.571823,50.300226],[7.571817,50.300451],[7.571466,50.300446],[7.571459,50.300671],[7.571108,50.300667],[7.571101,50.300892],[7.570751,50.300887],[7.570744,50.301112],[7.570393,50.301108],[7.570386,50.301333],[7.570035,50.301328],[7.570028,50.301553],[7.569678,50.301549],[7.569671,50.301773],[7.567565,50.301748],[7.567558,50.301972],[7.567208,50.301968],[7.567201,50.302193],[7.56685,50.302188],[7.566843,50.302413],[7.564738,50.302387],[7.564731,50.302612],[7.56438,50.302608],[7.564353,50.303507],[7.564704,50.303511],[7.56469,50.303961],[7.565041,50.303965],[7.565007,50.305089],[7.565358,50.305093],[7.565338,50.305767],[7.565689,50.305772],[7.565662,50.306671],[7.565311,50.306666],[7.565304,50.306891],[7.564953,50.306887],[7.564946,50.307112],[7.565297,50.307116],[7.565284,50.307566],[7.565635,50.30757],[7.565601,50.308694],[7.56525,50.308689],[7.565243,50.308914],[7.564541,50.308906],[7.564548,50.308681],[7.564197,50.308676],[7.564204,50.308452],[7.563853,50.308447],[7.56386,50.308223],[7.563509,50.308218],[7.563515,50.307993],[7.562814,50.307985],[7.562807,50.30821],[7.562456,50.308205],[7.562449,50.30843],[7.562098,50.308426],[7.562091,50.30865],[7.56174,50.308646],[7.561733,50.308871],[7.561382,50.308866],[7.561376,50.309091],[7.561025,50.309087],[7.561018,50.309312],[7.560667,50.309307],[7.56066,50.309532],[7.560309,50.309528],[7.560302,50.309752],[7.559951,50.309748],[7.559945,50.309973],[7.559594,50.309969],[7.559587,50.310193],[7.559236,50.310189],[7.559229,50.310414],[7.558878,50.310409],[7.558871,50.310634],[7.55852,50.31063],[7.558513,50.310855],[7.558162,50.31085],[7.558156,50.311075],[7.557454,50.311066],[7.557447,50.311291],[7.557096,50.311287],[7.557089,50.311511],[7.556738,50.311507],[7.556731,50.311732],[7.55638,50.311728],[7.556373,50.311952],[7.555671,50.311944],[7.555665,50.312168],[7.554963,50.31216],[7.554956,50.312384],[7.554605,50.31238],[7.554598,50.312605],[7.554247,50.3126],[7.55424,50.312825],[7.553889,50.312821],[7.553896,50.312596],[7.553545,50.312592],[7.553552,50.312367],[7.55285,50.312358],[7.552843,50.312583],[7.550035,50.312548],[7.550028,50.312773],[7.549326,50.312764],[7.549319,50.312989],[7.548266,50.312976],[7.548259,50.3132],[7.547908,50.313196],[7.547902,50.313421],[7.547551,50.313416],[7.547544,50.313641],[7.547193,50.313637],[7.547186,50.313861],[7.547537,50.313866],[7.54753,50.314091],[7.548583,50.314104],[7.548576,50.314329],[7.548927,50.314333],[7.54892,50.314558],[7.549271,50.314562],[7.549265,50.314787],[7.549616,50.314791],[7.549609,50.315016],[7.54996,50.31502],[7.549939,50.315695],[7.55029,50.315699],[7.550249,50.317048],[7.550951,50.317056],[7.550945,50.317281],[7.551296,50.317286],[7.551289,50.31751],[7.55164,50.317515],[7.551633,50.317739],[7.551984,50.317744],[7.551977,50.317969],[7.552328,50.317973],[7.552321,50.318198],[7.553726,50.318215],[7.553719,50.31844],[7.555825,50.318466],[7.555818,50.318691],[7.55652,50.3187],[7.556513,50.318924],[7.556865,50.318929],[7.556858,50.319154],[7.55756,50.319162],[7.557553,50.319387],[7.557904,50.319391],[7.557897,50.319616],[7.558248,50.319621],[7.558242,50.319845],[7.558593,50.31985],[7.558565,50.320749],[7.558916,50.320753],[7.558889,50.321652],[7.55924,50.321656],[7.55922,50.322331],[7.559571,50.322335],[7.559564,50.32256],[7.559915,50.322564],[7.559909,50.322789],[7.56026,50.322793],[7.560212,50.324367],[7.559861,50.324362],[7.559841,50.325037],[7.560543,50.325045],[7.560536,50.32527],[7.560887,50.325275],[7.56086,50.326174],[7.560509,50.326169],[7.560502,50.326394],[7.560853,50.326398],[7.560846,50.326623],[7.561197,50.326627],[7.561184,50.327077],[7.561535,50.327081],[7.561508,50.32798],[7.561859,50.327985],[7.561845,50.328434],[7.562197,50.328439],[7.562183,50.328888],[7.562534,50.328893],[7.562514,50.329567],[7.562865,50.329571],[7.562824,50.33092],[7.563175,50.330924],[7.563169,50.331149],[7.563871,50.331158],[7.563823,50.332731],[7.564175,50.332735],[7.564161,50.333185],[7.56381,50.33318],[7.563803,50.333405],[7.563452,50.333401],[7.563445,50.333626],[7.563094,50.333621],[7.56308,50.334071],[7.562729,50.334067],[7.562722,50.334291],[7.562371,50.334287],[7.562344,50.335186],[7.562695,50.33519],[7.562668,50.336089],[7.562317,50.336085],[7.56229,50.336984],[7.561939,50.33698],[7.561932,50.337205],[7.561581,50.3372],[7.56156,50.337875],[7.561209,50.33787],[7.561202,50.338095],[7.562607,50.338112],[7.562594,50.338562],[7.562945,50.338566],[7.562938,50.338791],[7.563289,50.338795],[7.563282,50.33902],[7.564687,50.339037],[7.56466,50.339937],[7.564309,50.339932],[7.564302,50.340157],[7.563951,50.340153],[7.563937,50.340602],[7.56464,50.340611],[7.564599,50.341959],[7.56495,50.341964],[7.564944,50.342189],[7.566349,50.342206],[7.566342,50.342431],[7.566693,50.342435],[7.566679,50.342884],[7.567031,50.342889],[7.567024,50.343114],[7.567726,50.343122],[7.56772,50.343347],[7.568422,50.343356],[7.568402,50.34403],[7.568753,50.344034],[7.568746,50.344259],[7.569098,50.344263],[7.569077,50.344938],[7.568726,50.344933],[7.568719,50.345158],[7.570476,50.34518],[7.570482,50.344955],[7.571185,50.344964],[7.571171,50.345413],[7.571523,50.345417],[7.571516,50.345642],[7.571867,50.345647],[7.571874,50.345422],[7.573279,50.345439],[7.573285,50.345214],[7.573637,50.345219],[7.573643,50.344994],[7.573995,50.344998],[7.574001,50.344773],[7.574704,50.344782],[7.574697,50.345007],[7.575048,50.345011],[7.575055,50.344786],[7.577514,50.344816],[7.577507,50.345041],[7.577858,50.345045],[7.577852,50.34527],[7.578554,50.345279],[7.578534,50.345953],[7.578885,50.345957],[7.578879,50.346182],[7.57923,50.346186],[7.579223,50.346411],[7.579926,50.34642],[7.579919,50.346645],[7.58027,50.346649],[7.580264,50.346874],[7.580615,50.346878],[7.580601,50.347327],[7.580953,50.347332],[7.580946,50.347556],[7.581297,50.347561],[7.581291,50.347786],[7.581993,50.347794],[7.581986,50.348019],[7.58304,50.348032],[7.583034,50.348256],[7.583385,50.348261],[7.583378,50.348486],[7.583729,50.34849],[7.583716,50.348939],[7.584419,50.348948],[7.584412,50.349173],[7.584763,50.349177],[7.584756,50.349402],[7.585108,50.349406],[7.585094,50.349856],[7.585446,50.34986],[7.585426,50.350534],[7.58648,50.350547],[7.586473,50.350772],[7.587175,50.35078],[7.587155,50.351455],[7.587507,50.351459],[7.5875,50.351684],[7.588554,50.351696],[7.588541,50.352146],[7.588892,50.35215],[7.588872,50.352825],[7.589575,50.352833],[7.589568,50.353058],[7.589919,50.353062],[7.589913,50.353287],[7.590264,50.353291],[7.590257,50.353516],[7.590608,50.35352],[7.590615,50.353295],[7.590966,50.3533],[7.590973,50.353075],[7.591676,50.353083],[7.591669,50.353308],[7.59202,50.353312],[7.592014,50.353537],[7.592716,50.353546],[7.59271,50.35377],[7.593412,50.353779],[7.593372,50.355128],[7.593724,50.355132],[7.593711,50.355581],[7.594062,50.355586],[7.594055,50.35581],[7.593704,50.355806],[7.593671,50.35693],[7.595779,50.356955],[7.595772,50.35718],[7.596123,50.357184],[7.59613,50.35696],[7.596481,50.356964],[7.596475,50.357189],[7.59788,50.357206],[7.597867,50.357655],[7.597516,50.357651],[7.597482,50.358775],[7.597834,50.358779],[7.597821,50.359229],[7.598172,50.359233],[7.598165,50.359458],[7.598868,50.359466],[7.598875,50.359241],[7.599226,50.359245],[7.599219,50.35947],[7.599571,50.359474],[7.599544,50.360374],[7.599896,50.360378],[7.599889,50.360603],[7.599538,50.360598],[7.599524,50.361048],[7.599876,50.361052],[7.599869,50.361277],[7.600221,50.361281],[7.600214,50.361506],[7.600565,50.36151],[7.600552,50.36196],[7.602309,50.361981],[7.602302,50.362206],[7.602654,50.36221],[7.60266,50.361985],[7.603714,50.361998],[7.603708,50.362222],[7.604059,50.362227],[7.604026,50.363351],[7.604378,50.363355],[7.604371,50.36358],[7.605074,50.363588],[7.605067,50.363813],[7.605419,50.363817],[7.605412,50.364042],[7.605763,50.364046],[7.60575,50.364495],[7.606102,50.3645],[7.606095,50.364724],[7.606798,50.364733],[7.606791,50.364958],[7.607143,50.364962],[7.60713,50.365411],[7.607481,50.365416],[7.607461,50.36609],[7.607813,50.366094],[7.607806,50.366319],[7.6064,50.366302],[7.606394,50.366527],[7.606042,50.366523],[7.606036,50.366747],[7.605684,50.366743],[7.605671,50.367193],[7.604968,50.367184],[7.604962,50.367409],[7.603908,50.367396],[7.603914,50.367172],[7.603563,50.367167],[7.603576,50.366718],[7.60217,50.366701],[7.602177,50.366476],[7.601474,50.366468],[7.601487,50.366018],[7.601839,50.366022],[7.601852,50.365573],[7.600798,50.36556],[7.600804,50.365335],[7.600453,50.365331],[7.600413,50.36668],[7.600062,50.366676],[7.600055,50.3669],[7.599704,50.366896],[7.599677,50.367795],[7.599326,50.367791],[7.599319,50.368016],[7.598968,50.368012],[7.598961,50.368236],[7.597907,50.368224],[7.597887,50.368898],[7.597536,50.368894],[7.597516,50.369568],[7.596813,50.369559],[7.596806,50.369784],[7.596455,50.36978],[7.596442,50.37023],[7.59609,50.370225],[7.596084,50.37045],[7.595732,50.370446],[7.595725,50.370671],[7.595023,50.370662],[7.595029,50.370437],[7.593975,50.370425],[7.593988,50.369975],[7.593637,50.369971],[7.593657,50.369297],[7.594008,50.369301],[7.594021,50.368851],[7.59367,50.368847],[7.593677,50.368622],[7.592622,50.368609],[7.592636,50.36816],[7.592284,50.368156],[7.592298,50.367706],[7.591243,50.367693],[7.59123,50.368143],[7.590176,50.36813],[7.590169,50.368355],[7.589818,50.368351],[7.589791,50.36925],[7.590142,50.369254],[7.590122,50.369928],[7.589068,50.369915],[7.589061,50.37014],[7.589413,50.370145],[7.5894,50.370594],[7.589751,50.370598],[7.589731,50.371273],[7.591137,50.37129],[7.591123,50.371739],[7.590772,50.371735],[7.590752,50.372409],[7.590049,50.372401],[7.590042,50.372625],[7.588988,50.372613],[7.588995,50.372388],[7.588643,50.372384],[7.588637,50.372608],[7.587582,50.372596],[7.587576,50.37282],[7.58617,50.372803],[7.586176,50.372579],[7.585825,50.372574],[7.585778,50.374148],[7.585427,50.374143],[7.58544,50.373694],[7.58298,50.373664],[7.582987,50.373439],[7.580878,50.373413],[7.580885,50.373189],[7.580533,50.373184],[7.580526,50.373409],[7.580175,50.373405],[7.580195,50.372731],[7.579844,50.372726],[7.57987,50.371827],[7.579168,50.371819],[7.579161,50.372043],[7.578458,50.372035],[7.578451,50.37226],[7.576694,50.372238],[7.576741,50.370665],[7.57639,50.37066],[7.576396,50.370436],[7.573936,50.370405],[7.57393,50.37063],[7.573227,50.370622],[7.573233,50.370397],[7.572882,50.370393],[7.572889,50.370168],[7.57078,50.370142],[7.570787,50.369917],[7.568678,50.369891],[7.568685,50.369666],[7.567982,50.369658],[7.567989,50.369433],[7.567638,50.369429],[7.567644,50.369204],[7.567293,50.3692],[7.5673,50.368975],[7.566948,50.36897],[7.566942,50.369195],[7.566239,50.369187],[7.566232,50.369411],[7.56588,50.369407],[7.565867,50.369857],[7.565515,50.369852],[7.565522,50.369627],[7.564468,50.369614],[7.564461,50.369839],[7.56411,50.369835],[7.564103,50.37006],[7.563049,50.370047],[7.563042,50.370271],[7.562339,50.370263],[7.562346,50.370038],[7.561643,50.370029],[7.56165,50.369804],[7.561298,50.3698],[7.561305,50.369575],[7.560954,50.369571],[7.56094,50.370021],[7.559534,50.370003],[7.559541,50.369778],[7.55919,50.369774],[7.559197,50.369549],[7.558142,50.369536],[7.558115,50.370435],[7.557764,50.370431],[7.557757,50.370656],[7.557054,50.370647],[7.557061,50.370422],[7.556358,50.370413],[7.556378,50.369739],[7.556027,50.369735],[7.556041,50.369285],[7.555338,50.369276],[7.555345,50.369052],[7.553939,50.369034],[7.553932,50.369259],[7.552878,50.369246],[7.552891,50.368796],[7.55254,50.368792],[7.552547,50.368567],[7.551844,50.368558],[7.551871,50.367659],[7.55152,50.367655],[7.551527,50.36743],[7.551175,50.367426],[7.551182,50.367201],[7.550831,50.367197],[7.550838,50.366972],[7.549432,50.366954],[7.549425,50.367179],[7.548722,50.36717],[7.548729,50.366946],[7.548378,50.366941],[7.548385,50.366717],[7.547682,50.366708],[7.547689,50.366483],[7.546986,50.366474],[7.546993,50.366249],[7.546641,50.366245],[7.546648,50.36602],[7.546297,50.366016],[7.546304,50.365791],[7.545601,50.365782],[7.545608,50.365558],[7.545256,50.365553],[7.545263,50.365328],[7.544912,50.365324],[7.544919,50.365099],[7.544567,50.365095],[7.544574,50.36487],[7.543169,50.364853],[7.543176,50.364628],[7.542824,50.364623],[7.542831,50.364399],[7.542128,50.36439],[7.542135,50.364165],[7.541432,50.364156],[7.541439,50.363931],[7.540385,50.363918],[7.540392,50.363693],[7.540041,50.363689],[7.540048,50.363464],[7.539696,50.36346],[7.539703,50.363235],[7.539,50.363226],[7.539007,50.363002],[7.538305,50.362993],[7.538311,50.362768],[7.537609,50.362759],[7.537616,50.362534],[7.537264,50.36253],[7.537271,50.362305],[7.53692,50.362301],[7.536927,50.362076],[7.536575,50.362072],[7.536582,50.361847],[7.536231,50.361842],[7.536238,50.361618],[7.535886,50.361613],[7.535893,50.361388],[7.535191,50.36138],[7.535198,50.361155],[7.534846,50.36115],[7.534839,50.361375],[7.534488,50.361371],[7.534495,50.361146],[7.534143,50.361141],[7.534157,50.360692],[7.533806,50.360688],[7.533813,50.360463],[7.533462,50.360458],[7.533468,50.360234],[7.533117,50.360229],[7.533124,50.360004],[7.532773,50.36],[7.532766,50.360225],[7.532414,50.36022],[7.532421,50.359996],[7.531719,50.359987],[7.531726,50.359762],[7.531374,50.359757],[7.531381,50.359533],[7.529976,50.359515],[7.529983,50.35929],[7.529631,50.359286],[7.529638,50.359061],[7.529287,50.359057],[7.529308,50.358382],[7.528956,50.358378],[7.52897,50.357928],[7.528268,50.357919],[7.528275,50.357695],[7.527572,50.357686],[7.527565,50.35791],[7.527214,50.357906],[7.527207,50.358131],[7.526855,50.358126],[7.526862,50.357902],[7.526511,50.357897],[7.526518,50.357672],[7.526167,50.357668],[7.526181,50.357218],[7.525478,50.357209],[7.525485,50.356985],[7.52408,50.356967],[7.524073,50.357192],[7.52337,50.357183],[7.523384,50.356733],[7.52233,50.35672],[7.522316,50.357169],[7.521613,50.35716],[7.52162,50.356936],[7.520918,50.356927],[7.520925,50.356702],[7.520222,50.356693],[7.520215,50.356918],[7.519864,50.356913],[7.519871,50.356689],[7.519519,50.356684],[7.519526,50.356459],[7.519175,50.356455],[7.519182,50.35623],[7.518831,50.356226],[7.518845,50.355776],[7.518142,50.355767],[7.518135,50.355992],[7.514973,50.355952],[7.51498,50.355727],[7.514629,50.355722],[7.514636,50.355498],[7.513933,50.355489],[7.51394,50.355264],[7.513238,50.355255],[7.513245,50.35503],[7.512893,50.355026],[7.512907,50.354576],[7.512556,50.354572],[7.512563,50.354347],[7.512212,50.354342],[7.512198,50.354792],[7.511846,50.354787],[7.511853,50.354563],[7.511151,50.354554],[7.511158,50.354329],[7.510807,50.354324],[7.510821,50.353875],[7.510469,50.35387],[7.510476,50.353645],[7.510828,50.35365],[7.510835,50.353425],[7.510132,50.353416],[7.510139,50.353191],[7.509788,50.353187],[7.509795,50.352962],[7.508741,50.352949],[7.508748,50.352724],[7.508397,50.352719],[7.508404,50.352495],[7.508052,50.35249],[7.508067,50.352041],[7.507013,50.352027],[7.507027,50.351578],[7.507378,50.351582],[7.507385,50.351357],[7.507034,50.351353],[7.507055,50.350679],[7.506352,50.35067],[7.506374,50.349995],[7.506022,50.349991],[7.506036,50.349541],[7.505685,50.349537],[7.505692,50.349312],[7.504287,50.349294],[7.504294,50.349069],[7.503592,50.34906],[7.503599,50.348835],[7.503247,50.348831],[7.503262,50.348381],[7.503613,50.348386],[7.50362,50.348161],[7.503269,50.348156],[7.503276,50.347932],[7.502924,50.347927],[7.502932,50.347702],[7.50258,50.347698],[7.502573,50.347923],[7.501519,50.347909],[7.501526,50.347684],[7.501175,50.34768],[7.501182,50.347455],[7.500831,50.347451],[7.500838,50.347226],[7.500487,50.347221],[7.500501,50.346772],[7.499096,50.346754],[7.499089,50.346978],[7.497684,50.34696],[7.497691,50.346735],[7.495232,50.346704],[7.495346,50.343107],[7.494995,50.343103],[7.495016,50.342429],[7.494665,50.342424],[7.494672,50.342199],[7.494321,50.342195],[7.494328,50.34197],[7.493977,50.341965],[7.493984,50.341741],[7.489769,50.341686],[7.489776,50.341461],[7.489425,50.341457],[7.489432,50.341232],[7.485569,50.341182],[7.485562,50.341406],[7.485211,50.341402],[7.485218,50.341177],[7.483813,50.341159],[7.48382,50.340934],[7.482415,50.340916],[7.482408,50.341141],[7.478896,50.341095],[7.478889,50.341319],[7.478538,50.341315],[7.478531,50.34154],[7.478179,50.341535],[7.478172,50.34176],[7.477821,50.341755],[7.477814,50.34198],[7.477463,50.341975],[7.477455,50.3422],[7.477104,50.342195],[7.477097,50.34242],[7.476043,50.342406],[7.476036,50.342631],[7.473929,50.342603],[7.473936,50.342379],[7.471478,50.342346],[7.471463,50.342796],[7.471112,50.342791],[7.471105,50.343016],[7.469349,50.342993],[7.469341,50.343218],[7.468639,50.343208],[7.468632,50.343433],[7.466876,50.34341],[7.466868,50.343635],[7.466517,50.34363],[7.466496,50.344305],[7.465793,50.344295],[7.465786,50.34452],[7.464381,50.344501],[7.464388,50.344277],[7.464037,50.344272],[7.464044,50.344047],[7.463693,50.344043],[7.463715,50.343368],[7.463364,50.343364],[7.463371,50.343139],[7.460561,50.343102],[7.460568,50.342877],[7.459866,50.342868],[7.459873,50.342643],[7.459522,50.342638],[7.459529,50.342414],[7.458827,50.342404],[7.458834,50.34218],[7.458132,50.34217],[7.458139,50.341945],[7.457437,50.341936],[7.457444,50.341711],[7.45639,50.341697],[7.456397,50.341473],[7.455344,50.341459],[7.455351,50.341234],[7.453946,50.341215],[7.453954,50.34099],[7.449388,50.34093],[7.449395,50.340705],[7.448693,50.340696],[7.4487,50.340471],[7.446593,50.340443],[7.446586,50.340667],[7.445883,50.340658],[7.445876,50.340883],[7.445525,50.340878],[7.445532,50.340653],[7.445181,50.340649],[7.445174,50.340873],[7.442715,50.34084],[7.442708,50.341065],[7.441654,50.341051],[7.441662,50.340826],[7.439555,50.340798],[7.439547,50.341023],[7.438494,50.341009],[7.438501,50.340784],[7.437799,50.340775],[7.437791,50.340999],[7.434982,50.340961],[7.434989,50.340737],[7.433935,50.340723],[7.433928,50.340947],[7.43147,50.340914],[7.431462,50.341139],[7.431111,50.341134],[7.431104,50.341359],[7.426889,50.341302],[7.426897,50.341077],[7.425492,50.341058],[7.425499,50.340833],[7.424797,50.340824],[7.424842,50.339475],[7.424139,50.339466],[7.424147,50.339241],[7.423444,50.339232],[7.423467,50.338557],[7.423116,50.338553],[7.42313,50.338103],[7.422779,50.338098],[7.422787,50.337874],[7.422084,50.337864],[7.422092,50.337639],[7.421389,50.33763],[7.421397,50.337405],[7.421046,50.3374],[7.421053,50.337176],[7.420351,50.337166],[7.420358,50.336941],[7.418251,50.336913],[7.418266,50.336463],[7.417915,50.336458],[7.417923,50.336234],[7.41722,50.336224],[7.417228,50.335999],[7.416174,50.335985],[7.416189,50.335535],[7.415838,50.335531],[7.415846,50.335306],[7.414792,50.335291],[7.414807,50.334842],[7.414456,50.334837],[7.414478,50.334163],[7.414127,50.334158],[7.414142,50.333709],[7.413791,50.333704],[7.413799,50.333479],[7.413096,50.33347],[7.413104,50.333245],[7.412753,50.33324],[7.41276,50.333015],[7.412409,50.33301],[7.412424,50.332561],[7.412073,50.332556],[7.412088,50.332107],[7.411737,50.332102],[7.411744,50.331877],[7.411393,50.331872],[7.411401,50.331648],[7.411049,50.331643],[7.411064,50.331193],[7.410713,50.331188],[7.410728,50.330739],[7.410377,50.330734],[7.410385,50.330509],[7.410034,50.330505],[7.410041,50.33028],[7.40969,50.330275],[7.409705,50.329825],[7.409354,50.329821],[7.409361,50.329596],[7.40901,50.329591],[7.409018,50.329366],[7.409369,50.329371],[7.409376,50.329146],[7.409727,50.329151],[7.40975,50.328477],[7.409399,50.328472],[7.409414,50.328023],[7.409063,50.328018],[7.409085,50.327344],[7.408734,50.327339],[7.408742,50.327114],[7.408391,50.327109],[7.408398,50.326884],[7.408047,50.32688],[7.408055,50.326655],[7.407001,50.326641],[7.407009,50.326416],[7.404902,50.326387],[7.40491,50.326162],[7.403154,50.326138],[7.403162,50.325913],[7.402109,50.325899],[7.402116,50.325674],[7.401414,50.325664],[7.401422,50.32544],[7.40072,50.32543],[7.400712,50.325655],[7.40001,50.325645],[7.400017,50.32542],[7.399315,50.325411],[7.399323,50.325186],[7.398972,50.325181],[7.398964,50.325406],[7.393698,50.325333],[7.393706,50.325108],[7.392301,50.325089],[7.392294,50.325314],[7.391592,50.325304],[7.391599,50.325079],[7.390546,50.325065],[7.390554,50.32484],[7.389851,50.32483],[7.389859,50.324606],[7.389508,50.324601],[7.389516,50.324376],[7.388813,50.324366],[7.388821,50.324141],[7.38847,50.324137],[7.388478,50.323912],[7.388127,50.323907],[7.388134,50.323682],[7.387783,50.323677],[7.387798,50.323228],[7.387447,50.323223],[7.387462,50.322773],[7.387111,50.322769],[7.387134,50.322094],[7.386783,50.322089],[7.386791,50.321865],[7.38644,50.32186],[7.386432,50.322085],[7.386081,50.32208],[7.386096,50.32163],[7.385745,50.321625],[7.385753,50.321401],[7.386104,50.321405],[7.386119,50.320956],[7.38647,50.320961],[7.386531,50.319163],[7.386882,50.319168],[7.386905,50.318493],[7.387256,50.318498],[7.387279,50.317824],[7.386928,50.317819],[7.386935,50.317594],[7.386584,50.31759],[7.386615,50.316691],[7.386264,50.316686],[7.386279,50.316236],[7.385928,50.316231],[7.385936,50.316007],[7.385585,50.316002],[7.385592,50.315777],[7.385241,50.315772],[7.385249,50.315547],[7.384898,50.315542],[7.384905,50.315318],[7.384554,50.315313],[7.384562,50.315088],[7.384211,50.315083],[7.384219,50.314858],[7.383868,50.314854],[7.383875,50.314629],[7.383524,50.314624],[7.383532,50.314399],[7.383181,50.314394],[7.383189,50.31417],[7.382838,50.314165],[7.382845,50.31394],[7.382494,50.313935],[7.382509,50.313486],[7.382158,50.313481],[7.382189,50.312582],[7.381838,50.312577],[7.381846,50.312352],[7.381495,50.312347],[7.38154,50.310999],[7.381189,50.310994],[7.381205,50.310544],[7.380854,50.310539],[7.380907,50.308966],[7.380556,50.308961],[7.380564,50.308737],[7.379862,50.308727],[7.37987,50.308502],[7.379168,50.308492],[7.379175,50.308267],[7.378474,50.308258],[7.378481,50.308033],[7.377428,50.308018],[7.377436,50.307793],[7.377085,50.307789],[7.3771,50.307339],[7.376749,50.307334],[7.376757,50.307109],[7.376406,50.307105],[7.376414,50.30688],[7.376063,50.306875],[7.37607,50.30665],[7.37572,50.306645],[7.375727,50.30642],[7.375376,50.306416],[7.375384,50.306191],[7.375033,50.306186],[7.375041,50.305961],[7.374339,50.305951],[7.374354,50.305502],[7.373652,50.305492],[7.37366,50.305267],[7.372958,50.305257],[7.372966,50.305033],[7.372264,50.305023],[7.372272,50.304798],[7.371921,50.304793],[7.371928,50.304568],[7.370876,50.304554],[7.370883,50.304329],[7.370532,50.304324],[7.370525,50.304549],[7.366665,50.304495],[7.366657,50.304719],[7.364201,50.304685],[7.364193,50.30491],[7.363491,50.3049],[7.363499,50.304675],[7.362095,50.304655],[7.362103,50.30443],[7.361752,50.304425],[7.36176,50.304201],[7.360005,50.304176],[7.360013,50.303951],[7.357907,50.303922],[7.357915,50.303697],[7.357564,50.303692],[7.357572,50.303467],[7.354414,50.303422],[7.354421,50.303198],[7.35372,50.303188],[7.353727,50.302963],[7.353026,50.302953],[7.353018,50.303178],[7.352316,50.303168],[7.352332,50.302718],[7.351279,50.302703],[7.351287,50.302479],[7.350234,50.302464],[7.350226,50.302688],[7.350577,50.302693],[7.350554,50.303368],[7.350203,50.303363],[7.350195,50.303587],[7.349844,50.303582],[7.349836,50.303807],[7.349486,50.303802],[7.349478,50.304027],[7.349127,50.304022],[7.349119,50.304247],[7.348768,50.304242],[7.348753,50.304691],[7.348402,50.304686],[7.348394,50.304911],[7.348043,50.304906],[7.348035,50.305131],[7.347684,50.305126],[7.347676,50.305351],[7.347326,50.305346],[7.347318,50.30557],[7.346967,50.305565],[7.346959,50.30579],[7.346608,50.305785],[7.3466,50.30601],[7.346249,50.306005],[7.346242,50.30623],[7.34554,50.30622],[7.345532,50.306444],[7.34483,50.306434],[7.344838,50.30621],[7.342381,50.306175],[7.342374,50.306399],[7.342023,50.306394],[7.342015,50.306619],[7.341664,50.306614],[7.341656,50.306839],[7.341305,50.306834],[7.341297,50.307059],[7.340245,50.307043],[7.340237,50.307268],[7.339886,50.307263],[7.339878,50.307488],[7.339176,50.307478],[7.339161,50.307927],[7.33881,50.307922],[7.338802,50.308147],[7.338451,50.308142],[7.338443,50.308367],[7.338092,50.308362],[7.338061,50.309261],[7.33771,50.309256],[7.337694,50.309705],[7.337343,50.3097],[7.337327,50.31015],[7.336977,50.310145],[7.336961,50.310594],[7.33661,50.310589],[7.336594,50.311039],[7.336243,50.311034],[7.336235,50.311258],[7.335884,50.311253],[7.335837,50.312602],[7.335486,50.312597],[7.335479,50.312822],[7.335128,50.312817],[7.33512,50.313041],[7.334769,50.313036],[7.334706,50.314834],[7.334355,50.314829],[7.334339,50.315279],[7.330478,50.315223],[7.33047,50.315448],[7.327312,50.315403],[7.327304,50.315627],[7.325198,50.315597],[7.32519,50.315822],[7.323084,50.315791],[7.323076,50.316016],[7.321672,50.315996],[7.321664,50.316221],[7.319909,50.316195],[7.319901,50.31642],[7.318497,50.3164],[7.318489,50.316625],[7.316734,50.316599],[7.316726,50.316824],[7.314269,50.316788],[7.314262,50.317013],[7.313911,50.317008],[7.313863,50.318356],[7.313512,50.318351],[7.313504,50.318576],[7.308941,50.31851],[7.308949,50.318285],[7.308598,50.31828],[7.308606,50.318055],[7.308957,50.31806],[7.308981,50.317386],[7.30863,50.317381],[7.308638,50.317156],[7.308287,50.317151],[7.308295,50.316926],[7.307944,50.316921],[7.307952,50.316696],[7.30725,50.316686],[7.307258,50.316461],[7.306205,50.316446],[7.306213,50.316221],[7.303756,50.316186],[7.303764,50.315961],[7.303413,50.315956],[7.303405,50.31618],[7.303054,50.316175],[7.303046,50.3164],[7.302344,50.31639],[7.302336,50.316615],[7.301985,50.316609],[7.302009,50.315935],[7.301658,50.31593],[7.301682,50.315256],[7.300629,50.31524],[7.300637,50.315016],[7.299935,50.315005],[7.299943,50.314781],[7.299241,50.31477],[7.299249,50.314546],[7.298547,50.314535],[7.298539,50.31476],[7.295029,50.314709],[7.295037,50.314484],[7.294686,50.314479],[7.294694,50.314254],[7.292939,50.314228],[7.292964,50.313554],[7.293315,50.313559],[7.293371,50.311986],[7.29302,50.311981],[7.293028,50.311756],[7.292677,50.311751],[7.292693,50.311302],[7.29164,50.311286],[7.291648,50.311061],[7.291297,50.311056],[7.291305,50.310832],[7.290954,50.310826],[7.290963,50.310602],[7.290612,50.310596],[7.29062,50.310372],[7.290269,50.310367],[7.290277,50.310142],[7.289926,50.310137],[7.289934,50.309912],[7.289232,50.309902],[7.28924,50.309677],[7.288889,50.309672],[7.288897,50.309447],[7.288546,50.309442],[7.288554,50.309217],[7.287852,50.309207],[7.287861,50.308982],[7.285053,50.308941],[7.285061,50.308716],[7.28471,50.308711],[7.284718,50.308486],[7.284367,50.308481],[7.284375,50.308256],[7.282621,50.30823],[7.282613,50.308455],[7.281209,50.308434],[7.281217,50.308209],[7.281568,50.308215],[7.281576,50.30799],[7.281927,50.307995],[7.281935,50.30777],[7.282286,50.307775],[7.282302,50.307326],[7.282653,50.307331],[7.282669,50.306882],[7.28302,50.306887],[7.283028,50.306662],[7.283379,50.306667],[7.283428,50.305319],[7.283077,50.305314],[7.283109,50.304415],[7.282758,50.30441],[7.282767,50.304185],[7.282416,50.30418],[7.282424,50.303955],[7.282073,50.30395],[7.282081,50.303725],[7.28173,50.30372],[7.281738,50.303495],[7.281387,50.30349],[7.281395,50.303265],[7.281044,50.30326],[7.281053,50.303035],[7.280702,50.30303],[7.280775,50.301007],[7.280424,50.301002],[7.280432,50.300777],[7.27973,50.300767],[7.279738,50.300542],[7.278686,50.300527],[7.278694,50.300302],[7.277992,50.300292],[7.278,50.300067],[7.277298,50.300056],[7.277306,50.299832],[7.276254,50.299816],[7.276262,50.299591],[7.27556,50.299581],[7.275568,50.299356],[7.274867,50.299346],[7.274875,50.299121],[7.273822,50.299105],[7.27383,50.298881],[7.273129,50.29887],[7.273137,50.298646],[7.272084,50.29863],[7.272092,50.298405],[7.271391,50.298395],[7.271399,50.29817],[7.270346,50.298154],[7.270354,50.29793],[7.269653,50.297919],[7.269661,50.297694],[7.268959,50.297684],[7.268967,50.297459],[7.268266,50.297449],[7.268274,50.297224],[7.267221,50.297208],[7.267229,50.296984],[7.266177,50.296968],[7.266185,50.296743],[7.265483,50.296733],[7.265492,50.296508],[7.264439,50.296492],[7.264447,50.296267],[7.263746,50.296257],[7.263754,50.296032],[7.26235,50.296011],[7.262359,50.295787],[7.262008,50.295781],[7.262,50.296006],[7.258842,50.295959],[7.25885,50.295734],[7.257096,50.295708],[7.257104,50.295483],[7.256403,50.295473],[7.256411,50.295248],[7.25606,50.295243],[7.256068,50.295018],[7.255367,50.295007],[7.255375,50.294783],[7.254673,50.294772],[7.25469,50.294323],[7.254339,50.294317],[7.254347,50.294093],[7.253996,50.294087],[7.254004,50.293862],[7.253654,50.293857],[7.25367,50.293408],[7.254021,50.293413],[7.254054,50.292514],[7.253703,50.292509],[7.253711,50.292284],[7.25336,50.292279],[7.253369,50.292054],[7.253018,50.292049],[7.253026,50.291824],[7.252675,50.291819],[7.252684,50.291594],[7.252333,50.291589],[7.252349,50.291139],[7.251998,50.291134],[7.252007,50.290909],[7.251656,50.290904],[7.251664,50.290679],[7.251313,50.290674],[7.251338,50.29],[7.250987,50.289995],[7.251004,50.289545],[7.250653,50.28954],[7.250669,50.28909],[7.250319,50.289085],[7.250327,50.28886],[7.249976,50.288855],[7.249984,50.28863],[7.249634,50.288625],[7.249642,50.2884],[7.249291,50.288395],[7.249308,50.287945],[7.248957,50.28794],[7.248965,50.287715],[7.248614,50.28771],[7.248631,50.287261],[7.24828,50.287255],[7.248296,50.286806],[7.247946,50.286801],[7.247962,50.286351],[7.249015,50.286367],[7.249023,50.286142],[7.250075,50.286158],[7.250083,50.285933],[7.251136,50.285949],[7.251144,50.285725],[7.251495,50.28573],[7.251503,50.285505],[7.251854,50.28551],[7.25187,50.285061],[7.251169,50.28505],[7.251201,50.284151],[7.251552,50.284157],[7.25156,50.283932],[7.250859,50.283921],[7.250867,50.283697],[7.249815,50.283681],[7.249798,50.28413],[7.249097,50.28412],[7.249105,50.283895],[7.248404,50.283884],[7.248412,50.28366],[7.247711,50.283649],[7.247719,50.283424],[7.247368,50.283419],[7.247385,50.28297],[7.245631,50.282943],[7.245647,50.282494],[7.245297,50.282488],[7.245313,50.282039],[7.244962,50.282034],[7.244979,50.281584],[7.244628,50.281579],[7.244645,50.281129],[7.244294,50.281124],[7.244311,50.280675],[7.24396,50.280669],[7.243952,50.280894],[7.242899,50.280878],[7.242891,50.281103],[7.242541,50.281098],[7.242549,50.280873],[7.241497,50.280857],[7.241488,50.281082],[7.239735,50.281055],[7.239743,50.28083],[7.238691,50.280814],[7.238683,50.281039],[7.236929,50.281013],[7.236921,50.281237],[7.236219,50.281227],[7.236228,50.281002],[7.235175,50.280986],[7.235167,50.281211],[7.233764,50.281189],[7.233748,50.281639],[7.232695,50.281623],[7.232687,50.281848],[7.232336,50.281842],[7.23232,50.282292],[7.231969,50.282286],[7.231961,50.282511],[7.23161,50.282506],[7.231602,50.282731],[7.231251,50.282725],[7.231243,50.28295],[7.230892,50.282945],[7.230883,50.283169],[7.230533,50.283164],[7.230524,50.283389],[7.230174,50.283383],[7.230157,50.283833],[7.229806,50.283827],[7.229798,50.284052],[7.230149,50.284058],[7.23014,50.284282],[7.22979,50.284277],[7.229781,50.284502],[7.229431,50.284496],[7.229422,50.284721],[7.229071,50.284716],[7.229063,50.28494],[7.228011,50.284924],[7.228002,50.285149],[7.227652,50.285144],[7.227643,50.285369],[7.227293,50.285363],[7.227284,50.285588],[7.226934,50.285583],[7.226925,50.285807],[7.226574,50.285802],[7.226566,50.286027],[7.226215,50.286021],[7.226207,50.286246],[7.225856,50.286241],[7.225848,50.286465],[7.225497,50.28646],[7.22548,50.28691],[7.22513,50.286904],[7.225121,50.287129],[7.224771,50.287124],[7.224754,50.287573],[7.224403,50.287568],[7.224395,50.287792],[7.224044,50.287787],[7.224036,50.288012],[7.223334,50.288001],[7.223326,50.288226],[7.222624,50.288215],[7.222616,50.28844],[7.222265,50.288434],[7.222273,50.28821],[7.221923,50.288204],[7.221931,50.28798],[7.22158,50.287974],[7.221589,50.287749],[7.221238,50.287744],[7.221246,50.287519],[7.220895,50.287514],[7.220904,50.287289],[7.220553,50.287284],[7.220561,50.287059],[7.21986,50.287048],[7.219851,50.287273],[7.219501,50.287268],[7.219492,50.287493],[7.219142,50.287487],[7.219133,50.287712],[7.218782,50.287707],[7.218766,50.288156],[7.218064,50.288145],[7.218047,50.288595],[7.218398,50.2886],[7.218365,50.289499],[7.218014,50.289494],[7.217989,50.290168],[7.217638,50.290162],[7.217629,50.290387],[7.217279,50.290382],[7.21727,50.290607],[7.216919,50.290601],[7.216911,50.290826],[7.21656,50.29082],[7.216552,50.291045],[7.216201,50.29104],[7.216193,50.291265],[7.215842,50.291259],[7.215817,50.291933],[7.215466,50.291928],[7.215457,50.292153],[7.215107,50.292147],[7.215098,50.292372],[7.214747,50.292367],[7.214739,50.292591],[7.214388,50.292586],[7.21438,50.292811],[7.214029,50.292805],[7.214012,50.293255],[7.213661,50.293249],[7.213645,50.293699],[7.213294,50.293693],[7.213277,50.294143],[7.211874,50.294121],[7.211865,50.294346],[7.211164,50.294335],[7.211155,50.29456],[7.210454,50.294549],[7.210445,50.294774],[7.210094,50.294769],[7.210086,50.294993],[7.209033,50.294977],[7.209025,50.295202],[7.207972,50.295186],[7.207981,50.294961],[7.207279,50.29495],[7.207271,50.295175],[7.20692,50.295169],[7.206912,50.295394],[7.20621,50.295383],[7.206202,50.295608],[7.205149,50.295592],[7.205141,50.295816],[7.20479,50.295811],[7.204781,50.296036],[7.20443,50.29603],[7.204422,50.296255],[7.20372,50.296244],[7.203712,50.296469],[7.20301,50.296458],[7.203002,50.296683],[7.2023,50.296672],[7.202292,50.296897],[7.20159,50.296886],[7.201598,50.296661],[7.200546,50.296645],[7.200554,50.29642],[7.199853,50.296409],[7.199861,50.296185],[7.19951,50.296179],[7.199519,50.295954],[7.199168,50.295949],[7.19916,50.296174],[7.198809,50.296168],[7.198792,50.296618],[7.198441,50.296612],[7.198416,50.297286],[7.198065,50.297281],[7.198048,50.29773],[7.197697,50.297725],[7.197663,50.298624],[7.197312,50.298618],[7.197304,50.298843],[7.196602,50.298832],[7.196585,50.299282],[7.196234,50.299276],[7.196226,50.299501],[7.195524,50.29949],[7.195515,50.299715],[7.196568,50.299731],[7.196551,50.300181],[7.196902,50.300186],[7.196791,50.303108],[7.19644,50.303102],[7.196432,50.303327],[7.196081,50.303321],[7.196064,50.303771],[7.196415,50.303776],[7.196364,50.305125],[7.196013,50.305119],[7.195894,50.308265],[7.195543,50.30826],[7.195535,50.308485],[7.195184,50.308479],[7.195175,50.308704],[7.192719,50.308666],[7.19271,50.308891],[7.192359,50.308885],[7.192351,50.30911],[7.192,50.309104],[7.191991,50.309329],[7.191289,50.309318],[7.191281,50.309543],[7.190579,50.309532],[7.190571,50.309757],[7.19022,50.309751],[7.190211,50.309976],[7.189509,50.309965],[7.189501,50.31019],[7.18915,50.310184],[7.189141,50.310409],[7.188439,50.310398],[7.188431,50.310623],[7.188782,50.310628],[7.188765,50.311078],[7.189116,50.311083],[7.189056,50.312656],[7.189407,50.312662],[7.18939,50.313111],[7.189741,50.313117],[7.189724,50.313566],[7.189373,50.313561],[7.189364,50.313785],[7.189013,50.31378],[7.188988,50.314454],[7.188637,50.314449],[7.18862,50.314898],[7.188269,50.314893],[7.188277,50.314668],[7.187575,50.314657],[7.187584,50.314432],[7.186882,50.314421],[7.186873,50.314646],[7.186171,50.314635],[7.186163,50.31486],[7.185812,50.314854],[7.185803,50.315079],[7.185452,50.315074],[7.185444,50.315298],[7.185093,50.315293],[7.185101,50.315068],[7.18475,50.315063],[7.184742,50.315287],[7.183689,50.315271],[7.18368,50.315496],[7.18333,50.31549],[7.183321,50.315715],[7.182619,50.315704],[7.18261,50.315929],[7.182259,50.315923],[7.182251,50.316148],[7.1819,50.316142],[7.181891,50.316367],[7.182593,50.316378],[7.182568,50.317052],[7.182217,50.317047],[7.182208,50.317271],[7.181857,50.317266],[7.181848,50.317491],[7.181498,50.317485],[7.181489,50.31771],[7.181138,50.317704],[7.181129,50.317929],[7.180778,50.317924],[7.18077,50.318148],[7.180419,50.318143],[7.18041,50.318368],[7.180059,50.318362],[7.180051,50.318587],[7.1797,50.318581],[7.179691,50.318806],[7.17934,50.318801],[7.179332,50.319025],[7.178981,50.31902],[7.178972,50.319245],[7.179323,50.31925],[7.179314,50.319475],[7.180016,50.319486],[7.180008,50.31971],[7.18071,50.319721],[7.180701,50.319946],[7.181052,50.319952],[7.181044,50.320176],[7.181395,50.320182],[7.181343,50.32153],[7.181694,50.321536],[7.181686,50.32176],[7.182037,50.321766],[7.182028,50.321991],[7.182379,50.321996],[7.18237,50.322221],[7.182721,50.322226],[7.182713,50.322451],[7.183415,50.322462],[7.183406,50.322687],[7.183055,50.322681],[7.183047,50.322906],[7.182696,50.322901],[7.182679,50.32335],[7.182328,50.323345],[7.182319,50.323569],[7.181968,50.323564],[7.181959,50.323788],[7.18231,50.323794],[7.182293,50.324243],[7.182644,50.324249],[7.182636,50.324474],[7.182987,50.324479],[7.182952,50.325378],[7.182601,50.325373],[7.182593,50.325597],[7.181891,50.325586],[7.181874,50.326036],[7.181523,50.32603],[7.181514,50.326255],[7.181163,50.326249],[7.181129,50.327148],[7.180778,50.327143],[7.180769,50.327368],[7.180418,50.327362],[7.180409,50.327587],[7.179356,50.32757],[7.179365,50.327346],[7.178663,50.327335],[7.178671,50.32711],[7.17832,50.327104],[7.178337,50.326655],[7.177986,50.326649],[7.177978,50.326874],[7.177627,50.326869],[7.177601,50.327543],[7.17725,50.327537],[7.177224,50.328212],[7.176873,50.328206],[7.176864,50.328431],[7.176513,50.328425],[7.176496,50.328875],[7.176145,50.328869],[7.176128,50.329319],[7.175777,50.329313],[7.175768,50.329538],[7.175417,50.329532],[7.1754,50.329982],[7.175049,50.329976],[7.17504,50.330201],[7.174689,50.330195],[7.174681,50.33042],[7.17433,50.330415],[7.174321,50.330639],[7.17397,50.330634],[7.173961,50.330859],[7.17361,50.330853],[7.173602,50.331078],[7.172899,50.331067],[7.172908,50.330842],[7.172557,50.330837],[7.172566,50.330612],[7.171863,50.330601],[7.171872,50.330376],[7.171521,50.330371],[7.17153,50.330146],[7.171179,50.33014],[7.17117,50.330365],[7.170819,50.33036],[7.17081,50.330584],[7.170459,50.330579],[7.170451,50.330803],[7.170099,50.330798],[7.170039,50.332371],[7.17039,50.332377],[7.170373,50.332826],[7.170724,50.332831],[7.170698,50.333506],[7.170347,50.3335],[7.170338,50.333725],[7.169987,50.333719],[7.16997,50.334169],[7.169619,50.334163],[7.169584,50.335062],[7.169233,50.335057],[7.169216,50.335506],[7.168865,50.335501],[7.168856,50.335725],[7.168505,50.33572],[7.168496,50.335944],[7.167092,50.335922],[7.167083,50.336147],[7.166381,50.336136],[7.166372,50.336361],[7.166021,50.336355],[7.166013,50.33658],[7.165662,50.336574],[7.165653,50.336799],[7.165302,50.336793],[7.165293,50.337018],[7.164942,50.337013],[7.164916,50.337687],[7.164565,50.337681],[7.164539,50.338355],[7.16489,50.338361],[7.164855,50.33926],[7.165207,50.339265],[7.165172,50.340164],[7.16447,50.340153],[7.164478,50.339929],[7.164127,50.339923],[7.164145,50.339474],[7.163442,50.339462],[7.16346,50.339013],[7.162757,50.339002],[7.162766,50.338777],[7.162415,50.338772],[7.162424,50.338547],[7.160317,50.338514],[7.160325,50.338289],[7.159272,50.338272],[7.159281,50.338047],[7.156472,50.338003],[7.15648,50.337778],[7.156129,50.337773],[7.156138,50.337548],[7.155787,50.337542],[7.155796,50.337318],[7.155093,50.337307],[7.155102,50.337082],[7.154751,50.337076],[7.15476,50.336851],[7.154409,50.336846],[7.154417,50.336621],[7.154066,50.336616],[7.154084,50.336166],[7.15303,50.336149],[7.153039,50.335925],[7.151986,50.335908],[7.151994,50.335683],[7.151643,50.335678],[7.151652,50.335453],[7.15095,50.335442],[7.150959,50.335217],[7.150607,50.335211],[7.150616,50.334987],[7.150265,50.334981],[7.150274,50.334756],[7.149221,50.33474],[7.149212,50.334964],[7.14851,50.334953],[7.148501,50.335178],[7.14815,50.335172],[7.148141,50.335397],[7.147439,50.335386],[7.14743,50.335611],[7.146377,50.335594],[7.146386,50.335369],[7.145683,50.335358],[7.145692,50.335133],[7.145341,50.335128],[7.145332,50.335352],[7.144279,50.335336],[7.14427,50.33556],[7.143919,50.335555],[7.143928,50.33533],[7.143577,50.335324],[7.143568,50.335549],[7.143217,50.335543],[7.143208,50.335768],[7.142506,50.335757],[7.142497,50.335982],[7.14039,50.335948],[7.140399,50.335723],[7.139346,50.335706],[7.139337,50.335931],[7.138986,50.335925],[7.138969,50.336375],[7.138617,50.336369],[7.1386,50.336819],[7.138951,50.336824],[7.138942,50.337049],[7.138591,50.337043],[7.138556,50.337942],[7.138205,50.337937],[7.138196,50.338161],[7.135738,50.338122],[7.135747,50.337897],[7.135396,50.337892],[7.135405,50.337667],[7.13084,50.337594],[7.130831,50.337818],[7.129778,50.337801],[7.129769,50.338026],[7.129418,50.338021],[7.129409,50.338245],[7.128005,50.338223],[7.127996,50.338447],[7.125889,50.338413],[7.12588,50.338638],[7.125178,50.338627],[7.125169,50.338852],[7.124818,50.338846],[7.124827,50.338621],[7.123071,50.338593],[7.12308,50.338368],[7.121676,50.338345],[7.121667,50.33857],[7.120965,50.338559],[7.120956,50.338783],[7.120605,50.338778],[7.120596,50.339003],[7.120245,50.338997],[7.120236,50.339222],[7.119885,50.339216],[7.119867,50.339665],[7.118814,50.339648],[7.118805,50.339873],[7.118454,50.339867],[7.118445,50.340092],[7.118094,50.340086],[7.118085,50.340311],[7.117734,50.340305],[7.117725,50.34053],[7.117374,50.340524],[7.117356,50.340974],[7.117005,50.340968],[7.116996,50.341193],[7.115942,50.341176],[7.115951,50.340951],[7.113142,50.340906],[7.113133,50.34113],[7.111729,50.341107],[7.11172,50.341332],[7.111369,50.341326],[7.11136,50.341551],[7.111711,50.341557],[7.111702,50.341782],[7.111351,50.341776],[7.111342,50.342001],[7.11064,50.341989],[7.110631,50.342214],[7.11028,50.342208],[7.110271,50.342433],[7.109568,50.342421],[7.109559,50.342646],[7.108155,50.342623],[7.108146,50.342848],[7.107795,50.342842],[7.10775,50.343966],[7.107399,50.34396],[7.10739,50.344185],[7.107039,50.344179],[7.10703,50.344404],[7.105976,50.344387],[7.105985,50.344162],[7.105283,50.344151],[7.105274,50.344375],[7.104923,50.34437],[7.104914,50.344594],[7.104563,50.344589],[7.104554,50.344813],[7.104203,50.344808],[7.104194,50.345032],[7.10314,50.345015],[7.103149,50.34479],[7.101745,50.344767],[7.101754,50.344543],[7.101051,50.344531],[7.10106,50.344307],[7.099656,50.344284],[7.099647,50.344508],[7.098944,50.344497],[7.098953,50.344272],[7.098602,50.344266],[7.098611,50.344042],[7.09826,50.344036],[7.098278,50.343586],[7.097927,50.343581],[7.097945,50.343131],[7.097594,50.343126],[7.097602,50.342901],[7.097251,50.342895],[7.097278,50.342221],[7.096927,50.342215],[7.096954,50.341541],[7.096603,50.341535],[7.096621,50.341086],[7.09627,50.34108],[7.096288,50.340631],[7.096639,50.340636],[7.096657,50.340187],[7.096306,50.340181],[7.096315,50.339957],[7.095964,50.339951],[7.095982,50.339501],[7.09563,50.339496],[7.095639,50.339271],[7.095288,50.339265],[7.095306,50.338816],[7.094955,50.33881],[7.094964,50.338585],[7.094613,50.33858],[7.09464,50.337905],[7.094289,50.3379],[7.094361,50.336102],[7.09401,50.336096],[7.094019,50.335871],[7.093668,50.335866],[7.093677,50.335641],[7.093326,50.335635],[7.093335,50.335411],[7.091579,50.335382],[7.091588,50.335157],[7.090535,50.33514],[7.090544,50.334915],[7.089491,50.334898],[7.0895,50.334673],[7.086691,50.334627],[7.086682,50.334851],[7.086331,50.334846],[7.08634,50.334621],[7.085287,50.334604],[7.085296,50.334379],[7.084945,50.334373],[7.084954,50.334148],[7.084251,50.334137],[7.08426,50.333912],[7.083207,50.333895],[7.083216,50.33367],[7.082865,50.333664],[7.082874,50.33344],[7.082523,50.333434],[7.082532,50.333209],[7.082181,50.333203],[7.082172,50.333428],[7.080768,50.333405],[7.080777,50.33318],[7.080426,50.333174],[7.080435,50.33295],[7.079733,50.332938],[7.079742,50.332713],[7.079391,50.332708],[7.0794,50.332483],[7.078698,50.332471],[7.078707,50.332246],[7.077654,50.332229],[7.077663,50.332004],[7.076609,50.331987],[7.076618,50.331762],[7.076267,50.331756],[7.076286,50.331307],[7.075935,50.331301],[7.075944,50.331076],[7.075593,50.331071],[7.075602,50.330846],[7.075251,50.33084],[7.075269,50.330391],[7.074918,50.330385],[7.074927,50.33016],[7.074576,50.330154],[7.074585,50.32993],[7.074234,50.329924],[7.074243,50.329699],[7.073892,50.329693],[7.073901,50.329469],[7.07355,50.329463],[7.073559,50.329238],[7.072857,50.329226],[7.072866,50.329002],[7.071111,50.328973],[7.071102,50.329197],[7.0704,50.329186],[7.07039,50.32941],[7.068986,50.329387],[7.068977,50.329612],[7.065818,50.329559],[7.065827,50.329335],[7.065476,50.329329],[7.065485,50.329104],[7.065134,50.329098],[7.065143,50.328873],[7.063739,50.32885],[7.063748,50.328625],[7.063046,50.328614],[7.063055,50.328389],[7.062353,50.328377],[7.062362,50.328153],[7.06166,50.328141],[7.061669,50.327916],[7.060967,50.327904],[7.060976,50.32768],[7.059221,50.32765],[7.05924,50.327201],[7.057484,50.327172],[7.057494,50.326947],[7.055388,50.326912],[7.055397,50.326687],[7.054695,50.326675],[7.054685,50.3269],[7.053983,50.326888],[7.053993,50.326664],[7.053642,50.326658],[7.053632,50.326882],[7.05293,50.326871],[7.05294,50.326646],[7.052589,50.32664],[7.052616,50.325966],[7.051914,50.325954],[7.051905,50.326179],[7.049097,50.326132],[7.049088,50.326356],[7.047684,50.326333],[7.047674,50.326558],[7.047323,50.326552],[7.047314,50.326776],[7.046261,50.326759],[7.046252,50.326983],[7.045901,50.326978],[7.045892,50.327202],[7.044839,50.327184],[7.044829,50.327409],[7.044127,50.327397],[7.044118,50.327622],[7.043767,50.327616],[7.043758,50.327841],[7.042705,50.327823],[7.042695,50.328048],[7.041291,50.328024],[7.041282,50.328249],[7.040931,50.328243],[7.040922,50.328468],[7.040571,50.328462],[7.040562,50.328687],[7.040211,50.328681],[7.040201,50.328905],[7.03985,50.328899],[7.039841,50.329124],[7.038086,50.329094],[7.038095,50.32887],[7.035638,50.328828],[7.035647,50.328604],[7.034594,50.328586],[7.034585,50.32881],[7.029319,50.328721],[7.029329,50.328497],[7.026169,50.328443],[7.026179,50.328218],[7.025828,50.328212],[7.025837,50.327988],[7.025486,50.327982],[7.025495,50.327757],[7.025144,50.327751],[7.025154,50.327526],[7.024452,50.327514],[7.024461,50.32729],[7.02411,50.327284],[7.024119,50.327059],[7.023768,50.327053],[7.023778,50.326828],[7.023427,50.326822],[7.023436,50.326598],[7.023085,50.326592],[7.023094,50.326367],[7.022743,50.326361],[7.022752,50.326136],[7.022401,50.32613],[7.022411,50.325906],[7.02206,50.3259],[7.022069,50.325675],[7.021367,50.325663],[7.021376,50.325438],[7.021025,50.325432],[7.021035,50.325208],[7.020333,50.325196],[7.020342,50.324971],[7.019991,50.324965],[7.02,50.32474],[7.019298,50.324728],[7.019308,50.324504],[7.018606,50.324492],[7.018615,50.324267],[7.018264,50.324261],[7.018274,50.324036],[7.017572,50.324024],[7.01759,50.323575],[7.017239,50.323569],[7.017249,50.323344],[7.016898,50.323338],[7.016916,50.322889],[7.016565,50.322883],[7.016575,50.322658],[7.015873,50.322646],[7.015882,50.322421],[7.01518,50.322409],[7.01519,50.322185],[7.014839,50.322179],[7.014923,50.320156],[7.014572,50.32015],[7.0146,50.319476],[7.014249,50.31947],[7.014268,50.319021],[7.013917,50.319015],[7.013945,50.318341],[7.013243,50.318329],[7.013252,50.318104],[7.012199,50.318086],[7.012209,50.317861],[7.011858,50.317855],[7.011867,50.317631],[7.011165,50.317619],[7.011175,50.317394],[7.010824,50.317388],[7.010833,50.317163],[7.010482,50.317157],[7.010539,50.315809],[7.010188,50.315803],[7.010197,50.315578],[7.009846,50.315572],[7.009884,50.314673],[7.010235,50.31468],[7.010263,50.314005],[7.009912,50.313999],[7.00994,50.313325],[7.009589,50.313319],[7.009617,50.312645],[7.009266,50.312639],[7.009285,50.31219],[7.008934,50.312184],[7.008944,50.311959],[7.008593,50.311953],[7.008602,50.311728],[7.008251,50.311722],[7.008261,50.311498],[7.00791,50.311492],[7.007919,50.311267],[7.007217,50.311255],[7.007227,50.31103],[7.006525,50.311018],[7.006534,50.310793],[7.005131,50.310769],[7.00514,50.310545],[7.004789,50.310539],[7.00478,50.310763],[7.003025,50.310733],[7.003072,50.30961],[7.003423,50.309616],[7.003433,50.309391],[7.003784,50.309397],[7.003802,50.308948],[7.003452,50.308942],[7.003489,50.308043],[7.003138,50.308037],[7.003148,50.307812],[7.002797,50.307806],[7.002806,50.307581],[7.002455,50.307575],[7.002465,50.307351],[7.001763,50.307339],[7.001772,50.307114],[7.000369,50.30709],[7.000378,50.306865],[6.999677,50.306853],[6.999686,50.306628],[6.998984,50.306616],[6.998994,50.306391],[6.998292,50.306379],[6.998302,50.306155],[6.997249,50.306136],[6.997258,50.305912],[6.995504,50.305882],[6.995495,50.306106],[6.995144,50.3061],[6.995134,50.306325],[6.994784,50.306319],[6.994774,50.306544],[6.991967,50.306495],[6.991977,50.30627],[6.991626,50.306264],[6.991635,50.30604],[6.991285,50.306034],[6.991294,50.305809],[6.990943,50.305803],[6.990953,50.305578],[6.990602,50.305572],[6.990621,50.305123],[6.99027,50.305117],[6.990279,50.304892],[6.989928,50.304886],[6.989938,50.304661],[6.989587,50.304655],[6.989597,50.30443],[6.989246,50.304424],[6.989255,50.3042],[6.988904,50.304193],[6.988923,50.303744],[6.988573,50.303738],[6.988582,50.303513],[6.988231,50.303507],[6.98825,50.303058],[6.987899,50.303052],[6.987909,50.302827],[6.987558,50.302821],[6.987567,50.302596],[6.985813,50.302566],[6.985804,50.302791],[6.985453,50.302785],[6.985444,50.303009],[6.982988,50.302967],[6.982997,50.302742],[6.97984,50.302687],[6.979849,50.302462],[6.979498,50.302456],[6.979508,50.302232],[6.978806,50.302219],[6.978816,50.301995],[6.978465,50.301989],[6.978475,50.301764],[6.977422,50.301746],[6.977441,50.301296],[6.97709,50.30129],[6.977109,50.300841],[6.97746,50.300847],[6.977479,50.300397],[6.977129,50.300391],[6.977233,50.29792],[6.976883,50.297913],[6.976902,50.297464],[6.976551,50.297458],[6.976589,50.296559],[6.97694,50.296565],[6.976949,50.296341],[6.976599,50.296334],[6.976618,50.295885],[6.976968,50.295891],[6.977035,50.294318],[6.976684,50.294312],[6.976694,50.294087],[6.975642,50.294069],[6.975632,50.294294],[6.973878,50.294263],[6.973869,50.294488],[6.972816,50.29447],[6.972826,50.294245],[6.971774,50.294227],[6.971793,50.293777],[6.971442,50.293771],[6.971452,50.293546],[6.971101,50.29354],[6.97111,50.293316],[6.97076,50.293309],[6.970769,50.293085],[6.970068,50.293072],[6.970077,50.292848],[6.969376,50.292835],[6.969385,50.292611],[6.968333,50.292592],[6.968343,50.292368],[6.96729,50.292349],[6.9673,50.292125],[6.965897,50.2921],[6.965907,50.291875],[6.965556,50.291869],[6.965565,50.291644],[6.965215,50.291638],[6.965224,50.291414],[6.964874,50.291408],[6.964883,50.291183],[6.964532,50.291177],[6.964542,50.290952],[6.96349,50.290934],[6.96348,50.291158],[6.962779,50.291146],[6.962769,50.291371],[6.960314,50.291328],[6.960304,50.291552],[6.959603,50.29154],[6.959593,50.291765],[6.959242,50.291758],[6.959233,50.291983],[6.958882,50.291977],[6.958872,50.292202],[6.957119,50.292171],[6.957215,50.289924],[6.957566,50.28993],[6.957614,50.288807],[6.957965,50.288813],[6.957974,50.288588],[6.957623,50.288582],[6.957633,50.288357],[6.957282,50.288351],[6.957292,50.288126],[6.956941,50.28812],[6.956951,50.287896],[6.9566,50.287889],[6.95661,50.287665],[6.956259,50.287658],[6.956269,50.287434],[6.955567,50.287421],[6.955577,50.287197],[6.954876,50.287184],[6.954885,50.28696],[6.954534,50.286954],[6.954544,50.286729],[6.954193,50.286723],[6.954203,50.286498],[6.953502,50.286486],[6.953511,50.286261],[6.95281,50.286249],[6.952829,50.285799],[6.952478,50.285793],[6.952498,50.285344],[6.952147,50.285337],[6.952215,50.283765],[6.951864,50.283758],[6.951874,50.283534],[6.950822,50.283515],[6.950831,50.28329],[6.949779,50.283272],[6.949789,50.283047],[6.949438,50.283041],[6.949448,50.282816],[6.949097,50.28281],[6.949107,50.282585],[6.948405,50.282573],[6.948415,50.282348],[6.947714,50.282336],[6.947723,50.282111],[6.947373,50.282105],[6.947392,50.281656],[6.947041,50.281649],[6.947051,50.281425],[6.9467,50.281419],[6.94671,50.281194],[6.946359,50.281188],[6.946417,50.279839],[6.946067,50.279833],[6.946076,50.279609],[6.947128,50.279627],[6.947138,50.279402],[6.947489,50.279409],[6.947527,50.27851],[6.947878,50.278516],[6.947907,50.277842],[6.948258,50.277848],[6.948277,50.277399],[6.947926,50.277393],[6.947965,50.276494],[6.948316,50.2765],[6.948325,50.276275],[6.948676,50.276282],[6.948686,50.276057],[6.949036,50.276063],[6.949046,50.275838],[6.949397,50.275845],[6.949406,50.27562],[6.949757,50.275626],[6.949766,50.275401],[6.950468,50.275414],[6.950477,50.275189],[6.951179,50.275201],[6.951188,50.274977],[6.951889,50.274989],[6.951909,50.27454],[6.95261,50.274552],[6.95262,50.274327],[6.95297,50.274333],[6.953047,50.272536],[6.952697,50.27253],[6.952706,50.272305],[6.952005,50.272293],[6.952015,50.272068],[6.951664,50.272062],[6.951674,50.271837],[6.94922,50.271794],[6.94921,50.272018],[6.947808,50.271994],[6.947817,50.271769],[6.945714,50.271732],[6.945723,50.271507],[6.944672,50.271489],[6.944681,50.271264],[6.94398,50.271251],[6.94399,50.271027],[6.942938,50.271008],[6.942948,50.270783],[6.941896,50.270765],[6.941906,50.27054],[6.941555,50.270534],[6.941565,50.270309],[6.939461,50.270272],[6.939442,50.270721],[6.939091,50.270715],[6.939043,50.271839],[6.938692,50.271832],[6.938683,50.272057],[6.938332,50.272051],[6.938313,50.2725],[6.937962,50.272494],[6.937952,50.272719],[6.937602,50.272712],[6.937611,50.272488],[6.937261,50.272482],[6.93727,50.272257],[6.93692,50.272251],[6.93693,50.272026],[6.936579,50.27202],[6.936589,50.271795],[6.935186,50.27177],[6.935196,50.271545],[6.934144,50.271527],[6.934154,50.271302],[6.933803,50.271296],[6.933813,50.271071],[6.932761,50.271052],[6.932771,50.270828],[6.93207,50.270815],[6.93208,50.270591],[6.930327,50.270559],[6.930317,50.270784],[6.926461,50.270715],[6.926471,50.270491],[6.924718,50.270459],[6.924727,50.270235],[6.924026,50.270222],[6.924016,50.270447],[6.921212,50.270397],[6.921202,50.270621],[6.918047,50.270565],[6.918057,50.27034],[6.917005,50.270321],[6.917015,50.270097],[6.916664,50.27009],[6.916674,50.269866],[6.916323,50.269859],[6.916343,50.26941],[6.914941,50.269385],[6.914931,50.269609],[6.913529,50.269584],[6.913519,50.269809],[6.913168,50.269803],[6.913158,50.270027],[6.912808,50.270021],[6.912798,50.270246],[6.912097,50.270233],[6.912087,50.270458],[6.911737,50.270452],[6.911727,50.270676],[6.911026,50.270664],[6.911016,50.270888],[6.909613,50.270863],[6.909604,50.271088],[6.909253,50.271081],[6.909243,50.271306],[6.908893,50.2713],[6.908883,50.271525],[6.908182,50.271512],[6.908172,50.271737],[6.907821,50.27173],[6.907811,50.271955],[6.90711,50.271942],[6.90709,50.272392],[6.90674,50.272385],[6.90673,50.27261],[6.905678,50.272591],[6.905668,50.272816],[6.904617,50.272797],[6.904607,50.273022],[6.903906,50.273009],[6.903886,50.273458],[6.904236,50.273465],[6.904197,50.274363],[6.903145,50.274344],[6.903115,50.275018],[6.902064,50.275],[6.902054,50.275224],[6.900651,50.275199],[6.900641,50.275424],[6.89994,50.275411],[6.89992,50.27586],[6.89957,50.275854],[6.89955,50.276303],[6.899199,50.276297],[6.89918,50.276746],[6.898829,50.27674],[6.898819,50.276965],[6.898469,50.276958],[6.898449,50.277408],[6.898098,50.277401],[6.898088,50.277626],[6.897738,50.27762],[6.897728,50.277844],[6.897377,50.277838],[6.897367,50.278063],[6.897017,50.278056],[6.897007,50.278281],[6.896656,50.278275],[6.896646,50.278499],[6.896296,50.278493],[6.896286,50.278718],[6.895584,50.278705],[6.895574,50.27893],[6.894873,50.278917],[6.894883,50.278692],[6.894532,50.278686],[6.894542,50.278461],[6.893841,50.278449],[6.893851,50.278224],[6.8935,50.278218],[6.89351,50.277993],[6.891407,50.277955],[6.891417,50.27773],[6.890715,50.277717],[6.890725,50.277493],[6.886167,50.27741],[6.886157,50.277635],[6.883352,50.277583],[6.883362,50.277359],[6.882661,50.277346],[6.882671,50.277121],[6.88197,50.277109],[6.88198,50.276884],[6.881629,50.276877],[6.881639,50.276653],[6.881288,50.276646],[6.881298,50.276422],[6.880948,50.276415],[6.880958,50.276191],[6.880607,50.276184],[6.880617,50.27596],[6.880267,50.275953],[6.880277,50.275728],[6.879575,50.275716],[6.879585,50.275491],[6.879235,50.275485],[6.879245,50.27526],[6.878894,50.275253],[6.878884,50.275478],[6.878183,50.275465],[6.878193,50.275241],[6.871882,50.275125],[6.871872,50.27535],[6.869418,50.275305],[6.869408,50.27553],[6.868707,50.275517],[6.868697,50.275741],[6.867294,50.275716],[6.867284,50.27594],[6.866933,50.275934],[6.866923,50.276159],[6.866573,50.276152],[6.866563,50.276377],[6.866212,50.27637],[6.866202,50.276595],[6.864098,50.276556],[6.864109,50.276332],[6.863407,50.276319],[6.863417,50.276094],[6.863067,50.276088],[6.863077,50.275863],[6.862376,50.27585],[6.862386,50.275626],[6.862035,50.275619],[6.862055,50.27517],[6.860653,50.275144],[6.860663,50.274919],[6.858209,50.274874],[6.858219,50.274649],[6.857518,50.274636],[6.857528,50.274412],[6.855074,50.274366],[6.855084,50.274142],[6.853681,50.274116],[6.853691,50.273891],[6.853341,50.273885],[6.853351,50.27366],[6.853,50.273654],[6.853011,50.273429],[6.85266,50.273422],[6.85267,50.273198],[6.851969,50.273185],[6.851979,50.27296],[6.851628,50.272954],[6.851639,50.272729],[6.851288,50.272722],[6.851298,50.272498],[6.850948,50.272491],[6.850958,50.272267],[6.850607,50.27226],[6.850617,50.272035],[6.850267,50.272029],[6.850277,50.271804],[6.848874,50.271778],[6.848864,50.272003],[6.848163,50.27199],[6.848173,50.271765],[6.847122,50.271746],[6.847111,50.27197],[6.845709,50.271944],[6.845699,50.272169],[6.845348,50.272163],[6.845338,50.272387],[6.844287,50.272368],[6.844276,50.272592],[6.843575,50.272579],[6.843555,50.273029],[6.842854,50.273016],[6.842844,50.273241],[6.841792,50.273221],[6.841782,50.273446],[6.84073,50.273426],[6.84072,50.273651],[6.839318,50.273625],[6.839328,50.2734],[6.838977,50.273394],[6.838987,50.273169],[6.838637,50.273162],[6.838647,50.272938],[6.836543,50.272898],[6.836554,50.272674],[6.835151,50.272648],[6.835162,50.272423],[6.833058,50.272384],[6.833068,50.272159],[6.832367,50.272146],[6.832377,50.271921],[6.830975,50.271895],[6.830985,50.271671],[6.828181,50.271618],[6.828171,50.271843],[6.827119,50.271823],[6.827098,50.272272],[6.826748,50.272266],[6.826727,50.272715],[6.826377,50.272709],[6.826367,50.272933],[6.826016,50.272927],[6.826006,50.273152],[6.825655,50.273145],[6.825635,50.273594],[6.825284,50.273588],[6.825274,50.273812],[6.824573,50.273799],[6.824583,50.273575],[6.823882,50.273562],[6.823892,50.273337],[6.823542,50.27333],[6.823552,50.273106],[6.823201,50.273099],[6.823211,50.272874],[6.82251,50.272861],[6.8225,50.273086],[6.82215,50.273079],[6.822201,50.271956],[6.82185,50.271949],[6.821871,50.2715],[6.82152,50.271493],[6.82153,50.271269],[6.821881,50.271275],[6.821901,50.270826],[6.822252,50.270833],[6.822273,50.270383],[6.822623,50.27039],[6.822644,50.26994],[6.822293,50.269934],[6.822314,50.269484],[6.821612,50.269471],[6.821623,50.269247],[6.821272,50.26924],[6.821282,50.269015],[6.820932,50.269009],[6.820973,50.26811],[6.821323,50.268117],[6.821344,50.267667],[6.820643,50.267654],[6.820653,50.267429],[6.820303,50.267423],[6.820395,50.265401],[6.820044,50.265394],[6.820065,50.264945],[6.821467,50.264971],[6.821477,50.264747],[6.821828,50.264753],[6.821838,50.264528],[6.822189,50.264535],[6.822209,50.264086],[6.82256,50.264092],[6.822672,50.261621],[6.823023,50.261627],[6.823033,50.261403],[6.823384,50.261409],[6.823343,50.262308],[6.823693,50.262314],[6.823683,50.262539],[6.824033,50.262546],[6.824023,50.26277],[6.824374,50.262777],[6.824394,50.262328],[6.824745,50.262334],[6.824765,50.261885],[6.825115,50.261891],[6.825136,50.261442],[6.82794,50.261494],[6.82795,50.26127],[6.828301,50.261276],[6.828321,50.260827],[6.828671,50.260834],[6.828682,50.260609],[6.829383,50.260622],[6.829393,50.260397],[6.829743,50.260404],[6.829754,50.260179],[6.830104,50.260186],[6.830114,50.259961],[6.830465,50.259968],[6.830475,50.259743],[6.830825,50.259749],[6.830846,50.2593],[6.831196,50.259307],[6.831217,50.258857],[6.831567,50.258864],[6.831588,50.258414],[6.831938,50.258421],[6.831948,50.258196],[6.832299,50.258203],[6.832309,50.257978],[6.832659,50.257985],[6.83267,50.25776],[6.83302,50.257767],[6.83303,50.257542],[6.833381,50.257548],[6.833391,50.257324],[6.833741,50.25733],[6.833752,50.257106],[6.834102,50.257112],[6.834112,50.256887],[6.834463,50.256894],[6.834473,50.256669],[6.834823,50.256676],[6.834844,50.256226],[6.834493,50.25622],[6.834503,50.255995],[6.834153,50.255989],[6.834163,50.255764],[6.833462,50.255751],[6.833472,50.255526],[6.833122,50.25552],[6.833132,50.255295],[6.832431,50.255282],[6.832442,50.255057],[6.831741,50.255044],[6.831751,50.25482],[6.8314,50.254813],[6.831421,50.254364],[6.83107,50.254357],[6.831081,50.254132],[6.83038,50.254119],[6.83037,50.254344],[6.829669,50.254331],[6.829658,50.254556],[6.828958,50.254542],[6.828947,50.254767],[6.828597,50.254761],[6.828587,50.254985],[6.828236,50.254979],[6.828226,50.255203],[6.826123,50.255164],[6.826154,50.25449],[6.825804,50.254484],[6.825875,50.252911],[6.826226,50.252917],[6.826267,50.252019],[6.825215,50.251999],[6.825226,50.251774],[6.824174,50.251755],[6.824185,50.25153],[6.822432,50.251497],[6.822443,50.251272],[6.822092,50.251266],[6.822082,50.25149],[6.818928,50.251431],[6.818918,50.251656],[6.816115,50.251603],[6.816125,50.251379],[6.815074,50.251359],[6.815084,50.251134],[6.814033,50.251114],[6.814043,50.25089],[6.812992,50.25087],[6.812982,50.251095],[6.81193,50.251075],[6.811941,50.25085],[6.810539,50.250824],[6.810549,50.250599],[6.808797,50.250566],[6.808766,50.25124],[6.807715,50.25122],[6.807725,50.250996],[6.804221,50.250929],[6.804232,50.250705],[6.803181,50.250685],[6.803191,50.25046],[6.80214,50.25044],[6.80215,50.250216],[6.800748,50.250189],[6.800759,50.249964],[6.799708,50.249944],[6.799718,50.24972],[6.799367,50.249713],[6.799378,50.249488],[6.799027,50.249482],[6.799038,50.249257],[6.797987,50.249237],[6.797997,50.249013],[6.797296,50.248999],[6.797307,50.248775],[6.796255,50.248755],[6.796266,50.24853],[6.795915,50.248523],[6.795926,50.248299],[6.795575,50.248292],[6.795586,50.248067],[6.795235,50.248061],[6.795246,50.247836],[6.793494,50.247803],[6.793515,50.247353],[6.793164,50.247347],[6.793175,50.247122],[6.792824,50.247115],[6.792835,50.246891],[6.791783,50.246871],[6.791794,50.246646],[6.791443,50.246639],[6.791464,50.24619],[6.791114,50.246183],[6.791124,50.245959],[6.790774,50.245952],[6.790784,50.245727],[6.790434,50.245721],[6.790444,50.245496],[6.789744,50.245483],[6.789754,50.245258],[6.789053,50.245245],[6.789084,50.244571],[6.788734,50.244564],[6.788745,50.244339],[6.788044,50.244326],[6.788054,50.244101],[6.786302,50.244068],[6.786313,50.243843],[6.785963,50.243837],[6.785994,50.243163],[6.785643,50.243156],[6.785654,50.242931],[6.784953,50.242918],[6.784984,50.242244],[6.785335,50.242251],[6.785356,50.241801],[6.784305,50.241781],[6.784294,50.242006],[6.783944,50.241999],[6.783954,50.241774],[6.781852,50.241734],[6.781842,50.241959],[6.781141,50.241946],[6.78112,50.242395],[6.78077,50.242388],[6.780739,50.243062],[6.780388,50.243056],[6.780367,50.243505],[6.777915,50.243458],[6.777925,50.243233],[6.777225,50.24322],[6.777235,50.242995],[6.776534,50.242982],[6.776545,50.242757],[6.775844,50.242744],[6.775855,50.242519],[6.775154,50.242506],[6.775165,50.242281],[6.773763,50.242254],[6.773774,50.24203],[6.773423,50.242023],[6.773434,50.241798],[6.773083,50.241791],[6.773104,50.241342],[6.772754,50.241335],[6.772765,50.241111],[6.772414,50.241104],[6.772425,50.240879],[6.772074,50.240873],[6.772085,50.240648],[6.771735,50.240641],[6.771745,50.240417],[6.771395,50.24041],[6.771405,50.240185],[6.771055,50.240178],[6.771065,50.239954],[6.770715,50.239947],[6.770725,50.239722],[6.769675,50.239702],[6.769664,50.239927],[6.768613,50.239907],[6.768603,50.240131],[6.767902,50.240118],[6.767881,50.240567],[6.768231,50.240574],[6.76821,50.241023],[6.76786,50.241017],[6.767828,50.241691],[6.767478,50.241684],[6.767394,50.243481],[6.767044,50.243474],[6.767033,50.243699],[6.766683,50.243692],[6.766672,50.243917],[6.765972,50.243904],[6.765961,50.244128],[6.765261,50.244115],[6.76525,50.244339],[6.7649,50.244333],[6.764889,50.244557],[6.764539,50.244551],[6.764528,50.244775],[6.763127,50.244748],[6.763116,50.244973],[6.762065,50.244953],[6.762055,50.245177],[6.761004,50.245157],[6.760993,50.245382],[6.759942,50.245362],[6.759932,50.245586],[6.756778,50.245525],[6.756768,50.24575],[6.756418,50.245743],[6.756365,50.246867],[6.756715,50.246873],[6.756694,50.247323],[6.757044,50.24733],[6.757023,50.247779],[6.757374,50.247786],[6.757363,50.24801],[6.757713,50.248017],[6.757703,50.248242],[6.758053,50.248249],[6.758043,50.248473],[6.758744,50.248487],[6.758733,50.248711],[6.759083,50.248718],[6.759062,50.249167],[6.759413,50.249174],[6.759402,50.249399],[6.759753,50.249406],[6.759742,50.24963],[6.760092,50.249637],[6.760082,50.249862],[6.761133,50.249882],[6.761112,50.250331],[6.760762,50.250325],[6.760751,50.250549],[6.761452,50.250563],[6.761431,50.251012],[6.761781,50.251019],[6.761771,50.251244],[6.762471,50.251257],[6.762408,50.252605],[6.762759,50.252612],[6.762738,50.253061],[6.763088,50.253068],[6.763077,50.253293],[6.763428,50.253299],[6.763417,50.253524],[6.763768,50.253531],[6.763747,50.25398],[6.764097,50.253987],[6.764087,50.254212],[6.764437,50.254218],[6.764427,50.254443],[6.765127,50.254456],[6.765117,50.254681],[6.765467,50.254688],[6.765457,50.254912],[6.765807,50.254919],[6.765797,50.255144],[6.766498,50.255157],[6.766487,50.255382],[6.766837,50.255389],[6.766827,50.255613],[6.767177,50.25562],[6.767156,50.25607],[6.767507,50.256076],[6.767496,50.256301],[6.768197,50.256314],[6.768187,50.256539],[6.768537,50.256546],[6.768506,50.25722],[6.768856,50.257227],[6.768804,50.25835],[6.767752,50.25833],[6.767742,50.258554],[6.765639,50.258514],[6.765628,50.258739],[6.765278,50.258732],[6.765268,50.258957],[6.764917,50.25895],[6.764907,50.259174],[6.764556,50.259168],[6.764546,50.259392],[6.764195,50.259386],[6.764174,50.259835],[6.763123,50.259815],[6.763112,50.260039],[6.762762,50.260033],[6.762741,50.260482],[6.76239,50.260475],[6.76238,50.2607],[6.762029,50.260693],[6.762019,50.260918],[6.761668,50.260911],[6.761658,50.261136],[6.761307,50.261129],[6.761276,50.261803],[6.760925,50.261796],[6.760915,50.262021],[6.760564,50.262014],[6.760522,50.262913],[6.760171,50.262906],[6.760161,50.263131],[6.760511,50.263138],[6.76049,50.263587],[6.76014,50.26358],[6.760119,50.264029],[6.757665,50.263982],[6.757655,50.264207],[6.757304,50.2642],[6.757294,50.264425],[6.756943,50.264418],[6.756933,50.264643],[6.756582,50.264636],[6.756572,50.264861],[6.755871,50.264847],[6.75586,50.265072],[6.754809,50.265051],[6.754798,50.265276],[6.754447,50.265269],[6.754437,50.265494],[6.753736,50.26548],[6.753725,50.265705],[6.753375,50.265698],[6.753364,50.265923],[6.753014,50.265916],[6.753003,50.266141],[6.752653,50.266134],[6.752642,50.266359],[6.752292,50.266352],[6.752281,50.266577],[6.75193,50.26657],[6.75192,50.266794],[6.751569,50.266788],[6.751495,50.26836],[6.751846,50.268367],[6.751814,50.269041],[6.749711,50.269],[6.749721,50.268776],[6.74902,50.268762],[6.749052,50.268088],[6.749403,50.268095],[6.749424,50.267646],[6.749073,50.267639],[6.749063,50.267863],[6.748712,50.267857],[6.748723,50.267632],[6.748022,50.267618],[6.748032,50.267394],[6.74663,50.267367],[6.746641,50.267142],[6.745239,50.267115],[6.745228,50.267339],[6.742424,50.267285],[6.742435,50.26706],[6.742084,50.267053],[6.742095,50.266829],[6.739992,50.266788],[6.739981,50.267013],[6.737528,50.266965],[6.737506,50.267414],[6.736805,50.2674],[6.736795,50.267625],[6.736444,50.267618],[6.736434,50.267843],[6.736083,50.267836],[6.736094,50.267611],[6.735393,50.267598],[6.735403,50.267373],[6.734001,50.267346],[6.734012,50.267121],[6.731559,50.267073],[6.731548,50.267298],[6.728744,50.267243],[6.728754,50.267018],[6.726651,50.266977],[6.726641,50.267202],[6.723136,50.267133],[6.723125,50.267358],[6.720671,50.26731],[6.720682,50.267085],[6.71928,50.267058],[6.719291,50.266833],[6.717538,50.266799],[6.717549,50.266574],[6.716147,50.266546],[6.716158,50.266322],[6.715457,50.266308],[6.715468,50.266083],[6.713715,50.266049],[6.713704,50.266274],[6.713003,50.26626],[6.712993,50.266484],[6.712292,50.266471],[6.712281,50.266695],[6.710528,50.266661],[6.710518,50.266885],[6.709817,50.266872],[6.709806,50.267096],[6.709455,50.267089],[6.709444,50.267314],[6.709094,50.267307],[6.709083,50.267532],[6.708733,50.267525],[6.708722,50.267749],[6.708021,50.267736],[6.70801,50.26796],[6.70766,50.267953],[6.707649,50.268178],[6.707298,50.268171],[6.707277,50.26862],[6.706926,50.268614],[6.706915,50.268838],[6.706565,50.268831],[6.706543,50.269281],[6.706193,50.269274],[6.706171,50.269723],[6.705821,50.269716],[6.70581,50.269941],[6.705459,50.269934],[6.705449,50.270158],[6.705098,50.270152],[6.705066,50.270826],[6.704715,50.270819],[6.704672,50.271717],[6.704321,50.27171],[6.704311,50.271935],[6.702908,50.271907],[6.702898,50.272132],[6.702196,50.272118],[6.702186,50.272343],[6.701835,50.272336],[6.701824,50.27256],[6.701474,50.272554],[6.701452,50.273003],[6.701102,50.272996],[6.701069,50.27367],[6.700719,50.273663],[6.700675,50.274562],[6.701026,50.274569],[6.701015,50.274793],[6.700314,50.274779],[6.700303,50.275004],[6.696096,50.274921],[6.696086,50.275145],[6.693982,50.275104],[6.69396,50.275553],[6.692558,50.275525],[6.692569,50.2753],[6.691517,50.275279],[6.691507,50.275504],[6.691156,50.275497],[6.691145,50.275722],[6.690795,50.275715],[6.690784,50.27594],[6.690433,50.275933],[6.690422,50.276157],[6.690072,50.27615],[6.690061,50.276375],[6.68971,50.276368],[6.689688,50.276817],[6.689338,50.27681],[6.689327,50.277035],[6.688976,50.277028],[6.688955,50.277477],[6.688604,50.27747],[6.688582,50.27792],[6.688232,50.277913],[6.688221,50.278137],[6.68787,50.27813],[6.687849,50.27858],[6.687498,50.278573],[6.687487,50.278797],[6.687136,50.27879],[6.687126,50.279015],[6.686775,50.279008],[6.686764,50.279233],[6.686414,50.279226],[6.686403,50.27945],[6.685701,50.279436],[6.685691,50.279661],[6.68534,50.279654],[6.685296,50.280553],[6.684946,50.280546],[6.684935,50.28077],[6.684234,50.280756],[6.684223,50.280981],[6.683872,50.280974],[6.68385,50.281423],[6.684201,50.28143],[6.684168,50.282104],[6.683818,50.282097],[6.683796,50.282547],[6.683445,50.28254],[6.683434,50.282764],[6.683084,50.282757],[6.683073,50.282982],[6.682722,50.282975],[6.682711,50.2832],[6.682361,50.283193],[6.68235,50.283417],[6.681999,50.28341],[6.681988,50.283635],[6.681287,50.283621],[6.681276,50.283846],[6.680925,50.283839],[6.680838,50.285636],[6.681189,50.285643],[6.681178,50.285868],[6.680827,50.285861],[6.680816,50.286085],[6.680466,50.286078],[6.680455,50.286303],[6.680104,50.286296],[6.679984,50.288767],[6.680334,50.288774],[6.680324,50.288999],[6.680674,50.289006],[6.680663,50.28923],[6.681014,50.289237],[6.680992,50.289687],[6.681343,50.289694],[6.681332,50.289918],[6.68063,50.289904],[6.68062,50.290129],[6.680269,50.290122],[6.680171,50.292144],[6.67982,50.292137],[6.679809,50.292362],[6.679458,50.292355],[6.679447,50.292579],[6.679798,50.292586],[6.679787,50.292811],[6.680138,50.292818],[6.680127,50.293042],[6.680828,50.293056],[6.680719,50.295303],[6.68107,50.29531],[6.681081,50.295085],[6.682483,50.295113],[6.682472,50.295338],[6.683174,50.295352],[6.683141,50.296026],[6.683492,50.296033],[6.683448,50.296932],[6.684851,50.29696],[6.68484,50.297184],[6.685191,50.297191],[6.68518,50.297416],[6.685881,50.29743],[6.68587,50.297654],[6.686572,50.297668],[6.686539,50.298342],[6.686188,50.298335],[6.686145,50.299234],[6.686496,50.299241],[6.686474,50.29969],[6.686824,50.299697],[6.686814,50.299922],[6.686112,50.299908],[6.686101,50.300133],[6.68575,50.300126],[6.68574,50.30035],[6.685389,50.300343],[6.685378,50.300568],[6.685027,50.300561],[6.685016,50.300786],[6.684666,50.300779],[6.684655,50.301003],[6.685707,50.301024],[6.685696,50.301249],[6.686047,50.301256],[6.686036,50.301481],[6.686387,50.301488],[6.686354,50.302162],[6.687055,50.302176],[6.687034,50.302625],[6.687384,50.302632],[6.687373,50.302857],[6.687724,50.302863],[6.68767,50.303987],[6.68802,50.303994],[6.68801,50.304218],[6.68836,50.304225],[6.688339,50.304675],[6.688689,50.304682],[6.688678,50.304906],[6.689029,50.304913],[6.688996,50.305587],[6.689347,50.305594],[6.689336,50.305819],[6.690038,50.305833],[6.690027,50.306058],[6.690729,50.306071],[6.690718,50.306296],[6.691419,50.30631],[6.691408,50.306535],[6.691759,50.306542],[6.691748,50.306766],[6.692099,50.306773],[6.692088,50.306998],[6.692439,50.307005],[6.692428,50.30723],[6.692779,50.307237],[6.692768,50.307461],[6.693119,50.307468],[6.693108,50.307693],[6.693459,50.3077],[6.693437,50.308149],[6.693788,50.308156],[6.693777,50.308381],[6.694128,50.308388],[6.694117,50.308612],[6.694468,50.308619],[6.694457,50.308844],[6.694808,50.308851],[6.694797,50.309076],[6.695148,50.309083],[6.695126,50.309532],[6.695477,50.309539],[6.695466,50.309763],[6.695817,50.30977],[6.695806,50.309995],[6.696157,50.310002],[6.696146,50.310227],[6.696497,50.310234],[6.696486,50.310458],[6.696836,50.310465],[6.696826,50.31069],[6.697176,50.310697],[6.697166,50.310922],[6.697516,50.310928],[6.697506,50.311153],[6.697856,50.31116],[6.697846,50.311385],[6.698196,50.311392],[6.698185,50.311616],[6.698536,50.311623],[6.698515,50.312073],[6.698865,50.31208],[6.698789,50.313652],[6.69914,50.313659],[6.699119,50.314108],[6.699469,50.314115],[6.699459,50.31434],[6.699809,50.314347],[6.699799,50.314572],[6.700149,50.314579],[6.700117,50.315253],[6.700468,50.315259],[6.700446,50.315709],[6.700797,50.315716],[6.700775,50.316165],[6.701126,50.316172],[6.701104,50.316621],[6.701455,50.316628],[6.701445,50.316853],[6.701795,50.31686],[6.701785,50.317085],[6.701434,50.317078],[6.701423,50.317302],[6.701072,50.317295],[6.701061,50.31752],[6.700009,50.317499],[6.699998,50.317724],[6.699296,50.31771],[6.699285,50.317935],[6.698934,50.317928],[6.698923,50.318152],[6.69752,50.318124],[6.697509,50.318349],[6.697158,50.318342],[6.697147,50.318567],[6.696796,50.31856],[6.696775,50.319009],[6.696424,50.319002],[6.696413,50.319227],[6.696062,50.31922],[6.69604,50.319669],[6.695689,50.319662],[6.695668,50.320112],[6.696019,50.320119],[6.695997,50.320568],[6.696348,50.320575],[6.696337,50.320799],[6.697039,50.320813],[6.697006,50.321487],[6.697357,50.321494],[6.697335,50.321944],[6.697686,50.321951],[6.697675,50.322175],[6.698026,50.322182],[6.698004,50.322632],[6.698706,50.322645],[6.698695,50.32287],[6.699046,50.322877],[6.699036,50.323102],[6.699386,50.323109],[6.699376,50.323333],[6.699726,50.32334],[6.699716,50.323565],[6.701119,50.323593],[6.701108,50.323817],[6.701459,50.323824],[6.701427,50.324498],[6.701778,50.324505],[6.701756,50.324954],[6.702107,50.324961],[6.702085,50.325411],[6.702436,50.325418],[6.702415,50.325867],[6.702766,50.325874],[6.702744,50.326323],[6.703095,50.32633],[6.703084,50.326555],[6.703435,50.326562],[6.703424,50.326786],[6.703775,50.326793],[6.703764,50.327018],[6.704115,50.327025],[6.704104,50.32725],[6.704455,50.327257],[6.704444,50.327481],[6.704795,50.327488],[6.704785,50.327713],[6.705135,50.32772],[6.705125,50.327944],[6.705476,50.327951],[6.705454,50.328401],[6.705805,50.328408],[6.705794,50.328632],[6.706145,50.328639],[6.706134,50.328864],[6.706836,50.328878],[6.706825,50.329102],[6.707176,50.329109],[6.707165,50.329334],[6.707516,50.329341],[6.707495,50.32979],[6.707144,50.329783],[6.707133,50.330008],[6.706782,50.330001],[6.706771,50.330226],[6.70642,50.330219],[6.706409,50.330443],[6.706058,50.330436],[6.706048,50.330661],[6.705697,50.330654],[6.705686,50.330879],[6.705335,50.330872],[6.705313,50.331321],[6.704962,50.331314],[6.70493,50.331988],[6.704579,50.331981],[6.704568,50.332206],[6.704217,50.332199],[6.704206,50.332424],[6.703855,50.332417],[6.703833,50.332866],[6.703483,50.332859],[6.703461,50.333308],[6.70311,50.333301],[6.703088,50.333751],[6.702035,50.33373],[6.702046,50.333505],[6.701695,50.333498],[6.701684,50.333723],[6.701333,50.333716],[6.701322,50.333941],[6.700971,50.333934],[6.700961,50.334158],[6.700259,50.334145],[6.700269,50.33392],[6.699567,50.333906],[6.699557,50.334131],[6.699206,50.334124],[6.699195,50.334348],[6.698844,50.334341],[6.698855,50.334117],[6.697451,50.334089],[6.69744,50.334314],[6.696738,50.3343],[6.696673,50.335648],[6.697024,50.335655],[6.697002,50.336104],[6.696651,50.336097],[6.69664,50.336322],[6.696289,50.336315],[6.696278,50.336539],[6.695927,50.336532],[6.695916,50.336757],[6.695565,50.33675],[6.695543,50.337199],[6.695192,50.337192],[6.695182,50.337417],[6.694831,50.33741],[6.69482,50.337635],[6.694469,50.337628],[6.694458,50.337852],[6.694107,50.337846],[6.694074,50.338519],[6.693723,50.338513],[6.693712,50.338737],[6.69301,50.338723],[6.692977,50.339397],[6.693329,50.339404],[6.693285,50.340303],[6.693636,50.34031],[6.693614,50.340759],[6.693965,50.340766],[6.693954,50.340991],[6.693603,50.340984],[6.693527,50.342556],[6.693878,50.342563],[6.693867,50.342788],[6.694218,50.342795],[6.694186,50.343469],[6.693835,50.343462],[6.693802,50.344136],[6.693451,50.344129],[6.69344,50.344354],[6.693089,50.344347],[6.693078,50.344571],[6.692727,50.344564],[6.692716,50.344789],[6.692365,50.344782],[6.692376,50.344557],[6.691674,50.344543],[6.691685,50.344319],[6.690983,50.344305],[6.690994,50.34408],[6.688185,50.344024],[6.688196,50.3438],[6.686792,50.343772],[6.686803,50.343547],[6.686452,50.34354],[6.686441,50.343765],[6.68609,50.343758],[6.686079,50.343982],[6.685728,50.343975],[6.685717,50.3442],[6.685015,50.344186],[6.685004,50.344411],[6.684653,50.344404],[6.684642,50.344628],[6.683588,50.344607],[6.683577,50.344832],[6.682875,50.344818],[6.682864,50.345043],[6.681811,50.345022],[6.6818,50.345246],[6.681449,50.345239],[6.681438,50.345464],[6.681087,50.345457],[6.681076,50.345682],[6.680725,50.345675],[6.680714,50.345899],[6.680363,50.345892],[6.680352,50.346117],[6.680001,50.34611],[6.67999,50.346335],[6.679639,50.346328],[6.679628,50.346552],[6.679277,50.346545],[6.679266,50.34677],[6.678915,50.346763],[6.678904,50.346988],[6.678553,50.346981],[6.678531,50.34743],[6.67818,50.347423],[6.678158,50.347872],[6.677456,50.347858],[6.677445,50.348083],[6.677094,50.348076],[6.677083,50.3483],[6.676732,50.348293],[6.676721,50.348518],[6.67637,50.348511],[6.676359,50.348736],[6.676008,50.348729],[6.675997,50.348953],[6.675646,50.348946],[6.675635,50.349171],[6.67423,50.349143],[6.674219,50.349367],[6.673517,50.349353],[6.673506,50.349578],[6.672804,50.349564],[6.672782,50.350013],[6.671729,50.349992],[6.671718,50.350217],[6.671015,50.350203],[6.671004,50.350427],[6.670653,50.35042],[6.670642,50.350645],[6.670291,50.350638],[6.670302,50.350413],[6.669951,50.350406],[6.66994,50.350631],[6.669238,50.350617],[6.669227,50.350842],[6.668876,50.350835],[6.668887,50.35061],[6.668536,50.350603],[6.668525,50.350828],[6.667822,50.350813],[6.667811,50.351038],[6.665003,50.350982],[6.664992,50.351206],[6.66464,50.351199],[6.664651,50.350975],[6.663598,50.350953],[6.663609,50.350729],[6.662205,50.350701],[6.662194,50.350925],[6.66114,50.350904],[6.661129,50.351129],[6.659725,50.3511],[6.659736,50.350876],[6.659385,50.350869],[6.659396,50.350644],[6.659045,50.350637],[6.659056,50.350412],[6.658705,50.350405],[6.658716,50.350181],[6.658365,50.350174],[6.658376,50.349949],[6.657674,50.349935],[6.657696,50.349485],[6.657345,50.349478],[6.657356,50.349254],[6.657005,50.349247],[6.657016,50.349022],[6.656664,50.349015],[6.656676,50.34879],[6.656324,50.348783],[6.656347,50.348334],[6.655995,50.348327],[6.656007,50.348102],[6.655304,50.348088],[6.655293,50.348313],[6.654942,50.348306],[6.654931,50.34853],[6.65458,50.348523],[6.654569,50.348748],[6.654218,50.348741],[6.654207,50.348965],[6.652802,50.348937],[6.652791,50.349162],[6.650685,50.349119],[6.650707,50.34867],[6.650356,50.348663],[6.650367,50.348438],[6.650016,50.348431],[6.650027,50.348206],[6.649325,50.348192],[6.649336,50.347967],[6.647932,50.347939],[6.647943,50.347714],[6.647592,50.347707],[6.647681,50.34591],[6.648032,50.345917],[6.648043,50.345693],[6.647692,50.345685],[6.647703,50.345461],[6.647352,50.345454],[6.647374,50.345004],[6.646672,50.34499],[6.646683,50.344766],[6.647034,50.344773],[6.647045,50.344548],[6.647396,50.344555],[6.647407,50.34433],[6.647758,50.344338],[6.647847,50.34254],[6.647496,50.342533],[6.647529,50.341859],[6.646476,50.341838],[6.646487,50.341613],[6.646136,50.341606],[6.646147,50.341382],[6.645796,50.341374],[6.645807,50.34115],[6.645456,50.341143],[6.645445,50.341367],[6.644743,50.341353],[6.644732,50.341578],[6.64403,50.341564],[6.644008,50.342013],[6.642604,50.341984],[6.642626,50.341535],[6.641924,50.341521],[6.641935,50.341296],[6.641584,50.341289],[6.641595,50.341064],[6.641244,50.341057],[6.641255,50.340833],[6.640904,50.340826],[6.640949,50.339927],[6.640247,50.339913],[6.640258,50.339688],[6.639907,50.339681],[6.639918,50.339456],[6.639567,50.339449],[6.639556,50.339674],[6.639205,50.339667],[6.639216,50.339442],[6.638514,50.339428],[6.638536,50.338978],[6.638185,50.338971],[6.638174,50.339196],[6.637823,50.339189],[6.637812,50.339413],[6.636057,50.339378],[6.636046,50.339602],[6.635344,50.339588],[6.635355,50.339364],[6.6336,50.339328],[6.633611,50.339103],[6.632909,50.339089],[6.63292,50.338864],[6.632218,50.33885],[6.63224,50.338401],[6.631538,50.338386],[6.631549,50.338162],[6.630847,50.338147],[6.630836,50.338372],[6.630485,50.338365],[6.630452,50.339039],[6.62975,50.339024],[6.629738,50.339249],[6.629387,50.339242],[6.629376,50.339467],[6.629025,50.339459],[6.629014,50.339684],[6.627961,50.339663],[6.62795,50.339887],[6.626546,50.339859],[6.626535,50.340083],[6.626184,50.340076],[6.626195,50.339851],[6.625844,50.339844],[6.625833,50.340069],[6.624779,50.340047],[6.624768,50.340272],[6.623715,50.340251],[6.623704,50.340475],[6.622651,50.340454],[6.62264,50.340678],[6.620885,50.340642],[6.620873,50.340867],[6.620171,50.340853],[6.62016,50.341077],[6.618756,50.341049],[6.618745,50.341273],[6.616639,50.34123],[6.616627,50.341455],[6.616276,50.341447],[6.616265,50.341672],[6.615914,50.341665],[6.61588,50.342339],[6.615529,50.342332],[6.615496,50.343006],[6.615145,50.342998],[6.615156,50.342774],[6.613401,50.342738],[6.613389,50.342962],[6.61374,50.34297],[6.613729,50.343194],[6.61408,50.343201],[6.614058,50.343651],[6.614409,50.343658],[6.614386,50.344107],[6.614737,50.344114],[6.614715,50.344564],[6.615066,50.344571],[6.615043,50.34502],[6.615394,50.345027],[6.615327,50.346375],[6.615678,50.346382],[6.615655,50.346832],[6.616006,50.346839],[6.615973,50.347513],[6.616324,50.34752],[6.616312,50.347745],[6.616663,50.347752],[6.616641,50.348201],[6.61629,50.348194],[6.616267,50.348643],[6.615916,50.348636],[6.615905,50.348861],[6.615203,50.348846],[6.615192,50.349071],[6.614841,50.349064],[6.614829,50.349288],[6.614478,50.349281],[6.614467,50.349506],[6.614116,50.349499],[6.614105,50.349723],[6.613754,50.349716],[6.613742,50.349941],[6.613391,50.349933],[6.61338,50.350158],[6.613029,50.350151],[6.613006,50.3506],[6.612655,50.350593],[6.612644,50.350818],[6.612293,50.35081],[6.612282,50.351035],[6.61193,50.351028],[6.611919,50.351252],[6.611568,50.351245],[6.611557,50.35147],[6.610855,50.351455],[6.610843,50.35168],[6.609439,50.351651],[6.609428,50.351876],[6.609077,50.351869],[6.609065,50.352093],[6.608714,50.352086],[6.608703,50.352311],[6.608352,50.352303],[6.60834,50.352528],[6.607989,50.352521],[6.607955,50.353195],[6.608307,50.353202],[6.608273,50.353876],[6.608624,50.353883],[6.608511,50.35613],[6.60816,50.356122],[6.608126,50.356796],[6.607775,50.356789],[6.607752,50.357238],[6.607401,50.357231],[6.60739,50.357456],[6.608092,50.35747],[6.608081,50.357695],[6.608432,50.357702],[6.608421,50.357927],[6.609123,50.357941],[6.6091,50.35839],[6.609803,50.358405],[6.609724,50.359977],[6.609372,50.35997],[6.60935,50.360419],[6.608999,50.360412],[6.608987,50.360637],[6.608636,50.36063],[6.608614,50.361079],[6.607911,50.361064],[6.6079,50.361289],[6.607198,50.361275],[6.607186,50.361499],[6.606835,50.361492],[6.606813,50.361941],[6.606461,50.361934],[6.60645,50.362159],[6.606099,50.362152],[6.606042,50.363275],[6.605691,50.363267],[6.60568,50.363492],[6.604978,50.363478],[6.604966,50.363702],[6.604264,50.363688],[6.604139,50.366159],[6.603788,50.366152],[6.603777,50.366376],[6.603426,50.366369],[6.603414,50.366594],[6.603766,50.366601],[6.603732,50.367275],[6.604083,50.367282],[6.60406,50.367731],[6.603709,50.367724],[6.603698,50.367949],[6.604049,50.367956],[6.604015,50.36863],[6.603664,50.368623],[6.603652,50.368847],[6.603301,50.36884],[6.60329,50.369065],[6.602939,50.369057],[6.602927,50.369282],[6.602576,50.369275],[6.602565,50.3695],[6.602213,50.369492],[6.602202,50.369717],[6.601851,50.36971],[6.60184,50.369934],[6.601488,50.369927],[6.601477,50.370152],[6.601126,50.370144],[6.601103,50.370594],[6.600752,50.370586],[6.600729,50.371036],[6.600378,50.371029],[6.600344,50.371702],[6.599993,50.371695],[6.599981,50.37192],[6.598576,50.371891],[6.598565,50.372115],[6.598214,50.372108],[6.598202,50.372333],[6.596797,50.372304],[6.596763,50.372978],[6.596412,50.37297],[6.596401,50.373195],[6.59605,50.373188],[6.596038,50.373412],[6.595687,50.373405],[6.595653,50.374079],[6.595302,50.374072],[6.595279,50.374521],[6.594928,50.374514],[6.594905,50.374963],[6.594554,50.374956],[6.594542,50.375181],[6.594191,50.375173],[6.59418,50.375398],[6.593477,50.375383],[6.593488,50.375159],[6.593137,50.375151],[6.593149,50.374927],[6.592446,50.374912],[6.592469,50.374463],[6.591766,50.374448],[6.591755,50.374673],[6.591404,50.374666],[6.591381,50.375115],[6.59103,50.375108],[6.590995,50.375782],[6.590644,50.375774],[6.590621,50.376224],[6.589919,50.376209],[6.589907,50.376434],[6.588854,50.376412],[6.588842,50.376637],[6.587788,50.376615],[6.587777,50.376839],[6.587426,50.376832],[6.58738,50.377731],[6.586678,50.377716],[6.586666,50.377941],[6.586315,50.377933],[6.586303,50.378158],[6.585952,50.378151],[6.585941,50.378375],[6.584536,50.378346],[6.584524,50.378571],[6.584173,50.378563],[6.584161,50.378788],[6.583459,50.378773],[6.583447,50.378998],[6.583096,50.378991],[6.583085,50.379215],[6.582382,50.379201]]]]}}
]
}
